Datetime,Close,High,Low,Open,Volume
2025-12-23 14:30:00,6880.31005859375,6884.35986328125,6868.81005859375,6872.41015625,0
2025-12-23 14:35:00,6883.169921875,6883.830078125,6877.7900390625,6880.27978515625,34206251
2025-12-23 14:40:00,6887.1201171875,6887.14013671875,6881.7099609375,6883.1298828125,31905058
2025-12-23 14:45:00,6888.25,6891.830078125,6886.85009765625,6887.10986328125,31036598
2025-12-23 14:50:00,6884.7001953125,6889.3701171875,6884.4599609375,6888.10986328125,25207708
2025-12-23 14:55:00,6882.5498046875,6884.83984375,6879.25,6884.75,26565389
2025-12-23 15:00:00,6874.47998046875,6883.2001953125,6873.22998046875,6882.2099609375,31139460
2025-12-23 15:05:00,6877.0498046875,6877.06005859375,6872.6201171875,6873.93994140625,27052269
2025-12-23 15:10:00,6876.18994140625,6879.43994140625,6872.7900390625,6877.06982421875,23012589
2025-12-23 15:15:00,6881.7998046875,6882.60986328125,6876.41015625,6876.41015625,22060427
2025-12-23 15:20:00,6883.9501953125,6884.830078125,6881.64013671875,6881.7900390625,26081849
2025-12-23 15:25:00,6881.2099609375,6884.52001953125,6879.27978515625,6884.009765625,24779695
2025-12-23 15:30:00,6885.3798828125,6885.9599609375,6881.18994140625,6881.18994140625,21033352
2025-12-23 15:35:00,6888.68017578125,6888.740234375,6885.31005859375,6885.3798828125,23032494
2025-12-23 15:40:00,6890.169921875,6890.81005859375,6888.39013671875,6888.58984375,21265195
2025-12-23 15:45:00,6890.5498046875,6890.6201171875,6888.31982421875,6890.169921875,22103013
2025-12-23 15:50:00,6890.64990234375,6891.2001953125,6889.72021484375,6890.580078125,16804546
2025-12-23 15:55:00,6892.27001953125,6893.64013671875,6889.14990234375,6890.6298828125,21499945
2025-12-23 16:00:00,6893.75,6895.27978515625,6891.6298828125,6892.2001953125,21243812
2025-12-23 16:05:00,6893.18994140625,6895.1201171875,6892.7001953125,6893.64013671875,21593498
2025-12-23 16:10:00,6893.77978515625,6894.0498046875,6892.2001953125,6893.080078125,19642390
2025-12-23 16:15:00,6895.8701171875,6896.1298828125,6893.58984375,6893.68994140625,17596746
2025-12-23 16:20:00,6895.2998046875,6896.18017578125,6893.7900390625,6895.85009765625,19163793
2025-12-23 16:25:00,6894.2998046875,6896.75,6894.06982421875,6895.3798828125,22076974
2025-12-23 16:30:00,6893.97021484375,6895.080078125,6893.2099609375,6894.31982421875,24055441
2025-12-23 16:35:00,6894.35986328125,6894.72998046875,6892.91015625,6893.990234375,17626495
2025-12-23 16:40:00,6896.22021484375,6897.2001953125,6894.06005859375,6894.39990234375,18106261
2025-12-23 16:45:00,6896.6298828125,6897.27978515625,6896.0,6896.31982421875,16380956
2025-12-23 16:50:00,6897.91015625,6898.77001953125,6896.52001953125,6896.580078125,18174540
2025-12-23 16:55:00,6898.3798828125,6899.2001953125,6897.08984375,6897.97998046875,16511635
2025-12-23 17:00:00,6897.77978515625,6898.93994140625,6896.22998046875,6898.3701171875,18084736
2025-12-23 17:05:00,6898.47998046875,6899.02978515625,6897.419921875,6897.81982421875,17512310
2025-12-23 17:10:00,6898.7099609375,6899.509765625,6897.93017578125,6898.58984375,20891541
2025-12-23 17:15:00,6899.31005859375,6899.7099609375,6898.02978515625,6898.6201171875,15770959
2025-12-23 17:20:00,6900.60009765625,6901.02978515625,6899.18017578125,6899.31005859375,14808439
2025-12-23 17:25:00,6899.93017578125,6900.97021484375,6899.56982421875,6900.52978515625,16051527
2025-12-23 17:30:00,6898.5400390625,6900.85986328125,6897.580078125,6899.91015625,15616525
2025-12-23 17:35:00,6900.0,6900.25,6898.18994140625,6898.52001953125,12482588
2025-12-23 17:40:00,6899.3701171875,6899.97021484375,6898.64013671875,6899.9501953125,12934862
2025-12-23 17:45:00,6898.43994140625,6900.10986328125,6898.0400390625,6899.35986328125,14076542
2025-12-23 17:50:00,6899.18994140625,6899.419921875,6896.56982421875,6898.39990234375,15040628
2025-12-23 17:55:00,6899.22998046875,6900.2998046875,6898.58984375,6899.1298828125,15100858
2025-12-23 18:00:00,6898.6298828125,6900.22998046875,6898.490234375,6899.2099609375,14324338
2025-12-23 18:05:00,6902.02978515625,6902.669921875,6898.56005859375,6898.68017578125,15713411
2025-12-23 18:10:00,6902.3798828125,6902.419921875,6901.14990234375,6902.10009765625,14830530
2025-12-23 18:15:00,6902.830078125,6902.91015625,6901.64990234375,6902.35009765625,14518822
2025-12-23 18:20:00,6904.990234375,6905.85009765625,6902.83984375,6902.8798828125,16481904
2025-12-23 18:25:00,6904.27001953125,6905.3798828125,6903.68017578125,6904.919921875,13929000
2025-12-23 18:30:00,6905.35009765625,6906.31982421875,6904.16015625,6904.2099609375,16657000
2025-12-23 18:35:00,6905.02001953125,6905.509765625,6904.31982421875,6905.330078125,13443000
2025-12-23 18:40:00,6905.72998046875,6905.7900390625,6904.580078125,6905.02978515625,14186000
2025-12-23 18:45:00,6904.97998046875,6906.22998046875,6904.81005859375,6905.7001953125,14486000
2025-12-23 18:50:00,6904.5400390625,6905.740234375,6904.27001953125,6905.0,15696000
2025-12-23 18:55:00,6903.8701171875,6905.0400390625,6903.83984375,6904.5400390625,16433000
2025-12-23 19:00:00,6905.85986328125,6905.9599609375,6903.77978515625,6903.919921875,17360000
2025-12-23 19:05:00,6906.02978515625,6906.75,6905.35009765625,6905.89990234375,14887000
2025-12-23 19:10:00,6905.83984375,6906.68994140625,6905.7998046875,6906.080078125,14965000
2025-12-23 19:15:00,6906.93017578125,6907.0498046875,6905.77978515625,6905.7900390625,15704000
2025-12-23 19:20:00,6906.5498046875,6907.919921875,6906.41015625,6906.919921875,15561000
2025-12-23 19:25:00,6907.60009765625,6908.2001953125,6906.2099609375,6906.5498046875,16758000
2025-12-23 19:30:00,6906.85009765625,6907.7998046875,6906.77001953125,6907.58984375,15322000
2025-12-23 19:35:00,6906.31982421875,6907.4501953125,6906.259765625,6906.85986328125,15288000
2025-12-23 19:40:00,6906.58984375,6906.68017578125,6905.72998046875,6906.41015625,16943000
2025-12-23 19:45:00,6907.2998046875,6907.43994140625,6906.64013671875,6906.64990234375,16270000
2025-12-23 19:50:00,6907.60009765625,6907.669921875,6906.419921875,6907.31005859375,16487000
2025-12-23 19:55:00,6906.81005859375,6907.85986328125,6906.75,6907.6201171875,16367000
2025-12-23 20:00:00,6908.22998046875,6908.72998046875,6906.7998046875,6906.8701171875,18222000
2025-12-23 20:05:00,6907.81982421875,6908.6298828125,6907.47021484375,6908.259765625,17675000
2025-12-23 20:10:00,6907.64990234375,6908.56005859375,6907.4599609375,6907.81982421875,18366000
2025-12-23 20:15:00,6908.18017578125,6908.3701171875,6907.22021484375,6907.669921875,19437000
2025-12-23 20:20:00,6906.85986328125,6908.43994140625,6906.68017578125,6908.2001953125,20417000
2025-12-23 20:25:00,6906.919921875,6907.759765625,6906.66015625,6906.669921875,21164000
2025-12-23 20:30:00,6908.10009765625,6908.10009765625,6906.39013671875,6906.919921875,25791000
2025-12-23 20:35:00,6908.02001953125,6908.60986328125,6907.39013671875,6908.0498046875,26550000
2025-12-23 20:40:00,6906.169921875,6908.3701171875,6906.1298828125,6908.009765625,28675000
2025-12-23 20:45:00,6907.669921875,6907.97021484375,6905.97998046875,6906.169921875,36931000
2025-12-23 20:50:00,6908.27001953125,6908.35986328125,6904.85986328125,6907.919921875,67234000
2025-12-23 20:55:00,6909.02001953125,6910.8798828125,6906.919921875,6908.25,155277000
2025-12-24 14:30:00,6912.080078125,6912.5,6904.91015625,6904.91015625,0
2025-12-24 14:35:00,6908.85986328125,6913.7900390625,6908.85986328125,6912.52001953125,29180665
2025-12-24 14:40:00,6911.89990234375,6915.22998046875,6908.83984375,6909.009765625,26391600
2025-12-24 14:45:00,6912.2001953125,6914.16015625,6910.72021484375,6911.740234375,23175091
2025-12-24 14:50:00,6915.330078125,6915.72021484375,6912.18994140625,6912.2900390625,20962139
2025-12-24 14:55:00,6914.64013671875,6916.2099609375,6913.22021484375,6915.4599609375,20028339
2025-12-24 15:00:00,6915.47021484375,6915.93017578125,6914.009765625,6914.68994140625,21675100
2025-12-24 15:05:00,6917.56982421875,6917.77001953125,6915.169921875,6915.419921875,19956538
2025-12-24 15:10:00,6919.25,6919.85986328125,6917.1298828125,6917.2998046875,17759844
2025-12-24 15:15:00,6920.18994140625,6921.419921875,6919.22998046875,6919.330078125,18764179
2025-12-24 15:20:00,6917.75,6920.85986328125,6916.77978515625,6920.0498046875,19456133
2025-12-24 15:25:00,6920.2099609375,6920.2998046875,6917.1298828125,6917.81005859375,20231735
2025-12-24 15:30:00,6919.41015625,6920.89990234375,6918.60986328125,6920.27001953125,20283933
2025-12-24 15:35:00,6920.5400390625,6921.14013671875,6919.33984375,6919.39013671875,17637549
2025-12-24 15:40:00,6921.0400390625,6921.169921875,6919.64013671875,6920.5498046875,17679819
2025-12-24 15:45:00,6921.47998046875,6921.7998046875,6920.669921875,6921.22021484375,16172978
2025-12-24 15:50:00,6922.06005859375,6922.919921875,6921.2900390625,6921.4501953125,16377579
2025-12-24 15:55:00,6923.5498046875,6923.89990234375,6921.77001953125,6922.06982421875,15660530
2025-12-24 16:00:00,6923.5400390625,6924.47021484375,6922.830078125,6923.5400390625,15045757
2025-12-24 16:05:00,6924.89990234375,6925.7001953125,6922.43017578125,6923.580078125,16008872
2025-12-24 16:10:00,6927.83984375,6927.919921875,6924.72998046875,6924.830078125,15731441
2025-12-24 16:15:00,6927.31982421875,6927.919921875,6925.580078125,6927.77001953125,15468842
2025-12-24 16:20:00,6928.8798828125,6928.97021484375,6927.39013671875,6927.39013671875,14669783
2025-12-24 16:25:00,6928.93994140625,6929.18994140625,6927.7900390625,6928.9599609375,14959776
2025-12-24 16:30:00,6930.64013671875,6930.64990234375,6928.4599609375,6928.97998046875,14860258
2025-12-24 16:35:00,6932.43994140625,6934.1298828125,6930.52001953125,6930.60986328125,16501743
2025-12-24 16:40:00,6933.47998046875,6933.56005859375,6932.259765625,6932.39013671875,16567329
2025-12-24 16:45:00,6932.93994140625,6934.08984375,6932.81982421875,6933.47998046875,14686676
2025-12-24 16:50:00,6932.64013671875,6933.22021484375,6931.3798828125,6932.85986328125,14029135
2025-12-24 16:55:00,6932.7900390625,6933.2900390625,6932.33984375,6932.72021484375,12727602
2025-12-24 17:00:00,6933.47998046875,6933.85009765625,6932.68994140625,6932.740234375,15301984
2025-12-24 17:05:00,6934.39013671875,6934.77978515625,6933.39990234375,6933.47998046875,13376851
2025-12-24 17:10:00,6935.1201171875,6935.7001953125,6934.22998046875,6934.35009765625,15652913
2025-12-24 17:15:00,6932.81982421875,6935.52001953125,6932.18017578125,6935.2001953125,18399307
2025-12-24 17:20:00,6932.27978515625,6934.31982421875,6931.9599609375,6932.8701171875,14286949
2025-12-24 17:25:00,6934.8798828125,6934.8798828125,6931.93017578125,6932.259765625,15755243
2025-12-24 17:30:00,6936.580078125,6937.31982421875,6934.52001953125,6934.75,20258154
2025-12-24 17:35:00,6934.830078125,6937.240234375,6934.72021484375,6936.580078125,19195827
2025-12-24 17:40:00,6932.52978515625,6935.5400390625,6932.27001953125,6934.81982421875,20363394
2025-12-24 17:45:00,6932.759765625,6934.669921875,6931.83984375,6932.509765625,23397346
2025-12-24 17:50:00,6932.31005859375,6934.02978515625,6931.02978515625,6932.7099609375,37015523
2025-12-24 17:55:00,6931.35009765625,6934.89990234375,6930.27978515625,6932.240234375,75206026
2025-12-26 14:30:00,6938.77001953125,6940.5400390625,6932.43017578125,6936.02001953125,0
2025-12-26 14:35:00,6942.22998046875,6942.7099609375,6937.35986328125,6938.52001953125,25914450
2025-12-26 14:40:00,6944.47998046875,6944.7998046875,6941.35986328125,6942.18017578125,22664063
2025-12-26 14:45:00,6941.330078125,6945.77001953125,6941.2998046875,6944.68017578125,22401865
2025-12-26 14:50:00,6937.52978515625,6941.52001953125,6934.02001953125,6941.3701171875,21521448
2025-12-26 14:55:00,6935.8798828125,6938.7099609375,6935.02978515625,6937.509765625,18427791
2025-12-26 15:00:00,6930.85986328125,6936.7099609375,6927.58984375,6935.8701171875,22761616
2025-12-26 15:05:00,6932.43994140625,6933.18017578125,6930.9501953125,6930.9501953125,19012927
2025-12-26 15:10:00,6927.56982421875,6932.4599609375,6926.7998046875,6932.39990234375,19103775
2025-12-26 15:15:00,6931.7998046875,6932.0,6925.39990234375,6927.47021484375,19606092
2025-12-26 15:20:00,6935.080078125,6935.58984375,6931.77001953125,6931.77001953125,19428469
2025-12-26 15:25:00,6935.7998046875,6936.0,6931.89013671875,6934.990234375,18183015
2025-12-26 15:30:00,6937.72998046875,6938.2900390625,6934.10009765625,6935.85986328125,17679832
2025-12-26 15:35:00,6935.8798828125,6938.490234375,6935.66015625,6937.64990234375,16085272
2025-12-26 15:40:00,6933.91015625,6936.1298828125,6933.91015625,6935.830078125,16323250
2025-12-26 15:45:00,6935.83984375,6936.10009765625,6933.41015625,6933.9501953125,20126604
2025-12-26 15:50:00,6934.89013671875,6936.169921875,6932.93017578125,6935.89013671875,14105893
2025-12-26 15:55:00,6936.759765625,6937.080078125,6933.919921875,6934.9501953125,15576599
2025-12-26 16:00:00,6937.39990234375,6938.0400390625,6936.43017578125,6936.7001953125,15200125
2025-12-26 16:05:00,6934.1201171875,6938.02978515625,6933.83984375,6937.47998046875,15688353
2025-12-26 16:10:00,6928.02001953125,6934.490234375,6928.02001953125,6934.10009765625,14972812
2025-12-26 16:15:00,6928.47021484375,6929.60986328125,6926.7900390625,6928.14013671875,14033568
2025-12-26 16:20:00,6931.2998046875,6932.330078125,6928.14013671875,6928.47021484375,12120489
2025-12-26 16:25:00,6931.31982421875,6931.64990234375,6929.52001953125,6931.22998046875,11283419
2025-12-26 16:30:00,6930.18994140625,6931.72998046875,6930.08984375,6931.2998046875,11756705
2025-12-26 16:35:00,6931.22998046875,6931.64013671875,6930.06005859375,6930.1298828125,10602679
2025-12-26 16:40:00,6931.22021484375,6931.77001953125,6930.22021484375,6931.06982421875,10159772
2025-12-26 16:45:00,6927.759765625,6931.60009765625,6927.669921875,6931.22998046875,10426535
2025-12-26 16:50:00,6929.330078125,6929.43994140625,6926.9599609375,6927.75,10958227
2025-12-26 16:55:00,6928.56005859375,6930.0,6928.47021484375,6929.39013671875,15363618
2025-12-26 17:00:00,6926.93994140625,6928.64013671875,6925.68994140625,6928.4599609375,9624998
2025-12-26 17:05:00,6925.08984375,6927.009765625,6924.9501953125,6926.89990234375,8977543
2025-12-26 17:10:00,6923.52978515625,6925.14013671875,6923.02978515625,6925.14013671875,13580705
2025-12-26 17:15:00,6923.9599609375,6924.56982421875,6922.990234375,6923.5498046875,10882663
2025-12-26 17:20:00,6924.22021484375,6924.2998046875,6922.64013671875,6923.990234375,9036385
2025-12-26 17:25:00,6929.6201171875,6929.64990234375,6924.27001953125,6924.27001953125,11314773
2025-12-26 17:30:00,6926.7900390625,6930.22998046875,6926.759765625,6929.6201171875,12012252
2025-12-26 17:35:00,6925.240234375,6926.68994140625,6923.9599609375,6926.669921875,9651706
2025-12-26 17:40:00,6924.81005859375,6925.93017578125,6924.27978515625,6925.240234375,9898801
2025-12-26 17:45:00,6926.72998046875,6927.2998046875,6924.77001953125,6924.7998046875,8912148
2025-12-26 17:50:00,6925.830078125,6926.77978515625,6923.93994140625,6926.77978515625,9936340
2025-12-26 17:55:00,6926.25,6927.02001953125,6925.85986328125,6925.85986328125,9538899
2025-12-26 18:00:00,6927.919921875,6927.97998046875,6926.2001953125,6926.27001953125,9689791
2025-12-26 18:05:00,6927.1298828125,6929.0498046875,6927.080078125,6927.83984375,9134657
2025-12-26 18:10:00,6927.47998046875,6927.990234375,6926.7900390625,6927.1201171875,9953114
2025-12-26 18:15:00,6925.81982421875,6927.509765625,6925.259765625,6927.509765625,9678404
2025-12-26 18:20:00,6923.35009765625,6926.02978515625,6921.60009765625,6925.89013671875,10241533
2025-12-26 18:25:00,6925.52001953125,6925.580078125,6922.68017578125,6923.3701171875,9993947
2025-12-26 18:30:00,6927.02978515625,6927.5400390625,6925.27001953125,6925.4599609375,10389401
2025-12-26 18:35:00,6928.5498046875,6928.83984375,6927.009765625,6927.02978515625,9952566
2025-12-26 18:40:00,6927.72998046875,6929.7900390625,6927.72021484375,6928.64013671875,9850073
2025-12-26 18:45:00,6930.2099609375,6930.2998046875,6926.81982421875,6927.66015625,10476675
2025-12-26 18:50:00,6931.16015625,6931.22998046875,6929.66015625,6930.27978515625,8898293
2025-12-26 18:55:00,6931.06005859375,6931.35009765625,6930.68017578125,6931.14013671875,11331973
2025-12-26 19:00:00,6932.02978515625,6932.02978515625,6929.47021484375,6930.919921875,12020423
2025-12-26 19:05:00,6932.509765625,6932.66015625,6931.52001953125,6932.14013671875,10487784
2025-12-26 19:10:00,6930.77001953125,6932.91015625,6930.6298828125,6932.52978515625,9985743
2025-12-26 19:15:00,6929.7998046875,6931.240234375,6929.7900390625,6930.72021484375,10204554
2025-12-26 19:20:00,6929.0498046875,6930.31005859375,6929.0400390625,6929.77978515625,8607009
2025-12-26 19:25:00,6928.68994140625,6929.33984375,6928.2001953125,6929.10009765625,10134120
2025-12-26 19:30:00,6930.3798828125,6930.56005859375,6928.75,6928.75,12519693
2025-12-26 19:35:00,6930.14990234375,6931.2001953125,6929.91015625,6930.35009765625,9839420
2025-12-26 19:40:00,6930.08984375,6930.6201171875,6929.7001953125,6930.1298828125,10719407
2025-12-26 19:45:00,6929.830078125,6930.52001953125,6929.0,6930.080078125,12015688
2025-12-26 19:50:00,6929.7900390625,6930.5400390625,6929.64013671875,6929.81982421875,10779982
2025-12-26 19:55:00,6929.77001953125,6930.58984375,6929.60986328125,6929.759765625,11217062
2025-12-26 20:00:00,6929.72998046875,6931.5,6929.169921875,6929.81005859375,13450725
2025-12-26 20:05:00,6929.72998046875,6930.16015625,6928.5400390625,6929.72998046875,13836108
2025-12-26 20:10:00,6929.89990234375,6930.080078125,6929.08984375,6929.740234375,12498083
2025-12-26 20:15:00,6929.259765625,6930.14013671875,6928.9599609375,6929.919921875,13132559
2025-12-26 20:20:00,6930.14013671875,6930.14013671875,6928.7001953125,6929.2900390625,13601427
2025-12-26 20:25:00,6930.08984375,6930.7099609375,6929.68017578125,6930.08984375,13621497
2025-12-26 20:30:00,6930.509765625,6930.7900390625,6929.7900390625,6930.080078125,18862395
2025-12-26 20:35:00,6931.669921875,6932.14013671875,6930.330078125,6930.52001953125,18305000
2025-12-26 20:40:00,6932.5,6932.85009765625,6931.259765625,6931.6298828125,20378000
2025-12-26 20:45:00,6931.009765625,6932.669921875,6931.009765625,6932.490234375,24811000
2025-12-26 20:50:00,6928.4599609375,6931.10009765625,6927.97021484375,6930.9501953125,44262000
2025-12-26 20:55:00,6930.52001953125,6932.18994140625,6928.0498046875,6928.39013671875,109708000
2025-12-29 14:30:00,6907.9599609375,6908.1201171875,6897.52978515625,6899.81005859375,0
2025-12-29 14:35:00,6916.240234375,6920.2099609375,6907.22021484375,6907.830078125,35606270
2025-12-29 14:40:00,6912.35009765625,6916.27978515625,6911.25,6916.27978515625,29872144
2025-12-29 14:45:00,6906.08984375,6912.6201171875,6903.6201171875,6912.6201171875,32494158
2025-12-29 14:50:00,6906.18017578125,6909.60986328125,6902.60986328125,6906.06005859375,27191285
2025-12-29 14:55:00,6903.77978515625,6907.5400390625,6901.240234375,6906.2099609375,22958351
2025-12-29 15:00:00,6901.58984375,6906.5400390625,6900.990234375,6903.6298828125,23153755
2025-12-29 15:05:00,6899.06982421875,6903.41015625,6898.52978515625,6901.66015625,25190286
2025-12-29 15:10:00,6898.740234375,6899.93017578125,6896.18017578125,6898.759765625,21274098
2025-12-29 15:15:00,6902.89013671875,6905.1298828125,6898.47021484375,6898.64013671875,19979936
2025-12-29 15:20:00,6906.419921875,6906.58984375,6902.1201171875,6902.8798828125,18950083
2025-12-29 15:25:00,6907.6201171875,6908.18017578125,6905.81982421875,6906.35986328125,19788373
2025-12-29 15:30:00,6908.97998046875,6908.990234375,6905.41015625,6907.47998046875,20358060
2025-12-29 15:35:00,6907.75,6911.66015625,6905.7900390625,6908.97998046875,19812579
2025-12-29 15:40:00,6909.66015625,6910.52978515625,6906.490234375,6907.740234375,16617306
2025-12-29 15:45:00,6902.830078125,6909.85009765625,6902.7099609375,6909.64013671875,17948393
2025-12-29 15:50:00,6900.68994140625,6902.830078125,6896.7099609375,6902.830078125,19592833
2025-12-29 15:55:00,6901.52001953125,6904.75,6899.85009765625,6900.68017578125,17384488
2025-12-29 16:00:00,6899.240234375,6902.64013671875,6899.2099609375,6901.4501953125,18268749
2025-12-29 16:05:00,6898.91015625,6902.0,6897.97021484375,6899.33984375,16472556
2025-12-29 16:10:00,6902.85009765625,6903.89990234375,6898.740234375,6898.919921875,16921902
2025-12-29 16:15:00,6899.7099609375,6902.77978515625,6897.8798828125,6902.77978515625,15644768
2025-12-29 16:20:00,6900.18017578125,6900.7900390625,6897.85986328125,6899.72021484375,15889850
2025-12-29 16:25:00,6899.47998046875,6900.31982421875,6897.3798828125,6900.2001953125,14382810
2025-12-29 16:30:00,6897.72998046875,6902.5400390625,6897.669921875,6899.47998046875,16684258
2025-12-29 16:35:00,6896.60986328125,6899.68994140625,6896.43017578125,6897.77978515625,13283752
2025-12-29 16:40:00,6896.3701171875,6896.83984375,6894.830078125,6896.64013671875,13773193
2025-12-29 16:45:00,6898.33984375,6898.85009765625,6896.27978515625,6896.35009765625,15345417
2025-12-29 16:50:00,6899.64990234375,6900.2001953125,6897.47998046875,6898.3701171875,13824002
2025-12-29 16:55:00,6898.58984375,6901.509765625,6898.33984375,6899.64990234375,16845377
2025-12-29 17:00:00,6897.759765625,6899.85986328125,6897.009765625,6898.5400390625,11963383
2025-12-29 17:05:00,6895.7998046875,6898.27978515625,6895.509765625,6897.85986328125,14237043
2025-12-29 17:10:00,6896.06982421875,6896.39013671875,6893.9599609375,6895.7900390625,11611207
2025-12-29 17:15:00,6895.0498046875,6896.8701171875,6894.47021484375,6895.990234375,13958481
2025-12-29 17:20:00,6893.080078125,6895.27978515625,6892.68994140625,6895.06005859375,11071356
2025-12-29 17:25:00,6890.2998046875,6893.18994140625,6888.759765625,6893.08984375,12285133
2025-12-29 17:30:00,6891.56982421875,6892.72998046875,6889.7099609375,6890.27978515625,14604478
2025-12-29 17:35:00,6890.56005859375,6892.68017578125,6890.52001953125,6891.60986328125,11685487
2025-12-29 17:40:00,6892.6298828125,6892.9599609375,6890.31005859375,6890.64990234375,11975909
2025-12-29 17:45:00,6894.02001953125,6894.33984375,6892.490234375,6892.580078125,14160356
2025-12-29 17:50:00,6896.9599609375,6897.2998046875,6893.9599609375,6893.9599609375,13497565
2025-12-29 17:55:00,6897.81005859375,6898.43017578125,6896.85986328125,6896.97021484375,11980382
2025-12-29 18:00:00,6897.33984375,6897.77978515625,6895.77001953125,6897.77978515625,13212100
2025-12-29 18:05:00,6897.830078125,6898.7998046875,6896.7001953125,6897.31005859375,11959935
2025-12-29 18:10:00,6896.68994140625,6897.8701171875,6895.68994140625,6897.85986328125,10950028
2025-12-29 18:15:00,6899.56005859375,6899.740234375,6896.68017578125,6896.68017578125,12423692
2025-12-29 18:20:00,6902.39990234375,6902.77001953125,6899.33984375,6899.580078125,15664116
2025-12-29 18:25:00,6900.97998046875,6902.5498046875,6900.1298828125,6902.4599609375,11968630
2025-12-29 18:30:00,6903.2900390625,6903.31005859375,6900.75,6900.97998046875,12060083
2025-12-29 18:35:00,6904.64013671875,6906.39013671875,6903.35009765625,6903.35009765625,13446481
2025-12-29 18:40:00,6902.240234375,6904.740234375,6901.8701171875,6904.64990234375,12438196
2025-12-29 18:45:00,6901.0498046875,6902.56982421875,6900.919921875,6902.2900390625,10718283
2025-12-29 18:50:00,6900.64990234375,6901.5400390625,6899.93017578125,6901.009765625,11615455
2025-12-29 18:55:00,6899.77978515625,6900.740234375,6899.4501953125,6900.66015625,11580855
2025-12-29 19:00:00,6898.16015625,6900.35009765625,6897.64990234375,6899.759765625,13568219
2025-12-29 19:05:00,6897.259765625,6898.9599609375,6896.72021484375,6898.2099609375,12464093
2025-12-29 19:10:00,6897.740234375,6898.27978515625,6896.81005859375,6897.259765625,12414000
2025-12-29 19:15:00,6897.990234375,6898.68017578125,6897.259765625,6897.77978515625,12611000
2025-12-29 19:20:00,6901.06005859375,6901.4501953125,6898.0,6898.0,13380000
2025-12-29 19:25:00,6902.14013671875,6902.43994140625,6900.4599609375,6901.10986328125,10697000
2025-12-29 19:30:00,6905.39013671875,6905.83984375,6902.10009765625,6902.10009765625,13418000
2025-12-29 19:35:00,6905.740234375,6906.41015625,6904.89990234375,6905.43994140625,12351000
2025-12-29 19:40:00,6906.85986328125,6908.22998046875,6905.75,6905.75,13817000
2025-12-29 19:45:00,6909.14013671875,6910.330078125,6906.7001953125,6906.85986328125,13488000
2025-12-29 19:50:00,6910.25,6910.93994140625,6909.0498046875,6909.1298828125,14111000
2025-12-29 19:55:00,6910.77978515625,6912.22021484375,6910.240234375,6910.240234375,15580000
2025-12-29 20:00:00,6910.18017578125,6910.83984375,6908.919921875,6910.77978515625,15833000
2025-12-29 20:05:00,6910.580078125,6911.169921875,6909.72998046875,6910.1201171875,15059000
2025-12-29 20:10:00,6912.5,6912.5,6910.58984375,6910.58984375,14717000
2025-12-29 20:15:00,6912.18994140625,6913.7099609375,6911.990234375,6912.47998046875,15629000
2025-12-29 20:20:00,6912.240234375,6912.97998046875,6911.259765625,6912.16015625,17090000
2025-12-29 20:25:00,6909.669921875,6912.419921875,6909.58984375,6912.18994140625,18485000
2025-12-29 20:30:00,6909.89990234375,6911.68017578125,6909.2998046875,6909.740234375,21102000
2025-12-29 20:35:00,6908.93017578125,6911.259765625,6908.89013671875,6909.9599609375,21836000
2025-12-29 20:40:00,6907.3701171875,6909.60009765625,6906.25,6908.919921875,25036000
2025-12-29 20:45:00,6907.5498046875,6908.5400390625,6906.93017578125,6907.39990234375,33690000
2025-12-29 20:50:00,6904.25,6909.35009765625,6904.25,6907.5,54392000
2025-12-29 20:55:00,6906.9599609375,6907.25,6902.4501953125,6904.10986328125,126283000
2025-12-30 14:30:00,6900.7099609375,6905.89990234375,6899.85986328125,6900.43994140625,0
2025-12-30 14:35:00,6900.39990234375,6902.7998046875,6899.1201171875,6900.81982421875,28349125
2025-12-30 14:40:00,6898.9501953125,6901.18017578125,6898.490234375,6900.72021484375,23238084
2025-12-30 14:45:00,6908.0,6908.509765625,6896.64013671875,6898.89013671875,26851907
2025-12-30 14:50:00,6908.080078125,6909.7001953125,6906.02978515625,6908.080078125,22726496
2025-12-30 14:55:00,6909.47998046875,6913.25,6908.27978515625,6908.43994140625,21476449
2025-12-30 15:00:00,6906.35986328125,6909.919921875,6905.5498046875,6909.4501953125,22378428
2025-12-30 15:05:00,6903.47021484375,6906.47021484375,6903.080078125,6906.16015625,20222780
2025-12-30 15:10:00,6897.64990234375,6903.7998046875,6896.66015625,6903.47021484375,19420667
2025-12-30 15:15:00,6897.169921875,6900.27001953125,6895.60986328125,6897.740234375,19281029
2025-12-30 15:20:00,6898.1298828125,6901.64990234375,6896.02978515625,6897.10986328125,17779667
2025-12-30 15:25:00,6896.830078125,6898.39013671875,6895.93017578125,6898.06982421875,15107664
2025-12-30 15:30:00,6895.830078125,6897.419921875,6895.39990234375,6896.97021484375,16359866
2025-12-30 15:35:00,6897.16015625,6897.39990234375,6894.89990234375,6895.830078125,19799485
2025-12-30 15:40:00,6895.2998046875,6897.5400390625,6893.47021484375,6897.1201171875,16904143
2025-12-30 15:45:00,6898.22998046875,6898.22998046875,6894.75,6895.3701171875,15491721
2025-12-30 15:50:00,6902.08984375,6903.2001953125,6897.85009765625,6898.169921875,17592992
2025-12-30 15:55:00,6903.8798828125,6905.02978515625,6902.009765625,6902.009765625,15654002
2025-12-30 16:00:00,6907.10009765625,6907.6298828125,6903.14013671875,6903.85009765625,16777530
2025-12-30 16:05:00,6905.2099609375,6907.93017578125,6904.93994140625,6907.06982421875,17477816
2025-12-30 16:10:00,6905.43994140625,6906.740234375,6904.85009765625,6905.22021484375,16514933
2025-12-30 16:15:00,6907.43017578125,6907.8701171875,6905.509765625,6905.58984375,16824462
2025-12-30 16:20:00,6910.93017578125,6913.06005859375,6907.41015625,6907.41015625,17494076
2025-12-30 16:25:00,6910.10986328125,6910.8798828125,6909.0400390625,6910.83984375,15254276
2025-12-30 16:30:00,6907.75,6910.419921875,6907.35986328125,6910.080078125,14554406
2025-12-30 16:35:00,6903.85009765625,6908.33984375,6903.16015625,6907.77978515625,16158870
2025-12-30 16:40:00,6903.919921875,6903.919921875,6902.18994140625,6903.8798828125,13851955
2025-12-30 16:45:00,6903.169921875,6904.22021484375,6903.10009765625,6903.97021484375,11786819
2025-12-30 16:50:00,6901.490234375,6903.43017578125,6901.259765625,6903.14990234375,12017666
2025-12-30 16:55:00,6900.31982421875,6901.93017578125,6900.06005859375,6901.6298828125,12058000
2025-12-30 17:00:00,6898.64990234375,6900.5,6898.39990234375,6900.14990234375,12569814
2025-12-30 17:05:00,6899.85009765625,6900.35009765625,6898.64990234375,6898.64990234375,11182165
2025-12-30 17:10:00,6898.60986328125,6900.47021484375,6898.31005859375,6899.89013671875,10891914
2025-12-30 17:15:00,6900.02978515625,6900.33984375,6897.02978515625,6898.580078125,12686328
2025-12-30 17:20:00,6901.009765625,6901.43017578125,6899.60986328125,6900.080078125,11679358
2025-12-30 17:25:00,6901.33984375,6901.68994140625,6900.68994140625,6900.97021484375,11073481
2025-12-30 17:30:00,6903.89990234375,6904.259765625,6901.25,6901.43017578125,10952206
2025-12-30 17:35:00,6903.830078125,6904.43994140625,6903.4599609375,6903.93994140625,11002109
2025-12-30 17:40:00,6902.0498046875,6904.7099609375,6901.89990234375,6903.83984375,11062943
2025-12-30 17:45:00,6902.06005859375,6902.14013671875,6899.830078125,6902.0400390625,10889681
2025-12-30 17:50:00,6904.18017578125,6904.31982421875,6901.7001953125,6902.02001953125,10505939
2025-12-30 17:55:00,6903.89013671875,6904.52978515625,6903.56005859375,6904.1298828125,10373570
2025-12-30 18:00:00,6902.669921875,6903.990234375,6900.009765625,6903.93017578125,12012773
2025-12-30 18:05:00,6904.81982421875,6905.02978515625,6902.66015625,6902.66015625,10777291
2025-12-30 18:10:00,6904.68017578125,6905.41015625,6904.1298828125,6904.7998046875,10675980
2025-12-30 18:15:00,6904.77001953125,6905.14990234375,6904.22021484375,6904.66015625,9784531
2025-12-30 18:20:00,6903.990234375,6904.85009765625,6903.259765625,6904.77001953125,9423450
2025-12-30 18:25:00,6905.33984375,6905.47998046875,6903.77978515625,6904.0,10844957
2025-12-30 18:30:00,6906.27978515625,6906.77978515625,6905.22998046875,6905.35009765625,10745787
2025-12-30 18:35:00,6903.759765625,6906.31982421875,6903.60986328125,6906.31982421875,10428431
2025-12-30 18:40:00,6904.2001953125,6904.47998046875,6902.72021484375,6903.759765625,11661816
2025-12-30 18:45:00,6906.14013671875,6906.3798828125,6903.85986328125,6904.18017578125,11050014
2025-12-30 18:50:00,6905.240234375,6906.3701171875,6905.0498046875,6906.14990234375,11205383
2025-12-30 18:55:00,6905.4599609375,6905.89013671875,6904.7001953125,6905.2998046875,11039149
2025-12-30 19:00:00,6903.6298828125,6906.16015625,6903.47998046875,6905.47021484375,12357798
2025-12-30 19:05:00,6904.02001953125,6904.9501953125,6902.22998046875,6903.58984375,12205024
2025-12-30 19:10:00,6906.58984375,6906.58984375,6902.97998046875,6903.97021484375,12352974
2025-12-30 19:15:00,6906.31982421875,6906.60986328125,6904.43017578125,6906.60986328125,13409855
2025-12-30 19:20:00,6905.43017578125,6906.27001953125,6905.009765625,6906.259765625,12040509
2025-12-30 19:25:00,6905.64990234375,6906.06005859375,6904.89990234375,6905.4501953125,11129920
2025-12-30 19:30:00,6905.64990234375,6906.8798828125,6904.740234375,6905.64013671875,12500703
2025-12-30 19:35:00,6905.43017578125,6905.66015625,6904.25,6905.58984375,12659750
2025-12-30 19:40:00,6905.41015625,6906.4501953125,6905.10009765625,6905.39990234375,12575947
2025-12-30 19:45:00,6904.27978515625,6906.0,6904.1201171875,6905.43017578125,12423639
2025-12-30 19:50:00,6903.14013671875,6904.52001953125,6902.02978515625,6904.27978515625,14226364
2025-12-30 19:55:00,6903.2099609375,6903.68017578125,6901.85009765625,6903.16015625,13770429
2025-12-30 20:00:00,6903.990234375,6903.990234375,6903.0400390625,6903.240234375,13996000
2025-12-30 20:05:00,6901.7998046875,6904.06982421875,6901.27978515625,6904.0400390625,15718000
2025-12-30 20:10:00,6900.52978515625,6902.18994140625,6898.77978515625,6901.77978515625,17576000
2025-12-30 20:15:00,6902.85009765625,6903.2001953125,6900.2900390625,6900.47998046875,15624000
2025-12-30 20:20:00,6904.5400390625,6904.5498046875,6902.6298828125,6902.83984375,15509000
2025-12-30 20:25:00,6902.85986328125,6905.08984375,6902.85986328125,6904.5400390625,16479000
2025-12-30 20:30:00,6904.6201171875,6904.7001953125,6902.64013671875,6902.759765625,21203000
2025-12-30 20:35:00,6904.89013671875,6904.91015625,6903.7099609375,6904.56005859375,20721000
2025-12-30 20:40:00,6904.39013671875,6905.8701171875,6903.7998046875,6904.9501953125,22591000
2025-12-30 20:45:00,6902.35986328125,6904.5,6901.89013671875,6904.41015625,31081000
2025-12-30 20:50:00,6899.97021484375,6903.52978515625,6899.97021484375,6902.33984375,55011000
2025-12-30 20:55:00,6896.4501953125,6901.0400390625,6895.18017578125,6900.009765625,126406000
2025-12-31 14:30:00,6895.14013671875,6901.419921875,6892.97998046875,6898.81982421875,0
2025-12-31 14:35:00,6887.7001953125,6896.7001953125,6886.2099609375,6895.18017578125,25332333
2025-12-31 14:40:00,6885.68994140625,6887.85986328125,6884.25,6887.7099609375,21133104
2025-12-31 14:45:00,6882.6298828125,6886.4599609375,6879.8798828125,6885.740234375,21182125
2025-12-31 14:50:00,6890.419921875,6890.419921875,6882.91015625,6883.08984375,19955689
2025-12-31 14:55:00,6886.509765625,6891.22998046875,6885.43994140625,6890.16015625,16497451
2025-12-31 15:00:00,6884.330078125,6887.1298828125,6882.97998046875,6886.490234375,18999021
2025-12-31 15:05:00,6883.2001953125,6884.66015625,6882.58984375,6884.35009765625,18507396
2025-12-31 15:10:00,6881.18017578125,6884.5400390625,6879.6298828125,6883.56982421875,17401307
2025-12-31 15:15:00,6878.10009765625,6882.27001953125,6876.240234375,6881.2998046875,15995601
2025-12-31 15:20:00,6879.64990234375,6881.39990234375,6877.7998046875,6878.22998046875,15572432
2025-12-31 15:25:00,6882.18017578125,6883.2001953125,6879.5400390625,6879.6298828125,14768731
2025-12-31 15:30:00,6881.0498046875,6883.2001953125,6879.16015625,6882.2001953125,15936724
2025-12-31 15:35:00,6878.43017578125,6881.919921875,6878.169921875,6881.08984375,15496376
2025-12-31 15:40:00,6878.240234375,6878.52001953125,6876.68017578125,6878.14013671875,12682797
2025-12-31 15:45:00,6875.64990234375,6878.27001953125,6875.169921875,6878.27001953125,13724387
2025-12-31 15:50:00,6872.68994140625,6875.66015625,6872.6201171875,6875.66015625,12418304
2025-12-31 15:55:00,6870.14990234375,6872.97998046875,6868.97998046875,6872.7099609375,15392988
2025-12-31 16:00:00,6872.5400390625,6873.3798828125,6870.27978515625,6870.31982421875,14611966
2025-12-31 16:05:00,6871.4599609375,6872.77001953125,6870.830078125,6872.5498046875,13069869
2025-12-31 16:10:00,6872.35986328125,6873.18994140625,6870.39990234375,6871.4599609375,13284862
2025-12-31 16:15:00,6875.5,6875.5,6872.2900390625,6872.2900390625,13974888
2025-12-31 16:20:00,6875.52001953125,6876.27978515625,6874.259765625,6875.5498046875,13325166
2025-12-31 16:25:00,6878.509765625,6878.52978515625,6875.4501953125,6875.5498046875,12690704
2025-12-31 16:30:00,6875.3701171875,6878.60986328125,6874.89013671875,6878.52978515625,13272394
2025-12-31 16:35:00,6878.25,6878.35009765625,6874.7900390625,6875.3701171875,12757732
2025-12-31 16:40:00,6876.18017578125,6878.14990234375,6874.9599609375,6878.14013671875,10597700
2025-12-31 16:45:00,6876.1298828125,6876.64990234375,6875.1298828125,6876.14990234375,10579889
2025-12-31 16:50:00,6878.7998046875,6879.56982421875,6876.009765625,6876.169921875,11901808
2025-12-31 16:55:00,6880.64990234375,6881.10009765625,6878.830078125,6878.89013671875,11705836
2025-12-31 17:00:00,6879.97998046875,6881.1201171875,6879.8798828125,6880.6298828125,11670964
2025-12-31 17:05:00,6874.10009765625,6880.22998046875,6873.97021484375,6879.9501953125,11116043
2025-12-31 17:10:00,6876.490234375,6876.7099609375,6873.56005859375,6874.10986328125,11747412
2025-12-31 17:15:00,6878.56005859375,6878.9599609375,6876.330078125,6876.490234375,11896462
2025-12-31 17:20:00,6876.14990234375,6878.56982421875,6875.89013671875,6878.56982421875,10438554
2025-12-31 17:25:00,6877.14013671875,6877.990234375,6875.669921875,6876.1298828125,10741453
2025-12-31 17:30:00,6879.43994140625,6879.52978515625,6876.759765625,6877.14990234375,10424352
2025-12-31 17:35:00,6877.52001953125,6880.1298828125,6877.4501953125,6879.3798828125,11298945
2025-12-31 17:40:00,6877.85009765625,6877.919921875,6876.10009765625,6877.6201171875,10593088
2025-12-31 17:45:00,6875.990234375,6878.31982421875,6875.93994140625,6877.81005859375,10389957
2025-12-31 17:50:00,6876.0400390625,6876.47021484375,6874.7099609375,6875.97021484375,10410884
2025-12-31 17:55:00,6875.14990234375,6876.08984375,6873.91015625,6876.08984375,10956188
2025-12-31 18:00:00,6876.2099609375,6876.259765625,6874.72998046875,6875.22021484375,11153686
2025-12-31 18:05:00,6877.83984375,6878.14990234375,6874.58984375,6876.2099609375,10202544
2025-12-31 18:10:00,6879.97021484375,6879.97021484375,6877.419921875,6877.85009765625,10097609
2025-12-31 18:15:00,6876.8798828125,6880.18994140625,6876.7998046875,6880.0400390625,10312761
2025-12-31 18:20:00,6877.4599609375,6877.740234375,6876.7001953125,6876.8798828125,9272344
2025-12-31 18:25:00,6880.72021484375,6881.06982421875,6877.419921875,6877.490234375,10598530
2025-12-31 18:30:00,6881.77978515625,6881.77978515625,6880.0498046875,6880.759765625,10397445
2025-12-31 18:35:00,6881.27001953125,6882.2900390625,6881.10009765625,6881.7998046875,11260407
2025-12-31 18:40:00,6884.22021484375,6884.56005859375,6881.27978515625,6881.27978515625,11144767
2025-12-31 18:45:00,6885.259765625,6886.5498046875,6883.72021484375,6884.27978515625,12181771
2025-12-31 18:50:00,6886.47021484375,6886.56005859375,6884.6201171875,6885.240234375,9682557
2025-12-31 18:55:00,6885.2900390625,6887.31005859375,6884.68994140625,6886.47998046875,11075456
2025-12-31 19:00:00,6887.77978515625,6889.31005859375,6885.25,6885.25,11703073
2025-12-31 19:05:00,6887.14990234375,6887.8701171875,6886.33984375,6887.759765625,10554315
2025-12-31 19:10:00,6886.18994140625,6887.259765625,6885.93994140625,6887.18017578125,9170045
2025-12-31 19:15:00,6881.64990234375,6886.2998046875,6881.43017578125,6886.2001953125,10686480
2025-12-31 19:20:00,6881.5400390625,6881.990234375,6879.3701171875,6881.66015625,11004435
2025-12-31 19:25:00,6877.97021484375,6881.5,6877.7001953125,6881.5,12049218
2025-12-31 19:30:00,6868.7998046875,6878.52978515625,6868.64990234375,6877.91015625,14746173
2025-12-31 19:35:00,6872.169921875,6875.22998046875,6868.7900390625,6868.7900390625,14602862
2025-12-31 19:40:00,6872.7998046875,6874.89990234375,6872.1201171875,6872.22021484375,12267080
2025-12-31 19:45:00,6870.64013671875,6873.39013671875,6870.509765625,6872.830078125,11355597
2025-12-31 19:50:00,6868.33984375,6871.18994140625,6868.0400390625,6870.759765625,10899458
2025-12-31 19:55:00,6868.740234375,6869.8798828125,6868.06982421875,6868.39013671875,11315881
2025-12-31 20:00:00,6863.5498046875,6869.16015625,6862.08984375,6868.77001953125,15674437
2025-12-31 20:05:00,6860.9599609375,6865.77001953125,6860.08984375,6863.5400390625,15334681
2025-12-31 20:10:00,6859.6298828125,6860.9599609375,6857.39990234375,6860.9599609375,15389355
2025-12-31 20:15:00,6861.7001953125,6862.41015625,6859.43994140625,6859.7099609375,16279446
2025-12-31 20:20:00,6856.89013671875,6861.6298828125,6855.85986328125,6861.6298828125,16920138
2025-12-31 20:25:00,6854.3701171875,6857.5498046875,6853.10009765625,6856.8701171875,17028984
2025-12-31 20:30:00,6860.39990234375,6861.47998046875,6852.9501953125,6854.35986328125,20892181
2025-12-31 20:35:00,6859.83984375,6864.18017578125,6859.83984375,6860.3701171875,20328000
2025-12-31 20:40:00,6861.490234375,6861.68017578125,6858.14013671875,6859.740234375,20868000
2025-12-31 20:45:00,6855.080078125,6861.9599609375,6855.080078125,6861.5,30415000
2025-12-31 20:50:00,6852.080078125,6856.5400390625,6851.89990234375,6855.06005859375,55870000
2025-12-31 20:55:00,6845.77001953125,6857.02001953125,6844.5498046875,6852.009765625,138515000
2026-01-02 14:30:00,6874.77001953125,6888.669921875,6871.68017578125,6878.10986328125,0
2026-01-02 14:35:00,6871.58984375,6878.5498046875,6869.5,6874.35009765625,44741446
2026-01-02 14:40:00,6875.60986328125,6877.1201171875,6867.89990234375,6871.2001953125,43296863
2026-01-02 14:45:00,6886.64013671875,6890.240234375,6874.93017578125,6876.080078125,46205066
2026-01-02 14:50:00,6888.169921875,6894.5,6885.60009765625,6886.9501953125,35161782
2026-01-02 14:55:00,6887.77978515625,6890.7998046875,6886.35009765625,6888.18994140625,33101906
2026-01-02 15:00:00,6890.27978515625,6894.8701171875,6887.91015625,6887.91015625,39401363
2026-01-02 15:05:00,6883.39990234375,6890.8701171875,6883.08984375,6890.2099609375,34631478
2026-01-02 15:10:00,6869.22998046875,6884.75,6866.85009765625,6883.31005859375,37047738
2026-01-02 15:15:00,6863.7998046875,6870.0,6860.509765625,6869.2001953125,33970072
2026-01-02 15:20:00,6847.08984375,6864.240234375,6846.4599609375,6864.240234375,32681234
2026-01-02 15:25:00,6850.08984375,6851.02978515625,6842.31005859375,6847.4501953125,28974449
2026-01-02 15:30:00,6860.490234375,6861.85986328125,6847.2998046875,6850.2900390625,33288698
2026-01-02 15:35:00,6861.81005859375,6865.7099609375,6856.18994140625,6860.68017578125,33541063
2026-01-02 15:40:00,6867.56982421875,6871.259765625,6861.56982421875,6862.06982421875,27434322
2026-01-02 15:45:00,6859.31005859375,6869.85009765625,6859.27001953125,6867.3798828125,26993642
2026-01-02 15:50:00,6855.02978515625,6860.43017578125,6845.89013671875,6859.39990234375,30156339
2026-01-02 15:55:00,6840.18994140625,6858.6298828125,6837.27978515625,6855.31005859375,33180842
2026-01-02 16:00:00,6836.330078125,6841.10986328125,6834.4501953125,6840.1201171875,31168501
2026-01-02 16:05:00,6839.75,6840.66015625,6832.72998046875,6836.35009765625,27046580
2026-01-02 16:10:00,6843.93994140625,6843.9501953125,6830.77978515625,6839.7900390625,30568586
2026-01-02 16:15:00,6841.919921875,6848.91015625,6838.66015625,6844.02001953125,28132216
2026-01-02 16:20:00,6847.93017578125,6848.66015625,6837.8798828125,6841.7998046875,25209602
2026-01-02 16:25:00,6844.31982421875,6849.5498046875,6844.10009765625,6847.759765625,21794876
2026-01-02 16:30:00,6849.72021484375,6851.259765625,6841.759765625,6844.35009765625,24243222
2026-01-02 16:35:00,6844.64990234375,6851.7900390625,6844.31005859375,6849.89990234375,22136649
2026-01-02 16:40:00,6841.06982421875,6845.509765625,6840.83984375,6844.81005859375,19882392
2026-01-02 16:45:00,6838.41015625,6842.16015625,6837.89013671875,6840.93994140625,19400764
2026-01-02 16:50:00,6830.72998046875,6839.83984375,6828.990234375,6838.7900390625,21529195
2026-01-02 16:55:00,6837.259765625,6837.31005859375,6830.5400390625,6831.06982421875,19096710
2026-01-02 17:00:00,6834.77001953125,6838.3798828125,6832.72998046875,6837.27978515625,18661000
2026-01-02 17:05:00,6837.2998046875,6839.97021484375,6834.7998046875,6834.7998046875,17048000
2026-01-02 17:10:00,6848.740234375,6849.6201171875,6837.2099609375,6837.27001953125,19176000
2026-01-02 17:15:00,6847.919921875,6850.5400390625,6847.83984375,6848.85009765625,18792000
2026-01-02 17:20:00,6847.8701171875,6850.27001953125,6846.93017578125,6847.8701171875,19278000
2026-01-02 17:25:00,6850.3701171875,6850.3701171875,6845.240234375,6847.85009765625,15928000
2026-01-02 17:30:00,6848.4501953125,6853.93994140625,6847.830078125,6850.4501953125,19417000
2026-01-02 17:35:00,6846.22021484375,6849.830078125,6844.580078125,6848.60009765625,16306000
2026-01-02 17:40:00,6846.18017578125,6848.06005859375,6843.740234375,6846.2900390625,16904000
2026-01-02 17:45:00,6838.080078125,6848.259765625,6836.35986328125,6846.18017578125,19979000
2026-01-02 17:50:00,6839.85009765625,6840.27001953125,6836.18017578125,6837.93017578125,16924000
2026-01-02 17:55:00,6837.580078125,6841.85986328125,6836.27001953125,6839.83984375,15342000
2026-01-02 18:00:00,6839.72998046875,6841.60009765625,6837.2900390625,6837.669921875,15222000
2026-01-02 18:05:00,6835.9599609375,6839.8798828125,6834.16015625,6839.72021484375,15258000
2026-01-02 18:10:00,6834.31005859375,6838.47998046875,6833.669921875,6835.85986328125,15412000
2026-01-02 18:15:00,6839.830078125,6840.85986328125,6832.35986328125,6834.27978515625,16637000
2026-01-02 18:20:00,6837.64013671875,6843.39013671875,6837.18017578125,6839.89990234375,16665000
2026-01-02 18:25:00,6835.85986328125,6838.43017578125,6834.43994140625,6837.669921875,14521000
2026-01-02 18:30:00,6835.39013671875,6836.5400390625,6834.02978515625,6835.93017578125,15363000
2026-01-02 18:35:00,6836.81982421875,6839.080078125,6833.77978515625,6835.39013671875,15881000
2026-01-02 18:40:00,6837.259765625,6837.259765625,6833.85009765625,6836.85009765625,14949000
2026-01-02 18:45:00,6828.06005859375,6839.18994140625,6827.68994140625,6837.2998046875,18419000
2026-01-02 18:50:00,6830.60986328125,6830.830078125,6824.31005859375,6827.9599609375,18066000
2026-01-02 18:55:00,6831.02001953125,6831.02001953125,6826.56005859375,6830.60986328125,15147000
2026-01-02 19:00:00,6836.580078125,6836.580078125,6830.14013671875,6830.93994140625,19931000
2026-01-02 19:05:00,6842.259765625,6842.68994140625,6836.3701171875,6836.3701171875,19313000
2026-01-02 19:10:00,6850.1201171875,6851.02978515625,6840.35009765625,6842.2001953125,22196000
2026-01-02 19:15:00,6847.6201171875,6851.490234375,6847.14013671875,6850.08984375,20880000
2026-01-02 19:20:00,6854.2900390625,6854.39013671875,6845.3701171875,6847.7099609375,18638000
2026-01-02 19:25:00,6855.0498046875,6855.64013671875,6852.47021484375,6854.35009765625,16535000
2026-01-02 19:30:00,6861.66015625,6861.990234375,6855.06982421875,6855.08984375,19800000
2026-01-02 19:35:00,6862.60009765625,6864.009765625,6859.16015625,6861.52978515625,19259000
2026-01-02 19:40:00,6861.6298828125,6865.2001953125,6861.58984375,6862.4599609375,19459000
2026-01-02 19:45:00,6862.31005859375,6863.41015625,6859.9599609375,6861.759765625,18523000
2026-01-02 19:50:00,6860.93017578125,6862.93994140625,6858.6201171875,6862.2998046875,17725000
2026-01-02 19:55:00,6857.490234375,6861.14990234375,6855.47021484375,6860.919921875,19855000
2026-01-02 20:00:00,6859.77001953125,6861.6298828125,6855.14013671875,6857.43017578125,20357000
2026-01-02 20:05:00,6859.47998046875,6861.06982421875,6857.68017578125,6859.85009765625,19528000
2026-01-02 20:10:00,6858.509765625,6862.64013671875,6858.490234375,6859.490234375,21258000
2026-01-02 20:15:00,6861.97998046875,6862.47998046875,6857.3701171875,6858.47021484375,21110000
2026-01-02 20:20:00,6859.39013671875,6862.75,6859.0498046875,6862.1201171875,22942000
2026-01-02 20:25:00,6858.68994140625,6860.56005859375,6856.4599609375,6859.43017578125,22365000
2026-01-02 20:30:00,6856.419921875,6860.14990234375,6855.89013671875,6858.6201171875,30163000
2026-01-02 20:35:00,6856.52001953125,6859.72998046875,6856.33984375,6856.47021484375,27196000
2026-01-02 20:40:00,6852.0,6856.6298828125,6851.91015625,6856.39990234375,32049000
2026-01-02 20:45:00,6848.39990234375,6853.1298828125,6846.64013671875,6851.97021484375,43060000
2026-01-02 20:50:00,6851.06982421875,6856.43017578125,6848.4501953125,6848.4501953125,73486000
2026-01-02 20:55:00,6858.5400390625,6858.77978515625,6848.7099609375,6851.14013671875,160683000
2026-01-05 14:30:00,6897.669921875,6902.68994140625,6891.56005859375,6892.18994140625,0
2026-01-05 14:35:00,6895.4501953125,6899.580078125,6892.2900390625,6897.6201171875,64670258
2026-01-05 14:40:00,6901.4501953125,6902.2099609375,6893.10986328125,6895.830078125,59329509
2026-01-05 14:45:00,6898.14013671875,6905.33984375,6895.47021484375,6901.35009765625,58674094
2026-01-05 14:50:00,6895.89990234375,6898.64013671875,6891.56982421875,6898.18017578125,49360359
2026-01-05 14:55:00,6896.52978515625,6899.39990234375,6893.4599609375,6896.14013671875,43898551
2026-01-05 15:00:00,6902.89990234375,6903.990234375,6892.5400390625,6897.14990234375,51807883
2026-01-05 15:05:00,6903.27978515625,6905.33984375,6898.490234375,6903.22998046875,47732415
2026-01-05 15:10:00,6902.52001953125,6904.490234375,6899.5,6903.3798828125,41777680
2026-01-05 15:15:00,6905.47998046875,6905.5,6899.85009765625,6902.490234375,40543986
2026-01-05 15:20:00,6907.2001953125,6907.419921875,6903.16015625,6905.580078125,36764738
2026-01-05 15:25:00,6912.8798828125,6913.3701171875,6903.43017578125,6907.25,47823078
2026-01-05 15:30:00,6912.81982421875,6914.72021484375,6910.97021484375,6912.83984375,43418004
2026-01-05 15:35:00,6907.6298828125,6913.16015625,6906.47998046875,6912.97021484375,40168577
2026-01-05 15:40:00,6907.02978515625,6910.1201171875,6906.330078125,6907.580078125,35516152
2026-01-05 15:45:00,6910.22998046875,6911.419921875,6907.0,6907.02001953125,34422297
2026-01-05 15:50:00,6908.18017578125,6911.080078125,6907.58984375,6910.43017578125,33225959
2026-01-05 15:55:00,6909.6298828125,6911.83984375,6906.919921875,6908.22998046875,34802567
2026-01-05 16:00:00,6908.10986328125,6910.10009765625,6906.41015625,6909.6298828125,47047566
2026-01-05 16:05:00,6911.58984375,6911.75,6907.509765625,6908.22021484375,35048121
2026-01-05 16:10:00,6910.66015625,6913.68994140625,6910.66015625,6911.64990234375,32618000
2026-01-05 16:15:00,6909.27001953125,6911.93994140625,6908.93017578125,6910.56005859375,30519000
2026-01-05 16:20:00,6914.0400390625,6914.64013671875,6909.10986328125,6909.10986328125,31911000
2026-01-05 16:25:00,6912.830078125,6915.18017578125,6912.240234375,6914.10009765625,30900000
2026-01-05 16:30:00,6911.35986328125,6914.7001953125,6911.18017578125,6913.25,33239000
2026-01-05 16:35:00,6914.8798828125,6915.6298828125,6910.8701171875,6911.35009765625,27169000
2026-01-05 16:40:00,6914.5498046875,6915.25,6912.8701171875,6914.8798828125,30833000
2026-01-05 16:45:00,6918.22998046875,6918.52001953125,6914.2998046875,6914.52001953125,27166000
2026-01-05 16:50:00,6916.6201171875,6920.3798828125,6916.08984375,6918.10986328125,28156000
2026-01-05 16:55:00,6915.08984375,6917.10009765625,6914.10009765625,6916.7001953125,33611000
2026-01-05 17:00:00,6916.990234375,6917.919921875,6915.16015625,6915.16015625,37100000
2026-01-05 17:05:00,6915.39013671875,6918.02978515625,6914.68017578125,6917.02001953125,30429000
2026-01-05 17:10:00,6916.16015625,6916.919921875,6913.81005859375,6915.27978515625,29344000
2026-01-05 17:15:00,6913.16015625,6916.66015625,6912.2900390625,6916.2099609375,25416000
2026-01-05 17:20:00,6911.43994140625,6913.35009765625,6910.43017578125,6913.009765625,26109000
2026-01-05 17:25:00,6909.91015625,6911.52978515625,6908.58984375,6911.52978515625,28508000
2026-01-05 17:30:00,6909.33984375,6911.6298828125,6908.419921875,6909.97998046875,26642000
2026-01-05 17:35:00,6912.2001953125,6912.5400390625,6909.02978515625,6909.16015625,26858000
2026-01-05 17:40:00,6909.93017578125,6912.759765625,6909.580078125,6912.08984375,25622000
2026-01-05 17:45:00,6912.830078125,6914.169921875,6909.97021484375,6909.97021484375,24232000
2026-01-05 17:50:00,6911.0400390625,6913.27978515625,6909.759765625,6912.990234375,23505000
2026-01-05 17:55:00,6911.9501953125,6912.3701171875,6909.669921875,6910.990234375,24795000
2026-01-05 18:00:00,6912.58984375,6914.06982421875,6911.22998046875,6911.9599609375,24626000
2026-01-05 18:05:00,6909.89990234375,6912.93994140625,6907.5498046875,6912.85986328125,23863000
2026-01-05 18:10:00,6910.5400390625,6911.14013671875,6909.52978515625,6909.97021484375,22112000
2026-01-05 18:15:00,6906.43994140625,6910.580078125,6903.22021484375,6910.580078125,24093000
2026-01-05 18:20:00,6908.66015625,6908.68994140625,6904.3701171875,6906.39013671875,23233000
2026-01-05 18:25:00,6910.02978515625,6910.60986328125,6907.7001953125,6908.64013671875,20714000
2026-01-05 18:30:00,6911.2001953125,6912.0498046875,6909.89013671875,6910.10986328125,20703000
2026-01-05 18:35:00,6911.240234375,6912.1201171875,6909.1298828125,6911.2001953125,20818000
2026-01-05 18:40:00,6912.2900390625,6913.0498046875,6911.14990234375,6911.259765625,19137000
2026-01-05 18:45:00,6912.5400390625,6914.22021484375,6912.330078125,6912.330078125,23229000
2026-01-05 18:50:00,6912.7001953125,6912.85986328125,6910.990234375,6912.2900390625,20290000
2026-01-05 18:55:00,6911.7001953125,6912.7099609375,6910.8798828125,6912.7099609375,21465000
2026-01-05 19:00:00,6912.080078125,6913.02978515625,6911.0498046875,6911.7001953125,27978000
2026-01-05 19:05:00,6910.35009765625,6912.10986328125,6909.58984375,6912.06005859375,23795000
2026-01-05 19:10:00,6908.66015625,6910.5498046875,6908.080078125,6910.39990234375,23688000
2026-01-05 19:15:00,6908.990234375,6909.66015625,6908.1298828125,6908.64990234375,22604000
2026-01-05 19:20:00,6908.22021484375,6909.97998046875,6908.14013671875,6909.08984375,21779000
2026-01-05 19:25:00,6908.35986328125,6909.56005859375,6907.22998046875,6908.22998046875,23517000
2026-01-05 19:30:00,6907.9501953125,6909.39013671875,6907.75,6908.31982421875,22390000
2026-01-05 19:35:00,6904.72021484375,6908.5,6903.89013671875,6908.02978515625,24708000
2026-01-05 19:40:00,6902.93017578125,6904.72998046875,6899.43994140625,6904.72998046875,24117000
2026-01-05 19:45:00,6904.64013671875,6906.22998046875,6902.7900390625,6902.7900390625,22116000
2026-01-05 19:50:00,6902.580078125,6904.60009765625,6901.81005859375,6904.60009765625,22800000
2026-01-05 19:55:00,6902.6201171875,6904.7099609375,6901.77001953125,6902.419921875,27866000
2026-01-05 20:00:00,6902.14990234375,6903.419921875,6901.6298828125,6902.64990234375,26513000
2026-01-05 20:05:00,6905.97021484375,6906.39990234375,6902.14013671875,6902.14013671875,25976000
2026-01-05 20:10:00,6907.169921875,6908.2900390625,6905.740234375,6905.9501953125,29521000
2026-01-05 20:15:00,6906.06005859375,6908.10009765625,6905.1298828125,6907.240234375,28350000
2026-01-05 20:20:00,6905.8701171875,6906.06982421875,6904.419921875,6905.91015625,32712000
2026-01-05 20:25:00,6905.56982421875,6906.240234375,6904.64013671875,6905.8701171875,31651000
2026-01-05 20:30:00,6905.64990234375,6907.490234375,6904.7001953125,6905.5498046875,36594000
2026-01-05 20:35:00,6906.31005859375,6907.2998046875,6905.58984375,6905.58984375,37884000
2026-01-05 20:40:00,6904.47021484375,6906.39990234375,6904.10986328125,6906.39990234375,40677000
2026-01-05 20:45:00,6904.759765625,6906.419921875,6904.14013671875,6904.4599609375,49463000
2026-01-05 20:50:00,6898.91015625,6906.06982421875,6898.43017578125,6904.7099609375,88159000
2026-01-05 20:55:00,6902.740234375,6903.06982421875,6897.740234375,6898.77001953125,190912000
2026-01-06 14:30:00,6909.27978515625,6912.81982421875,6907.52978515625,6908.02978515625,0
2026-01-06 14:35:00,6907.0498046875,6911.14990234375,6906.080078125,6909.43017578125,58233956
2026-01-06 14:40:00,6904.83984375,6908.81982421875,6904.02001953125,6907.41015625,15722671
2026-01-06 14:45:00,6916.0498046875,6918.68017578125,6915.5,6915.5,69588663
2026-01-06 14:50:00,6923.14013671875,6924.93994140625,6918.759765625,6921.259765625,63238022
2026-01-06 14:55:00,6927.1201171875,6927.68017578125,6922.31005859375,6923.47998046875,44769083
2026-01-06 15:00:00,6927.41015625,6929.7998046875,6926.240234375,6927.22998046875,44843241
2026-01-06 15:05:00,6928.02001953125,6931.93994140625,6926.72998046875,6927.27978515625,42080516
2026-01-06 15:10:00,6932.06982421875,6932.2099609375,6926.759765625,6927.83984375,42296754
2026-01-06 15:15:00,6931.27001953125,6932.89013671875,6928.72998046875,6931.85009765625,34121602
2026-01-06 15:20:00,6931.330078125,6932.169921875,6926.85009765625,6931.240234375,34050570
2026-01-06 15:25:00,6932.52001953125,6934.60009765625,6931.240234375,6931.41015625,34775628
2026-01-06 15:30:00,6926.5,6932.56005859375,6926.2099609375,6932.56005859375,35066063
2026-01-06 15:35:00,6926.27001953125,6927.669921875,6923.18017578125,6926.64990234375,28262350
2026-01-06 15:40:00,6924.47021484375,6925.83984375,6922.39990234375,6922.89990234375,30956509
2026-01-06 15:45:00,6924.68994140625,6925.0400390625,6922.33984375,6922.5,37686191
2026-01-06 15:50:00,6916.14013671875,6925.27978515625,6916.14013671875,6924.66015625,24593840
2026-01-06 15:55:00,6914.669921875,6916.10986328125,6914.06982421875,6915.83984375,12408566
2026-01-06 16:00:00,6913.10009765625,6914.740234375,6912.85986328125,6914.2099609375,55108255
2026-01-06 16:05:00,6914.240234375,6914.47021484375,6909.919921875,6912.240234375,41431828
2026-01-06 16:10:00,6914.4599609375,6915.72998046875,6914.259765625,6914.3798828125,32953044
2026-01-06 16:15:00,6914.18994140625,6915.6201171875,6913.75,6915.60986328125,25043304
2026-01-06 16:20:00,6920.419921875,6920.419921875,6915.06982421875,6915.06982421875,36842031
2026-01-06 16:25:00,6916.39013671875,6916.8798828125,6915.77001953125,6916.35986328125,37198001
2026-01-06 16:30:00,6917.35009765625,6918.64990234375,6915.5,6916.08984375,29145000
2026-01-06 16:35:00,6917.7900390625,6918.4501953125,6914.4501953125,6918.4501953125,35456000
2026-01-06 16:40:00,6915.75,6918.2001953125,6915.39013671875,6917.81005859375,12157000
2026-01-06 16:45:00,6917.919921875,6918.240234375,6914.259765625,6914.5498046875,36719000
2026-01-06 16:50:00,6919.56005859375,6920.8701171875,6919.47998046875,6919.9599609375,27713000
2026-01-06 16:55:00,6920.47998046875,6920.64013671875,6917.6201171875,6919.58984375,24996000
2026-01-06 17:00:00,6919.5400390625,6920.83984375,6918.5498046875,6920.47021484375,6061000
2026-01-06 17:05:00,6924.2900390625,6924.2900390625,6921.10986328125,6921.10986328125,41979000
2026-01-06 17:10:00,6925.47998046875,6925.47998046875,6923.7900390625,6924.39013671875,13340000
2026-01-06 17:15:00,6925.89990234375,6926.9599609375,6925.7998046875,6926.81005859375,26401000
2026-01-06 17:20:00,6930.56005859375,6931.39013671875,6928.39990234375,6928.66015625,29233000
2026-01-06 17:25:00,6929.85009765625,6932.16015625,6929.60986328125,6930.330078125,23809000
2026-01-06 17:30:00,6932.0400390625,6932.35009765625,6929.89013671875,6929.89013671875,11176000
2026-01-06 17:35:00,6934.6298828125,6936.8798828125,6934.08984375,6934.2998046875,37574000
2026-01-06 17:40:00,6932.64990234375,6934.490234375,6932.43994140625,6934.490234375,22065000
2026-01-06 17:45:00,6933.83984375,6935.419921875,6933.6298828125,6935.10986328125,20104000
2026-01-06 17:50:00,6935.72021484375,6935.72021484375,6933.89013671875,6933.93994140625,24680000
2026-01-06 17:55:00,6935.5498046875,6935.7001953125,6934.8701171875,6935.14990234375,30517000
2026-01-06 18:00:00,6934.10986328125,6935.66015625,6933.08984375,6935.509765625,15948000
2026-01-06 18:05:00,6933.97998046875,6933.97998046875,6932.18994140625,6932.89990234375,34329000
2026-01-06 18:10:00,6935.2900390625,6935.580078125,6933.7099609375,6933.93017578125,21862000
2026-01-06 18:15:00,6937.56005859375,6937.669921875,6935.31005859375,6935.31005859375,18434000
2026-01-06 18:20:00,6935.93994140625,6936.68994140625,6935.58984375,6935.919921875,18920000
2026-01-06 18:25:00,6934.56005859375,6936.02978515625,6934.2001953125,6935.7998046875,23113000
2026-01-06 18:30:00,6935.490234375,6935.85009765625,6934.669921875,6935.41015625,20476000
2026-01-06 18:40:00,6937.35986328125,6937.72998046875,6936.2998046875,6936.2998046875,42423000
2026-01-06 18:45:00,6942.580078125,6942.580078125,6941.93994140625,6942.2099609375,27002000
2026-01-06 18:50:00,6941.43017578125,6941.81982421875,6940.8798828125,6941.16015625,25057000
2026-01-06 18:55:00,6943.1298828125,6943.18994140625,6940.740234375,6941.35009765625,19883000
2026-01-06 19:00:00,6943.169921875,6944.2900390625,6942.419921875,6943.18017578125,20640000
2026-01-06 19:05:00,6943.8798828125,6944.169921875,6943.56005859375,6943.8701171875,23837000
2026-01-06 19:10:00,6945.72998046875,6945.89013671875,6944.39990234375,6944.5498046875,19029000
2026-01-06 19:15:00,6946.240234375,6946.35009765625,6945.740234375,6946.02001953125,27268000
2026-01-06 19:20:00,6946.6298828125,6947.0,6945.740234375,6946.22021484375,23402000
2026-01-06 19:25:00,6945.7001953125,6946.669921875,6945.52978515625,6946.669921875,17766000
2026-01-06 19:30:00,6946.43994140625,6946.490234375,6945.5,6945.77001953125,18017000
2026-01-06 19:35:00,6945.240234375,6946.080078125,6944.91015625,6946.080078125,30142000
2026-01-06 19:40:00,6946.47998046875,6947.22021484375,6945.08984375,6945.08984375,21688000
2026-01-06 19:45:00,6946.06005859375,6946.9501953125,6945.9599609375,6946.41015625,21755000
2026-01-06 19:50:00,6945.77978515625,6946.18994140625,6945.43017578125,6945.6201171875,16985000
2026-01-06 19:55:00,6944.3701171875,6944.830078125,6943.8798828125,6944.509765625,33622000
2026-01-06 20:00:00,6946.7001953125,6947.490234375,6944.0,6944.2998046875,27157000
2026-01-06 20:05:00,6946.2998046875,6946.97998046875,6946.0498046875,6946.72998046875,21840000
2026-01-06 20:10:00,6946.39990234375,6946.990234375,6946.31982421875,6946.66015625,22762000
2026-01-06 20:15:00,6946.27978515625,6947.35986328125,6945.77001953125,6946.43017578125,45251000
2026-01-06 20:20:00,6946.080078125,6946.39013671875,6945.47998046875,6946.27978515625,26862000
2026-01-06 20:25:00,6945.41015625,6946.22998046875,6945.02001953125,6945.330078125,39884000
2026-01-06 20:30:00,6945.6201171875,6945.919921875,6945.0498046875,6945.39013671875,37650000
2026-01-06 20:35:00,6946.41015625,6946.41015625,6945.10009765625,6945.580078125,8994000
2026-01-06 20:40:00,6947.240234375,6948.169921875,6946.7099609375,6947.7099609375,65792000
2026-01-06 20:45:00,6946.72998046875,6947.0400390625,6946.60986328125,6946.9501953125,28108000
2026-01-06 20:50:00,6947.75,6948.490234375,6946.18994140625,6948.0498046875,116304000
2026-01-06 20:55:00,6946.35009765625,6948.68994140625,6945.77978515625,6947.93017578125,32491000
2026-01-07 14:30:00,6945.759765625,6949.4599609375,6942.77978515625,6945.06982421875,0
2026-01-07 14:35:00,6950.490234375,6950.68994140625,6945.669921875,6945.7001953125,54616034
2026-01-07 14:40:00,6954.330078125,6954.77001953125,6948.75,6950.8701171875,51038964
2026-01-07 14:45:00,6953.240234375,6957.39990234375,6952.490234375,6954.14013671875,48436105
2026-01-07 14:50:00,6951.83984375,6954.72021484375,6949.81982421875,6953.330078125,43669804
2026-01-07 14:55:00,6951.580078125,6954.68017578125,6950.81005859375,6951.93994140625,44894816
2026-01-07 15:00:00,6945.35009765625,6953.0498046875,6942.77001953125,6951.22021484375,48669939
2026-01-07 15:05:00,6946.41015625,6949.18994140625,6943.7900390625,6945.31982421875,47090715
2026-01-07 15:10:00,6942.6201171875,6946.68994140625,6941.66015625,6946.1298828125,42849272
2026-01-07 15:15:00,6938.759765625,6942.6201171875,6937.22021484375,6942.56982421875,40651295
2026-01-07 15:20:00,6941.490234375,6942.68017578125,6937.43017578125,6938.8701171875,40541182
2026-01-07 15:25:00,6943.14990234375,6945.43017578125,6939.06005859375,6941.990234375,42522643
2026-01-07 15:30:00,6947.2900390625,6947.7099609375,6940.7001953125,6943.14990234375,44621530
2026-01-07 15:35:00,6943.2998046875,6951.509765625,6936.580078125,6947.39990234375,45052838
2026-01-07 15:40:00,6943.77001953125,6948.3701171875,6941.47998046875,6943.490234375,39238083
2026-01-07 15:45:00,6950.39990234375,6950.6298828125,6943.080078125,6943.740234375,37490469
2026-01-07 15:50:00,6950.2099609375,6951.5400390625,6949.16015625,6950.41015625,31723752
2026-01-07 15:55:00,6951.47998046875,6952.259765625,6949.56005859375,6950.27001953125,37731081
2026-01-07 16:00:00,6953.5,6954.33984375,6950.830078125,6951.3798828125,31515426
2026-01-07 16:05:00,6952.60986328125,6953.83984375,6951.72021484375,6953.509765625,26329715
2026-01-07 16:10:00,6951.8701171875,6952.740234375,6950.81982421875,6952.64990234375,27519262
2026-01-07 16:15:00,6952.33984375,6953.080078125,6951.2998046875,6952.06005859375,28248104
2026-01-07 16:20:00,6949.5400390625,6952.330078125,6949.0498046875,6952.31005859375,26326532
2026-01-07 16:25:00,6948.240234375,6949.85986328125,6945.64013671875,6949.68017578125,28177000
2026-01-07 16:30:00,6949.7900390625,6951.33984375,6947.81982421875,6948.240234375,26903000
2026-01-07 16:35:00,6950.52978515625,6951.10009765625,6948.93994140625,6949.81005859375,24335000
2026-01-07 16:40:00,6958.009765625,6958.35009765625,6950.14013671875,6950.4501953125,23867000
2026-01-07 16:45:00,6957.93994140625,6960.31005859375,6957.31005859375,6957.97021484375,26216000
2026-01-07 16:50:00,6959.10986328125,6959.259765625,6956.740234375,6958.009765625,23060000
2026-01-07 16:55:00,6960.8798828125,6961.8798828125,6959.14013671875,6959.14013671875,22088000
2026-01-07 17:00:00,6962.64013671875,6962.77978515625,6960.77001953125,6960.8798828125,22861000
2026-01-07 17:05:00,6964.52978515625,6965.68994140625,6962.58984375,6962.64013671875,24573000
2026-01-07 17:10:00,6963.2900390625,6964.75,6962.5498046875,6964.5,23634000
2026-01-07 17:15:00,6963.89013671875,6964.2001953125,6962.0400390625,6963.27001953125,23684000
2026-01-07 17:20:00,6965.1201171875,6965.2900390625,6963.669921875,6963.9501953125,25611000
2026-01-07 17:25:00,6962.97021484375,6965.31005859375,6962.18017578125,6965.14990234375,21356000
2026-01-07 17:30:00,6961.06982421875,6963.10009765625,6959.9599609375,6962.9599609375,22542000
2026-01-07 17:35:00,6961.259765625,6961.3701171875,6959.35986328125,6961.06982421875,19178000
2026-01-07 17:40:00,6963.3798828125,6963.5,6960.47021484375,6961.27001953125,26060000
2026-01-07 17:45:00,6959.83984375,6963.64013671875,6959.41015625,6963.33984375,28174000
2026-01-07 17:50:00,6956.509765625,6959.83984375,6954.169921875,6959.81005859375,30171000
2026-01-07 17:55:00,6955.91015625,6957.5400390625,6955.240234375,6956.490234375,25604000
2026-01-07 18:00:00,6954.14990234375,6956.009765625,6953.77978515625,6955.9599609375,26139000
2026-01-07 18:05:00,6954.64990234375,6955.56005859375,6953.919921875,6954.22998046875,21753000
2026-01-07 18:10:00,6954.009765625,6954.7998046875,6952.27978515625,6954.75,20071000
2026-01-07 18:15:00,6950.27001953125,6953.91015625,6948.740234375,6953.91015625,23393000
2026-01-07 18:20:00,6949.669921875,6950.330078125,6948.2998046875,6950.16015625,22167000
2026-01-07 18:25:00,6947.47998046875,6950.06005859375,6946.93017578125,6949.64013671875,21516000
2026-01-07 18:30:00,6952.02978515625,6952.14013671875,6947.58984375,6947.58984375,22710000
2026-01-07 18:35:00,6950.72021484375,6952.0498046875,6949.85986328125,6952.0498046875,24029000
2026-01-07 18:40:00,6953.6298828125,6954.2900390625,6950.68994140625,6950.68994140625,26297000
2026-01-07 18:45:00,6955.4599609375,6955.580078125,6951.89013671875,6953.4599609375,22820000
2026-01-07 18:50:00,6956.10986328125,6957.509765625,6955.18017578125,6955.47021484375,26648000
2026-01-07 18:55:00,6954.22998046875,6956.3701171875,6952.39990234375,6956.240234375,25715000
2026-01-07 19:00:00,6954.68017578125,6954.72021484375,6952.02978515625,6954.27001953125,26447000
2026-01-07 19:05:00,6949.669921875,6954.81982421875,6948.759765625,6954.81982421875,28081000
2026-01-07 19:10:00,6945.5498046875,6949.759765625,6943.1298828125,6949.58984375,27101000
2026-01-07 19:15:00,6945.009765625,6945.990234375,6940.3798828125,6945.669921875,23968000
2026-01-07 19:20:00,6943.009765625,6945.47998046875,6942.0498046875,6945.06982421875,23091000
2026-01-07 19:25:00,6942.39990234375,6943.25,6940.669921875,6942.97021484375,22275000
2026-01-07 19:30:00,6946.10009765625,6946.41015625,6941.81005859375,6942.52978515625,26126000
2026-01-07 19:35:00,6946.5,6947.22998046875,6945.35009765625,6946.14990234375,24648000
2026-01-07 19:40:00,6945.169921875,6946.35009765625,6943.22998046875,6946.35009765625,22475000
2026-01-07 19:45:00,6944.81982421875,6945.56005859375,6943.93017578125,6945.259765625,22573000
2026-01-07 19:50:00,6945.14990234375,6945.3798828125,6943.0400390625,6944.72998046875,23198000
2026-01-07 19:55:00,6943.419921875,6945.14013671875,6943.14013671875,6945.14013671875,25587000
2026-01-07 20:00:00,6943.18017578125,6943.830078125,6941.5400390625,6943.39013671875,28267000
2026-01-07 20:05:00,6939.75,6943.31982421875,6939.58984375,6943.2001953125,25673000
2026-01-07 20:10:00,6933.72998046875,6940.02001953125,6933.22998046875,6939.89013671875,30721000
2026-01-07 20:15:00,6936.39990234375,6936.39990234375,6931.08984375,6933.740234375,33119000
2026-01-07 20:20:00,6931.7001953125,6936.419921875,6931.580078125,6936.39990234375,27671000
2026-01-07 20:25:00,6928.93017578125,6932.18017578125,6927.10986328125,6931.68994140625,33254000
2026-01-07 20:30:00,6923.2099609375,6928.89013671875,6923.169921875,6928.89013671875,43491000
2026-01-07 20:35:00,6919.75,6923.27001953125,6919.2001953125,6923.27001953125,40747000
2026-01-07 20:40:00,6922.2001953125,6923.43994140625,6919.3701171875,6919.81005859375,44361000
2026-01-07 20:45:00,6921.85009765625,6923.169921875,6920.35009765625,6922.14013671875,52083000
2026-01-07 20:50:00,6923.4599609375,6924.8798828125,6921.93017578125,6921.93017578125,85160000
2026-01-07 20:55:00,6921.52978515625,6923.9599609375,6919.18994140625,6923.9599609375,196042000
2026-01-08 14:30:00,6910.7001953125,6917.93994140625,6909.08984375,6914.10986328125,0
2026-01-08 14:35:00,6908.97998046875,6917.25,6908.97998046875,6910.39990234375,53916338
2026-01-08 14:40:00,6903.68994140625,6913.35986328125,6902.1201171875,6909.259765625,49673691
2026-01-08 14:45:00,6912.14013671875,6915.31005859375,6899.330078125,6903.6201171875,51086409
2026-01-08 14:50:00,6913.47021484375,6916.580078125,6907.81005859375,6911.83984375,47874193
2026-01-08 14:55:00,6908.3701171875,6914.16015625,6907.7998046875,6913.47998046875,47512519
2026-01-08 15:00:00,6910.56982421875,6911.14013671875,6903.2998046875,6906.89990234375,52315400
2026-01-08 15:05:00,6923.39013671875,6923.9599609375,6909.2998046875,6910.7998046875,45367743
2026-01-08 15:10:00,6921.9599609375,6923.7099609375,6918.68017578125,6923.4599609375,41053151
2026-01-08 15:15:00,6923.27978515625,6925.240234375,6920.81982421875,6922.06005859375,37271828
2026-01-08 15:20:00,6922.5400390625,6924.52978515625,6920.419921875,6923.5400390625,33053238
2026-01-08 15:25:00,6921.83984375,6924.66015625,6919.89013671875,6922.5400390625,34694489
2026-01-08 15:30:00,6919.759765625,6923.6298828125,6917.9501953125,6921.8798828125,38319135
2026-01-08 15:35:00,6918.8701171875,6920.39990234375,6912.669921875,6919.85009765625,38735953
2026-01-08 15:40:00,6922.72998046875,6924.56005859375,6917.47021484375,6919.02978515625,34540057
2026-01-08 15:45:00,6916.85986328125,6924.31005859375,6916.39013671875,6922.58984375,35815800
2026-01-08 15:50:00,6911.759765625,6917.93017578125,6911.35009765625,6917.0498046875,32733197
2026-01-08 15:55:00,6923.68017578125,6923.740234375,6910.81982421875,6911.72998046875,37437490
2026-01-08 16:00:00,6924.60009765625,6925.02001953125,6921.93994140625,6923.75,33569740
2026-01-08 16:05:00,6916.1201171875,6924.52978515625,6915.58984375,6924.52978515625,27532726
2026-01-08 16:10:00,6914.52001953125,6919.31982421875,6913.97998046875,6916.43994140625,28737925
2026-01-08 16:15:00,6915.93017578125,6917.35986328125,6912.0,6914.43994140625,27079874
2026-01-08 16:20:00,6916.669921875,6920.66015625,6915.68994140625,6916.10986328125,29504546
2026-01-08 16:25:00,6916.47021484375,6919.91015625,6914.4599609375,6916.6298828125,30514227
2026-01-08 16:30:00,6917.14013671875,6919.72998046875,6915.009765625,6916.330078125,29555000
2026-01-08 16:35:00,6916.85009765625,6918.68017578125,6910.080078125,6916.97998046875,31055000
2026-01-08 16:40:00,6921.3701171875,6921.85009765625,6917.06982421875,6917.18017578125,24915000
2026-01-08 16:45:00,6923.18017578125,6925.9501953125,6921.4501953125,6921.4501953125,27873000
2026-01-08 16:50:00,6918.0400390625,6923.81982421875,6917.25,6923.2900390625,25644000
2026-01-08 16:55:00,6924.669921875,6924.919921875,6918.06005859375,6918.10986328125,24845000
2026-01-08 17:00:00,6921.02001953125,6924.759765625,6920.18017578125,6924.4501953125,27224000
2026-01-08 17:05:00,6920.3701171875,6922.97998046875,6919.259765625,6921.2099609375,22390000
2026-01-08 17:10:00,6920.490234375,6920.990234375,6918.2998046875,6920.3701171875,21810000
2026-01-08 17:15:00,6924.52001953125,6924.6201171875,6919.77001953125,6920.4501953125,22636000
2026-01-08 17:20:00,6921.0,6925.2900390625,6920.97998046875,6924.7001953125,22646000
2026-01-08 17:25:00,6918.72998046875,6920.93017578125,6916.97998046875,6920.93017578125,23112000
2026-01-08 17:30:00,6924.10986328125,6925.0498046875,6918.85986328125,6918.85986328125,25588000
2026-01-08 17:35:00,6924.7001953125,6925.740234375,6923.5,6924.10009765625,21472000
2026-01-08 17:40:00,6925.52978515625,6926.81005859375,6924.16015625,6924.580078125,21089000
2026-01-08 17:45:00,6927.10986328125,6927.5,6924.97998046875,6925.72021484375,21355000
2026-01-08 17:50:00,6930.22021484375,6931.27978515625,6927.2099609375,6927.2099609375,20744000
2026-01-08 17:55:00,6926.39990234375,6930.52978515625,6926.39013671875,6930.22998046875,22967000
2026-01-08 18:00:00,6924.6201171875,6927.22998046875,6923.25,6926.33984375,24135000
2026-01-08 18:05:00,6921.2900390625,6924.31982421875,6920.52001953125,6924.31982421875,32690000
2026-01-08 18:10:00,6914.66015625,6921.68017578125,6914.39990234375,6921.2998046875,31898000
2026-01-08 18:15:00,6921.43994140625,6921.43994140625,6913.89990234375,6914.72021484375,24827000
2026-01-08 18:20:00,6919.6201171875,6922.43994140625,6918.580078125,6921.60986328125,19858000
2026-01-08 18:25:00,6920.9599609375,6922.31005859375,6918.72998046875,6919.7099609375,19963000
2026-01-08 18:30:00,6918.25,6921.27978515625,6918.08984375,6921.0400390625,21326000
2026-01-08 18:35:00,6918.72021484375,6921.0400390625,6918.240234375,6918.240234375,19161000
2026-01-08 18:40:00,6920.009765625,6920.1201171875,6918.4599609375,6918.6201171875,19227000
2026-01-08 18:45:00,6921.7001953125,6923.3701171875,6918.56005859375,6919.91015625,20024000
2026-01-08 18:50:00,6916.08984375,6921.85986328125,6916.08984375,6921.68017578125,21389000
2026-01-08 18:55:00,6914.58984375,6916.5,6913.47021484375,6915.8701171875,22973000
2026-01-08 19:00:00,6917.56982421875,6918.7001953125,6912.97998046875,6914.52978515625,25706000
2026-01-08 19:05:00,6916.990234375,6919.06005859375,6916.64990234375,6917.52978515625,25255000
2026-01-08 19:10:00,6912.39990234375,6916.81005859375,6911.9501953125,6916.669921875,23982000
2026-01-08 19:15:00,6915.27978515625,6915.27978515625,6908.4599609375,6912.2099609375,24820000
2026-01-08 19:20:00,6915.31982421875,6918.47998046875,6914.39013671875,6915.22998046875,22418000
2026-01-08 19:25:00,6915.06005859375,6915.60986328125,6913.5,6915.509765625,21982000
2026-01-08 19:30:00,6915.580078125,6918.25,6914.77978515625,6915.14990234375,24283000
2026-01-08 19:35:00,6913.14013671875,6915.97021484375,6912.8701171875,6915.6201171875,23542000
2026-01-08 19:40:00,6912.91015625,6915.1201171875,6911.7099609375,6913.1298828125,25766000
2026-01-08 19:45:00,6914.0498046875,6914.14990234375,6912.27978515625,6912.830078125,25471000
2026-01-08 19:50:00,6914.52978515625,6916.72021484375,6913.2998046875,6914.16015625,24464000
2026-01-08 19:55:00,6913.97998046875,6914.419921875,6911.52001953125,6914.419921875,25387000
2026-01-08 20:00:00,6915.33984375,6916.0498046875,6912.81005859375,6913.9599609375,27641000
2026-01-08 20:05:00,6914.509765625,6915.669921875,6913.31005859375,6915.47021484375,27765000
2026-01-08 20:10:00,6918.02001953125,6918.31005859375,6914.490234375,6914.490234375,28825000
2026-01-08 20:15:00,6915.2998046875,6918.7001953125,6915.0498046875,6918.14013671875,27694000
2026-01-08 20:20:00,6916.9501953125,6918.25,6914.2998046875,6915.35009765625,29569000
2026-01-08 20:25:00,6921.06005859375,6921.83984375,6916.85009765625,6916.85009765625,32117000
2026-01-08 20:30:00,6924.2001953125,6924.2001953125,6921.14013671875,6921.14013671875,36006000
2026-01-08 20:35:00,6920.93017578125,6925.85986328125,6920.740234375,6924.14990234375,37845000
2026-01-08 20:40:00,6919.919921875,6922.10986328125,6918.0498046875,6921.06982421875,55360000
2026-01-08 20:45:00,6920.830078125,6921.52001953125,6919.02978515625,6919.830078125,54377000
2026-01-08 20:50:00,6923.080078125,6924.10009765625,6918.759765625,6920.830078125,83028000
2026-01-08 20:55:00,6921.10009765625,6924.009765625,6920.89013671875,6923.2001953125,183788000
2026-01-09 14:30:00,6935.7001953125,6939.68017578125,6927.830078125,6927.830078125,0
2026-01-09 14:35:00,6945.81982421875,6949.25,6935.080078125,6935.080078125,55789573
2026-01-09 14:40:00,6940.759765625,6948.259765625,6938.27001953125,6945.56005859375,46211767
2026-01-09 14:45:00,6935.77978515625,6944.16015625,6931.4599609375,6940.56982421875,51674358
2026-01-09 14:50:00,6939.66015625,6942.97998046875,6933.08984375,6935.5400390625,47072717
2026-01-09 14:55:00,6941.60986328125,6941.9599609375,6932.8798828125,6939.97021484375,38169158
2026-01-09 15:00:00,6931.58984375,6945.330078125,6931.58984375,6941.52001953125,52626999
2026-01-09 15:05:00,6921.509765625,6932.009765625,6917.64013671875,6931.52001953125,48085924
2026-01-09 15:10:00,6938.72021484375,6938.85986328125,6921.10009765625,6921.43994140625,43213816
2026-01-09 15:15:00,6940.89013671875,6941.64990234375,6935.35986328125,6938.72021484375,36348127
2026-01-09 15:20:00,6949.72021484375,6950.39990234375,6938.72021484375,6941.06982421875,37242728
2026-01-09 15:25:00,6957.080078125,6959.02978515625,6949.56005859375,6949.919921875,35236359
2026-01-09 15:30:00,6957.8798828125,6960.43994140625,6952.47998046875,6957.02978515625,38108572
2026-01-09 15:35:00,6954.0498046875,6958.2998046875,6953.89990234375,6958.06982421875,32992332
2026-01-09 15:40:00,6942.7099609375,6954.52978515625,6942.7099609375,6953.9599609375,34879991
2026-01-09 15:45:00,6940.85009765625,6946.66015625,6939.2099609375,6942.56982421875,33794851
2026-01-09 15:50:00,6940.919921875,6946.64013671875,6940.27978515625,6940.830078125,29138981
2026-01-09 15:55:00,6945.75,6945.75,6939.25,6940.8701171875,29708484
2026-01-09 16:00:00,6951.60009765625,6953.0400390625,6945.56005859375,6945.56005859375,29320513
2026-01-09 16:05:00,6957.14990234375,6957.72021484375,6951.22998046875,6951.6298828125,28445086
2026-01-09 16:10:00,6960.64013671875,6961.93017578125,6954.6298828125,6957.1201171875,32254587
2026-01-09 16:15:00,6959.47998046875,6961.02001953125,6958.16015625,6960.6201171875,25260806
2026-01-09 16:20:00,6958.60986328125,6961.10986328125,6957.35986328125,6959.5498046875,26401432
2026-01-09 16:25:00,6954.64990234375,6958.47998046875,6954.580078125,6958.47998046875,23503564
2026-01-09 16:30:00,6952.39990234375,6956.64990234375,6951.580078125,6954.75,25599878
2026-01-09 16:35:00,6954.93994140625,6955.81982421875,6951.02001953125,6952.33984375,23571000
2026-01-09 16:40:00,6957.2099609375,6957.830078125,6952.89990234375,6954.990234375,24721000
2026-01-09 16:45:00,6962.18017578125,6962.56982421875,6957.080078125,6957.18994140625,24731000
2026-01-09 16:50:00,6965.14990234375,6965.89013671875,6962.14013671875,6962.240234375,24295000
2026-01-09 16:55:00,6964.27978515625,6965.85009765625,6963.9599609375,6965.18017578125,22932000
2026-01-09 17:00:00,6967.77001953125,6967.77001953125,6963.08984375,6964.1201171875,24343000
2026-01-09 17:05:00,6967.2998046875,6968.419921875,6966.75,6967.7099609375,21609000
2026-01-09 17:10:00,6967.14990234375,6967.4501953125,6965.0498046875,6967.39013671875,23082000
2026-01-09 17:15:00,6963.85009765625,6967.14990234375,6963.4599609375,6967.10986328125,21393000
2026-01-09 17:20:00,6968.1298828125,6968.27978515625,6963.77978515625,6963.81982421875,23476000
2026-01-09 17:25:00,6968.009765625,6969.52001953125,6967.5400390625,6968.08984375,19967000
2026-01-09 17:30:00,6970.0400390625,6970.41015625,6967.27001953125,6968.06005859375,21191000
2026-01-09 17:35:00,6969.31982421875,6970.25,6968.419921875,6970.10986328125,28169000
2026-01-09 17:40:00,6966.580078125,6969.35009765625,6966.0400390625,6969.35009765625,21512000
2026-01-09 17:45:00,6967.740234375,6968.64013671875,6966.2099609375,6966.47998046875,22136000
2026-01-09 17:50:00,6966.58984375,6969.47998046875,6966.419921875,6967.5400390625,20194000
2026-01-09 17:55:00,6965.89013671875,6967.93994140625,6965.7099609375,6966.5498046875,22171000
2026-01-09 18:00:00,6963.1298828125,6965.85986328125,6962.4599609375,6965.85986328125,22302000
2026-01-09 18:05:00,6961.080078125,6965.9599609375,6960.77978515625,6963.0400390625,20110000
2026-01-09 18:10:00,6962.89013671875,6963.14013671875,6961.06005859375,6961.08984375,20786000
2026-01-09 18:15:00,6962.490234375,6964.41015625,6962.18017578125,6962.85009765625,18477000
2026-01-09 18:20:00,6962.02001953125,6962.9599609375,6961.60986328125,6962.47021484375,20562000
2026-01-09 18:25:00,6964.43017578125,6964.5498046875,6959.68017578125,6962.06005859375,20914000
2026-01-09 18:30:00,6967.990234375,6968.64990234375,6964.31982421875,6964.47998046875,21660000
2026-01-09 18:35:00,6972.56982421875,6972.89990234375,6967.83984375,6968.009765625,20531000
2026-01-09 18:40:00,6971.169921875,6974.4599609375,6971.1298828125,6972.64013671875,22860000
2026-01-09 18:45:00,6971.93017578125,6972.35009765625,6970.2001953125,6971.10986328125,21696000
2026-01-09 18:50:00,6971.240234375,6972.08984375,6970.3798828125,6971.89990234375,20420000
2026-01-09 18:55:00,6971.4599609375,6972.2998046875,6970.4501953125,6971.27978515625,21465000
2026-01-09 19:00:00,6970.97998046875,6971.43994140625,6969.56982421875,6971.27001953125,25646000
2026-01-09 19:05:00,6972.4501953125,6972.47998046875,6970.25,6970.990234375,22087000
2026-01-09 19:10:00,6971.72021484375,6973.330078125,6971.02978515625,6972.509765625,20823000
2026-01-09 19:15:00,6973.7001953125,6974.22021484375,6971.68994140625,6971.68994140625,22267000
2026-01-09 19:20:00,6973.8701171875,6974.52978515625,6973.02978515625,6973.64990234375,22122000
2026-01-09 19:25:00,6974.10009765625,6974.3798828125,6972.669921875,6973.93017578125,21023000
2026-01-09 19:30:00,6973.5400390625,6974.990234375,6973.0400390625,6974.06982421875,22401000
2026-01-09 19:35:00,6973.7900390625,6974.2998046875,6973.169921875,6973.490234375,21616000
2026-01-09 19:40:00,6973.72998046875,6974.06005859375,6973.02001953125,6973.72998046875,20264000
2026-01-09 19:45:00,6975.740234375,6976.56005859375,6973.27978515625,6973.77001953125,22189000
2026-01-09 19:50:00,6976.240234375,6977.60009765625,6975.7001953125,6975.7001953125,22172000
2026-01-09 19:55:00,6974.31982421875,6976.35986328125,6974.22998046875,6976.35986328125,25241000
2026-01-09 20:00:00,6975.759765625,6977.18017578125,6973.5400390625,6974.31005859375,26311000
2026-01-09 20:05:00,6974.93994140625,6976.68994140625,6974.89990234375,6975.759765625,24129000
2026-01-09 20:10:00,6973.9599609375,6975.4501953125,6973.52001953125,6974.97021484375,25233000
2026-01-09 20:15:00,6975.22998046875,6975.85986328125,6973.47998046875,6973.97998046875,28333000
2026-01-09 20:20:00,6977.7900390625,6978.35986328125,6975.240234375,6975.240234375,29240000
2026-01-09 20:25:00,6975.740234375,6978.330078125,6975.72021484375,6977.72021484375,30312000
2026-01-09 20:30:00,6976.85009765625,6976.91015625,6974.509765625,6975.68017578125,38787000
2026-01-09 20:35:00,6974.0400390625,6976.91015625,6974.009765625,6976.83984375,37241000
2026-01-09 20:40:00,6973.7099609375,6974.52001953125,6972.1298828125,6974.0,39174000
2026-01-09 20:45:00,6972.7998046875,6974.52978515625,6972.41015625,6973.68017578125,49529000
2026-01-09 20:50:00,6970.77001953125,6973.41015625,6969.259765625,6972.89013671875,83441000
2026-01-09 20:55:00,6965.990234375,6970.89013671875,6965.60009765625,6970.89013671875,183939000
2026-01-12 14:30:00,6943.759765625,6948.18994140625,6934.9501953125,6944.1201171875,0
2026-01-12 14:35:00,6951.22021484375,6952.6201171875,6941.9501953125,6944.10986328125,58452809
2026-01-12 14:40:00,6953.10986328125,6957.47021484375,6949.97998046875,6951.7001953125,50135148
2026-01-12 14:45:00,6955.740234375,6956.509765625,6950.91015625,6953.14013671875,48636751
2026-01-12 14:50:00,6959.919921875,6963.009765625,6954.7099609375,6955.77001953125,40009721
2026-01-12 14:55:00,6962.8798828125,6964.8701171875,6959.77978515625,6959.77978515625,35883323
2026-01-12 15:00:00,6958.509765625,6963.66015625,6957.3701171875,6962.56005859375,41927686
2026-01-12 15:05:00,6958.10009765625,6960.9599609375,6956.85009765625,6958.56982421875,36453074
2026-01-12 15:10:00,6958.8701171875,6959.77978515625,6955.5,6958.06005859375,34040853
2026-01-12 15:15:00,6960.2900390625,6961.08984375,6956.1201171875,6958.64013671875,32914403
2026-01-12 15:20:00,6961.3798828125,6963.60986328125,6958.06005859375,6960.240234375,35735538
2026-01-12 15:25:00,6961.0400390625,6962.64990234375,6959.5,6961.10009765625,36244284
2026-01-12 15:30:00,6956.68994140625,6961.2900390625,6955.0498046875,6961.240234375,35805438
2026-01-12 15:35:00,6959.66015625,6959.9501953125,6955.5,6956.7099609375,32629882
2026-01-12 15:40:00,6959.7099609375,6960.60986328125,6956.31005859375,6959.64013671875,29905917
2026-01-12 15:45:00,6960.16015625,6960.56005859375,6956.39013671875,6959.68994140625,29493800
2026-01-12 15:50:00,6963.3701171875,6963.6298828125,6958.4599609375,6960.2099609375,29114553
2026-01-12 15:55:00,6964.8701171875,6966.169921875,6962.58984375,6963.43017578125,30022364
2026-01-12 16:00:00,6964.81005859375,6964.97021484375,6962.5400390625,6964.85986328125,32580221
2026-01-12 16:05:00,6966.52001953125,6966.93017578125,6964.5400390625,6964.72021484375,27039017
2026-01-12 16:10:00,6970.64990234375,6970.64990234375,6966.330078125,6966.47998046875,26517757
2026-01-12 16:15:00,6971.39990234375,6972.6201171875,6969.3798828125,6970.64013671875,28041332
2026-01-12 16:20:00,6969.27978515625,6972.3701171875,6967.72998046875,6971.2998046875,25291901
2026-01-12 16:25:00,6967.580078125,6969.6201171875,6966.93994140625,6969.47021484375,29410708
2026-01-12 16:30:00,6969.06005859375,6969.43994140625,6966.2998046875,6967.509765625,25028183
2026-01-12 16:35:00,6969.81982421875,6970.89013671875,6968.9599609375,6969.27001953125,25495962
2026-01-12 16:40:00,6969.0498046875,6971.0,6968.2001953125,6969.830078125,21372000
2026-01-12 16:45:00,6971.75,6972.39013671875,6967.97998046875,6969.02001953125,36821000
2026-01-12 16:50:00,6972.9599609375,6972.9599609375,6971.009765625,6971.66015625,22480000
2026-01-12 16:55:00,6971.1298828125,6974.33984375,6971.08984375,6972.759765625,23411000
2026-01-12 17:00:00,6972.60986328125,6974.009765625,6969.7900390625,6971.08984375,25155000
2026-01-12 17:05:00,6969.43017578125,6972.89990234375,6969.0400390625,6972.68017578125,23046000
2026-01-12 17:10:00,6971.35986328125,6972.259765625,6969.52978515625,6969.52978515625,23397000
2026-01-12 17:15:00,6968.91015625,6971.2998046875,6967.93017578125,6971.2998046875,22555000
2026-01-12 17:20:00,6970.27001953125,6972.16015625,6968.47998046875,6968.85986328125,24826000
2026-01-12 17:25:00,6971.10986328125,6971.2099609375,6968.9501953125,6970.2001953125,18923000
2026-01-12 17:30:00,6969.5498046875,6971.18994140625,6968.66015625,6971.10986328125,20893000
2026-01-12 17:35:00,6967.35986328125,6970.0,6967.2001953125,6969.56005859375,19063000
2026-01-12 17:40:00,6969.56005859375,6970.06982421875,6966.43017578125,6967.2900390625,19138000
2026-01-12 17:45:00,6971.41015625,6971.75,6969.5400390625,6969.580078125,20339000
2026-01-12 17:50:00,6972.919921875,6973.22998046875,6969.97998046875,6971.35986328125,19809000
2026-01-12 17:55:00,6971.9501953125,6973.02001953125,6971.759765625,6972.93994140625,18784000
2026-01-12 18:00:00,6974.35009765625,6974.52978515625,6971.25,6972.02001953125,22365000
2026-01-12 18:05:00,6975.4599609375,6975.740234375,6974.330078125,6974.41015625,22550000
2026-01-12 18:10:00,6974.8798828125,6975.740234375,6974.52978515625,6975.4599609375,23435000
2026-01-12 18:15:00,6975.080078125,6975.39990234375,6973.6201171875,6974.990234375,19939000
2026-01-12 18:20:00,6976.56005859375,6977.2900390625,6975.0498046875,6975.0498046875,19098000
2026-01-12 18:25:00,6976.72998046875,6976.97021484375,6975.490234375,6976.669921875,17211000
2026-01-12 18:30:00,6975.509765625,6977.08984375,6974.89990234375,6976.68994140625,18045000
2026-01-12 18:35:00,6976.669921875,6977.0,6974.93994140625,6975.52001953125,18732000
2026-01-12 18:40:00,6976.580078125,6977.330078125,6975.72998046875,6976.64013671875,18900000
2026-01-12 18:45:00,6978.2099609375,6978.6298828125,6976.509765625,6976.52001953125,18977000
2026-01-12 18:50:00,6976.83984375,6978.77978515625,6976.83984375,6978.22021484375,20080000
2026-01-12 18:55:00,6977.52001953125,6977.830078125,6976.64013671875,6976.83984375,18143000
2026-01-12 19:00:00,6975.6298828125,6977.56982421875,6975.22998046875,6977.56982421875,21628000
2026-01-12 19:05:00,6977.7998046875,6977.85986328125,6974.7998046875,6975.58984375,20053000
2026-01-12 19:10:00,6978.2099609375,6978.35009765625,6977.4599609375,6977.7900390625,19989000
2026-01-12 19:15:00,6979.27001953125,6980.10986328125,6977.89013671875,6978.0400390625,20151000
2026-01-12 19:20:00,6979.740234375,6980.22998046875,6978.52001953125,6979.27978515625,23182000
2026-01-12 19:25:00,6978.93994140625,6979.81982421875,6978.64990234375,6979.669921875,22433000
2026-01-12 19:30:00,6982.31005859375,6983.2900390625,6978.7099609375,6978.89013671875,24383000
2026-01-12 19:35:00,6980.93994140625,6982.669921875,6980.52978515625,6982.4501953125,23221000
2026-01-12 19:40:00,6981.759765625,6982.2099609375,6980.72021484375,6980.8798828125,22639000
2026-01-12 19:45:00,6983.43994140625,6983.580078125,6981.669921875,6981.75,21930000
2026-01-12 19:50:00,6984.27978515625,6984.6201171875,6983.0,6983.52001953125,20673000
2026-01-12 19:55:00,6985.08984375,6985.64013671875,6983.91015625,6984.27001953125,23591000
2026-01-12 20:00:00,6983.47021484375,6986.330078125,6983.22021484375,6985.02978515625,26492000
2026-01-12 20:05:00,6984.22021484375,6984.759765625,6983.10009765625,6983.5,25031000
2026-01-12 20:10:00,6981.7099609375,6984.14990234375,6980.919921875,6984.06982421875,25653000
2026-01-12 20:15:00,6980.14013671875,6981.7998046875,6979.72998046875,6981.759765625,27087000
2026-01-12 20:20:00,6978.41015625,6980.4501953125,6977.56982421875,6980.1298828125,26132000
2026-01-12 20:25:00,6978.89990234375,6979.60009765625,6977.77978515625,6978.39990234375,27313000
2026-01-12 20:30:00,6979.39013671875,6979.77978515625,6977.47998046875,6978.7998046875,31628000
2026-01-12 20:35:00,6978.5400390625,6979.18017578125,6977.7001953125,6979.18017578125,32793000
2026-01-12 20:40:00,6978.27978515625,6979.02978515625,6977.080078125,6978.52001953125,38472000
2026-01-12 20:45:00,6979.97021484375,6980.43017578125,6977.85009765625,6978.22021484375,45077000
2026-01-12 20:50:00,6981.4599609375,6982.18994140625,6976.39013671875,6979.97021484375,84368000
2026-01-12 20:55:00,6976.72021484375,6981.39013671875,6976.7099609375,6981.39013671875,179690000
2026-01-13 14:30:00,6983.52001953125,6983.52001953125,6976.64990234375,6977.41015625,0
2026-01-13 14:35:00,6982.64990234375,6985.1201171875,6978.81005859375,6983.3798828125,50917418
2026-01-13 14:40:00,6976.83984375,6985.830078125,6974.81982421875,6982.77001953125,50381509
2026-01-13 14:45:00,6973.0498046875,6976.91015625,6969.97021484375,6976.47998046875,50634345
2026-01-13 14:50:00,6968.83984375,6975.7001953125,6967.75,6972.97021484375,44354009
2026-01-13 14:55:00,6967.85009765625,6973.740234375,6967.85009765625,6968.52001953125,37370196
2026-01-13 15:00:00,6962.22998046875,6969.89990234375,6957.0498046875,6967.16015625,48493602
2026-01-13 15:05:00,6960.41015625,6966.31005859375,6959.85986328125,6962.25,44159483
2026-01-13 15:10:00,6959.669921875,6961.33984375,6957.66015625,6960.35986328125,37842401
2026-01-13 15:15:00,6955.31982421875,6959.56982421875,6952.490234375,6959.56982421875,39039302
2026-01-13 15:20:00,6949.02978515625,6956.5,6947.5,6955.93017578125,38996405
2026-01-13 15:25:00,6951.60009765625,6951.7001953125,6945.68994140625,6948.89013671875,38881972
2026-01-13 15:30:00,6956.330078125,6958.66015625,6950.47998046875,6951.47021484375,37437863
2026-01-13 15:35:00,6956.830078125,6962.22021484375,6955.35986328125,6956.31005859375,35847996
2026-01-13 15:40:00,6955.58984375,6958.8798828125,6954.89013671875,6956.8701171875,32361454
2026-01-13 15:45:00,6952.3798828125,6958.60009765625,6951.72021484375,6955.89013671875,34503093
2026-01-13 15:50:00,6961.2998046875,6961.2998046875,6951.97021484375,6952.14990234375,33746597
2026-01-13 15:55:00,6962.830078125,6965.35009765625,6960.02978515625,6961.259765625,33858588
2026-01-13 16:00:00,6962.009765625,6964.18994140625,6960.64990234375,6962.91015625,33412212
2026-01-13 16:05:00,6963.2099609375,6964.5498046875,6960.9599609375,6962.0400390625,30446947
2026-01-13 16:10:00,6963.580078125,6964.83984375,6962.330078125,6963.2099609375,28975195
2026-01-13 16:15:00,6965.10986328125,6968.14990234375,6963.56005859375,6963.56005859375,28495952
2026-01-13 16:20:00,6963.08984375,6965.919921875,6962.27001953125,6965.10986328125,26931699
2026-01-13 16:25:00,6960.2001953125,6962.990234375,6950.06982421875,6962.990234375,34669921
2026-01-13 16:30:00,6966.259765625,6966.39013671875,6958.3798828125,6960.18017578125,29885000
2026-01-13 16:35:00,6966.240234375,6967.490234375,6963.06982421875,6966.330078125,28329000
2026-01-13 16:40:00,6971.0400390625,6973.02978515625,6965.77978515625,6966.259765625,28555000
2026-01-13 16:45:00,6972.39013671875,6972.4599609375,6969.1201171875,6971.2099609375,29578000
2026-01-13 16:50:00,6976.10986328125,6976.43994140625,6972.330078125,6972.39990234375,31939000
2026-01-13 16:55:00,6973.93994140625,6977.0400390625,6973.85009765625,6976.10986328125,30781000
2026-01-13 17:00:00,6975.35986328125,6976.330078125,6973.5,6973.93017578125,29575000
2026-01-13 17:05:00,6972.16015625,6976.580078125,6972.08984375,6975.47021484375,25097000
2026-01-13 17:10:00,6973.81005859375,6974.06005859375,6971.31982421875,6972.0400390625,26733000
2026-01-13 17:15:00,6967.47021484375,6974.31005859375,6964.56005859375,6973.72021484375,26717000
2026-01-13 17:20:00,6973.169921875,6973.2001953125,6966.66015625,6967.47998046875,22669000
2026-01-13 17:25:00,6970.91015625,6972.9599609375,6967.8701171875,6972.9599609375,22329000
2026-01-13 17:30:00,6970.2001953125,6972.5498046875,6960.64990234375,6970.93994140625,27610000
2026-01-13 17:35:00,6966.6201171875,6970.4501953125,6966.47021484375,6970.10009765625,20513000
2026-01-13 17:40:00,6962.1201171875,6966.77978515625,6961.3701171875,6966.60009765625,20047000
2026-01-13 17:45:00,6964.35986328125,6964.7900390625,6960.77001953125,6961.97021484375,19346000
2026-01-13 17:50:00,6958.56005859375,6965.240234375,6957.06982421875,6964.43017578125,19801000
2026-01-13 17:55:00,6954.31005859375,6958.6201171875,6950.669921875,6958.56005859375,23692000
2026-01-13 18:00:00,6950.8798828125,6954.97998046875,6949.7900390625,6954.240234375,27368000
2026-01-13 18:05:00,6951.6298828125,6956.7001953125,6950.97998046875,6951.0,23848000
2026-01-13 18:10:00,6958.41015625,6958.41015625,6950.31982421875,6951.68017578125,23239000
2026-01-13 18:15:00,6956.85986328125,6959.759765625,6956.72998046875,6958.5400390625,21182000
2026-01-13 18:20:00,6954.14013671875,6956.97021484375,6951.81982421875,6956.85986328125,19302000
2026-01-13 18:25:00,6954.60009765625,6956.02001953125,6952.72998046875,6954.1201171875,19788000
2026-01-13 18:30:00,6957.830078125,6959.22021484375,6953.27978515625,6954.6201171875,22166000
2026-01-13 18:35:00,6961.02001953125,6961.31982421875,6957.83984375,6957.8798828125,20763000
2026-01-13 18:40:00,6955.8701171875,6961.169921875,6955.43017578125,6960.97998046875,20401000
2026-01-13 18:45:00,6955.0400390625,6958.27001953125,6954.64013671875,6955.830078125,21395000
2026-01-13 18:50:00,6954.240234375,6955.0,6950.31005859375,6955.0,22298000
2026-01-13 18:55:00,6952.5400390625,6955.06982421875,6950.8798828125,6954.259765625,21955000
2026-01-13 19:00:00,6949.31982421875,6954.93017578125,6948.6201171875,6952.4501953125,26460000
2026-01-13 19:05:00,6947.9599609375,6951.47998046875,6947.56005859375,6949.22998046875,25487000
2026-01-13 19:10:00,6948.0400390625,6950.1201171875,6947.0498046875,6947.91015625,23503000
2026-01-13 19:15:00,6953.06005859375,6954.52001953125,6947.93017578125,6948.009765625,28225000
2026-01-13 19:20:00,6952.169921875,6955.06982421875,6950.81005859375,6952.740234375,25284000
2026-01-13 19:25:00,6954.89990234375,6955.22021484375,6950.60986328125,6952.18994140625,22299000
2026-01-13 19:30:00,6953.56982421875,6956.509765625,6953.4501953125,6955.10009765625,25832000
2026-01-13 19:35:00,6953.52978515625,6954.6201171875,6952.22021484375,6953.5,21933000
2026-01-13 19:40:00,6953.3701171875,6955.7099609375,6953.31005859375,6953.64013671875,21545000
2026-01-13 19:45:00,6951.75,6953.419921875,6950.56005859375,6953.35986328125,24980000
2026-01-13 19:50:00,6954.58984375,6954.77001953125,6951.7998046875,6951.7998046875,24598000
2026-01-13 19:55:00,6953.3701171875,6956.52001953125,6952.39013671875,6954.52001953125,24184000
2026-01-13 20:00:00,6951.6201171875,6953.56005859375,6950.10986328125,6953.56005859375,30327000
2026-01-13 20:05:00,6951.22021484375,6953.14013671875,6950.5,6951.60009765625,26579000
2026-01-13 20:10:00,6948.41015625,6951.240234375,6948.02978515625,6951.240234375,27988000
2026-01-13 20:15:00,6949.58984375,6950.1201171875,6948.10986328125,6948.31982421875,27369000
2026-01-13 20:20:00,6948.6201171875,6949.7998046875,6946.56982421875,6949.64990234375,28565000
2026-01-13 20:25:00,6944.77001953125,6948.56982421875,6944.77001953125,6948.5498046875,31977000
2026-01-13 20:30:00,6940.39013671875,6945.14013671875,6938.77001953125,6944.75,37020000
2026-01-13 20:35:00,6944.490234375,6944.490234375,6938.85009765625,6940.47998046875,39259000
2026-01-13 20:40:00,6946.7900390625,6947.27978515625,6944.47021484375,6944.47021484375,54252000
2026-01-13 20:45:00,6947.7099609375,6948.97998046875,6944.93017578125,6946.85986328125,56902000
2026-01-13 20:50:00,6959.60009765625,6959.60009765625,6947.8701171875,6947.8701171875,90230000
2026-01-13 20:55:00,6962.97998046875,6964.39990234375,6957.080078125,6959.66015625,188589000
2026-01-14 14:30:00,6940.08984375,6940.72021484375,6923.169921875,6937.41015625,146462751
2026-01-14 14:35:00,6930.56005859375,6941.2998046875,6928.9599609375,6940.240234375,55670522
2026-01-14 14:40:00,6919.7900390625,6933.93994140625,6919.14990234375,6930.419921875,52554770
2026-01-14 14:45:00,6925.43017578125,6927.85986328125,6916.240234375,6920.18994140625,48761769
2026-01-14 14:50:00,6921.830078125,6925.990234375,6917.259765625,6925.7900390625,43493979
2026-01-14 14:55:00,6912.06982421875,6921.7001953125,6912.06982421875,6921.7001953125,42490434
2026-01-14 15:00:00,6906.60009765625,6911.35009765625,6902.669921875,6911.35009765625,54890015
2026-01-14 15:05:00,6912.6201171875,6912.7998046875,6905.27978515625,6906.60986328125,39581417
2026-01-14 15:10:00,6930.25,6930.47998046875,6909.4501953125,6912.7099609375,47672745
2026-01-14 15:15:00,6926.0400390625,6932.2998046875,6925.22021484375,6930.7099609375,42721832
2026-01-14 15:20:00,6923.509765625,6927.56982421875,6920.18994140625,6926.06005859375,36234462
2026-01-14 15:25:00,6912.240234375,6923.990234375,6911.9501953125,6923.35986328125,33255698
2026-01-14 15:30:00,6905.66015625,6912.3798828125,6904.7998046875,6912.3798828125,38092408
2026-01-14 15:35:00,6910.9501953125,6910.9501953125,6903.740234375,6905.580078125,37665054
2026-01-14 15:40:00,6902.490234375,6913.93017578125,6901.41015625,6910.97021484375,32545170
2026-01-14 15:45:00,6890.990234375,6904.08984375,6890.75,6902.47021484375,35477155
2026-01-14 15:50:00,6894.93994140625,6895.0,6889.7998046875,6891.009765625,32934092
2026-01-14 15:55:00,6896.2900390625,6899.60009765625,6894.93994140625,6894.93994140625,30984667
2026-01-14 16:00:00,6899.68994140625,6900.43017578125,6895.740234375,6896.39013671875,28054625
2026-01-14 16:05:00,6896.31005859375,6900.81005859375,6894.490234375,6899.85986328125,27317144
2026-01-14 16:10:00,6898.2099609375,6899.58984375,6894.47021484375,6896.14013671875,29166267
2026-01-14 16:15:00,6901.0,6901.18994140625,6897.490234375,6898.14013671875,27874457
2026-01-14 16:20:00,6912.56982421875,6913.009765625,6901.0498046875,6901.0498046875,31145685
2026-01-14 16:25:00,6916.14990234375,6917.52978515625,6911.06005859375,6912.56982421875,34747882
2026-01-14 16:30:00,6912.02001953125,6918.8798828125,6910.740234375,6916.10009765625,34455000
2026-01-14 16:35:00,6908.080078125,6912.14013671875,6904.259765625,6912.14013671875,29497000
2026-01-14 16:40:00,6899.919921875,6908.009765625,6899.85986328125,6908.009765625,28855000
2026-01-14 16:45:00,6893.0498046875,6899.919921875,6892.47021484375,6899.919921875,29838000
2026-01-14 16:50:00,6888.740234375,6893.10986328125,6886.6201171875,6893.10986328125,30094000
2026-01-14 16:55:00,6890.08984375,6890.39013671875,6885.740234375,6888.56982421875,26667000
2026-01-14 17:00:00,6890.240234375,6895.35009765625,6887.6298828125,6890.080078125,29703000
2026-01-14 17:05:00,6896.85009765625,6897.02978515625,6889.85986328125,6890.169921875,26004000
2026-01-14 17:10:00,6896.5,6897.3798828125,6894.169921875,6896.81005859375,23775000
2026-01-14 17:15:00,6890.0400390625,6896.509765625,6887.06005859375,6896.509765625,26028000
2026-01-14 17:20:00,6892.2001953125,6892.25,6886.7099609375,6889.7900390625,24065000
2026-01-14 17:25:00,6895.22998046875,6896.97998046875,6891.5400390625,6892.259765625,25723000
2026-01-14 17:30:00,6887.06982421875,6895.18017578125,6886.509765625,6895.18017578125,25408000
2026-01-14 17:35:00,6890.02978515625,6891.3798828125,6887.10986328125,6887.10986328125,22753000
2026-01-14 17:40:00,6894.06005859375,6894.06005859375,6889.6298828125,6889.9599609375,21586000
2026-01-14 17:45:00,6896.16015625,6898.580078125,6893.72021484375,6893.990234375,22417000
2026-01-14 17:50:00,6889.06005859375,6896.02978515625,6886.3701171875,6896.02978515625,25392000
2026-01-14 17:55:00,6890.47998046875,6891.4501953125,6887.5,6889.22998046875,21673000
2026-01-14 18:00:00,6895.68994140625,6896.06982421875,6889.85009765625,6890.60009765625,22452000
2026-01-14 18:05:00,6895.81005859375,6896.66015625,6893.419921875,6895.6298828125,20743000
2026-01-14 18:10:00,6897.759765625,6898.330078125,6893.240234375,6895.7001953125,26227000
2026-01-14 18:15:00,6895.419921875,6897.72998046875,6893.58984375,6897.669921875,24729000
2026-01-14 18:20:00,6896.009765625,6897.9501953125,6895.02001953125,6895.06982421875,24704000
2026-01-14 18:25:00,6900.490234375,6900.580078125,6893.8798828125,6895.97021484375,22109000
2026-01-14 18:30:00,6891.83984375,6902.080078125,6890.64990234375,6900.490234375,23285000
2026-01-14 18:35:00,6888.60986328125,6892.91015625,6887.18017578125,6891.93994140625,25400000
2026-01-14 18:40:00,6893.0498046875,6893.0498046875,6888.5400390625,6888.60009765625,22174000
2026-01-14 18:45:00,6895.2001953125,6897.7001953125,6892.35986328125,6893.08984375,23807000
2026-01-14 18:50:00,6901.669921875,6903.91015625,6895.1201171875,6895.2099609375,24560000
2026-01-14 18:55:00,6905.27001953125,6906.22021484375,6900.43994140625,6901.7099609375,22603000
2026-01-14 19:00:00,6903.58984375,6905.97021484375,6902.85986328125,6905.2900390625,25422000
2026-01-14 19:05:00,6902.81005859375,6903.7900390625,6900.7099609375,6903.58984375,24005000
2026-01-14 19:10:00,6903.89990234375,6904.52001953125,6900.919921875,6902.83984375,22517000
2026-01-14 19:15:00,6905.31982421875,6905.56005859375,6901.89990234375,6903.97998046875,25989000
2026-01-14 19:20:00,6905.740234375,6907.1201171875,6903.68017578125,6905.3798828125,23975000
2026-01-14 19:25:00,6905.27001953125,6906.1298828125,6903.18017578125,6905.68994140625,23781000
2026-01-14 19:30:00,6904.08984375,6907.7998046875,6903.8798828125,6905.31982421875,26636000
2026-01-14 19:35:00,6906.240234375,6906.52001953125,6902.1298828125,6904.18017578125,23775000
2026-01-14 19:40:00,6905.68017578125,6907.580078125,6904.47998046875,6906.25,23553000
2026-01-14 19:45:00,6907.0,6907.77978515625,6904.4599609375,6905.669921875,22891000
2026-01-14 19:50:00,6906.419921875,6909.85986328125,6906.3798828125,6907.009765625,26220000
2026-01-14 19:55:00,6904.33984375,6907.169921875,6903.669921875,6906.2998046875,30282000
2026-01-14 20:00:00,6907.7998046875,6910.169921875,6897.60009765625,6904.7998046875,51266000
2026-01-14 20:05:00,6916.16015625,6920.31982421875,6907.41015625,6907.7099609375,40316000
2026-01-14 20:10:00,6911.91015625,6918.56005859375,6911.7900390625,6916.06982421875,33767000
2026-01-14 20:15:00,6910.52001953125,6912.7099609375,6906.68994140625,6911.7998046875,33998000
2026-01-14 20:20:00,6913.8798828125,6913.93994140625,6907.93017578125,6910.39990234375,33719000
2026-01-14 20:25:00,6915.4599609375,6915.740234375,6911.56982421875,6913.8798828125,36665000
2026-01-14 20:30:00,6923.93994140625,6925.580078125,6915.6298828125,6915.68017578125,42348000
2026-01-14 20:35:00,6925.81005859375,6928.33984375,6923.02001953125,6923.81005859375,47850000
2026-01-14 20:40:00,6915.3701171875,6927.60986328125,6915.3701171875,6925.9501953125,46752000
2026-01-14 20:45:00,6911.669921875,6916.35986328125,6910.68017578125,6915.490234375,56327000
2026-01-14 20:50:00,6920.60986328125,6921.47998046875,6911.27001953125,6911.27001953125,96983000
2026-01-14 20:55:00,6928.41015625,6928.41015625,6920.68994140625,6920.68994140625,207543000
2026-01-15 14:30:00,6966.47998046875,6972.14990234375,6965.3701171875,6969.4599609375,0
2026-01-15 14:35:00,6966.31982421875,6968.4599609375,6962.77001953125,6966.56982421875,56107384
2026-01-15 14:40:00,6965.14013671875,6969.72021484375,6960.740234375,6966.22021484375,54505603
2026-01-15 14:45:00,6966.18017578125,6970.419921875,6962.81982421875,6965.52978515625,49821935
2026-01-15 14:50:00,6964.81005859375,6966.60009765625,6956.7001953125,6966.31005859375,42901725
2026-01-15 14:55:00,6961.81005859375,6967.02978515625,6961.740234375,6965.1201171875,40372895
2026-01-15 15:00:00,6961.43994140625,6964.5498046875,6959.990234375,6960.81005859375,43419767
2026-01-15 15:05:00,6963.509765625,6963.56005859375,6957.43017578125,6961.47021484375,39725448
2026-01-15 15:10:00,6964.68994140625,6966.4501953125,6960.25,6963.47998046875,38612560
2026-01-15 15:15:00,6964.9599609375,6967.2900390625,6961.39013671875,6964.66015625,37068945
2026-01-15 15:20:00,6969.2998046875,6971.52001953125,6962.93994140625,6964.93017578125,36757837
2026-01-15 15:25:00,6963.60009765625,6969.39013671875,6960.9501953125,6969.39013671875,37036917
2026-01-15 15:30:00,6970.35009765625,6970.52001953125,6963.4599609375,6963.7900390625,36279517
2026-01-15 15:35:00,6970.22998046875,6973.77978515625,6968.14013671875,6970.4501953125,32168118
2026-01-15 15:40:00,6963.8701171875,6972.259765625,6963.60986328125,6970.169921875,32895197
2026-01-15 15:45:00,6957.83984375,6964.490234375,6957.6298828125,6963.7099609375,31865794
2026-01-15 15:50:00,6958.7998046875,6960.7001953125,6955.4599609375,6957.919921875,28948232
2026-01-15 15:55:00,6969.97021484375,6970.18994140625,6956.4599609375,6958.9599609375,35017941
2026-01-15 16:00:00,6972.77001953125,6973.4501953125,6968.56005859375,6969.60009765625,31046916
2026-01-15 16:05:00,6971.4501953125,6973.009765625,6969.2998046875,6972.759765625,28220968
2026-01-15 16:10:00,6969.56005859375,6971.52978515625,6968.52978515625,6971.509765625,26169000
2026-01-15 16:15:00,6973.2998046875,6973.35986328125,6968.47998046875,6969.6298828125,26033328
2026-01-15 16:20:00,6975.22021484375,6975.85009765625,6970.64990234375,6973.22021484375,25854208
2026-01-15 16:25:00,6973.4501953125,6975.240234375,6970.27001953125,6975.240234375,32354533
2026-01-15 16:30:00,6970.81982421875,6974.83984375,6970.72998046875,6973.509765625,27468764
2026-01-15 16:35:00,6973.7001953125,6974.06005859375,6969.64990234375,6970.8701171875,24320000
2026-01-15 16:40:00,6974.830078125,6975.0498046875,6972.56005859375,6973.740234375,22773000
2026-01-15 16:45:00,6975.97998046875,6976.6201171875,6972.43017578125,6974.77978515625,23716000
2026-01-15 16:50:00,6976.10986328125,6978.2001953125,6973.9501953125,6975.93017578125,23446000
2026-01-15 16:55:00,6975.47021484375,6976.1298828125,6973.93994140625,6976.080078125,24429000
2026-01-15 17:00:00,6978.669921875,6979.06982421875,6974.5400390625,6975.47021484375,25773000
2026-01-15 17:05:00,6978.9599609375,6979.33984375,6976.830078125,6978.64013671875,22278000
2026-01-15 17:10:00,6974.919921875,6979.0,6974.6201171875,6979.0,24014000
2026-01-15 17:15:00,6975.02001953125,6975.3798828125,6971.89990234375,6975.0498046875,22182000
2026-01-15 17:20:00,6973.43994140625,6975.47021484375,6973.16015625,6975.0,20412000
2026-01-15 17:25:00,6969.58984375,6973.81982421875,6969.2001953125,6973.419921875,20310000
2026-01-15 17:30:00,6968.52978515625,6971.02001953125,6967.22998046875,6969.64013671875,20399000
2026-01-15 17:35:00,6969.85009765625,6970.4599609375,6966.47998046875,6968.47998046875,28559000
2026-01-15 17:40:00,6971.830078125,6971.830078125,6968.8798828125,6969.83984375,24376000
2026-01-15 17:45:00,6970.77978515625,6974.72998046875,6970.52978515625,6971.89990234375,23085000
2026-01-15 17:50:00,6969.080078125,6972.6298828125,6968.93017578125,6970.7998046875,20628000
2026-01-15 17:55:00,6964.490234375,6969.2099609375,6964.18017578125,6969.02001953125,21714000
2026-01-15 18:00:00,6970.0498046875,6970.10009765625,6963.9599609375,6964.5,23591000
2026-01-15 18:05:00,6971.9599609375,6972.5,6968.39013671875,6970.06982421875,18883000
2026-01-15 18:10:00,6970.68994140625,6972.5400390625,6968.759765625,6971.93994140625,20844000
2026-01-15 18:15:00,6970.64013671875,6970.8798828125,6968.72998046875,6970.669921875,18063000
2026-01-15 18:20:00,6972.27978515625,6973.06005859375,6970.64013671875,6970.64013671875,18914000
2026-01-15 18:25:00,6973.85009765625,6973.85009765625,6971.0498046875,6972.31005859375,20022000
2026-01-15 18:30:00,6975.39013671875,6976.06982421875,6973.4599609375,6973.77978515625,23442000
2026-01-15 18:35:00,6973.990234375,6976.93017578125,6972.97998046875,6975.52001953125,22327000
2026-01-15 18:40:00,6974.58984375,6975.10009765625,6973.2001953125,6973.9599609375,21615000
2026-01-15 18:45:00,6973.56005859375,6975.330078125,6973.2998046875,6974.580078125,20401000
2026-01-15 18:50:00,6972.64013671875,6973.669921875,6971.06005859375,6973.47021484375,21886000
2026-01-15 18:55:00,6972.16015625,6973.0400390625,6971.25,6972.669921875,25357000
2026-01-15 19:00:00,6966.669921875,6972.10009765625,6965.740234375,6972.10009765625,27610000
2026-01-15 19:05:00,6968.81982421875,6969.0498046875,6962.669921875,6966.4501953125,24424000
2026-01-15 19:10:00,6967.990234375,6970.5,6966.89990234375,6968.97998046875,22485000
2026-01-15 19:15:00,6966.93994140625,6969.1298828125,6965.7001953125,6967.9599609375,21606000
2026-01-15 19:20:00,6965.85986328125,6967.81982421875,6964.60986328125,6967.0,22742000
2026-01-15 19:25:00,6961.02001953125,6965.97021484375,6960.080078125,6965.81982421875,24030000
2026-01-15 19:30:00,6956.8701171875,6960.8798828125,6951.43994140625,6960.8798828125,32014000
2026-01-15 19:35:00,6958.9501953125,6959.009765625,6954.27978515625,6956.83984375,24083000
2026-01-15 19:40:00,6958.93994140625,6961.85986328125,6957.77001953125,6958.97021484375,24452000
2026-01-15 19:45:00,6958.68994140625,6959.35986328125,6956.509765625,6958.93017578125,26334000
2026-01-15 19:50:00,6956.68017578125,6960.759765625,6956.2998046875,6958.64990234375,22047000
2026-01-15 19:55:00,6952.7998046875,6956.77978515625,6950.91015625,6956.77978515625,25697000
2026-01-15 20:00:00,6953.1201171875,6954.56005859375,6948.68017578125,6952.7998046875,25490000
2026-01-15 20:05:00,6951.85986328125,6954.75,6951.14013671875,6953.240234375,26144000
2026-01-15 20:10:00,6949.18017578125,6953.169921875,6949.10009765625,6951.7998046875,29064000
2026-01-15 20:15:00,6941.7001953125,6949.14013671875,6941.6298828125,6949.06982421875,34400000
2026-01-15 20:20:00,6941.08984375,6944.27001953125,6937.93017578125,6941.52001953125,33255000
2026-01-15 20:25:00,6942.7001953125,6943.06005859375,6938.60009765625,6941.06005859375,32987000
2026-01-15 20:30:00,6943.1201171875,6943.75,6939.7998046875,6942.72998046875,37940000
2026-01-15 20:35:00,6941.72998046875,6946.66015625,6938.8798828125,6943.080078125,39682000
2026-01-15 20:40:00,6940.83984375,6944.60009765625,6940.2998046875,6941.740234375,43746000
2026-01-15 20:45:00,6939.14990234375,6942.7900390625,6938.52978515625,6940.91015625,50285000
2026-01-15 20:50:00,6943.56982421875,6943.72021484375,6938.2900390625,6939.10009765625,88322000
2026-01-15 20:55:00,6944.97021484375,6944.97021484375,6940.02978515625,6944.02978515625,189131000
2026-01-16 14:30:00,6963.66015625,6967.2998046875,6956.3798828125,6960.5400390625,0
2026-01-16 14:35:00,6961.81982421875,6967.240234375,6960.64013671875,6963.68017578125,56765774
2026-01-16 14:40:00,6954.66015625,6962.43017578125,6954.5498046875,6961.5498046875,49340655
2026-01-16 14:45:00,6957.43017578125,6962.14013671875,6954.740234375,6954.740234375,50558404
2026-01-16 14:50:00,6952.0,6958.7900390625,6950.97998046875,6957.77001953125,44124010
2026-01-16 14:55:00,6943.39013671875,6952.4501953125,6943.22021484375,6952.0400390625,43801567
2026-01-16 15:00:00,6944.8798828125,6947.52001953125,6939.580078125,6943.47021484375,50631719
2026-01-16 15:05:00,6950.91015625,6951.7001953125,6944.7099609375,6944.7099609375,42251699
2026-01-16 15:10:00,6946.72021484375,6951.7998046875,6945.02978515625,6950.9501953125,39219218
2026-01-16 15:15:00,6939.89990234375,6949.27001953125,6939.56005859375,6946.68994140625,37108868
2026-01-16 15:20:00,6949.77978515625,6949.77978515625,6939.93017578125,6939.93017578125,33365424
2026-01-16 15:25:00,6940.580078125,6949.64990234375,6940.080078125,6949.64990234375,34340937
2026-01-16 15:30:00,6934.89013671875,6941.419921875,6933.72021484375,6940.5400390625,33981522
2026-01-16 15:35:00,6931.4599609375,6934.7900390625,6930.4599609375,6934.7900390625,36519652
2026-01-16 15:40:00,6930.85986328125,6931.4599609375,6925.08984375,6931.4599609375,36051913
2026-01-16 15:45:00,6935.68017578125,6935.68017578125,6928.27978515625,6930.93994140625,30035176
2026-01-16 15:50:00,6937.27978515625,6937.47998046875,6932.2900390625,6935.6298828125,28610643
2026-01-16 15:55:00,6942.2001953125,6942.2001953125,6936.56982421875,6937.2900390625,29080538
2026-01-16 16:00:00,6940.5,6944.9599609375,6939.6298828125,6942.3701171875,33276951
2026-01-16 16:05:00,6948.2900390625,6948.2998046875,6940.2001953125,6940.52001953125,29418817
2026-01-16 16:10:00,6946.419921875,6950.10009765625,6945.169921875,6948.2998046875,30301000
2026-01-16 16:15:00,6947.72021484375,6948.3798828125,6945.60986328125,6946.47998046875,26629000
2026-01-16 16:20:00,6948.81005859375,6951.91015625,6947.93994140625,6947.990234375,25486000
2026-01-16 16:25:00,6951.08984375,6951.43994140625,6947.06982421875,6948.7998046875,28014000
2026-01-16 16:30:00,6951.6298828125,6955.02001953125,6950.9501953125,6951.4599609375,26729000
2026-01-16 16:35:00,6954.009765625,6954.8798828125,6951.64990234375,6951.64990234375,26994000
2026-01-16 16:40:00,6955.39990234375,6956.009765625,6952.93017578125,6953.830078125,26965000
2026-01-16 16:45:00,6955.43994140625,6958.39990234375,6954.31982421875,6955.47021484375,23892000
2026-01-16 16:50:00,6953.35009765625,6958.06982421875,6953.33984375,6955.39013671875,28683000
2026-01-16 16:55:00,6950.5498046875,6953.2099609375,6945.97998046875,6953.2099609375,31842000
2026-01-16 17:00:00,6950.22998046875,6950.7001953125,6949.1201171875,6950.5400390625,25272000
2026-01-16 17:05:00,6949.56005859375,6953.25,6949.39990234375,6950.4599609375,24300000
2026-01-16 17:10:00,6951.27978515625,6952.0498046875,6949.43017578125,6949.60986328125,23448000
2026-01-16 17:15:00,6951.169921875,6952.97021484375,6950.22021484375,6951.39990234375,23383000
2026-01-16 17:20:00,6951.43994140625,6953.5400390625,6950.93017578125,6951.169921875,22627000
2026-01-16 17:25:00,6949.240234375,6951.39990234375,6948.580078125,6951.330078125,23096000
2026-01-16 17:30:00,6950.5,6950.83984375,6946.72998046875,6949.22998046875,25911000
2026-01-16 17:35:00,6950.080078125,6952.72998046875,6949.60009765625,6950.35986328125,21770000
2026-01-16 17:40:00,6950.669921875,6951.2099609375,6948.52001953125,6949.97998046875,22316000
2026-01-16 17:45:00,6947.10009765625,6950.72998046875,6946.16015625,6950.72998046875,25695000
2026-01-16 17:50:00,6947.0498046875,6948.080078125,6945.2001953125,6947.02001953125,21461000
2026-01-16 17:55:00,6942.68017578125,6948.81982421875,6942.68017578125,6947.0,23055000
2026-01-16 18:00:00,6947.39990234375,6948.14990234375,6942.85009765625,6942.85009765625,23298000
2026-01-16 18:05:00,6950.68017578125,6950.759765625,6947.2001953125,6947.35986328125,21577000
2026-01-16 18:10:00,6949.83984375,6951.14013671875,6948.83984375,6950.81005859375,20877000
2026-01-16 18:15:00,6953.35986328125,6953.8701171875,6949.7900390625,6949.7900390625,22878000
2026-01-16 18:20:00,6955.02978515625,6955.06005859375,6952.990234375,6953.52001953125,21509000
2026-01-16 18:25:00,6954.0498046875,6955.759765625,6953.56005859375,6955.06982421875,19353000
2026-01-16 18:30:00,6956.0498046875,6956.4599609375,6953.81982421875,6954.10986328125,19002000
2026-01-16 18:35:00,6953.75,6956.0,6953.6298828125,6956.0,18635000
2026-01-16 18:40:00,6952.47998046875,6954.10986328125,6952.009765625,6953.66015625,20596000
2026-01-16 18:45:00,6951.89013671875,6953.75,6951.06005859375,6952.5400390625,18623000
2026-01-16 18:50:00,6951.64990234375,6952.66015625,6950.10009765625,6951.7900390625,19378000
2026-01-16 18:55:00,6950.169921875,6951.91015625,6950.0,6951.64990234375,19516000
2026-01-16 19:00:00,6957.93017578125,6958.080078125,6950.0,6950.18017578125,30433000
2026-01-16 19:05:00,6957.08984375,6960.5,6956.4501953125,6958.0498046875,23775000
2026-01-16 19:10:00,6949.330078125,6957.06982421875,6948.81005859375,6957.06982421875,23302000
2026-01-16 19:15:00,6945.97998046875,6950.259765625,6945.1201171875,6949.3701171875,23293000
2026-01-16 19:20:00,6946.990234375,6947.93994140625,6945.10009765625,6945.9599609375,21812000
2026-01-16 19:25:00,6944.85009765625,6946.89990234375,6943.8701171875,6946.89990234375,21918000
2026-01-16 19:30:00,6948.52978515625,6949.31005859375,6944.5400390625,6944.75,24584000
2026-01-16 19:35:00,6951.06982421875,6952.83984375,6947.56982421875,6948.5498046875,25180000
2026-01-16 19:40:00,6951.1298828125,6954.0498046875,6950.759765625,6951.08984375,23911000
2026-01-16 19:45:00,6951.759765625,6952.72998046875,6951.06982421875,6951.06982421875,25463000
2026-01-16 19:50:00,6953.35986328125,6953.60986328125,6951.2001953125,6951.89990234375,26277000
2026-01-16 19:55:00,6950.89013671875,6953.47021484375,6950.1298828125,6953.3798828125,28809000
2026-01-16 20:00:00,6950.7900390625,6951.7900390625,6949.27001953125,6950.85986328125,27446000
2026-01-16 20:05:00,6951.25,6951.580078125,6949.009765625,6950.83984375,31946000
2026-01-16 20:10:00,6952.080078125,6952.7998046875,6950.3798828125,6951.2998046875,28535000
2026-01-16 20:15:00,6949.9599609375,6951.8701171875,6948.85009765625,6951.68017578125,28185000
2026-01-16 20:20:00,6949.39013671875,6950.7099609375,6948.8798828125,6949.9501953125,27471000
2026-01-16 20:25:00,6945.7900390625,6949.72998046875,6945.7900390625,6949.419921875,34398000
2026-01-16 20:30:00,6943.919921875,6945.740234375,6942.43994140625,6945.72998046875,38572000
2026-01-16 20:35:00,6946.4599609375,6948.0,6943.35009765625,6943.97021484375,38883000
2026-01-16 20:40:00,6944.2099609375,6946.72021484375,6943.9501953125,6946.72021484375,43758000
2026-01-16 20:45:00,6943.06982421875,6944.14990234375,6940.25,6944.14990234375,54633000
2026-01-16 20:50:00,6946.89990234375,6948.52978515625,6942.0498046875,6943.1201171875,102274000
2026-01-16 20:55:00,6939.4599609375,6947.0,6939.22998046875,6947.0,223944000
2026-01-20 14:30:00,6849.0400390625,6865.240234375,6837.75,6865.240234375,0
2026-01-20 14:35:00,6847.43994140625,6852.2998046875,6841.56005859375,6849.5,73201908
2026-01-20 14:40:00,6854.72021484375,6855.7998046875,6839.77001953125,6846.81982421875,65609885
2026-01-20 14:45:00,6846.7001953125,6855.14013671875,6841.97998046875,6855.14013671875,60497616
2026-01-20 14:50:00,6847.419921875,6856.52978515625,6844.9599609375,6846.56005859375,53718045
2026-01-20 14:55:00,6846.41015625,6852.9599609375,6843.77001953125,6847.47998046875,48032668
2026-01-20 15:00:00,6842.4599609375,6845.93994140625,6837.33984375,6845.93994140625,55555169
2026-01-20 15:05:00,6834.9599609375,6846.14990234375,6833.7900390625,6842.52978515625,53340727
2026-01-20 15:10:00,6839.72021484375,6839.85986328125,6833.2900390625,6834.919921875,43630726
2026-01-20 15:15:00,6836.740234375,6843.56005859375,6836.2900390625,6839.990234375,39081011
2026-01-20 15:20:00,6854.06005859375,6856.580078125,6836.22998046875,6836.7099609375,43248078
2026-01-20 15:25:00,6862.06005859375,6863.33984375,6854.25,6854.25,45249158
2026-01-20 15:30:00,6869.1298828125,6869.669921875,6860.509765625,6862.009765625,44531092
2026-01-20 15:35:00,6864.81005859375,6869.85986328125,6863.2998046875,6869.22998046875,43399203
2026-01-20 15:40:00,6866.89990234375,6871.169921875,6863.60986328125,6864.8798828125,35997637
2026-01-20 15:45:00,6861.25,6867.47998046875,6860.080078125,6867.0,36129818
2026-01-20 15:50:00,6857.18017578125,6861.22998046875,6855.39013671875,6861.22998046875,34370565
2026-01-20 15:55:00,6861.43017578125,6861.81982421875,6853.169921875,6856.97998046875,33290772
2026-01-20 16:00:00,6858.759765625,6865.5498046875,6857.93017578125,6861.58984375,35175000
2026-01-20 16:05:00,6860.990234375,6861.35009765625,6853.7998046875,6858.580078125,32128000
2026-01-20 16:10:00,6863.330078125,6868.7001953125,6861.0498046875,6861.0498046875,33418000
2026-01-20 16:15:00,6860.93994140625,6863.6201171875,6858.83984375,6863.47998046875,28955000
2026-01-20 16:20:00,6853.830078125,6862.72998046875,6853.830078125,6861.06005859375,31158000
2026-01-20 16:25:00,6862.22998046875,6862.52001953125,6849.66015625,6853.89013671875,35468000
2026-01-20 16:30:00,6862.52978515625,6862.64013671875,6857.2099609375,6862.35009765625,30504000
2026-01-20 16:35:00,6866.0,6866.06005859375,6860.91015625,6862.58984375,31080000
2026-01-20 16:40:00,6853.5400390625,6866.7001953125,6853.14990234375,6866.10009765625,31889000
2026-01-20 16:45:00,6856.0400390625,6856.0400390625,6851.009765625,6853.47021484375,28195000
2026-01-20 16:50:00,6848.27001953125,6861.43994140625,6847.47998046875,6856.08984375,32076000
2026-01-20 16:55:00,6860.7099609375,6862.22998046875,6847.68994140625,6848.35986328125,30558000
2026-01-20 17:00:00,6858.169921875,6862.31005859375,6858.08984375,6860.60009765625,28249000
2026-01-20 17:05:00,6853.41015625,6859.919921875,6853.0400390625,6858.14013671875,36822000
2026-01-20 17:10:00,6853.89013671875,6856.3701171875,6850.009765625,6853.41015625,24936000
2026-01-20 17:15:00,6851.06005859375,6855.18994140625,6850.08984375,6853.7900390625,21265000
2026-01-20 17:20:00,6846.7001953125,6851.08984375,6846.60986328125,6851.08984375,26428000
2026-01-20 17:25:00,6847.580078125,6849.259765625,6845.43994140625,6846.72021484375,27559000
2026-01-20 17:30:00,6839.93994140625,6847.68017578125,6839.14990234375,6847.68017578125,25450000
2026-01-20 17:35:00,6840.56982421875,6843.0498046875,6837.669921875,6840.0498046875,27543000
2026-01-20 17:40:00,6836.919921875,6845.31005859375,6836.919921875,6840.64990234375,25614000
2026-01-20 17:45:00,6830.91015625,6836.97021484375,6830.0,6836.97021484375,28521000
2026-01-20 17:50:00,6833.6201171875,6834.43994140625,6828.490234375,6830.8798828125,26365000
2026-01-20 17:55:00,6834.2099609375,6835.68994140625,6831.56982421875,6833.509765625,27654000
2026-01-20 18:00:00,6833.240234375,6838.009765625,6833.1201171875,6834.240234375,23647000
2026-01-20 18:05:00,6832.85009765625,6835.5498046875,6832.81005859375,6833.259765625,23329000
2026-01-20 18:10:00,6834.990234375,6837.16015625,6832.509765625,6832.7001953125,23805000
2026-01-20 18:15:00,6831.990234375,6835.02978515625,6830.64013671875,6835.02978515625,24024000
2026-01-20 18:20:00,6828.31982421875,6832.10009765625,6827.759765625,6832.080078125,23862000
2026-01-20 18:25:00,6826.7998046875,6829.39990234375,6826.35986328125,6828.18017578125,23508000
2026-01-20 18:30:00,6822.330078125,6827.14990234375,6821.27978515625,6826.64990234375,26842000
2026-01-20 18:35:00,6817.58984375,6823.52978515625,6817.330078125,6822.2099609375,26652000
2026-01-20 18:40:00,6814.9599609375,6818.580078125,6814.740234375,6817.509765625,28243000
2026-01-20 18:45:00,6812.81005859375,6815.759765625,6812.81005859375,6814.97998046875,26849000
2026-01-20 18:50:00,6804.6201171875,6812.77001953125,6803.990234375,6812.77001953125,27349000
2026-01-20 18:55:00,6810.81005859375,6814.8701171875,6804.6298828125,6804.6298828125,28382000
2026-01-20 19:00:00,6810.89990234375,6815.52001953125,6810.669921875,6810.740234375,30629000
2026-01-20 19:05:00,6809.81982421875,6813.31982421875,6809.0,6810.89013671875,26670000
2026-01-20 19:10:00,6808.259765625,6810.990234375,6805.22021484375,6809.7900390625,24922000
2026-01-20 19:15:00,6805.10009765625,6808.14013671875,6802.9501953125,6808.14013671875,24130000
2026-01-20 19:20:00,6804.4501953125,6806.27001953125,6802.18017578125,6805.06982421875,25069000
2026-01-20 19:25:00,6803.43994140625,6804.41015625,6800.77978515625,6804.41015625,28168000
2026-01-20 19:30:00,6798.81982421875,6803.4501953125,6796.7998046875,6803.4501953125,35305000
2026-01-20 19:35:00,6803.93994140625,6804.85986328125,6796.9599609375,6798.72998046875,30745000
2026-01-20 19:40:00,6801.7900390625,6807.64013671875,6801.1201171875,6803.919921875,28382000
2026-01-20 19:45:00,6801.669921875,6803.0498046875,6800.02001953125,6801.7099609375,26729000
2026-01-20 19:50:00,6804.5,6804.5,6799.47021484375,6801.7001953125,28125000
2026-01-20 19:55:00,6801.7900390625,6804.83984375,6799.41015625,6804.330078125,28887000
2026-01-20 20:00:00,6799.77001953125,6801.9599609375,6797.93994140625,6801.9599609375,32630000
2026-01-20 20:05:00,6798.02001953125,6801.330078125,6797.18994140625,6799.72998046875,32057000
2026-01-20 20:10:00,6793.60986328125,6801.22998046875,6793.52001953125,6798.02978515625,35670000
2026-01-20 20:15:00,6798.77001953125,6803.25,6793.2099609375,6793.72998046875,41048000
2026-01-20 20:20:00,6794.6298828125,6798.72998046875,6792.85986328125,6798.72998046875,38181000
2026-01-20 20:25:00,6796.72021484375,6800.02978515625,6794.080078125,6794.5,42535000
2026-01-20 20:30:00,6797.330078125,6799.8701171875,6794.6201171875,6796.8701171875,43809000
2026-01-20 20:35:00,6793.39990234375,6798.81005859375,6793.06982421875,6797.39990234375,49498000
2026-01-20 20:40:00,6793.10986328125,6794.919921875,6789.77978515625,6793.419921875,52304000
2026-01-20 20:45:00,6793.740234375,6795.580078125,6792.2001953125,6792.89013671875,62832000
2026-01-20 20:50:00,6791.14013671875,6796.9501953125,6789.0498046875,6793.89990234375,107558000
2026-01-20 20:55:00,6796.759765625,6798.7001953125,6789.7001953125,6791.330078125,252551000
2026-01-21 14:30:00,6819.33984375,6826.509765625,6810.7099609375,6810.7099609375,0
2026-01-21 14:35:00,6823.85986328125,6830.0,6816.0400390625,6819.35009765625,76760447
2026-01-21 14:40:00,6823.5,6824.72998046875,6813.3701171875,6824.169921875,63449512
2026-01-21 14:45:00,6835.47021484375,6836.1298828125,6823.330078125,6823.330078125,60967666
2026-01-21 14:50:00,6839.4599609375,6840.41015625,6833.25,6835.64013671875,50521873
2026-01-21 14:55:00,6847.8701171875,6849.97998046875,6839.35986328125,6839.58984375,44317278
2026-01-21 15:00:00,6846.52001953125,6851.2900390625,6846.52001953125,6847.06982421875,50440601
2026-01-21 15:05:00,6844.419921875,6851.5,6844.419921875,6846.6298828125,44769355
2026-01-21 15:10:00,6845.75,6846.77978515625,6840.4501953125,6844.39990234375,47374195
2026-01-21 15:15:00,6851.22021484375,6857.3798828125,6846.0,6846.0,43531152
2026-01-21 15:20:00,6850.4599609375,6852.0400390625,6844.2998046875,6850.97021484375,42047762
2026-01-21 15:25:00,6853.43017578125,6854.0400390625,6846.47021484375,6850.68994140625,39052130
2026-01-21 15:30:00,6861.509765625,6863.22021484375,6853.22021484375,6853.41015625,43485850
2026-01-21 15:35:00,6864.240234375,6868.009765625,6861.22021484375,6861.4501953125,42542414
2026-01-21 15:40:00,6868.22021484375,6869.06982421875,6863.93017578125,6864.2001953125,38888733
2026-01-21 15:45:00,6870.35986328125,6873.93017578125,6868.06982421875,6868.06982421875,37707435
2026-01-21 15:50:00,6874.47998046875,6874.56005859375,6870.2001953125,6870.39990234375,38888404
2026-01-21 15:55:00,6870.6298828125,6874.89013671875,6870.22998046875,6874.60009765625,37692641
2026-01-21 16:00:00,6868.0498046875,6871.27978515625,6868.009765625,6870.68017578125,35580293
2026-01-21 16:05:00,6865.330078125,6869.75,6864.35009765625,6867.93994140625,34253000
2026-01-21 16:10:00,6865.2001953125,6871.759765625,6864.490234375,6865.22998046875,35856000
2026-01-21 16:15:00,6864.4599609375,6869.77001953125,6863.85986328125,6865.10986328125,36149000
2026-01-21 16:20:00,6864.830078125,6866.169921875,6862.2099609375,6864.47021484375,33453000
2026-01-21 16:25:00,6865.93017578125,6868.509765625,6861.72998046875,6864.93017578125,33367000
2026-01-21 16:30:00,6859.0498046875,6866.02978515625,6857.89013671875,6865.85986328125,35338000
2026-01-21 16:35:00,6842.3701171875,6859.330078125,6841.81982421875,6859.2001953125,34482000
2026-01-21 16:40:00,6835.8701171875,6843.9501953125,6835.8701171875,6842.2001953125,34029000
2026-01-21 16:45:00,6840.02978515625,6841.93994140625,6833.3798828125,6836.0400390625,34609000
2026-01-21 16:50:00,6832.27978515625,6840.8798828125,6830.2998046875,6839.8798828125,30133000
2026-01-21 16:55:00,6824.27978515625,6832.2001953125,6823.0498046875,6832.2001953125,28995000
2026-01-21 17:00:00,6823.490234375,6830.0498046875,6823.31005859375,6824.1201171875,29071000
2026-01-21 17:05:00,6818.9599609375,6824.2998046875,6816.35009765625,6823.4599609375,28556000
2026-01-21 17:10:00,6807.18017578125,6820.97021484375,6805.43994140625,6818.85986328125,32077000
2026-01-21 17:15:00,6816.93994140625,6819.77001953125,6804.9599609375,6807.0498046875,29533000
2026-01-21 17:20:00,6824.240234375,6825.18994140625,6814.009765625,6816.52001953125,28054000
2026-01-21 17:25:00,6821.75,6826.0498046875,6817.72998046875,6824.18017578125,26126000
2026-01-21 17:30:00,6817.8701171875,6821.75,6813.60009765625,6821.75,26114000
2026-01-21 17:35:00,6820.509765625,6821.7001953125,6813.72021484375,6817.58984375,23376000
2026-01-21 17:40:00,6816.35986328125,6822.8798828125,6816.35986328125,6820.10009765625,23341000
2026-01-21 17:45:00,6819.02978515625,6819.6201171875,6813.830078125,6816.2998046875,24975000
2026-01-21 17:50:00,6828.2001953125,6829.2998046875,6816.830078125,6819.009765625,26323000
2026-01-21 17:55:00,6829.39990234375,6832.39990234375,6825.580078125,6828.18994140625,26411000
2026-01-21 18:00:00,6812.0400390625,6830.5,6810.169921875,6829.4501953125,29171000
2026-01-21 18:05:00,6818.330078125,6818.68994140625,6811.64013671875,6811.68994140625,23204000
2026-01-21 18:10:00,6825.60986328125,6830.27001953125,6818.0498046875,6818.14013671875,23375000
2026-01-21 18:15:00,6823.1201171875,6826.89013671875,6822.240234375,6825.43017578125,22187000
2026-01-21 18:20:00,6819.47998046875,6825.1298828125,6818.66015625,6823.080078125,23645000
2026-01-21 18:25:00,6828.6298828125,6830.16015625,6819.2001953125,6819.77001953125,22309000
2026-01-21 18:30:00,6829.919921875,6831.2900390625,6827.35986328125,6828.72998046875,22632000
2026-01-21 18:35:00,6826.08984375,6831.3798828125,6821.77001953125,6829.97998046875,25395000
2026-01-21 18:40:00,6824.06005859375,6827.1201171875,6823.0400390625,6826.16015625,19015000
2026-01-21 18:45:00,6833.8798828125,6834.39013671875,6820.9501953125,6823.990234375,23747000
2026-01-21 18:50:00,6834.25,6837.6201171875,6833.47998046875,6833.89990234375,22616000
2026-01-21 18:55:00,6833.10986328125,6834.22021484375,6828.759765625,6834.22021484375,22227000
2026-01-21 19:00:00,6828.10009765625,6835.16015625,6827.83984375,6833.08984375,27709000
2026-01-21 19:05:00,6825.5,6828.919921875,6822.72998046875,6828.08984375,25650000
2026-01-21 19:10:00,6824.14990234375,6829.6298828125,6824.14013671875,6825.52978515625,24548000
2026-01-21 19:15:00,6826.68017578125,6828.18994140625,6822.4501953125,6824.14013671875,26003000
2026-01-21 19:20:00,6832.169921875,6832.41015625,6824.7099609375,6826.85009765625,27871000
2026-01-21 19:25:00,6867.56982421875,6872.16015625,6827.7900390625,6831.990234375,58468000
2026-01-21 19:30:00,6877.60009765625,6877.66015625,6867.66015625,6867.66015625,52339000
2026-01-21 19:35:00,6886.14990234375,6889.22021484375,6876.56982421875,6877.64990234375,47259000
2026-01-21 19:40:00,6896.1201171875,6898.2900390625,6884.16015625,6886.6201171875,44827000
2026-01-21 19:45:00,6904.5,6905.6201171875,6896.18017578125,6896.18017578125,47869000
2026-01-21 19:50:00,6900.9501953125,6909.68994140625,6895.31982421875,6904.9599609375,41214000
2026-01-21 19:55:00,6907.43017578125,6908.02978515625,6899.27001953125,6900.3798828125,38589000
2026-01-21 20:00:00,6901.0498046875,6910.39013671875,6900.509765625,6907.6298828125,37668000
2026-01-21 20:05:00,6897.39013671875,6902.16015625,6893.68994140625,6901.1201171875,35316000
2026-01-21 20:10:00,6895.009765625,6899.2900390625,6893.52978515625,6897.490234375,33731000
2026-01-21 20:15:00,6886.3798828125,6896.1201171875,6885.7998046875,6895.02001953125,41181000
2026-01-21 20:20:00,6885.91015625,6890.02978515625,6883.25,6886.60986328125,38204000
2026-01-21 20:25:00,6876.89013671875,6885.7900390625,6876.89013671875,6885.7900390625,38110000
2026-01-21 20:30:00,6881.47998046875,6882.580078125,6871.52001953125,6877.06982421875,47547000
2026-01-21 20:35:00,6881.31005859375,6884.6201171875,6881.31005859375,6881.490234375,45191000
2026-01-21 20:40:00,6878.18017578125,6883.89990234375,6877.2998046875,6881.4501953125,49483000
2026-01-21 20:45:00,6878.64013671875,6879.91015625,6875.56982421875,6878.1298828125,58874000
2026-01-21 20:50:00,6876.52001953125,6878.7099609375,6869.91015625,6878.7099609375,97031000
2026-01-21 20:55:00,6875.47998046875,6877.759765625,6872.009765625,6876.4599609375,221323000
2026-01-22 14:30:00,6924.14990234375,6929.0498046875,6914.43994140625,6914.43994140625,0
2026-01-22 14:35:00,6927.68017578125,6929.7001953125,6920.169921875,6923.990234375,69963684
2026-01-22 14:40:00,6918.06005859375,6930.43017578125,6913.830078125,6927.56982421875,56949058
2026-01-22 14:45:00,6902.64013671875,6918.5498046875,6899.77978515625,6917.919921875,59622615
2026-01-22 14:50:00,6908.080078125,6910.85986328125,6900.490234375,6902.60009765625,51874611
2026-01-22 14:55:00,6902.7998046875,6908.5498046875,6897.58984375,6908.14013671875,48060788
2026-01-22 15:00:00,6896.990234375,6903.43017578125,6893.75,6903.43017578125,53407927
2026-01-22 15:05:00,6897.330078125,6899.08984375,6893.6201171875,6897.06005859375,41460200
2026-01-22 15:10:00,6897.22021484375,6901.7998046875,6894.83984375,6897.27001953125,40971624
2026-01-22 15:15:00,6901.06982421875,6903.16015625,6895.72021484375,6897.2001953125,40211128
2026-01-22 15:20:00,6898.39990234375,6908.4501953125,6898.39990234375,6900.72021484375,41920406
2026-01-22 15:25:00,6908.77001953125,6910.0400390625,6897.18017578125,6898.39013671875,37195276
2026-01-22 15:30:00,6912.7001953125,6913.02978515625,6905.31982421875,6908.830078125,44756779
2026-01-22 15:35:00,6913.75,6914.68994140625,6910.5400390625,6912.68994140625,39798127
2026-01-22 15:40:00,6915.56005859375,6915.7998046875,6910.6298828125,6913.830078125,32356509
2026-01-22 15:45:00,6915.64990234375,6918.39990234375,6915.14990234375,6915.7001953125,35056850
2026-01-22 15:50:00,6912.31005859375,6915.47998046875,6911.080078125,6915.39990234375,31171592
2026-01-22 15:55:00,6910.10009765625,6913.3701171875,6910.10009765625,6912.2900390625,30592969
2026-01-22 16:00:00,6915.39990234375,6915.72998046875,6910.080078125,6910.080078125,30654000
2026-01-22 16:05:00,6917.06005859375,6918.27001953125,6914.08984375,6915.2900390625,28248661
2026-01-22 16:10:00,6920.52001953125,6920.66015625,6915.830078125,6917.06982421875,34974401
2026-01-22 16:15:00,6919.740234375,6922.06005859375,6916.31982421875,6920.39990234375,30261000
2026-01-22 16:20:00,6921.83984375,6922.3798828125,6919.39990234375,6919.68017578125,30765000
2026-01-22 16:25:00,6921.77978515625,6924.47021484375,6921.1298828125,6921.97021484375,30621000
2026-01-22 16:30:00,6922.08984375,6923.31005859375,6920.56982421875,6921.64990234375,29884000
2026-01-22 16:35:00,6923.02978515625,6923.47021484375,6920.66015625,6922.18017578125,27379000
2026-01-22 16:40:00,6924.7099609375,6926.02978515625,6922.39990234375,6922.9501953125,27054000
2026-01-22 16:45:00,6925.85986328125,6927.25,6924.7001953125,6924.830078125,24679000
2026-01-22 16:50:00,6926.02001953125,6928.39990234375,6925.33984375,6925.919921875,24440000
2026-01-22 16:55:00,6921.240234375,6926.1201171875,6920.85009765625,6926.06982421875,25519000
2026-01-22 17:00:00,6923.85986328125,6923.89990234375,6918.10009765625,6921.080078125,24599000
2026-01-22 17:05:00,6927.02978515625,6927.5498046875,6921.81005859375,6923.83984375,33474000
2026-01-22 17:10:00,6927.22021484375,6929.10009765625,6925.669921875,6927.0498046875,23979000
2026-01-22 17:15:00,6925.10986328125,6927.97998046875,6923.240234375,6927.3701171875,22698000
2026-01-22 17:20:00,6925.18994140625,6925.240234375,6921.4599609375,6925.14990234375,22482000
2026-01-22 17:25:00,6925.97998046875,6925.97998046875,6922.5498046875,6925.2001953125,22996000
2026-01-22 17:30:00,6931.81982421875,6932.35009765625,6926.10009765625,6926.10009765625,25686000
2026-01-22 17:35:00,6930.08984375,6932.009765625,6929.60009765625,6931.72998046875,22096000
2026-01-22 17:40:00,6931.18017578125,6932.68017578125,6930.10986328125,6930.1201171875,21882000
2026-01-22 17:45:00,6931.8798828125,6932.43994140625,6930.669921875,6931.18994140625,24348000
2026-01-22 17:50:00,6933.08984375,6933.81982421875,6931.740234375,6931.8798828125,22789000
2026-01-22 17:55:00,6933.5498046875,6934.10009765625,6931.02001953125,6933.14013671875,24263000
2026-01-22 18:00:00,6933.64013671875,6934.41015625,6929.759765625,6933.509765625,27335000
2026-01-22 18:05:00,6932.39013671875,6934.75,6931.740234375,6933.509765625,26395000
2026-01-22 18:10:00,6928.22021484375,6932.5498046875,6927.66015625,6932.31982421875,23724000
2026-01-22 18:15:00,6928.81005859375,6930.080078125,6927.10986328125,6928.18994140625,24982000
2026-01-22 18:20:00,6930.22998046875,6931.419921875,6928.4501953125,6928.75,25932000
2026-01-22 18:25:00,6928.14013671875,6930.31005859375,6928.14013671875,6930.27001953125,24554000
2026-01-22 18:30:00,6930.97021484375,6931.75,6927.66015625,6928.14013671875,25246000
2026-01-22 18:35:00,6931.2900390625,6931.39990234375,6929.75,6930.919921875,27426000
2026-01-22 18:40:00,6927.68017578125,6931.47021484375,6926.97998046875,6931.259765625,19795000
2026-01-22 18:45:00,6928.830078125,6929.83984375,6927.580078125,6927.580078125,23237000
2026-01-22 18:50:00,6925.490234375,6928.990234375,6925.35986328125,6928.72021484375,23032000
2026-01-22 18:55:00,6923.740234375,6925.580078125,6922.25,6925.56005859375,22983000
2026-01-22 19:00:00,6929.02978515625,6929.3701171875,6923.6201171875,6923.72998046875,25000000
2026-01-22 19:05:00,6930.240234375,6931.6298828125,6928.66015625,6929.1201171875,25843000
2026-01-22 19:10:00,6930.830078125,6932.89013671875,6929.06982421875,6930.25,26315000
2026-01-22 19:15:00,6929.93994140625,6931.0,6928.75,6930.830078125,22583000
2026-01-22 19:20:00,6931.43994140625,6931.85009765625,6929.27978515625,6929.9599609375,20712000
2026-01-22 19:25:00,6930.02978515625,6931.8798828125,6930.0,6931.4501953125,21251000
2026-01-22 19:30:00,6927.22998046875,6930.740234375,6927.2001953125,6930.14013671875,25215000
2026-01-22 19:35:00,6922.91015625,6928.08984375,6922.68017578125,6927.27001953125,24783000
2026-01-22 19:40:00,6921.240234375,6925.0,6921.080078125,6923.02001953125,23640000
2026-01-22 19:45:00,6919.77978515625,6921.72021484375,6919.10009765625,6921.009765625,25403000
2026-01-22 19:50:00,6917.66015625,6921.7099609375,6917.43017578125,6919.81982421875,23617000
2026-01-22 19:55:00,6911.43994140625,6918.58984375,6911.43017578125,6917.7099609375,30037000
2026-01-22 20:00:00,6914.18017578125,6914.66015625,6910.02978515625,6911.43017578125,33677000
2026-01-22 20:05:00,6912.1298828125,6915.14013671875,6911.89990234375,6913.93017578125,29435000
2026-01-22 20:10:00,6915.60986328125,6915.64990234375,6912.14013671875,6912.14990234375,32873000
2026-01-22 20:15:00,6915.58984375,6918.330078125,6914.4599609375,6915.60986328125,33227000
2026-01-22 20:20:00,6912.25,6916.52001953125,6912.18017578125,6915.64990234375,34065000
2026-01-22 20:25:00,6905.60009765625,6912.2900390625,6905.60009765625,6912.2900390625,34519000
2026-01-22 20:30:00,6903.10009765625,6906.08984375,6901.5498046875,6905.56005859375,42085000
2026-01-22 20:35:00,6902.72021484375,6903.740234375,6899.89990234375,6903.0400390625,42717000
2026-01-22 20:40:00,6905.18017578125,6906.22998046875,6900.77001953125,6902.18994140625,46429000
2026-01-22 20:45:00,6908.85009765625,6909.18994140625,6905.2099609375,6905.2099609375,55694000
2026-01-22 20:50:00,6911.25,6912.5,6908.8798828125,6909.35986328125,91192000
2026-01-22 20:55:00,6912.5400390625,6913.66015625,6910.43017578125,6911.33984375,207150000
2026-01-23 14:30:00,6900.8798828125,6912.759765625,6899.240234375,6907.85009765625,0
2026-01-23 14:35:00,6897.7998046875,6904.72998046875,6895.5,6901.27001953125,64226666
2026-01-23 14:40:00,6903.580078125,6905.35986328125,6895.72998046875,6897.66015625,55623787
2026-01-23 14:45:00,6897.08984375,6908.919921875,6896.14990234375,6903.6201171875,52816458
2026-01-23 14:50:00,6903.33984375,6904.35986328125,6895.990234375,6897.0400390625,50156049
2026-01-23 14:55:00,6911.08984375,6911.08984375,6902.64990234375,6903.18017578125,44338708
2026-01-23 15:00:00,6916.009765625,6917.06005859375,6910.64013671875,6910.64013671875,45431698
2026-01-23 15:05:00,6915.259765625,6917.06005859375,6912.81982421875,6916.10009765625,42020647
2026-01-23 15:10:00,6910.009765625,6915.89013671875,6908.919921875,6915.06005859375,42038633
2026-01-23 15:15:00,6907.580078125,6913.27001953125,6907.0,6910.0400390625,44349437
2026-01-23 15:20:00,6919.06982421875,6920.64013671875,6906.68994140625,6907.56005859375,39349590
2026-01-23 15:25:00,6917.22998046875,6921.77001953125,6915.1298828125,6919.240234375,40426236
2026-01-23 15:30:00,6918.93017578125,6919.31005859375,6916.0498046875,6917.16015625,34480628
2026-01-23 15:35:00,6921.35986328125,6921.60986328125,6918.72998046875,6918.81982421875,38285274
2026-01-23 15:40:00,6920.240234375,6922.18994140625,6919.8701171875,6921.330078125,31770620
2026-01-23 15:45:00,6926.97021484375,6927.16015625,6918.89013671875,6920.39013671875,35130148
2026-01-23 15:50:00,6927.3701171875,6928.0,6924.3798828125,6926.85009765625,31842780
2026-01-23 15:55:00,6928.66015625,6930.5400390625,6927.1201171875,6927.35986328125,33376201
2026-01-23 16:00:00,6931.7099609375,6932.9599609375,6928.6298828125,6928.6298828125,32241477
2026-01-23 16:05:00,6929.0,6931.9599609375,6925.240234375,6931.75,32128051
2026-01-23 16:10:00,6929.14013671875,6930.27001953125,6927.56005859375,6928.89990234375,29564335
2026-01-23 16:15:00,6930.5,6931.3798828125,6926.8798828125,6929.14990234375,27082773
2026-01-23 16:20:00,6927.81005859375,6930.35986328125,6925.6201171875,6930.35986328125,29429000
2026-01-23 16:25:00,6924.2001953125,6928.75,6922.89013671875,6927.8701171875,30776000
2026-01-23 16:30:00,6919.52001953125,6925.89013671875,6917.759765625,6924.08984375,29422000
2026-01-23 16:35:00,6927.60986328125,6928.47998046875,6918.47998046875,6919.509765625,28390000
2026-01-23 16:40:00,6927.33984375,6928.7001953125,6924.27001953125,6927.77978515625,30368000
2026-01-23 16:45:00,6928.02978515625,6929.2001953125,6923.490234375,6927.259765625,27822000
2026-01-23 16:50:00,6923.509765625,6928.330078125,6922.22021484375,6928.0,36874000
2026-01-23 16:55:00,6920.58984375,6923.7099609375,6919.68994140625,6923.5,25384000
2026-01-23 17:00:00,6923.43017578125,6924.31982421875,6916.52001953125,6920.52001953125,27716000
2026-01-23 17:05:00,6922.3701171875,6924.06982421875,6920.75,6923.43994140625,26061000
2026-01-23 17:10:00,6925.64990234375,6925.64990234375,6921.6201171875,6922.18017578125,23869000
2026-01-23 17:15:00,6923.419921875,6925.93994140625,6921.39013671875,6925.830078125,23574000
2026-01-23 17:20:00,6921.3701171875,6923.77001953125,6921.35986328125,6923.35986328125,22238000
2026-01-23 17:25:00,6925.3701171875,6926.259765625,6921.2099609375,6921.3798828125,23668000
2026-01-23 17:30:00,6920.52978515625,6925.72021484375,6920.259765625,6925.18017578125,22757000
2026-01-23 17:35:00,6921.77978515625,6923.56005859375,6920.490234375,6920.490234375,21947000
2026-01-23 17:40:00,6911.3798828125,6921.7900390625,6910.85009765625,6921.759765625,26247000
2026-01-23 17:45:00,6912.14013671875,6913.77978515625,6907.7998046875,6911.3701171875,23320000
2026-01-23 17:50:00,6904.7998046875,6912.35009765625,6903.16015625,6911.9599609375,26796000
2026-01-23 17:55:00,6902.91015625,6907.72021484375,6901.02978515625,6904.77001953125,25732000
2026-01-23 18:00:00,6906.9599609375,6907.93994140625,6902.330078125,6903.009765625,29319000
2026-01-23 18:05:00,6911.02001953125,6911.240234375,6902.52001953125,6906.8701171875,25734000
2026-01-23 18:10:00,6908.16015625,6913.02978515625,6907.64990234375,6911.2099609375,25435000
2026-01-23 18:15:00,6911.2099609375,6913.169921875,6907.7099609375,6908.18017578125,20903000
2026-01-23 18:20:00,6911.259765625,6912.72998046875,6907.97021484375,6911.22998046875,20327000
2026-01-23 18:25:00,6912.68994140625,6914.31005859375,6911.22998046875,6911.47021484375,22102000
2026-01-23 18:30:00,6909.10009765625,6914.169921875,6907.97021484375,6912.669921875,25195000
2026-01-23 18:35:00,6914.18017578125,6915.259765625,6908.93017578125,6909.08984375,21870000
2026-01-23 18:40:00,6910.4599609375,6914.39013671875,6910.27001953125,6914.16015625,20539000
2026-01-23 18:45:00,6911.10009765625,6911.97998046875,6907.2900390625,6910.43017578125,21060000
2026-01-23 18:50:00,6910.8701171875,6912.740234375,6908.990234375,6911.10009765625,20042000
2026-01-23 18:55:00,6912.81005859375,6913.81005859375,6910.43017578125,6910.91015625,21801000
2026-01-23 19:00:00,6918.10986328125,6918.64990234375,6912.68994140625,6912.740234375,26241000
2026-01-23 19:05:00,6920.41015625,6921.419921875,6917.68994140625,6918.10986328125,22935000
2026-01-23 19:10:00,6918.419921875,6921.4501953125,6917.72021484375,6920.31982421875,21643000
2026-01-23 19:15:00,6920.35986328125,6921.0,6917.85009765625,6918.3798828125,20026000
2026-01-23 19:20:00,6923.47021484375,6924.509765625,6920.14013671875,6920.43994140625,22237000
2026-01-23 19:25:00,6918.990234375,6924.47021484375,6918.990234375,6923.490234375,21933000
2026-01-23 19:30:00,6919.0498046875,6921.72998046875,6918.22021484375,6919.080078125,22341000
2026-01-23 19:35:00,6915.759765625,6920.740234375,6914.81982421875,6919.10986328125,21877000
2026-01-23 19:40:00,6917.93994140625,6918.77001953125,6912.8798828125,6915.66015625,24210000
2026-01-23 19:45:00,6915.68017578125,6918.669921875,6915.68017578125,6917.919921875,22243000
2026-01-23 19:50:00,6916.509765625,6918.35009765625,6914.77001953125,6915.60986328125,20645000
2026-01-23 19:55:00,6918.60009765625,6919.5,6916.5,6916.66015625,21368000
2026-01-23 20:00:00,6915.56005859375,6918.93994140625,6915.4599609375,6918.60009765625,24712000
2026-01-23 20:05:00,6911.72998046875,6916.56005859375,6911.72998046875,6915.60009765625,26224000
2026-01-23 20:10:00,6914.66015625,6915.33984375,6908.93017578125,6911.66015625,25264000
2026-01-23 20:15:00,6916.66015625,6918.169921875,6914.3701171875,6914.4501953125,26991000
2026-01-23 20:20:00,6914.18017578125,6916.58984375,6913.39990234375,6916.58984375,30736000
2026-01-23 20:25:00,6911.6298828125,6914.27001953125,6911.43017578125,6914.169921875,32098000
2026-01-23 20:30:00,6911.9599609375,6912.080078125,6908.759765625,6911.5498046875,39351000
2026-01-23 20:35:00,6912.35986328125,6912.47021484375,6909.169921875,6911.89990234375,36278000
2026-01-23 20:40:00,6915.509765625,6916.47998046875,6912.39990234375,6912.39990234375,45896000
2026-01-23 20:45:00,6916.8798828125,6916.990234375,6914.419921875,6915.3701171875,51283000
2026-01-23 20:50:00,6914.2001953125,6917.47998046875,6911.7001953125,6917.0,90577000
2026-01-23 20:55:00,6915.16015625,6918.9599609375,6911.85986328125,6914.14990234375,201955000
2026-01-26 14:30:00,6935.89013671875,6936.8701171875,6921.60009765625,6923.22998046875,0
2026-01-26 14:35:00,6941.64990234375,6943.81005859375,6935.97021484375,6935.97021484375,54963376
2026-01-26 14:40:00,6945.5,6946.56005859375,6938.990234375,6941.47998046875,53791241
2026-01-26 14:45:00,6945.3798828125,6948.990234375,6945.3798828125,6945.419921875,46658395
2026-01-26 14:50:00,6947.75,6950.02001953125,6944.93994140625,6945.7001953125,39152308
2026-01-26 14:55:00,6945.85986328125,6949.77978515625,6945.16015625,6947.77001953125,43921045
2026-01-26 15:00:00,6945.81982421875,6946.85986328125,6943.2099609375,6945.27978515625,39636727
2026-01-26 15:05:00,6943.35986328125,6946.85009765625,6943.330078125,6945.7099609375,35853257
2026-01-26 15:10:00,6949.39013671875,6949.9501953125,6940.8701171875,6943.2900390625,39070762
2026-01-26 15:15:00,6954.6201171875,6954.77001953125,6948.2900390625,6949.43994140625,34234709
2026-01-26 15:20:00,6956.7998046875,6957.4599609375,6954.6201171875,6954.72998046875,33520806
2026-01-26 15:25:00,6948.93994140625,6957.31005859375,6948.81982421875,6956.8798828125,35265512
2026-01-26 15:30:00,6952.47021484375,6954.31005859375,6947.83984375,6949.27001953125,33940459
2026-01-26 15:35:00,6951.02978515625,6953.830078125,6950.490234375,6952.35986328125,29696098
2026-01-26 15:40:00,6946.10986328125,6951.60009765625,6945.39990234375,6951.18017578125,28890980
2026-01-26 15:45:00,6952.77978515625,6954.02001953125,6946.1201171875,6946.1201171875,27777688
2026-01-26 15:50:00,6955.2099609375,6956.97021484375,6952.85986328125,6952.85986328125,27487136
2026-01-26 15:55:00,6953.8701171875,6956.85009765625,6952.97021484375,6955.2998046875,33018594
2026-01-26 16:00:00,6952.4599609375,6954.56982421875,6950.60986328125,6953.66015625,34472522
2026-01-26 16:05:00,6952.330078125,6953.259765625,6949.47998046875,6952.509765625,30813687
2026-01-26 16:10:00,6951.8798828125,6952.83984375,6950.35009765625,6952.35009765625,28941745
2026-01-26 16:15:00,6948.490234375,6952.2900390625,6947.7099609375,6951.81005859375,30462236
2026-01-26 16:20:00,6953.5498046875,6953.60009765625,6946.009765625,6948.3798828125,26270030
2026-01-26 16:25:00,6954.58984375,6956.02001953125,6952.47021484375,6953.5,23647274
2026-01-26 16:30:00,6953.419921875,6956.60986328125,6953.3701171875,6954.52001953125,28502912
2026-01-26 16:35:00,6954.02001953125,6955.75,6952.240234375,6953.27978515625,25459644
2026-01-26 16:40:00,6952.77978515625,6954.52001953125,6952.169921875,6953.919921875,23720000
2026-01-26 16:45:00,6953.3798828125,6954.5400390625,6951.35986328125,6952.75,23894000
2026-01-26 16:50:00,6954.5,6955.419921875,6952.8701171875,6953.41015625,21395000
2026-01-26 16:55:00,6954.60986328125,6956.06005859375,6953.66015625,6954.60009765625,22897000
2026-01-26 17:00:00,6959.02978515625,6959.77978515625,6953.97998046875,6954.68994140625,23045000
2026-01-26 17:05:00,6957.9599609375,6960.52978515625,6957.93994140625,6959.02978515625,20403000
2026-01-26 17:10:00,6958.419921875,6958.68994140625,6956.169921875,6957.830078125,21461000
2026-01-26 17:15:00,6958.5400390625,6959.68017578125,6957.6201171875,6958.35986328125,20067000
2026-01-26 17:20:00,6959.259765625,6960.39990234375,6958.0,6958.7099609375,21715000
2026-01-26 17:25:00,6958.5498046875,6960.06005859375,6958.3798828125,6959.259765625,20241000
2026-01-26 17:30:00,6957.7001953125,6958.93994140625,6956.259765625,6958.490234375,21239000
2026-01-26 17:35:00,6958.14990234375,6958.7900390625,6956.72998046875,6957.740234375,21800000
2026-01-26 17:40:00,6959.18017578125,6959.35009765625,6957.2001953125,6958.2001953125,19458000
2026-01-26 17:45:00,6955.22021484375,6959.169921875,6954.41015625,6959.169921875,22085000
2026-01-26 17:50:00,6956.31005859375,6956.93017578125,6953.81005859375,6955.10986328125,20183000
2026-01-26 17:55:00,6956.06005859375,6957.31005859375,6954.56005859375,6956.27001953125,19091000
2026-01-26 18:00:00,6955.64990234375,6956.89990234375,6954.33984375,6956.10986328125,19870000
2026-01-26 18:05:00,6953.02001953125,6955.64013671875,6952.47021484375,6955.56982421875,21227000
2026-01-26 18:10:00,6953.97998046875,6954.8798828125,6953.06982421875,6953.06982421875,20156000
2026-01-26 18:15:00,6957.64013671875,6958.0400390625,6953.0498046875,6954.009765625,17836000
2026-01-26 18:20:00,6960.419921875,6960.5400390625,6957.2998046875,6957.7099609375,17175000
2026-01-26 18:25:00,6961.22998046875,6961.75,6959.0498046875,6960.419921875,17688000
2026-01-26 18:30:00,6963.81005859375,6964.66015625,6960.919921875,6961.14990234375,19950000
2026-01-26 18:35:00,6960.39013671875,6963.97021484375,6960.259765625,6963.85009765625,20855000
2026-01-26 18:40:00,6958.81005859375,6960.66015625,6958.31982421875,6960.4501953125,20596000
2026-01-26 18:45:00,6958.8701171875,6958.97021484375,6957.0400390625,6958.81982421875,18117000
2026-01-26 18:50:00,6959.990234375,6960.33984375,6957.93017578125,6958.85986328125,17672000
2026-01-26 18:55:00,6959.2900390625,6960.2099609375,6958.25,6960.080078125,23709000
2026-01-26 19:00:00,6959.0,6960.240234375,6958.33984375,6959.259765625,22892000
2026-01-26 19:05:00,6961.06982421875,6961.490234375,6958.490234375,6958.990234375,19897000
2026-01-26 19:10:00,6961.2099609375,6962.97998046875,6961.0498046875,6961.080078125,19890000
2026-01-26 19:15:00,6961.6298828125,6962.009765625,6960.52001953125,6961.240234375,19485000
2026-01-26 19:20:00,6958.7998046875,6961.6298828125,6958.1298828125,6961.6298828125,17827000
2026-01-26 19:25:00,6961.85009765625,6961.85986328125,6958.2001953125,6958.740234375,19733000
2026-01-26 19:30:00,6960.7001953125,6962.419921875,6959.93017578125,6961.77001953125,20939000
2026-01-26 19:35:00,6961.25,6961.58984375,6959.419921875,6960.669921875,20115000
2026-01-26 19:40:00,6962.27001953125,6963.330078125,6960.64990234375,6961.18017578125,18891000
2026-01-26 19:45:00,6960.81005859375,6962.68994140625,6960.02001953125,6962.25,22505000
2026-01-26 19:50:00,6959.52978515625,6961.72998046875,6959.27978515625,6960.990234375,20896000
2026-01-26 19:55:00,6959.0,6961.5498046875,6958.68017578125,6959.52001953125,22658000
2026-01-26 20:00:00,6960.35986328125,6960.35986328125,6957.669921875,6958.97021484375,24717000
2026-01-26 20:05:00,6960.27978515625,6960.8701171875,6959.5498046875,6960.419921875,27127000
2026-01-26 20:10:00,6959.919921875,6960.66015625,6958.8798828125,6960.2900390625,25720000
2026-01-26 20:15:00,6958.60986328125,6960.06982421875,6957.669921875,6959.990234375,30252000
2026-01-26 20:20:00,6959.990234375,6960.56982421875,6958.14990234375,6958.60986328125,34115000
2026-01-26 20:25:00,6958.89990234375,6960.009765625,6958.72998046875,6959.93994140625,27874000
2026-01-26 20:30:00,6960.669921875,6961.2998046875,6958.7001953125,6958.83984375,32346000
2026-01-26 20:35:00,6959.83984375,6961.52978515625,6959.75,6960.7099609375,35896000
2026-01-26 20:40:00,6959.169921875,6960.18994140625,6957.7998046875,6959.85986328125,38376000
2026-01-26 20:45:00,6959.9599609375,6960.990234375,6958.35986328125,6959.0400390625,44345000
2026-01-26 20:50:00,6953.330078125,6960.240234375,6952.39990234375,6960.240234375,84299000
2026-01-26 20:55:00,6950.14990234375,6953.27001953125,6949.5400390625,6953.27001953125,189881000
2026-01-27 14:30:00,6965.89013671875,6969.39990234375,6962.39990234375,6965.9599609375,0
2026-01-27 14:35:00,6959.16015625,6967.1298828125,6959.16015625,6966.22021484375,61298314
2026-01-27 14:40:00,6965.22998046875,6967.509765625,6958.830078125,6959.10009765625,53868671
2026-01-27 14:45:00,6968.27978515625,6969.330078125,6965.4599609375,6965.4599609375,52630652
2026-01-27 14:50:00,6976.89990234375,6977.2001953125,6968.259765625,6968.259765625,46534626
2026-01-27 14:55:00,6976.2001953125,6978.43994140625,6975.080078125,6976.759765625,45008441
2026-01-27 15:00:00,6975.22998046875,6977.580078125,6974.58984375,6975.60986328125,47687027
2026-01-27 15:05:00,6976.419921875,6976.58984375,6968.830078125,6975.31982421875,45872143
2026-01-27 15:10:00,6975.64013671875,6977.27001953125,6974.0,6976.56005859375,42969997
2026-01-27 15:15:00,6975.7998046875,6976.3798828125,6973.16015625,6975.22021484375,42278798
2026-01-27 15:20:00,6974.93017578125,6977.35009765625,6973.169921875,6975.8701171875,38183297
2026-01-27 15:25:00,6971.81982421875,6974.97998046875,6971.169921875,6974.97998046875,43468127
2026-01-27 15:30:00,6976.3701171875,6976.3701171875,6970.97021484375,6971.60986328125,37584216
2026-01-27 15:35:00,6978.58984375,6980.75,6976.25,6976.2900390625,36493367
2026-01-27 15:40:00,6981.89013671875,6982.47998046875,6978.5,6978.8701171875,34269007
2026-01-27 15:45:00,6984.0498046875,6984.89013671875,6981.68994140625,6981.9599609375,33624224
2026-01-27 15:50:00,6982.64013671875,6983.97998046875,6981.6298828125,6983.97998046875,32198762
2026-01-27 15:55:00,6983.47998046875,6983.5498046875,6981.18017578125,6982.81005859375,34797500
2026-01-27 16:00:00,6984.7998046875,6985.52978515625,6983.419921875,6983.5400390625,31325761
2026-01-27 16:05:00,6984.7001953125,6986.2900390625,6984.14013671875,6984.759765625,29352346
2026-01-27 16:10:00,6985.8798828125,6986.3798828125,6984.419921875,6984.81982421875,29384739
2026-01-27 16:15:00,6987.7998046875,6988.1298828125,6985.009765625,6986.02001953125,35880222
2026-01-27 16:20:00,6987.22998046875,6988.72021484375,6986.64990234375,6987.93994140625,28125000
2026-01-27 16:25:00,6985.830078125,6987.9501953125,6985.580078125,6987.2099609375,28914000
2026-01-27 16:30:00,6986.2099609375,6987.740234375,6985.22998046875,6985.8798828125,29317000
2026-01-27 16:35:00,6987.759765625,6988.35009765625,6986.0400390625,6986.27978515625,27526000
2026-01-27 16:40:00,6987.2998046875,6988.81982421875,6987.2998046875,6987.81005859375,24192000
2026-01-27 16:45:00,6987.2900390625,6987.72998046875,6985.47021484375,6987.2001953125,28594000
2026-01-27 16:50:00,6985.33984375,6987.47021484375,6984.97021484375,6987.35009765625,26270000
2026-01-27 16:55:00,6983.9501953125,6986.43017578125,6983.72998046875,6985.240234375,26938000
2026-01-27 17:00:00,6984.080078125,6984.81005859375,6983.06005859375,6983.85986328125,25908000
2026-01-27 17:05:00,6983.72021484375,6984.16015625,6982.4501953125,6984.16015625,27065000
2026-01-27 17:10:00,6981.60009765625,6983.75,6981.02001953125,6983.75,24107000
2026-01-27 17:15:00,6979.08984375,6981.47998046875,6977.22021484375,6981.39990234375,24979000
2026-01-27 17:20:00,6979.97021484375,6980.8798828125,6978.2900390625,6979.009765625,22957000
2026-01-27 17:25:00,6983.35986328125,6984.4599609375,6979.91015625,6979.97998046875,23411000
2026-01-27 17:30:00,6981.10986328125,6984.10009765625,6980.85009765625,6983.3701171875,26398000
2026-01-27 17:35:00,6980.14013671875,6981.1201171875,6978.83984375,6980.990234375,22151000
2026-01-27 17:40:00,6979.7001953125,6982.35009765625,6979.1201171875,6980.16015625,23103000
2026-01-27 17:45:00,6980.10009765625,6980.85986328125,6978.8701171875,6979.6201171875,22570000
2026-01-27 17:50:00,6978.60986328125,6980.56005859375,6978.06982421875,6980.02001953125,23384000
2026-01-27 17:55:00,6977.5,6979.0498046875,6976.7998046875,6978.58984375,21776000
2026-01-27 18:00:00,6974.39013671875,6977.75,6972.75,6977.5498046875,26611000
2026-01-27 18:05:00,6974.25,6975.22998046875,6972.740234375,6974.4501953125,23099000
2026-01-27 18:10:00,6977.64990234375,6978.02001953125,6973.2900390625,6974.33984375,23464000
2026-01-27 18:15:00,6980.3701171875,6980.3701171875,6977.33984375,6977.56982421875,21816000
2026-01-27 18:20:00,6982.990234375,6982.990234375,6980.25,6980.47021484375,23026000
2026-01-27 18:25:00,6981.3798828125,6983.02001953125,6980.3701171875,6983.02001953125,25282000
2026-01-27 18:30:00,6983.330078125,6984.7998046875,6981.35986328125,6981.419921875,25071000
2026-01-27 18:35:00,6982.169921875,6983.4501953125,6981.7900390625,6983.35009765625,20959000
2026-01-27 18:40:00,6981.08984375,6982.6201171875,6980.68017578125,6982.18017578125,20725000
2026-01-27 18:45:00,6982.4599609375,6983.02001953125,6980.8701171875,6981.0498046875,21457000
2026-01-27 18:50:00,6983.22021484375,6983.509765625,6982.419921875,6982.419921875,23644000
2026-01-27 18:55:00,6983.5400390625,6985.14013671875,6982.64013671875,6983.259765625,22186000
2026-01-27 19:00:00,6982.18994140625,6983.56982421875,6981.31982421875,6983.56982421875,26382000
2026-01-27 19:05:00,6981.6298828125,6982.8701171875,6980.56005859375,6982.22998046875,25132000
2026-01-27 19:10:00,6982.97021484375,6983.72021484375,6980.75,6981.64013671875,26002000
2026-01-27 19:15:00,6983.47021484375,6983.9599609375,6982.64013671875,6983.06005859375,23527000
2026-01-27 19:20:00,6984.31005859375,6984.4599609375,6983.009765625,6983.3798828125,24243000
2026-01-27 19:25:00,6985.16015625,6985.7001953125,6983.66015625,6984.419921875,25413000
2026-01-27 19:30:00,6985.22021484375,6986.89013671875,6985.2001953125,6985.2001953125,25227000
2026-01-27 19:35:00,6985.1298828125,6985.77978515625,6984.58984375,6985.169921875,23799000
2026-01-27 19:40:00,6985.18994140625,6985.6201171875,6983.77001953125,6985.14013671875,24104000
2026-01-27 19:45:00,6984.85009765625,6985.43017578125,6983.1298828125,6985.2099609375,24314000
2026-01-27 19:50:00,6984.77978515625,6985.43017578125,6983.77978515625,6984.83984375,24712000
2026-01-27 19:55:00,6984.10009765625,6985.1201171875,6983.68994140625,6984.77978515625,26911000
2026-01-27 20:00:00,6985.080078125,6985.68994140625,6983.4501953125,6984.10009765625,27004000
2026-01-27 20:05:00,6985.02978515625,6985.27978515625,6983.7001953125,6985.16015625,30344000
2026-01-27 20:10:00,6987.06005859375,6987.6298828125,6984.93994140625,6984.93994140625,30939000
2026-01-27 20:15:00,6986.31982421875,6987.14990234375,6985.25,6987.080078125,29385000
2026-01-27 20:20:00,6984.7900390625,6986.89990234375,6984.7900390625,6986.27001953125,31084000
2026-01-27 20:25:00,6983.58984375,6984.91015625,6982.97021484375,6984.91015625,32781000
2026-01-27 20:30:00,6984.4599609375,6984.5400390625,6981.56005859375,6983.56005859375,44684000
2026-01-27 20:35:00,6983.56005859375,6984.47998046875,6982.8798828125,6984.47998046875,37541000
2026-01-27 20:40:00,6983.02001953125,6983.759765625,6981.75,6983.56005859375,43761000
2026-01-27 20:45:00,6984.77978515625,6984.89990234375,6981.4599609375,6982.97998046875,53115000
2026-01-27 20:50:00,6979.8798828125,6984.990234375,6979.72998046875,6984.990234375,86276000
2026-01-27 20:55:00,6978.580078125,6980.66015625,6978.1298828125,6979.9599609375,191436000
2026-01-28 14:30:00,6997.9501953125,7002.27978515625,6996.2900390625,7002.0,0
2026-01-28 14:35:00,6995.3701171875,6999.72998046875,6994.22021484375,6997.830078125,64586247
2026-01-28 14:40:00,7000.47998046875,7000.47998046875,6995.5,6995.7001953125,58272448
2026-01-28 14:45:00,6995.52978515625,7002.25,6993.72998046875,7000.56982421875,49004347
2026-01-28 14:50:00,7000.47021484375,7000.91015625,6995.5400390625,6995.72021484375,47992179
2026-01-28 14:55:00,6994.43017578125,7000.919921875,6994.2099609375,7000.75,43929108
2026-01-28 15:00:00,6994.81982421875,6996.47998046875,6991.81982421875,6994.7001953125,45514657
2026-01-28 15:05:00,6989.93994140625,6994.68994140625,6988.33984375,6994.47021484375,41489276
2026-01-28 15:10:00,6984.77001953125,6990.1298828125,6984.5498046875,6990.1298828125,37061270
2026-01-28 15:15:00,6988.85009765625,6991.02001953125,6983.75,6984.759765625,37058550
2026-01-28 15:20:00,6992.43017578125,6994.2099609375,6988.72021484375,6988.81982421875,32382563
2026-01-28 15:25:00,6988.97998046875,6992.60009765625,6988.77001953125,6992.3701171875,32917245
2026-01-28 15:30:00,6985.16015625,6991.25,6985.16015625,6988.990234375,34030482
2026-01-28 15:35:00,6990.0,6991.0,6984.97998046875,6985.18017578125,30378668
2026-01-28 15:40:00,6981.9599609375,6990.31005859375,6981.4599609375,6990.06005859375,30874129
2026-01-28 15:45:00,6982.0498046875,6984.22998046875,6980.58984375,6981.830078125,31173928
2026-01-28 15:50:00,6981.47998046875,6982.43017578125,6979.990234375,6982.18994140625,32270735
2026-01-28 15:55:00,6978.68994140625,6982.60009765625,6978.669921875,6981.6298828125,28895208
2026-01-28 16:00:00,6984.080078125,6984.39990234375,6978.7998046875,6978.7998046875,29002054
2026-01-28 16:05:00,6984.47998046875,6986.35009765625,6982.5498046875,6984.14990234375,27720858
2026-01-28 16:10:00,6983.7900390625,6986.4599609375,6982.39990234375,6984.580078125,29303866
2026-01-28 16:15:00,6981.1201171875,6984.4501953125,6981.1201171875,6983.8798828125,25518842
2026-01-28 16:20:00,6980.5498046875,6982.06982421875,6978.22998046875,6981.1298828125,27280289
2026-01-28 16:25:00,6984.31005859375,6984.6201171875,6979.7001953125,6980.5498046875,31356830
2026-01-28 16:30:00,6976.9599609375,6985.27001953125,6976.89013671875,6985.27001953125,31990000
2026-01-28 16:35:00,6976.9599609375,6978.06005859375,6975.509765625,6976.83984375,26776000
2026-01-28 16:40:00,6971.25,6977.009765625,6970.97021484375,6977.009765625,27996000
2026-01-28 16:45:00,6973.68017578125,6974.39990234375,6971.10986328125,6971.2998046875,27455000
2026-01-28 16:50:00,6969.14013671875,6973.8798828125,6968.22998046875,6973.68017578125,29305000
2026-01-28 16:55:00,6970.06005859375,6972.009765625,6968.56982421875,6969.169921875,26470000
2026-01-28 17:00:00,6973.8701171875,6974.77001953125,6969.89013671875,6970.14013671875,25131000
2026-01-28 17:05:00,6973.4501953125,6975.009765625,6971.31982421875,6973.81982421875,24481000
2026-01-28 17:10:00,6977.830078125,6977.97021484375,6973.4599609375,6973.4599609375,25804000
2026-01-28 17:15:00,6979.0498046875,6979.0498046875,6975.3798828125,6977.81005859375,29129000
2026-01-28 17:20:00,6971.7001953125,6979.64990234375,6971.509765625,6979.14990234375,23642000
2026-01-28 17:25:00,6971.7900390625,6972.10009765625,6969.919921875,6971.5400390625,20809000
2026-01-28 17:30:00,6968.580078125,6971.77978515625,6968.43994140625,6971.77978515625,26195000
2026-01-28 17:35:00,6969.85986328125,6970.830078125,6968.56982421875,6968.56982421875,21470000
2026-01-28 17:40:00,6972.009765625,6972.990234375,6969.330078125,6969.89990234375,27479000
2026-01-28 17:45:00,6972.56982421875,6973.919921875,6970.2900390625,6971.97998046875,20771000
2026-01-28 17:50:00,6977.18994140625,6977.47998046875,6972.41015625,6972.52978515625,22124000
2026-01-28 17:55:00,6971.64990234375,6977.4501953125,6971.56982421875,6977.2001953125,25856000
2026-01-28 18:00:00,6974.0400390625,6974.22021484375,6969.0400390625,6971.7099609375,26183000
2026-01-28 18:05:00,6974.0498046875,6975.7998046875,6973.75,6974.1201171875,23432000
2026-01-28 18:10:00,6974.85986328125,6975.25,6971.419921875,6974.0498046875,22571000
2026-01-28 18:15:00,6976.240234375,6976.60009765625,6974.56005859375,6974.93017578125,19171000
2026-01-28 18:20:00,6975.81982421875,6977.60009765625,6975.31982421875,6976.2099609375,19394000
2026-01-28 18:25:00,6974.830078125,6976.02978515625,6974.02001953125,6975.83984375,19952000
2026-01-28 18:30:00,6974.3701171875,6975.83984375,6973.5400390625,6974.81005859375,21206000
2026-01-28 18:35:00,6972.52978515625,6976.35986328125,6972.330078125,6974.259765625,21301000
2026-01-28 18:40:00,6973.39013671875,6974.68994140625,6972.0498046875,6972.2900390625,21249000
2026-01-28 18:45:00,6972.5498046875,6973.6298828125,6971.0498046875,6973.33984375,22866000
2026-01-28 18:50:00,6973.6298828125,6974.97998046875,6972.22021484375,6972.56982421875,24524000
2026-01-28 18:55:00,6973.8798828125,6974.740234375,6972.14990234375,6973.490234375,24562000
2026-01-28 19:00:00,6973.33984375,6979.18017578125,6964.68994140625,6973.8701171875,29749000
2026-01-28 19:05:00,6974.27001953125,6975.580078125,6970.58984375,6973.27001953125,24925000
2026-01-28 19:10:00,6972.91015625,6976.830078125,6972.14013671875,6974.22021484375,26914000
2026-01-28 19:15:00,6973.27978515625,6973.990234375,6969.81005859375,6972.81982421875,25485000
2026-01-28 19:20:00,6975.5498046875,6976.2001953125,6969.2998046875,6973.31005859375,26551000
2026-01-28 19:25:00,6964.43017578125,6976.81982421875,6964.22021484375,6975.56982421875,34197000
2026-01-28 19:30:00,6974.080078125,6983.6201171875,6963.4599609375,6964.43994140625,82806000
2026-01-28 19:35:00,6970.7099609375,6977.83984375,6970.7099609375,6974.2001953125,37267000
2026-01-28 19:40:00,6970.31982421875,6972.080078125,6965.7099609375,6970.72021484375,32528000
2026-01-28 19:45:00,6977.93017578125,6980.31005859375,6969.33984375,6970.2099609375,30422000
2026-01-28 19:50:00,6980.10986328125,6981.080078125,6975.580078125,6977.9599609375,29583000
2026-01-28 19:55:00,6971.8798828125,6979.93017578125,6971.8798828125,6979.93017578125,30617000
2026-01-28 20:00:00,6978.27001953125,6979.669921875,6971.4501953125,6971.93017578125,30454000
2026-01-28 20:05:00,6983.0400390625,6983.2099609375,6978.2099609375,6978.3798828125,29190000
2026-01-28 20:10:00,6980.93994140625,6985.2998046875,6980.91015625,6982.9599609375,35295000
2026-01-28 20:15:00,6981.97998046875,6982.3798828125,6978.919921875,6981.02978515625,32989000
2026-01-28 20:20:00,6984.10009765625,6985.5400390625,6980.75,6982.1201171875,36116000
2026-01-28 20:25:00,6977.68017578125,6984.2099609375,6977.60986328125,6984.2099609375,34183000
2026-01-28 20:30:00,6974.9599609375,6979.0400390625,6974.9599609375,6977.56982421875,40002000
2026-01-28 20:35:00,6978.330078125,6979.60986328125,6974.2001953125,6974.89013671875,42998000
2026-01-28 20:40:00,6974.72998046875,6978.7099609375,6974.490234375,6978.2998046875,45578000
2026-01-28 20:45:00,6973.18017578125,6978.02978515625,6973.06005859375,6974.72998046875,59746000
2026-01-28 20:50:00,6980.16015625,6982.509765625,6971.22998046875,6973.1298828125,91791000
2026-01-28 20:55:00,6976.27978515625,6984.080078125,6975.990234375,6980.27978515625,204909000
2026-01-29 14:30:00,6983.06005859375,6992.5400390625,6977.740234375,6977.740234375,0
2026-01-29 14:35:00,6977.080078125,6982.91015625,6971.7001953125,6982.91015625,79060158
2026-01-29 14:40:00,6956.6298828125,6978.52978515625,6956.6298828125,6976.66015625,70590534
2026-01-29 14:45:00,6959.25,6962.72021484375,6946.0400390625,6955.64013671875,68351171
2026-01-29 14:50:00,6952.830078125,6959.31005859375,6944.60009765625,6959.31005859375,61746304
2026-01-29 14:55:00,6936.7099609375,6955.81982421875,6936.7099609375,6952.85986328125,54478155
2026-01-29 15:00:00,6925.35986328125,6938.52978515625,6918.85009765625,6937.5400390625,67554232
2026-01-29 15:05:00,6923.89013671875,6930.35986328125,6922.64013671875,6925.740234375,58328720
2026-01-29 15:10:00,6914.02978515625,6930.8701171875,6912.669921875,6923.83984375,60564302
2026-01-29 15:15:00,6918.02001953125,6923.81982421875,6914.2001953125,6914.2001953125,50604060
2026-01-29 15:20:00,6923.509765625,6929.43994140625,6915.490234375,6917.7998046875,47054830
2026-01-29 15:25:00,6912.60009765625,6930.0,6911.60009765625,6923.89013671875,45635580
2026-01-29 15:30:00,6903.39990234375,6914.64013671875,6901.39013671875,6912.58984375,49561551
2026-01-29 15:35:00,6897.7001953125,6903.1201171875,6895.85986328125,6903.1201171875,51639928
2026-01-29 15:40:00,6886.990234375,6897.8798828125,6885.2900390625,6897.8798828125,47719457
2026-01-29 15:45:00,6887.3798828125,6894.72021484375,6885.4501953125,6887.4501953125,48465000
2026-01-29 15:50:00,6875.75,6887.419921875,6874.6201171875,6887.419921875,49999000
2026-01-29 15:55:00,6882.85009765625,6891.02978515625,6874.52001953125,6875.72998046875,47224000
2026-01-29 16:00:00,6874.68017578125,6884.580078125,6874.490234375,6882.7900390625,43803000
2026-01-29 16:05:00,6879.66015625,6880.08984375,6870.7998046875,6874.8798828125,44566000
2026-01-29 16:10:00,6898.47021484375,6898.66015625,6876.0,6879.60009765625,46199000
2026-01-29 16:15:00,6903.41015625,6904.06005859375,6897.2001953125,6898.60986328125,45270000
2026-01-29 16:20:00,6901.830078125,6909.16015625,6895.68017578125,6903.31005859375,44581000
2026-01-29 16:25:00,6902.72021484375,6905.68017578125,6896.740234375,6901.56982421875,35969000
2026-01-29 16:30:00,6905.14013671875,6909.22021484375,6902.330078125,6902.4599609375,35496000
2026-01-29 16:35:00,6907.240234375,6909.22021484375,6901.9501953125,6904.72998046875,33644000
2026-01-29 16:40:00,6907.7099609375,6912.56005859375,6905.669921875,6907.18994140625,32347000
2026-01-29 16:45:00,6910.08984375,6912.740234375,6905.08984375,6907.89013671875,33695000
2026-01-29 16:50:00,6908.259765625,6911.85009765625,6905.35986328125,6910.0400390625,31087000
2026-01-29 16:55:00,6909.5400390625,6911.10009765625,6905.4501953125,6907.60009765625,28177000
2026-01-29 17:00:00,6918.240234375,6920.52001953125,6909.58984375,6909.68994140625,31497000
2026-01-29 17:05:00,6919.66015625,6921.1201171875,6917.0,6918.10009765625,34331000
2026-01-29 17:10:00,6928.830078125,6930.68994140625,6919.25,6919.64990234375,28927000
2026-01-29 17:15:00,6930.58984375,6931.64990234375,6926.919921875,6928.81005859375,30299000
2026-01-29 17:20:00,6934.509765625,6936.0400390625,6930.60009765625,6930.60009765625,40496000
2026-01-29 17:25:00,6933.7099609375,6936.16015625,6930.4501953125,6934.56005859375,28613000
2026-01-29 17:30:00,6934.58984375,6936.33984375,6931.7998046875,6933.52001953125,27173000
2026-01-29 17:35:00,6934.77978515625,6939.41015625,6933.4599609375,6934.39990234375,26918000
2026-01-29 17:40:00,6930.10009765625,6934.89013671875,6924.93017578125,6934.89013671875,24487000
2026-01-29 17:45:00,6924.169921875,6929.990234375,6920.4599609375,6929.990234375,24892000
2026-01-29 17:50:00,6911.4599609375,6924.56982421875,6910.9501953125,6924.1298828125,28479000
2026-01-29 17:55:00,6910.91015625,6916.72998046875,6910.22998046875,6911.5498046875,28378000
2026-01-29 18:00:00,6920.97021484375,6922.3701171875,6910.5498046875,6911.39990234375,34118000
2026-01-29 18:05:00,6925.97998046875,6930.2998046875,6920.85986328125,6920.85986328125,26745000
2026-01-29 18:10:00,6932.10009765625,6933.9599609375,6925.9501953125,6925.9501953125,25100000
2026-01-29 18:15:00,6927.81982421875,6932.02001953125,6927.25,6931.990234375,23804000
2026-01-29 18:20:00,6930.25,6931.169921875,6925.919921875,6927.97998046875,23715000
2026-01-29 18:25:00,6932.89990234375,6932.919921875,6926.580078125,6930.27978515625,23047000
2026-01-29 18:30:00,6929.5400390625,6932.81982421875,6924.8798828125,6932.81982421875,29864000
2026-01-29 18:35:00,6935.919921875,6935.919921875,6929.08984375,6929.60009765625,26599000
2026-01-29 18:40:00,6936.3798828125,6940.31005859375,6935.10986328125,6935.89990234375,26719000
2026-01-29 18:45:00,6935.759765625,6936.490234375,6932.580078125,6936.2900390625,23117000
2026-01-29 18:50:00,6934.0400390625,6938.10009765625,6933.39990234375,6935.85009765625,24464000
2026-01-29 18:55:00,6929.009765625,6936.77978515625,6929.009765625,6934.02001953125,29722000
2026-01-29 19:00:00,6933.18017578125,6934.3798828125,6925.5,6928.669921875,31761000
2026-01-29 19:05:00,6937.93017578125,6940.5498046875,6933.0,6933.0,27144000
2026-01-29 19:10:00,6939.080078125,6941.06982421875,6937.35009765625,6938.0498046875,23469000
2026-01-29 19:15:00,6941.18017578125,6944.5,6937.31982421875,6939.02978515625,24091000
2026-01-29 19:20:00,6943.169921875,6943.169921875,6940.60009765625,6941.4501953125,22580000
2026-01-29 19:25:00,6943.91015625,6944.4599609375,6942.009765625,6943.2900390625,26447000
2026-01-29 19:30:00,6936.75,6944.85009765625,6935.330078125,6943.97998046875,41965000
2026-01-29 19:35:00,6938.10009765625,6941.52978515625,6936.2998046875,6936.52978515625,28217000
2026-01-29 19:40:00,6940.14013671875,6940.990234375,6938.18017578125,6938.18017578125,26687000
2026-01-29 19:45:00,6935.830078125,6941.60986328125,6935.47998046875,6940.14013671875,25870000
2026-01-29 19:50:00,6939.7001953125,6939.93017578125,6935.81982421875,6935.81982421875,28931000
2026-01-29 19:55:00,6933.3701171875,6941.43994140625,6933.2900390625,6939.77978515625,39161000
2026-01-29 20:00:00,6937.509765625,6939.1298828125,6933.330078125,6933.6201171875,37148000
2026-01-29 20:05:00,6941.52001953125,6942.06982421875,6936.7900390625,6937.52978515625,30474000
2026-01-29 20:10:00,6938.58984375,6942.0498046875,6938.58984375,6941.5498046875,32697000
2026-01-29 20:15:00,6939.93994140625,6940.06005859375,6937.35009765625,6938.5498046875,35812000
2026-01-29 20:20:00,6940.91015625,6941.169921875,6938.43994140625,6939.830078125,37889000
2026-01-29 20:25:00,6938.10986328125,6942.6201171875,6937.919921875,6940.85986328125,39417000
2026-01-29 20:30:00,6941.64990234375,6941.64990234375,6936.9599609375,6938.14013671875,44861000
2026-01-29 20:35:00,6949.27978515625,6951.2099609375,6941.0498046875,6941.85986328125,48535000
2026-01-29 20:40:00,6949.2001953125,6950.91015625,6946.8701171875,6949.35009765625,51762000
2026-01-29 20:45:00,6950.56982421875,6951.06982421875,6947.22998046875,6949.18017578125,64079000
2026-01-29 20:50:00,6959.7900390625,6960.009765625,6950.83984375,6950.83984375,107349000
2026-01-29 20:55:00,6966.27001953125,6971.08984375,6960.02001953125,6960.06982421875,247850000
2026-01-30 14:30:00,6954.64990234375,6956.0400390625,6936.169921875,6947.27001953125,0
2026-01-30 14:35:00,6958.75,6958.83984375,6947.41015625,6953.919921875,63175693
2026-01-30 14:40:00,6950.81005859375,6960.81982421875,6949.669921875,6958.89013671875,53228457
2026-01-30 14:45:00,6949.68994140625,6952.27001953125,6942.64990234375,6950.64013671875,51492044
2026-01-30 14:50:00,6945.990234375,6955.22021484375,6943.419921875,6949.4599609375,43911871
2026-01-30 14:55:00,6940.52978515625,6951.3701171875,6935.89013671875,6945.75,44685901
2026-01-30 15:00:00,6940.2001953125,6948.52978515625,6939.240234375,6940.6201171875,46514579
2026-01-30 15:05:00,6955.3701171875,6957.35009765625,6939.6201171875,6939.89990234375,43077464
2026-01-30 15:10:00,6957.27001953125,6962.2001953125,6951.39013671875,6955.56005859375,44667838
2026-01-30 15:15:00,6954.009765625,6959.58984375,6953.5498046875,6956.8798828125,38971073
2026-01-30 15:20:00,6949.81005859375,6957.93017578125,6949.60986328125,6954.10009765625,38302944
2026-01-30 15:25:00,6935.97021484375,6950.009765625,6935.97021484375,6949.830078125,37893287
2026-01-30 15:30:00,6939.39990234375,6940.10986328125,6931.91015625,6935.8701171875,37417612
2026-01-30 15:35:00,6952.81005859375,6954.47021484375,6939.419921875,6939.419921875,39506290
2026-01-30 15:40:00,6957.43994140625,6959.43017578125,6952.56005859375,6952.56005859375,34684592
2026-01-30 15:45:00,6958.33984375,6964.08984375,6956.85986328125,6957.64013671875,35776570
2026-01-30 15:50:00,6949.10986328125,6958.91015625,6945.7998046875,6958.41015625,33744062
2026-01-30 15:55:00,6943.4501953125,6950.0400390625,6941.7900390625,6949.18994140625,35839508
2026-01-30 16:00:00,6942.31005859375,6945.4501953125,6941.02001953125,6943.77978515625,30724224
2026-01-30 16:05:00,6941.1201171875,6948.77978515625,6939.6298828125,6942.3798828125,27674432
2026-01-30 16:10:00,6941.919921875,6944.259765625,6939.330078125,6941.2001953125,29298716
2026-01-30 16:15:00,6932.6298828125,6941.669921875,6931.60986328125,6941.669921875,29405079
2026-01-30 16:20:00,6927.06005859375,6932.9599609375,6925.72998046875,6932.56982421875,30509000
2026-01-30 16:25:00,6932.9501953125,6937.14990234375,6925.10986328125,6926.9501953125,34133000
2026-01-30 16:30:00,6932.43017578125,6940.2998046875,6931.56005859375,6933.06982421875,31213000
2026-01-30 16:35:00,6935.83984375,6941.509765625,6931.419921875,6932.0,30856000
2026-01-30 16:40:00,6942.31005859375,6946.18994140625,6935.47021484375,6935.72021484375,28966000
2026-01-30 16:45:00,6936.31005859375,6942.14013671875,6935.1201171875,6942.14013671875,27122000
2026-01-30 16:50:00,6936.0400390625,6936.81005859375,6930.5,6936.5400390625,27627000
2026-01-30 16:55:00,6929.240234375,6935.89990234375,6927.240234375,6935.89990234375,26132000
2026-01-30 17:00:00,6919.009765625,6929.759765625,6919.009765625,6929.22998046875,29017000
2026-01-30 17:05:00,6913.8701171875,6919.3798828125,6910.35986328125,6919.2099609375,29585000
2026-01-30 17:10:00,6913.93017578125,6919.1298828125,6913.14990234375,6913.81982421875,26504000
2026-01-30 17:15:00,6916.52978515625,6917.009765625,6911.830078125,6913.8798828125,24271000
2026-01-30 17:20:00,6926.009765625,6929.35009765625,6915.81005859375,6916.52001953125,33021000
2026-01-30 17:25:00,6932.97998046875,6934.02978515625,6924.85986328125,6925.93017578125,30846000
2026-01-30 17:30:00,6925.7099609375,6937.4599609375,6925.509765625,6933.39990234375,30624000
2026-01-30 17:35:00,6924.93017578125,6930.06982421875,6918.56005859375,6925.9599609375,24633000
2026-01-30 17:40:00,6927.08984375,6927.25,6920.830078125,6924.60986328125,22892000
2026-01-30 17:45:00,6927.06005859375,6933.14013671875,6923.22021484375,6927.1298828125,25889000
2026-01-30 17:50:00,6921.39013671875,6929.10009765625,6920.5498046875,6926.72021484375,23483000
2026-01-30 17:55:00,6914.14013671875,6926.31005859375,6914.1201171875,6921.39990234375,25555000
2026-01-30 18:00:00,6918.77001953125,6919.77001953125,6912.02001953125,6914.10986328125,24823000
2026-01-30 18:05:00,6918.9501953125,6924.759765625,6917.759765625,6918.91015625,24272000
2026-01-30 18:10:00,6915.1201171875,6918.990234375,6914.22998046875,6918.81005859375,22313000
2026-01-30 18:15:00,6904.06982421875,6915.81982421875,6903.7099609375,6914.9501953125,25881000
2026-01-30 18:20:00,6905.08984375,6905.72021484375,6893.47998046875,6903.89013671875,32222000
2026-01-30 18:25:00,6917.27978515625,6917.5,6904.7099609375,6904.81005859375,29342000
2026-01-30 18:30:00,6901.68017578125,6918.72998046875,6901.35986328125,6917.16015625,30359000
2026-01-30 18:35:00,6907.72998046875,6910.990234375,6901.3701171875,6901.6298828125,24170000
2026-01-30 18:40:00,6910.93017578125,6913.080078125,6907.93994140625,6907.93994140625,23790000
2026-01-30 18:45:00,6922.22021484375,6922.22021484375,6910.6201171875,6910.93017578125,23605000
2026-01-30 18:50:00,6932.419921875,6932.89013671875,6922.009765625,6922.009765625,30712000
2026-01-30 18:55:00,6935.93017578125,6942.580078125,6931.759765625,6932.52001953125,33772000
2026-01-30 19:00:00,6941.85009765625,6943.72998046875,6935.97998046875,6935.97998046875,39392000
2026-01-30 19:05:00,6943.490234375,6948.8701171875,6941.22021484375,6941.85009765625,28383000
2026-01-30 19:10:00,6942.6201171875,6945.419921875,6938.14013671875,6943.6298828125,26750000
2026-01-30 19:15:00,6942.08984375,6943.72021484375,6939.27001953125,6942.3798828125,24930000
2026-01-30 19:20:00,6944.10986328125,6946.580078125,6941.3701171875,6941.56005859375,24553000
2026-01-30 19:25:00,6936.3798828125,6949.35986328125,6936.3798828125,6944.009765625,33590000
2026-01-30 19:30:00,6940.72021484375,6942.43994140625,6928.93017578125,6936.0,39858000
2026-01-30 19:35:00,6938.56005859375,6941.8701171875,6937.02978515625,6940.60009765625,24744000
2026-01-30 19:40:00,6935.830078125,6941.02001953125,6935.7001953125,6938.77001953125,25710000
2026-01-30 19:45:00,6931.009765625,6936.10986328125,6930.580078125,6935.77001953125,26159000
2026-01-30 19:50:00,6941.919921875,6941.919921875,6930.990234375,6930.990234375,29142000
2026-01-30 19:55:00,6927.009765625,6945.16015625,6927.009765625,6941.9501953125,31205000
2026-01-30 20:00:00,6930.009765625,6933.81982421875,6927.58984375,6927.58984375,30425000
2026-01-30 20:05:00,6927.10009765625,6930.56005859375,6922.64990234375,6929.97998046875,31014000
2026-01-30 20:10:00,6922.669921875,6928.7099609375,6922.25,6926.919921875,31571000
2026-01-30 20:15:00,6919.669921875,6922.66015625,6918.1298828125,6922.66015625,34771000
2026-01-30 20:20:00,6921.830078125,6921.9501953125,6915.68017578125,6919.52978515625,37862000
2026-01-30 20:25:00,6922.89013671875,6926.2001953125,6918.43994140625,6921.85986328125,45007000
2026-01-30 20:30:00,6927.7001953125,6929.9501953125,6922.56005859375,6922.97021484375,49505000
2026-01-30 20:35:00,6928.06982421875,6931.8798828125,6923.39990234375,6927.5498046875,47947000
2026-01-30 20:40:00,6934.02978515625,6934.64990234375,6926.669921875,6928.0400390625,54613000
2026-01-30 20:45:00,6947.27978515625,6947.5,6933.4599609375,6933.759765625,66244000
2026-01-30 20:50:00,6935.02001953125,6949.72021484375,6932.06005859375,6947.759765625,117364000
2026-01-30 20:55:00,6937.5,6942.22998046875,6931.22021484375,6935.259765625,284553000
2026-02-02 14:30:00,6933.0,6934.35986328125,6914.33984375,6916.64013671875,0
2026-02-02 14:35:00,6940.27978515625,6944.0498046875,6930.509765625,6933.22998046875,71162391
2026-02-02 14:40:00,6948.27978515625,6950.330078125,6937.1298828125,6940.509765625,56788083
2026-02-02 14:45:00,6950.0,6951.259765625,6945.75,6948.52978515625,54416628
2026-02-02 14:50:00,6956.419921875,6960.31005859375,6950.27001953125,6950.27001953125,46653296
2026-02-02 14:55:00,6949.2998046875,6958.06982421875,6944.8701171875,6956.3701171875,45352103
2026-02-02 15:00:00,6959.4599609375,6959.4599609375,6946.68994140625,6948.75,48456568
2026-02-02 15:05:00,6968.18994140625,6968.60009765625,6959.85009765625,6960.2099609375,46928013
2026-02-02 15:10:00,6974.72021484375,6975.22998046875,6966.1298828125,6968.27001953125,44150230
2026-02-02 15:15:00,6978.06982421875,6978.580078125,6971.02001953125,6974.77978515625,46079571
2026-02-02 15:20:00,6975.2001953125,6979.60009765625,6974.259765625,6978.08984375,40465095
2026-02-02 15:25:00,6970.3798828125,6976.81982421875,6968.97021484375,6975.31005859375,41101376
2026-02-02 15:30:00,6974.080078125,6974.89990234375,6967.97998046875,6970.31005859375,38403534
2026-02-02 15:35:00,6980.259765625,6980.81982421875,6973.72998046875,6974.2900390625,37073933
2026-02-02 15:40:00,6974.08984375,6980.56982421875,6971.759765625,6980.27001953125,38220385
2026-02-02 15:45:00,6970.18994140625,6974.06982421875,6970.080078125,6973.93994140625,32929138
2026-02-02 15:50:00,6972.830078125,6974.8701171875,6968.02978515625,6969.8798828125,35386339
2026-02-02 15:55:00,6969.7900390625,6973.1201171875,6966.02001953125,6972.7099609375,36667889
2026-02-02 16:00:00,6965.080078125,6970.669921875,6964.5400390625,6969.85986328125,33125076
2026-02-02 16:05:00,6970.169921875,6970.509765625,6962.10986328125,6965.080078125,31596541
2026-02-02 16:10:00,6973.18994140625,6973.52978515625,6969.68994140625,6970.27978515625,29526000
2026-02-02 16:15:00,6975.52001953125,6977.08984375,6972.169921875,6973.2099609375,31357000
2026-02-02 16:20:00,6977.27001953125,6978.91015625,6974.52978515625,6975.419921875,32384000
2026-02-02 16:25:00,6978.25,6978.4599609375,6973.39013671875,6977.22021484375,36956000
2026-02-02 16:30:00,6977.2099609375,6978.14013671875,6973.66015625,6978.14013671875,31292000
2026-02-02 16:35:00,6975.08984375,6978.35009765625,6974.9501953125,6977.16015625,26532000
2026-02-02 16:40:00,6973.740234375,6975.31982421875,6971.6201171875,6975.1298828125,26037000
2026-02-02 16:45:00,6971.4501953125,6973.9501953125,6967.85009765625,6973.7998046875,23931000
2026-02-02 16:50:00,6975.2001953125,6975.47021484375,6970.0,6971.5,25371000
2026-02-02 16:55:00,6979.77001953125,6980.580078125,6975.02001953125,6975.1201171875,25605000
2026-02-02 17:00:00,6985.81982421875,6985.81982421875,6979.009765625,6979.81982421875,27442000
2026-02-02 17:05:00,6986.16015625,6986.22021484375,6983.22021484375,6985.72998046875,26299000
2026-02-02 17:10:00,6984.93994140625,6987.81982421875,6984.85986328125,6986.169921875,23897000
2026-02-02 17:15:00,6986.3798828125,6986.580078125,6983.3701171875,6984.9501953125,25083000
2026-02-02 17:20:00,6984.240234375,6986.27001953125,6982.3701171875,6986.18017578125,25336000
2026-02-02 17:25:00,6985.27001953125,6985.41015625,6982.990234375,6984.27001953125,22888000
2026-02-02 17:30:00,6987.2099609375,6988.10009765625,6984.759765625,6985.2998046875,25293000
2026-02-02 17:35:00,6986.3701171875,6988.60986328125,6984.740234375,6987.2001953125,23219000
2026-02-02 17:40:00,6985.77978515625,6986.580078125,6983.39013671875,6986.43994140625,20588000
2026-02-02 17:45:00,6986.8798828125,6986.97998046875,6985.2998046875,6985.68017578125,21982000
2026-02-02 17:50:00,6989.9599609375,6990.27978515625,6985.60986328125,6986.91015625,21043000
2026-02-02 17:55:00,6986.93017578125,6991.919921875,6986.68994140625,6989.91015625,22696000
2026-02-02 18:00:00,6989.22021484375,6990.08984375,6986.9501953125,6986.9501953125,21916000
2026-02-02 18:05:00,6987.919921875,6989.509765625,6987.080078125,6989.2900390625,23950000
2026-02-02 18:10:00,6985.259765625,6988.22998046875,6985.10009765625,6987.990234375,21703000
2026-02-02 18:15:00,6983.41015625,6985.52978515625,6982.6201171875,6985.22021484375,24245000
2026-02-02 18:20:00,6983.81982421875,6984.08984375,6979.85009765625,6983.35986328125,23984000
2026-02-02 18:25:00,6983.6298828125,6984.8701171875,6982.47021484375,6983.81982421875,21543000
2026-02-02 18:30:00,6983.60986328125,6984.72998046875,6983.06982421875,6983.509765625,21647000
2026-02-02 18:35:00,6983.6298828125,6985.77978515625,6983.41015625,6983.509765625,22484000
2026-02-02 18:40:00,6987.10009765625,6987.6201171875,6983.31005859375,6983.7099609375,23857000
2026-02-02 18:45:00,6989.33984375,6989.8798828125,6987.02001953125,6987.02001953125,24492000
2026-02-02 18:50:00,6988.1298828125,6989.2900390625,6987.56005859375,6989.259765625,24441000
2026-02-02 18:55:00,6987.56005859375,6989.3798828125,6987.10009765625,6988.14990234375,25887000
2026-02-02 19:00:00,6989.64013671875,6989.759765625,6986.08984375,6987.35986328125,33087000
2026-02-02 19:05:00,6989.7900390625,6990.3798828125,6988.9501953125,6989.33984375,24886000
2026-02-02 19:10:00,6990.56005859375,6991.5498046875,6989.830078125,6989.89990234375,22020000
2026-02-02 19:15:00,6990.14013671875,6991.35986328125,6989.490234375,6990.419921875,24385000
2026-02-02 19:20:00,6990.31005859375,6991.22021484375,6989.18017578125,6990.18994140625,21436000
2026-02-02 19:25:00,6990.759765625,6991.14013671875,6988.89990234375,6990.2900390625,29011000
2026-02-02 19:30:00,6987.5,6990.7099609375,6985.72998046875,6990.7099609375,34231000
2026-02-02 19:35:00,6985.22021484375,6987.60009765625,6985.10009765625,6987.52978515625,25379000
2026-02-02 19:40:00,6987.72021484375,6987.93017578125,6984.47998046875,6985.2099609375,24566000
2026-02-02 19:45:00,6986.14990234375,6989.419921875,6986.14990234375,6987.85986328125,30070000
2026-02-02 19:50:00,6985.27978515625,6986.669921875,6983.8798828125,6986.2001953125,26626000
2026-02-02 19:55:00,6976.169921875,6990.18017578125,6975.66015625,6985.31005859375,52487000
2026-02-02 20:00:00,6983.02001953125,6984.7998046875,6972.68994140625,6976.6201171875,52516000
2026-02-02 20:05:00,6985.5400390625,6987.02001953125,6982.3798828125,6982.81005859375,34125000
2026-02-02 20:10:00,6980.4501953125,6987.08984375,6980.4501953125,6985.47021484375,32903000
2026-02-02 20:15:00,6981.330078125,6982.81982421875,6977.5,6980.35009765625,32896000
2026-02-02 20:20:00,6984.3798828125,6984.6201171875,6980.8701171875,6981.22998046875,34419000
2026-02-02 20:25:00,6980.080078125,6984.4599609375,6979.2099609375,6984.4599609375,37865000
2026-02-02 20:30:00,6978.93994140625,6981.72021484375,6978.919921875,6980.080078125,44343000
2026-02-02 20:35:00,6976.990234375,6979.4501953125,6976.330078125,6978.93017578125,42975000
2026-02-02 20:40:00,6975.7001953125,6977.830078125,6974.5400390625,6976.9599609375,48401000
2026-02-02 20:45:00,6978.3798828125,6980.009765625,6974.919921875,6975.5498046875,55776000
2026-02-02 20:50:00,6976.31005859375,6979.39013671875,6973.2998046875,6978.68994140625,97043000
2026-02-02 20:55:00,6976.22998046875,6979.259765625,6975.72998046875,6976.2900390625,213138000
2026-02-03 14:30:00,6983.7998046875,6993.080078125,6978.830078125,6985.4501953125,0
2026-02-03 14:35:00,6978.97998046875,6986.990234375,6976.169921875,6983.77001953125,82576331
2026-02-03 14:40:00,6974.0,6984.47021484375,6970.72998046875,6979.080078125,79674124
2026-02-03 14:45:00,6982.3701171875,6983.02001953125,6972.6298828125,6973.75,66589397
2026-02-03 14:50:00,6972.259765625,6982.81005859375,6972.259765625,6982.81005859375,59349821
2026-02-03 14:55:00,6955.9599609375,6972.080078125,6954.7099609375,6971.35986328125,68702706
2026-02-03 15:00:00,6951.22998046875,6958.33984375,6943.02978515625,6955.89990234375,67691269
2026-02-03 15:05:00,6951.259765625,6954.8701171875,6942.06005859375,6950.68017578125,61563774
2026-02-03 15:10:00,6941.10009765625,6952.0498046875,6938.240234375,6951.419921875,58435221
2026-02-03 15:15:00,6945.77978515625,6949.6298828125,6940.2001953125,6941.35009765625,56279174
2026-02-03 15:20:00,6931.5,6950.72021484375,6931.2998046875,6945.740234375,60302758
2026-02-03 15:25:00,6944.18017578125,6947.0,6930.64990234375,6931.419921875,57620335
2026-02-03 15:30:00,6938.7900390625,6947.56005859375,6937.6201171875,6944.259765625,53986630
2026-02-03 15:35:00,6942.22998046875,6942.259765625,6932.5,6938.3701171875,45141000
2026-02-03 15:40:00,6935.72998046875,6943.7998046875,6935.47021484375,6942.27978515625,41864000
2026-02-03 15:45:00,6949.02978515625,6949.02978515625,6931.5498046875,6935.52978515625,46337000
2026-02-03 15:50:00,6951.43994140625,6954.58984375,6942.830078125,6949.27001953125,47163000
2026-02-03 15:55:00,6953.47021484375,6956.8701171875,6950.93994140625,6951.1201171875,47236000
2026-02-03 16:00:00,6945.0498046875,6953.64990234375,6944.91015625,6953.3798828125,44100000
2026-02-03 16:05:00,6943.5498046875,6948.5,6943.509765625,6944.97021484375,41616000
2026-02-03 16:10:00,6942.6298828125,6948.5400390625,6940.83984375,6943.72021484375,42100000
2026-02-03 16:15:00,6940.93994140625,6945.81005859375,6939.56982421875,6942.58984375,37807000
2026-02-03 16:20:00,6931.18994140625,6942.080078125,6930.43994140625,6941.02978515625,39659000
2026-02-03 16:25:00,6929.9501953125,6938.16015625,6929.47021484375,6931.169921875,38690000
2026-02-03 16:30:00,6933.2099609375,6933.6201171875,6926.8798828125,6930.27978515625,43867000
2026-02-03 16:35:00,6930.56005859375,6936.18994140625,6928.33984375,6933.10986328125,37397000
2026-02-03 16:40:00,6931.85986328125,6933.3798828125,6929.330078125,6931.1298828125,34950000
2026-02-03 16:45:00,6932.75,6936.14013671875,6928.58984375,6931.81982421875,35533000
2026-02-03 16:50:00,6929.56005859375,6933.14013671875,6924.759765625,6933.1298828125,36757000
2026-02-03 16:55:00,6928.0498046875,6931.85009765625,6927.85986328125,6929.5,32531000
2026-02-03 17:00:00,6926.830078125,6928.85986328125,6925.18017578125,6928.1201171875,34615000
2026-02-03 17:05:00,6927.1201171875,6927.25,6922.2001953125,6926.72998046875,30500000
2026-02-03 17:10:00,6913.5498046875,6928.41015625,6909.10009765625,6927.169921875,50064000
2026-02-03 17:15:00,6915.39990234375,6920.43994140625,6912.1298828125,6913.4599609375,38733000
2026-02-03 17:20:00,6919.85986328125,6921.06005859375,6911.97998046875,6915.240234375,39747000
2026-02-03 17:25:00,6910.27001953125,6922.740234375,6910.22998046875,6919.89990234375,35200000
2026-02-03 17:30:00,6903.56982421875,6910.81982421875,6903.43994140625,6910.240234375,35634000
2026-02-03 17:35:00,6902.35986328125,6905.6201171875,6901.18017578125,6903.31982421875,37897000
2026-02-03 17:40:00,6897.91015625,6902.47021484375,6895.72998046875,6902.47021484375,36449000
2026-02-03 17:45:00,6902.7998046875,6904.31005859375,6896.10986328125,6897.9599609375,37248000
2026-02-03 17:50:00,6900.22021484375,6908.9501953125,6896.9599609375,6902.60009765625,38282000
2026-02-03 17:55:00,6898.31982421875,6902.39013671875,6898.18017578125,6900.5,37695000
2026-02-03 18:00:00,6896.47021484375,6901.83984375,6896.31005859375,6898.6298828125,40000000
2026-02-03 18:05:00,6901.5400390625,6906.68017578125,6895.81982421875,6896.56005859375,40052000
2026-02-03 18:10:00,6889.14990234375,6901.6298828125,6886.14990234375,6901.6298828125,40673000
2026-02-03 18:15:00,6893.8798828125,6893.8798828125,6887.43994140625,6889.0400390625,35297000
2026-02-03 18:20:00,6888.8798828125,6894.77978515625,6888.4599609375,6893.97998046875,31008000
2026-02-03 18:25:00,6885.56005859375,6889.58984375,6884.14013671875,6888.68017578125,39922000
2026-02-03 18:30:00,6881.9501953125,6885.68994140625,6878.85009765625,6885.64013671875,37152000
2026-02-03 18:35:00,6885.56005859375,6885.56005859375,6879.8798828125,6881.83984375,31169000
2026-02-03 18:40:00,6879.669921875,6885.64990234375,6878.93017578125,6885.64990234375,29490000
2026-02-03 18:45:00,6878.81005859375,6880.169921875,6875.72998046875,6879.58984375,33163000
2026-02-03 18:50:00,6875.75,6878.77978515625,6875.35009765625,6878.77978515625,29889000
2026-02-03 18:55:00,6869.990234375,6881.47998046875,6869.89990234375,6875.83984375,45106000
2026-02-03 19:00:00,6866.7900390625,6873.509765625,6865.2998046875,6869.759765625,42435000
2026-02-03 19:05:00,6863.85009765625,6868.97998046875,6862.0498046875,6867.02001953125,33031000
2026-02-03 19:10:00,6885.990234375,6885.990234375,6863.56005859375,6863.81982421875,41326000
2026-02-03 19:15:00,6889.93017578125,6891.25,6883.990234375,6885.9599609375,38914000
2026-02-03 19:20:00,6888.83984375,6893.97998046875,6888.669921875,6889.77978515625,38485000
2026-02-03 19:25:00,6882.830078125,6890.240234375,6879.6201171875,6888.89990234375,49154000
2026-02-03 19:30:00,6881.18017578125,6889.60986328125,6879.77001953125,6883.3701171875,44635000
2026-02-03 19:35:00,6885.18017578125,6886.8701171875,6880.52978515625,6881.1298828125,31776000
2026-02-03 19:40:00,6882.97021484375,6888.8798828125,6882.2099609375,6885.27978515625,35679000
2026-02-03 19:45:00,6877.7001953125,6883.64990234375,6877.47998046875,6883.0,33788000
2026-02-03 19:50:00,6881.669921875,6883.10009765625,6873.60986328125,6877.490234375,42218000
2026-02-03 19:55:00,6890.68994140625,6892.14990234375,6881.72021484375,6881.72021484375,35734000
2026-02-03 20:00:00,6885.72021484375,6891.89013671875,6885.33984375,6890.52001953125,34075000
2026-02-03 20:05:00,6888.75,6888.8701171875,6884.89990234375,6885.56982421875,35604000
2026-02-03 20:10:00,6892.3798828125,6892.3798828125,6885.77001953125,6888.85986328125,38162000
2026-02-03 20:15:00,6894.75,6897.72998046875,6888.2900390625,6892.52001953125,44534000
2026-02-03 20:20:00,6896.240234375,6896.490234375,6889.7099609375,6894.60009765625,42494000
2026-02-03 20:25:00,6897.490234375,6899.47998046875,6896.3798828125,6896.41015625,47138000
2026-02-03 20:30:00,6910.080078125,6910.4599609375,6897.35009765625,6897.35009765625,52761000
2026-02-03 20:35:00,6912.7900390625,6913.5400390625,6907.89013671875,6910.10986328125,56721000
2026-02-03 20:40:00,6907.2001953125,6912.68017578125,6904.080078125,6912.68017578125,56062000
2026-02-03 20:45:00,6909.759765625,6910.580078125,6906.259765625,6907.31005859375,69706000
2026-02-03 20:50:00,6915.2001953125,6915.8701171875,6910.22998046875,6910.22998046875,110520000
2026-02-03 20:55:00,6917.39990234375,6919.5400390625,6914.56005859375,6915.47021484375,252648000
2026-02-04 14:30:00,6917.080078125,6929.1201171875,6911.0,6924.5,0
2026-02-04 14:35:00,6928.669921875,6932.7001953125,6913.1201171875,6917.2998046875,95016044
2026-02-04 14:40:00,6929.02001953125,6934.39990234375,6920.93994140625,6928.8798828125,77732495
2026-02-04 14:45:00,6932.89990234375,6936.08984375,6922.52978515625,6928.52978515625,78006094
2026-02-04 14:50:00,6923.89990234375,6933.60009765625,6911.43994140625,6932.58984375,75287543
2026-02-04 14:55:00,6902.2900390625,6924.8798828125,6899.68994140625,6924.1201171875,67787211
2026-02-04 15:00:00,6893.97998046875,6902.77001953125,6886.08984375,6902.77001953125,78944055
2026-02-04 15:05:00,6911.919921875,6913.2900390625,6893.72021484375,6893.72021484375,79948088
2026-02-04 15:10:00,6911.31982421875,6916.89990234375,6906.18017578125,6911.81005859375,75464289
2026-02-04 15:15:00,6907.759765625,6914.7099609375,6905.35009765625,6910.81005859375,71007252
2026-02-04 15:20:00,6922.6298828125,6924.64013671875,6907.830078125,6908.06982421875,71247223
2026-02-04 15:25:00,6921.18017578125,6930.0,6916.75,6922.31005859375,59071967
2026-02-04 15:30:00,6905.169921875,6922.16015625,6904.33984375,6921.259765625,82270000
2026-02-04 15:35:00,6911.52978515625,6922.43017578125,6895.2998046875,6905.39990234375,74173000
2026-02-04 15:40:00,6917.35986328125,6924.7001953125,6908.5,6910.97998046875,61334000
2026-02-04 15:45:00,6908.91015625,6918.9501953125,6907.68017578125,6917.10986328125,49617000
2026-02-04 15:50:00,6909.97021484375,6913.0,6905.72021484375,6909.0,48184000
2026-02-04 15:55:00,6906.47998046875,6914.259765625,6904.52978515625,6909.89990234375,52047000
2026-02-04 16:00:00,6891.7900390625,6910.4599609375,6891.7900390625,6907.56982421875,56201000
2026-02-04 16:05:00,6888.72998046875,6897.81005859375,6887.22021484375,6891.7998046875,51841000
2026-02-04 16:10:00,6900.77978515625,6904.60009765625,6887.580078125,6889.25,48348000
2026-02-04 16:15:00,6888.9501953125,6903.77001953125,6887.41015625,6900.7998046875,48241000
2026-02-04 16:20:00,6899.18017578125,6899.68994140625,6885.77978515625,6889.2099609375,44628000
2026-02-04 16:25:00,6905.3798828125,6906.0,6896.64990234375,6899.43017578125,44434000
2026-02-04 16:30:00,6893.2900390625,6905.56005859375,6893.06005859375,6904.89013671875,42677000
2026-02-04 16:35:00,6889.72998046875,6896.27978515625,6889.43994140625,6893.27001953125,43013000
2026-02-04 16:40:00,6875.52001953125,6890.43994140625,6875.22998046875,6889.7001953125,43463000
2026-02-04 16:45:00,6869.10009765625,6876.1201171875,6866.31982421875,6875.43017578125,48955000
2026-02-04 16:50:00,6874.2099609375,6874.2099609375,6864.830078125,6869.2099609375,48615000
2026-02-04 16:55:00,6887.7099609375,6888.85986328125,6875.2099609375,6875.2099609375,43921000
2026-02-04 17:00:00,6889.6201171875,6891.97998046875,6884.68017578125,6887.580078125,39007000
2026-02-04 17:05:00,6886.02978515625,6891.47998046875,6884.39990234375,6889.35986328125,35098000
2026-02-04 17:10:00,6888.89990234375,6890.1298828125,6880.35009765625,6885.9501953125,39858000
2026-02-04 17:15:00,6879.14013671875,6890.72021484375,6879.009765625,6889.0400390625,36119000
2026-02-04 17:20:00,6877.009765625,6881.41015625,6875.47021484375,6879.1298828125,38920000
2026-02-04 17:25:00,6857.919921875,6877.47021484375,6855.169921875,6876.8701171875,60344000
2026-02-04 17:30:00,6857.9501953125,6868.4501953125,6854.68017578125,6858.02001953125,45638000
2026-02-04 17:35:00,6845.97998046875,6857.9599609375,6845.77978515625,6857.9599609375,46997000
2026-02-04 17:40:00,6852.0,6852.419921875,6841.64990234375,6845.56005859375,48060000
2026-02-04 17:45:00,6844.1201171875,6853.47021484375,6842.3798828125,6851.89013671875,43981000
2026-02-04 17:50:00,6852.02001953125,6853.47998046875,6838.7998046875,6844.35986328125,44041000
2026-02-04 17:55:00,6858.330078125,6859.83984375,6852.490234375,6852.490234375,40290000
2026-02-04 18:00:00,6853.740234375,6859.93017578125,6848.2099609375,6858.35986328125,39853000
2026-02-04 18:05:00,6845.47021484375,6861.31005859375,6845.35009765625,6854.14990234375,41946000
2026-02-04 18:10:00,6850.58984375,6852.7998046875,6845.06005859375,6845.47021484375,37410000
2026-02-04 18:15:00,6846.22998046875,6852.7001953125,6845.0400390625,6850.39013671875,35775000
2026-02-04 18:20:00,6856.43017578125,6856.43017578125,6845.41015625,6846.240234375,37241000
2026-02-04 18:25:00,6870.4599609375,6871.43017578125,6856.3798828125,6856.3798828125,39046000
2026-02-04 18:30:00,6856.5400390625,6870.31005859375,6853.25,6870.31005859375,39149000
2026-02-04 18:35:00,6861.18017578125,6862.75,6856.47021484375,6857.02001953125,33891000
2026-02-04 18:40:00,6862.97021484375,6871.18994140625,6860.0,6861.2900390625,36208000
2026-02-04 18:45:00,6860.60009765625,6865.169921875,6859.31005859375,6862.740234375,32750000
2026-02-04 18:50:00,6866.56982421875,6867.6201171875,6853.77001953125,6860.52001953125,38265000
2026-02-04 18:55:00,6867.93994140625,6876.85986328125,6866.33984375,6866.6298828125,40554000
2026-02-04 19:00:00,6863.27001953125,6870.39013671875,6862.81982421875,6868.0498046875,43462000
2026-02-04 19:05:00,6864.97998046875,6866.10009765625,6856.490234375,6863.02978515625,39991000
2026-02-04 19:10:00,6865.18017578125,6868.43994140625,6863.8701171875,6864.93994140625,34105000
2026-02-04 19:15:00,6870.35986328125,6874.72021484375,6864.7001953125,6865.18994140625,35760000
2026-02-04 19:20:00,6870.33984375,6873.39013671875,6864.31005859375,6870.33984375,37474000
2026-02-04 19:25:00,6875.259765625,6875.93994140625,6867.8701171875,6869.93994140625,34366000
2026-02-04 19:30:00,6884.83984375,6885.759765625,6875.72998046875,6875.72998046875,46950000
2026-02-04 19:35:00,6882.81982421875,6886.3701171875,6880.7099609375,6884.7001953125,39216000
2026-02-04 19:40:00,6887.89013671875,6891.68017578125,6882.47998046875,6882.75,41381000
2026-02-04 19:45:00,6895.740234375,6904.35009765625,6886.10986328125,6887.9599609375,57647000
2026-02-04 19:50:00,6899.830078125,6906.56005859375,6893.81982421875,6895.669921875,47413000
2026-02-04 19:55:00,6904.85009765625,6905.58984375,6898.169921875,6899.75,49129000
2026-02-04 20:00:00,6899.8798828125,6906.419921875,6896.5400390625,6905.0,48983000
2026-02-04 20:05:00,6902.02978515625,6902.31982421875,6899.39990234375,6900.02978515625,44042000
2026-02-04 20:10:00,6896.169921875,6902.919921875,6889.5498046875,6901.990234375,48978000
2026-02-04 20:15:00,6897.02001953125,6899.31005859375,6893.68017578125,6896.39990234375,45336000
2026-02-04 20:20:00,6899.9501953125,6901.740234375,6893.6201171875,6896.85009765625,46928000
2026-02-04 20:25:00,6897.419921875,6903.6298828125,6896.81982421875,6900.080078125,48581000
2026-02-04 20:30:00,6900.81005859375,6902.740234375,6895.2001953125,6897.43017578125,56837000
2026-02-04 20:35:00,6903.72021484375,6904.66015625,6898.41015625,6900.52001953125,54388000
2026-02-04 20:40:00,6900.18017578125,6904.919921875,6899.72021484375,6903.97998046875,60180000
2026-02-04 20:45:00,6904.1201171875,6904.72998046875,6897.02978515625,6900.080078125,71333000
2026-02-04 20:50:00,6886.990234375,6904.5498046875,6886.3701171875,6904.10009765625,118019000
2026-02-04 20:55:00,6882.759765625,6887.18017578125,6878.91015625,6886.97998046875,267921000
2026-02-05 14:30:00,6826.3798828125,6837.39013671875,6806.919921875,6837.39013671875,0
2026-02-05 14:35:00,6845.68017578125,6847.77001953125,6821.240234375,6827.7001953125,88077313
2026-02-05 14:40:00,6852.85986328125,6855.4501953125,6835.93994140625,6845.97021484375,75989053
2026-02-05 14:45:00,6850.43017578125,6854.68017578125,6844.4501953125,6851.72998046875,73321917
2026-02-05 14:50:00,6838.64990234375,6857.85009765625,6837.580078125,6850.5498046875,62888833
2026-02-05 14:55:00,6827.330078125,6842.35986328125,6823.509765625,6839.7099609375,64577195
2026-02-05 15:00:00,6814.75,6832.7099609375,6810.64013671875,6827.60009765625,69092485
2026-02-05 15:05:00,6809.9599609375,6815.7900390625,6804.81982421875,6814.52978515625,62619727
2026-02-05 15:10:00,6789.18994140625,6812.509765625,6789.18994140625,6809.830078125,64480192
2026-02-05 15:15:00,6802.3798828125,6806.0,6787.81982421875,6789.22021484375,66435668
2026-02-05 15:20:00,6793.080078125,6803.31982421875,6789.85986328125,6802.240234375,54568314
2026-02-05 15:25:00,6787.14990234375,6803.4599609375,6783.02978515625,6793.43994140625,53930949
2026-02-05 15:30:00,6781.669921875,6794.3798828125,6780.4599609375,6786.85986328125,56705168
2026-02-05 15:35:00,6798.27001953125,6799.83984375,6781.10009765625,6781.77001953125,57507000
2026-02-05 15:40:00,6800.14013671875,6805.669921875,6792.60986328125,6798.5,50196000
2026-02-05 15:45:00,6784.3798828125,6802.7998046875,6782.47998046875,6800.509765625,43462000
2026-02-05 15:50:00,6788.85986328125,6797.25,6784.52978515625,6784.52978515625,43330000
2026-02-05 15:55:00,6793.33984375,6794.009765625,6781.759765625,6788.580078125,41476000
2026-02-05 16:00:00,6787.169921875,6797.25,6787.0400390625,6793.81005859375,42917000
2026-02-05 16:05:00,6782.33984375,6789.3798828125,6781.56982421875,6787.1298828125,40703000
2026-02-05 16:10:00,6780.1298828125,6791.4501953125,6780.1298828125,6782.0400390625,38647000
2026-02-05 16:15:00,6802.919921875,6804.60009765625,6780.6298828125,6780.6298828125,44488000
2026-02-05 16:20:00,6811.72021484375,6813.990234375,6802.93017578125,6802.93017578125,41542000
2026-02-05 16:25:00,6817.0498046875,6819.47021484375,6809.18017578125,6812.27978515625,46236000
2026-02-05 16:30:00,6825.919921875,6826.43017578125,6817.14013671875,6817.97021484375,52684000
2026-02-05 16:35:00,6823.27001953125,6828.85009765625,6822.169921875,6825.81982421875,39519000
2026-02-05 16:40:00,6820.7001953125,6827.39013671875,6818.93994140625,6823.08984375,41833000
2026-02-05 16:45:00,6821.7998046875,6821.8798828125,6811.56005859375,6821.33984375,35351000
2026-02-05 16:50:00,6832.16015625,6833.740234375,6821.89013671875,6821.89013671875,37891000
2026-02-05 16:55:00,6834.68994140625,6836.27978515625,6825.83984375,6832.31982421875,32252000
2026-02-05 17:00:00,6820.97021484375,6834.5498046875,6817.830078125,6834.5498046875,31018000
2026-02-05 17:05:00,6821.85986328125,6826.72021484375,6819.97998046875,6821.16015625,31703000
2026-02-05 17:10:00,6822.91015625,6823.759765625,6815.31005859375,6821.7001953125,28298000
2026-02-05 17:15:00,6819.10009765625,6823.009765625,6818.68994140625,6822.41015625,24913000
2026-02-05 17:20:00,6831.330078125,6831.4501953125,6811.919921875,6819.06982421875,33416000
2026-02-05 17:25:00,6837.08984375,6840.68994140625,6831.81005859375,6831.81005859375,34059000
2026-02-05 17:30:00,6830.3798828125,6840.35009765625,6830.27001953125,6837.0400390625,33029000
2026-02-05 17:35:00,6835.97021484375,6837.9501953125,6829.2900390625,6830.52978515625,30692000
2026-02-05 17:40:00,6838.18017578125,6844.18017578125,6834.97021484375,6835.8798828125,30716000
2026-02-05 17:45:00,6833.1298828125,6847.56982421875,6831.9599609375,6838.580078125,36130000
2026-02-05 17:50:00,6830.72998046875,6837.990234375,6828.72021484375,6832.77001953125,34326000
2026-02-05 17:55:00,6826.27978515625,6830.72021484375,6823.89990234375,6830.6201171875,29207000
2026-02-05 18:00:00,6828.7900390625,6834.169921875,6825.97021484375,6826.10986328125,41334000
2026-02-05 18:05:00,6823.83984375,6828.72998046875,6822.7099609375,6828.72998046875,29303000
2026-02-05 18:10:00,6823.47998046875,6826.89013671875,6819.93994140625,6823.7099609375,31280000
2026-02-05 18:15:00,6819.5498046875,6824.77978515625,6818.4501953125,6823.39013671875,27496000
2026-02-05 18:20:00,6813.60009765625,6820.60986328125,6810.490234375,6819.39990234375,32953000
2026-02-05 18:25:00,6812.68017578125,6816.72021484375,6811.06982421875,6813.2001953125,27496000
2026-02-05 18:30:00,6815.3701171875,6820.8798828125,6812.18994140625,6812.72998046875,33357000
2026-02-05 18:35:00,6811.08984375,6815.60009765625,6809.72021484375,6815.60009765625,30548000
2026-02-05 18:40:00,6811.64013671875,6813.39990234375,6806.81982421875,6811.0498046875,28173000
2026-02-05 18:45:00,6806.2900390625,6813.4599609375,6805.240234375,6811.5,29208000
2026-02-05 18:50:00,6801.1298828125,6806.240234375,6798.7998046875,6806.240234375,33293000
2026-02-05 18:55:00,6804.4501953125,6807.14990234375,6798.47021484375,6801.16015625,32777000
2026-02-05 19:00:00,6811.7001953125,6814.66015625,6801.64990234375,6804.35986328125,35658000
2026-02-05 19:05:00,6816.990234375,6817.8798828125,6811.06982421875,6811.5498046875,30490000
2026-02-05 19:10:00,6827.4501953125,6829.509765625,6817.14990234375,6817.14990234375,33599000
2026-02-05 19:15:00,6832.27978515625,6832.83984375,6825.81005859375,6827.3798828125,33518000
2026-02-05 19:20:00,6833.52001953125,6835.64013671875,6831.14013671875,6832.52978515625,31108000
2026-02-05 19:25:00,6823.419921875,6833.60009765625,6822.759765625,6833.60009765625,34087000
2026-02-05 19:30:00,6815.3798828125,6823.52978515625,6807.08984375,6823.52978515625,40399000
2026-02-05 19:35:00,6812.259765625,6817.66015625,6810.75,6815.3798828125,31280000
2026-02-05 19:40:00,6810.16015625,6813.43994140625,6807.4599609375,6811.97021484375,29204000
2026-02-05 19:45:00,6810.1298828125,6813.10009765625,6807.7998046875,6810.1298828125,30917000
2026-02-05 19:50:00,6808.669921875,6812.35009765625,6805.56005859375,6810.14013671875,35307000
2026-02-05 19:55:00,6812.43994140625,6813.2001953125,6808.52001953125,6809.02001953125,36057000
2026-02-05 20:00:00,6816.35009765625,6817.35986328125,6809.47021484375,6812.58984375,37213000
2026-02-05 20:05:00,6828.06005859375,6828.990234375,6814.5400390625,6816.18017578125,41941000
2026-02-05 20:10:00,6820.0400390625,6830.1298828125,6818.93017578125,6827.830078125,40353000
2026-02-05 20:15:00,6808.3701171875,6820.02001953125,6808.1201171875,6819.93994140625,42190000
2026-02-05 20:20:00,6801.10009765625,6809.3701171875,6799.56982421875,6808.5,42086000
2026-02-05 20:25:00,6799.0498046875,6801.7001953125,6797.85986328125,6801.02001953125,43806000
2026-02-05 20:30:00,6794.41015625,6802.490234375,6793.7900390625,6799.0498046875,49955000
2026-02-05 20:35:00,6797.77001953125,6798.509765625,6792.4599609375,6794.3798828125,49819000
2026-02-05 20:40:00,6792.52001953125,6804.72021484375,6790.39013671875,6798.10009765625,60686000
2026-02-05 20:45:00,6791.31982421875,6793.77001953125,6786.60009765625,6792.31982421875,67327000
2026-02-05 20:50:00,6792.169921875,6794.419921875,6783.669921875,6791.240234375,109528000
2026-02-05 20:55:00,6799.990234375,6801.7099609375,6790.7099609375,6792.35009765625,245801000
2026-02-06 14:30:00,6860.93017578125,6867.18994140625,6816.740234375,6816.740234375,0
2026-02-06 14:35:00,6869.18994140625,6872.68994140625,6857.77001953125,6861.52001953125,81293116
2026-02-06 14:40:00,6877.4501953125,6877.7099609375,6863.16015625,6870.16015625,72986864
2026-02-06 14:45:00,6877.6201171875,6881.06982421875,6873.0400390625,6878.1298828125,73584855
2026-02-06 14:50:00,6876.14013671875,6887.1298828125,6875.8701171875,6877.7998046875,62280496
2026-02-06 14:55:00,6868.990234375,6875.85009765625,6867.5,6875.85009765625,59183495
2026-02-06 15:00:00,6861.2900390625,6871.58984375,6858.75,6868.1298828125,59291247
2026-02-06 15:05:00,6861.5498046875,6870.47998046875,6855.240234375,6861.66015625,55033544
2026-02-06 15:10:00,6859.27001953125,6875.509765625,6858.02001953125,6861.25,56782511
2026-02-06 15:15:00,6869.669921875,6871.83984375,6853.60009765625,6859.2099609375,48345258
2026-02-06 15:20:00,6864.9501953125,6879.169921875,6861.72998046875,6869.64013671875,50199151
2026-02-06 15:25:00,6878.18017578125,6879.8798828125,6863.66015625,6865.2001953125,42381381
2026-02-06 15:30:00,6883.75,6885.47998046875,6872.3701171875,6878.02001953125,46943026
2026-02-06 15:35:00,6882.68017578125,6884.759765625,6879.7900390625,6883.830078125,38518865
2026-02-06 15:40:00,6885.169921875,6888.77001953125,6881.52978515625,6882.7001953125,38122357
2026-02-06 15:45:00,6881.3701171875,6891.68017578125,6881.10986328125,6885.5400390625,38206301
2026-02-06 15:50:00,6868.10986328125,6881.31982421875,6865.830078125,6881.31982421875,37902000
2026-02-06 15:55:00,6879.39013671875,6880.56005859375,6865.97998046875,6867.509765625,42208000
2026-02-06 16:00:00,6889.89013671875,6889.89013671875,6876.97998046875,6879.43017578125,39090000
2026-02-06 16:05:00,6893.4501953125,6894.97998046875,6888.08984375,6890.14990234375,40784000
2026-02-06 16:10:00,6895.6201171875,6895.6201171875,6892.14013671875,6893.43994140625,45316000
2026-02-06 16:15:00,6892.10986328125,6896.93017578125,6890.8701171875,6895.7099609375,36633000
2026-02-06 16:20:00,6895.18017578125,6898.91015625,6892.18017578125,6892.2001953125,33146000
2026-02-06 16:25:00,6892.759765625,6895.169921875,6888.39013671875,6895.0498046875,34501000
2026-02-06 16:30:00,6898.31005859375,6898.31005859375,6893.16015625,6893.16015625,35959000
2026-02-06 16:35:00,6899.68994140625,6901.35009765625,6898.2900390625,6898.5,36514000
2026-02-06 16:40:00,6898.5498046875,6902.1201171875,6896.3798828125,6899.7001953125,35288000
2026-02-06 16:45:00,6900.47998046875,6901.52001953125,6898.080078125,6898.52001953125,32069000
2026-02-06 16:50:00,6900.02001953125,6902.06982421875,6899.22021484375,6900.419921875,29985000
2026-02-06 16:55:00,6896.33984375,6899.93994140625,6892.0,6899.93994140625,40104000
2026-02-06 17:00:00,6899.52001953125,6899.52001953125,6893.9599609375,6896.3798828125,36248000
2026-02-06 17:05:00,6903.419921875,6905.2900390625,6899.68994140625,6899.68994140625,29800000
2026-02-06 17:10:00,6901.39013671875,6905.830078125,6899.5,6903.56982421875,34810000
2026-02-06 17:15:00,6902.14990234375,6904.33984375,6898.31982421875,6901.43017578125,31220000
2026-02-06 17:20:00,6901.81982421875,6902.27978515625,6899.8701171875,6902.169921875,26121000
2026-02-06 17:25:00,6906.75,6907.41015625,6901.9599609375,6901.97021484375,29452000
2026-02-06 17:30:00,6909.52978515625,6911.66015625,6906.83984375,6906.83984375,36812000
2026-02-06 17:35:00,6902.35986328125,6909.60986328125,6901.16015625,6909.60986328125,28764000
2026-02-06 17:40:00,6906.93017578125,6907.06005859375,6901.97021484375,6902.490234375,26297000
2026-02-06 17:45:00,6911.22021484375,6911.5498046875,6906.93994140625,6906.93994140625,29278000
2026-02-06 17:50:00,6913.52978515625,6916.85009765625,6909.93017578125,6911.39013671875,30879000
2026-02-06 17:55:00,6911.5498046875,6914.22998046875,6911.5498046875,6913.419921875,28491000
2026-02-06 18:00:00,6917.18994140625,6917.64013671875,6911.5498046875,6911.5498046875,29462000
2026-02-06 18:05:00,6912.89013671875,6917.3701171875,6911.16015625,6917.14013671875,28739000
2026-02-06 18:10:00,6912.60009765625,6915.83984375,6911.81982421875,6912.97021484375,27798000
2026-02-06 18:15:00,6913.759765625,6914.02001953125,6908.8798828125,6912.56005859375,28589000
2026-02-06 18:20:00,6910.830078125,6916.1201171875,6910.830078125,6913.68017578125,24990000
2026-02-06 18:25:00,6911.31005859375,6911.66015625,6908.2998046875,6910.9599609375,26829000
2026-02-06 18:30:00,6911.490234375,6913.9599609375,6911.22021484375,6911.2998046875,25759000
2026-02-06 18:35:00,6914.81982421875,6916.0400390625,6911.4501953125,6911.47021484375,25429000
2026-02-06 18:40:00,6915.080078125,6916.60986328125,6914.31982421875,6914.81005859375,22962000
2026-02-06 18:45:00,6917.25,6917.43017578125,6914.97998046875,6915.080078125,23706000
2026-02-06 18:50:00,6915.8798828125,6918.14990234375,6915.740234375,6917.25,23202000
2026-02-06 18:55:00,6911.759765625,6916.18017578125,6911.5498046875,6915.85986328125,24524000
2026-02-06 19:00:00,6915.080078125,6915.68994140625,6911.2998046875,6911.8701171875,27960000
2026-02-06 19:05:00,6914.580078125,6915.580078125,6913.06005859375,6914.97998046875,26882000
2026-02-06 19:10:00,6911.3798828125,6915.10986328125,6911.3798828125,6914.4501953125,27106000
2026-02-06 19:15:00,6911.1298828125,6912.5498046875,6909.4501953125,6911.330078125,24494000
2026-02-06 19:20:00,6915.93994140625,6916.759765625,6910.990234375,6911.1201171875,25128000
2026-02-06 19:25:00,6916.9501953125,6916.9501953125,6914.419921875,6915.990234375,24833000
2026-02-06 19:30:00,6914.1298828125,6917.22021484375,6914.009765625,6916.97021484375,30255000
2026-02-06 19:35:00,6914.0,6915.669921875,6913.81005859375,6914.10986328125,26384000
2026-02-06 19:40:00,6911.8701171875,6914.1298828125,6911.43994140625,6914.1298828125,27684000
2026-02-06 19:45:00,6918.60986328125,6919.64013671875,6911.8798828125,6911.91015625,31186000
2026-02-06 19:50:00,6917.3798828125,6919.02978515625,6916.240234375,6918.52978515625,28897000
2026-02-06 19:55:00,6915.41015625,6917.740234375,6914.91015625,6917.47998046875,29488000
2026-02-06 20:00:00,6917.56982421875,6918.4599609375,6913.16015625,6915.419921875,33926000
2026-02-06 20:05:00,6918.080078125,6920.25,6917.169921875,6917.66015625,31322000
2026-02-06 20:10:00,6916.7001953125,6918.81982421875,6916.7001953125,6918.14990234375,33705000
2026-02-06 20:15:00,6919.91015625,6920.08984375,6916.7001953125,6916.75,34860000
2026-02-06 20:20:00,6922.39990234375,6923.759765625,6919.47021484375,6919.8701171875,40579000
2026-02-06 20:25:00,6919.81005859375,6923.25,6919.580078125,6922.35986328125,40867000
2026-02-06 20:30:00,6921.330078125,6922.77978515625,6918.509765625,6919.93994140625,42928000
2026-02-06 20:35:00,6922.240234375,6922.5498046875,6919.5,6921.2001953125,43513000
2026-02-06 20:40:00,6929.1201171875,6929.1201171875,6922.18017578125,6922.35009765625,52420000
2026-02-06 20:45:00,6932.60986328125,6933.27001953125,6929.3798828125,6929.490234375,61334000
2026-02-06 20:50:00,6941.2998046875,6944.89013671875,6932.5498046875,6932.75,109865000
2026-02-06 20:55:00,6930.27001953125,6941.56005859375,6930.27001953125,6941.56005859375,235544000
2026-02-09 14:30:00,6921.10986328125,6924.58984375,6905.8701171875,6917.259765625,0
2026-02-09 14:35:00,6933.52001953125,6934.06005859375,6916.7001953125,6921.1298828125,70461664
2026-02-09 14:40:00,6934.580078125,6938.2998046875,6930.08984375,6933.91015625,61996821
2026-02-09 14:45:00,6934.9599609375,6938.5400390625,6928.830078125,6934.240234375,70392179
2026-02-09 14:50:00,6925.31982421875,6935.14990234375,6920.3701171875,6935.06982421875,52232693
2026-02-09 14:55:00,6926.97021484375,6930.580078125,6925.25,6925.5498046875,47516856
2026-02-09 15:00:00,6934.31982421875,6934.31982421875,6924.5498046875,6924.93994140625,47799472
2026-02-09 15:05:00,6938.509765625,6941.58984375,6934.2099609375,6934.2099609375,43293230
2026-02-09 15:10:00,6939.39013671875,6939.56982421875,6933.5498046875,6938.169921875,42203848
2026-02-09 15:15:00,6948.33984375,6948.52001953125,6939.39013671875,6939.39013671875,40729171
2026-02-09 15:20:00,6945.64990234375,6950.81005859375,6944.47021484375,6948.6298828125,37813368
2026-02-09 15:25:00,6941.14990234375,6945.830078125,6938.8798828125,6945.72021484375,35005339
2026-02-09 15:30:00,6954.5,6954.68994140625,6941.16015625,6941.16015625,38039962
2026-02-09 15:35:00,6954.60986328125,6959.490234375,6953.52978515625,6954.31982421875,38163949
2026-02-09 15:40:00,6957.52001953125,6957.91015625,6954.66015625,6954.75,33236098
2026-02-09 15:45:00,6959.68994140625,6959.72021484375,6954.740234375,6957.60009765625,33363816
2026-02-09 15:50:00,6960.58984375,6962.08984375,6957.9501953125,6959.75,31310130
2026-02-09 15:55:00,6964.68017578125,6966.85986328125,6960.2998046875,6960.6298828125,36439216
2026-02-09 16:00:00,6967.7900390625,6968.22998046875,6964.490234375,6964.64013671875,32688700
2026-02-09 16:05:00,6964.18994140625,6967.91015625,6963.5,6967.72021484375,31371086
2026-02-09 16:10:00,6965.14990234375,6966.52001953125,6962.9501953125,6964.33984375,30319076
2026-02-09 16:15:00,6963.10986328125,6967.0,6962.919921875,6965.5498046875,30865000
2026-02-09 16:20:00,6967.3701171875,6967.3701171875,6962.830078125,6963.18017578125,28520000
2026-02-09 16:25:00,6969.18994140625,6969.7001953125,6965.7900390625,6967.27001953125,27582000
2026-02-09 16:30:00,6967.72998046875,6969.27978515625,6966.97998046875,6969.10986328125,28898000
2026-02-09 16:35:00,6967.0400390625,6967.85986328125,6964.7099609375,6967.7001953125,27114000
2026-02-09 16:40:00,6971.6201171875,6971.7099609375,6967.0498046875,6967.0498046875,27566000
2026-02-09 16:45:00,6973.97021484375,6975.240234375,6971.5498046875,6971.64990234375,27437000
2026-02-09 16:50:00,6975.68994140625,6977.22998046875,6973.18994140625,6974.06982421875,27521000
2026-02-09 16:55:00,6975.56005859375,6978.169921875,6975.330078125,6975.64990234375,26412000
2026-02-09 17:00:00,6976.52001953125,6978.31005859375,6973.509765625,6975.68017578125,29107000
2026-02-09 17:05:00,6975.8701171875,6977.31982421875,6975.10009765625,6976.759765625,27392000
2026-02-09 17:10:00,6976.47021484375,6978.60986328125,6975.4599609375,6975.75,28367000
2026-02-09 17:15:00,6977.27001953125,6978.22998046875,6976.2099609375,6976.56005859375,31448000
2026-02-09 17:20:00,6974.740234375,6977.22998046875,6974.31005859375,6977.16015625,25820000
2026-02-09 17:25:00,6973.2998046875,6975.33984375,6973.169921875,6974.759765625,24463000
2026-02-09 17:30:00,6973.330078125,6974.66015625,6971.830078125,6973.22998046875,22599000
2026-02-09 17:35:00,6972.9501953125,6976.580078125,6972.52978515625,6973.27978515625,25985000
2026-02-09 17:40:00,6970.83984375,6973.02978515625,6970.259765625,6973.02978515625,22334000
2026-02-09 17:45:00,6971.5498046875,6971.93994140625,6969.22998046875,6970.93017578125,21940000
2026-02-09 17:50:00,6970.580078125,6971.6298828125,6969.72021484375,6971.6298828125,20333000
2026-02-09 17:55:00,6967.580078125,6970.52001953125,6967.18017578125,6970.5,22129000
2026-02-09 18:00:00,6969.35986328125,6971.4501953125,6965.77978515625,6967.669921875,25321000
2026-02-09 18:05:00,6970.02978515625,6970.7998046875,6967.240234375,6969.43994140625,22322000
2026-02-09 18:10:00,6969.8701171875,6971.009765625,6968.3798828125,6970.06982421875,23047000
2026-02-09 18:15:00,6970.02978515625,6970.60986328125,6968.41015625,6969.93017578125,23668000
2026-02-09 18:20:00,6967.27978515625,6971.22998046875,6958.240234375,6969.93017578125,33623000
2026-02-09 18:25:00,6964.2001953125,6967.18994140625,6963.18017578125,6967.16015625,19844000
2026-02-09 18:30:00,6968.02978515625,6969.64990234375,6962.4501953125,6964.2099609375,24586000
2026-02-09 18:35:00,6969.68017578125,6970.08984375,6967.31005859375,6968.14013671875,20536000
2026-02-09 18:40:00,6972.06982421875,6973.06982421875,6969.22021484375,6969.72021484375,21076000
2026-02-09 18:45:00,6969.830078125,6973.7900390625,6969.77001953125,6972.1201171875,21939000
2026-02-09 18:50:00,6969.240234375,6971.0400390625,6968.64013671875,6969.7099609375,22732000
2026-02-09 18:55:00,6968.68017578125,6970.7099609375,6967.14990234375,6969.27978515625,23199000
2026-02-09 19:00:00,6972.27001953125,6972.5498046875,6966.91015625,6968.6298828125,25586000
2026-02-09 19:05:00,6969.759765625,6972.3798828125,6968.919921875,6972.259765625,26250000
2026-02-09 19:10:00,6974.5,6974.7001953125,6969.68017578125,6969.68017578125,25178000
2026-02-09 19:15:00,6975.0,6975.60009765625,6973.830078125,6974.58984375,21627000
2026-02-09 19:20:00,6978.8798828125,6979.0400390625,6974.77978515625,6975.10009765625,26979000
2026-02-09 19:25:00,6979.1201171875,6980.10009765625,6977.97021484375,6978.81982421875,21558000
2026-02-09 19:30:00,6978.43994140625,6980.06982421875,6977.89990234375,6979.25,24282000
2026-02-09 19:35:00,6978.580078125,6979.22021484375,6977.669921875,6978.3798828125,21847000
2026-02-09 19:40:00,6977.66015625,6978.64990234375,6976.77978515625,6978.64990234375,23276000
2026-02-09 19:45:00,6978.0400390625,6978.58984375,6976.66015625,6977.60986328125,24141000
2026-02-09 19:50:00,6977.25,6978.60009765625,6976.080078125,6978.02001953125,23777000
2026-02-09 19:55:00,6975.77001953125,6977.64013671875,6975.490234375,6977.27978515625,26138000
2026-02-09 20:00:00,6976.66015625,6978.47998046875,6974.77978515625,6975.7900390625,30037000
2026-02-09 20:05:00,6976.72021484375,6978.85009765625,6976.56982421875,6976.7099609375,30388000
2026-02-09 20:10:00,6976.0400390625,6978.06005859375,6976.0400390625,6976.740234375,30643000
2026-02-09 20:15:00,6973.06982421875,6975.97021484375,6972.22021484375,6975.93017578125,32480000
2026-02-09 20:20:00,6971.02001953125,6973.18994140625,6969.91015625,6972.85009765625,36890000
2026-02-09 20:25:00,6967.259765625,6971.009765625,6965.39990234375,6970.9599609375,35057000
2026-02-09 20:30:00,6963.35009765625,6967.60986328125,6963.35009765625,6967.60986328125,40877000
2026-02-09 20:35:00,6967.18994140625,6967.2001953125,6960.91015625,6963.240234375,38195000
2026-02-09 20:40:00,6967.740234375,6969.77978515625,6964.89990234375,6967.16015625,44068000
2026-02-09 20:45:00,6970.18017578125,6970.18017578125,6967.64990234375,6967.7998046875,52385000
2026-02-09 20:50:00,6964.75,6971.5,6962.43017578125,6970.16015625,90459000
2026-02-09 20:55:00,6963.169921875,6969.52978515625,6963.169921875,6965.06005859375,198071000
2026-02-10 14:30:00,6972.6201171875,6977.6298828125,6970.9501953125,6974.490234375,0
2026-02-10 14:35:00,6965.83984375,6974.75,6960.66015625,6973.18994140625,61636479
2026-02-10 14:40:00,6961.27001953125,6966.0,6956.77978515625,6965.39990234375,53007043
2026-02-10 14:45:00,6960.3798828125,6963.56005859375,6957.97998046875,6961.1298828125,52972448
2026-02-10 14:50:00,6974.81005859375,6975.22021484375,6960.75,6960.75,48545924
2026-02-10 14:55:00,6978.77978515625,6981.58984375,6974.39990234375,6975.16015625,47315250
2026-02-10 15:00:00,6979.080078125,6979.8701171875,6976.7001953125,6978.3798828125,47697745
2026-02-10 15:05:00,6983.89990234375,6985.4501953125,6977.18017578125,6979.27978515625,44318728
2026-02-10 15:10:00,6975.080078125,6985.77001953125,6969.31005859375,6983.990234375,43774843
2026-02-10 15:15:00,6980.97021484375,6981.240234375,6971.1298828125,6975.56982421875,39951607
2026-02-10 15:20:00,6976.7001953125,6985.10009765625,6976.2001953125,6981.27001953125,37396244
2026-02-10 15:25:00,6980.27001953125,6981.85009765625,6975.27001953125,6976.52978515625,33288329
2026-02-10 15:30:00,6980.830078125,6986.830078125,6979.0400390625,6980.39990234375,40718885
2026-02-10 15:35:00,6977.77978515625,6980.89013671875,6975.2998046875,6980.66015625,37848488
2026-02-10 15:40:00,6981.85009765625,6982.740234375,6977.22021484375,6977.52001953125,35853250
2026-02-10 15:45:00,6978.259765625,6983.4501953125,6976.39013671875,6981.93994140625,34674960
2026-02-10 15:50:00,6977.64013671875,6979.330078125,6974.4501953125,6978.16015625,37032179
2026-02-10 15:55:00,6975.39013671875,6978.56982421875,6970.9501953125,6977.81982421875,36506962
2026-02-10 16:00:00,6975.18017578125,6977.7998046875,6973.43017578125,6975.330078125,33662630
2026-02-10 16:05:00,6968.240234375,6975.35986328125,6968.240234375,6975.25,36829103
2026-02-10 16:10:00,6970.06982421875,6972.14013671875,6967.89013671875,6967.89013671875,38937580
2026-02-10 16:15:00,6970.72021484375,6973.47021484375,6964.68017578125,6970.2099609375,41728155
2026-02-10 16:20:00,6965.72998046875,6971.10009765625,6962.18017578125,6970.7099609375,36778000
2026-02-10 16:25:00,6969.0,6971.7099609375,6965.14013671875,6965.93994140625,36835000
2026-02-10 16:30:00,6966.4599609375,6969.68994140625,6966.14013671875,6968.97998046875,38410000
2026-02-10 16:35:00,6968.9501953125,6969.89990234375,6966.39990234375,6966.56005859375,39064000
2026-02-10 16:40:00,6967.669921875,6971.330078125,6967.4599609375,6969.0498046875,30205000
2026-02-10 16:45:00,6967.39990234375,6974.3701171875,6967.169921875,6967.490234375,29185000
2026-02-10 16:50:00,6969.5498046875,6969.66015625,6964.330078125,6967.39013671875,28318000
2026-02-10 16:55:00,6968.31982421875,6971.64990234375,6967.85986328125,6969.4599609375,27210000
2026-02-10 17:00:00,6965.35986328125,6969.10009765625,6963.2099609375,6968.39990234375,27321000
2026-02-10 17:05:00,6972.60009765625,6972.66015625,6965.4599609375,6965.4599609375,24912000
2026-02-10 17:10:00,6975.7001953125,6976.14990234375,6972.52001953125,6972.58984375,24986000
2026-02-10 17:15:00,6977.14990234375,6977.77001953125,6974.830078125,6975.81005859375,25973000
2026-02-10 17:20:00,6972.31982421875,6977.52978515625,6970.89990234375,6977.18017578125,27082000
2026-02-10 17:25:00,6973.3798828125,6974.7998046875,6971.66015625,6972.35986328125,23873000
2026-02-10 17:30:00,6972.740234375,6974.4501953125,6971.35009765625,6973.35986328125,23033000
2026-02-10 17:35:00,6972.080078125,6973.5,6969.6298828125,6972.740234375,24097000
2026-02-10 17:40:00,6975.97998046875,6976.72998046875,6972.10009765625,6972.10009765625,23205000
2026-02-10 17:45:00,6976.669921875,6979.06005859375,6976.06982421875,6976.06982421875,24356000
2026-02-10 17:50:00,6976.240234375,6978.330078125,6975.47021484375,6976.68017578125,25773000
2026-02-10 17:55:00,6975.06005859375,6976.5400390625,6974.35986328125,6976.259765625,24624000
2026-02-10 18:00:00,6973.22021484375,6975.22998046875,6971.93994140625,6975.080078125,22451000
2026-02-10 18:05:00,6969.56982421875,6973.18994140625,6969.009765625,6973.18017578125,22271000
2026-02-10 18:10:00,6967.22998046875,6970.39990234375,6966.97998046875,6969.58984375,22281000
2026-02-10 18:15:00,6961.759765625,6967.669921875,6960.43017578125,6967.27001953125,25705000
2026-02-10 18:20:00,6962.830078125,6965.18994140625,6957.93017578125,6961.89990234375,28801000
2026-02-10 18:25:00,6955.490234375,6963.02978515625,6955.10009765625,6962.89013671875,27199000
2026-02-10 18:30:00,6953.2099609375,6957.1298828125,6951.06982421875,6955.52978515625,26997000
2026-02-10 18:35:00,6957.919921875,6959.2001953125,6952.75,6953.27978515625,27910000
2026-02-10 18:40:00,6956.85009765625,6958.85009765625,6956.47998046875,6957.8701171875,21047000
2026-02-10 18:45:00,6951.85986328125,6956.83984375,6951.33984375,6956.83984375,24184000
2026-02-10 18:50:00,6949.89013671875,6953.66015625,6949.64013671875,6951.8798828125,23907000
2026-02-10 18:55:00,6957.56982421875,6958.68994140625,6949.68017578125,6949.89013671875,26235000
2026-02-10 19:00:00,6955.7998046875,6959.35986328125,6955.10986328125,6957.6298828125,28765000
2026-02-10 19:05:00,6955.43017578125,6957.4501953125,6953.43994140625,6955.7998046875,23300000
2026-02-10 19:10:00,6957.7099609375,6958.18017578125,6954.47021484375,6955.41015625,21701000
2026-02-10 19:15:00,6953.830078125,6957.7099609375,6952.6298828125,6957.7099609375,23357000
2026-02-10 19:20:00,6958.68017578125,6958.77001953125,6953.7998046875,6953.85009765625,22369000
2026-02-10 19:25:00,6959.4599609375,6959.580078125,6956.33984375,6958.64013671875,21945000
2026-02-10 19:30:00,6958.4501953125,6962.02001953125,6958.27001953125,6959.509765625,29296000
2026-02-10 19:35:00,6959.669921875,6960.41015625,6958.25,6958.35986328125,22917000
2026-02-10 19:40:00,6955.89990234375,6960.85986328125,6954.990234375,6959.64013671875,27584000
2026-02-10 19:45:00,6958.6298828125,6958.83984375,6955.83984375,6955.990234375,26828000
2026-02-10 19:50:00,6955.66015625,6958.64013671875,6955.06005859375,6958.64013671875,24191000
2026-02-10 19:55:00,6958.4501953125,6960.0400390625,6955.56005859375,6955.64013671875,29152000
2026-02-10 20:00:00,6955.56005859375,6960.5498046875,6955.35986328125,6958.5400390625,32191000
2026-02-10 20:05:00,6955.47998046875,6956.81005859375,6953.7099609375,6955.580078125,29013000
2026-02-10 20:10:00,6953.0498046875,6955.93994140625,6952.2900390625,6955.60986328125,31432000
2026-02-10 20:15:00,6957.56005859375,6958.22021484375,6953.06005859375,6953.169921875,33028000
2026-02-10 20:20:00,6954.89990234375,6959.0400390625,6954.89990234375,6957.3701171875,35633000
2026-02-10 20:25:00,6953.7998046875,6956.1201171875,6951.830078125,6954.91015625,34416000
2026-02-10 20:30:00,6951.93994140625,6956.4599609375,6951.3798828125,6953.85009765625,40140000
2026-02-10 20:35:00,6950.02978515625,6953.2099609375,6950.02978515625,6952.02978515625,41429000
2026-02-10 20:40:00,6950.97021484375,6952.7099609375,6949.919921875,6950.14990234375,44856000
2026-02-10 20:45:00,6954.27001953125,6954.7001953125,6950.56005859375,6951.14013671875,53419000
2026-02-10 20:50:00,6943.89990234375,6954.43994140625,6942.8701171875,6954.43994140625,94555000
2026-02-10 20:55:00,6940.009765625,6944.81005859375,6937.52978515625,6944.0400390625,214637000
2026-02-11 14:30:00,6982.75,6993.47998046875,6976.47998046875,6976.47998046875,180537510
2026-02-11 14:35:00,6973.97998046875,6983.77001953125,6972.759765625,6982.91015625,71970940
2026-02-11 14:40:00,6975.919921875,6979.31982421875,6972.33984375,6974.02001953125,66055423
2026-02-11 14:45:00,6977.419921875,6984.89990234375,6974.919921875,6975.6298828125,60321192
2026-02-11 14:50:00,6971.56005859375,6979.259765625,6969.68017578125,6977.7099609375,55759695
2026-02-11 14:55:00,6961.2998046875,6974.85986328125,6959.35986328125,6971.990234375,51741828
2026-02-11 15:00:00,6957.10009765625,6967.43994140625,6955.16015625,6961.259765625,54602259
2026-02-11 15:05:00,6948.22998046875,6957.9501953125,6947.31005859375,6957.2099609375,45706873
2026-02-11 15:10:00,6937.64990234375,6947.7998046875,6928.7900390625,6947.7001953125,54740246
2026-02-11 15:15:00,6927.10986328125,6939.18017578125,6927.10986328125,6937.47021484375,51621040
2026-02-11 15:20:00,6915.56982421875,6928.2900390625,6914.25,6927.39990234375,50395388
2026-02-11 15:25:00,6917.72021484375,6924.1298828125,6911.97021484375,6915.7900390625,54605044
2026-02-11 15:30:00,6927.240234375,6927.85009765625,6916.77978515625,6917.490234375,44708415
2026-02-11 15:35:00,6933.5,6933.7998046875,6923.1201171875,6927.41015625,45581278
2026-02-11 15:40:00,6933.14013671875,6937.580078125,6928.7900390625,6933.43017578125,38656579
2026-02-11 15:45:00,6925.7998046875,6937.009765625,6924.330078125,6932.66015625,38955752
2026-02-11 15:50:00,6945.580078125,6945.97021484375,6923.14013671875,6925.75,41670538
2026-02-11 15:55:00,6943.83984375,6946.68017578125,6942.6201171875,6945.52978515625,38136000
2026-02-11 16:00:00,6938.66015625,6946.60986328125,6937.2001953125,6944.18994140625,39362000
2026-02-11 16:05:00,6935.72998046875,6939.81982421875,6935.06005859375,6938.5400390625,33292000
2026-02-11 16:10:00,6949.1298828125,6949.35009765625,6935.419921875,6935.72021484375,34716000
2026-02-11 16:15:00,6948.759765625,6949.9501953125,6944.490234375,6949.009765625,33986000
2026-02-11 16:20:00,6953.919921875,6955.35009765625,6948.52001953125,6948.72021484375,35253000
2026-02-11 16:25:00,6939.4501953125,6954.77001953125,6939.4501953125,6953.97021484375,34121000
2026-02-11 16:30:00,6944.14990234375,6946.97998046875,6936.6201171875,6939.3701171875,38395000
2026-02-11 16:35:00,6947.93017578125,6947.93017578125,6940.22021484375,6944.169921875,33478000
2026-02-11 16:40:00,6950.83984375,6953.68994140625,6948.02001953125,6948.02001953125,30791000
2026-02-11 16:45:00,6947.240234375,6953.0400390625,6945.85009765625,6950.669921875,29720000
2026-02-11 16:50:00,6947.97021484375,6950.3798828125,6945.27001953125,6947.259765625,27489000
2026-02-11 16:55:00,6941.14990234375,6948.10009765625,6940.72998046875,6947.9501953125,28135000
2026-02-11 17:00:00,6936.31005859375,6941.1201171875,6934.68994140625,6941.1201171875,30453000
2026-02-11 17:05:00,6944.1201171875,6944.14013671875,6935.580078125,6936.10009765625,28914000
2026-02-11 17:10:00,6944.2998046875,6946.66015625,6940.97021484375,6944.08984375,26675000
2026-02-11 17:15:00,6946.259765625,6950.75,6941.97998046875,6944.27978515625,28543000
2026-02-11 17:20:00,6951.490234375,6951.77978515625,6943.06982421875,6946.43017578125,27954000
2026-02-11 17:25:00,6955.8798828125,6958.56005859375,6951.47021484375,6951.47021484375,31127000
2026-02-11 17:30:00,6952.9599609375,6956.81982421875,6951.8798828125,6956.22998046875,33150000
2026-02-11 17:35:00,6952.9501953125,6954.7001953125,6950.93994140625,6953.0,24441000
2026-02-11 17:40:00,6958.009765625,6958.85986328125,6952.93017578125,6952.93017578125,22545000
2026-02-11 17:45:00,6958.43994140625,6959.02001953125,6954.509765625,6957.91015625,24004000
2026-02-11 17:50:00,6956.06982421875,6960.27978515625,6954.4501953125,6957.97998046875,28683000
2026-02-11 17:55:00,6948.2001953125,6956.009765625,6946.6201171875,6955.9599609375,25400000
2026-02-11 18:00:00,6947.14013671875,6949.93017578125,6944.0,6948.18994140625,26892000
2026-02-11 18:05:00,6941.14013671875,6947.27978515625,6941.14013671875,6947.10009765625,23406000
2026-02-11 18:10:00,6937.06982421875,6941.10009765625,6936.0498046875,6941.10009765625,27330000
2026-02-11 18:15:00,6941.759765625,6945.2900390625,6934.97021484375,6937.06005859375,30990000
2026-02-11 18:20:00,6943.14013671875,6944.33984375,6939.97021484375,6941.7998046875,23341000
2026-02-11 18:25:00,6948.8798828125,6949.5400390625,6941.68994140625,6943.080078125,27232000
2026-02-11 18:30:00,6943.9599609375,6950.35009765625,6943.9599609375,6948.72998046875,28482000
2026-02-11 18:35:00,6948.31982421875,6948.89990234375,6943.2900390625,6943.75,27204000
2026-02-11 18:40:00,6944.4599609375,6948.2001953125,6942.60009765625,6948.2001953125,24671000
2026-02-11 18:45:00,6948.919921875,6949.080078125,6944.35986328125,6944.52001953125,26183000
2026-02-11 18:50:00,6949.6201171875,6950.16015625,6941.669921875,6949.22998046875,33116000
2026-02-11 18:55:00,6947.93017578125,6950.89013671875,6947.2998046875,6949.6298828125,28764000
2026-02-11 19:00:00,6948.60986328125,6948.60986328125,6945.39013671875,6947.8798828125,29014000
2026-02-11 19:05:00,6946.58984375,6949.580078125,6942.919921875,6948.7001953125,34587000
2026-02-11 19:10:00,6953.39013671875,6954.580078125,6945.93994140625,6946.64990234375,24925000
2026-02-11 19:15:00,6953.97021484375,6955.31982421875,6953.10986328125,6953.39990234375,26803000
2026-02-11 19:20:00,6957.31982421875,6957.85009765625,6953.77978515625,6953.8798828125,25074000
2026-02-11 19:25:00,6958.60009765625,6960.08984375,6956.85986328125,6957.419921875,28601000
2026-02-11 19:30:00,6957.18994140625,6958.60009765625,6953.990234375,6958.60009765625,26700000
2026-02-11 19:35:00,6956.60986328125,6959.330078125,6956.60986328125,6957.14013671875,26846000
2026-02-11 19:40:00,6957.919921875,6957.919921875,6955.35986328125,6956.56005859375,25166000
2026-02-11 19:45:00,6952.52978515625,6957.97021484375,6944.81005859375,6957.8701171875,37689000
2026-02-11 19:50:00,6951.2001953125,6953.4501953125,6949.7001953125,6952.4599609375,31195000
2026-02-11 19:55:00,6949.93994140625,6952.39990234375,6948.9501953125,6951.259765625,28658000
2026-02-11 20:00:00,6951.169921875,6951.89990234375,6948.4501953125,6949.77978515625,33193000
2026-02-11 20:05:00,6948.66015625,6951.5400390625,6948.10986328125,6951.2099609375,30959000
2026-02-11 20:10:00,6948.509765625,6949.919921875,6947.8798828125,6948.52978515625,34212000
2026-02-11 20:15:00,6948.330078125,6951.2099609375,6947.27978515625,6948.60009765625,36075000
2026-02-11 20:20:00,6946.81982421875,6948.14990234375,6944.27001953125,6948.1298828125,37077000
2026-02-11 20:25:00,6943.43994140625,6947.89990234375,6943.35986328125,6946.990234375,38961000
2026-02-11 20:30:00,6940.60009765625,6944.35009765625,6939.77978515625,6943.4501953125,44278000
2026-02-11 20:35:00,6946.43017578125,6946.47021484375,6940.27978515625,6940.6298828125,47369000
2026-02-11 20:40:00,6945.56005859375,6949.830078125,6945.1201171875,6946.81005859375,52342000
2026-02-11 20:45:00,6950.14990234375,6950.2900390625,6945.4501953125,6945.669921875,62199000
2026-02-11 20:50:00,6947.93994140625,6950.1201171875,6942.91015625,6950.1201171875,102041000
2026-02-11 20:55:00,6939.68017578125,6947.77978515625,6939.68017578125,6947.77978515625,221784000
2026-02-12 14:30:00,6969.43017578125,6971.7998046875,6957.5400390625,6957.5400390625,0
2026-02-12 14:35:00,6968.5498046875,6970.66015625,6964.56982421875,6969.14013671875,75348240
2026-02-12 14:40:00,6960.6201171875,6973.22021484375,6959.43017578125,6968.93994140625,64552487
2026-02-12 14:45:00,6952.669921875,6963.39013671875,6952.52001953125,6960.52978515625,69401965
2026-02-12 14:50:00,6957.31005859375,6959.14990234375,6951.27978515625,6952.75,58489117
2026-02-12 14:55:00,6945.93017578125,6957.259765625,6942.64013671875,6957.259765625,54402031
2026-02-12 15:00:00,6946.31005859375,6955.85009765625,6943.16015625,6949.47021484375,61786007
2026-02-12 15:05:00,6943.16015625,6951.97021484375,6941.1298828125,6946.56005859375,57980084
2026-02-12 15:10:00,6953.8701171875,6953.8798828125,6941.72998046875,6943.22998046875,51204704
2026-02-12 15:15:00,6948.669921875,6955.7998046875,6948.4501953125,6953.93994140625,45395771
2026-02-12 15:20:00,6950.330078125,6956.89013671875,6944.919921875,6948.0400390625,42606359
2026-02-12 15:25:00,6950.66015625,6952.81982421875,6947.490234375,6950.2900390625,44375566
2026-02-12 15:30:00,6939.08984375,6954.259765625,6939.08984375,6950.68017578125,44246890
2026-02-12 15:35:00,6930.43017578125,6940.66015625,6929.52978515625,6939.10009765625,48771046
2026-02-12 15:40:00,6923.02978515625,6931.919921875,6922.93017578125,6930.60986328125,55930003
2026-02-12 15:45:00,6924.08984375,6927.81005859375,6921.56005859375,6923.27001953125,54921464
2026-02-12 15:50:00,6915.41015625,6926.85986328125,6915.41015625,6923.97998046875,54051824
2026-02-12 15:55:00,6905.3798828125,6915.4501953125,6904.97998046875,6914.56982421875,51186000
2026-02-12 16:00:00,6900.60986328125,6906.77001953125,6899.27001953125,6905.39990234375,55593000
2026-02-12 16:05:00,6889.39013671875,6901.0498046875,6888.18017578125,6900.27001953125,54025000
2026-02-12 16:10:00,6882.330078125,6890.41015625,6879.7998046875,6889.4501953125,51565000
2026-02-12 16:15:00,6874.14013671875,6883.47021484375,6870.68017578125,6882.08984375,56160000
2026-02-12 16:20:00,6869.72998046875,6875.52001953125,6864.0,6874.0400390625,58759000
2026-02-12 16:25:00,6855.39013671875,6869.509765625,6854.93994140625,6869.509765625,56014000
2026-02-12 16:30:00,6863.31005859375,6869.22998046875,6855.02978515625,6855.31005859375,58954000
2026-02-12 16:35:00,6874.7998046875,6877.16015625,6863.56982421875,6863.72998046875,56663000
2026-02-12 16:40:00,6869.009765625,6877.3798828125,6867.18994140625,6874.68017578125,46758000
2026-02-12 16:45:00,6864.740234375,6872.5,6860.14990234375,6868.72021484375,45230000
2026-02-12 16:50:00,6861.14013671875,6867.58984375,6858.72998046875,6864.6201171875,48245000
2026-02-12 16:55:00,6866.35986328125,6866.35986328125,6861.0400390625,6861.0400390625,40804000
2026-02-12 17:00:00,6863.10986328125,6866.02001953125,6854.3798828125,6866.02001953125,43091000
2026-02-12 17:05:00,6868.169921875,6869.58984375,6855.7900390625,6863.22998046875,41011000
2026-02-12 17:10:00,6857.43017578125,6868.16015625,6855.91015625,6868.16015625,33026000
2026-02-12 17:15:00,6855.68994140625,6860.33984375,6854.3798828125,6857.52978515625,36405000
2026-02-12 17:20:00,6868.6298828125,6869.43017578125,6855.240234375,6855.43017578125,37467000
2026-02-12 17:25:00,6860.5498046875,6871.490234375,6858.47021484375,6868.580078125,48461000
2026-02-12 17:30:00,6867.41015625,6867.41015625,6858.7900390625,6860.68017578125,37904000
2026-02-12 17:35:00,6868.68994140625,6875.35986328125,6867.22021484375,6867.22021484375,36984000
2026-02-12 17:40:00,6870.31005859375,6873.39013671875,6865.990234375,6868.22021484375,31673000
2026-02-12 17:45:00,6863.5,6873.3798828125,6860.9501953125,6870.31005859375,30415000
2026-02-12 17:50:00,6856.56005859375,6867.89990234375,6855.47021484375,6863.56005859375,33430000
2026-02-12 17:55:00,6849.7998046875,6859.06982421875,6849.3798828125,6856.41015625,35180000
2026-02-12 18:00:00,6850.02001953125,6855.0498046875,6844.259765625,6849.60986328125,43688000
2026-02-12 18:05:00,6852.83984375,6860.47021484375,6850.22998046875,6850.22998046875,34486000
2026-02-12 18:10:00,6852.22021484375,6854.6298828125,6850.41015625,6852.93994140625,30268000
2026-02-12 18:15:00,6845.7001953125,6852.47998046875,6844.6201171875,6852.33984375,30051000
2026-02-12 18:20:00,6854.33984375,6856.47021484375,6845.5498046875,6845.5498046875,32686000
2026-02-12 18:25:00,6851.2099609375,6856.5,6842.4501953125,6854.580078125,70994000
2026-02-12 18:30:00,6853.31005859375,6854.759765625,6847.8798828125,6851.2900390625,33172000
2026-02-12 18:35:00,6861.97021484375,6861.97021484375,6852.35009765625,6853.31982421875,30258000
2026-02-12 18:40:00,6868.64990234375,6868.81982421875,6859.56005859375,6862.14013671875,28017000
2026-02-12 18:45:00,6866.10009765625,6870.52978515625,6865.68994140625,6868.58984375,32160000
2026-02-12 18:50:00,6869.85986328125,6873.1298828125,6864.2998046875,6865.89013671875,29104000
2026-02-12 18:55:00,6866.830078125,6872.35009765625,6862.4599609375,6870.02978515625,52300000
2026-02-12 19:00:00,6864.06005859375,6870.27001953125,6863.02001953125,6866.9599609375,31203000
2026-02-12 19:05:00,6865.35986328125,6868.4501953125,6864.16015625,6864.16015625,27784000
2026-02-12 19:10:00,6861.18994140625,6865.81982421875,6856.330078125,6865.2099609375,32426000
2026-02-12 19:15:00,6870.68017578125,6871.3701171875,6861.240234375,6861.25,30307000
2026-02-12 19:20:00,6872.25,6874.14990234375,6869.43994140625,6870.9599609375,30914000
2026-02-12 19:25:00,6861.2001953125,6872.7998046875,6860.18017578125,6872.10986328125,38474000
2026-02-12 19:30:00,6867.68994140625,6870.009765625,6861.27978515625,6861.27978515625,35680000
2026-02-12 19:35:00,6873.080078125,6873.2001953125,6867.240234375,6867.64990234375,30823000
2026-02-12 19:40:00,6869.85009765625,6874.72021484375,6867.490234375,6873.1201171875,33041000
2026-02-12 19:45:00,6876.7099609375,6876.7998046875,6869.83984375,6869.83984375,31647000
2026-02-12 19:50:00,6873.52001953125,6879.1298828125,6873.14990234375,6876.85986328125,32280000
2026-02-12 19:55:00,6870.7998046875,6877.68994140625,6867.81982421875,6873.509765625,45174000
2026-02-12 20:00:00,6873.68994140625,6874.2001953125,6869.919921875,6871.0400390625,35046000
2026-02-12 20:05:00,6866.93017578125,6874.64013671875,6866.7001953125,6873.990234375,34800000
2026-02-12 20:10:00,6868.2900390625,6868.81005859375,6862.1201171875,6866.990234375,35679000
2026-02-12 20:15:00,6861.18017578125,6868.56005859375,6861.0,6868.43017578125,35412000
2026-02-12 20:20:00,6856.9501953125,6861.22998046875,6855.5400390625,6861.10986328125,40599000
2026-02-12 20:25:00,6851.8798828125,6857.2099609375,6851.1201171875,6857.06982421875,38741000
2026-02-12 20:30:00,6848.89013671875,6853.27001953125,6845.27001953125,6851.64013671875,48013000
2026-02-12 20:35:00,6848.8701171875,6851.02001953125,6847.16015625,6848.85009765625,50355000
2026-02-12 20:40:00,6845.8701171875,6853.06005859375,6844.18017578125,6848.919921875,56392000
2026-02-12 20:45:00,6838.56982421875,6846.7099609375,6836.22998046875,6846.02978515625,69638000
2026-02-12 20:50:00,6836.759765625,6838.4501953125,6824.0400390625,6838.4501953125,116050000
2026-02-12 20:55:00,6833.5400390625,6837.89990234375,6829.740234375,6837.2099609375,247636000
2026-02-13 14:30:00,6830.990234375,6845.2998046875,6826.6298828125,6834.27001953125,0
2026-02-13 14:35:00,6817.25,6831.9501953125,6817.25,6831.52978515625,66772518
2026-02-13 14:40:00,6822.43017578125,6823.18994140625,6794.5498046875,6817.56005859375,71550688
2026-02-13 14:45:00,6833.25,6846.77001953125,6822.669921875,6822.669921875,67278305
2026-02-13 14:50:00,6824.97998046875,6833.830078125,6818.259765625,6833.33984375,59869689
2026-02-13 14:55:00,6816.56982421875,6839.0,6815.0400390625,6824.3798828125,51960269
2026-02-13 15:00:00,6829.64013671875,6834.85986328125,6817.68994140625,6817.68994140625,55026079
2026-02-13 15:05:00,6842.64013671875,6842.64013671875,6819.81982421875,6829.31982421875,49075411
2026-02-13 15:10:00,6833.14990234375,6847.169921875,6832.64013671875,6842.490234375,47473137
2026-02-13 15:15:00,6829.240234375,6840.830078125,6824.52001953125,6832.740234375,41642553
2026-02-13 15:20:00,6831.60009765625,6840.35986328125,6824.5400390625,6828.81982421875,40084061
2026-02-13 15:25:00,6848.52978515625,6851.64990234375,6830.31005859375,6831.22021484375,41590424
2026-02-13 15:30:00,6860.02001953125,6863.47021484375,6848.52001953125,6848.5498046875,41734246
2026-02-13 15:35:00,6848.0400390625,6864.25,6847.97998046875,6860.06005859375,44170334
2026-02-13 15:40:00,6835.02001953125,6850.0,6834.7099609375,6848.2998046875,38626337
2026-02-13 15:45:00,6829.2998046875,6840.56005859375,6827.2099609375,6835.25,41330276
2026-02-13 15:50:00,6845.1201171875,6846.52001953125,6829.56982421875,6829.830078125,36312852
2026-02-13 15:55:00,6844.4599609375,6849.97021484375,6841.93994140625,6844.83984375,33601943
2026-02-13 16:00:00,6852.919921875,6852.919921875,6843.89990234375,6843.89990234375,31188086
2026-02-13 16:05:00,6859.1298828125,6861.2099609375,6852.22021484375,6852.89990234375,32070000
2026-02-13 16:10:00,6852.5,6859.2900390625,6846.31005859375,6859.22998046875,33896000
2026-02-13 16:15:00,6850.68017578125,6859.169921875,6850.68017578125,6852.740234375,29415000
2026-02-13 16:20:00,6842.2998046875,6852.8798828125,6838.22998046875,6850.64013671875,29017000
2026-02-13 16:25:00,6855.41015625,6857.2900390625,6841.91015625,6842.419921875,29980000
2026-02-13 16:30:00,6857.08984375,6860.02001953125,6849.330078125,6856.25,32234000
2026-02-13 16:35:00,6862.27001953125,6862.27001953125,6852.7001953125,6857.4501953125,29155000
2026-02-13 16:40:00,6864.8798828125,6865.0,6859.18994140625,6862.580078125,27100000
2026-02-13 16:45:00,6863.68994140625,6868.56982421875,6863.02978515625,6864.77001953125,27565000
2026-02-13 16:50:00,6868.35009765625,6868.5498046875,6862.10009765625,6863.81005859375,24312000
2026-02-13 16:55:00,6866.85009765625,6873.75,6866.85009765625,6868.39013671875,26993000
2026-02-13 17:00:00,6872.18994140625,6873.64990234375,6864.5,6866.4501953125,26837000
2026-02-13 17:05:00,6871.85009765625,6875.81982421875,6870.39013671875,6872.2001953125,26908000
2026-02-13 17:10:00,6879.27001953125,6879.60009765625,6871.68994140625,6871.7900390625,24476000
2026-02-13 17:15:00,6869.5400390625,6879.3701171875,6868.330078125,6879.22998046875,23917000
2026-02-13 17:20:00,6877.06982421875,6879.43994140625,6869.77001953125,6869.919921875,24530000
2026-02-13 17:25:00,6872.91015625,6877.81982421875,6872.7099609375,6877.41015625,24779000
2026-02-13 17:30:00,6878.08984375,6880.06982421875,6872.240234375,6872.8701171875,23372000
2026-02-13 17:35:00,6878.47021484375,6879.6298828125,6875.68017578125,6878.02978515625,21505000
2026-02-13 17:40:00,6876.58984375,6881.9599609375,6876.490234375,6878.7001953125,22476000
2026-02-13 17:45:00,6879.06982421875,6879.1298828125,6873.91015625,6876.58984375,23093000
2026-02-13 17:50:00,6873.9599609375,6879.1298828125,6872.669921875,6879.1298828125,21540000
2026-02-13 17:55:00,6869.75,6874.81982421875,6868.14013671875,6874.080078125,24616000
2026-02-13 18:00:00,6864.0498046875,6872.419921875,6862.93017578125,6869.81982421875,24136000
2026-02-13 18:05:00,6866.89990234375,6868.22021484375,6860.66015625,6864.0400390625,21731000
2026-02-13 18:10:00,6871.81005859375,6873.10009765625,6866.72021484375,6866.72021484375,21174000
2026-02-13 18:15:00,6872.4501953125,6876.830078125,6869.64013671875,6871.89990234375,23685000
2026-02-13 18:20:00,6878.080078125,6880.93994140625,6872.0498046875,6872.35986328125,21655000
2026-02-13 18:25:00,6871.81982421875,6880.1201171875,6868.4599609375,6878.0,38276000
2026-02-13 18:30:00,6876.6201171875,6877.3701171875,6870.7001953125,6872.1201171875,19844000
2026-02-13 18:35:00,6876.6298828125,6879.06982421875,6872.33984375,6876.66015625,20692000
2026-02-13 18:40:00,6868.83984375,6877.18017578125,6868.3701171875,6876.60009765625,18849000
2026-02-13 18:45:00,6871.2998046875,6875.9501953125,6868.81005859375,6868.81005859375,19813000
2026-02-13 18:50:00,6868.16015625,6871.419921875,6863.81005859375,6871.419921875,20179000
2026-02-13 18:55:00,6866.60986328125,6869.47998046875,6863.39990234375,6868.14990234375,31588000
2026-02-13 19:00:00,6864.4501953125,6869.27001953125,6864.14013671875,6866.490234375,22700000
2026-02-13 19:05:00,6870.39013671875,6870.8798828125,6864.52978515625,6864.5400390625,22299000
2026-02-13 19:10:00,6869.10986328125,6872.81982421875,6866.43994140625,6870.2900390625,21883000
2026-02-13 19:15:00,6869.22998046875,6869.72998046875,6865.330078125,6869.10986328125,18382000
2026-02-13 19:20:00,6872.1298828125,6872.4501953125,6867.9501953125,6869.259765625,20313000
2026-02-13 19:25:00,6861.85009765625,6872.27001953125,6859.5498046875,6872.10986328125,27165000
2026-02-13 19:30:00,6865.43017578125,6867.830078125,6861.64990234375,6861.93017578125,25257000
2026-02-13 19:35:00,6859.52001953125,6866.72021484375,6857.56005859375,6865.52001953125,22476000
2026-02-13 19:40:00,6855.41015625,6861.2001953125,6852.72998046875,6859.60009765625,22514000
2026-02-13 19:45:00,6857.2001953125,6860.89990234375,6854.3701171875,6855.5,21593000
2026-02-13 19:50:00,6851.490234375,6858.080078125,6850.60986328125,6857.43017578125,21897000
2026-02-13 19:55:00,6842.81982421875,6854.14013671875,6842.39990234375,6851.5498046875,30584000
2026-02-13 20:00:00,6850.8701171875,6851.259765625,6842.83984375,6842.83984375,25682000
2026-02-13 20:05:00,6849.77978515625,6851.52978515625,6846.31982421875,6850.72021484375,27577000
2026-02-13 20:10:00,6840.4599609375,6849.919921875,6840.4599609375,6849.919921875,28615000
2026-02-13 20:15:00,6844.89013671875,6844.89013671875,6838.1298828125,6840.39013671875,33236000
2026-02-13 20:20:00,6836.2001953125,6844.8701171875,6836.2001953125,6844.740234375,30502000
2026-02-13 20:25:00,6825.64990234375,6837.259765625,6823.009765625,6836.0400390625,35391000
2026-02-13 20:30:00,6821.52001953125,6830.85986328125,6821.52001953125,6825.41015625,41604000
2026-02-13 20:35:00,6822.52001953125,6825.0,6819.58984375,6821.6201171875,38810000
2026-02-13 20:40:00,6821.10986328125,6826.740234375,6817.6298828125,6822.509765625,44868000
2026-02-13 20:45:00,6831.330078125,6832.27001953125,6820.490234375,6821.0,56435000
2026-02-13 20:50:00,6834.2900390625,6835.330078125,6822.97021484375,6831.490234375,90032000
2026-02-13 20:55:00,6835.080078125,6837.1201171875,6828.009765625,6834.22998046875,205152000
2026-02-17 14:30:00,6834.64990234375,6837.7001953125,6816.10986328125,6819.85986328125,0
2026-02-17 14:35:00,6843.3701171875,6845.240234375,6832.22021484375,6834.5498046875,57981489
2026-02-17 14:40:00,6824.3798828125,6844.759765625,6821.81982421875,6842.990234375,52330569
2026-02-17 14:45:00,6819.759765625,6829.35009765625,6814.64990234375,6824.4599609375,60993507
2026-02-17 14:50:00,6794.9501953125,6822.33984375,6793.68017578125,6820.14013671875,52124497
2026-02-17 14:55:00,6783.8798828125,6796.14990234375,6783.330078125,6795.1298828125,48935248
2026-02-17 15:00:00,6799.52978515625,6799.52978515625,6780.47998046875,6783.56005859375,46633385
2026-02-17 15:05:00,6792.02978515625,6802.52978515625,6791.56982421875,6799.3798828125,39948487
2026-02-17 15:10:00,6787.58984375,6796.85986328125,6784.4501953125,6792.02001953125,43578526
2026-02-17 15:15:00,6814.02001953125,6814.83984375,6786.64990234375,6787.60986328125,42476607
2026-02-17 15:20:00,6796.169921875,6814.419921875,6795.27978515625,6814.08984375,39335973
2026-02-17 15:25:00,6791.31982421875,6798.93994140625,6785.68994140625,6796.27978515625,35501589
2026-02-17 15:30:00,6777.89990234375,6793.009765625,6775.83984375,6790.97998046875,33291270
2026-02-17 15:35:00,6775.919921875,6785.83984375,6775.7001953125,6777.9599609375,34078875
2026-02-17 15:40:00,6783.43017578125,6783.919921875,6775.5,6776.009765625,33844903
2026-02-17 15:45:00,6794.419921875,6798.60009765625,6782.77001953125,6783.3798828125,36512157
2026-02-17 15:50:00,6796.9599609375,6799.3798828125,6788.10009765625,6794.27978515625,32865059
2026-02-17 15:55:00,6803.43994140625,6803.43994140625,6794.52001953125,6796.89990234375,31621439
2026-02-17 16:00:00,6813.35009765625,6816.3798828125,6802.77978515625,6803.7099609375,35361214
2026-02-17 16:05:00,6828.919921875,6829.35986328125,6812.89990234375,6813.31005859375,34098106
2026-02-17 16:10:00,6840.85986328125,6843.31982421875,6828.6298828125,6828.89013671875,35266104
2026-02-17 16:15:00,6845.60986328125,6846.60009765625,6837.7998046875,6840.85009765625,32197159
2026-02-17 16:20:00,6848.509765625,6849.56005859375,6841.22021484375,6845.2900390625,31611000
2026-02-17 16:25:00,6834.10986328125,6848.89013671875,6833.740234375,6848.47998046875,30841000
2026-02-17 16:30:00,6836.1201171875,6836.47998046875,6826.89990234375,6834.25,32042000
2026-02-17 16:35:00,6842.47021484375,6845.72021484375,6834.080078125,6835.72998046875,29667000
2026-02-17 16:40:00,6836.06005859375,6843.16015625,6836.06005859375,6842.509765625,24354000
2026-02-17 16:45:00,6834.740234375,6839.5498046875,6833.58984375,6836.0498046875,22746000
2026-02-17 16:50:00,6842.3701171875,6842.3701171875,6834.830078125,6834.830078125,21558000
2026-02-17 16:55:00,6842.740234375,6847.85986328125,6838.419921875,6842.22021484375,24953000
2026-02-17 17:00:00,6838.02978515625,6843.08984375,6834.009765625,6842.72998046875,23455000
2026-02-17 17:05:00,6835.18994140625,6841.35986328125,6835.18994140625,6837.97998046875,22360000
2026-02-17 17:10:00,6830.85009765625,6836.5498046875,6826.9599609375,6835.22998046875,23536000
2026-02-17 17:15:00,6832.169921875,6833.669921875,6828.080078125,6830.7001953125,24402000
2026-02-17 17:20:00,6828.7900390625,6832.77978515625,6823.259765625,6831.9599609375,24403000
2026-02-17 17:25:00,6839.1298828125,6839.1298828125,6828.10009765625,6828.830078125,22779000
2026-02-17 17:30:00,6835.52978515625,6840.77978515625,6828.5,6839.5,25253000
2026-02-17 17:35:00,6834.16015625,6838.27978515625,6832.56982421875,6835.35986328125,20856000
2026-02-17 17:40:00,6818.8701171875,6834.27978515625,6818.8701171875,6834.27978515625,26335000
2026-02-17 17:45:00,6821.47998046875,6823.91015625,6814.1298828125,6818.77978515625,24571000
2026-02-17 17:50:00,6812.490234375,6824.7900390625,6809.669921875,6821.14990234375,23967000
2026-02-17 17:55:00,6828.2099609375,6828.81005859375,6811.52001953125,6812.52001953125,23418000
2026-02-17 18:00:00,6825.259765625,6829.10986328125,6821.91015625,6828.27001953125,20639000
2026-02-17 18:05:00,6821.39013671875,6826.1201171875,6819.4501953125,6825.3701171875,20030000
2026-02-17 18:10:00,6821.47021484375,6825.4501953125,6816.759765625,6821.35986328125,20629000
2026-02-17 18:15:00,6820.740234375,6823.68017578125,6817.64013671875,6821.5498046875,18460000
2026-02-17 18:20:00,6838.7900390625,6842.83984375,6820.10009765625,6820.830078125,32430000
2026-02-17 18:25:00,6841.3701171875,6842.75,6833.0,6838.56005859375,22444000
2026-02-17 18:30:00,6845.2998046875,6846.97021484375,6838.83984375,6841.5,25297000
2026-02-17 18:35:00,6851.39990234375,6851.39990234375,6841.22998046875,6845.259765625,21331000
2026-02-17 18:40:00,6854.27978515625,6858.58984375,6851.22021484375,6851.6298828125,22470000
2026-02-17 18:45:00,6856.830078125,6857.169921875,6853.2998046875,6854.31982421875,21719000
2026-02-17 18:50:00,6861.60009765625,6861.9599609375,6854.97998046875,6856.7900390625,22351000
2026-02-17 18:55:00,6858.5,6865.169921875,6857.169921875,6861.77978515625,21474000
2026-02-17 19:00:00,6861.56982421875,6862.41015625,6857.06982421875,6858.8701171875,22159000
2026-02-17 19:05:00,6857.83984375,6862.81982421875,6856.89990234375,6861.580078125,23620000
2026-02-17 19:10:00,6860.009765625,6860.14013671875,6854.6201171875,6857.9501953125,23232000
2026-02-17 19:15:00,6857.16015625,6860.39990234375,6856.47998046875,6860.0498046875,21041000
2026-02-17 19:20:00,6863.60986328125,6863.85986328125,6856.509765625,6857.1298828125,21126000
2026-02-17 19:25:00,6857.1201171875,6863.56982421875,6856.97998046875,6863.33984375,25192000
2026-02-17 19:30:00,6863.81982421875,6863.81982421875,6856.39013671875,6857.5400390625,24356000
2026-02-17 19:35:00,6863.14990234375,6866.72998046875,6861.009765625,6864.14990234375,23039000
2026-02-17 19:40:00,6865.43017578125,6866.990234375,6862.66015625,6863.27001953125,23233000
2026-02-17 19:45:00,6861.7099609375,6865.52001953125,6861.669921875,6865.52001953125,21948000
2026-02-17 19:50:00,6857.43994140625,6861.89990234375,6854.0498046875,6861.85009765625,24682000
2026-02-17 19:55:00,6853.60986328125,6858.0400390625,6852.5,6857.3701171875,23370000
2026-02-17 20:00:00,6855.85009765625,6858.89990234375,6853.0498046875,6853.7001953125,25420000
2026-02-17 20:05:00,6852.06005859375,6856.5498046875,6851.58984375,6855.89990234375,22796000
2026-02-17 20:10:00,6853.1201171875,6853.1201171875,6850.06005859375,6852.1201171875,24864000
2026-02-17 20:15:00,6849.02001953125,6855.1201171875,6849.009765625,6853.18994140625,27744000
2026-02-17 20:20:00,6846.14013671875,6851.259765625,6845.06005859375,6849.02001953125,29695000
2026-02-17 20:25:00,6847.0498046875,6849.06005859375,6845.330078125,6846.02978515625,29832000
2026-02-17 20:30:00,6842.259765625,6846.93017578125,6839.27978515625,6846.93017578125,37033000
2026-02-17 20:35:00,6839.66015625,6843.22021484375,6838.3798828125,6841.8701171875,36598000
2026-02-17 20:40:00,6848.3701171875,6850.52978515625,6839.35986328125,6839.68017578125,41553000
2026-02-17 20:45:00,6846.1201171875,6848.330078125,6843.77001953125,6848.06982421875,48547000
2026-02-17 20:50:00,6841.7900390625,6849.3798828125,6839.0400390625,6845.8798828125,87427000
2026-02-17 20:55:00,6846.02978515625,6846.02978515625,6837.72998046875,6841.759765625,212955000
2026-02-18 14:30:00,6853.39990234375,6862.330078125,6849.66015625,6855.47998046875,0
2026-02-18 14:35:00,6860.8798828125,6864.31982421875,6851.2998046875,6853.7099609375,54676242
2026-02-18 14:40:00,6869.31982421875,6872.68994140625,6858.919921875,6860.60986328125,48363215
2026-02-18 14:45:00,6855.830078125,6871.06005859375,6855.419921875,6869.2998046875,49688987
2026-02-18 14:50:00,6871.2001953125,6871.8701171875,6855.0400390625,6856.080078125,46174223
2026-02-18 14:55:00,6880.25,6882.2001953125,6870.31005859375,6871.0,41175936
2026-02-18 15:00:00,6894.22021484375,6894.35009765625,6880.080078125,6880.7001953125,48149600
2026-02-18 15:05:00,6893.169921875,6899.330078125,6890.89013671875,6894.2998046875,42709463
2026-02-18 15:10:00,6896.52001953125,6896.85009765625,6888.93017578125,6892.669921875,37577405
2026-02-18 15:15:00,6897.64990234375,6902.990234375,6895.72021484375,6896.41015625,40718558
2026-02-18 15:20:00,6895.5498046875,6900.080078125,6895.33984375,6897.68994140625,35507562
2026-02-18 15:25:00,6897.080078125,6898.7001953125,6893.68994140625,6895.509765625,33974761
2026-02-18 15:30:00,6892.10986328125,6897.5400390625,6891.93994140625,6897.2099609375,33154232
2026-02-18 15:35:00,6898.75,6899.10009765625,6891.81982421875,6892.080078125,32477559
2026-02-18 15:40:00,6901.39013671875,6903.10986328125,6898.06005859375,6899.0400390625,32326266
2026-02-18 15:45:00,6901.93017578125,6904.5400390625,6899.35009765625,6901.509765625,30135062
2026-02-18 15:50:00,6902.91015625,6903.52001953125,6899.10986328125,6902.06982421875,28664059
2026-02-18 15:55:00,6903.89013671875,6905.72998046875,6902.5,6903.14990234375,30391797
2026-02-18 16:00:00,6904.0498046875,6904.39990234375,6901.06005859375,6903.91015625,30482332
2026-02-18 16:05:00,6902.08984375,6907.85009765625,6901.72998046875,6904.08984375,30434769
2026-02-18 16:10:00,6902.47998046875,6904.35009765625,6901.35986328125,6902.35009765625,28325695
2026-02-18 16:15:00,6900.31005859375,6905.009765625,6900.31005859375,6902.47021484375,25049632
2026-02-18 16:20:00,6901.27978515625,6901.85986328125,6898.75,6900.52978515625,24703219
2026-02-18 16:25:00,6900.60986328125,6902.10986328125,6898.8798828125,6901.3798828125,24369490
2026-02-18 16:30:00,6902.8798828125,6905.580078125,6899.9599609375,6900.64990234375,24143261
2026-02-18 16:35:00,6903.7900390625,6904.06005859375,6901.6298828125,6902.97998046875,23319396
2026-02-18 16:40:00,6902.2001953125,6904.89990234375,6901.7099609375,6903.81982421875,24600000
2026-02-18 16:45:00,6899.39013671875,6903.1201171875,6899.35986328125,6901.990234375,24609000
2026-02-18 16:50:00,6895.81982421875,6900.6201171875,6894.7998046875,6899.4501953125,22658000
2026-02-18 16:55:00,6893.81005859375,6897.7900390625,6893.3701171875,6895.81982421875,21499000
2026-02-18 17:00:00,6899.7099609375,6899.75,6892.669921875,6893.91015625,23635000
2026-02-18 17:05:00,6902.85009765625,6906.8798828125,6899.72021484375,6899.7900390625,22386000
2026-02-18 17:10:00,6900.740234375,6903.83984375,6898.35009765625,6902.85986328125,18707000
2026-02-18 17:15:00,6904.14013671875,6904.27978515625,6899.52001953125,6900.6201171875,19835000
2026-02-18 17:20:00,6903.1201171875,6904.6298828125,6903.0,6904.1201171875,18234000
2026-02-18 17:25:00,6900.52001953125,6903.1201171875,6900.06005859375,6903.10009765625,18560000
2026-02-18 17:30:00,6897.68017578125,6902.2099609375,6897.41015625,6900.509765625,17519000
2026-02-18 17:35:00,6900.5400390625,6900.89990234375,6897.740234375,6897.75,18592000
2026-02-18 17:40:00,6898.830078125,6900.56982421875,6897.64013671875,6900.56982421875,17311000
2026-02-18 17:45:00,6900.490234375,6901.81005859375,6898.10009765625,6898.83984375,18962000
2026-02-18 17:50:00,6904.990234375,6905.0498046875,6900.330078125,6900.43017578125,18162000
2026-02-18 17:55:00,6902.740234375,6905.830078125,6901.91015625,6904.8798828125,17921000
2026-02-18 18:00:00,6905.8798828125,6909.1201171875,6902.9501953125,6903.009765625,21246000
2026-02-18 18:05:00,6903.22021484375,6906.02978515625,6902.85009765625,6905.85009765625,19057000
2026-02-18 18:10:00,6903.16015625,6904.39013671875,6902.14013671875,6903.259765625,20733000
2026-02-18 18:15:00,6903.35009765625,6905.5498046875,6903.02978515625,6903.10986328125,18919000
2026-02-18 18:20:00,6899.580078125,6903.66015625,6899.35986328125,6903.419921875,17748000
2026-02-18 18:25:00,6895.8701171875,6900.64013671875,6893.7001953125,6899.5498046875,23502000
2026-02-18 18:30:00,6895.81982421875,6897.5400390625,6893.02978515625,6895.93994140625,19758000
2026-02-18 18:35:00,6894.91015625,6898.2998046875,6894.8798828125,6895.81982421875,20833000
2026-02-18 18:40:00,6888.75,6895.169921875,6885.02001953125,6894.89990234375,25314000
2026-02-18 18:45:00,6889.7900390625,6893.47998046875,6888.10009765625,6888.759765625,22370000
2026-02-18 18:50:00,6887.8798828125,6889.85986328125,6879.31982421875,6889.81005859375,23212000
2026-02-18 18:55:00,6888.009765625,6888.7900390625,6885.3798828125,6887.47998046875,23441000
2026-02-18 19:00:00,6891.27978515625,6891.27978515625,6884.1298828125,6887.68017578125,25109000
2026-02-18 19:05:00,6885.419921875,6891.669921875,6885.27001953125,6891.22998046875,22939000
2026-02-18 19:10:00,6882.6201171875,6888.4599609375,6882.52978515625,6885.169921875,22655000
2026-02-18 19:15:00,6880.1201171875,6882.990234375,6879.240234375,6882.7001953125,24371000
2026-02-18 19:20:00,6884.830078125,6886.830078125,6880.0400390625,6880.0400390625,23948000
2026-02-18 19:25:00,6882.240234375,6886.7001953125,6880.89990234375,6884.89990234375,25162000
2026-02-18 19:30:00,6877.43017578125,6883.919921875,6875.5498046875,6882.22998046875,27820000
2026-02-18 19:35:00,6870.16015625,6877.22021484375,6866.990234375,6877.2099609375,26338000
2026-02-18 19:40:00,6869.97021484375,6874.31005859375,6868.830078125,6870.06005859375,24420000
2026-02-18 19:45:00,6871.2998046875,6875.490234375,6869.31005859375,6869.990234375,23741000
2026-02-18 19:50:00,6867.080078125,6871.72998046875,6866.2998046875,6871.2998046875,23851000
2026-02-18 19:55:00,6863.169921875,6867.10009765625,6858.68017578125,6867.0400390625,30817000
2026-02-18 20:00:00,6868.14013671875,6871.3701171875,6863.52001953125,6863.52001953125,29237000
2026-02-18 20:05:00,6863.47021484375,6868.27001953125,6863.0,6867.97021484375,28155000
2026-02-18 20:10:00,6861.85986328125,6864.58984375,6859.509765625,6863.43994140625,28191000
2026-02-18 20:15:00,6861.35009765625,6864.10986328125,6857.4501953125,6861.8798828125,27963000
2026-02-18 20:20:00,6861.3701171875,6861.4501953125,6857.6298828125,6861.2900390625,26896000
2026-02-18 20:25:00,6860.08984375,6861.91015625,6858.83984375,6861.66015625,31911000
2026-02-18 20:30:00,6869.330078125,6869.64013671875,6859.52978515625,6859.93994140625,37434000
2026-02-18 20:35:00,6873.1298828125,6873.7001953125,6867.8701171875,6869.169921875,39086000
2026-02-18 20:40:00,6874.81982421875,6876.39990234375,6871.68994140625,6873.27001953125,41211000
2026-02-18 20:45:00,6881.740234375,6883.0,6873.259765625,6874.75,52559000
2026-02-18 20:50:00,6888.52978515625,6889.75,6880.83984375,6882.06982421875,84710000
2026-02-18 20:55:00,6879.66015625,6888.8798828125,6878.490234375,6888.60986328125,219968000
2026-02-19 14:30:00,6857.14990234375,6862.43017578125,6851.490234375,6861.33984375,0
2026-02-19 14:35:00,6854.08984375,6857.740234375,6842.81982421875,6857.330078125,52838182
2026-02-19 14:40:00,6864.330078125,6865.22021484375,6847.52001953125,6854.0400390625,50127827
2026-02-19 14:45:00,6858.85009765625,6865.06005859375,6849.97998046875,6864.0,50794781
2026-02-19 14:50:00,6866.18017578125,6869.8798828125,6858.64013671875,6858.64013671875,41349941
2026-02-19 14:55:00,6867.3798828125,6875.990234375,6865.759765625,6866.06982421875,37543417
2026-02-19 15:00:00,6872.56982421875,6879.1201171875,6861.22998046875,6867.31982421875,43429397
2026-02-19 15:05:00,6861.52978515625,6873.5498046875,6861.10009765625,6872.5400390625,36071727
2026-02-19 15:10:00,6858.669921875,6865.64013671875,6858.18017578125,6861.43994140625,33979549
2026-02-19 15:15:00,6865.419921875,6869.35009765625,6858.6201171875,6858.81982421875,35568723
2026-02-19 15:20:00,6869.5400390625,6869.81982421875,6859.419921875,6865.5400390625,35880280
2026-02-19 15:25:00,6856.60986328125,6869.669921875,6855.919921875,6869.669921875,30474703
2026-02-19 15:30:00,6873.830078125,6874.06982421875,6855.2099609375,6856.490234375,31569459
2026-02-19 15:35:00,6871.56982421875,6874.919921875,6870.08984375,6873.97021484375,29619912
2026-02-19 15:40:00,6872.259765625,6875.35009765625,6870.31982421875,6871.7900390625,27632259
2026-02-19 15:45:00,6870.9501953125,6874.0,6869.02001953125,6872.1298828125,30118777
2026-02-19 15:50:00,6860.5,6871.14013671875,6859.85986328125,6871.1298828125,31111022
2026-02-19 15:55:00,6869.9501953125,6871.240234375,6860.16015625,6860.490234375,27432962
2026-02-19 16:00:00,6863.97998046875,6872.3701171875,6863.06005859375,6869.89990234375,26554583
2026-02-19 16:05:00,6863.47998046875,6864.1298828125,6856.509765625,6863.81005859375,26741477
2026-02-19 16:10:00,6865.08984375,6866.35009765625,6860.27978515625,6863.669921875,24754585
2026-02-19 16:15:00,6872.91015625,6874.10986328125,6865.3701171875,6865.4599609375,27989867
2026-02-19 16:20:00,6872.259765625,6874.97998046875,6871.0,6872.740234375,28468411
2026-02-19 16:25:00,6858.64990234375,6873.35009765625,6858.39013671875,6872.259765625,27731473
2026-02-19 16:30:00,6868.8798828125,6869.16015625,6858.6298828125,6858.6298828125,26775813
2026-02-19 16:35:00,6863.8798828125,6869.2001953125,6861.41015625,6868.85009765625,23501038
2026-02-19 16:40:00,6853.47998046875,6864.18017578125,6853.16015625,6863.68017578125,23733894
2026-02-19 16:45:00,6848.68994140625,6856.7998046875,6847.35009765625,6853.330078125,22900000
2026-02-19 16:50:00,6856.9501953125,6857.56005859375,6844.669921875,6848.91015625,25998000
2026-02-19 16:55:00,6852.5498046875,6857.5400390625,6851.5400390625,6857.10986328125,23576000
2026-02-19 17:00:00,6847.43017578125,6853.47021484375,6845.83984375,6852.52001953125,22246000
2026-02-19 17:05:00,6847.419921875,6851.580078125,6844.490234375,6847.43017578125,21489000
2026-02-19 17:10:00,6852.47998046875,6852.759765625,6846.56005859375,6847.490234375,19630000
2026-02-19 17:15:00,6858.06005859375,6858.830078125,6850.02001953125,6852.490234375,20727000
2026-02-19 17:20:00,6861.9599609375,6864.0498046875,6856.81982421875,6858.0498046875,20327000
2026-02-19 17:25:00,6856.3798828125,6862.009765625,6854.47021484375,6861.93994140625,19591000
2026-02-19 17:30:00,6855.85986328125,6858.39013671875,6854.9599609375,6856.330078125,19391000
2026-02-19 17:35:00,6855.33984375,6857.97998046875,6851.740234375,6855.77978515625,22744000
2026-02-19 17:40:00,6854.83984375,6858.91015625,6854.330078125,6855.02001953125,21456000
2026-02-19 17:45:00,6843.919921875,6854.97998046875,6841.169921875,6854.77001953125,22627000
2026-02-19 17:50:00,6842.68017578125,6848.740234375,6839.8798828125,6843.6298828125,21370000
2026-02-19 17:55:00,6840.75,6847.259765625,6838.77978515625,6842.8798828125,21473000
2026-02-19 18:00:00,6838.56005859375,6842.27001953125,6838.169921875,6841.02978515625,19800000
2026-02-19 18:05:00,6843.7001953125,6843.7001953125,6838.22998046875,6838.22998046875,19559000
2026-02-19 18:10:00,6849.93017578125,6850.7900390625,6841.33984375,6843.58984375,20725000
2026-02-19 18:15:00,6837.919921875,6849.97998046875,6837.580078125,6849.97021484375,20583000
2026-02-19 18:20:00,6840.6298828125,6841.009765625,6833.06005859375,6837.91015625,20723000
2026-02-19 18:25:00,6841.080078125,6843.990234375,6837.64013671875,6840.669921875,21242000
2026-02-19 18:30:00,6838.6298828125,6844.58984375,6837.85986328125,6841.14990234375,22005000
2026-02-19 18:35:00,6842.08984375,6842.31005859375,6837.72998046875,6838.740234375,18435000
2026-02-19 18:40:00,6844.169921875,6844.89990234375,6839.7900390625,6842.169921875,18920000
2026-02-19 18:45:00,6850.43994140625,6851.10009765625,6844.06982421875,6844.06982421875,20677000
2026-02-19 18:50:00,6850.27001953125,6852.02001953125,6847.18994140625,6850.22998046875,18286000
2026-02-19 18:55:00,6854.56005859375,6854.9501953125,6848.4599609375,6850.22998046875,19463000
2026-02-19 19:00:00,6852.56005859375,6855.1298828125,6851.1201171875,6854.41015625,21089000
2026-02-19 19:05:00,6856.77978515625,6857.2099609375,6852.02001953125,6852.60009765625,20670000
2026-02-19 19:10:00,6853.60986328125,6857.080078125,6852.06005859375,6856.81005859375,23522000
2026-02-19 19:15:00,6856.58984375,6856.68994140625,6853.27001953125,6853.64990234375,21234000
2026-02-19 19:20:00,6856.77001953125,6857.259765625,6854.080078125,6856.56982421875,21100000
2026-02-19 19:25:00,6849.39990234375,6857.08984375,6847.3798828125,6856.759765625,26847000
2026-02-19 19:30:00,6850.490234375,6852.080078125,6848.8798828125,6849.3798828125,22404000
2026-02-19 19:35:00,6837.919921875,6850.5400390625,6837.919921875,6850.43017578125,23919000
2026-02-19 19:40:00,6841.89990234375,6842.39990234375,6836.8701171875,6837.85986328125,23431000
2026-02-19 19:45:00,6841.77978515625,6843.77001953125,6838.5498046875,6841.97998046875,21534000
2026-02-19 19:50:00,6841.91015625,6845.64990234375,6840.31982421875,6841.7900390625,23447000
2026-02-19 19:55:00,6842.580078125,6844.89990234375,6841.66015625,6841.77978515625,24483000
2026-02-19 20:00:00,6849.91015625,6851.52978515625,6842.4599609375,6842.56005859375,25084000
2026-02-19 20:05:00,6846.97021484375,6849.8798828125,6846.759765625,6849.8798828125,23030000
2026-02-19 20:10:00,6848.56982421875,6849.35009765625,6845.77001953125,6847.14990234375,24835000
2026-02-19 20:15:00,6848.830078125,6848.89013671875,6843.740234375,6848.43994140625,29998000
2026-02-19 20:20:00,6846.33984375,6849.89013671875,6845.91015625,6848.990234375,27285000
2026-02-19 20:25:00,6845.58984375,6847.06982421875,6844.9599609375,6846.43017578125,28116000
2026-02-19 20:30:00,6850.06005859375,6852.43017578125,6845.02001953125,6845.5498046875,35779000
2026-02-19 20:35:00,6849.14013671875,6851.18017578125,6847.759765625,6850.1298828125,34154000
2026-02-19 20:40:00,6850.1298828125,6850.509765625,6846.52001953125,6849.009765625,37593000
2026-02-19 20:45:00,6855.77978515625,6856.669921875,6849.47021484375,6850.08984375,49449000
2026-02-19 20:50:00,6856.14990234375,6857.18994140625,6852.5498046875,6855.740234375,79202000
2026-02-19 20:55:00,6861.64990234375,6861.72998046875,6854.5,6856.10986328125,189463000
2026-02-20 14:30:00,6850.81982421875,6852.080078125,6836.330078125,6843.259765625,0
2026-02-20 14:35:00,6855.1201171875,6860.31982421875,6848.31982421875,6850.64990234375,51586696
2026-02-20 14:40:00,6864.27978515625,6869.97998046875,6853.16015625,6855.5,43798589
2026-02-20 14:45:00,6858.18017578125,6867.66015625,6857.72998046875,6864.64013671875,42034651
2026-02-20 14:50:00,6857.56982421875,6859.43994140625,6851.759765625,6857.9501953125,42541445
2026-02-20 14:55:00,6865.77001953125,6866.919921875,6855.419921875,6857.5400390625,33992246
2026-02-20 15:00:00,6886.0400390625,6909.8701171875,6865.14013671875,6865.14013671875,78550031
2026-02-20 15:05:00,6886.72998046875,6888.259765625,6863.81982421875,6886.419921875,57773521
2026-02-20 15:10:00,6871.10009765625,6895.7900390625,6871.10009765625,6886.77978515625,47986943
2026-02-20 15:15:00,6881.77978515625,6888.89013671875,6859.509765625,6871.52978515625,47146249
2026-02-20 15:20:00,6890.60986328125,6895.43017578125,6881.81005859375,6882.4599609375,37377092
2026-02-20 15:25:00,6884.419921875,6896.68994140625,6881.66015625,6890.5400390625,37714942
2026-02-20 15:30:00,6878.3701171875,6888.919921875,6872.77001953125,6884.08984375,37256151
2026-02-20 15:35:00,6888.9599609375,6890.2900390625,6873.990234375,6877.9501953125,29684067
2026-02-20 15:40:00,6898.0,6898.0,6878.33984375,6889.08984375,37379773
2026-02-20 15:45:00,6898.81982421875,6903.47998046875,6890.830078125,6897.68017578125,34089383
2026-02-20 15:50:00,6905.2001953125,6907.080078125,6893.830078125,6898.91015625,34083455
2026-02-20 15:55:00,6905.8798828125,6908.02978515625,6902.9599609375,6905.56982421875,33023332
2026-02-20 16:00:00,6906.06982421875,6908.81982421875,6901.16015625,6905.830078125,34339073
2026-02-20 16:05:00,6901.1201171875,6906.1201171875,6900.4599609375,6906.1201171875,29610763
2026-02-20 16:10:00,6897.1298828125,6904.85009765625,6896.7900390625,6901.06982421875,30273040
2026-02-20 16:15:00,6892.7001953125,6899.06982421875,6887.35009765625,6897.08984375,31141061
2026-02-20 16:20:00,6886.64990234375,6893.06982421875,6884.66015625,6893.06005859375,27588000
2026-02-20 16:25:00,6878.759765625,6886.66015625,6878.58984375,6886.64013671875,29017000
2026-02-20 16:30:00,6889.85009765625,6891.52978515625,6876.35986328125,6878.72021484375,30018000
2026-02-20 16:35:00,6897.8798828125,6898.02001953125,6885.4501953125,6890.009765625,26748000
2026-02-20 16:40:00,6901.85986328125,6905.39990234375,6895.85986328125,6898.0,25942000
2026-02-20 16:45:00,6907.2099609375,6907.64013671875,6901.56982421875,6901.8798828125,23392000
2026-02-20 16:50:00,6906.60986328125,6908.1201171875,6902.52001953125,6907.2001953125,21817000
2026-02-20 16:55:00,6902.0498046875,6907.31982421875,6901.52001953125,6906.509765625,23521000
2026-02-20 17:00:00,6896.35009765625,6904.68994140625,6896.2900390625,6902.259765625,21211000
2026-02-20 17:05:00,6887.85986328125,6896.75,6887.85009765625,6896.31982421875,20076000
2026-02-20 17:10:00,6878.8701171875,6888.14990234375,6878.490234375,6888.06005859375,26818000
2026-02-20 17:15:00,6867.4501953125,6878.5400390625,6865.91015625,6878.5400390625,27516000
2026-02-20 17:20:00,6859.240234375,6869.02001953125,6859.240234375,6867.490234375,25068000
2026-02-20 17:25:00,6868.0498046875,6868.0498046875,6858.509765625,6859.2998046875,27435000
2026-02-20 17:30:00,6874.22021484375,6877.2001953125,6867.3798828125,6868.27978515625,23965000
2026-02-20 17:35:00,6876.47021484375,6877.1201171875,6866.990234375,6874.2099609375,27381000
2026-02-20 17:40:00,6876.68994140625,6877.97998046875,6870.7099609375,6876.27978515625,21834000
2026-02-20 17:45:00,6885.1298828125,6885.490234375,6874.60009765625,6876.68017578125,25815000
2026-02-20 17:50:00,6890.81005859375,6892.75,6881.43017578125,6884.9599609375,23988000
2026-02-20 17:55:00,6891.4599609375,6892.7998046875,6880.41015625,6890.919921875,26370000
2026-02-20 18:00:00,6887.2998046875,6893.990234375,6887.2998046875,6891.47998046875,21550000
2026-02-20 18:05:00,6889.18017578125,6893.669921875,6886.27001953125,6887.2001953125,20380000
2026-02-20 18:10:00,6886.9599609375,6889.2001953125,6883.66015625,6889.18017578125,32082000
2026-02-20 18:15:00,6884.259765625,6887.27001953125,6880.72021484375,6887.10986328125,25550000
2026-02-20 18:20:00,6885.7099609375,6887.66015625,6875.72021484375,6884.080078125,29253000
2026-02-20 18:25:00,6883.14013671875,6886.7099609375,6878.93017578125,6885.58984375,24334000
2026-02-20 18:30:00,6894.75,6903.919921875,6876.259765625,6882.89990234375,33360000
2026-02-20 18:35:00,6893.830078125,6900.39013671875,6882.06005859375,6894.8701171875,31763000
2026-02-20 18:40:00,6903.91015625,6905.8701171875,6894.08984375,6894.14990234375,26635000
2026-02-20 18:45:00,6908.6298828125,6915.85986328125,6903.85986328125,6903.85986328125,26676000
2026-02-20 18:50:00,6911.0,6911.89990234375,6901.68017578125,6908.509765625,26785000
2026-02-20 18:55:00,6909.68017578125,6912.2998046875,6908.14990234375,6911.02978515625,21559000
2026-02-20 19:00:00,6911.419921875,6914.0400390625,6909.6201171875,6909.7998046875,24270000
2026-02-20 19:05:00,6907.5,6911.33984375,6905.16015625,6911.27978515625,21543000
2026-02-20 19:10:00,6901.56982421875,6907.9501953125,6901.14990234375,6907.5,20732000
2026-02-20 19:15:00,6900.2900390625,6902.25,6899.52978515625,6901.52978515625,21297000
2026-02-20 19:20:00,6903.6201171875,6906.240234375,6899.81005859375,6900.60009765625,19563000
2026-02-20 19:25:00,6902.14013671875,6904.31005859375,6899.31982421875,6903.64990234375,22636000
2026-02-20 19:30:00,6904.2900390625,6907.4501953125,6902.0498046875,6902.0498046875,21850000
2026-02-20 19:35:00,6901.259765625,6905.0400390625,6900.81982421875,6904.47021484375,21035000
2026-02-20 19:40:00,6897.2900390625,6902.9599609375,6896.919921875,6901.14990234375,21286000
2026-02-20 19:45:00,6896.9599609375,6898.39013671875,6895.31005859375,6897.27001953125,21222000
2026-02-20 19:50:00,6898.14990234375,6902.669921875,6896.81005859375,6897.02978515625,21741000
2026-02-20 19:55:00,6897.22998046875,6900.35009765625,6896.06005859375,6898.08984375,25116000
2026-02-20 20:00:00,6902.6298828125,6904.47021484375,6897.169921875,6897.22998046875,25425000
2026-02-20 20:05:00,6906.85009765625,6909.419921875,6902.77978515625,6902.77978515625,35088000
2026-02-20 20:10:00,6908.14013671875,6908.27978515625,6904.7099609375,6906.9501953125,30499000
2026-02-20 20:15:00,6902.830078125,6908.16015625,6902.64013671875,6908.0498046875,30206000
2026-02-20 20:20:00,6901.6298828125,6903.18994140625,6899.5400390625,6902.830078125,30619000
2026-02-20 20:25:00,6900.27001953125,6902.10009765625,6898.10009765625,6901.5,30784000
2026-02-20 20:30:00,6901.4501953125,6903.740234375,6900.02001953125,6900.3798828125,33830000
2026-02-20 20:35:00,6903.6298828125,6903.91015625,6899.7001953125,6901.5,33493000
2026-02-20 20:40:00,6907.18994140625,6907.18994140625,6902.97998046875,6903.68017578125,38694000
2026-02-20 20:45:00,6904.5400390625,6907.740234375,6904.5400390625,6907.27978515625,48209000
2026-02-20 20:50:00,6905.33984375,6906.68994140625,6900.8701171875,6904.43017578125,80879000
2026-02-20 20:55:00,6910.22021484375,6910.2998046875,6903.490234375,6905.33984375,204162000
2026-02-23 14:30:00,6910.419921875,6914.72021484375,6893.419921875,6901.25,0
2026-02-23 14:35:00,6914.0,6916.9599609375,6906.43994140625,6910.509765625,56200781
2026-02-23 14:40:00,6892.830078125,6913.75,6892.4501953125,6913.75,55542452
2026-02-23 14:45:00,6885.89013671875,6894.93017578125,6884.81982421875,6892.68994140625,51597906
2026-02-23 14:50:00,6887.5498046875,6898.08984375,6885.43994140625,6885.93994140625,44719009
2026-02-23 14:55:00,6881.89990234375,6888.14990234375,6880.2001953125,6887.5498046875,39978361
2026-02-23 15:00:00,6868.97998046875,6887.93994140625,6868.81005859375,6881.35009765625,47203022
2026-02-23 15:05:00,6864.97998046875,6873.31982421875,6863.35986328125,6868.97998046875,46949401
2026-02-23 15:10:00,6863.68017578125,6872.2900390625,6862.2998046875,6865.330078125,42862681
2026-02-23 15:15:00,6864.89013671875,6865.85986328125,6861.25,6863.68994140625,40421781
2026-02-23 15:20:00,6865.06982421875,6871.25,6861.58984375,6865.31982421875,39251874
2026-02-23 15:25:00,6860.5498046875,6865.169921875,6859.1298828125,6865.169921875,36762126
2026-02-23 15:30:00,6856.259765625,6865.27978515625,6856.14013671875,6860.91015625,40986379
2026-02-23 15:35:00,6857.35986328125,6860.31005859375,6853.169921875,6856.22021484375,32125496
2026-02-23 15:40:00,6852.330078125,6858.18017578125,6850.75,6857.3701171875,32279409
2026-02-23 15:45:00,6851.490234375,6855.16015625,6849.93994140625,6852.47998046875,33534879
2026-02-23 15:50:00,6843.75,6853.93994140625,6843.0400390625,6851.6201171875,37280493
2026-02-23 15:55:00,6838.85009765625,6844.47021484375,6838.27978515625,6843.7900390625,38368789
2026-02-23 16:00:00,6828.64013671875,6840.919921875,6825.2001953125,6838.6298828125,36873762
2026-02-23 16:05:00,6825.580078125,6829.52001953125,6823.9501953125,6828.77978515625,33988613
2026-02-23 16:10:00,6822.4599609375,6829.35009765625,6821.89013671875,6825.419921875,32130424
2026-02-23 16:15:00,6831.3798828125,6831.64990234375,6819.81982421875,6822.6298828125,33908416
2026-02-23 16:20:00,6834.1298828125,6836.9501953125,6831.35986328125,6831.35986328125,32150753
2026-02-23 16:25:00,6844.91015625,6845.009765625,6833.81982421875,6834.0400390625,36787000
2026-02-23 16:30:00,6843.009765625,6847.47021484375,6842.4501953125,6844.91015625,38944000
2026-02-23 16:35:00,6842.14013671875,6846.06005859375,6841.14990234375,6843.2001953125,32301000
2026-02-23 16:40:00,6841.080078125,6843.56982421875,6839.759765625,6841.97021484375,29456000
2026-02-23 16:45:00,6838.06005859375,6841.7099609375,6834.81982421875,6841.0400390625,27099000
2026-02-23 16:50:00,6838.7099609375,6842.10009765625,6836.85986328125,6838.02978515625,24698000
2026-02-23 16:55:00,6835.85009765625,6839.509765625,6834.8798828125,6838.83984375,24279000
2026-02-23 17:00:00,6837.35009765625,6840.52001953125,6834.990234375,6835.93994140625,25552000
2026-02-23 17:05:00,6837.240234375,6840.5498046875,6836.1298828125,6837.43017578125,23162000
2026-02-23 17:10:00,6833.85986328125,6838.5400390625,6832.77001953125,6837.06982421875,23743000
2026-02-23 17:15:00,6835.2900390625,6838.68017578125,6833.9599609375,6834.0,24213000
2026-02-23 17:20:00,6835.080078125,6838.14013671875,6834.3701171875,6835.2099609375,23596000
2026-02-23 17:25:00,6833.419921875,6836.6298828125,6833.259765625,6834.990234375,23247000
2026-02-23 17:30:00,6829.97021484375,6833.52001953125,6829.35986328125,6833.39013671875,22532000
2026-02-23 17:35:00,6822.52001953125,6829.91015625,6822.52001953125,6829.8798828125,25296000
2026-02-23 17:40:00,6828.5,6832.7001953125,6821.81005859375,6822.47998046875,25076000
2026-02-23 17:45:00,6827.27978515625,6831.41015625,6826.33984375,6828.3798828125,20302000
2026-02-23 17:50:00,6835.47021484375,6837.259765625,6827.18017578125,6827.2001953125,23016000
2026-02-23 17:55:00,6836.18994140625,6839.22998046875,6834.509765625,6835.43017578125,21568000
2026-02-23 18:00:00,6839.97021484375,6840.7001953125,6835.7099609375,6836.22998046875,21719000
2026-02-23 18:05:00,6844.7099609375,6844.83984375,6839.759765625,6839.990234375,21264000
2026-02-23 18:10:00,6847.5400390625,6847.75,6842.89013671875,6844.740234375,23954000
2026-02-23 18:15:00,6847.60986328125,6850.02001953125,6846.39013671875,6847.43017578125,21866000
2026-02-23 18:20:00,6853.91015625,6854.39013671875,6847.43017578125,6847.669921875,23377000
2026-02-23 18:25:00,6854.25,6855.5400390625,6852.490234375,6853.97021484375,26145000
2026-02-23 18:30:00,6853.7001953125,6854.5400390625,6851.16015625,6854.330078125,23148000
2026-02-23 18:35:00,6850.60009765625,6855.5498046875,6850.60009765625,6853.7001953125,22265000
2026-02-23 18:40:00,6846.33984375,6851.68994140625,6845.330078125,6850.6298828125,22082000
2026-02-23 18:45:00,6848.89990234375,6850.16015625,6844.68994140625,6846.41015625,20972000
2026-02-23 18:50:00,6841.669921875,6849.02978515625,6841.3701171875,6848.89990234375,21174000
2026-02-23 18:55:00,6836.2900390625,6842.08984375,6835.22021484375,6841.6201171875,24319000
2026-02-23 19:00:00,6834.89013671875,6838.60009765625,6834.43017578125,6836.35009765625,23713000
2026-02-23 19:05:00,6834.89990234375,6837.25,6833.66015625,6834.68994140625,26967000
2026-02-23 19:10:00,6835.4501953125,6837.2998046875,6833.3798828125,6834.97021484375,22366000
2026-02-23 19:15:00,6834.1201171875,6836.89990234375,6832.52001953125,6835.39990234375,22261000
2026-02-23 19:20:00,6833.2998046875,6834.990234375,6832.009765625,6834.080078125,21330000
2026-02-23 19:25:00,6828.509765625,6834.81005859375,6828.02978515625,6833.43017578125,23916000
2026-02-23 19:30:00,6829.27978515625,6832.47021484375,6828.60009765625,6828.60009765625,23273000
2026-02-23 19:35:00,6827.72021484375,6829.2998046875,6826.27978515625,6829.27001953125,25863000
2026-02-23 19:40:00,6824.8701171875,6827.68017578125,6821.77978515625,6827.68017578125,27180000
2026-02-23 19:45:00,6829.41015625,6830.72021484375,6824.080078125,6825.06005859375,25894000
2026-02-23 19:50:00,6828.02978515625,6830.22021484375,6826.919921875,6829.52001953125,24851000
2026-02-23 19:55:00,6826.52978515625,6831.22998046875,6825.9501953125,6828.02978515625,31495000
2026-02-23 20:00:00,6828.06005859375,6830.31982421875,6826.4501953125,6826.64990234375,26662000
2026-02-23 20:05:00,6825.10009765625,6829.31982421875,6824.39013671875,6828.14013671875,27396000
2026-02-23 20:10:00,6823.7001953125,6825.990234375,6822.89013671875,6825.16015625,26718000
2026-02-23 20:15:00,6825.97998046875,6827.72998046875,6823.39990234375,6823.52978515625,30373000
2026-02-23 20:20:00,6826.93017578125,6826.93017578125,6823.72021484375,6826.02978515625,30693000
2026-02-23 20:25:00,6830.25,6831.06982421875,6826.740234375,6826.89013671875,34187000
2026-02-23 20:30:00,6836.81982421875,6838.60986328125,6830.0400390625,6830.0400390625,39666000
2026-02-23 20:35:00,6832.31005859375,6836.91015625,6831.64990234375,6836.91015625,38468000
2026-02-23 20:40:00,6832.68017578125,6833.830078125,6828.06005859375,6832.31982421875,44195000
2026-02-23 20:45:00,6835.64990234375,6835.97021484375,6830.1201171875,6832.740234375,50264000
2026-02-23 20:50:00,6827.22021484375,6839.06005859375,6826.740234375,6835.740234375,88356000
2026-02-23 20:55:00,6839.58984375,6839.58984375,6825.89990234375,6827.330078125,213477000
2026-02-24 14:30:00,6823.259765625,6839.27001953125,6821.990234375,6837.3701171875,0
2026-02-24 14:35:00,6837.7900390625,6840.419921875,6815.43017578125,6823.52978515625,73960104
2026-02-24 14:40:00,6858.72998046875,6859.2099609375,6838.06982421875,6838.080078125,64643656
2026-02-24 14:45:00,6864.83984375,6870.2900390625,6856.89990234375,6859.10986328125,59003524
2026-02-24 14:50:00,6857.0,6865.60986328125,6856.08984375,6864.89013671875,49430092
2026-02-24 14:55:00,6847.8798828125,6857.02978515625,6843.85009765625,6857.02978515625,45499204
2026-02-24 15:00:00,6842.64990234375,6848.43017578125,6837.490234375,6847.27001953125,44083447
2026-02-24 15:05:00,6855.58984375,6856.1201171875,6841.919921875,6842.3798828125,42937929
2026-02-24 15:10:00,6848.64990234375,6857.47021484375,6846.14013671875,6855.22998046875,38043915
2026-02-24 15:15:00,6858.25,6858.97998046875,6847.2099609375,6848.5,37240575
2026-02-24 15:20:00,6867.919921875,6868.22021484375,6856.830078125,6857.93017578125,38908246
2026-02-24 15:25:00,6880.14013671875,6880.52978515625,6866.259765625,6867.8701171875,39387979
2026-02-24 15:30:00,6877.97998046875,6881.490234375,6876.35009765625,6880.169921875,37106277
2026-02-24 15:35:00,6874.77978515625,6878.169921875,6873.18994140625,6878.1201171875,33343699
2026-02-24 15:40:00,6879.68994140625,6881.85009765625,6874.31005859375,6875.1201171875,29528711
2026-02-24 15:45:00,6877.35986328125,6879.31982421875,6875.10009765625,6879.31982421875,30914590
2026-02-24 15:50:00,6872.2998046875,6877.330078125,6871.60986328125,6877.330078125,34159495
2026-02-24 15:55:00,6870.080078125,6873.68994140625,6868.33984375,6872.25,30763323
2026-02-24 16:00:00,6876.3701171875,6877.669921875,6869.759765625,6870.02978515625,32430476
2026-02-24 16:05:00,6877.77001953125,6879.009765625,6875.0400390625,6876.52978515625,28501976
2026-02-24 16:10:00,6882.5498046875,6884.68017578125,6876.06005859375,6877.58984375,31044726
2026-02-24 16:15:00,6878.4501953125,6883.75,6877.14990234375,6882.5,29058457
2026-02-24 16:20:00,6875.72998046875,6878.52001953125,6874.4501953125,6878.52001953125,27754000
2026-02-24 16:25:00,6876.72021484375,6878.33984375,6874.97021484375,6875.6298828125,29304000
2026-02-24 16:30:00,6868.60009765625,6877.1298828125,6867.72021484375,6876.830078125,27920000
2026-02-24 16:35:00,6873.7001953125,6874.33984375,6868.669921875,6868.7001953125,27900000
2026-02-24 16:40:00,6872.509765625,6877.14013671875,6871.31005859375,6873.75,26211000
2026-02-24 16:45:00,6875.52978515625,6876.93017578125,6872.18017578125,6872.52001953125,24300000
2026-02-24 16:50:00,6880.85009765625,6881.4599609375,6874.18994140625,6875.52978515625,22924000
2026-02-24 16:55:00,6880.8701171875,6882.85986328125,6879.580078125,6880.89990234375,24616000
2026-02-24 17:00:00,6882.27001953125,6884.47021484375,6880.27001953125,6880.60986328125,23106000
2026-02-24 17:05:00,6886.60009765625,6886.60009765625,6882.22998046875,6882.22998046875,23268000
2026-02-24 17:10:00,6889.77001953125,6891.41015625,6886.81982421875,6886.81982421875,24071000
2026-02-24 17:15:00,6890.35986328125,6892.77978515625,6888.580078125,6889.740234375,21929000
2026-02-24 17:20:00,6891.10986328125,6892.330078125,6890.1298828125,6890.259765625,19687000
2026-02-24 17:25:00,6891.72021484375,6894.10009765625,6891.1298828125,6891.14013671875,20435000
2026-02-24 17:30:00,6891.08984375,6893.16015625,6890.490234375,6891.759765625,20534000
2026-02-24 17:35:00,6890.33984375,6891.64013671875,6889.47021484375,6891.0400390625,20444000
2026-02-24 17:40:00,6888.31982421875,6891.39990234375,6888.259765625,6890.43994140625,20033000
2026-02-24 17:45:00,6891.8701171875,6892.14990234375,6886.919921875,6888.33984375,20402000
2026-02-24 17:50:00,6890.330078125,6893.02978515625,6890.16015625,6891.919921875,19139000
2026-02-24 17:55:00,6890.490234375,6891.39013671875,6889.2001953125,6890.2099609375,20835000
2026-02-24 18:00:00,6896.509765625,6897.22021484375,6890.27978515625,6890.47998046875,20362000
2026-02-24 18:05:00,6892.22021484375,6896.47998046875,6892.2001953125,6896.47998046875,19237000
2026-02-24 18:10:00,6891.02001953125,6892.75,6890.39013671875,6892.2099609375,17813000
2026-02-24 18:15:00,6889.31982421875,6891.35009765625,6889.14013671875,6890.93017578125,17079000
2026-02-24 18:20:00,6887.68994140625,6889.81005859375,6887.3701171875,6889.31005859375,19388000
2026-02-24 18:25:00,6886.52001953125,6888.490234375,6885.91015625,6887.6201171875,17219000
2026-02-24 18:30:00,6888.830078125,6889.27978515625,6886.009765625,6886.490234375,21522000
2026-02-24 18:35:00,6892.89990234375,6893.64990234375,6887.5,6888.669921875,23121000
2026-02-24 18:40:00,6893.5400390625,6894.43017578125,6892.2099609375,6892.93994140625,21093000
2026-02-24 18:45:00,6892.93994140625,6894.7099609375,6891.169921875,6893.5400390625,21118000
2026-02-24 18:50:00,6893.97021484375,6894.759765625,6892.9501953125,6892.9501953125,22144000
2026-02-24 18:55:00,6890.72998046875,6894.14013671875,6890.669921875,6893.85986328125,21115000
2026-02-24 19:00:00,6890.81982421875,6892.2998046875,6890.259765625,6890.7099609375,26230000
2026-02-24 19:05:00,6888.009765625,6890.72998046875,6887.56005859375,6890.60009765625,24367000
2026-02-24 19:10:00,6888.06005859375,6889.14013671875,6886.5,6888.1201171875,21858000
2026-02-24 19:15:00,6885.240234375,6888.1201171875,6883.1201171875,6887.97998046875,21962000
2026-02-24 19:20:00,6884.27978515625,6885.8701171875,6883.18017578125,6885.2998046875,22344000
2026-02-24 19:25:00,6885.39013671875,6886.77001953125,6883.43017578125,6884.14013671875,24642000
2026-02-24 19:30:00,6885.33984375,6887.4599609375,6885.06005859375,6885.330078125,21009000
2026-02-24 19:35:00,6886.7900390625,6886.81005859375,6884.39013671875,6885.35986328125,21927000
2026-02-24 19:40:00,6888.58984375,6889.52001953125,6886.169921875,6886.81005859375,20698000
2026-02-24 19:45:00,6888.06982421875,6889.5498046875,6886.77978515625,6888.52978515625,21148000
2026-02-24 19:50:00,6888.22021484375,6892.81982421875,6888.02001953125,6888.18017578125,23253000
2026-02-24 19:55:00,6887.66015625,6889.47021484375,6887.39990234375,6888.22998046875,24710000
2026-02-24 20:00:00,6886.740234375,6889.60986328125,6886.39990234375,6887.64013671875,24675000
2026-02-24 20:05:00,6885.06982421875,6887.64013671875,6884.0498046875,6886.759765625,23735000
2026-02-24 20:10:00,6883.27978515625,6885.259765625,6882.47021484375,6885.009765625,25719000
2026-02-24 20:15:00,6885.18994140625,6885.18994140625,6881.52978515625,6883.3701171875,27451000
2026-02-24 20:20:00,6884.919921875,6887.080078125,6884.25,6885.25,27974000
2026-02-24 20:25:00,6881.6201171875,6886.22998046875,6881.47021484375,6884.81005859375,33759000
2026-02-24 20:30:00,6886.259765625,6887.27001953125,6881.669921875,6881.7001953125,42298000
2026-02-24 20:35:00,6884.43994140625,6887.14990234375,6884.3798828125,6886.2998046875,40438000
2026-02-24 20:40:00,6888.52001953125,6888.64013671875,6884.14990234375,6884.5498046875,42533000
2026-02-24 20:45:00,6891.7998046875,6892.91015625,6888.10986328125,6888.490234375,48600000
2026-02-24 20:50:00,6894.7998046875,6899.169921875,6890.009765625,6891.72998046875,82637000
2026-02-24 20:55:00,6891.0400390625,6894.77001953125,6889.31005859375,6894.77001953125,186565000
2026-02-25 14:30:00,6925.22998046875,6929.56005859375,6915.14990234375,6915.14990234375,0
2026-02-25 14:35:00,6927.77978515625,6930.89013671875,6924.259765625,6925.2001953125,60302716
2026-02-25 14:40:00,6926.1201171875,6930.4501953125,6923.5400390625,6927.9501953125,54211563
2026-02-25 14:45:00,6932.759765625,6935.02978515625,6925.83984375,6925.83984375,53698540
2026-02-25 14:50:00,6930.72998046875,6936.2001953125,6929.93017578125,6932.8701171875,51816296
2026-02-25 14:55:00,6929.85986328125,6931.580078125,6924.85009765625,6930.5498046875,47625715
2026-02-25 15:00:00,6926.1201171875,6932.22998046875,6926.009765625,6929.669921875,52504078
2026-02-25 15:05:00,6921.68017578125,6926.759765625,6919.759765625,6925.93994140625,45208445
2026-02-25 15:10:00,6921.33984375,6924.669921875,6920.0498046875,6921.6201171875,39946099
2026-02-25 15:15:00,6923.02001953125,6923.9599609375,6919.4599609375,6921.2900390625,38228171
2026-02-25 15:20:00,6924.08984375,6925.27978515625,6919.39990234375,6922.93017578125,34249002
2026-02-25 15:25:00,6927.60009765625,6928.52001953125,6923.14990234375,6924.0400390625,32832627
2026-02-25 15:30:00,6920.64990234375,6929.72998046875,6920.43017578125,6927.740234375,36647394
2026-02-25 15:35:00,6920.22998046875,6921.8701171875,6918.83984375,6920.6201171875,30546876
2026-02-25 15:40:00,6921.7001953125,6923.72998046875,6919.89990234375,6920.2900390625,32501611
2026-02-25 15:45:00,6921.7001953125,6924.60986328125,6921.0,6921.580078125,33816438
2026-02-25 15:50:00,6921.1201171875,6923.75,6920.02978515625,6921.66015625,29635782
2026-02-25 15:55:00,6924.919921875,6924.919921875,6918.35986328125,6921.009765625,30471548
2026-02-25 16:00:00,6925.8798828125,6928.18994140625,6924.58984375,6924.93017578125,32905831
2026-02-25 16:05:00,6929.08984375,6929.22998046875,6924.6201171875,6925.81982421875,30981979
2026-02-25 16:10:00,6927.39990234375,6929.759765625,6927.009765625,6929.02978515625,29584456
2026-02-25 16:15:00,6924.39013671875,6927.4599609375,6923.2998046875,6927.4599609375,27309090
2026-02-25 16:20:00,6927.669921875,6927.77978515625,6923.419921875,6924.3798828125,27824309
2026-02-25 16:25:00,6931.330078125,6932.1201171875,6927.330078125,6927.5400390625,26326000
2026-02-25 16:30:00,6931.990234375,6934.6298828125,6931.2099609375,6931.22021484375,28177000
2026-02-25 16:35:00,6933.27978515625,6933.6201171875,6930.7099609375,6931.81005859375,32917000
2026-02-25 16:40:00,6935.64990234375,6936.3701171875,6933.08984375,6933.31982421875,24059000
2026-02-25 16:45:00,6938.91015625,6940.43994140625,6935.7001953125,6935.7001953125,28414000
2026-02-25 16:50:00,6938.31982421875,6940.2001953125,6937.919921875,6938.81982421875,26500000
2026-02-25 16:55:00,6937.22998046875,6938.18994140625,6936.77978515625,6938.18994140625,24158000
2026-02-25 17:00:00,6938.0498046875,6939.6298828125,6936.5400390625,6937.240234375,24697000
2026-02-25 17:05:00,6937.56005859375,6939.43994140625,6935.41015625,6938.1298828125,23887000
2026-02-25 17:10:00,6939.52001953125,6940.02978515625,6937.02001953125,6937.7099609375,27762000
2026-02-25 17:15:00,6939.47021484375,6940.02978515625,6938.5400390625,6939.66015625,26029000
2026-02-25 17:20:00,6939.6298828125,6940.18994140625,6938.52001953125,6939.4599609375,21596000
2026-02-25 17:25:00,6936.2900390625,6939.7998046875,6935.81982421875,6939.580078125,22553000
2026-02-25 17:30:00,6936.919921875,6938.14013671875,6935.25,6936.18017578125,21430000
2026-02-25 17:35:00,6939.25,6939.64013671875,6936.919921875,6936.9599609375,21345000
2026-02-25 17:40:00,6939.77978515625,6940.85986328125,6938.83984375,6939.18994140625,20789000
2026-02-25 17:45:00,6939.52978515625,6941.64990234375,6939.10986328125,6939.830078125,21643000
2026-02-25 17:50:00,6941.06982421875,6942.10009765625,6939.33984375,6939.580078125,20276000
2026-02-25 17:55:00,6942.08984375,6942.25,6940.81982421875,6941.2001953125,22548000
2026-02-25 18:00:00,6941.4599609375,6943.31982421875,6941.330078125,6942.080078125,24274000
2026-02-25 18:05:00,6941.72998046875,6942.080078125,6941.0498046875,6941.4501953125,21716000
2026-02-25 18:10:00,6941.81005859375,6943.330078125,6941.4599609375,6941.77978515625,20255000
2026-02-25 18:15:00,6940.7001953125,6941.89013671875,6940.10986328125,6941.81982421875,19409000
2026-02-25 18:20:00,6939.60009765625,6940.89990234375,6939.5400390625,6940.68994140625,18319000
2026-02-25 18:25:00,6939.830078125,6940.31005859375,6939.06005859375,6939.60009765625,19465000
2026-02-25 18:30:00,6940.080078125,6941.6201171875,6939.740234375,6939.85009765625,18116000
2026-02-25 18:35:00,6939.580078125,6940.31982421875,6938.830078125,6940.10009765625,20783000
2026-02-25 18:40:00,6942.5498046875,6942.9501953125,6939.52978515625,6939.60986328125,20486000
2026-02-25 18:45:00,6942.2998046875,6942.60009765625,6941.60009765625,6942.4501953125,18801000
2026-02-25 18:50:00,6942.60986328125,6943.31982421875,6942.14013671875,6942.27978515625,20173000
2026-02-25 18:55:00,6941.83984375,6942.77978515625,6941.18994140625,6942.60009765625,22073000
2026-02-25 19:00:00,6943.919921875,6945.02978515625,6941.72021484375,6941.85986328125,23966000
2026-02-25 19:05:00,6946.1298828125,6946.31982421875,6943.27978515625,6943.97998046875,25836000
2026-02-25 19:10:00,6945.259765625,6946.669921875,6945.2099609375,6946.08984375,23427000
2026-02-25 19:15:00,6946.83984375,6947.169921875,6944.2998046875,6945.2001953125,23280000
2026-02-25 19:20:00,6945.64013671875,6947.16015625,6945.22998046875,6946.85009765625,21199000
2026-02-25 19:25:00,6945.240234375,6946.2998046875,6945.009765625,6945.7099609375,21555000
2026-02-25 19:30:00,6948.2998046875,6948.2998046875,6945.18017578125,6945.27978515625,24308000
2026-02-25 19:35:00,6949.10986328125,6949.83984375,6947.830078125,6948.31982421875,21851000
2026-02-25 19:40:00,6947.4599609375,6949.83984375,6947.41015625,6949.1201171875,22499000
2026-02-25 19:45:00,6948.77978515625,6949.43994140625,6947.22021484375,6947.509765625,21054000
2026-02-25 19:50:00,6948.3798828125,6949.240234375,6948.0498046875,6948.830078125,25853000
2026-02-25 19:55:00,6947.72998046875,6948.97021484375,6947.47021484375,6948.43994140625,23561000
2026-02-25 20:00:00,6947.68994140625,6949.52978515625,6947.259765625,6947.75,26871000
2026-02-25 20:05:00,6948.35986328125,6949.0400390625,6947.6298828125,6947.6298828125,25871000
2026-02-25 20:10:00,6947.68994140625,6948.39990234375,6946.72021484375,6948.39990234375,28084000
2026-02-25 20:15:00,6947.93994140625,6948.68017578125,6946.72021484375,6947.68994140625,30876000
2026-02-25 20:20:00,6946.2001953125,6948.080078125,6945.22021484375,6948.02978515625,34873000
2026-02-25 20:25:00,6945.93017578125,6947.4599609375,6945.93017578125,6946.31005859375,37607000
2026-02-25 20:30:00,6945.490234375,6946.6201171875,6944.39990234375,6945.9599609375,36534000
2026-02-25 20:35:00,6947.990234375,6948.39013671875,6944.89990234375,6945.509765625,35415000
2026-02-25 20:40:00,6947.77978515625,6949.18994140625,6947.1201171875,6948.0,43290000
2026-02-25 20:45:00,6949.02978515625,6950.6298828125,6947.39013671875,6947.77978515625,50518000
2026-02-25 20:50:00,6950.4501953125,6952.509765625,6947.93994140625,6949.009765625,88626000
2026-02-25 20:55:00,6946.89013671875,6950.2900390625,6946.10009765625,6950.2900390625,196389000
2026-02-26 14:30:00,6937.009765625,6947.25,6935.43017578125,6944.740234375,0
2026-02-26 14:35:00,6938.52001953125,6940.39013671875,6931.35986328125,6937.3798828125,72214916
2026-02-26 14:40:00,6930.25,6938.43017578125,6924.7001953125,6938.10009765625,63005188
2026-02-26 14:45:00,6926.0498046875,6930.33984375,6922.2998046875,6930.33984375,61342776
2026-02-26 14:50:00,6925.31005859375,6930.43017578125,6922.06982421875,6926.18994140625,54331597
2026-02-26 14:55:00,6923.27978515625,6930.06005859375,6920.740234375,6925.60986328125,52567980
2026-02-26 15:00:00,6919.919921875,6925.8701171875,6912.25,6922.89013671875,54355104
2026-02-26 15:05:00,6915.93994140625,6922.02978515625,6915.240234375,6919.5400390625,45976728
2026-02-26 15:10:00,6901.75,6921.10009765625,6901.75,6916.14013671875,48697150
2026-02-26 15:15:00,6880.14990234375,6902.02978515625,6879.6201171875,6901.8798828125,53974524
2026-02-26 15:20:00,6868.31005859375,6884.7900390625,6865.93994140625,6880.89013671875,50312261
2026-02-26 15:25:00,6873.3798828125,6878.72021484375,6863.83984375,6868.43017578125,48498653
2026-02-26 15:30:00,6860.830078125,6873.240234375,6859.72998046875,6872.7998046875,49968706
2026-02-26 15:35:00,6881.58984375,6881.81982421875,6861.3798828125,6861.3798828125,43617066
2026-02-26 15:40:00,6885.64013671875,6886.81005859375,6879.72021484375,6881.91015625,43641362
2026-02-26 15:45:00,6892.43017578125,6893.39990234375,6883.4501953125,6885.64013671875,38119217
2026-02-26 15:50:00,6892.68994140625,6895.27978515625,6886.7998046875,6892.1298828125,34330534
2026-02-26 15:55:00,6893.27001953125,6897.39990234375,6889.3798828125,6892.7998046875,35849519
2026-02-26 16:00:00,6896.93017578125,6898.18017578125,6892.2998046875,6893.39990234375,38161000
2026-02-26 16:05:00,6897.72021484375,6898.85009765625,6891.2998046875,6896.83984375,36973000
2026-02-26 16:10:00,6901.83984375,6901.83984375,6895.2099609375,6897.56005859375,33805000
2026-02-26 16:15:00,6899.64013671875,6906.4599609375,6898.7998046875,6902.02001953125,33140000
2026-02-26 16:20:00,6900.5400390625,6903.68994140625,6898.10986328125,6899.47998046875,32204000
2026-02-26 16:25:00,6903.85009765625,6906.7001953125,6900.60009765625,6900.60009765625,32614000
2026-02-26 16:30:00,6901.64990234375,6904.56005859375,6900.7900390625,6903.7900390625,30080000
2026-02-26 16:35:00,6891.16015625,6901.8701171875,6890.240234375,6901.5498046875,30141000
2026-02-26 16:40:00,6884.83984375,6892.169921875,6884.6298828125,6891.10009765625,28198000
2026-02-26 16:45:00,6888.740234375,6889.169921875,6879.41015625,6884.75,29269000
2026-02-26 16:50:00,6879.85986328125,6890.22021484375,6879.85986328125,6888.85009765625,26035000
2026-02-26 16:55:00,6877.81982421875,6881.1201171875,6876.2998046875,6879.93994140625,28348000
2026-02-26 17:00:00,6881.759765625,6881.759765625,6877.39013671875,6877.97021484375,27422000
2026-02-26 17:05:00,6881.97021484375,6884.60009765625,6881.02978515625,6881.56982421875,23451000
2026-02-26 17:10:00,6879.1298828125,6886.1298828125,6879.1298828125,6882.10986328125,24294000
2026-02-26 17:15:00,6879.39990234375,6880.56982421875,6876.52001953125,6878.8798828125,23083000
2026-02-26 17:20:00,6879.5400390625,6880.22021484375,6876.89013671875,6879.2998046875,21419000
2026-02-26 17:25:00,6878.43017578125,6880.990234375,6877.89990234375,6879.43017578125,23411000
2026-02-26 17:30:00,6884.080078125,6886.2099609375,6877.919921875,6878.2900390625,24152000
2026-02-26 17:35:00,6875.10986328125,6884.2099609375,6873.58984375,6884.2099609375,22293000
2026-02-26 17:40:00,6872.509765625,6876.33984375,6872.419921875,6875.08984375,19657000
2026-02-26 17:45:00,6868.52978515625,6873.75,6867.68017578125,6872.3701171875,22822000
2026-02-26 17:50:00,6874.08984375,6874.3798828125,6866.60009765625,6868.47998046875,21731000
2026-02-26 17:55:00,6871.16015625,6874.02978515625,6869.16015625,6874.02978515625,21805000
2026-02-26 18:00:00,6866.7900390625,6871.10986328125,6865.58984375,6871.06005859375,23355000
2026-02-26 18:05:00,6866.31982421875,6869.52001953125,6864.14013671875,6866.8701171875,26414000
2026-02-26 18:10:00,6869.0400390625,6870.81005859375,6866.2099609375,6866.35986328125,23108000
2026-02-26 18:15:00,6873.4599609375,6873.4599609375,6865.169921875,6868.97021484375,22901000
2026-02-26 18:20:00,6873.580078125,6873.7998046875,6869.27001953125,6873.31005859375,21094000
2026-02-26 18:25:00,6872.759765625,6875.02978515625,6872.08984375,6873.75,19778000
2026-02-26 18:30:00,6884.89990234375,6884.93994140625,6870.89013671875,6872.6298828125,31629000
2026-02-26 18:35:00,6890.39990234375,6892.0498046875,6881.83984375,6884.9501953125,25632000
2026-02-26 18:40:00,6891.5498046875,6893.14013671875,6888.740234375,6890.3701171875,20627000
2026-02-26 18:45:00,6890.22021484375,6897.169921875,6887.47998046875,6891.31982421875,22729000
2026-02-26 18:50:00,6888.97998046875,6890.35986328125,6886.8798828125,6890.35986328125,18933000
2026-02-26 18:55:00,6889.8701171875,6892.16015625,6887.60986328125,6889.0,21444000
2026-02-26 19:00:00,6894.68017578125,6895.5400390625,6887.919921875,6889.919921875,24035000
2026-02-26 19:05:00,6900.43994140625,6900.43994140625,6894.22021484375,6894.7099609375,24420000
2026-02-26 19:10:00,6901.1298828125,6903.2900390625,6899.56005859375,6900.2998046875,23285000
2026-02-26 19:15:00,6905.5,6907.35986328125,6901.240234375,6901.240234375,25986000
2026-02-26 19:20:00,6908.25,6908.990234375,6904.97998046875,6905.43994140625,26097000
2026-02-26 19:25:00,6902.27001953125,6908.240234375,6901.1298828125,6908.240234375,25312000
2026-02-26 19:30:00,6907.97998046875,6908.580078125,6901.259765625,6902.16015625,23911000
2026-02-26 19:35:00,6906.3798828125,6909.08984375,6905.56982421875,6907.93994140625,23479000
2026-02-26 19:40:00,6907.7099609375,6908.22021484375,6906.0,6906.66015625,23966000
2026-02-26 19:45:00,6911.740234375,6912.56982421875,6907.60009765625,6907.60009765625,24544000
2026-02-26 19:50:00,6911.0498046875,6911.85009765625,6909.080078125,6911.7099609375,25747000
2026-02-26 19:55:00,6906.41015625,6912.39013671875,6906.35009765625,6911.06982421875,28602000
2026-02-26 20:00:00,6911.419921875,6911.93994140625,6904.72021484375,6906.2900390625,25413000
2026-02-26 20:05:00,6907.31005859375,6913.7099609375,6907.31005859375,6911.52978515625,28599000
2026-02-26 20:10:00,6904.81005859375,6907.97998046875,6904.81005859375,6907.2099609375,33744000
2026-02-26 20:15:00,6907.14013671875,6908.52978515625,6903.02978515625,6904.93017578125,30389000
2026-02-26 20:20:00,6904.4599609375,6907.580078125,6902.97998046875,6907.18994140625,30230000
2026-02-26 20:25:00,6902.47021484375,6906.31005859375,6902.18994140625,6904.4599609375,36610000
2026-02-26 20:30:00,6909.91015625,6910.0,6902.4501953125,6902.4501953125,37771000
2026-02-26 20:35:00,6910.0498046875,6910.9501953125,6907.580078125,6910.0,38485000
2026-02-26 20:40:00,6909.1201171875,6910.259765625,6906.16015625,6910.06982421875,48264000
2026-02-26 20:45:00,6907.56982421875,6909.39013671875,6905.6201171875,6909.0400390625,53418000
2026-02-26 20:50:00,6906.7001953125,6909.93017578125,6902.4599609375,6907.64013671875,86964000
2026-02-26 20:55:00,6909.009765625,6909.009765625,6904.22998046875,6906.22998046875,194505000
2026-02-27 14:30:00,6852.52001953125,6856.81982421875,6843.740234375,6856.5400390625,0
2026-02-27 14:35:00,6856.5,6857.0400390625,6844.81005859375,6852.830078125,74146020
2026-02-27 14:40:00,6841.759765625,6856.27978515625,6831.740234375,6856.27978515625,62508261
2026-02-27 14:45:00,6850.41015625,6852.759765625,6837.97998046875,6841.75,58444392
2026-02-27 14:50:00,6845.75,6851.16015625,6842.39990234375,6850.4599609375,51577800
2026-02-27 14:55:00,6844.68994140625,6848.02978515625,6841.4599609375,6845.330078125,49621884
2026-02-27 15:00:00,6854.330078125,6859.3701171875,6841.9599609375,6843.93017578125,52645552
2026-02-27 15:05:00,6863.490234375,6868.580078125,6854.22998046875,6854.490234375,49827271
2026-02-27 15:10:00,6861.22021484375,6870.58984375,6860.990234375,6863.16015625,52273111
2026-02-27 15:15:00,6857.080078125,6863.47021484375,6852.22021484375,6861.08984375,47883653
2026-02-27 15:20:00,6863.56982421875,6864.64990234375,6855.72998046875,6856.97021484375,41905100
2026-02-27 15:25:00,6860.990234375,6863.4501953125,6856.91015625,6863.2099609375,35851248
2026-02-27 15:30:00,6860.39990234375,6861.52978515625,6853.60986328125,6861.0498046875,39211263
2026-02-27 15:35:00,6865.7099609375,6869.7998046875,6859.77978515625,6859.91015625,36277024
2026-02-27 15:40:00,6872.18017578125,6872.41015625,6863.2099609375,6865.75,34481882
2026-02-27 15:45:00,6866.31005859375,6875.39990234375,6865.68994140625,6872.2998046875,32216578
2026-02-27 15:50:00,6860.58984375,6866.5,6858.52978515625,6866.08984375,31894001
2026-02-27 15:55:00,6867.830078125,6868.740234375,6857.83984375,6860.56982421875,31157513
2026-02-27 16:00:00,6872.25,6874.33984375,6866.580078125,6867.580078125,31969674
2026-02-27 16:05:00,6863.14013671875,6873.06005859375,6862.39013671875,6872.72021484375,30319000
2026-02-27 16:10:00,6870.7900390625,6871.08984375,6863.240234375,6863.240234375,31642000
2026-02-27 16:15:00,6871.77001953125,6875.68994140625,6868.22021484375,6870.56982421875,30571000
2026-02-27 16:20:00,6873.56005859375,6873.72021484375,6867.419921875,6871.7900390625,32608000
2026-02-27 16:25:00,6868.8701171875,6875.2099609375,6868.75,6873.47021484375,32774000
2026-02-27 16:30:00,6876.81005859375,6877.22021484375,6869.0498046875,6869.0498046875,30685000
2026-02-27 16:35:00,6870.2099609375,6877.3798828125,6870.10009765625,6876.89013671875,27894000
2026-02-27 16:40:00,6862.509765625,6870.490234375,6862.509765625,6870.490234375,29604000
2026-02-27 16:45:00,6861.52978515625,6865.4599609375,6861.18994140625,6862.5400390625,28514000
2026-02-27 16:50:00,6871.1298828125,6871.6298828125,6861.419921875,6861.419921875,29005000
2026-02-27 16:55:00,6863.89990234375,6874.330078125,6863.4501953125,6871.2900390625,28330000
2026-02-27 17:00:00,6871.47021484375,6873.02978515625,6863.759765625,6863.759765625,24946000
2026-02-27 17:05:00,6876.56005859375,6877.60009765625,6870.6298828125,6871.3798828125,24070000
2026-02-27 17:10:00,6863.91015625,6876.60009765625,6863.64990234375,6876.5400390625,27032000
2026-02-27 17:15:00,6857.25,6863.97998046875,6857.06982421875,6863.93994140625,24605000
2026-02-27 17:20:00,6855.27001953125,6857.81005859375,6848.5,6857.31982421875,30740000
2026-02-27 17:25:00,6856.2900390625,6859.68017578125,6854.5,6855.31982421875,29741000
2026-02-27 17:30:00,6864.080078125,6864.66015625,6853.2001953125,6856.2998046875,35283000
2026-02-27 17:35:00,6858.740234375,6865.8798828125,6858.7001953125,6863.93994140625,27445000
2026-02-27 17:40:00,6855.02001953125,6859.2998046875,6852.33984375,6858.6201171875,27270000
2026-02-27 17:45:00,6854.10009765625,6854.89990234375,6850.580078125,6854.89990234375,25235000
2026-02-27 17:50:00,6855.41015625,6857.4501953125,6851.27978515625,6853.9599609375,24008000
2026-02-27 17:55:00,6859.06982421875,6859.5498046875,6855.4501953125,6855.490234375,22254000
2026-02-27 18:00:00,6857.2998046875,6861.419921875,6856.14990234375,6859.02978515625,27892000
2026-02-27 18:05:00,6855.14990234375,6859.5,6854.91015625,6857.27978515625,23195000
2026-02-27 18:10:00,6854.0498046875,6857.68017578125,6853.72998046875,6854.97021484375,22483000
2026-02-27 18:15:00,6850.89990234375,6854.60009765625,6850.47021484375,6853.97998046875,23843000
2026-02-27 18:20:00,6849.81005859375,6852.1201171875,6847.35986328125,6850.93017578125,28254000
2026-02-27 18:25:00,6852.759765625,6853.93017578125,6846.02001953125,6849.8798828125,25323000
2026-02-27 18:30:00,6852.0498046875,6854.3701171875,6850.41015625,6852.83984375,22278000
2026-02-27 18:35:00,6852.60009765625,6853.169921875,6848.4599609375,6851.8798828125,21119000
2026-02-27 18:40:00,6853.39990234375,6857.490234375,6852.43994140625,6852.56982421875,25116000
2026-02-27 18:45:00,6852.08984375,6855.1201171875,6851.16015625,6853.52001953125,22964000
2026-02-27 18:50:00,6853.58984375,6855.47021484375,6850.1298828125,6852.18017578125,24864000
2026-02-27 18:55:00,6854.8701171875,6855.5400390625,6851.0498046875,6853.52001953125,23864000
2026-02-27 19:00:00,6861.97021484375,6862.490234375,6854.43017578125,6854.85986328125,27511000
2026-02-27 19:05:00,6854.169921875,6865.27978515625,6853.18994140625,6862.0400390625,30012000
2026-02-27 19:10:00,6854.68994140625,6857.330078125,6851.830078125,6854.31005859375,27892000
2026-02-27 19:15:00,6854.6201171875,6856.1298828125,6853.259765625,6854.81005859375,24279000
2026-02-27 19:20:00,6852.56005859375,6855.31005859375,6852.1298828125,6854.58984375,23280000
2026-02-27 19:25:00,6851.10009765625,6855.22021484375,6850.39990234375,6852.33984375,26051000
2026-02-27 19:30:00,6849.7001953125,6851.10986328125,6847.56005859375,6851.10986328125,26488000
2026-02-27 19:35:00,6854.52978515625,6855.2998046875,6849.7099609375,6849.7099609375,24999000
2026-02-27 19:40:00,6848.419921875,6854.330078125,6845.60009765625,6854.240234375,27289000
2026-02-27 19:45:00,6847.41015625,6851.27978515625,6847.27001953125,6848.6298828125,24146000
2026-02-27 19:50:00,6848.52978515625,6849.7099609375,6846.8701171875,6847.60009765625,25603000
2026-02-27 19:55:00,6849.0,6851.06005859375,6847.83984375,6848.27978515625,29332000
2026-02-27 20:00:00,6851.83984375,6854.419921875,6848.81005859375,6848.81005859375,31069000
2026-02-27 20:05:00,6854.64013671875,6856.35986328125,6851.7099609375,6851.85986328125,28260000
2026-02-27 20:10:00,6866.93994140625,6867.169921875,6854.68994140625,6854.759765625,35499000
2026-02-27 20:15:00,6871.169921875,6871.81982421875,6866.68017578125,6867.10986328125,35542000
2026-02-27 20:20:00,6873.81005859375,6875.9599609375,6867.4501953125,6871.14013671875,35453000
2026-02-27 20:25:00,6871.1298828125,6874.6201171875,6870.97998046875,6873.81005859375,35550000
2026-02-27 20:30:00,6868.91015625,6872.990234375,6868.58984375,6871.169921875,45099000
2026-02-27 20:35:00,6861.60009765625,6869.35986328125,6860.52001953125,6868.93994140625,46709000
2026-02-27 20:40:00,6865.25,6869.5498046875,6861.16015625,6861.5,52195000
2026-02-27 20:45:00,6869.419921875,6870.4599609375,6865.18994140625,6865.259765625,72848000
2026-02-27 20:50:00,6871.080078125,6876.5400390625,6866.490234375,6869.64013671875,126291000
2026-02-27 20:55:00,6878.0400390625,6882.9599609375,6868.27001953125,6871.25,279383000
2026-03-02 14:30:00,6827.2001953125,6829.27001953125,6796.85009765625,6824.35986328125,0
2026-03-02 14:35:00,6826.56005859375,6840.6298828125,6824.93017578125,6827.14990234375,82027624
2026-03-02 14:40:00,6835.27978515625,6838.490234375,6826.0,6826.0,66981212
2026-03-02 14:45:00,6848.1201171875,6849.0498046875,6832.35986328125,6835.7099609375,57848999
2026-03-02 14:50:00,6841.2001953125,6848.31982421875,6834.91015625,6848.10009765625,52517952
2026-03-02 14:55:00,6845.47021484375,6846.0498046875,6835.7900390625,6841.2900390625,47176372
2026-03-02 15:00:00,6857.3798828125,6859.47021484375,6835.60986328125,6845.18017578125,54743483
2026-03-02 15:05:00,6858.81005859375,6865.25,6855.39990234375,6858.02978515625,51644979
2026-03-02 15:10:00,6865.31982421875,6868.490234375,6857.9599609375,6857.9599609375,44588587
2026-03-02 15:15:00,6862.39013671875,6868.52978515625,6859.64013671875,6865.14990234375,46104050
2026-03-02 15:20:00,6857.18994140625,6863.91015625,6851.08984375,6862.47021484375,44825805
2026-03-02 15:25:00,6848.240234375,6859.06005859375,6846.14990234375,6857.14990234375,41373324
2026-03-02 15:30:00,6844.85986328125,6852.85009765625,6841.33984375,6849.77001953125,45021292
2026-03-02 15:35:00,6854.10009765625,6854.669921875,6840.14990234375,6845.009765625,37248845
2026-03-02 15:40:00,6858.6298828125,6858.6298828125,6850.490234375,6854.2001953125,37398515
2026-03-02 15:45:00,6856.759765625,6863.31982421875,6853.81982421875,6858.58984375,35064324
2026-03-02 15:50:00,6849.2900390625,6860.33984375,6848.580078125,6856.75,38453699
2026-03-02 15:55:00,6857.52978515625,6858.0400390625,6847.43017578125,6849.1201171875,33768000
2026-03-02 16:00:00,6861.509765625,6861.509765625,6852.169921875,6857.60009765625,32133000
2026-03-02 16:05:00,6869.97021484375,6870.22998046875,6859.580078125,6861.25,31462000
2026-03-02 16:10:00,6868.85986328125,6871.60009765625,6867.43994140625,6870.259765625,35632000
2026-03-02 16:15:00,6862.60986328125,6868.72021484375,6862.259765625,6868.72021484375,32601000
2026-03-02 16:20:00,6862.02978515625,6864.2099609375,6860.009765625,6862.77978515625,29486000
2026-03-02 16:25:00,6848.330078125,6862.22021484375,6845.27001953125,6861.7099609375,32200000
2026-03-02 16:30:00,6853.58984375,6853.93017578125,6845.1201171875,6847.64990234375,31945000
2026-03-02 16:35:00,6866.89013671875,6866.89013671875,6850.64013671875,6853.31982421875,30685000
2026-03-02 16:40:00,6879.39013671875,6880.25,6866.85986328125,6866.8798828125,30495000
2026-03-02 16:45:00,6879.97021484375,6884.64990234375,6879.14013671875,6879.4501953125,30898000
2026-03-02 16:50:00,6877.2099609375,6880.58984375,6875.8701171875,6880.2001953125,29157000
2026-03-02 16:55:00,6878.14990234375,6880.14990234375,6875.02978515625,6877.02001953125,27123000
2026-03-02 17:00:00,6878.580078125,6878.9501953125,6874.3701171875,6878.10986328125,26974000
2026-03-02 17:05:00,6876.8701171875,6881.31982421875,6874.52978515625,6878.6201171875,25036000
2026-03-02 17:10:00,6878.7900390625,6879.169921875,6873.02001953125,6876.8701171875,23842000
2026-03-02 17:15:00,6886.1298828125,6886.2998046875,6878.72998046875,6878.830078125,22772000
2026-03-02 17:20:00,6885.77978515625,6887.009765625,6882.6298828125,6885.8701171875,23795000
2026-03-02 17:25:00,6880.18017578125,6885.669921875,6880.18017578125,6885.669921875,22597000
2026-03-02 17:30:00,6876.509765625,6882.2099609375,6876.47998046875,6880.1201171875,22859000
2026-03-02 17:35:00,6878.18994140625,6881.83984375,6876.06982421875,6876.56005859375,23141000
2026-03-02 17:40:00,6882.64013671875,6883.68994140625,6877.10986328125,6878.0498046875,19917000
2026-03-02 17:45:00,6883.68017578125,6885.2001953125,6881.240234375,6882.35009765625,22362000
2026-03-02 17:50:00,6886.75,6888.31982421875,6882.2001953125,6883.7099609375,20936000
2026-03-02 17:55:00,6887.669921875,6887.93017578125,6882.6201171875,6886.75,20469000
2026-03-02 18:00:00,6886.990234375,6889.02978515625,6886.1298828125,6887.6201171875,21179000
2026-03-02 18:05:00,6884.83984375,6888.85986328125,6884.81982421875,6887.31005859375,20112000
2026-03-02 18:10:00,6885.5400390625,6886.2099609375,6883.72021484375,6884.64990234375,20826000
2026-03-02 18:15:00,6881.35986328125,6885.47021484375,6881.02978515625,6885.47021484375,21962000
2026-03-02 18:20:00,6879.4599609375,6881.490234375,6876.81982421875,6881.27978515625,20634000
2026-03-02 18:25:00,6882.2998046875,6883.830078125,6877.91015625,6879.47021484375,18790000
2026-03-02 18:30:00,6881.39013671875,6883.60986328125,6879.91015625,6882.419921875,22632000
2026-03-02 18:35:00,6877.31005859375,6881.39990234375,6876.10009765625,6881.39990234375,20841000
2026-03-02 18:40:00,6877.91015625,6878.31005859375,6873.68994140625,6877.3701171875,23505000
2026-03-02 18:45:00,6873.72998046875,6877.85986328125,6868.77978515625,6877.81005859375,22864000
2026-03-02 18:50:00,6872.85986328125,6875.47021484375,6870.77001953125,6873.740234375,18717000
2026-03-02 18:55:00,6868.68994140625,6873.0,6868.08984375,6872.8701171875,23954000
2026-03-02 19:00:00,6872.2099609375,6872.35009765625,6867.60009765625,6868.6201171875,24062000
2026-03-02 19:05:00,6879.490234375,6879.52001953125,6870.85009765625,6871.990234375,24787000
2026-03-02 19:10:00,6884.39013671875,6884.919921875,6879.330078125,6879.4501953125,26685000
2026-03-02 19:15:00,6891.4599609375,6892.47998046875,6884.3701171875,6884.3701171875,23143000
2026-03-02 19:20:00,6892.64990234375,6896.41015625,6891.31005859375,6891.47998046875,22377000
2026-03-02 19:25:00,6896.7998046875,6897.330078125,6890.8798828125,6892.52001953125,22197000
2026-03-02 19:30:00,6899.240234375,6899.91015625,6896.7099609375,6896.8701171875,23713000
2026-03-02 19:35:00,6898.47998046875,6901.009765625,6898.080078125,6899.14013671875,22240000
2026-03-02 19:40:00,6895.52001953125,6899.5498046875,6894.93017578125,6898.22021484375,22674000
2026-03-02 19:45:00,6897.8798828125,6899.22998046875,6895.4501953125,6895.4501953125,20638000
2026-03-02 19:50:00,6899.43994140625,6899.9599609375,6896.330078125,6897.93994140625,23277000
2026-03-02 19:55:00,6897.0,6900.22998046875,6896.7001953125,6899.5,23433000
2026-03-02 20:00:00,6895.72998046875,6898.169921875,6894.169921875,6896.93994140625,27107000
2026-03-02 20:05:00,6877.080078125,6896.81005859375,6875.4599609375,6895.75,35574000
2026-03-02 20:10:00,6868.330078125,6877.18994140625,6867.2001953125,6877.18994140625,34636000
2026-03-02 20:15:00,6875.6201171875,6880.240234375,6864.77978515625,6868.02978515625,33904000
2026-03-02 20:20:00,6872.009765625,6877.39013671875,6870.759765625,6875.66015625,30259000
2026-03-02 20:25:00,6868.81005859375,6874.919921875,6868.22998046875,6871.9501953125,30985000
2026-03-02 20:30:00,6875.60986328125,6875.75,6867.83984375,6868.7099609375,34299000
2026-03-02 20:35:00,6876.43994140625,6878.8701171875,6871.97998046875,6875.43994140625,35288000
2026-03-02 20:40:00,6877.2998046875,6877.72021484375,6870.9501953125,6876.14990234375,39144000
2026-03-02 20:45:00,6879.06005859375,6881.669921875,6875.02978515625,6877.14013671875,50635000
2026-03-02 20:50:00,6882.60986328125,6882.64990234375,6875.31005859375,6878.85986328125,83931000
2026-03-02 20:55:00,6880.0498046875,6887.990234375,6879.31982421875,6882.7998046875,211809000
2026-03-03 14:30:00,6759.52001953125,6800.259765625,6759.31005859375,6800.259765625,0
2026-03-03 14:35:00,6773.22998046875,6783.93994140625,6756.1201171875,6759.5,68777894
2026-03-03 14:40:00,6747.97998046875,6773.509765625,6746.990234375,6772.47021484375,57982880
2026-03-03 14:45:00,6739.08984375,6760.60009765625,6739.08984375,6747.9599609375,58089545
2026-03-03 14:50:00,6746.22021484375,6751.68994140625,6735.9599609375,6738.77001953125,54495746
2026-03-03 14:55:00,6736.9501953125,6746.83984375,6733.72021484375,6746.009765625,46412276
2026-03-03 15:00:00,6734.509765625,6751.740234375,6731.08984375,6736.81982421875,51242642
2026-03-03 15:05:00,6738.0,6744.990234375,6730.56982421875,6735.02001953125,43381032
2026-03-03 15:10:00,6740.64990234375,6748.68017578125,6731.56982421875,6737.91015625,47150878
2026-03-03 15:15:00,6724.5400390625,6742.16015625,6723.18994140625,6740.56982421875,41740194
2026-03-03 15:20:00,6718.35009765625,6724.56005859375,6713.14990234375,6724.56005859375,47141580
2026-03-03 15:25:00,6711.81005859375,6719.22998046875,6710.419921875,6718.16015625,44591610
2026-03-03 15:30:00,6723.9501953125,6731.3701171875,6711.91015625,6711.91015625,49146267
2026-03-03 15:35:00,6731.68017578125,6735.43994140625,6723.0400390625,6724.1298828125,38797896
2026-03-03 15:40:00,6726.83984375,6738.330078125,6724.35009765625,6731.5400390625,37274802
2026-03-03 15:45:00,6727.10009765625,6734.6298828125,6722.169921875,6726.77978515625,38408730
2026-03-03 15:50:00,6719.7900390625,6728.5400390625,6718.08984375,6727.240234375,34674971
2026-03-03 15:55:00,6733.10009765625,6734.43017578125,6719.509765625,6719.93017578125,41065611
2026-03-03 16:00:00,6747.47998046875,6748.0498046875,6731.81005859375,6733.39990234375,39465314
2026-03-03 16:05:00,6759.8701171875,6762.77001953125,6747.77978515625,6747.77978515625,42417000
2026-03-03 16:10:00,6765.0498046875,6766.18017578125,6757.47021484375,6759.75,34473000
2026-03-03 16:15:00,6767.4501953125,6775.33984375,6764.7998046875,6765.1298828125,33843000
2026-03-03 16:20:00,6777.2998046875,6777.66015625,6765.3701171875,6767.43017578125,34756000
2026-03-03 16:25:00,6775.580078125,6779.759765625,6773.39013671875,6777.35009765625,33649000
2026-03-03 16:30:00,6772.3798828125,6775.1298828125,6761.77978515625,6775.1298828125,32442000
2026-03-03 16:35:00,6774.83984375,6779.080078125,6770.7099609375,6772.27001953125,28640000
2026-03-03 16:40:00,6781.330078125,6781.35986328125,6768.10986328125,6774.8701171875,33130000
2026-03-03 16:45:00,6789.35009765625,6798.0,6781.3701171875,6781.3701171875,33888000
2026-03-03 16:50:00,6792.66015625,6793.419921875,6787.43994140625,6790.02978515625,26318000
2026-03-03 16:55:00,6789.97021484375,6796.8701171875,6788.9501953125,6793.0,24760000
2026-03-03 17:00:00,6788.740234375,6793.4599609375,6783.60986328125,6789.89013671875,30022000
2026-03-03 17:05:00,6782.490234375,6792.35986328125,6781.93994140625,6788.83984375,26604000
2026-03-03 17:10:00,6785.58984375,6785.58984375,6778.7998046875,6782.22021484375,25926000
2026-03-03 17:15:00,6789.97998046875,6790.919921875,6781.759765625,6785.52978515625,23205000
2026-03-03 17:20:00,6796.330078125,6796.330078125,6784.35986328125,6790.18994140625,23307000
2026-03-03 17:25:00,6798.0400390625,6799.009765625,6792.240234375,6796.490234375,21978000
2026-03-03 17:30:00,6779.27001953125,6797.81005859375,6777.990234375,6797.7998046875,23608000
2026-03-03 17:35:00,6781.02001953125,6784.919921875,6776.4501953125,6779.27978515625,24969000
2026-03-03 17:40:00,6796.97998046875,6797.22998046875,6781.31005859375,6781.31005859375,22172000
2026-03-03 17:45:00,6797.39990234375,6798.64013671875,6792.259765625,6796.990234375,21597000
2026-03-03 17:50:00,6785.31982421875,6797.5400390625,6784.39990234375,6797.5,24684000
2026-03-03 17:55:00,6788.64990234375,6791.18994140625,6784.009765625,6785.35009765625,19848000
2026-03-03 18:00:00,6798.52978515625,6801.91015625,6788.72998046875,6788.72998046875,22810000
2026-03-03 18:05:00,6802.5400390625,6802.8701171875,6796.669921875,6798.47998046875,20044000
2026-03-03 18:10:00,6794.91015625,6802.77978515625,6791.259765625,6802.5498046875,21801000
2026-03-03 18:15:00,6801.5,6802.77001953125,6795.35009765625,6795.35009765625,17913000
2026-03-03 18:20:00,6814.509765625,6815.2900390625,6801.509765625,6801.509765625,23613000
2026-03-03 18:25:00,6812.89990234375,6818.47998046875,6812.2001953125,6814.72021484375,22986000
2026-03-03 18:30:00,6820.31005859375,6822.10986328125,6812.02978515625,6812.93994140625,26261000
2026-03-03 18:35:00,6827.330078125,6827.60009765625,6817.58984375,6820.35986328125,26367000
2026-03-03 18:40:00,6826.419921875,6832.7900390625,6824.25,6827.5400390625,27103000
2026-03-03 18:45:00,6828.330078125,6828.8701171875,6819.68017578125,6826.2099609375,24974000
2026-03-03 18:50:00,6828.56982421875,6832.919921875,6826.8798828125,6828.39013671875,24189000
2026-03-03 18:55:00,6826.490234375,6830.10009765625,6824.14013671875,6828.580078125,23031000
2026-03-03 19:00:00,6826.35986328125,6828.8701171875,6823.14013671875,6826.56005859375,25021000
2026-03-03 19:05:00,6815.419921875,6827.47998046875,6815.009765625,6826.5498046875,26179000
2026-03-03 19:10:00,6819.83984375,6820.5400390625,6812.0498046875,6815.5400390625,26962000
2026-03-03 19:15:00,6823.52001953125,6825.39013671875,6819.64990234375,6819.93994140625,23787000
2026-03-03 19:20:00,6824.43017578125,6829.33984375,6823.7001953125,6823.7001953125,24508000
2026-03-03 19:25:00,6819.31982421875,6824.9501953125,6819.18994140625,6824.4599609375,24327000
2026-03-03 19:30:00,6811.2099609375,6821.4501953125,6809.56982421875,6819.33984375,25877000
2026-03-03 19:35:00,6823.68017578125,6831.14013671875,6808.1201171875,6811.31982421875,37644000
2026-03-03 19:40:00,6833.2900390625,6833.6298828125,6823.22998046875,6823.81005859375,34300000
2026-03-03 19:45:00,6835.41015625,6840.0498046875,6833.18994140625,6833.33984375,28887000
2026-03-03 19:50:00,6829.27001953125,6837.85009765625,6824.02001953125,6835.2099609375,31873000
2026-03-03 19:55:00,6826.919921875,6829.3798828125,6822.25,6829.009765625,26669000
2026-03-03 20:00:00,6825.77978515625,6833.4599609375,6823.8701171875,6827.02978515625,27986000
2026-03-03 20:05:00,6829.0400390625,6829.72998046875,6822.81982421875,6826.14990234375,29618000
2026-03-03 20:10:00,6822.31005859375,6832.3701171875,6822.31005859375,6829.0498046875,29720000
2026-03-03 20:15:00,6818.8798828125,6825.02978515625,6816.68017578125,6822.18017578125,31270000
2026-03-03 20:20:00,6821.830078125,6824.0498046875,6818.14013671875,6819.2099609375,29779000
2026-03-03 20:25:00,6824.7900390625,6827.0498046875,6816.89013671875,6821.72998046875,32482000
2026-03-03 20:30:00,6822.58984375,6827.08984375,6822.35986328125,6824.68994140625,36119000
2026-03-03 20:35:00,6820.240234375,6828.85009765625,6818.1201171875,6822.43017578125,36707000
2026-03-03 20:40:00,6819.75,6822.33984375,6817.080078125,6820.18994140625,39163000
2026-03-03 20:45:00,6819.06982421875,6821.85009765625,6814.77001953125,6819.259765625,48433000
2026-03-03 20:50:00,6816.43017578125,6819.22021484375,6806.830078125,6819.22021484375,88549000
2026-03-03 20:55:00,6816.58984375,6817.56982421875,6812.52978515625,6816.14013671875,201325000
2026-03-04 14:30:00,6843.93994140625,6848.0400390625,6828.52001953125,6831.68994140625,0
2026-03-04 14:35:00,6824.93017578125,6844.52978515625,6823.4599609375,6843.75,58064576
2026-03-04 14:40:00,6816.580078125,6825.08984375,6815.0400390625,6825.08984375,48840118
2026-03-04 14:45:00,6823.31982421875,6830.39013671875,6811.64013671875,6816.740234375,50978588
2026-03-04 14:50:00,6828.52001953125,6830.97021484375,6817.35986328125,6823.1298828125,44202054
2026-03-04 14:55:00,6829.1298828125,6829.2998046875,6822.4599609375,6828.64990234375,42363959
2026-03-04 15:00:00,6830.0498046875,6840.02001953125,6824.68994140625,6829.85009765625,51389904
2026-03-04 15:05:00,6845.93017578125,6846.64013671875,6829.0498046875,6830.2998046875,39547741
2026-03-04 15:10:00,6846.52978515625,6851.330078125,6840.580078125,6845.77001953125,38100489
2026-03-04 15:15:00,6858.72021484375,6858.9599609375,6846.47021484375,6846.60986328125,37413356
2026-03-04 15:20:00,6869.93017578125,6869.93017578125,6857.14990234375,6858.8798828125,38112365
2026-03-04 15:25:00,6875.4501953125,6876.759765625,6866.18994140625,6869.89013671875,39825866
2026-03-04 15:30:00,6868.75,6877.22998046875,6868.75,6876.169921875,38668891
2026-03-04 15:35:00,6860.990234375,6869.56982421875,6860.8701171875,6868.580078125,35947927
2026-03-04 15:40:00,6859.4599609375,6863.14013671875,6858.3701171875,6861.06982421875,31149210
2026-03-04 15:45:00,6860.2998046875,6860.72021484375,6854.31005859375,6859.35986328125,30538575
2026-03-04 15:50:00,6864.5498046875,6864.97998046875,6856.06005859375,6860.16015625,30669034
2026-03-04 15:55:00,6873.009765625,6873.35986328125,6863.97021484375,6864.330078125,31859838
2026-03-04 16:00:00,6877.25,6880.3798828125,6872.52001953125,6872.52001953125,30306933
2026-03-04 16:05:00,6871.0400390625,6877.509765625,6870.490234375,6876.89990234375,28460621
2026-03-04 16:10:00,6860.22998046875,6871.580078125,6858.43017578125,6871.10986328125,30695870
2026-03-04 16:15:00,6860.18994140625,6865.56005859375,6858.14990234375,6860.2099609375,30234751
2026-03-04 16:20:00,6858.91015625,6863.77001953125,6856.83984375,6860.31982421875,28408568
2026-03-04 16:25:00,6865.8701171875,6868.2099609375,6857.93017578125,6858.7998046875,30337310
2026-03-04 16:30:00,6870.0400390625,6872.47021484375,6864.81005859375,6865.89013671875,25358000
2026-03-04 16:35:00,6866.18017578125,6872.85986328125,6864.22021484375,6869.9501953125,31606000
2026-03-04 16:40:00,6875.8701171875,6877.02978515625,6865.47998046875,6865.97998046875,27225000
2026-03-04 16:45:00,6875.41015625,6878.43994140625,6873.5498046875,6875.91015625,26719000
2026-03-04 16:50:00,6875.580078125,6877.14990234375,6870.7900390625,6875.25,25752000
2026-03-04 16:55:00,6872.72998046875,6876.8798828125,6872.1298828125,6875.14990234375,26342000
2026-03-04 17:00:00,6877.66015625,6877.66015625,6870.490234375,6872.75,27674000
2026-03-04 17:05:00,6875.25,6878.18994140625,6874.0400390625,6877.5,26539000
2026-03-04 17:10:00,6875.22021484375,6877.85986328125,6875.009765625,6875.43017578125,24026000
2026-03-04 17:15:00,6874.4599609375,6876.25,6873.35009765625,6875.22998046875,23133000
2026-03-04 17:20:00,6871.93017578125,6876.06005859375,6869.33984375,6874.5498046875,23801000
2026-03-04 17:25:00,6868.740234375,6875.669921875,6868.35986328125,6872.5498046875,22980000
2026-03-04 17:30:00,6869.31982421875,6869.6298828125,6861.3701171875,6868.5498046875,23400000
2026-03-04 17:35:00,6874.8798828125,6875.27978515625,6868.35986328125,6869.2900390625,21624000
2026-03-04 17:40:00,6872.6298828125,6876.83984375,6871.10986328125,6875.009765625,20876000
2026-03-04 17:45:00,6874.43017578125,6875.759765625,6872.52978515625,6872.580078125,18603000
2026-03-04 17:50:00,6877.490234375,6878.2998046875,6872.77001953125,6874.27001953125,22078000
2026-03-04 17:55:00,6876.9599609375,6878.43017578125,6874.02978515625,6877.509765625,20210000
2026-03-04 18:00:00,6874.97021484375,6879.43994140625,6874.89990234375,6876.7998046875,20038000
2026-03-04 18:05:00,6877.27001953125,6878.740234375,6872.7900390625,6875.02978515625,20634000
2026-03-04 18:10:00,6874.60009765625,6878.27001953125,6873.7001953125,6877.240234375,21354000
2026-03-04 18:15:00,6871.52001953125,6874.72021484375,6871.39990234375,6874.4599609375,21500000
2026-03-04 18:20:00,6871.47998046875,6873.8798828125,6869.259765625,6871.490234375,21258000
2026-03-04 18:25:00,6875.9501953125,6876.2001953125,6870.58984375,6871.41015625,23191000
2026-03-04 18:30:00,6878.2900390625,6881.56982421875,6875.91015625,6875.9599609375,22221000
2026-03-04 18:35:00,6879.2001953125,6881.52978515625,6878.1201171875,6878.259765625,24523000
2026-03-04 18:40:00,6880.22998046875,6882.35986328125,6878.7001953125,6879.0,24354000
2026-03-04 18:45:00,6882.22998046875,6882.25,6877.9599609375,6880.31005859375,22917000
2026-03-04 18:50:00,6881.22021484375,6883.39013671875,6881.1201171875,6882.16015625,20397000
2026-03-04 18:55:00,6880.56982421875,6881.27978515625,6877.330078125,6881.27978515625,21014000
2026-03-04 19:00:00,6883.16015625,6883.75,6879.31982421875,6880.60009765625,23563000
2026-03-04 19:05:00,6882.08984375,6883.64990234375,6881.22998046875,6883.2001953125,24857000
2026-03-04 19:10:00,6882.85009765625,6883.8701171875,6881.52001953125,6882.169921875,22919000
2026-03-04 19:15:00,6883.10009765625,6884.60986328125,6882.52978515625,6882.75,24630000
2026-03-04 19:20:00,6883.759765625,6884.02001953125,6880.97021484375,6883.080078125,20735000
2026-03-04 19:25:00,6880.91015625,6883.68017578125,6879.97021484375,6883.66015625,23099000
2026-03-04 19:30:00,6880.22021484375,6882.740234375,6879.64990234375,6880.89990234375,21846000
2026-03-04 19:35:00,6883.5400390625,6883.5400390625,6880.10986328125,6880.22021484375,21504000
2026-03-04 19:40:00,6881.77978515625,6884.080078125,6880.52001953125,6883.52001953125,23015000
2026-03-04 19:45:00,6883.509765625,6883.58984375,6880.2900390625,6881.81005859375,22766000
2026-03-04 19:50:00,6885.27978515625,6885.93994140625,6883.2099609375,6883.5,23669000
2026-03-04 19:55:00,6882.85986328125,6885.240234375,6882.18017578125,6885.2099609375,25698000
2026-03-04 20:00:00,6884.2001953125,6884.91015625,6881.8701171875,6882.93994140625,25118000
2026-03-04 20:05:00,6879.9501953125,6884.5400390625,6878.5,6884.22998046875,27045000
2026-03-04 20:10:00,6876.919921875,6880.06982421875,6875.8798828125,6880.0,26200000
2026-03-04 20:15:00,6874.33984375,6877.52978515625,6874.33984375,6876.89013671875,28410000
2026-03-04 20:20:00,6872.27978515625,6875.31005859375,6870.22021484375,6874.35986328125,29287000
2026-03-04 20:25:00,6877.2998046875,6877.4501953125,6872.31005859375,6872.31005859375,30367000
2026-03-04 20:30:00,6874.9501953125,6878.5400390625,6874.330078125,6877.2900390625,37421000
2026-03-04 20:35:00,6876.4599609375,6878.56005859375,6874.5,6874.85986328125,42489000
2026-03-04 20:40:00,6879.89013671875,6880.85009765625,6875.39990234375,6876.43017578125,44215000
2026-03-04 20:45:00,6878.259765625,6880.8798828125,6877.75,6879.830078125,56390000
2026-03-04 20:50:00,6875.490234375,6878.22998046875,6869.240234375,6878.22998046875,91377000
2026-03-04 20:55:00,6868.9501953125,6876.5498046875,6868.7998046875,6875.14990234375,203018000
2026-03-05 14:30:00,6856.6201171875,6856.6201171875,6835.490234375,6851.080078125,0
2026-03-05 14:35:00,6851.7900390625,6859.7001953125,6847.43017578125,6856.7998046875,62586589
2026-03-05 14:40:00,6841.72021484375,6852.2099609375,6840.56005859375,6852.16015625,52917680
2026-03-05 14:45:00,6843.8798828125,6852.27978515625,6837.56982421875,6842.0400390625,54577662
2026-03-05 14:50:00,6853.9599609375,6853.9599609375,6842.08984375,6843.669921875,47836443
2026-03-05 14:55:00,6865.93017578125,6865.93017578125,6851.52978515625,6853.919921875,43384772
2026-03-05 15:00:00,6858.31982421875,6870.43017578125,6857.6201171875,6865.8701171875,53474992
2026-03-05 15:05:00,6850.7001953125,6858.4599609375,6844.5498046875,6858.18994140625,45465864
2026-03-05 15:10:00,6858.31005859375,6858.31005859375,6846.35009765625,6850.7998046875,47773283
2026-03-05 15:15:00,6844.33984375,6858.0498046875,6843.39013671875,6858.0498046875,41864497
2026-03-05 15:20:00,6826.10986328125,6843.91015625,6825.89990234375,6843.91015625,40573357
2026-03-05 15:25:00,6821.91015625,6828.9599609375,6818.6201171875,6825.7900390625,40366151
2026-03-05 15:30:00,6816.830078125,6822.1201171875,6807.8798828125,6822.1201171875,45328725
2026-03-05 15:35:00,6825.490234375,6825.58984375,6813.169921875,6816.75,38429851
2026-03-05 15:40:00,6826.66015625,6831.52001953125,6823.93017578125,6825.4599609375,34242931
2026-03-05 15:45:00,6827.72021484375,6834.16015625,6826.31005859375,6826.669921875,32031230
2026-03-05 15:50:00,6837.06005859375,6840.25,6827.08984375,6827.830078125,35089495
2026-03-05 15:55:00,6835.080078125,6837.22021484375,6828.68994140625,6836.56982421875,35730502
2026-03-05 16:00:00,6823.580078125,6837.35009765625,6823.16015625,6835.419921875,32401484
2026-03-05 16:05:00,6815.93017578125,6825.990234375,6815.39990234375,6823.56982421875,34959928
2026-03-05 16:10:00,6812.330078125,6816.91015625,6806.7099609375,6815.6298828125,37998206
2026-03-05 16:15:00,6807.06005859375,6815.33984375,6805.240234375,6812.509765625,35155000
2026-03-05 16:20:00,6811.27001953125,6816.8798828125,6806.4599609375,6806.4599609375,32117000
2026-03-05 16:25:00,6809.419921875,6815.02978515625,6808.68994140625,6810.990234375,29782000
2026-03-05 16:30:00,6815.8701171875,6821.39990234375,6809.2099609375,6809.25,34122000
2026-03-05 16:35:00,6820.02001953125,6822.7099609375,6814.08984375,6815.85986328125,27550000
2026-03-05 16:40:00,6816.16015625,6824.1201171875,6813.77978515625,6819.759765625,27508000
2026-03-05 16:45:00,6820.919921875,6825.18017578125,6816.14990234375,6816.14990234375,25975000
2026-03-05 16:50:00,6822.919921875,6823.4501953125,6817.14990234375,6820.7099609375,24843000
2026-03-05 16:55:00,6824.35009765625,6826.77001953125,6822.89013671875,6822.9501953125,26105000
2026-03-05 17:00:00,6837.509765625,6837.85009765625,6823.169921875,6824.47998046875,27922000
2026-03-05 17:05:00,6824.85986328125,6837.9501953125,6824.77001953125,6837.43017578125,26703000
2026-03-05 17:10:00,6819.740234375,6825.14990234375,6816.72998046875,6824.81005859375,29471000
2026-03-05 17:15:00,6807.14013671875,6820.10009765625,6806.5,6819.97998046875,27587000
2026-03-05 17:20:00,6808.97998046875,6810.35009765625,6804.10009765625,6807.35986328125,27922000
2026-03-05 17:25:00,6802.419921875,6810.080078125,6802.14013671875,6808.58984375,29555000
2026-03-05 17:30:00,6786.66015625,6801.39990234375,6786.66015625,6799.77001953125,34621000
2026-03-05 17:35:00,6793.5400390625,6799.02001953125,6784.93994140625,6786.8798828125,35574000
2026-03-05 17:40:00,6784.89013671875,6797.18994140625,6784.1298828125,6793.7001953125,32781000
2026-03-05 17:45:00,6777.6201171875,6786.009765625,6776.89990234375,6785.47998046875,38594000
2026-03-05 17:50:00,6777.830078125,6786.5,6774.60009765625,6777.509765625,33729000
2026-03-05 17:55:00,6778.77978515625,6780.91015625,6774.31005859375,6778.1201171875,30295000
2026-03-05 18:00:00,6784.77978515625,6785.259765625,6777.240234375,6778.41015625,28099000
2026-03-05 18:05:00,6791.66015625,6792.39013671875,6782.18017578125,6784.5400390625,29571000
2026-03-05 18:10:00,6794.52978515625,6796.2900390625,6787.259765625,6791.77001953125,26333000
2026-03-05 18:15:00,6777.89990234375,6796.10009765625,6777.64013671875,6794.330078125,27012000
2026-03-05 18:20:00,6783.22998046875,6786.97021484375,6777.89013671875,6777.9599609375,26184000
2026-03-05 18:25:00,6777.18994140625,6783.60986328125,6773.8701171875,6783.18017578125,25509000
2026-03-05 18:30:00,6777.7099609375,6783.64013671875,6772.7998046875,6777.0498046875,27288000
2026-03-05 18:35:00,6781.58984375,6784.169921875,6777.1201171875,6777.830078125,24973000
2026-03-05 18:40:00,6792.0498046875,6793.66015625,6781.22021484375,6781.5498046875,27006000
2026-03-05 18:45:00,6783.419921875,6792.22998046875,6781.4599609375,6791.9599609375,26193000
2026-03-05 18:50:00,6774.85009765625,6783.4501953125,6773.91015625,6783.4501953125,22919000
2026-03-05 18:55:00,6780.2998046875,6784.3701171875,6774.740234375,6774.740234375,23635000
2026-03-05 19:00:00,6781.56982421875,6785.06005859375,6778.3701171875,6780.43994140625,28343000
2026-03-05 19:05:00,6783.68994140625,6787.009765625,6781.56005859375,6781.85986328125,28164000
2026-03-05 19:10:00,6787.77978515625,6788.31005859375,6780.330078125,6783.47998046875,26044000
2026-03-05 19:15:00,6786.7998046875,6787.830078125,6781.22998046875,6787.830078125,26425000
2026-03-05 19:20:00,6785.9501953125,6791.18994140625,6782.89990234375,6786.81982421875,25483000
2026-03-05 19:25:00,6781.43994140625,6787.93017578125,6777.85009765625,6786.18994140625,27845000
2026-03-05 19:30:00,6774.41015625,6781.41015625,6770.77978515625,6781.41015625,27624000
2026-03-05 19:35:00,6777.06982421875,6777.16015625,6771.2900390625,6774.330078125,27204000
2026-03-05 19:40:00,6783.56982421875,6783.740234375,6777.0400390625,6777.0400390625,27292000
2026-03-05 19:45:00,6787.10986328125,6788.43994140625,6780.35009765625,6784.02978515625,26656000
2026-03-05 19:50:00,6781.85986328125,6790.93994140625,6781.85986328125,6787.14013671875,28171000
2026-03-05 19:55:00,6784.9599609375,6786.4599609375,6779.2900390625,6781.77001953125,27003000
2026-03-05 20:00:00,6793.31005859375,6794.33984375,6778.56005859375,6785.0400390625,37019000
2026-03-05 20:05:00,6796.33984375,6797.85009765625,6783.009765625,6793.39990234375,33904000
2026-03-05 20:10:00,6802.02001953125,6804.3701171875,6796.02001953125,6796.18994140625,34570000
2026-03-05 20:15:00,6805.14990234375,6808.2001953125,6798.27001953125,6802.0498046875,35706000
2026-03-05 20:20:00,6811.7001953125,6811.830078125,6803.169921875,6805.08984375,37363000
2026-03-05 20:25:00,6808.83984375,6817.919921875,6808.81982421875,6811.81005859375,42398000
2026-03-05 20:30:00,6814.0400390625,6815.580078125,6806.77001953125,6808.97998046875,41108000
2026-03-05 20:35:00,6814.68994140625,6818.830078125,6813.5400390625,6814.169921875,43149000
2026-03-05 20:40:00,6813.9599609375,6815.66015625,6810.419921875,6814.759765625,42917000
2026-03-05 20:45:00,6819.1201171875,6819.1201171875,6808.6298828125,6813.91015625,57706000
2026-03-05 20:50:00,6827.759765625,6828.2099609375,6817.97998046875,6819.25,97530000
2026-03-05 20:55:00,6829.91015625,6831.75,6824.240234375,6827.81005859375,235307000
2026-03-06 14:30:00,6736.85009765625,6769.02978515625,6734.3701171875,6769.02978515625,0
2026-03-06 14:35:00,6724.35009765625,6738.22998046875,6716.72998046875,6736.77001953125,65991928
2026-03-06 14:40:00,6722.97998046875,6732.9501953125,6721.490234375,6724.14013671875,57017053
2026-03-06 14:45:00,6719.3798828125,6730.009765625,6712.7998046875,6723.2001953125,53624374
2026-03-06 14:50:00,6720.56982421875,6732.39990234375,6717.72998046875,6719.35986328125,48125001
2026-03-06 14:55:00,6724.02001953125,6724.75,6711.56005859375,6720.39013671875,42728685
2026-03-06 15:00:00,6739.52978515625,6742.39013671875,6722.35009765625,6722.35009765625,50848192
2026-03-06 15:05:00,6723.81005859375,6742.56982421875,6722.4501953125,6740.5498046875,42092530
2026-03-06 15:10:00,6744.66015625,6744.9599609375,6721.6298828125,6723.35986328125,38951587
2026-03-06 15:15:00,6747.68994140625,6747.81005859375,6740.6298828125,6744.93994140625,39282840
2026-03-06 15:20:00,6754.490234375,6755.91015625,6745.56982421875,6747.64013671875,36315444
2026-03-06 15:25:00,6754.43994140625,6755.740234375,6749.4501953125,6754.2998046875,36136228
2026-03-06 15:30:00,6762.2099609375,6762.68017578125,6754.39013671875,6754.39013671875,36315214
2026-03-06 15:35:00,6769.22998046875,6771.72998046875,6761.7900390625,6762.16015625,36642019
2026-03-06 15:40:00,6760.8798828125,6769.14990234375,6755.919921875,6769.14990234375,32839610
2026-03-06 15:45:00,6751.02001953125,6761.919921875,6749.31005859375,6760.93017578125,30014812
2026-03-06 15:50:00,6746.02001953125,6750.93017578125,6738.89013671875,6750.919921875,33325556
2026-03-06 15:55:00,6762.85009765625,6766.64013671875,6746.89013671875,6746.89013671875,33247125
2026-03-06 16:00:00,6772.10986328125,6772.89990234375,6761.39990234375,6763.06982421875,29914855
2026-03-06 16:05:00,6763.06005859375,6773.419921875,6762.39013671875,6772.259765625,29271583
2026-03-06 16:10:00,6755.419921875,6762.93017578125,6755.02978515625,6762.8798828125,26843703
2026-03-06 16:15:00,6761.8701171875,6763.2001953125,6754.08984375,6755.39013671875,27469831
2026-03-06 16:20:00,6757.4599609375,6763.18017578125,6748.33984375,6762.0400390625,32211884
2026-03-06 16:25:00,6756.7099609375,6759.39990234375,6751.77978515625,6757.830078125,24766000
2026-03-06 16:30:00,6750.35986328125,6758.64990234375,6747.759765625,6756.9599609375,26591000
2026-03-06 16:35:00,6763.0498046875,6764.52001953125,6749.60986328125,6750.39013671875,25617000
2026-03-06 16:40:00,6758.22998046875,6764.93017578125,6757.93017578125,6763.10009765625,23462000
2026-03-06 16:45:00,6767.419921875,6769.990234375,6758.3701171875,6758.3701171875,26096000
2026-03-06 16:50:00,6759.6201171875,6772.60009765625,6759.22021484375,6767.52001953125,25931000
2026-03-06 16:55:00,6763.43994140625,6767.06005859375,6755.4599609375,6759.8701171875,25243000
2026-03-06 17:00:00,6766.93017578125,6771.2099609375,6759.8701171875,6763.3798828125,28658000
2026-03-06 17:05:00,6753.740234375,6766.68994140625,6750.52001953125,6766.60986328125,27528000
2026-03-06 17:10:00,6752.5498046875,6756.43994140625,6750.68994140625,6753.7001953125,24093000
2026-03-06 17:15:00,6757.22998046875,6757.22998046875,6748.4501953125,6752.75,25082000
2026-03-06 17:20:00,6758.68994140625,6764.02001953125,6754.6298828125,6757.2998046875,25158000
2026-03-06 17:25:00,6752.16015625,6758.6201171875,6747.509765625,6758.52978515625,23748000
2026-03-06 17:30:00,6754.27978515625,6754.39990234375,6750.0498046875,6751.89990234375,20511000
2026-03-06 17:35:00,6742.47021484375,6754.330078125,6739.75,6754.240234375,24528000
2026-03-06 17:40:00,6740.14013671875,6744.1201171875,6734.259765625,6742.41015625,23536000
2026-03-06 17:45:00,6746.83984375,6747.72998046875,6739.83984375,6739.83984375,20677000
2026-03-06 17:50:00,6746.47998046875,6752.1298828125,6744.10986328125,6746.740234375,20758000
2026-03-06 17:55:00,6744.77001953125,6750.66015625,6743.490234375,6746.02978515625,19866000
2026-03-06 18:00:00,6748.5,6755.2099609375,6743.60986328125,6744.5,22556000
2026-03-06 18:05:00,6755.2900390625,6757.02978515625,6747.740234375,6748.509765625,21448000
2026-03-06 18:10:00,6771.7900390625,6773.169921875,6753.1201171875,6755.169921875,25473000
2026-03-06 18:15:00,6771.330078125,6773.1298828125,6765.8701171875,6771.64013671875,22326000
2026-03-06 18:20:00,6766.31982421875,6772.81982421875,6763.72021484375,6771.41015625,24018000
2026-03-06 18:25:00,6759.9501953125,6766.759765625,6756.52001953125,6766.330078125,21725000
2026-03-06 18:30:00,6762.97998046875,6765.52978515625,6759.08984375,6759.85009765625,22053000
2026-03-06 18:35:00,6757.4501953125,6762.759765625,6753.52001953125,6762.759765625,21448000
2026-03-06 18:40:00,6759.22998046875,6761.60009765625,6756.18994140625,6757.43017578125,20031000
2026-03-06 18:45:00,6760.43994140625,6760.43994140625,6755.8798828125,6759.3701171875,21935000
2026-03-06 18:50:00,6752.58984375,6760.5400390625,6750.7998046875,6760.5,24154000
2026-03-06 18:55:00,6753.7001953125,6756.5400390625,6750.75,6752.52001953125,21576000
2026-03-06 19:00:00,6752.580078125,6756.509765625,6752.33984375,6753.72021484375,22875000
2026-03-06 19:05:00,6758.68017578125,6759.64013671875,6751.64990234375,6752.4599609375,22921000
2026-03-06 19:10:00,6764.830078125,6766.5400390625,6758.080078125,6758.5400390625,25801000
2026-03-06 19:15:00,6764.14990234375,6765.419921875,6758.02001953125,6764.740234375,26723000
2026-03-06 19:20:00,6756.4599609375,6764.35009765625,6754.97021484375,6763.75,25464000
2026-03-06 19:25:00,6762.10986328125,6762.990234375,6753.18017578125,6756.169921875,24209000
2026-03-06 19:30:00,6763.68017578125,6766.169921875,6760.9599609375,6762.080078125,25388000
2026-03-06 19:35:00,6760.4599609375,6765.16015625,6756.02978515625,6763.52001953125,24540000
2026-03-06 19:40:00,6759.830078125,6768.509765625,6759.830078125,6760.18994140625,25736000
2026-03-06 19:45:00,6758.56982421875,6760.3798828125,6755.4501953125,6759.72998046875,22680000
2026-03-06 19:50:00,6761.72998046875,6762.580078125,6755.68017578125,6758.56005859375,24399000
2026-03-06 19:55:00,6762.8798828125,6763.58984375,6760.830078125,6761.7099609375,26162000
2026-03-06 20:00:00,6770.08984375,6772.0,6762.81005859375,6762.81005859375,28780000
2026-03-06 20:05:00,6762.759765625,6770.75,6762.5,6770.1201171875,26176000
2026-03-06 20:10:00,6752.39013671875,6763.759765625,6747.56982421875,6762.72998046875,44343000
2026-03-06 20:15:00,6752.009765625,6756.91015625,6748.16015625,6752.2998046875,36396000
2026-03-06 20:20:00,6742.490234375,6751.85986328125,6742.18017578125,6751.669921875,38015000
2026-03-06 20:25:00,6734.509765625,6742.39013671875,6732.60009765625,6742.3701171875,41327000
2026-03-06 20:30:00,6732.47021484375,6737.72998046875,6729.93017578125,6734.509765625,46195000
2026-03-06 20:35:00,6734.52978515625,6735.509765625,6724.81982421875,6732.39990234375,53583000
2026-03-06 20:40:00,6737.7001953125,6745.85009765625,6730.9599609375,6734.580078125,57467000
2026-03-06 20:45:00,6741.58984375,6743.22998046875,6737.4501953125,6738.169921875,55411000
2026-03-06 20:50:00,6739.580078125,6741.89013671875,6731.22021484375,6741.6298828125,97425000
2026-03-06 20:55:00,6738.14990234375,6744.9599609375,6734.3798828125,6739.47021484375,231383000
2026-03-09 13:30:00,6675.169921875,6699.7998046875,6670.740234375,6699.7998046875,0
2026-03-09 13:35:00,6658.9501953125,6676.5,6658.27001953125,6675.18994140625,67114456
2026-03-09 13:40:00,6654.669921875,6659.5,6648.3798828125,6659.14013671875,60599910
2026-03-09 13:45:00,6648.330078125,6660.14013671875,6645.85009765625,6654.7900390625,56739659
2026-03-09 13:50:00,6642.93994140625,6652.35986328125,6639.91015625,6648.52001953125,49561279
2026-03-09 13:55:00,6652.35986328125,6659.0400390625,6638.58984375,6643.02001953125,50292909
2026-03-09 14:00:00,6669.580078125,6669.89990234375,6649.7099609375,6652.64990234375,50427425
2026-03-09 14:05:00,6646.3798828125,6671.3798828125,6641.7001953125,6670.06005859375,53134544
2026-03-09 14:10:00,6643.02001953125,6646.6201171875,6636.0400390625,6646.4501953125,48544986
2026-03-09 14:15:00,6651.6201171875,6652.83984375,6641.080078125,6643.1298828125,43165843
2026-03-09 14:20:00,6665.31005859375,6667.31982421875,6643.14013671875,6651.2900390625,47783059
2026-03-09 14:25:00,6652.669921875,6666.990234375,6649.7099609375,6665.009765625,37016067
2026-03-09 14:30:00,6661.830078125,6663.2099609375,6652.56005859375,6652.56005859375,41708425
2026-03-09 14:35:00,6672.72021484375,6676.52001953125,6660.02978515625,6661.89990234375,41022818
2026-03-09 14:40:00,6680.27001953125,6680.27001953125,6669.66015625,6672.81982421875,41237209
2026-03-09 14:45:00,6687.7998046875,6689.56005859375,6679.7001953125,6680.3701171875,39524145
2026-03-09 14:50:00,6693.41015625,6693.41015625,6683.91015625,6688.06982421875,37788801
2026-03-09 14:55:00,6688.2099609375,6693.97998046875,6684.3798828125,6693.5,38692669
2026-03-09 15:00:00,6696.9501953125,6698.06982421875,6687.9599609375,6687.9599609375,35643642
2026-03-09 15:05:00,6691.91015625,6699.2900390625,6691.41015625,6697.14990234375,33730412
2026-03-09 15:10:00,6698.4599609375,6700.06005859375,6691.77978515625,6692.08984375,35283000
2026-03-09 15:15:00,6700.3798828125,6705.02978515625,6696.64990234375,6699.14013671875,32837000
2026-03-09 15:20:00,6706.60009765625,6707.2099609375,6698.68994140625,6700.72998046875,30428000
2026-03-09 15:25:00,6710.02001953125,6711.169921875,6703.1201171875,6706.43017578125,33397000
2026-03-09 15:30:00,6701.02001953125,6710.14990234375,6699.85009765625,6710.08984375,29689000
2026-03-09 15:35:00,6699.330078125,6701.85009765625,6697.759765625,6700.990234375,27702000
2026-03-09 15:40:00,6697.97998046875,6700.60986328125,6696.93017578125,6699.16015625,30846000
2026-03-09 15:45:00,6703.47998046875,6706.2998046875,6696.81982421875,6697.85009765625,28206000
2026-03-09 15:50:00,6708.72021484375,6709.56005859375,6701.9501953125,6703.47021484375,26649000
2026-03-09 15:55:00,6707.10986328125,6711.009765625,6706.080078125,6708.6201171875,28072000
2026-03-09 16:00:00,6708.93994140625,6713.2900390625,6704.60986328125,6707.1201171875,27206000
2026-03-09 16:05:00,6710.580078125,6712.669921875,6708.27001953125,6709.14990234375,23520000
2026-03-09 16:10:00,6711.490234375,6713.35986328125,6707.3701171875,6710.64990234375,23697000
2026-03-09 16:15:00,6711.419921875,6711.919921875,6708.22998046875,6711.5498046875,23026000
2026-03-09 16:20:00,6716.490234375,6717.7998046875,6705.240234375,6711.419921875,27465000
2026-03-09 16:25:00,6721.02978515625,6727.22998046875,6715.18017578125,6716.56005859375,31211000
2026-03-09 16:30:00,6720.0498046875,6722.18994140625,6712.1298828125,6721.2900390625,27017000
2026-03-09 16:35:00,6723.10009765625,6725.66015625,6720.2099609375,6720.2900390625,24667000
2026-03-09 16:40:00,6730.89013671875,6731.16015625,6723.3701171875,6723.3701171875,23676000
2026-03-09 16:45:00,6732.509765625,6734.64013671875,6730.43017578125,6730.83984375,27676000
2026-03-09 16:50:00,6727.85009765625,6732.7900390625,6726.97998046875,6732.4599609375,23055000
2026-03-09 16:55:00,6725.009765625,6731.4599609375,6724.7998046875,6727.83984375,24100000
2026-03-09 17:00:00,6720.85986328125,6725.419921875,6716.72021484375,6725.0400390625,25160000
2026-03-09 17:05:00,6720.18994140625,6721.22998046875,6716.08984375,6720.7001953125,22074000
2026-03-09 17:10:00,6718.990234375,6722.169921875,6717.18994140625,6719.97998046875,22260000
2026-03-09 17:15:00,6710.5,6719.919921875,6709.72021484375,6719.0,20215000
2026-03-09 17:20:00,6702.5498046875,6710.68994140625,6702.5498046875,6710.35986328125,23514000
2026-03-09 17:25:00,6700.9501953125,6702.830078125,6699.7001953125,6702.5498046875,22527000
2026-03-09 17:30:00,6700.5498046875,6703.080078125,6698.759765625,6700.91015625,26889000
2026-03-09 17:35:00,6697.43017578125,6701.97998046875,6697.0400390625,6700.5400390625,20171000
2026-03-09 17:40:00,6694.72998046875,6699.10009765625,6693.27001953125,6697.2001953125,24384000
2026-03-09 17:45:00,6698.64990234375,6702.14990234375,6694.509765625,6694.64013671875,22952000
2026-03-09 17:50:00,6703.759765625,6703.93017578125,6697.83984375,6698.58984375,20554000
2026-03-09 17:55:00,6700.33984375,6704.83984375,6699.39013671875,6703.7099609375,19659000
2026-03-09 18:00:00,6702.77001953125,6705.080078125,6700.06005859375,6700.2900390625,26008000
2026-03-09 18:05:00,6702.85009765625,6709.25,6702.06982421875,6702.8701171875,25931000
2026-03-09 18:10:00,6707.33984375,6709.169921875,6702.27978515625,6702.91015625,23837000
2026-03-09 18:15:00,6713.64990234375,6714.169921875,6705.60986328125,6707.31982421875,25085000
2026-03-09 18:20:00,6713.259765625,6719.669921875,6708.97998046875,6713.81005859375,25759000
2026-03-09 18:25:00,6713.02978515625,6713.89013671875,6711.18994140625,6713.31982421875,24066000
2026-03-09 18:30:00,6722.9501953125,6723.75,6712.47998046875,6712.97998046875,28355000
2026-03-09 18:35:00,6721.509765625,6724.75,6720.43994140625,6722.97021484375,25473000
2026-03-09 18:40:00,6720.75,6722.4501953125,6719.580078125,6721.5400390625,24437000
2026-03-09 18:45:00,6721.64990234375,6724.3701171875,6720.41015625,6720.68017578125,23561000
2026-03-09 18:50:00,6721.31982421875,6723.81982421875,6719.6201171875,6721.52978515625,25151000
2026-03-09 18:55:00,6712.7998046875,6721.18994140625,6712.0498046875,6721.18994140625,27136000
2026-03-09 19:00:00,6715.2099609375,6717.5400390625,6711.85009765625,6712.85986328125,26532000
2026-03-09 19:05:00,6715.58984375,6715.85009765625,6711.56005859375,6714.9501953125,26142000
2026-03-09 19:10:00,6716.58984375,6719.240234375,6715.4599609375,6715.5498046875,29505000
2026-03-09 19:15:00,6745.509765625,6746.18017578125,6715.97998046875,6716.6298828125,46200000
2026-03-09 19:20:00,6764.2099609375,6768.60009765625,6742.6298828125,6745.56005859375,69393000
2026-03-09 19:25:00,6786.2900390625,6786.47998046875,6760.66015625,6764.43994140625,62037000
2026-03-09 19:30:00,6796.18017578125,6796.31982421875,6772.18994140625,6786.14013671875,65472000
2026-03-09 19:35:00,6808.759765625,6810.43994140625,6785.58984375,6796.18017578125,67501000
2026-03-09 19:40:00,6791.97998046875,6808.72998046875,6782.759765625,6808.72998046875,66703000
2026-03-09 19:45:00,6791.7998046875,6796.919921875,6786.419921875,6791.330078125,62324000
2026-03-09 19:50:00,6784.56982421875,6792.43017578125,6781.18017578125,6792.43017578125,100915000
2026-03-09 19:55:00,6796.240234375,6799.52978515625,6783.02001953125,6784.419921875,245136000
2026-03-10 13:30:00,6788.27001953125,6798.9599609375,6785.64990234375,6796.56005859375,0
2026-03-10 13:35:00,6787.14990234375,6789.7998046875,6780.97998046875,6788.52001953125,51583608
2026-03-10 13:40:00,6784.47998046875,6788.85986328125,6770.81982421875,6786.5,54459928
2026-03-10 13:45:00,6784.43017578125,6786.52001953125,6776.83984375,6784.5,46838927
2026-03-10 13:50:00,6776.27001953125,6785.10009765625,6776.27001953125,6784.89990234375,38767629
2026-03-10 13:55:00,6771.240234375,6777.240234375,6767.64990234375,6775.75,35955133
2026-03-10 14:00:00,6772.56005859375,6773.41015625,6762.0498046875,6771.31005859375,39366482
2026-03-10 14:05:00,6760.7001953125,6780.89990234375,6759.740234375,6772.85009765625,38287849
2026-03-10 14:10:00,6766.68017578125,6767.60009765625,6760.27001953125,6760.5400390625,34422123
2026-03-10 14:15:00,6774.06982421875,6774.830078125,6760.56005859375,6766.81982421875,32855187
2026-03-10 14:20:00,6783.1201171875,6785.85009765625,6772.919921875,6773.919921875,34539317
2026-03-10 14:25:00,6787.7900390625,6791.10009765625,6783.14990234375,6783.14990234375,32605915
2026-03-10 14:30:00,6800.740234375,6802.240234375,6787.7998046875,6787.7998046875,35284018
2026-03-10 14:35:00,6807.31005859375,6807.31005859375,6798.56005859375,6801.0498046875,30368136
2026-03-10 14:40:00,6811.740234375,6813.35009765625,6805.169921875,6807.3701171875,32490017
2026-03-10 14:45:00,6814.08984375,6814.509765625,6808.10986328125,6811.68994140625,31448772
2026-03-10 14:50:00,6819.06982421875,6819.22998046875,6814.259765625,6814.72998046875,29396965
2026-03-10 14:55:00,6823.259765625,6823.259765625,6818.66015625,6819.10009765625,32155714
2026-03-10 15:00:00,6826.0400390625,6828.009765625,6821.7001953125,6823.009765625,34658855
2026-03-10 15:05:00,6818.31005859375,6826.10009765625,6816.81005859375,6825.9599609375,29683536
2026-03-10 15:10:00,6815.8798828125,6819.2998046875,6814.6298828125,6817.9599609375,29632936
2026-03-10 15:15:00,6825.89013671875,6826.4599609375,6815.8701171875,6815.8701171875,29157920
2026-03-10 15:20:00,6823.47998046875,6827.35009765625,6822.52001953125,6825.990234375,28355176
2026-03-10 15:25:00,6822.919921875,6824.08984375,6821.31005859375,6823.58984375,24536453
2026-03-10 15:30:00,6817.0,6823.43017578125,6816.7099609375,6823.02978515625,26508640
2026-03-10 15:35:00,6822.1298828125,6822.25,6817.31982421875,6817.31982421875,27289429
2026-03-10 15:40:00,6826.81005859375,6830.66015625,6819.89990234375,6822.08984375,30835375
2026-03-10 15:45:00,6824.1298828125,6827.7099609375,6820.89990234375,6826.68017578125,22756000
2026-03-10 15:50:00,6821.89990234375,6828.56005859375,6821.35986328125,6824.1201171875,21089000
2026-03-10 15:55:00,6826.0,6826.419921875,6820.93017578125,6821.7998046875,21940000
2026-03-10 16:00:00,6817.8701171875,6825.93017578125,6816.64990234375,6825.93017578125,22896000
2026-03-10 16:05:00,6812.43017578125,6817.72998046875,6809.22021484375,6817.72998046875,27551000
2026-03-10 16:10:00,6817.009765625,6819.43994140625,6811.58984375,6812.43017578125,22437000
2026-03-10 16:15:00,6821.43994140625,6823.75,6814.97021484375,6817.0498046875,22689000
2026-03-10 16:20:00,6818.56005859375,6821.64990234375,6815.5498046875,6821.47998046875,22424000
2026-03-10 16:25:00,6818.3798828125,6824.22021484375,6816.8798828125,6818.47021484375,23727000
2026-03-10 16:30:00,6825.2900390625,6825.2900390625,6818.5,6818.5,24171000
2026-03-10 16:35:00,6828.14990234375,6828.47998046875,6824.7900390625,6825.22021484375,22779000
2026-03-10 16:40:00,6827.5498046875,6828.22021484375,6824.9501953125,6828.22021484375,20227000
2026-03-10 16:45:00,6821.08984375,6827.740234375,6818.5400390625,6827.6298828125,17702000
2026-03-10 16:50:00,6827.740234375,6829.2001953125,6819.77978515625,6821.02978515625,20190000
2026-03-10 16:55:00,6826.2099609375,6828.6201171875,6825.9501953125,6827.7900390625,20207000
2026-03-10 17:00:00,6830.5,6832.10009765625,6825.06005859375,6826.14013671875,21536000
2026-03-10 17:05:00,6832.16015625,6834.72021484375,6830.240234375,6830.5,20331000
2026-03-10 17:10:00,6829.6298828125,6834.66015625,6828.490234375,6832.16015625,21590000
2026-03-10 17:15:00,6838.35986328125,6838.47021484375,6829.419921875,6829.66015625,24924000
2026-03-10 17:20:00,6838.85986328125,6839.33984375,6835.25,6838.35986328125,26776000
2026-03-10 17:25:00,6844.39990234375,6845.080078125,6837.9599609375,6838.7998046875,27202000
2026-03-10 17:30:00,6832.5498046875,6844.35986328125,6832.5498046875,6844.35986328125,30457000
2026-03-10 17:35:00,6824.41015625,6833.4599609375,6819.0400390625,6832.68994140625,32131000
2026-03-10 17:40:00,6824.93017578125,6829.06982421875,6822.4599609375,6824.56982421875,27800000
2026-03-10 17:45:00,6833.330078125,6836.169921875,6824.3701171875,6824.89013671875,24475000
2026-03-10 17:50:00,6835.2099609375,6837.240234375,6832.56982421875,6833.14990234375,20966000
2026-03-10 17:55:00,6832.990234375,6835.31005859375,6830.7001953125,6835.2001953125,21294000
2026-03-10 18:00:00,6832.52001953125,6833.10986328125,6829.759765625,6832.89013671875,27078000
2026-03-10 18:05:00,6826.830078125,6832.7001953125,6825.66015625,6832.5,21631000
2026-03-10 18:10:00,6799.3701171875,6831.2099609375,6799.3701171875,6826.85986328125,37931000
2026-03-10 18:15:00,6793.14013671875,6808.93017578125,6789.580078125,6799.009765625,40425000
2026-03-10 18:20:00,6796.18017578125,6801.14013671875,6786.52978515625,6792.66015625,36417000
2026-03-10 18:25:00,6804.77978515625,6811.85009765625,6795.93994140625,6796.14990234375,28558000
2026-03-10 18:30:00,6808.81982421875,6814.41015625,6801.89013671875,6804.8701171875,25101000
2026-03-10 18:35:00,6801.81982421875,6811.830078125,6796.9501953125,6808.83984375,26085000
2026-03-10 18:40:00,6799.740234375,6805.10986328125,6796.7001953125,6801.77001953125,22342000
2026-03-10 18:45:00,6801.7998046875,6804.8798828125,6797.81005859375,6799.6201171875,23357000
2026-03-10 18:50:00,6800.7001953125,6808.7900390625,6796.97021484375,6801.740234375,25668000
2026-03-10 18:55:00,6796.93017578125,6802.3798828125,6796.080078125,6800.5400390625,22767000
2026-03-10 19:00:00,6797.77978515625,6800.8798828125,6795.1298828125,6796.97021484375,24707000
2026-03-10 19:05:00,6798.72998046875,6800.490234375,6792.5400390625,6797.27001953125,25749000
2026-03-10 19:10:00,6800.97021484375,6801.60986328125,6793.7001953125,6798.72998046875,28981000
2026-03-10 19:15:00,6804.60986328125,6806.419921875,6799.68017578125,6800.93017578125,28374000
2026-03-10 19:20:00,6797.7900390625,6805.35986328125,6791.10009765625,6804.64990234375,32284000
2026-03-10 19:25:00,6785.990234375,6797.72998046875,6785.990234375,6797.72998046875,30614000
2026-03-10 19:30:00,6782.490234375,6787.10986328125,6779.91015625,6786.0,37123000
2026-03-10 19:35:00,6786.02978515625,6787.1298828125,6777.89990234375,6782.16015625,38676000
2026-03-10 19:40:00,6785.43017578125,6793.759765625,6780.83984375,6786.080078125,47475000
2026-03-10 19:45:00,6779.10009765625,6788.52001953125,6776.68994140625,6786.0,49265000
2026-03-10 19:50:00,6779.47021484375,6781.5498046875,6774.259765625,6779.10009765625,80144000
2026-03-10 19:55:00,6781.31005859375,6783.1201171875,6774.330078125,6779.4599609375,193489000
2026-03-11 13:30:00,6790.14013671875,6796.22021484375,6788.68994140625,6790.08984375,0
2026-03-11 13:35:00,6795.68994140625,6795.68994140625,6788.83984375,6790.41015625,48097473
2026-03-11 13:40:00,6785.759765625,6796.47021484375,6784.3701171875,6795.5,43638975
2026-03-11 13:45:00,6778.77978515625,6790.5498046875,6776.18017578125,6785.60009765625,42351712
2026-03-11 13:50:00,6781.77978515625,6787.669921875,6773.64013671875,6778.669921875,37476963
2026-03-11 13:55:00,6790.5498046875,6790.81005859375,6777.66015625,6781.759765625,37122459
2026-03-11 14:00:00,6795.85986328125,6811.14990234375,6789.77978515625,6790.7001953125,55225453
2026-03-11 14:05:00,6791.91015625,6801.52001953125,6787.259765625,6795.8701171875,35961782
2026-03-11 14:10:00,6791.9501953125,6793.830078125,6782.77001953125,6791.9501953125,35622114
2026-03-11 14:15:00,6789.5400390625,6792.990234375,6781.93017578125,6791.72021484375,33036823
2026-03-11 14:20:00,6773.60986328125,6789.5498046875,6773.60986328125,6789.080078125,33982006
2026-03-11 14:25:00,6772.580078125,6773.7900390625,6763.89013671875,6773.41015625,34987311
2026-03-11 14:30:00,6765.77001953125,6778.4501953125,6763.6298828125,6772.6201171875,34854613
2026-03-11 14:35:00,6778.52978515625,6782.18994140625,6765.7998046875,6765.7998046875,29756597
2026-03-11 14:40:00,6785.6298828125,6787.10986328125,6777.490234375,6778.6298828125,31223658
2026-03-11 14:45:00,6788.06005859375,6788.580078125,6782.18994140625,6785.33984375,29158503
2026-03-11 14:50:00,6789.259765625,6790.02001953125,6786.64013671875,6788.18017578125,30142868
2026-03-11 14:55:00,6791.8701171875,6795.18017578125,6787.39013671875,6789.3701171875,29744058
2026-03-11 15:00:00,6789.2001953125,6797.3798828125,6781.490234375,6792.66015625,38661330
2026-03-11 15:05:00,6782.2001953125,6789.81005859375,6781.41015625,6789.5498046875,30654894
2026-03-11 15:10:00,6769.740234375,6785.77001953125,6765.06982421875,6782.3701171875,36501823
2026-03-11 15:15:00,6765.9501953125,6769.740234375,6761.25,6769.66015625,28690175
2026-03-11 15:20:00,6773.77001953125,6774.10009765625,6763.64013671875,6765.740234375,26496917
2026-03-11 15:25:00,6758.2998046875,6776.2900390625,6758.2998046875,6773.77001953125,27892203
2026-03-11 15:30:00,6760.830078125,6762.259765625,6752.66015625,6758.3798828125,32566387
2026-03-11 15:35:00,6760.06982421875,6763.52001953125,6758.68994140625,6760.7099609375,27330486
2026-03-11 15:40:00,6754.5498046875,6762.080078125,6754.4501953125,6760.02001953125,24618773
2026-03-11 15:45:00,6751.7900390625,6754.41015625,6748.1298828125,6754.14990234375,27985000
2026-03-11 15:50:00,6760.419921875,6760.66015625,6751.77978515625,6751.77978515625,24284000
2026-03-11 15:55:00,6753.5,6760.830078125,6753.5,6760.52978515625,23191000
2026-03-11 16:00:00,6747.8701171875,6753.85986328125,6747.47998046875,6753.47998046875,24394000
2026-03-11 16:05:00,6748.47998046875,6751.330078125,6747.10986328125,6747.89990234375,21301000
2026-03-11 16:10:00,6755.31982421875,6755.419921875,6748.41015625,6748.41015625,24296000
2026-03-11 16:15:00,6750.56005859375,6756.18017578125,6750.43994140625,6755.27978515625,22715000
2026-03-11 16:20:00,6755.5,6758.419921875,6749.47998046875,6750.580078125,21662000
2026-03-11 16:25:00,6759.0498046875,6759.0498046875,6753.0,6755.43017578125,20216000
2026-03-11 16:30:00,6769.7998046875,6770.35009765625,6758.83984375,6758.9599609375,22992000
2026-03-11 16:35:00,6765.0,6770.7998046875,6763.1298828125,6769.97998046875,20550000
2026-03-11 16:40:00,6766.72998046875,6771.3798828125,6764.81005859375,6765.080078125,19633000
2026-03-11 16:45:00,6764.97998046875,6769.10009765625,6763.6298828125,6766.7998046875,19223000
2026-03-11 16:50:00,6771.39990234375,6771.7900390625,6764.93017578125,6764.93994140625,16885000
2026-03-11 16:55:00,6774.43994140625,6774.4501953125,6769.39013671875,6771.35009765625,18461000
2026-03-11 17:00:00,6773.2998046875,6776.5,6773.0400390625,6774.3701171875,19930000
2026-03-11 17:05:00,6773.919921875,6777.10986328125,6772.830078125,6773.25,21035000
2026-03-11 17:10:00,6768.990234375,6773.75,6767.7099609375,6773.66015625,22780000
2026-03-11 17:15:00,6767.31005859375,6772.25,6765.830078125,6769.240234375,19430000
2026-03-11 17:20:00,6773.77001953125,6773.77001953125,6767.16015625,6767.16015625,19227000
2026-03-11 17:25:00,6775.91015625,6778.72021484375,6773.10009765625,6773.91015625,19689000
2026-03-11 17:30:00,6773.1201171875,6777.5,6772.10986328125,6775.91015625,20330000
2026-03-11 17:35:00,6754.9501953125,6774.669921875,6745.58984375,6773.2099609375,30405000
2026-03-11 17:40:00,6756.77978515625,6760.509765625,6750.08984375,6754.93017578125,24420000
2026-03-11 17:45:00,6759.7099609375,6760.27978515625,6754.64990234375,6756.669921875,20972000
2026-03-11 17:50:00,6762.47998046875,6768.14990234375,6759.6298828125,6759.6298828125,20463000
2026-03-11 17:55:00,6761.58984375,6763.509765625,6757.10986328125,6762.22998046875,23278000
2026-03-11 18:00:00,6761.52001953125,6763.2998046875,6759.580078125,6761.52978515625,20689000
2026-03-11 18:05:00,6755.10986328125,6762.27001953125,6755.06005859375,6761.64990234375,21097000
2026-03-11 18:10:00,6754.81982421875,6755.5498046875,6749.16015625,6755.14013671875,20968000
2026-03-11 18:15:00,6759.56982421875,6760.7001953125,6753.89013671875,6754.72998046875,18665000
2026-03-11 18:20:00,6758.97998046875,6762.89013671875,6756.02001953125,6759.64013671875,20880000
2026-03-11 18:25:00,6764.3701171875,6766.0400390625,6758.02978515625,6759.10986328125,20577000
2026-03-11 18:30:00,6766.7001953125,6766.7001953125,6763.669921875,6764.2900390625,20409000
2026-03-11 18:35:00,6762.43994140625,6766.919921875,6762.25,6766.66015625,21198000
2026-03-11 18:40:00,6762.1298828125,6763.2998046875,6760.06005859375,6762.3701171875,18545000
2026-03-11 18:45:00,6759.60009765625,6764.259765625,6759.43994140625,6762.16015625,20243000
2026-03-11 18:50:00,6766.43017578125,6767.58984375,6759.64990234375,6759.64990234375,22380000
2026-03-11 18:55:00,6764.2001953125,6768.39013671875,6762.0,6766.33984375,24039000
2026-03-11 19:00:00,6760.7900390625,6765.60009765625,6756.77001953125,6764.18994140625,22305000
2026-03-11 19:05:00,6760.259765625,6761.080078125,6757.31982421875,6760.669921875,23676000
2026-03-11 19:10:00,6756.7998046875,6760.64013671875,6755.52978515625,6760.0498046875,24704000
2026-03-11 19:15:00,6761.10986328125,6761.31982421875,6755.490234375,6756.77001953125,28170000
2026-03-11 19:20:00,6759.81005859375,6761.919921875,6757.240234375,6761.0400390625,29253000
2026-03-11 19:25:00,6761.35009765625,6763.43017578125,6759.52001953125,6760.14990234375,32448000
2026-03-11 19:30:00,6768.31005859375,6769.5400390625,6759.4599609375,6761.18994140625,33462000
2026-03-11 19:35:00,6770.0498046875,6770.91015625,6766.6201171875,6768.509765625,33975000
2026-03-11 19:40:00,6772.06982421875,6773.3701171875,6768.68994140625,6770.0,38345000
2026-03-11 19:45:00,6767.77001953125,6773.41015625,6766.5400390625,6772.0400390625,47513000
2026-03-11 19:50:00,6775.43994140625,6775.669921875,6765.669921875,6767.64990234375,78323000
2026-03-11 19:55:00,6774.759765625,6777.58984375,6773.25,6775.43017578125,191496000
2026-03-12 13:30:00,6721.60986328125,6740.8798828125,6713.0,6740.8798828125,124800470
2026-03-12 13:35:00,6725.83984375,6727.16015625,6716.7998046875,6720.9501953125,47511391
2026-03-12 13:40:00,6715.33984375,6726.4501953125,6714.52001953125,6725.7001953125,44862380
2026-03-12 13:45:00,6711.6201171875,6715.06982421875,6698.89990234375,6715.06982421875,47129270
2026-03-12 13:50:00,6702.009765625,6718.64013671875,6701.64013671875,6711.68994140625,42397946
2026-03-12 13:55:00,6699.0,6702.47021484375,6692.7001953125,6701.7998046875,42517077
2026-03-12 14:00:00,6713.91015625,6719.3798828125,6699.169921875,6699.169921875,43264011
2026-03-12 14:05:00,6714.02001953125,6717.080078125,6708.919921875,6714.0498046875,38490174
2026-03-12 14:10:00,6721.0,6721.9501953125,6713.14013671875,6714.14013671875,35519928
2026-03-12 14:15:00,6708.0,6722.81982421875,6706.9599609375,6721.02001953125,35128778
2026-03-12 14:20:00,6704.66015625,6707.7900390625,6702.16015625,6707.7900390625,34725667
2026-03-12 14:25:00,6692.66015625,6709.77001953125,6692.490234375,6704.8701171875,35907499
2026-03-12 14:30:00,6690.06005859375,6692.5,6687.18017578125,6691.97998046875,40059306
2026-03-12 14:35:00,6690.5400390625,6696.759765625,6684.77001953125,6690.1298828125,38212344
2026-03-12 14:40:00,6699.89013671875,6701.0,6686.990234375,6690.5,32491121
2026-03-12 14:45:00,6695.4501953125,6715.2099609375,6693.4501953125,6700.169921875,42877874
2026-03-12 14:50:00,6695.35986328125,6696.97021484375,6692.009765625,6695.35009765625,35997743
2026-03-12 14:55:00,6695.64013671875,6699.41015625,6694.47021484375,6695.2998046875,32308441
2026-03-12 15:00:00,6692.97021484375,6697.91015625,6688.22998046875,6695.3701171875,34239713
2026-03-12 15:05:00,6689.85009765625,6693.97021484375,6689.10986328125,6692.60009765625,29961632
2026-03-12 15:10:00,6684.58984375,6689.7001953125,6680.10009765625,6689.7001953125,32216610
2026-03-12 15:15:00,6683.91015625,6686.740234375,6681.3798828125,6684.3798828125,31130892
2026-03-12 15:20:00,6688.4599609375,6688.759765625,6680.9599609375,6683.64013671875,31108902
2026-03-12 15:25:00,6691.990234375,6697.330078125,6688.1201171875,6688.56982421875,35545385
2026-03-12 15:30:00,6689.5,6695.419921875,6687.52001953125,6692.10986328125,32744446
2026-03-12 15:35:00,6708.35986328125,6708.7998046875,6683.1201171875,6689.240234375,38012000
2026-03-12 15:40:00,6709.68994140625,6712.93994140625,6698.41015625,6709.4599609375,39673000
2026-03-12 15:45:00,6702.580078125,6709.75,6696.14990234375,6709.509765625,32315000
2026-03-12 15:50:00,6706.08984375,6707.0400390625,6698.5498046875,6702.509765625,26366000
2026-03-12 15:55:00,6703.7001953125,6706.16015625,6699.72021484375,6706.16015625,25209000
2026-03-12 16:00:00,6710.64990234375,6710.77001953125,6702.14013671875,6703.81005859375,28996000
2026-03-12 16:05:00,6689.4501953125,6713.31005859375,6688.0498046875,6710.7001953125,33634000
2026-03-12 16:10:00,6699.33984375,6699.64013671875,6688.64013671875,6689.31005859375,29563000
2026-03-12 16:15:00,6705.97021484375,6710.41015625,6699.2001953125,6699.2998046875,27780000
2026-03-12 16:20:00,6708.9501953125,6722.8798828125,6706.68994140625,6706.68994140625,33116000
2026-03-12 16:25:00,6698.22021484375,6708.8798828125,6697.89013671875,6708.8798828125,30890000
2026-03-12 16:30:00,6704.0400390625,6707.08984375,6695.16015625,6698.81982421875,32671000
2026-03-12 16:35:00,6711.33984375,6712.3798828125,6702.490234375,6703.81005859375,30504000
2026-03-12 16:40:00,6707.93994140625,6711.4501953125,6705.22021484375,6711.3798828125,27988000
2026-03-12 16:45:00,6699.2900390625,6708.009765625,6692.1201171875,6707.89013671875,29127000
2026-03-12 16:50:00,6695.06982421875,6702.89990234375,6692.009765625,6699.2900390625,27497000
2026-03-12 16:55:00,6698.97021484375,6699.81005859375,6693.4599609375,6695.0400390625,28418000
2026-03-12 17:00:00,6707.64990234375,6707.66015625,6698.240234375,6698.91015625,25296000
2026-03-12 17:05:00,6699.89013671875,6713.02978515625,6699.31005859375,6707.740234375,26672000
2026-03-12 17:10:00,6697.9599609375,6705.02978515625,6697.56982421875,6699.919921875,21086000
2026-03-12 17:15:00,6692.5,6699.47021484375,6692.31982421875,6697.89013671875,20923000
2026-03-12 17:20:00,6700.58984375,6703.8701171875,6691.52001953125,6692.41015625,24012000
2026-03-12 17:25:00,6696.43017578125,6703.080078125,6694.740234375,6700.830078125,24730000
2026-03-12 17:30:00,6698.93994140625,6702.259765625,6696.52001953125,6696.52001953125,23083000
2026-03-12 17:35:00,6704.6298828125,6705.66015625,6699.06982421875,6699.06982421875,25830000
2026-03-12 17:40:00,6696.1298828125,6707.72998046875,6695.93017578125,6704.8701171875,24715000
2026-03-12 17:45:00,6693.2099609375,6698.080078125,6690.39990234375,6696.22021484375,27239000
2026-03-12 17:50:00,6691.58984375,6698.06982421875,6691.58984375,6693.22021484375,26556000
2026-03-12 17:55:00,6692.2900390625,6692.58984375,6683.89013671875,6691.490234375,27709000
2026-03-12 18:00:00,6696.509765625,6699.68017578125,6692.22021484375,6692.22021484375,28204000
2026-03-12 18:05:00,6697.2998046875,6701.66015625,6693.169921875,6696.35009765625,25402000
2026-03-12 18:10:00,6698.97998046875,6700.0,6696.35009765625,6697.31005859375,23055000
2026-03-12 18:15:00,6693.60986328125,6702.330078125,6692.89990234375,6699.259765625,27028000
2026-03-12 18:20:00,6691.9599609375,6693.64013671875,6689.0498046875,6693.47021484375,26688000
2026-03-12 18:25:00,6692.68994140625,6693.18017578125,6688.330078125,6691.8701171875,24740000
2026-03-12 18:30:00,6689.39990234375,6695.06982421875,6688.93017578125,6692.68017578125,23041000
2026-03-12 18:35:00,6689.259765625,6690.6298828125,6685.64990234375,6689.39013671875,24363000
2026-03-12 18:40:00,6687.419921875,6689.77001953125,6685.990234375,6689.31005859375,25295000
2026-03-12 18:45:00,6685.2099609375,6689.31005859375,6684.83984375,6687.56982421875,25920000
2026-03-12 18:50:00,6688.52978515625,6692.06005859375,6685.1201171875,6685.18994140625,26721000
2026-03-12 18:55:00,6684.3798828125,6688.56005859375,6682.89013671875,6688.56005859375,27806000
2026-03-12 19:00:00,6684.06005859375,6690.080078125,6679.9501953125,6684.31982421875,31631000
2026-03-12 19:05:00,6686.43994140625,6689.47021484375,6683.0498046875,6684.0400390625,32776000
2026-03-12 19:10:00,6685.580078125,6688.7998046875,6680.68017578125,6686.47021484375,33219000
2026-03-12 19:15:00,6687.58984375,6689.4501953125,6683.56005859375,6685.6298828125,35088000
2026-03-12 19:20:00,6688.490234375,6693.919921875,6686.2998046875,6687.64990234375,35699000
2026-03-12 19:25:00,6689.93017578125,6691.77978515625,6687.31005859375,6688.5498046875,36536000
2026-03-12 19:30:00,6693.52001953125,6696.75,6690.35986328125,6690.35986328125,39334000
2026-03-12 19:35:00,6689.72021484375,6694.240234375,6687.66015625,6693.39013671875,40654000
2026-03-12 19:40:00,6682.919921875,6689.85009765625,6681.509765625,6689.85009765625,49397000
2026-03-12 19:45:00,6678.240234375,6682.7998046875,6676.259765625,6682.7998046875,58998000
2026-03-12 19:50:00,6678.740234375,6679.81005859375,6672.60009765625,6678.08984375,98450000
2026-03-12 19:55:00,6671.81005859375,6681.330078125,6670.39990234375,6678.75,238567000
2026-03-13 13:30:00,6707.43994140625,6713.4599609375,6673.490234375,6673.490234375,120912215
2026-03-13 13:35:00,6712.91015625,6716.1201171875,6700.31005859375,6707.1298828125,50119948
2026-03-13 13:40:00,6729.60009765625,6729.72021484375,6711.58984375,6713.5400390625,42582857
2026-03-13 13:45:00,6722.77978515625,6733.2998046875,6722.77978515625,6729.83984375,41534370
2026-03-13 13:50:00,6726.5498046875,6728.10986328125,6717.990234375,6722.4501953125,36611743
2026-03-13 13:55:00,6715.580078125,6727.06982421875,6714.7099609375,6727.06982421875,33865313
2026-03-13 14:00:00,6711.18017578125,6722.1298828125,6707.85009765625,6715.81005859375,38482332
2026-03-13 14:05:00,6703.0498046875,6715.06005859375,6702.1298828125,6711.240234375,34630230
2026-03-13 14:10:00,6700.10986328125,6704.31982421875,6698.60986328125,6703.169921875,35233937
2026-03-13 14:15:00,6691.41015625,6700.2099609375,6687.7998046875,6699.7099609375,33945558
2026-03-13 14:20:00,6696.52978515625,6699.8701171875,6691.419921875,6691.52001953125,31600790
2026-03-13 14:25:00,6699.02001953125,6701.72998046875,6693.0498046875,6696.43994140625,28968005
2026-03-13 14:30:00,6705.22998046875,6711.72998046875,6697.740234375,6699.0,32985124
2026-03-13 14:35:00,6699.58984375,6705.1201171875,6695.0498046875,6705.1201171875,28788419
2026-03-13 14:40:00,6683.2900390625,6699.5400390625,6683.10986328125,6699.5400390625,30213741
2026-03-13 14:45:00,6679.6298828125,6683.22998046875,6672.8798828125,6683.22998046875,34082310
2026-03-13 14:50:00,6675.7998046875,6684.56005859375,6674.669921875,6679.81005859375,27844134
2026-03-13 14:55:00,6661.8798828125,6677.56982421875,6660.91015625,6675.740234375,32689953
2026-03-13 15:00:00,6660.35009765625,6665.85986328125,6655.68017578125,6662.5400390625,33840773
2026-03-13 15:05:00,6670.75,6670.9599609375,6659.60009765625,6660.39013671875,29200695
2026-03-13 15:10:00,6677.81982421875,6678.47998046875,6667.6298828125,6670.97998046875,27178983
2026-03-13 15:15:00,6668.5400390625,6678.240234375,6668.5400390625,6677.8701171875,23942165
2026-03-13 15:20:00,6658.7998046875,6672.759765625,6658.56005859375,6668.4501953125,27963226
2026-03-13 15:25:00,6655.39013671875,6658.580078125,6654.97021484375,6658.580078125,25003268
2026-03-13 15:30:00,6660.7998046875,6662.25,6654.0498046875,6655.4501953125,24346974
2026-03-13 15:35:00,6656.97998046875,6662.35986328125,6650.080078125,6660.85009765625,24832881
2026-03-13 15:40:00,6646.35009765625,6657.27001953125,6643.18017578125,6656.64990234375,28359145
2026-03-13 15:45:00,6652.759765625,6659.89013671875,6642.72021484375,6646.31005859375,34318072
2026-03-13 15:50:00,6648.47021484375,6653.47998046875,6643.72021484375,6652.72998046875,25528839
2026-03-13 15:55:00,6644.2099609375,6648.77978515625,6641.52001953125,6648.22998046875,22789000
2026-03-13 16:00:00,6649.4501953125,6651.7099609375,6644.06005859375,6644.1201171875,22852000
2026-03-13 16:05:00,6654.10986328125,6655.68017578125,6646.7099609375,6649.2900390625,22577000
2026-03-13 16:10:00,6649.7001953125,6658.75,6644.830078125,6654.25,26144000
2026-03-13 16:15:00,6647.64013671875,6651.6201171875,6645.169921875,6649.7001953125,20597000
2026-03-13 16:20:00,6650.58984375,6655.2900390625,6646.85009765625,6647.7998046875,21221000
2026-03-13 16:25:00,6653.10986328125,6654.2998046875,6646.009765625,6650.9501953125,21831000
2026-03-13 16:30:00,6650.97998046875,6657.580078125,6650.4501953125,6653.080078125,23009000
2026-03-13 16:35:00,6654.3701171875,6661.4599609375,6650.8701171875,6650.8701171875,24574000
2026-03-13 16:40:00,6647.6201171875,6657.08984375,6647.52978515625,6654.31005859375,21760000
2026-03-13 16:45:00,6649.93017578125,6649.93017578125,6642.22021484375,6647.60009765625,23742000
2026-03-13 16:50:00,6657.60009765625,6658.58984375,6649.35986328125,6649.8701171875,21897000
2026-03-13 16:55:00,6643.31005859375,6658.7001953125,6641.66015625,6657.72021484375,26661000
2026-03-13 17:00:00,6644.52978515625,6646.35986328125,6643.1298828125,6643.1298828125,22704000
2026-03-13 17:05:00,6649.35009765625,6650.43017578125,6641.89013671875,6644.64013671875,21419000
2026-03-13 17:10:00,6656.2001953125,6656.2001953125,6644.1201171875,6649.3701171875,19665000
2026-03-13 17:15:00,6657.41015625,6660.27001953125,6652.3701171875,6656.6201171875,23368000
2026-03-13 17:20:00,6654.14013671875,6657.64013671875,6648.22021484375,6657.3701171875,23698000
2026-03-13 17:25:00,6653.68017578125,6655.60009765625,6649.169921875,6654.2099609375,26277000
2026-03-13 17:30:00,6650.06005859375,6654.740234375,6648.02978515625,6653.7001953125,19608000
2026-03-13 17:35:00,6651.35009765625,6652.02978515625,6647.89990234375,6650.02001953125,19849000
2026-03-13 17:40:00,6649.47021484375,6651.8701171875,6645.16015625,6651.22998046875,24438000
2026-03-13 17:45:00,6635.240234375,6650.759765625,6634.85986328125,6649.43994140625,25871000
2026-03-13 17:50:00,6636.25,6637.7099609375,6631.35009765625,6635.22021484375,23760000
2026-03-13 17:55:00,6636.10009765625,6639.52001953125,6634.0,6636.16015625,21549000
2026-03-13 18:00:00,6641.31982421875,6642.35009765625,6635.8798828125,6636.06982421875,26518000
2026-03-13 18:05:00,6640.93017578125,6642.33984375,6638.14013671875,6641.3798828125,22646000
2026-03-13 18:10:00,6643.14013671875,6644.47021484375,6640.7099609375,6640.8701171875,21574000
2026-03-13 18:15:00,6639.35986328125,6646.52001953125,6638.52001953125,6643.39990234375,20109000
2026-03-13 18:20:00,6636.64990234375,6640.35009765625,6635.35009765625,6639.43017578125,20723000
2026-03-13 18:25:00,6643.27001953125,6643.27001953125,6636.56982421875,6636.64013671875,20941000
2026-03-13 18:30:00,6649.8798828125,6651.56005859375,6641.2900390625,6643.14990234375,21317000
2026-03-13 18:35:00,6651.22021484375,6653.5400390625,6649.009765625,6649.85009765625,22692000
2026-03-13 18:40:00,6654.66015625,6654.990234375,6650.08984375,6651.27001953125,20608000
2026-03-13 18:45:00,6655.7998046875,6656.14013671875,6652.64013671875,6654.4599609375,26295000
2026-03-13 18:50:00,6655.27001953125,6657.35986328125,6652.1298828125,6655.740234375,25701000
2026-03-13 18:55:00,6652.1298828125,6655.18017578125,6650.10986328125,6655.18017578125,23605000
2026-03-13 19:00:00,6646.52001953125,6652.14013671875,6646.43994140625,6652.14013671875,25902000
2026-03-13 19:05:00,6647.240234375,6647.93994140625,6642.66015625,6646.27978515625,29207000
2026-03-13 19:10:00,6645.22998046875,6649.419921875,6644.60986328125,6647.0400390625,25771000
2026-03-13 19:15:00,6646.10986328125,6648.72021484375,6644.41015625,6645.2998046875,29888000
2026-03-13 19:20:00,6637.580078125,6646.0498046875,6635.419921875,6646.0498046875,29235000
2026-03-13 19:25:00,6633.58984375,6637.47021484375,6631.7001953125,6637.43017578125,33242000
2026-03-13 19:30:00,6634.97998046875,6639.60986328125,6633.669921875,6633.669921875,36689000
2026-03-13 19:35:00,6627.97021484375,6635.419921875,6627.72998046875,6634.85986328125,38307000
2026-03-13 19:40:00,6626.56982421875,6628.8701171875,6623.919921875,6627.919921875,41420000
2026-03-13 19:45:00,6628.7998046875,6629.08984375,6624.14990234375,6626.7001953125,50436000
2026-03-13 19:50:00,6630.14990234375,6631.72021484375,6625.5498046875,6628.68017578125,81883000
2026-03-13 19:55:00,6631.8798828125,6634.31982421875,6628.509765625,6630.16015625,202546000
2026-03-16 13:30:00,6694.85986328125,6696.47021484375,6674.3701171875,6674.3701171875,0
2026-03-16 13:35:00,6698.18994140625,6699.68994140625,6694.27978515625,6695.080078125,52290760
2026-03-16 13:40:00,6705.5400390625,6706.0,6696.080078125,6698.14990234375,44963668
2026-03-16 13:45:00,6709.3701171875,6716.18994140625,6704.89013671875,6705.52001953125,45671562
2026-03-16 13:50:00,6707.8701171875,6709.66015625,6705.1201171875,6709.52978515625,35430990
2026-03-16 13:55:00,6717.509765625,6718.009765625,6704.93994140625,6707.669921875,38207048
2026-03-16 14:00:00,6711.60009765625,6717.990234375,6710.06982421875,6717.52001953125,39504064
2026-03-16 14:05:00,6717.169921875,6719.509765625,6710.31005859375,6712.39990234375,33413387
2026-03-16 14:10:00,6716.75,6722.8701171875,6714.35986328125,6717.5,37633531
2026-03-16 14:15:00,6715.75,6721.16015625,6714.080078125,6716.47021484375,32598371
2026-03-16 14:20:00,6719.3798828125,6722.259765625,6715.35986328125,6715.7001953125,27294251
2026-03-16 14:25:00,6713.14013671875,6720.259765625,6713.14013671875,6719.47021484375,26723909
2026-03-16 14:30:00,6699.85009765625,6713.06005859375,6699.39990234375,6712.9599609375,34196946
2026-03-16 14:35:00,6694.68994140625,6705.759765625,6693.7001953125,6700.080078125,29689320
2026-03-16 14:40:00,6691.47021484375,6696.8798828125,6690.8798828125,6694.06982421875,28504292
2026-03-16 14:45:00,6690.2900390625,6695.56005859375,6687.89990234375,6691.41015625,27420291
2026-03-16 14:50:00,6700.85986328125,6701.10986328125,6685.56005859375,6690.25,29575182
2026-03-16 14:55:00,6707.47998046875,6707.47998046875,6698.85009765625,6700.81982421875,28863700
2026-03-16 15:00:00,6700.27978515625,6707.83984375,6699.330078125,6707.60986328125,27887369
2026-03-16 15:05:00,6702.0498046875,6702.0498046875,6696.009765625,6700.27978515625,26335520
2026-03-16 15:10:00,6703.85986328125,6704.5498046875,6696.58984375,6702.2001953125,29629243
2026-03-16 15:15:00,6705.4599609375,6705.7001953125,6698.77978515625,6703.81982421875,26614926
2026-03-16 15:20:00,6711.419921875,6712.47021484375,6704.580078125,6705.68017578125,25010150
2026-03-16 15:25:00,6709.97998046875,6712.25,6707.39990234375,6711.4501953125,22523160
2026-03-16 15:30:00,6713.66015625,6715.31005859375,6710.02978515625,6710.02978515625,25120664
2026-03-16 15:35:00,6712.22998046875,6715.43017578125,6711.39990234375,6713.66015625,21719135
2026-03-16 15:40:00,6708.919921875,6711.8701171875,6707.85986328125,6711.8701171875,21256027
2026-03-16 15:45:00,6710.89013671875,6712.0498046875,6708.009765625,6708.7001953125,22129965
2026-03-16 15:50:00,6703.740234375,6710.85009765625,6700.89990234375,6710.85009765625,23509567
2026-03-16 15:55:00,6694.7998046875,6705.2998046875,6694.7998046875,6703.77001953125,27406013
2026-03-16 16:00:00,6692.41015625,6697.93994140625,6692.41015625,6694.72998046875,22412000
2026-03-16 16:05:00,6696.72998046875,6700.240234375,6691.9599609375,6692.3701171875,21836000
2026-03-16 16:10:00,6698.0400390625,6700.68994140625,6695.25,6696.77001953125,22294000
2026-03-16 16:15:00,6696.6298828125,6699.64013671875,6694.27001953125,6697.9599609375,21186000
2026-03-16 16:20:00,6684.14013671875,6696.4501953125,6683.89013671875,6696.4501953125,25314000
2026-03-16 16:25:00,6683.93994140625,6686.68017578125,6681.5498046875,6684.02001953125,24217000
2026-03-16 16:30:00,6684.8701171875,6688.06982421875,6681.490234375,6683.9599609375,23615000
2026-03-16 16:35:00,6690.83984375,6690.83984375,6684.75,6684.7998046875,22200000
2026-03-16 16:40:00,6695.89990234375,6697.919921875,6689.06982421875,6691.02978515625,21306000
2026-03-16 16:45:00,6695.06005859375,6696.58984375,6692.669921875,6695.91015625,17212000
2026-03-16 16:50:00,6695.2001953125,6699.3798828125,6693.72998046875,6694.919921875,18908000
2026-03-16 16:55:00,6693.43017578125,6696.9501953125,6692.72021484375,6695.18017578125,23291000
2026-03-16 17:00:00,6696.47021484375,6703.7099609375,6693.52978515625,6693.52978515625,26517000
2026-03-16 17:05:00,6698.669921875,6700.759765625,6695.6201171875,6696.47021484375,18123000
2026-03-16 17:10:00,6703.47998046875,6705.27978515625,6698.68994140625,6698.68994140625,19792000
2026-03-16 17:15:00,6702.2099609375,6703.64990234375,6698.9599609375,6703.35986328125,17071000
2026-03-16 17:20:00,6704.3701171875,6706.22021484375,6702.0400390625,6702.1201171875,20865000
2026-03-16 17:25:00,6701.7001953125,6706.22998046875,6701.080078125,6704.3701171875,19630000
2026-03-16 17:30:00,6700.2998046875,6704.66015625,6698.85986328125,6701.64013671875,19358000
2026-03-16 17:35:00,6699.16015625,6702.31982421875,6698.669921875,6700.31005859375,23862000
2026-03-16 17:40:00,6696.35986328125,6699.97998046875,6695.97998046875,6699.08984375,21072000
2026-03-16 17:45:00,6693.490234375,6701.330078125,6692.06982421875,6696.330078125,18977000
2026-03-16 17:50:00,6695.580078125,6697.35986328125,6689.5400390625,6693.47021484375,20588000
2026-03-16 17:55:00,6696.9599609375,6698.81982421875,6694.43994140625,6695.64013671875,18527000
2026-03-16 18:00:00,6700.740234375,6700.740234375,6696.2998046875,6696.919921875,22255000
2026-03-16 18:05:00,6704.5498046875,6706.52978515625,6699.8798828125,6700.77001953125,25733000
2026-03-16 18:10:00,6704.080078125,6706.25,6702.14990234375,6704.6201171875,19463000
2026-03-16 18:15:00,6707.58984375,6709.43017578125,6704.169921875,6704.259765625,23265000
2026-03-16 18:20:00,6708.77001953125,6709.85986328125,6706.22998046875,6707.66015625,27392000
2026-03-16 18:25:00,6707.27001953125,6709.64990234375,6705.56982421875,6708.85009765625,26203000
2026-03-16 18:30:00,6708.2900390625,6709.08984375,6706.25,6707.58984375,25290000
2026-03-16 18:35:00,6709.64990234375,6710.6201171875,6706.759765625,6708.39013671875,23109000
2026-03-16 18:40:00,6711.58984375,6711.66015625,6708.75,6709.91015625,22421000
2026-03-16 18:45:00,6710.81982421875,6712.47998046875,6710.169921875,6711.5400390625,21056000
2026-03-16 18:50:00,6707.0,6710.759765625,6707.0,6710.759765625,21469000
2026-03-16 18:55:00,6705.66015625,6707.06982421875,6704.81982421875,6707.06982421875,22162000
2026-03-16 19:00:00,6704.77001953125,6709.10009765625,6703.52001953125,6705.669921875,23851000
2026-03-16 19:05:00,6722.81005859375,6722.81005859375,6702.22021484375,6704.75,38314000
2026-03-16 19:10:00,6708.240234375,6729.7900390625,6705.990234375,6722.2998046875,52089000
2026-03-16 19:15:00,6703.97021484375,6712.39990234375,6703.93017578125,6707.85986328125,35164000
2026-03-16 19:20:00,6701.14990234375,6706.2099609375,6699.1201171875,6703.93017578125,36005000
2026-03-16 19:25:00,6700.97021484375,6703.7001953125,6696.27978515625,6701.31982421875,45635000
2026-03-16 19:30:00,6699.93017578125,6702.77978515625,6698.47998046875,6701.35986328125,38907000
2026-03-16 19:35:00,6699.169921875,6702.72998046875,6697.64990234375,6699.72021484375,38154000
2026-03-16 19:40:00,6695.25,6700.22998046875,6693.75,6699.2099609375,41396000
2026-03-16 19:45:00,6696.64990234375,6697.52978515625,6693.580078125,6695.2998046875,49477000
2026-03-16 19:50:00,6695.41015625,6699.16015625,6693.8701171875,6696.58984375,80599000
2026-03-16 19:55:00,6699.85009765625,6701.10986328125,6695.08984375,6695.08984375,185268000
2026-03-17 13:30:00,6743.740234375,6747.4501953125,6722.35009765625,6722.35009765625,0
2026-03-17 13:35:00,6747.259765625,6747.3798828125,6741.7900390625,6743.77001953125,50043535
2026-03-17 13:40:00,6745.259765625,6749.0,6744.7001953125,6747.919921875,43285383
2026-03-17 13:45:00,6752.91015625,6754.2998046875,6744.0,6745.169921875,47780968
2026-03-17 13:50:00,6750.56982421875,6752.830078125,6746.56982421875,6752.830078125,38878355
2026-03-17 13:55:00,6748.6201171875,6751.06005859375,6746.740234375,6750.580078125,33898424
2026-03-17 14:00:00,6741.7900390625,6748.93994140625,6740.06982421875,6748.93994140625,40994267
2026-03-17 14:05:00,6742.47021484375,6744.1201171875,6741.14990234375,6741.830078125,35375510
2026-03-17 14:10:00,6734.240234375,6742.740234375,6734.10986328125,6742.2998046875,36109763
2026-03-17 14:15:00,6734.35986328125,6734.4599609375,6725.52978515625,6733.5400390625,30996263
2026-03-17 14:20:00,6734.83984375,6737.93017578125,6732.9599609375,6734.7099609375,30722669
2026-03-17 14:25:00,6734.97998046875,6736.27978515625,6730.6201171875,6734.740234375,29870485
2026-03-17 14:30:00,6738.83984375,6739.77001953125,6731.60986328125,6734.83984375,27956864
2026-03-17 14:35:00,6734.52978515625,6741.47021484375,6733.2900390625,6739.02978515625,28077189
2026-03-17 14:40:00,6742.47021484375,6742.97021484375,6732.56982421875,6734.509765625,24421117
2026-03-17 14:45:00,6742.7001953125,6744.0400390625,6740.66015625,6742.259765625,24115313
2026-03-17 14:50:00,6740.97021484375,6743.22021484375,6739.81005859375,6742.8798828125,26285422
2026-03-17 14:55:00,6739.75,6742.8701171875,6739.009765625,6740.93017578125,23510852
2026-03-17 15:00:00,6734.490234375,6741.7900390625,6734.22998046875,6739.7998046875,25308754
2026-03-17 15:05:00,6727.81005859375,6734.93994140625,6727.7900390625,6734.60009765625,25471740
2026-03-17 15:10:00,6728.6201171875,6730.990234375,6726.490234375,6727.740234375,24109608
2026-03-17 15:15:00,6733.3798828125,6735.27001953125,6728.490234375,6728.580078125,24546761
2026-03-17 15:20:00,6730.18994140625,6735.14990234375,6726.1298828125,6733.490234375,28399153
2026-03-17 15:25:00,6726.72998046875,6734.41015625,6726.5498046875,6730.25,21333739
2026-03-17 15:30:00,6721.8701171875,6730.740234375,6721.81982421875,6726.60986328125,22926569
2026-03-17 15:35:00,6717.85986328125,6723.89990234375,6713.18994140625,6722.0498046875,26894334
2026-03-17 15:40:00,6721.490234375,6721.5,6715.7099609375,6717.68994140625,22149965
2026-03-17 15:45:00,6719.3798828125,6725.2998046875,6719.3798828125,6721.4501953125,22797475
2026-03-17 15:50:00,6723.22021484375,6724.759765625,6719.27978515625,6719.27978515625,20409017
2026-03-17 15:55:00,6720.39013671875,6723.93017578125,6718.31982421875,6723.1298828125,23254398
2026-03-17 16:00:00,6715.89013671875,6720.169921875,6713.02978515625,6720.169921875,22260452
2026-03-17 16:05:00,6715.830078125,6718.43017578125,6710.7998046875,6715.919921875,23813000
2026-03-17 16:10:00,6716.72021484375,6721.52001953125,6715.60986328125,6715.77978515625,20410000
2026-03-17 16:15:00,6723.64990234375,6723.7099609375,6715.5400390625,6716.77001953125,25196000
2026-03-17 16:20:00,6724.080078125,6724.66015625,6719.64990234375,6724.4599609375,21834000
2026-03-17 16:25:00,6721.759765625,6724.0,6719.4501953125,6724.0,19670000
2026-03-17 16:30:00,6720.4501953125,6723.31005859375,6717.60009765625,6721.81982421875,23848000
2026-03-17 16:35:00,6718.009765625,6723.7099609375,6716.8701171875,6720.5,19419000
2026-03-17 16:40:00,6723.830078125,6723.97998046875,6717.72021484375,6718.02978515625,18082000
2026-03-17 16:45:00,6722.68017578125,6725.27978515625,6721.75,6724.1298828125,22600000
2026-03-17 16:50:00,6721.81982421875,6723.56005859375,6720.759765625,6722.5400390625,18778000
2026-03-17 16:55:00,6719.06982421875,6723.25,6718.6201171875,6722.0400390625,21861000
2026-03-17 17:00:00,6727.8798828125,6728.419921875,6718.9501953125,6719.1201171875,22856000
2026-03-17 17:05:00,6727.85009765625,6728.4599609375,6725.85009765625,6727.8798828125,19824000
2026-03-17 17:10:00,6725.22998046875,6728.5,6722.47021484375,6727.830078125,20543000
2026-03-17 17:15:00,6723.85986328125,6725.22998046875,6722.66015625,6725.22998046875,19525000
2026-03-17 17:20:00,6724.2099609375,6725.43994140625,6721.33984375,6723.919921875,18336000
2026-03-17 17:25:00,6724.6298828125,6725.8798828125,6722.25,6724.2001953125,18339000
2026-03-17 17:30:00,6723.990234375,6726.419921875,6723.18994140625,6724.64013671875,18138000
2026-03-17 17:35:00,6728.56005859375,6728.97998046875,6723.8798828125,6723.9501953125,19124000
2026-03-17 17:40:00,6722.0,6728.8701171875,6722.0,6728.580078125,18206000
2026-03-17 17:45:00,6722.85009765625,6724.1201171875,6720.35986328125,6722.41015625,17698000
2026-03-17 17:50:00,6727.5498046875,6728.1201171875,6721.2998046875,6722.85986328125,20107000
2026-03-17 17:55:00,6726.35986328125,6727.93994140625,6725.990234375,6727.64013671875,18307000
2026-03-17 18:00:00,6728.68017578125,6729.10986328125,6723.759765625,6726.39013671875,22564000
2026-03-17 18:05:00,6731.43017578125,6731.43017578125,6726.5,6728.740234375,20562000
2026-03-17 18:10:00,6728.41015625,6731.77978515625,6728.35009765625,6731.419921875,20027000
2026-03-17 18:15:00,6727.35986328125,6728.9501953125,6726.7001953125,6728.259765625,19868000
2026-03-17 18:20:00,6719.39013671875,6727.31982421875,6719.39013671875,6727.31982421875,23099000
2026-03-17 18:25:00,6718.919921875,6721.47998046875,6718.52001953125,6719.3798828125,21098000
2026-03-17 18:30:00,6720.47998046875,6720.85986328125,6717.2099609375,6718.89990234375,22733000
2026-03-17 18:35:00,6720.3798828125,6721.580078125,6718.75,6720.43017578125,23441000
2026-03-17 18:40:00,6717.9501953125,6721.56982421875,6717.6201171875,6720.27978515625,23311000
2026-03-17 18:45:00,6720.72021484375,6721.10009765625,6717.759765625,6717.89990234375,27098000
2026-03-17 18:50:00,6723.68994140625,6723.93017578125,6718.52978515625,6720.66015625,24051000
2026-03-17 18:55:00,6720.2099609375,6723.740234375,6717.990234375,6723.740234375,23784000
2026-03-17 19:00:00,6719.509765625,6722.33984375,6718.830078125,6720.35986328125,27119000
2026-03-17 19:05:00,6719.02001953125,6719.4501953125,6715.5498046875,6719.4501953125,26881000
2026-03-17 19:10:00,6721.0,6721.06982421875,6719.06982421875,6719.080078125,25686000
2026-03-17 19:15:00,6723.43994140625,6724.740234375,6720.7099609375,6721.06005859375,28271000
2026-03-17 19:20:00,6720.919921875,6723.58984375,6720.31005859375,6723.52978515625,26558000
2026-03-17 19:25:00,6719.93017578125,6721.18994140625,6719.06005859375,6720.9599609375,32817000
2026-03-17 19:30:00,6718.93017578125,6721.89013671875,6718.33984375,6719.97021484375,35940000
2026-03-17 19:35:00,6719.009765625,6720.3701171875,6718.6298828125,6718.97998046875,34734000
2026-03-17 19:40:00,6717.6298828125,6720.25,6716.91015625,6719.0,39485000
2026-03-17 19:45:00,6720.89990234375,6720.93994140625,6717.64013671875,6717.64013671875,47628000
2026-03-17 19:50:00,6721.419921875,6721.419921875,6715.47998046875,6720.77978515625,81261000
2026-03-17 19:55:00,6717.18994140625,6721.43017578125,6713.77978515625,6721.43017578125,192742000
2026-03-18 13:30:00,6696.89013671875,6699.1298828125,6688.97021484375,6697.16015625,0
2026-03-18 13:35:00,6700.02978515625,6701.830078125,6696.4599609375,6697.47998046875,41776139
2026-03-18 13:40:00,6696.169921875,6704.990234375,6693.1298828125,6700.490234375,42844260
2026-03-18 13:45:00,6700.5498046875,6705.18017578125,6695.5400390625,6696.68994140625,39675297
2026-03-18 13:50:00,6696.89013671875,6701.93994140625,6695.60009765625,6700.5498046875,36297386
2026-03-18 13:55:00,6701.75,6701.75,6693.5,6696.7001953125,32872080
2026-03-18 14:00:00,6694.27978515625,6703.14013671875,6689.60986328125,6702.27001953125,36432112
2026-03-18 14:05:00,6699.0498046875,6702.77978515625,6691.83984375,6694.25,33961093
2026-03-18 14:10:00,6681.43017578125,6698.64013671875,6681.43017578125,6698.64013671875,37644400
2026-03-18 14:15:00,6684.81005859375,6686.669921875,6680.97021484375,6681.31005859375,31029462
2026-03-18 14:20:00,6682.1298828125,6685.97998046875,6681.91015625,6684.85986328125,24731133
2026-03-18 14:25:00,6669.25,6682.60009765625,6667.31982421875,6682.16015625,32948007
2026-03-18 14:30:00,6671.31982421875,6677.990234375,6668.89013671875,6669.3701171875,28764609
2026-03-18 14:35:00,6670.7998046875,6674.5,6669.1201171875,6671.4501953125,25726984
2026-03-18 14:40:00,6668.4599609375,6671.06982421875,6666.830078125,6670.68994140625,25993846
2026-03-18 14:45:00,6667.759765625,6673.1201171875,6666.52001953125,6668.31982421875,24829579
2026-03-18 14:50:00,6671.740234375,6672.93017578125,6667.93994140625,6667.93994140625,24405679
2026-03-18 14:55:00,6680.02001953125,6680.0498046875,6671.22998046875,6671.7099609375,25953204
2026-03-18 15:00:00,6680.5,6685.77978515625,6677.06005859375,6679.81982421875,30868068
2026-03-18 15:05:00,6689.02978515625,6689.02978515625,6680.5400390625,6680.60986328125,28172116
2026-03-18 15:10:00,6684.52001953125,6689.22021484375,6683.47021484375,6689.08984375,25839057
2026-03-18 15:15:00,6678.31982421875,6686.1201171875,6677.83984375,6684.490234375,23249409
2026-03-18 15:20:00,6680.5,6680.5,6673.830078125,6678.35009765625,24197954
2026-03-18 15:25:00,6678.81005859375,6681.72998046875,6678.7998046875,6680.580078125,22375665
2026-03-18 15:30:00,6683.02978515625,6685.22998046875,6678.0498046875,6678.81005859375,22394647
2026-03-18 15:35:00,6683.259765625,6684.60986328125,6680.6298828125,6683.08984375,23165386
2026-03-18 15:40:00,6680.7900390625,6683.43994140625,6677.43994140625,6683.240234375,22207003
2026-03-18 15:45:00,6677.8701171875,6682.39013671875,6676.9599609375,6680.81982421875,20764858
2026-03-18 15:50:00,6681.4599609375,6681.4599609375,6676.10986328125,6677.77001953125,20070467
2026-03-18 15:55:00,6679.7900390625,6683.2099609375,6678.39013671875,6681.77978515625,20668038
2026-03-18 16:00:00,6677.56982421875,6679.72998046875,6674.6201171875,6679.72998046875,20951343
2026-03-18 16:05:00,6676.509765625,6679.0400390625,6675.68017578125,6677.81982421875,18348310
2026-03-18 16:10:00,6682.08984375,6682.93017578125,6674.64990234375,6676.47021484375,17559166
2026-03-18 16:15:00,6681.8798828125,6682.56005859375,6678.1298828125,6682.2099609375,18146000
2026-03-18 16:20:00,6682.72998046875,6684.14990234375,6681.7001953125,6682.330078125,18085000
2026-03-18 16:25:00,6680.580078125,6683.02001953125,6679.7998046875,6682.81005859375,22207000
2026-03-18 16:30:00,6672.6201171875,6681.52001953125,6672.259765625,6680.31005859375,24452000
2026-03-18 16:35:00,6675.66015625,6676.35986328125,6667.75,6672.52978515625,23922000
2026-03-18 16:40:00,6674.39990234375,6677.1201171875,6673.08984375,6675.85986328125,18477000
2026-03-18 16:45:00,6675.33984375,6675.7900390625,6672.1298828125,6674.5400390625,16726000
2026-03-18 16:50:00,6679.2099609375,6679.85009765625,6673.56005859375,6675.35009765625,17853000
2026-03-18 16:55:00,6675.25,6680.509765625,6674.1201171875,6679.16015625,18601000
2026-03-18 17:00:00,6671.85009765625,6675.509765625,6667.60009765625,6675.14013671875,21470000
2026-03-18 17:05:00,6668.7099609375,6672.919921875,6668.2998046875,6671.85009765625,17832000
2026-03-18 17:10:00,6665.39990234375,6669.7001953125,6663.85986328125,6668.6201171875,17432000
2026-03-18 17:15:00,6668.64990234375,6668.93017578125,6664.08984375,6665.47021484375,19110000
2026-03-18 17:20:00,6669.58984375,6669.83984375,6667.7001953125,6668.68017578125,17775000
2026-03-18 17:25:00,6667.47021484375,6669.75,6666.5,6669.68017578125,15980000
2026-03-18 17:30:00,6668.990234375,6668.990234375,6662.85986328125,6667.52978515625,18858000
2026-03-18 17:35:00,6672.8701171875,6673.72021484375,6669.02001953125,6669.02001953125,18924000
2026-03-18 17:40:00,6668.60986328125,6672.83984375,6667.4599609375,6672.83984375,19250000
2026-03-18 17:45:00,6670.58984375,6674.85986328125,6668.27978515625,6668.60009765625,23139000
2026-03-18 17:50:00,6674.0,6674.0,6668.5,6670.6298828125,19342000
2026-03-18 17:55:00,6675.81005859375,6677.27001953125,6672.33984375,6674.02001953125,17460000
2026-03-18 18:00:00,6680.27001953125,6682.740234375,6674.669921875,6676.0498046875,34725000
2026-03-18 18:05:00,6674.4599609375,6680.14013671875,6673.9599609375,6680.14013671875,24538000
2026-03-18 18:10:00,6674.60009765625,6676.25,6671.60009765625,6674.509765625,22188000
2026-03-18 18:15:00,6666.10986328125,6674.6298828125,6663.66015625,6674.580078125,28856000
2026-03-18 18:20:00,6666.68994140625,6668.4501953125,6663.490234375,6666.06005859375,20528000
2026-03-18 18:25:00,6670.18994140625,6670.580078125,6665.47021484375,6666.72021484375,19561000
2026-03-18 18:30:00,6656.2998046875,6671.64013671875,6656.2998046875,6670.3798828125,29527000
2026-03-18 18:35:00,6657.41015625,6669.169921875,6655.08984375,6656.2900390625,33964000
2026-03-18 18:40:00,6659.330078125,6663.33984375,6654.2099609375,6657.2998046875,38209000
2026-03-18 18:45:00,6655.85009765625,6659.2900390625,6655.47998046875,6659.2900390625,25194000
2026-03-18 18:50:00,6644.9501953125,6655.9599609375,6644.08984375,6655.9599609375,31864000
2026-03-18 18:55:00,6643.35009765625,6648.18994140625,6643.009765625,6644.9501953125,30265000
2026-03-18 19:00:00,6652.77978515625,6652.77978515625,6642.33984375,6643.240234375,31611000
2026-03-18 19:05:00,6653.41015625,6655.77001953125,6650.41015625,6652.91015625,32693000
2026-03-18 19:10:00,6648.4501953125,6653.490234375,6646.009765625,6653.490234375,30137000
2026-03-18 19:15:00,6643.02001953125,6649.10986328125,6643.02001953125,6648.43994140625,32157000
2026-03-18 19:20:00,6636.8701171875,6643.419921875,6636.5498046875,6642.919921875,33315000
2026-03-18 19:25:00,6638.06982421875,6640.4501953125,6636.16015625,6636.81005859375,31500000
2026-03-18 19:30:00,6639.85009765625,6640.68994140625,6635.490234375,6638.10009765625,39201000
2026-03-18 19:35:00,6634.240234375,6639.759765625,6633.2001953125,6639.64013671875,39175000
2026-03-18 19:40:00,6628.8798828125,6635.02001953125,6626.89990234375,6634.16015625,46637000
2026-03-18 19:45:00,6627.33984375,6630.009765625,6625.1201171875,6628.97998046875,54017000
2026-03-18 19:50:00,6629.33984375,6631.83984375,6627.330078125,6627.330078125,87510000
2026-03-18 19:55:00,6624.3798828125,6629.72998046875,6621.66015625,6629.35986328125,197988000
2026-03-19 13:30:00,6567.97998046875,6583.1201171875,6557.81982421875,6583.1201171875,0
2026-03-19 13:35:00,6569.47998046875,6573.35009765625,6561.240234375,6568.240234375,57306106
2026-03-19 13:40:00,6581.0498046875,6583.1201171875,6568.740234375,6569.669921875,56757291
2026-03-19 13:45:00,6586.06982421875,6586.06982421875,6574.5498046875,6580.990234375,48529481
2026-03-19 13:50:00,6596.009765625,6596.669921875,6584.85986328125,6586.27978515625,43827509
2026-03-19 13:55:00,6593.6201171875,6595.97998046875,6586.580078125,6595.97998046875,39271869
2026-03-19 14:00:00,6590.81982421875,6598.93994140625,6590.740234375,6594.14013671875,45384628
2026-03-19 14:05:00,6589.8701171875,6596.81005859375,6589.25,6591.419921875,40054139
2026-03-19 14:10:00,6589.97021484375,6602.72021484375,6588.60009765625,6590.52001953125,42588943
2026-03-19 14:15:00,6584.4501953125,6591.43017578125,6581.2099609375,6589.89013671875,38075250
2026-03-19 14:20:00,6576.93017578125,6588.83984375,6576.1201171875,6584.56005859375,34192560
2026-03-19 14:25:00,6571.64013671875,6579.4599609375,6569.33984375,6576.93994140625,31273204
2026-03-19 14:30:00,6592.77978515625,6592.919921875,6571.10986328125,6571.6298828125,37605175
2026-03-19 14:35:00,6582.47998046875,6598.0,6579.93017578125,6592.669921875,32877357
2026-03-19 14:40:00,6583.27001953125,6590.7001953125,6581.56982421875,6582.27978515625,27162230
2026-03-19 14:45:00,6587.10009765625,6587.10009765625,6579.9599609375,6583.080078125,27044889
2026-03-19 14:50:00,6585.5498046875,6591.830078125,6584.22998046875,6587.77001953125,31700780
2026-03-19 14:55:00,6587.14990234375,6591.47998046875,6582.009765625,6586.14013671875,26583766
2026-03-19 15:00:00,6593.16015625,6593.16015625,6583.9599609375,6586.490234375,31800415
2026-03-19 15:05:00,6596.77978515625,6604.93017578125,6592.43017578125,6593.3798828125,34524537
2026-03-19 15:10:00,6601.47998046875,6601.77978515625,6595.419921875,6596.64013671875,28099729
2026-03-19 15:15:00,6589.509765625,6604.39990234375,6589.25,6601.7998046875,28974462
2026-03-19 15:20:00,6583.56982421875,6591.47998046875,6583.3701171875,6589.68994140625,26836964
2026-03-19 15:25:00,6585.89013671875,6587.31005859375,6580.7998046875,6583.5498046875,25338393
2026-03-19 15:30:00,6576.27978515625,6585.75,6576.27978515625,6585.75,27865942
2026-03-19 15:35:00,6575.68994140625,6579.06005859375,6572.16015625,6576.2099609375,25811000
2026-03-19 15:40:00,6573.89990234375,6580.009765625,6573.7900390625,6576.3701171875,24802000
2026-03-19 15:45:00,6578.56005859375,6579.93994140625,6570.72998046875,6573.81982421875,23860000
2026-03-19 15:50:00,6575.240234375,6579.7099609375,6574.89013671875,6578.43994140625,23595000
2026-03-19 15:55:00,6586.7001953125,6586.85009765625,6575.14013671875,6575.14013671875,29487000
2026-03-19 16:00:00,6591.669921875,6596.990234375,6583.25,6586.81005859375,28153000
2026-03-19 16:05:00,6593.2001953125,6598.169921875,6590.81982421875,6591.759765625,26632000
2026-03-19 16:10:00,6585.89013671875,6593.35986328125,6585.10986328125,6593.240234375,24535000
2026-03-19 16:15:00,6584.27001953125,6588.2998046875,6582.43017578125,6586.06005859375,23131000
2026-03-19 16:20:00,6583.35009765625,6586.66015625,6580.2001953125,6584.22021484375,24717000
2026-03-19 16:25:00,6588.43017578125,6588.9501953125,6582.93017578125,6583.5498046875,26302000
2026-03-19 16:30:00,6587.08984375,6589.25,6583.6298828125,6588.02001953125,26691000
2026-03-19 16:35:00,6588.330078125,6588.64013671875,6581.64990234375,6587.18017578125,24127000
2026-03-19 16:40:00,6590.39013671875,6594.919921875,6587.47021484375,6588.41015625,22357000
2026-03-19 16:45:00,6584.5400390625,6590.89013671875,6583.68994140625,6590.2998046875,23282000
2026-03-19 16:50:00,6578.9501953125,6584.5400390625,6574.85009765625,6584.47998046875,25096000
2026-03-19 16:55:00,6580.240234375,6580.8701171875,6576.41015625,6578.8798828125,20890000
2026-03-19 17:00:00,6574.009765625,6581.1298828125,6574.009765625,6580.169921875,23191000
2026-03-19 17:05:00,6566.39990234375,6575.22021484375,6565.52978515625,6573.89990234375,24121000
2026-03-19 17:10:00,6566.490234375,6570.14013671875,6564.68017578125,6566.39013671875,21227000
2026-03-19 17:15:00,6576.8701171875,6577.0498046875,6565.3798828125,6566.47998046875,20514000
2026-03-19 17:20:00,6580.18994140625,6583.02001953125,6574.31982421875,6576.93017578125,21565000
2026-03-19 17:25:00,6579.66015625,6582.97998046875,6578.47021484375,6580.2001953125,21668000
2026-03-19 17:30:00,6576.52001953125,6582.81005859375,6575.22998046875,6579.56982421875,24859000
2026-03-19 17:35:00,6571.89013671875,6576.6298828125,6571.89013671875,6576.2998046875,19320000
2026-03-19 17:40:00,6573.5400390625,6575.22021484375,6570.169921875,6571.830078125,22294000
2026-03-19 17:45:00,6575.2900390625,6576.41015625,6571.89990234375,6573.5498046875,18977000
2026-03-19 17:50:00,6585.830078125,6586.6298828125,6575.240234375,6575.35986328125,22837000
2026-03-19 17:55:00,6580.89013671875,6585.7099609375,6580.2900390625,6585.7099609375,20525000
2026-03-19 18:00:00,6575.759765625,6580.89013671875,6575.1201171875,6580.75,22184000
2026-03-19 18:05:00,6580.6201171875,6582.3701171875,6575.35986328125,6575.7001953125,21723000
2026-03-19 18:10:00,6591.7099609375,6593.64013671875,6580.72021484375,6580.72021484375,26684000
2026-03-19 18:15:00,6589.4599609375,6592.7998046875,6585.7900390625,6591.7099609375,25023000
2026-03-19 18:20:00,6586.58984375,6590.77001953125,6585.3798828125,6589.52978515625,24293000
2026-03-19 18:25:00,6580.35009765625,6587.22021484375,6580.35009765625,6586.52978515625,22062000
2026-03-19 18:30:00,6579.25,6580.89990234375,6577.02001953125,6580.1201171875,22638000
2026-03-19 18:35:00,6576.1201171875,6581.2900390625,6574.22021484375,6579.56982421875,21567000
2026-03-19 18:40:00,6573.31005859375,6576.81982421875,6572.18994140625,6576.08984375,23034000
2026-03-19 18:45:00,6574.72021484375,6576.1201171875,6572.3701171875,6573.2099609375,25411000
2026-03-19 18:50:00,6578.08984375,6578.27001953125,6571.85009765625,6574.81005859375,22128000
2026-03-19 18:55:00,6592.5498046875,6595.47021484375,6577.18017578125,6578.1201171875,32370000
2026-03-19 19:00:00,6611.93994140625,6614.4599609375,6592.64013671875,6592.81005859375,43786000
2026-03-19 19:05:00,6626.81005859375,6636.740234375,6612.169921875,6612.169921875,56933000
2026-03-19 19:10:00,6626.89990234375,6634.33984375,6616.1201171875,6626.27978515625,48373000
2026-03-19 19:15:00,6627.72998046875,6630.02978515625,6620.85986328125,6626.83984375,40067000
2026-03-19 19:20:00,6615.8798828125,6627.240234375,6613.89013671875,6627.08984375,34330000
2026-03-19 19:25:00,6610.4501953125,6615.47998046875,6605.830078125,6615.47998046875,37093000
2026-03-19 19:30:00,6608.47998046875,6615.0400390625,6606.93017578125,6610.60009765625,39124000
2026-03-19 19:35:00,6611.580078125,6611.580078125,6599.31982421875,6608.1298828125,41786000
2026-03-19 19:40:00,6611.06982421875,6614.14990234375,6608.16015625,6611.60009765625,41200000
2026-03-19 19:45:00,6608.1298828125,6612.7099609375,6606.85009765625,6611.080078125,51482000
2026-03-19 19:50:00,6605.60986328125,6609.68017578125,6603.8798828125,6608.06982421875,86728000
2026-03-19 19:55:00,6606.2001953125,6610.4599609375,6604.759765625,6605.490234375,198268000
2026-03-20 13:30:00,6578.35986328125,6594.66015625,6576.97021484375,6594.66015625,0
2026-03-20 13:35:00,6575.56982421875,6581.91015625,6574.18994140625,6578.60986328125,54250649
2026-03-20 13:40:00,6589.2998046875,6589.43994140625,6574.56005859375,6575.60986328125,50264378
2026-03-20 13:45:00,6582.6201171875,6593.2001953125,6581.60986328125,6589.31982421875,48838243
2026-03-20 13:50:00,6572.22021484375,6582.77001953125,6566.72021484375,6582.77001953125,42408169
2026-03-20 13:55:00,6558.759765625,6572.93017578125,6556.77978515625,6572.06005859375,42076876
2026-03-20 14:00:00,6557.56005859375,6561.5498046875,6552.0400390625,6558.4599609375,44954403
2026-03-20 14:05:00,6555.35986328125,6563.52978515625,6552.2001953125,6557.2099609375,39275436
2026-03-20 14:10:00,6542.919921875,6558.58984375,6540.81982421875,6555.10009765625,43393367
2026-03-20 14:15:00,6547.89990234375,6551.02001953125,6542.1201171875,6543.0498046875,38100988
2026-03-20 14:20:00,6547.43017578125,6549.259765625,6541.72998046875,6547.93017578125,34715156
2026-03-20 14:25:00,6545.5,6548.27978515625,6542.75,6547.18994140625,34811676
2026-03-20 14:30:00,6558.16015625,6558.16015625,6545.240234375,6545.240234375,36214596
2026-03-20 14:35:00,6552.419921875,6560.72021484375,6546.740234375,6558.240234375,41855034
2026-03-20 14:40:00,6550.759765625,6553.97021484375,6549.330078125,6552.169921875,29954000
2026-03-20 14:45:00,6553.89990234375,6554.35009765625,6549.0400390625,6550.60986328125,30756000
2026-03-20 14:50:00,6539.0,6554.60009765625,6538.4501953125,6554.009765625,33948000
2026-03-20 14:55:00,6547.81005859375,6552.33984375,6539.10009765625,6539.10009765625,32175000
2026-03-20 15:00:00,6546.2998046875,6556.2900390625,6543.580078125,6547.509765625,34489000
2026-03-20 15:05:00,6548.77001953125,6550.85009765625,6543.66015625,6546.60986328125,27165000
2026-03-20 15:10:00,6557.18017578125,6557.93994140625,6548.27978515625,6548.7099609375,34511000
2026-03-20 15:15:00,6547.93017578125,6557.72021484375,6547.56005859375,6557.39990234375,31593000
2026-03-20 15:20:00,6551.509765625,6566.31005859375,6545.580078125,6547.75,38645000
2026-03-20 15:25:00,6545.81982421875,6552.33984375,6541.93994140625,6551.22021484375,28394000
2026-03-20 15:30:00,6551.6201171875,6553.18994140625,6544.35009765625,6545.830078125,25333000
2026-03-20 15:35:00,6550.16015625,6553.990234375,6547.10009765625,6551.91015625,25767000
2026-03-20 15:40:00,6552.10009765625,6553.9501953125,6547.22998046875,6549.75,24504000
2026-03-20 15:45:00,6551.56005859375,6552.52978515625,6547.1298828125,6552.2998046875,24065000
2026-03-20 15:50:00,6555.080078125,6555.10986328125,6547.330078125,6551.39990234375,22647000
2026-03-20 15:55:00,6555.89013671875,6557.81005859375,6552.169921875,6555.169921875,27168000
2026-03-20 16:00:00,6562.7001953125,6564.25,6554.56005859375,6555.93017578125,23666000
2026-03-20 16:05:00,6558.1201171875,6562.66015625,6555.25,6562.66015625,26109000
2026-03-20 16:10:00,6559.91015625,6562.25,6557.580078125,6558.02978515625,21417000
2026-03-20 16:15:00,6564.02978515625,6564.02978515625,6555.66015625,6559.990234375,23744000
2026-03-20 16:20:00,6562.5,6565.60009765625,6561.58984375,6564.0,23545000
2026-03-20 16:25:00,6557.27978515625,6562.6201171875,6556.330078125,6562.4501953125,26718000
2026-03-20 16:30:00,6552.2001953125,6557.27978515625,6546.31005859375,6557.27978515625,25997000
2026-03-20 16:35:00,6550.669921875,6554.0498046875,6548.1298828125,6552.1298828125,22306000
2026-03-20 16:40:00,6551.39990234375,6553.47021484375,6549.68994140625,6550.509765625,20709000
2026-03-20 16:45:00,6550.18017578125,6551.93017578125,6546.93017578125,6551.419921875,23432000
2026-03-20 16:50:00,6551.60986328125,6552.58984375,6545.9599609375,6550.10986328125,23440000
2026-03-20 16:55:00,6553.56982421875,6559.1298828125,6551.330078125,6551.6201171875,20695000
2026-03-20 17:00:00,6557.509765625,6557.68017578125,6553.43017578125,6553.43017578125,19484000
2026-03-20 17:05:00,6554.419921875,6557.9501953125,6544.740234375,6557.35009765625,28728000
2026-03-20 17:10:00,6549.64990234375,6556.27978515625,6549.18017578125,6554.41015625,18570000
2026-03-20 17:15:00,6548.06005859375,6551.4599609375,6546.9501953125,6549.60986328125,23758000
2026-03-20 17:20:00,6549.9501953125,6552.83984375,6547.22998046875,6548.0498046875,19016000
2026-03-20 17:25:00,6547.6201171875,6550.25,6546.2998046875,6549.8798828125,23270000
2026-03-20 17:30:00,6540.58984375,6548.8798828125,6539.68994140625,6547.6201171875,26273000
2026-03-20 17:35:00,6540.490234375,6543.3798828125,6533.06005859375,6540.6201171875,26591000
2026-03-20 17:40:00,6536.85009765625,6542.7998046875,6535.97021484375,6540.4599609375,21380000
2026-03-20 17:45:00,6534.08984375,6537.8701171875,6532.25,6537.0,22165000
2026-03-20 17:50:00,6539.22021484375,6540.39990234375,6532.97998046875,6533.9501953125,21583000
2026-03-20 17:55:00,6540.33984375,6542.25,6538.60009765625,6539.25,23055000
2026-03-20 18:00:00,6534.31982421875,6542.41015625,6534.31982421875,6540.259765625,24433000
2026-03-20 18:05:00,6534.830078125,6537.4599609375,6532.14013671875,6534.35009765625,26313000
2026-03-20 18:10:00,6531.9599609375,6534.66015625,6529.93017578125,6534.66015625,23757000
2026-03-20 18:15:00,6529.97021484375,6532.9501953125,6527.77978515625,6531.93994140625,24965000
2026-03-20 18:20:00,6515.0400390625,6532.10009765625,6513.47021484375,6530.3798828125,40721000
2026-03-20 18:25:00,6519.8798828125,6523.240234375,6515.35009765625,6515.35009765625,29002000
2026-03-20 18:30:00,6515.759765625,6521.52978515625,6515.2998046875,6520.02978515625,30873000
2026-03-20 18:35:00,6509.330078125,6516.2099609375,6507.93017578125,6515.7001953125,29509000
2026-03-20 18:40:00,6507.27978515625,6512.009765625,6506.509765625,6509.419921875,29873000
2026-03-20 18:45:00,6505.1298828125,6509.27978515625,6503.72998046875,6507.43017578125,30722000
2026-03-20 18:50:00,6505.43994140625,6507.60986328125,6502.9501953125,6505.14990234375,27276000
2026-03-20 18:55:00,6506.06982421875,6507.169921875,6502.18017578125,6505.47998046875,31613000
2026-03-20 19:00:00,6506.97998046875,6511.759765625,6506.18994140625,6506.18994140625,35128000
2026-03-20 19:05:00,6505.27001953125,6507.75,6502.080078125,6507.240234375,35134000
2026-03-20 19:10:00,6503.6201171875,6505.3798828125,6499.31982421875,6505.2099609375,36285000
2026-03-20 19:15:00,6505.68994140625,6505.68994140625,6501.830078125,6503.43017578125,32781000
2026-03-20 19:20:00,6494.58984375,6505.72021484375,6494.22998046875,6505.72021484375,36396000
2026-03-20 19:25:00,6496.68017578125,6498.33984375,6494.02978515625,6494.759765625,44626000
2026-03-20 19:30:00,6487.4599609375,6499.14990234375,6487.10986328125,6496.7099609375,51431000
2026-03-20 19:35:00,6480.7099609375,6488.56005859375,6473.52001953125,6487.5498046875,58996000
2026-03-20 19:40:00,6494.68017578125,6495.25,6480.14013671875,6481.06982421875,59179000
2026-03-20 19:45:00,6485.580078125,6494.580078125,6484.490234375,6494.580078125,75565000
2026-03-20 19:50:00,6504.52001953125,6504.7099609375,6484.990234375,6485.72998046875,137644000
2026-03-20 19:55:00,6508.31982421875,6509.0,6504.35986328125,6504.35986328125,304716000
