Datetime,Close,High,Low,Open,Volume
2026-01-08 05:00:00,56.27999877929688,56.33000183105469,56.27000045776367,56.27999877929688,392
2026-01-08 05:30:00,56.2599983215332,56.27999877929688,56.209999084472656,56.27999877929688,1183
2026-01-08 06:00:00,56.150001525878906,56.25,56.09000015258789,56.25,1254
2026-01-08 06:30:00,56.2599983215332,56.27000045776367,56.13999938964844,56.13999938964844,1084
2026-01-08 07:00:00,56.220001220703125,56.290000915527344,56.18000030517578,56.25,893
2026-01-08 07:30:00,56.16999816894531,56.2400016784668,56.130001068115234,56.209999084472656,775
2026-01-08 08:00:00,56.09999847412109,56.16999816894531,56.040000915527344,56.15999984741211,4184
2026-01-08 08:30:00,56.18999862670898,56.20000076293945,55.970001220703125,56.09999847412109,3738
2026-01-08 09:00:00,56.25,56.31999969482422,56.060001373291016,56.18000030517578,3627
2026-01-08 09:30:00,56.43000030517578,56.52000045776367,56.25,56.2599983215332,3209
2026-01-08 10:00:00,56.52999877929688,56.59000015258789,56.38999938964844,56.41999816894531,3171
2026-01-08 10:30:00,56.650001525878906,56.70000076293945,56.5099983215332,56.52999877929688,2827
2026-01-08 11:00:00,56.709999084472656,56.720001220703125,56.58000183105469,56.63999938964844,3761
2026-01-08 11:30:00,56.84000015258789,56.91999816894531,56.68999862670898,56.709999084472656,4971
2026-01-08 12:00:00,56.84999847412109,56.900001525878906,56.790000915527344,56.84000015258789,4142
2026-01-08 12:30:00,56.88999938964844,56.93999862670898,56.810001373291016,56.86000061035156,7296
2026-01-08 13:00:00,56.880001068115234,56.959999084472656,56.77000045776367,56.88999938964844,9213
2026-01-08 13:30:00,57.06999969482422,57.18000030517578,56.880001068115234,56.880001068115234,10700
2026-01-08 14:00:00,57.060001373291016,57.18000030517578,56.97999954223633,57.06999969482422,14877
2026-01-08 14:30:00,56.970001220703125,57.22999954223633,56.90999984741211,57.060001373291016,15869
2026-01-08 15:00:00,56.83000183105469,57.04999923706055,56.790000915527344,56.959999084472656,12191
2026-01-08 15:30:00,56.86000061035156,56.880001068115234,56.7400016784668,56.83000183105469,10396
2026-01-08 16:00:00,56.9900016784668,57.06999969482422,56.84999847412109,56.869998931884766,9843
2026-01-08 16:30:00,57.06999969482422,57.15999984741211,56.959999084472656,56.9900016784668,11664
2026-01-08 17:00:00,57.18000030517578,57.20000076293945,57.040000915527344,57.060001373291016,6606
2026-01-08 17:30:00,57.290000915527344,57.36000061035156,57.150001525878906,57.18000030517578,11043
2026-01-08 18:00:00,57.380001068115234,57.43000030517578,57.25,57.27999877929688,11296
2026-01-08 18:30:00,57.68999862670898,57.709999084472656,57.31999969482422,57.380001068115234,21339
2026-01-08 19:00:00,57.75,57.810001373291016,57.540000915527344,57.70000076293945,47123
2026-01-08 19:30:00,58.20000076293945,58.2599983215332,57.720001220703125,57.75,20353
2026-01-08 20:00:00,58.369998931884766,58.400001525878906,58.20000076293945,58.20000076293945,6959
2026-01-08 20:30:00,58.59000015258789,58.66999816894531,58.34000015258789,58.380001068115234,8557
2026-01-08 21:00:00,58.630001068115234,58.7400016784668,58.52000045776367,58.59000015258789,4804
2026-01-08 21:30:00,58.400001525878906,58.650001525878906,58.36000061035156,58.63999938964844,6307
2026-01-08 23:00:00,58.34999847412109,58.45000076293945,58.27000045776367,58.400001525878906,1011
2026-01-08 23:30:00,58.27999877929688,58.40999984741211,58.27000045776367,58.36000061035156,1079
2026-01-09 00:00:00,58.22999954223633,58.29999923706055,58.220001220703125,58.27999877929688,901
2026-01-09 00:30:00,58.220001220703125,58.290000915527344,58.220001220703125,58.2400016784668,823
2026-01-09 01:00:00,58.06999969482422,58.25,57.97999954223633,58.2400016784668,4996
2026-01-09 01:30:00,58.09999847412109,58.11000061035156,58.0099983215332,58.08000183105469,1517
2026-01-09 02:00:00,58.13999938964844,58.18999862670898,58.09999847412109,58.09999847412109,1070
2026-01-09 02:30:00,58.150001525878906,58.16999816894531,58.09999847412109,58.13999938964844,763
2026-01-09 03:00:00,58.040000915527344,58.150001525878906,58.0099983215332,58.150001525878906,949
2026-01-09 03:30:00,58.11000061035156,58.11000061035156,58.0,58.02999877929688,1245
2026-01-09 04:00:00,58.13999938964844,58.15999984741211,58.04999923706055,58.11000061035156,823
2026-01-09 04:30:00,58.18000030517578,58.209999084472656,58.150001525878906,58.150001525878906,1031
2026-01-09 05:00:00,58.13999938964844,58.18999862670898,58.09999847412109,58.18000030517578,423
2026-01-09 05:30:00,58.16999816894531,58.2599983215332,58.130001068115234,58.13999938964844,1073
2026-01-09 06:00:00,58.34000015258789,58.36000061035156,58.150001525878906,58.15999984741211,1310
2026-01-09 06:30:00,58.33000183105469,58.369998931884766,58.290000915527344,58.33000183105469,1698
2026-01-09 07:00:00,58.5,58.52000045776367,58.33000183105469,58.34000015258789,2099
2026-01-09 07:30:00,58.33000183105469,58.52999877929688,58.27000045776367,58.5099983215332,1833
2026-01-09 08:00:00,58.18999862670898,58.34999847412109,58.16999816894531,58.33000183105469,3362
2026-01-09 08:30:00,58.16999816894531,58.34000015258789,58.150001525878906,58.18999862670898,5852
2026-01-09 09:00:00,57.95000076293945,58.27000045776367,57.93999862670898,58.18000030517578,4654
2026-01-09 09:30:00,57.91999816894531,57.970001220703125,57.61000061035156,57.959999084472656,12714
2026-01-09 10:00:00,57.88999938964844,58.040000915527344,57.86000061035156,57.91999816894531,5322
2026-01-09 10:30:00,58.08000183105469,58.119998931884766,57.88999938964844,57.900001525878906,3299
2026-01-09 11:00:00,58.20000076293945,58.2599983215332,58.09999847412109,58.09999847412109,2614
2026-01-09 11:30:00,58.290000915527344,58.31999969482422,58.18999862670898,58.209999084472656,2969
2026-01-09 12:00:00,58.27000045776367,58.31999969482422,58.220001220703125,58.27999877929688,2110
2026-01-09 12:30:00,58.13999938964844,58.31999969482422,58.130001068115234,58.27999877929688,4415
2026-01-09 13:00:00,58.13999938964844,58.27999877929688,58.060001373291016,58.13999938964844,6884
2026-01-09 13:30:00,58.2599983215332,58.33000183105469,58.0,58.15999984741211,7338
2026-01-09 14:00:00,58.86000061035156,59.04999923706055,58.18000030517578,58.27000045776367,25073
2026-01-09 14:30:00,59.2400016784668,59.34000015258789,58.81999969482422,58.86000061035156,20396
2026-01-09 15:00:00,59.25,59.27000045776367,58.95000076293945,59.22999954223633,19904
2026-01-09 15:30:00,59.459999084472656,59.52999877929688,59.150001525878906,59.2599983215332,14429
2026-01-09 16:00:00,59.5,59.52999877929688,59.310001373291016,59.45000076293945,18962
2026-01-09 16:30:00,59.7599983215332,59.77000045776367,59.5,59.5,19836
2026-01-09 17:00:00,59.34000015258789,59.7599983215332,59.34000015258789,59.7599983215332,18666
2026-01-09 17:30:00,59.36000061035156,59.41999816894531,59.2599983215332,59.34999847412109,16128
2026-01-09 18:00:00,59.25,59.369998931884766,59.09999847412109,59.369998931884766,12158
2026-01-09 18:30:00,59.43000030517578,59.45000076293945,59.25,59.2599983215332,8165
2026-01-09 19:00:00,59.09999847412109,59.43999862670898,59.060001373291016,59.43000030517578,37446
2026-01-09 19:30:00,58.97999954223633,59.15999984741211,58.97999954223633,59.11000061035156,13207
2026-01-09 20:00:00,58.959999084472656,59.02999877929688,58.90999984741211,58.97999954223633,3784
2026-01-09 20:30:00,58.77000045776367,59.0099983215332,58.75,58.959999084472656,6376
2026-01-09 21:00:00,58.84999847412109,58.84999847412109,58.75,58.77000045776367,2144
2026-01-09 21:30:00,58.77999877929688,58.95000076293945,58.709999084472656,58.84000015258789,3514
2026-01-11 23:00:00,59.630001068115234,59.65999984741211,59.459999084472656,59.52999877929688,1949
2026-01-11 23:30:00,59.59999847412109,59.79999923706055,59.52999877929688,59.63999938964844,3498
2026-01-12 00:00:00,59.36000061035156,59.59000015258789,59.34999847412109,59.59000015258789,1840
2026-01-12 00:30:00,59.45000076293945,59.5099983215332,59.34999847412109,59.36000061035156,1350
2026-01-12 01:00:00,59.09000015258789,59.47999954223633,58.959999084472656,59.459999084472656,4365
2026-01-12 01:30:00,58.790000915527344,59.18000030517578,58.63999938964844,59.09999847412109,7238
2026-01-12 02:00:00,58.970001220703125,59.11000061035156,58.790000915527344,58.79999923706055,1660
2026-01-12 02:30:00,59.15999984741211,59.20000076293945,58.900001525878906,58.97999954223633,1323
2026-01-12 03:00:00,59.18999862670898,59.25,59.130001068115234,59.15999984741211,610
2026-01-12 03:30:00,59.18000030517578,59.29999923706055,59.15999984741211,59.18999862670898,1618
2026-01-12 04:00:00,59.16999816894531,59.27000045776367,59.13999938964844,59.18000030517578,446
2026-01-12 04:30:00,59.20000076293945,59.220001220703125,59.13999938964844,59.16999816894531,357
2026-01-12 05:00:00,59.220001220703125,59.2599983215332,59.18000030517578,59.20000076293945,324
2026-01-12 05:30:00,59.290000915527344,59.310001373291016,59.16999816894531,59.209999084472656,2253
2026-01-12 06:00:00,59.22999954223633,59.310001373291016,59.15999984741211,59.27999877929688,670
2026-01-12 06:30:00,59.22999954223633,59.290000915527344,59.20000076293945,59.22999954223633,546
2026-01-12 07:00:00,59.09000015258789,59.2400016784668,59.0099983215332,59.220001220703125,2246
2026-01-12 07:30:00,58.95000076293945,59.09999847412109,58.900001525878906,59.09000015258789,2695
2026-01-12 08:00:00,58.97999954223633,59.09000015258789,58.88999938964844,58.93999862670898,3108
2026-01-12 08:30:00,58.93999862670898,59.130001068115234,58.66999816894531,58.97999954223633,6000
2026-01-12 09:00:00,58.810001373291016,58.970001220703125,58.75,58.93999862670898,3765
2026-01-12 09:30:00,58.869998931884766,58.97999954223633,58.720001220703125,58.790000915527344,2511
2026-01-12 10:00:00,58.83000183105469,59.0099983215332,58.68999862670898,58.869998931884766,4034
2026-01-12 10:30:00,58.810001373291016,58.880001068115234,58.68999862670898,58.83000183105469,2517
2026-01-12 11:00:00,58.58000183105469,58.81999969482422,58.45000076293945,58.810001373291016,5961
2026-01-12 11:30:00,58.59999847412109,58.68999862670898,58.470001220703125,58.56999969482422,2443
2026-01-12 12:00:00,58.7599983215332,58.77999877929688,58.52000045776367,58.61000061035156,3436
2026-01-12 12:30:00,59.02000045776367,59.040000915527344,58.7599983215332,58.7599983215332,6928
2026-01-12 13:00:00,58.93000030517578,59.08000183105469,58.84000015258789,59.0099983215332,5286
2026-01-12 13:30:00,58.77000045776367,58.95000076293945,58.650001525878906,58.93999862670898,7625
2026-01-12 14:00:00,58.900001525878906,59.02000045776367,58.68999862670898,58.77000045776367,12823
2026-01-12 14:30:00,58.720001220703125,58.91999816894531,58.47999954223633,58.88999938964844,14733
2026-01-12 15:00:00,59.02999877929688,59.06999969482422,58.72999954223633,58.72999954223633,10319
2026-01-12 15:30:00,59.0099983215332,59.209999084472656,58.97999954223633,59.040000915527344,9025
2026-01-13 01:30:00,59.68000030517578,59.79999923706055,59.66999816894531,59.790000915527344,879
2026-01-13 02:00:00,59.540000915527344,59.75,59.5099983215332,59.68999862670898,1508
2026-01-13 02:30:00,59.68000030517578,59.709999084472656,59.470001220703125,59.540000915527344,1554
2026-01-13 03:00:00,59.72999954223633,59.75,59.65999984741211,59.68999862670898,725
2026-01-13 03:30:00,59.7400016784668,59.77000045776367,59.650001525878906,59.72999954223633,598
2026-01-13 04:00:00,59.72999954223633,59.77000045776367,59.66999816894531,59.7400016784668,388
2026-01-13 04:30:00,59.77999877929688,59.79999923706055,59.720001220703125,59.72999954223633,269
2026-01-13 05:00:00,59.7400016784668,59.790000915527344,59.66999816894531,59.77999877929688,466
2026-01-13 05:30:00,59.77999877929688,59.83000183105469,59.650001525878906,59.7400016784668,518
2026-01-13 06:00:00,59.84000015258789,59.88999938964844,59.72999954223633,59.77000045776367,612
2026-01-13 09:00:00,60.43999862670898,60.470001220703125,60.20000076293945,60.27999877929688,22850
2026-01-13 09:30:00,60.52999877929688,60.81999969482422,60.43000030517578,60.45000076293945,12172
2026-01-13 10:00:00,60.40999984741211,60.65999984741211,60.400001525878906,60.52000045776367,5124
2026-01-13 10:30:00,60.34999847412109,60.41999816894531,60.150001525878906,60.41999816894531,7465
2026-01-13 11:00:00,60.52999877929688,60.540000915527344,60.2400016784668,60.34999847412109,3112
2026-01-13 11:30:00,60.540000915527344,60.560001373291016,60.52999877929688,60.540000915527344,96
2026-01-13 14:00:00,60.470001220703125,60.5099983215332,60.2599983215332,60.2599983215332,57974
2026-01-13 14:30:00,61.0,61.43000030517578,60.459999084472656,60.47999954223633,43439
2026-01-13 15:00:00,61.130001068115234,61.25,60.93999862670898,60.9900016784668,23822
2026-01-13 15:30:00,61.34999847412109,61.41999816894531,60.9900016784668,61.119998931884766,15988
2026-01-13 16:00:00,61.27999877929688,61.5,61.20000076293945,61.34000015258789,24420
2026-01-13 16:30:00,61.36000061035156,61.4900016784668,61.220001220703125,61.27999877929688,13297
2026-01-13 17:00:00,61.02000045776367,61.34999847412109,60.88999938964844,61.34999847412109,16090
2026-01-13 17:30:00,60.77999877929688,61.040000915527344,60.720001220703125,61.02000045776367,13001
2026-01-13 18:00:00,61.2400016784668,61.34000015258789,60.77000045776367,60.77999877929688,22453
2026-01-13 18:30:00,61.290000915527344,61.43000030517578,61.150001525878906,61.2400016784668,10186
2026-01-13 19:00:00,61.16999816894531,61.310001373291016,60.43000030517578,61.290000915527344,46780
2026-01-13 19:30:00,61.02999877929688,61.220001220703125,60.90999984741211,61.16999816894531,10766
2026-01-13 20:00:00,61.13999938964844,61.150001525878906,60.95000076293945,61.02999877929688,2736
2026-01-13 20:30:00,61.040000915527344,61.13999938964844,60.93000030517578,61.130001068115234,2031
2026-01-13 21:00:00,61.060001373291016,61.150001525878906,60.970001220703125,61.040000915527344,2578
2026-01-13 21:30:00,61.09999847412109,61.20000076293945,60.97999954223633,61.060001373291016,5614
2026-01-13 23:00:00,61.15999984741211,61.16999816894531,61.06999969482422,61.119998931884766,190
2026-01-13 23:30:00,61.150001525878906,61.20000076293945,61.130001068115234,61.150001525878906,715
2026-01-14 00:00:00,61.06999969482422,61.150001525878906,61.04999923706055,61.150001525878906,433
2026-01-14 00:30:00,61.08000183105469,61.11000061035156,61.060001373291016,61.06999969482422,559
2026-01-14 01:00:00,60.95000076293945,61.09999847412109,60.86000061035156,61.09000015258789,3069
2026-01-14 01:30:00,61.02000045776367,61.040000915527344,60.900001525878906,60.93999862670898,795
2026-01-14 02:00:00,61.02999877929688,61.08000183105469,61.0,61.02000045776367,809
2026-01-14 02:30:00,60.91999816894531,61.060001373291016,60.91999816894531,61.02999877929688,1507
2026-01-14 03:00:00,60.900001525878906,61.0099983215332,60.869998931884766,60.91999816894531,1305
2026-01-14 03:30:00,60.970001220703125,60.97999954223633,60.79999923706055,60.900001525878906,1609
2026-01-14 04:00:00,60.959999084472656,61.040000915527344,60.93000030517578,60.970001220703125,551
2026-01-14 04:30:00,60.970001220703125,61.02999877929688,60.90999984741211,60.959999084472656,591
2026-01-14 05:00:00,60.959999084472656,60.97999954223633,60.869998931884766,60.959999084472656,827
2026-01-14 05:30:00,60.869998931884766,60.970001220703125,60.83000183105469,60.959999084472656,703
2026-01-14 06:00:00,60.88999938964844,61.0,60.84999847412109,60.880001068115234,667
2026-01-14 06:30:00,60.68000030517578,60.90999984741211,60.63999938964844,60.900001525878906,1549
2026-01-14 07:00:00,60.7400016784668,60.83000183105469,60.619998931884766,60.70000076293945,2031
2026-01-14 07:30:00,60.70000076293945,60.79999923706055,60.66999816894531,60.7400016784668,1701
2026-01-14 08:00:00,60.56999969482422,60.72999954223633,60.52999877929688,60.70000076293945,3165
2026-01-14 08:30:00,60.650001525878906,60.810001373291016,60.470001220703125,60.58000183105469,4763
2026-01-14 09:00:00,60.5,60.66999816894531,60.43000030517578,60.650001525878906,3678
2026-01-14 09:30:00,61.0,61.0099983215332,60.38999938964844,60.5,6962
2026-01-14 10:00:00,61.52000045776367,61.65999984741211,60.959999084472656,60.9900016784668,9256
2026-01-14 10:30:00,62.0,62.0099983215332,61.459999084472656,61.52999877929688,9811
2026-01-14 11:00:00,61.790000915527344,62.09999847412109,61.75,62.0,5909
2026-01-14 11:30:00,61.810001373291016,62.040000915527344,61.720001220703125,61.79999923706055,3789
2026-01-14 12:00:00,61.5099983215332,61.900001525878906,61.459999084472656,61.81999969482422,5991
2026-01-14 12:30:00,61.880001068115234,61.93000030517578,61.45000076293945,61.5099983215332,6736
2026-01-14 13:00:00,61.93000030517578,62.09999847412109,61.75,61.88999938964844,10976
2026-01-14 13:30:00,61.619998931884766,62.0,61.5099983215332,61.93999862670898,9632
2026-01-14 14:00:00,61.70000076293945,61.84000015258789,61.59000015258789,61.63999938964844,10667
2026-01-14 14:30:00,61.709999084472656,61.81999969482422,61.54999923706055,61.70000076293945,14531
2026-01-14 15:00:00,61.81999969482422,61.84999847412109,61.22999954223633,61.709999084472656,18498
2026-01-14 15:30:00,61.66999816894531,61.84000015258789,61.43999862670898,61.81999969482422,17392
2026-01-14 16:00:00,61.470001220703125,61.77999877929688,61.40999984741211,61.68000030517578,15357
2026-01-14 16:30:00,61.72999954223633,61.81999969482422,61.369998931884766,61.459999084472656,12574
2026-01-14 17:00:00,61.9900016784668,62.04999923706055,61.59999847412109,61.720001220703125,12318
2026-01-14 17:30:00,61.790000915527344,62.0,61.65999984741211,61.9900016784668,9877
2026-01-14 18:00:00,61.81999969482422,61.83000183105469,61.61000061035156,61.790000915527344,7940
2026-01-14 18:30:00,61.83000183105469,61.869998931884766,61.65999984741211,61.810001373291016,7226
2026-01-14 19:00:00,62.02999877929688,62.04999923706055,61.77999877929688,61.81999969482422,36192
2026-01-14 19:30:00,62.310001373291016,62.34999847412109,62.0099983215332,62.02999877929688,15679
2026-01-14 20:00:00,59.93000030517578,62.36000061035156,59.77000045776367,62.310001373291016,55338
2026-01-14 20:30:00,60.2599983215332,60.310001373291016,59.18999862670898,59.93000030517578,16156
2026-01-14 21:00:00,60.400001525878906,60.400001525878906,60.02999877929688,60.25,3346
2026-01-14 21:30:00,61.04999923706055,61.84999847412109,60.31999969482422,60.380001068115234,11308
2026-01-14 23:00:00,60.709999084472656,61.13999938964844,60.5099983215332,61.060001373291016,1649
2026-01-14 23:30:00,60.75,60.970001220703125,60.619998931884766,60.66999816894531,470
2026-01-15 00:00:00,60.90999984741211,60.93999862670898,60.65999984741211,60.68999862670898,364
2026-01-15 00:30:00,61.0,61.040000915527344,60.86000061035156,60.900001525878906,243
2026-01-15 01:00:00,60.310001373291016,61.0099983215332,60.220001220703125,61.0099983215332,1998
2026-01-15 01:30:00,60.31999969482422,60.400001525878906,60.06999969482422,60.31999969482422,589
2026-01-15 02:00:00,60.22999954223633,60.34999847412109,60.220001220703125,60.310001373291016,339
2026-01-15 02:30:00,60.150001525878906,60.22999954223633,60.060001373291016,60.18999862670898,309
2026-01-15 03:00:00,59.93999862670898,60.290000915527344,59.88999938964844,60.150001525878906,578
2026-01-15 03:30:00,60.04999923706055,60.09999847412109,59.90999984741211,59.93000030517578,203
2026-01-15 04:00:00,60.0,60.09000015258789,59.970001220703125,60.08000183105469,169
2026-01-15 04:30:00,60.02999877929688,60.08000183105469,59.95000076293945,60.0,190
2026-01-15 05:00:00,60.04999923706055,60.04999923706055,59.95000076293945,60.02000045776367,219
2026-01-15 05:30:00,59.97999954223633,60.040000915527344,59.84000015258789,60.02999877929688,530
2026-01-15 06:00:00,60.29999923706055,60.29999923706055,59.93999862670898,59.93999862670898,579
2026-01-15 06:30:00,60.20000076293945,60.29999923706055,60.16999816894531,60.29999923706055,711
2026-01-15 07:00:00,60.08000183105469,60.13999938964844,59.81999969482422,60.13999938964844,576
2026-01-15 07:30:00,60.02000045776367,60.20000076293945,59.84999847412109,60.08000183105469,411
2026-01-15 08:00:00,60.040000915527344,60.27000045776367,59.970001220703125,59.9900016784668,1345
2026-01-15 08:30:00,60.040000915527344,60.04999923706055,59.68999862670898,60.04999923706055,45381
2026-01-15 09:00:00,59.84000015258789,60.09999847412109,59.77000045776367,60.04999923706055,5423
2026-01-15 09:30:00,59.2400016784668,59.86000061035156,59.18000030517578,59.83000183105469,11095
2026-01-15 10:00:00,59.15999984741211,59.290000915527344,58.9900016784668,59.2400016784668,10732
2026-01-15 10:30:00,59.45000076293945,59.54999923706055,59.150001525878906,59.15999984741211,7237
2026-01-15 11:00:00,59.630001068115234,59.81999969482422,59.43999862670898,59.45000076293945,8562
2026-01-15 11:30:00,59.84000015258789,59.880001068115234,59.59999847412109,59.630001068115234,4040
2026-01-15 12:00:00,59.54999923706055,59.880001068115234,59.54999923706055,59.84000015258789,5493
2026-01-15 12:30:00,59.310001373291016,59.56999969482422,59.209999084472656,59.560001373291016,11708
2026-01-15 13:00:00,59.25,59.31999969482422,59.0099983215332,59.29999923706055,12122
2026-01-15 13:30:00,59.15999984741211,59.290000915527344,59.09999847412109,59.2599983215332,10580
2026-01-15 14:00:00,59.2599983215332,59.43999862670898,59.130001068115234,59.16999816894531,16315
2026-01-15 14:30:00,59.18999862670898,59.33000183105469,58.7599983215332,59.2599983215332,20713
2026-01-15 15:00:00,58.880001068115234,59.310001373291016,58.869998931884766,59.18000030517578,14496
2026-01-15 15:30:00,59.22999954223633,59.25,58.84000015258789,58.88999938964844,14474
2026-01-15 16:00:00,59.040000915527344,59.310001373291016,58.93999862670898,59.2400016784668,15001
2026-01-15 16:30:00,58.900001525878906,59.119998931884766,58.86000061035156,59.04999923706055,16403
2026-01-15 17:00:00,58.900001525878906,58.970001220703125,58.81999969482422,58.900001525878906,12248
2026-01-15 17:30:00,58.970001220703125,59.0099983215332,58.869998931884766,58.90999984741211,9689
2026-01-15 18:00:00,59.27999877929688,59.36000061035156,58.91999816894531,58.970001220703125,17181
2026-01-15 18:30:00,59.060001373291016,59.310001373291016,58.95000076293945,59.27999877929688,11191
2026-01-15 19:00:00,59.09000015258789,59.119998931884766,58.9900016784668,59.04999923706055,20382
2026-01-15 19:30:00,58.93000030517578,59.119998931884766,58.90999984741211,59.09000015258789,8471
2026-01-15 20:00:00,58.83000183105469,58.97999954223633,58.81999969482422,58.91999816894531,4755
2026-01-15 20:30:00,58.869998931884766,58.880001068115234,58.77999877929688,58.81999969482422,3630
2026-01-15 21:00:00,59.09999847412109,59.16999816894531,58.84000015258789,58.869998931884766,5160
2026-01-15 21:30:00,59.16999816894531,59.18000030517578,59.09999847412109,59.09999847412109,4152
2026-01-15 23:00:00,59.060001373291016,59.18000030517578,58.97999954223633,59.16999816894531,1027
2026-01-15 23:30:00,59.060001373291016,59.08000183105469,59.0,59.04999923706055,546
2026-01-16 00:00:00,59.18000030517578,59.18999862670898,59.060001373291016,59.060001373291016,686
2026-01-16 00:30:00,59.09999847412109,59.2400016784668,59.08000183105469,59.16999816894531,575
2026-01-16 01:00:00,59.20000076293945,59.29999923706055,59.09000015258789,59.119998931884766,2448
2026-01-16 01:30:00,59.130001068115234,59.220001220703125,59.09999847412109,59.20000076293945,1062
2026-01-16 02:00:00,59.08000183105469,59.16999816894531,59.040000915527344,59.130001068115234,1007
2026-01-16 02:30:00,59.02000045776367,59.08000183105469,58.91999816894531,59.08000183105469,1886
2026-01-16 03:00:00,58.93000030517578,59.09000015258789,58.90999984741211,59.0099983215332,898
2026-01-16 03:30:00,58.959999084472656,59.0,58.900001525878906,58.93000030517578,686
2026-01-16 04:00:00,58.9900016784668,59.0099983215332,58.90999984741211,58.959999084472656,496
2026-01-16 04:30:00,58.97999954223633,59.02000045776367,58.93999862670898,58.97999954223633,1006
2026-01-16 05:00:00,58.91999816894531,59.0099983215332,58.91999816894531,58.970001220703125,366
2026-01-16 05:30:00,58.88999938964844,59.0099983215332,58.869998931884766,58.91999816894531,746
2026-01-16 06:00:00,58.84999847412109,58.93000030517578,58.810001373291016,58.88999938964844,880
2026-01-16 06:30:00,59.04999923706055,59.060001373291016,58.84000015258789,58.86000061035156,2559
2026-01-16 07:00:00,59.20000076293945,59.27999877929688,59.02999877929688,59.040000915527344,3365
2026-01-16 07:30:00,59.20000076293945,59.36000061035156,59.119998931884766,59.209999084472656,2917
2026-01-16 08:00:00,59.040000915527344,59.22999954223633,58.9900016784668,59.20000076293945,3975
2026-01-16 08:30:00,59.43999862670898,59.5,59.02000045776367,59.04999923706055,5571
2026-01-16 09:00:00,59.72999954223633,59.7400016784668,59.31999969482422,59.43999862670898,6352
2026-01-16 09:30:00,59.56999969482422,59.810001373291016,59.540000915527344,59.72999954223633,5337
2026-01-16 10:00:00,59.650001525878906,59.7599983215332,59.540000915527344,59.58000183105469,2991
2026-01-16 10:30:00,59.84999847412109,59.880001068115234,59.619998931884766,59.65999984741211,4588
2026-01-16 11:00:00,59.79999923706055,59.900001525878906,59.68999862670898,59.84000015258789,3876
2026-01-16 11:30:00,59.83000183105469,59.869998931884766,59.77999877929688,59.79999923706055,3216
2026-01-16 12:00:00,59.95000076293945,60.04999923706055,59.7400016784668,59.84000015258789,7992
2026-01-16 12:30:00,59.720001220703125,59.9900016784668,59.70000076293945,59.959999084472656,5013
2026-01-16 13:00:00,59.68000030517578,59.77000045776367,59.619998931884766,59.720001220703125,6529
2026-01-16 13:30:00,59.880001068115234,59.93000030517578,59.650001525878906,59.68999862670898,7980
2026-01-16 14:00:00,59.84000015258789,59.970001220703125,59.77000045776367,59.880001068115234,15785
2026-01-16 14:30:00,59.45000076293945,59.84999847412109,59.400001525878906,59.84000015258789,19394
2026-01-16 15:00:00,59.59000015258789,59.68000030517578,59.34999847412109,59.45000076293945,12508
2026-01-16 15:30:00,59.59999847412109,59.75,59.47999954223633,59.58000183105469,14083
2026-01-16 16:00:00,59.75,59.84000015258789,59.52000045776367,59.59999847412109,11278
2026-01-16 16:30:00,59.75,59.79999923706055,59.619998931884766,59.75,8838
2026-01-16 17:00:00,59.7400016784668,59.88999938964844,59.68000030517578,59.75,10400
2026-01-16 17:30:00,59.68999862670898,59.790000915527344,59.43000030517578,59.72999954223633,14270
2026-01-16 18:00:00,59.83000183105469,59.86000061035156,59.63999938964844,59.70000076293945,8691
2026-01-16 18:30:00,59.75,59.84000015258789,59.540000915527344,59.84000015258789,11737
2026-01-16 19:00:00,59.34000015258789,59.7599983215332,59.290000915527344,59.7599983215332,39248
2026-01-16 19:30:00,59.380001068115234,59.40999984741211,59.220001220703125,59.34000015258789,10020
2026-01-16 20:00:00,59.470001220703125,59.470001220703125,59.33000183105469,59.380001068115234,2040
2026-01-16 20:30:00,59.29999923706055,59.470001220703125,59.27999877929688,59.459999084472656,3008
2026-01-16 21:00:00,59.29999923706055,59.36000061035156,59.2400016784668,59.290000915527344,2055
2026-01-16 21:30:00,59.34000015258789,59.34000015258789,59.20000076293945,59.29999923706055,1595
2026-01-19 04:30:00,59.33000183105469,59.400001525878906,59.31999969482422,59.34000015258789,256
2026-01-20 05:00:00,59.31999969482422,59.34999847412109,59.2599983215332,59.34999847412109,549
2026-01-20 05:30:00,59.31999969482422,59.400001525878906,59.27999877929688,59.31999969482422,905
2026-01-20 06:00:00,59.40999984741211,59.45000076293945,59.29999923706055,59.33000183105469,770
2026-01-20 06:30:00,59.36000061035156,59.41999816894531,59.18000030517578,59.40999984741211,1497
2026-01-20 07:00:00,59.209999084472656,59.59000015258789,59.150001525878906,59.369998931884766,4300
2026-01-20 07:30:00,59.0099983215332,59.209999084472656,58.95000076293945,59.209999084472656,7132
2026-01-20 08:00:00,58.7400016784668,59.04999923706055,58.720001220703125,59.02000045776367,8129
2026-01-20 08:30:00,59.040000915527344,59.040000915527344,58.7400016784668,58.75,8695
2026-01-20 09:00:00,59.52000045776367,59.540000915527344,59.0099983215332,59.040000915527344,9752
2026-01-20 09:30:00,59.5,59.52999877929688,59.20000076293945,59.52000045776367,6465
2026-01-20 10:00:00,59.5099983215332,59.58000183105469,59.34999847412109,59.5,4805
2026-01-20 10:30:00,59.630001068115234,59.70000076293945,59.5,59.5099983215332,5543
2026-01-20 11:00:00,59.56999969482422,59.619998931884766,59.38999938964844,59.619998931884766,6433
2026-01-20 11:30:00,59.70000076293945,59.720001220703125,59.4900016784668,59.56999969482422,4019
2026-01-20 12:00:00,59.79999923706055,59.97999954223633,59.68999862670898,59.70000076293945,10869
2026-01-20 12:30:00,59.900001525878906,59.90999984741211,59.7599983215332,59.79999923706055,4249
2026-01-20 13:00:00,59.81999969482422,59.91999816894531,59.77999877929688,59.90999984741211,5364
2026-01-20 13:30:00,59.58000183105469,59.84000015258789,59.5,59.810001373291016,9726
2026-01-20 14:00:00,60.25,60.27000045776367,59.5099983215332,59.56999969482422,19704
2026-01-20 14:30:00,60.40999984741211,60.5099983215332,60.119998931884766,60.2599983215332,24990
2026-01-20 15:00:00,60.470001220703125,60.5099983215332,60.27999877929688,60.400001525878906,17853
2026-01-20 15:30:00,60.04999923706055,60.5,59.97999954223633,60.470001220703125,19064
2026-01-20 16:00:00,60.22999954223633,60.310001373291016,60.0099983215332,60.040000915527344,15119
2026-01-20 16:30:00,60.31999969482422,60.34999847412109,60.20000076293945,60.2400016784668,8571
2026-01-20 17:00:00,60.34999847412109,60.43999862670898,60.29999923706055,60.310001373291016,8946
2026-01-20 17:30:00,60.38999938964844,60.400001525878906,60.22999954223633,60.34999847412109,7025
2026-01-20 18:00:00,60.2599983215332,60.47999954223633,60.18000030517578,60.400001525878906,8998
2026-01-20 18:30:00,60.2599983215332,60.36000061035156,60.18000030517578,60.27000045776367,8789
2026-01-20 19:00:00,60.36000061035156,60.40999984741211,60.09000015258789,60.2599983215332,33359
2026-01-20 19:30:00,59.93999862670898,60.34999847412109,59.88999938964844,60.34999847412109,16360
2026-01-20 20:00:00,59.720001220703125,60.0099983215332,59.709999084472656,59.93000030517578,14938
2026-01-20 20:30:00,59.47999954223633,59.72999954223633,59.33000183105469,59.72999954223633,23243
2026-01-20 21:00:00,59.47999954223633,59.59000015258789,59.43000030517578,59.470001220703125,7310
2026-01-20 21:30:00,59.52000045776367,59.54999923706055,59.36000061035156,59.4900016784668,6333
2026-01-20 23:00:00,59.59000015258789,59.63999938964844,59.459999084472656,59.56999969482422,627
2026-01-20 23:30:00,59.630001068115234,59.84000015258789,59.58000183105469,59.59999847412109,1542
2026-01-21 00:00:00,59.56999969482422,59.63999938964844,59.459999084472656,59.630001068115234,1294
2026-01-21 00:30:00,59.66999816894531,59.709999084472656,59.540000915527344,59.560001373291016,656
2026-01-21 01:00:00,59.7400016784668,59.7400016784668,59.459999084472656,59.65999984741211,2405
2026-01-21 01:30:00,59.75,59.77999877929688,59.65999984741211,59.72999954223633,1451
2026-01-21 02:00:00,59.7599983215332,59.88999938964844,59.709999084472656,59.75,1972
2026-01-21 02:30:00,59.77000045776367,59.77000045776367,59.65999984741211,59.75,995
2026-01-21 03:00:00,59.83000183105469,59.880001068115234,59.7599983215332,59.77000045776367,1799
2026-01-21 03:30:00,59.72999954223633,59.83000183105469,59.72999954223633,59.83000183105469,917
2026-01-21 04:00:00,59.77999877929688,59.79999923706055,59.709999084472656,59.72999954223633,857
2026-01-21 04:30:00,59.709999084472656,59.79999923706055,59.68999862670898,59.77999877929688,497
2026-01-21 05:00:00,59.810001373291016,59.84000015258789,59.709999084472656,59.72999954223633,1795
2026-01-21 05:30:00,59.81999969482422,59.90999984741211,59.7599983215332,59.81999969482422,1209
2026-01-21 06:00:00,59.77999877929688,59.93000030517578,59.75,59.81999969482422,1142
2026-01-21 06:30:00,59.84999847412109,59.869998931884766,59.66999816894531,59.790000915527344,1525
2026-01-21 07:00:00,59.7400016784668,59.86000061035156,59.54999923706055,59.86000061035156,3228
2026-01-21 07:30:00,59.58000183105469,59.77000045776367,59.459999084472656,59.7400016784668,4976
2026-01-21 08:00:00,59.619998931884766,59.7599983215332,59.470001220703125,59.58000183105469,5572
2026-01-21 08:30:00,59.310001373291016,59.709999084472656,59.290000915527344,59.619998931884766,6461
2026-01-21 09:00:00,59.65999984741211,59.810001373291016,59.220001220703125,59.310001373291016,10395
2026-01-21 09:30:00,59.869998931884766,59.880001068115234,59.540000915527344,59.66999816894531,7700
2026-01-21 10:00:00,59.97999954223633,60.04999923706055,59.83000183105469,59.869998931884766,6566
2026-01-21 10:30:00,59.90999984741211,60.040000915527344,59.70000076293945,59.9900016784668,6257
2026-01-21 11:00:00,60.400001525878906,60.40999984741211,59.900001525878906,59.90999984741211,11540
2026-01-21 11:30:00,60.380001068115234,60.59999847412109,60.2599983215332,60.400001525878906,10500
2026-01-21 12:00:00,60.43999862670898,60.59999847412109,60.369998931884766,60.380001068115234,6602
2026-01-21 12:30:00,60.5,60.540000915527344,60.34000015258789,60.43000030517578,5788
2026-01-21 13:00:00,60.77000045776367,60.81999969482422,60.43999862670898,60.5099983215332,8746
2026-01-21 13:30:00,60.33000183105469,60.88999938964844,60.310001373291016,60.77999877929688,19139
2026-01-21 14:00:00,60.290000915527344,60.5,60.130001068115234,60.31999969482422,19005
2026-01-21 14:30:00,60.33000183105469,60.47999954223633,60.25,60.290000915527344,12714
2026-01-21 15:00:00,60.18999862670898,60.369998931884766,60.06999969482422,60.33000183105469,19616
2026-01-21 15:30:00,60.5,60.540000915527344,60.20000076293945,60.20000076293945,14670
2026-01-21 16:00:00,60.38999938964844,60.63999938964844,60.29999923706055,60.5,16943
2026-01-21 16:30:00,60.45000076293945,60.59000015258789,60.27999877929688,60.40999984741211,11924
2026-01-21 17:00:00,60.38999938964844,60.5099983215332,60.25,60.43999862670898,8906
2026-01-21 17:30:00,60.38999938964844,60.43999862670898,60.31999969482422,60.38999938964844,5391
2026-01-21 18:00:00,60.65999984741211,60.72999954223633,60.369998931884766,60.38999938964844,14160
2026-01-21 18:30:00,60.68000030517578,60.790000915527344,60.59999847412109,60.650001525878906,9832
2026-01-21 19:00:00,60.59999847412109,60.68000030517578,60.41999816894531,60.68000030517578,18362
2026-01-21 19:30:00,60.650001525878906,60.70000076293945,60.5099983215332,60.59999847412109,5284
2026-01-21 20:00:00,60.59999847412109,60.65999984741211,60.540000915527344,60.650001525878906,3172
2026-01-21 20:30:00,60.66999816894531,60.720001220703125,60.56999969482422,60.59999847412109,2803
2026-01-21 21:00:00,60.66999816894531,60.720001220703125,60.619998931884766,60.66999816894531,3014
2026-01-21 21:30:00,60.66999816894531,60.75,60.619998931884766,60.66999816894531,2638
2026-01-21 23:00:00,60.54999923706055,60.68999862670898,60.52000045776367,60.68000030517578,396
2026-01-21 23:30:00,60.5099983215332,60.560001373291016,60.41999816894531,60.560001373291016,1416
2026-01-22 00:00:00,60.4900016784668,60.52000045776367,60.459999084472656,60.5,372
2026-01-22 00:30:00,60.52000045776367,60.58000183105469,60.4900016784668,60.5,1032
2026-01-22 01:00:00,60.72999954223633,60.77999877929688,60.47999954223633,60.52000045776367,2428
2026-01-22 01:30:00,60.709999084472656,60.7400016784668,60.63999938964844,60.72999954223633,895
2026-01-22 02:00:00,60.709999084472656,60.77000045776367,60.65999984741211,60.70000076293945,1182
2026-01-22 02:30:00,60.7400016784668,60.75,60.58000183105469,60.709999084472656,925
2026-01-22 03:00:00,60.75,60.79999923706055,60.709999084472656,60.7400016784668,1100
2026-01-22 03:30:00,60.77000045776367,60.81999969482422,60.7400016784668,60.7599983215332,642
2026-01-22 04:00:00,60.7599983215332,60.810001373291016,60.7400016784668,60.77000045776367,422
2026-01-22 04:30:00,60.77000045776367,60.77999877929688,60.72999954223633,60.7599983215332,297
2026-01-22 05:00:00,60.709999084472656,60.7599983215332,60.66999816894531,60.7599983215332,642
2026-01-22 05:30:00,60.720001220703125,60.79999923706055,60.709999084472656,60.709999084472656,640
2026-01-22 06:00:00,60.619998931884766,60.709999084472656,60.59999847412109,60.709999084472656,1021
2026-01-22 06:30:00,60.630001068115234,60.66999816894531,60.52000045776367,60.61000061035156,959
2026-01-22 07:00:00,60.470001220703125,60.650001525878906,60.43000030517578,60.63999938964844,2437
2026-01-22 07:30:00,60.43999862670898,60.4900016784668,60.36000061035156,60.470001220703125,2841
2026-01-22 08:00:00,60.459999084472656,60.52000045776367,60.400001525878906,60.43999862670898,4357
2026-01-22 08:30:00,60.369998931884766,60.59000015258789,60.29999923706055,60.45000076293945,5349
2026-01-22 09:00:00,60.18999862670898,60.38999938964844,60.150001525878906,60.380001068115234,7145
2026-01-22 09:30:00,60.060001373291016,60.20000076293945,60.0,60.18999862670898,6134
2026-01-22 10:00:00,59.91999816894531,60.13999938964844,59.7599983215332,60.060001373291016,10254
2026-01-22 10:30:00,59.84999847412109,60.04999923706055,59.790000915527344,59.900001525878906,5773
2026-01-22 11:00:00,59.70000076293945,59.90999984741211,59.52000045776367,59.84999847412109,9797
2026-01-22 11:30:00,59.7400016784668,59.810001373291016,59.47999954223633,59.68999862670898,9281
2026-01-22 12:00:00,59.68999862670898,59.790000915527344,59.59000015258789,59.7400016784668,5283
2026-01-22 12:30:00,59.43999862670898,59.7400016784668,59.43999862670898,59.709999084472656,4657
2026-01-22 13:00:00,59.650001525878906,59.68999862670898,59.310001373291016,59.45000076293945,10717
2026-01-22 13:30:00,59.70000076293945,59.77999877929688,59.59999847412109,59.65999984741211,7699
2026-01-22 14:00:00,59.93999862670898,60.0,59.63999938964844,59.68999862670898,13913
2026-01-22 14:30:00,59.7599983215332,59.97999954223633,59.41999816894531,59.93000030517578,29668
2026-01-22 15:00:00,59.52999877929688,59.84999847412109,59.43000030517578,59.7599983215332,14333
2026-01-22 15:30:00,59.720001220703125,59.790000915527344,59.52000045776367,59.52999877929688,11551
2026-01-22 16:00:00,59.68999862670898,59.959999084472656,59.58000183105469,59.72999954223633,14396
2026-01-22 16:30:00,59.47999954223633,59.720001220703125,59.369998931884766,59.68000030517578,15481
2026-01-22 17:00:00,59.31999969482422,59.47999954223633,59.29999923706055,59.47999954223633,13073
2026-01-22 17:30:00,59.150001525878906,59.36000061035156,58.959999084472656,59.31999969482422,19290
2026-01-22 18:00:00,59.220001220703125,59.25,59.04999923706055,59.13999938964844,11811
2026-01-22 18:30:00,59.2599983215332,59.310001373291016,59.20000076293945,59.22999954223633,8371
2026-01-22 19:00:00,59.36000061035156,59.38999938964844,59.18000030517578,59.27000045776367,17679
2026-01-22 19:30:00,59.34000015258789,59.380001068115234,59.27999877929688,59.369998931884766,6572
2026-01-22 20:00:00,59.34000015258789,59.38999938964844,59.29999923706055,59.33000183105469,3668
2026-01-22 20:30:00,59.40999984741211,59.41999816894531,59.31999969482422,59.34999847412109,4009
2026-01-22 21:00:00,59.45000076293945,59.459999084472656,59.38999938964844,59.40999984741211,1578
2026-01-22 21:30:00,59.66999816894531,59.68999862670898,59.43999862670898,59.45000076293945,5684
2026-01-22 23:00:00,59.59000015258789,59.75,59.54999923706055,59.65999984741211,822
2026-01-22 23:30:00,59.59000015258789,59.61000061035156,59.52000045776367,59.59000015258789,393
2026-01-23 00:00:00,59.630001068115234,59.63999938964844,59.58000183105469,59.59999847412109,275
2026-01-23 00:30:00,59.68000030517578,59.709999084472656,59.59999847412109,59.63999938964844,434
2026-01-23 01:00:00,59.709999084472656,59.810001373291016,59.58000183105469,59.66999816894531,2704
2026-01-23 01:30:00,59.77000045776367,59.79999923706055,59.68999862670898,59.709999084472656,786
2026-01-23 02:00:00,59.72999954223633,59.810001373291016,59.68999862670898,59.77000045776367,1142
2026-01-23 02:30:00,59.84999847412109,59.88999938964844,59.65999984741211,59.720001220703125,1808
2026-01-23 03:00:00,59.900001525878906,59.90999984741211,59.79999923706055,59.84999847412109,1351
2026-01-23 03:30:00,59.83000183105469,59.93999862670898,59.83000183105469,59.900001525878906,1157
2026-01-23 04:00:00,59.880001068115234,59.900001525878906,59.79999923706055,59.83000183105469,988
2026-01-23 04:30:00,59.88999938964844,59.91999816894531,59.869998931884766,59.880001068115234,301
2026-01-23 05:00:00,59.75,59.900001525878906,59.7400016784668,59.88999938964844,576
2026-01-23 05:30:00,59.810001373291016,59.93000030517578,59.7400016784668,59.7599983215332,876
2026-01-23 06:00:00,59.88999938964844,59.93000030517578,59.75,59.81999969482422,1193
2026-01-23 06:30:00,59.970001220703125,59.9900016784668,59.86000061035156,59.869998931884766,969
2026-01-23 07:00:00,59.7400016784668,59.959999084472656,59.68999862670898,59.95000076293945,1855
2026-01-23 07:30:00,59.66999816894531,59.75,59.59000015258789,59.7400016784668,1784
2026-01-23 08:00:00,59.84000015258789,59.88999938964844,59.650001525878906,59.65999984741211,3817
2026-01-23 08:30:00,59.900001525878906,60.11000061035156,59.810001373291016,59.84000015258789,5882
2026-01-23 09:00:00,60.040000915527344,60.06999969482422,59.869998931884766,59.90999984741211,4108
2026-01-23 09:30:00,59.9900016784668,60.06999969482422,59.86000061035156,60.040000915527344,3891
2026-01-23 10:00:00,60.209999084472656,60.220001220703125,59.97999954223633,60.0,4138
2026-01-23 10:30:00,60.2400016784668,60.34000015258789,60.15999984741211,60.209999084472656,3788
2026-01-23 11:00:00,60.40999984741211,60.43000030517578,60.18000030517578,60.2400016784668,3212
2026-01-23 11:30:00,60.36000061035156,60.43000030517578,60.310001373291016,60.41999816894531,2819
2026-01-23 12:00:00,60.5,60.52000045776367,60.34000015258789,60.369998931884766,5487
2026-01-23 12:30:00,60.43999862670898,60.540000915527344,60.400001525878906,60.5099983215332,2961
2026-01-23 13:00:00,60.52999877929688,60.560001373291016,60.34999847412109,60.43999862670898,6184
2026-01-23 13:30:00,61.02000045776367,61.060001373291016,60.43999862670898,60.52999877929688,14257
2026-01-23 14:00:00,61.0099983215332,61.20000076293945,60.84999847412109,61.0099983215332,20906
2026-01-23 14:30:00,61.150001525878906,61.2599983215332,60.970001220703125,61.0099983215332,18782
2026-01-23 15:00:00,61.13999938964844,61.18999862670898,60.93999862670898,61.15999984741211,11737
2026-01-23 15:30:00,60.77999877929688,61.15999984741211,60.77000045776367,61.13999938964844,14463
2026-01-23 16:00:00,60.959999084472656,61.0,60.70000076293945,60.77999877929688,10208
2026-01-23 16:30:00,61.11000061035156,61.18999862670898,60.93999862670898,60.95000076293945,9409
2026-01-23 17:00:00,60.869998931884766,61.130001068115234,60.810001373291016,61.11000061035156,9162
2026-01-23 17:30:00,61.16999816894531,61.22999954223633,60.86000061035156,60.880001068115234,13361
2026-01-23 18:00:00,61.060001373291016,61.25,61.0099983215332,61.15999984741211,9193
2026-01-23 18:30:00,61.08000183105469,61.119998931884766,60.959999084472656,61.060001373291016,8456
2026-01-23 19:00:00,61.04999923706055,61.16999816894531,60.97999954223633,61.09000015258789,24073
2026-01-23 19:30:00,61.08000183105469,61.2599983215332,61.02000045776367,61.04999923706055,9290
2026-01-23 20:00:00,61.150001525878906,61.15999984741211,61.060001373291016,61.09000015258789,2316
2026-01-23 20:30:00,61.15999984741211,61.220001220703125,61.09000015258789,61.13999938964844,6204
2026-01-23 21:00:00,61.27000045776367,61.31999969482422,61.15999984741211,61.15999984741211,8014
2026-01-23 21:30:00,61.27999877929688,61.36000061035156,61.220001220703125,61.2599983215332,4664
2026-01-25 23:00:00,60.869998931884766,60.93999862670898,60.7400016784668,60.86000061035156,2543
2026-01-25 23:30:00,61.040000915527344,61.06999969482422,60.7599983215332,60.880001068115234,1722
2026-01-26 00:00:00,61.09999847412109,61.119998931884766,60.880001068115234,61.02999877929688,2395
2026-01-26 00:30:00,61.09999847412109,61.150001525878906,61.02999877929688,61.09000015258789,1253
2026-01-26 01:00:00,61.20000076293945,61.290000915527344,60.9900016784668,61.09999847412109,3923
2026-01-26 01:30:00,61.119998931884766,61.2599983215332,61.060001373291016,61.20000076293945,1299
2026-01-26 02:00:00,61.06999969482422,61.11000061035156,60.9900016784668,61.11000061035156,916
2026-01-26 02:30:00,60.97999954223633,61.150001525878906,60.970001220703125,61.08000183105469,1744
2026-01-26 03:00:00,61.06999969482422,61.09000015258789,60.93000030517578,60.970001220703125,1152
2026-01-26 03:30:00,61.09999847412109,61.09999847412109,61.040000915527344,61.06999969482422,288
2026-01-26 04:00:00,61.16999816894531,61.18999862670898,61.06999969482422,61.09999847412109,1147
2026-01-26 04:30:00,61.18000030517578,61.20000076293945,61.150001525878906,61.18000030517578,415
2026-01-26 05:00:00,61.119998931884766,61.20000076293945,61.08000183105469,61.18999862670898,575
2026-01-26 05:30:00,61.22999954223633,61.290000915527344,61.02000045776367,61.119998931884766,1284
2026-01-26 06:00:00,61.65999984741211,61.709999084472656,61.16999816894531,61.220001220703125,4130
2026-01-26 06:30:00,61.54999923706055,61.66999816894531,61.31999969482422,61.66999816894531,3196
2026-01-26 07:00:00,61.29999923706055,61.54999923706055,61.209999084472656,61.540000915527344,4123
2026-01-26 07:30:00,60.95000076293945,61.380001068115234,60.93000030517578,61.29999923706055,5257
2026-01-26 08:00:00,60.970001220703125,61.02999877929688,60.84000015258789,60.95000076293945,7137
2026-01-26 08:30:00,61.220001220703125,61.22999954223633,60.77999877929688,60.959999084472656,8269
2026-01-26 09:00:00,60.970001220703125,61.33000183105469,60.90999984741211,61.22999954223633,4743
2026-01-26 09:30:00,61.11000061035156,61.16999816894531,60.810001373291016,60.97999954223633,4553
2026-01-26 10:00:00,61.20000076293945,61.209999084472656,60.95000076293945,61.09999847412109,3032
2026-01-26 10:30:00,61.2400016784668,61.25,61.13999938964844,61.20000076293945,2214
2026-01-26 11:00:00,61.2400016784668,61.27999877929688,61.060001373291016,61.2400016784668,3886
2026-01-26 11:30:00,61.15999984741211,61.400001525878906,61.130001068115234,61.25,4018
2026-01-26 12:00:00,61.04999923706055,61.209999084472656,61.0,61.15999984741211,4051
2026-01-26 12:30:00,60.88999938964844,61.060001373291016,60.86000061035156,61.04999923706055,7698
2026-01-26 13:00:00,60.77000045776367,61.0099983215332,60.68000030517578,60.900001525878906,9056
2026-01-26 13:30:00,60.790000915527344,60.880001068115234,60.560001373291016,60.77000045776367,9536
2026-01-26 14:00:00,60.650001525878906,60.93999862670898,60.52999877929688,60.790000915527344,13659
2026-01-26 14:30:00,60.52999877929688,60.88999938964844,60.5,60.650001525878906,15986
2026-01-26 15:00:00,60.7400016784668,61.0,60.52000045776367,60.52999877929688,12142
2026-01-26 15:30:00,60.59999847412109,60.7400016784668,60.41999816894531,60.72999954223633,12279
2026-01-26 16:00:00,60.540000915527344,60.66999816894531,60.43000030517578,60.59999847412109,10406
2026-01-26 16:30:00,60.84000015258789,60.90999984741211,60.540000915527344,60.540000915527344,7729
2026-01-26 17:00:00,60.790000915527344,60.869998931884766,60.72999954223633,60.84000015258789,5468
2026-01-26 17:30:00,60.959999084472656,61.02999877929688,60.77999877929688,60.790000915527344,7731
2026-01-26 18:00:00,60.59999847412109,60.970001220703125,60.59000015258789,60.959999084472656,9948
2026-01-26 18:30:00,60.619998931884766,60.810001373291016,60.540000915527344,60.59999847412109,8033
2026-01-26 19:00:00,60.630001068115234,60.70000076293945,60.56999969482422,60.619998931884766,14610
2026-01-26 19:30:00,60.619998931884766,60.68999862670898,60.4900016784668,60.63999938964844,6964
2026-01-26 20:00:00,60.7400016784668,60.7599983215332,60.31999969482422,60.619998931884766,12731
2026-01-26 20:30:00,60.77000045776367,60.84000015258789,60.68999862670898,60.75,3524
2026-01-26 21:00:00,60.70000076293945,60.86000061035156,60.70000076293945,60.77999877929688,2028
2026-01-26 21:30:00,60.83000183105469,60.900001525878906,60.63999938964844,60.70000076293945,5745
2026-01-26 23:00:00,60.83000183105469,60.869998931884766,60.7599983215332,60.77999877929688,256
2026-01-26 23:30:00,60.810001373291016,60.86000061035156,60.810001373291016,60.84000015258789,202
2026-01-27 00:00:00,60.810001373291016,60.84999847412109,60.77000045776367,60.81999969482422,451
2026-01-27 00:30:00,60.810001373291016,60.83000183105469,60.790000915527344,60.810001373291016,168
2026-01-27 01:00:00,60.380001068115234,60.86000061035156,60.380001068115234,60.79999923706055,3195
2026-01-27 01:30:00,60.25,60.5,60.20000076293945,60.380001068115234,3299
2026-01-27 02:00:00,60.34999847412109,60.380001068115234,60.220001220703125,60.25,1576
2026-01-27 02:30:00,60.31999969482422,60.369998931884766,60.27999877929688,60.34999847412109,741
2026-01-27 03:00:00,60.27000045776367,60.310001373291016,60.220001220703125,60.310001373291016,1060
2026-01-27 03:30:00,60.25,60.29999923706055,60.220001220703125,60.2599983215332,593
2026-01-27 04:00:00,60.2400016784668,60.310001373291016,60.220001220703125,60.25,500
2026-01-27 04:30:00,60.220001220703125,60.31999969482422,60.220001220703125,60.25,406
2026-01-27 05:00:00,60.290000915527344,60.29999923706055,60.16999816894531,60.220001220703125,1001
2026-01-27 05:30:00,60.40999984741211,60.45000076293945,60.27999877929688,60.27999877929688,1832
2026-01-27 06:00:00,60.5,60.52999877929688,60.380001068115234,60.41999816894531,948
2026-01-27 06:30:00,60.52000045776367,60.540000915527344,60.34999847412109,60.5,1109
2026-01-27 07:00:00,60.34999847412109,60.540000915527344,60.34999847412109,60.52000045776367,1476
2026-01-27 07:30:00,60.380001068115234,60.45000076293945,60.290000915527344,60.36000061035156,1713
2026-01-27 08:00:00,60.18999862670898,60.4900016784668,60.18000030517578,60.38999938964844,3704
2026-01-27 08:30:00,60.43000030517578,60.43999862670898,60.13999938964844,60.18999862670898,4899
2026-01-27 09:00:00,60.61000061035156,60.650001525878906,60.290000915527344,60.43000030517578,3599
2026-01-27 09:30:00,60.63999938964844,60.70000076293945,60.5099983215332,60.619998931884766,3564
2026-01-27 10:00:00,60.84000015258789,61.0,60.619998931884766,60.650001525878906,6067
2026-01-27 10:30:00,60.93999862670898,61.02999877929688,60.81999969482422,60.84000015258789,3892
2026-01-27 11:00:00,60.77999877929688,60.97999954223633,60.77000045776367,60.93000030517578,2520
2026-01-27 11:30:00,60.61000061035156,60.79999923706055,60.56999969482422,60.77000045776367,3829
2026-01-27 12:00:00,60.56999969482422,60.68999862670898,60.47999954223633,60.61000061035156,4495
2026-01-27 12:30:00,60.650001525878906,60.720001220703125,60.43999862670898,60.56999969482422,3706
2026-01-27 13:00:00,61.130001068115234,61.150001525878906,60.61000061035156,60.650001525878906,8711
2026-01-27 13:30:00,61.77999877929688,61.86000061035156,61.09999847412109,61.130001068115234,29769
2026-01-27 14:00:00,61.16999816894531,61.810001373291016,61.11000061035156,61.77999877929688,25334
2026-01-27 14:30:00,61.27999877929688,61.33000183105469,60.93999862670898,61.16999816894531,19812
2026-01-27 15:00:00,61.2400016784668,61.41999816894531,61.09999847412109,61.27999877929688,14886
2026-01-27 15:30:00,61.68999862670898,61.709999084472656,61.220001220703125,61.22999954223633,11656
2026-01-27 16:00:00,61.86000061035156,61.959999084472656,61.619998931884766,61.70000076293945,17400
2026-01-27 16:30:00,61.900001525878906,61.97999954223633,61.84000015258789,61.869998931884766,11916
2026-01-27 17:00:00,62.08000183105469,62.09000015258789,61.86000061035156,61.88999938964844,14110
2026-01-27 17:30:00,62.08000183105469,62.18999862670898,61.97999954223633,62.06999969482422,14290
2026-01-27 18:00:00,62.130001068115234,62.2400016784668,62.0099983215332,62.08000183105469,12144
2026-01-27 18:30:00,61.95000076293945,62.130001068115234,61.91999816894531,62.119998931884766,13505
2026-01-27 19:00:00,62.38999938964844,62.43999862670898,61.93999862670898,61.959999084472656,30663
2026-01-27 19:30:00,62.18999862670898,62.58000183105469,62.130001068115234,62.380001068115234,21220
2026-01-27 20:00:00,62.34000015258789,62.36000061035156,62.18000030517578,62.20000076293945,5628
2026-01-27 20:30:00,62.560001373291016,62.630001068115234,62.220001220703125,62.34000015258789,7262
2026-01-27 21:00:00,62.459999084472656,62.56999969482422,62.369998931884766,62.560001373291016,8411
2026-01-27 21:30:00,62.56999969482422,62.58000183105469,62.40999984741211,62.459999084472656,3261
2026-01-27 23:00:00,62.58000183105469,62.66999816894531,62.52999877929688,62.58000183105469,1024
2026-01-27 23:30:00,62.540000915527344,62.59000015258789,62.459999084472656,62.58000183105469,716
2026-01-28 00:00:00,62.54999923706055,62.650001525878906,62.470001220703125,62.540000915527344,1330
2026-01-28 00:30:00,62.52999877929688,62.56999969482422,62.470001220703125,62.54999923706055,959
2026-01-28 01:00:00,62.4900016784668,62.63999938964844,62.34000015258789,62.52000045776367,4039
2026-01-28 01:30:00,62.45000076293945,62.61000061035156,62.43999862670898,62.4900016784668,1023
2026-01-28 02:00:00,62.61000061035156,62.650001525878906,62.38999938964844,62.45000076293945,1407
2026-01-28 02:30:00,62.63999938964844,62.72999954223633,62.54999923706055,62.61000061035156,1797
2026-01-28 03:00:00,62.81999969482422,62.86000061035156,62.630001068115234,62.63999938964844,2136
2026-01-28 03:30:00,62.70000076293945,62.81999969482422,62.650001525878906,62.81999969482422,1457
2026-01-28 04:00:00,62.790000915527344,62.79999923706055,62.68000030517578,62.709999084472656,1108
2026-01-28 04:30:00,62.81999969482422,62.84999847412109,62.68999862670898,62.790000915527344,1503
2026-01-28 05:00:00,62.77999877929688,62.83000183105469,62.77999877929688,62.81999969482422,464
2026-01-28 05:30:00,62.869998931884766,62.880001068115234,62.7599983215332,62.77999877929688,996
2026-01-28 06:00:00,62.77000045776367,63.0,62.77000045776367,62.869998931884766,3515
2026-01-28 06:30:00,62.77000045776367,62.88999938964844,62.72999954223633,62.77000045776367,1199
2026-01-28 07:00:00,62.52000045776367,62.77999877929688,62.5099983215332,62.77000045776367,3224
2026-01-28 07:30:00,62.5,62.58000183105469,62.400001525878906,62.52000045776367,3967
2026-01-28 08:00:00,62.4900016784668,62.560001373291016,62.40999984741211,62.5,4348
2026-01-28 08:30:00,62.709999084472656,62.79999923706055,62.43999862670898,62.4900016784668,5884
2026-01-28 09:00:00,62.2599983215332,62.720001220703125,62.2599983215332,62.709999084472656,6230
2026-01-28 09:30:00,62.16999816894531,62.33000183105469,62.06999969482422,62.27000045776367,6835
2026-01-28 10:00:00,62.18000030517578,62.290000915527344,62.11000061035156,62.15999984741211,3919
2026-01-28 10:30:00,62.13999938964844,62.25,62.09999847412109,62.18000030517578,2527
2026-01-28 11:00:00,62.43000030517578,62.45000076293945,62.11000061035156,62.130001068115234,3585
2026-01-28 11:30:00,62.56999969482422,62.59999847412109,62.310001373291016,62.43000030517578,3803
2026-01-28 12:00:00,62.709999084472656,63.16999816894531,62.400001525878906,62.58000183105469,20041
2026-01-28 12:30:00,62.810001373291016,62.93000030517578,62.630001068115234,62.720001220703125,8129
2026-01-28 13:00:00,63.11000061035156,63.119998931884766,62.7599983215332,62.810001373291016,14954
2026-01-28 13:30:00,63.34999847412109,63.38999938964844,62.9900016784668,63.11000061035156,16527
2026-01-28 14:00:00,63.040000915527344,63.52000045776367,62.869998931884766,63.34999847412109,41235
2026-01-28 14:30:00,63.18000030517578,63.2400016784668,62.959999084472656,63.04999923706055,15684
2026-01-28 15:00:00,62.970001220703125,63.2599983215332,62.63999938964844,63.18000030517578,20380
2026-01-28 15:30:00,62.959999084472656,63.119998931884766,62.83000183105469,62.959999084472656,15611
2026-01-28 16:00:00,62.90999984741211,63.09000015258789,62.880001068115234,62.970001220703125,11854
2026-01-28 16:30:00,62.7400016784668,62.970001220703125,62.68999862670898,62.90999984741211,14676
2026-01-28 17:00:00,62.70000076293945,62.79999923706055,62.540000915527344,62.7400016784668,10902
2026-01-28 17:30:00,62.7400016784668,62.93000030517578,62.68000030517578,62.70000076293945,8518
2026-01-28 18:00:00,62.790000915527344,62.880001068115234,62.70000076293945,62.72999954223633,6285
2026-01-28 18:30:00,63.09999847412109,63.18000030517578,62.77999877929688,62.790000915527344,9166
2026-01-28 19:00:00,63.15999984741211,63.290000915527344,63.040000915527344,63.11000061035156,18387
2026-01-28 19:30:00,63.22999954223633,63.2599983215332,63.08000183105469,63.15999984741211,7382
2026-01-28 20:00:00,63.380001068115234,63.45000076293945,63.220001220703125,63.220001220703125,6491
2026-01-28 20:30:00,63.380001068115234,63.470001220703125,63.369998931884766,63.380001068115234,2826
2026-01-28 21:00:00,63.5099983215332,63.56999969482422,63.31999969482422,63.369998931884766,8618
2026-01-28 21:30:00,63.5,63.540000915527344,63.45000076293945,63.5099983215332,2218
2026-01-28 23:00:00,63.63999938964844,63.66999816894531,63.369998931884766,63.5,1341
2026-01-28 23:30:00,63.380001068115234,63.83000183105469,63.27999877929688,63.630001068115234,4702
2026-01-29 00:00:00,63.54999923706055,63.66999816894531,63.310001373291016,63.38999938964844,2043
2026-01-29 00:30:00,63.540000915527344,63.650001525878906,63.5099983215332,63.540000915527344,731
2026-01-29 01:00:00,63.65999984741211,63.75,63.43000030517578,63.52999877929688,4102
2026-01-29 01:30:00,63.81999969482422,63.83000183105469,63.650001525878906,63.66999816894531,2198
2026-01-29 02:00:00,63.83000183105469,63.84000015258789,63.63999938964844,63.81999969482422,1381
2026-01-29 02:30:00,64.0199966430664,64.05999755859375,63.79999923706055,63.83000183105469,4336
2026-01-29 03:00:00,64.02999877929688,64.08999633789062,63.97999954223633,64.02999877929688,2106
2026-01-29 03:30:00,64.05999755859375,64.0999984741211,63.91999816894531,64.02999877929688,1299
2026-01-29 04:00:00,64.27999877929688,64.30000305175781,64.05000305175781,64.06999969482422,2658
2026-01-29 04:30:00,64.33000183105469,64.37999725341797,64.18000030517578,64.2699966430664,2260
2026-01-29 05:00:00,64.16999816894531,64.30999755859375,64.12000274658203,64.30999755859375,1702
2026-01-29 05:30:00,64.12999725341797,64.22000122070312,64.0199966430664,64.18000030517578,1595
2026-01-29 06:00:00,64.13999938964844,64.16999816894531,64.0199966430664,64.12999725341797,982
2026-01-29 06:30:00,64.19000244140625,64.4800033569336,64.11000061035156,64.12999725341797,5011
2026-01-29 07:00:00,64.13999938964844,64.4000015258789,64.12000274658203,64.19000244140625,3480
2026-01-29 07:30:00,64.08000183105469,64.2699966430664,64.02999877929688,64.13999938964844,3363
2026-01-29 08:00:00,64.20999908447266,64.2699966430664,64.05000305175781,64.08000183105469,4357
2026-01-29 08:30:00,64.62000274658203,64.66999816894531,64.16999816894531,64.20999908447266,7330
2026-01-29 09:00:00,64.7699966430664,64.80000305175781,64.36000061035156,64.62999725341797,6694
2026-01-29 09:30:00,64.8499984741211,65.08999633789062,64.76000213623047,64.79000091552734,9018
2026-01-29 10:00:00,64.44999694824219,64.87000274658203,64.4000015258789,64.8499984741211,7088
2026-01-29 10:30:00,64.7300033569336,64.83999633789062,64.31999969482422,64.44999694824219,6879
2026-01-29 11:00:00,64.55999755859375,64.7300033569336,64.37000274658203,64.72000122070312,6566
2026-01-29 11:30:00,64.7300033569336,64.91999816894531,64.56999969482422,64.56999969482422,4589
2026-01-29 12:00:00,64.75,64.87999725341797,64.58999633789062,64.72000122070312,5678
2026-01-29 12:30:00,64.69000244140625,64.86000061035156,64.6500015258789,64.75,6746
2026-01-29 13:00:00,65.19999694824219,65.41000366210938,64.62000274658203,64.69000244140625,16027
2026-01-29 13:30:00,65.44999694824219,65.62999725341797,65.0199966430664,65.19999694824219,32469
2026-01-29 14:00:00,66.2699966430664,66.4000015258789,65.4000015258789,65.45999908447266,49544
2026-01-29 14:30:00,66.12999725341797,66.4800033569336,65.9800033569336,66.27999877929688,41034
2026-01-29 15:00:00,65.12000274658203,66.19000244140625,64.86000061035156,66.12999725341797,53454
2026-01-29 15:30:00,65.43000030517578,65.48999786376953,64.63999938964844,65.12000274658203,34291
2026-01-29 16:00:00,65.58000183105469,65.75,65.13999938964844,65.43000030517578,26543
2026-01-29 16:30:00,65.23999786376953,65.70999908447266,64.87999725341797,65.58999633789062,25450
2026-01-29 17:00:00,65.55999755859375,65.63999938964844,65.06999969482422,65.25,21826
2026-01-29 17:30:00,65.5,65.68000030517578,65.30999755859375,65.55999755859375,15538
2026-01-29 18:00:00,65.16999816894531,65.58999633789062,65.08999633789062,65.48999786376953,13926
2026-01-29 18:30:00,65.12000274658203,65.43000030517578,64.9000015258789,65.16000366210938,20558
2026-01-29 19:00:00,65.37999725341797,65.58999633789062,65.06999969482422,65.12999725341797,30304
2026-01-29 19:30:00,65.37999725341797,65.5,65.1500015258789,65.38999938964844,11185
2026-01-29 20:00:00,65.81999969482422,65.93000030517578,65.3499984741211,65.37000274658203,10484
2026-01-29 20:30:00,65.4800033569336,65.81999969482422,65.41999816894531,65.81999969482422,8760
2026-01-29 21:00:00,65.26000213623047,65.4800033569336,65.22000122070312,65.47000122070312,3525
2026-01-29 21:30:00,65.51000213623047,65.5199966430664,65.23999786376953,65.26000213623047,3144
2026-01-29 23:00:00,65.6500015258789,65.87000274658203,65.37999725341797,65.5199966430664,1991
2026-01-29 23:30:00,65.58999633789062,65.7300033569336,65.51000213623047,65.62999725341797,1406
2026-01-30 00:00:00,65.36000061035156,65.69999694824219,65.12999725341797,65.58000183105469,2896
2026-01-30 00:30:00,65.36000061035156,65.54000091552734,64.0999984741211,65.37000274658203,8086
2026-01-30 01:00:00,64.98999786376953,65.56999969482422,64.94000244140625,65.36000061035156,5552
2026-01-30 01:30:00,64.7699966430664,65.18000030517578,64.68000030517578,64.98999786376953,4008
2026-01-30 02:00:00,64.18000030517578,64.83000183105469,64.11000061035156,64.79000091552734,6800
2026-01-30 02:30:00,64.45999908447266,64.5,63.63999938964844,64.18000030517578,9671
2026-01-30 03:00:00,64.36000061035156,65.41999816894531,64.11000061035156,65.41999816894531,3007
2026-01-30 03:30:00,64.23999786376953,64.38999938964844,64.1500015258789,64.3499984741211,1389
2026-01-30 04:00:00,64.36000061035156,64.41999816894531,64.2300033569336,64.23999786376953,1856
2026-01-30 04:30:00,64.33999633789062,64.44000244140625,64.30999755859375,64.37000274658203,1412
2026-01-30 05:00:00,64.30000305175781,64.44000244140625,64.23999786376953,64.31999969482422,2228
2026-01-30 05:30:00,64.4800033569336,64.73999786376953,64.29000091552734,64.29000091552734,3393
2026-01-30 06:00:00,64.29000091552734,64.48999786376953,64.25,64.47000122070312,1972
2026-01-30 06:30:00,64.0199966430664,64.37999725341797,63.97999954223633,64.27999877929688,2363
2026-01-30 07:00:00,64.33000183105469,64.33999633789062,64.01000213623047,64.04000091552734,2883
2026-01-30 07:30:00,64.16000366210938,64.38999938964844,64.16000366210938,64.31999969482422,2721
2026-01-30 08:00:00,64.26000213623047,64.4800033569336,64.08999633789062,64.1500015258789,5609
2026-01-30 08:30:00,64.51000213623047,64.69999694824219,64.1500015258789,64.26000213623047,7348
2026-01-30 09:00:00,64.94000244140625,65.06999969482422,64.4800033569336,64.5,8068
2026-01-30 09:30:00,64.68000030517578,65.0999984741211,64.52999877929688,64.94000244140625,6589
2026-01-30 10:00:00,64.55999755859375,64.69000244140625,64.22000122070312,64.68000030517578,6913
2026-01-30 10:30:00,64.62999725341797,64.87999725341797,64.48999786376953,64.55999755859375,4306
2026-01-30 11:00:00,65.01000213623047,65.0199966430664,64.62999725341797,64.62999725341797,5755
2026-01-30 11:30:00,65.0199966430664,65.06999969482422,64.30000305175781,65.01000213623047,17793
2026-01-30 12:00:00,65.02999877929688,65.16999816894531,64.87000274658203,65.0199966430664,5287
2026-01-30 12:30:00,65.23999786376953,65.36000061035156,64.95999908447266,65.02999877929688,11379
2026-01-30 13:00:00,65.2300033569336,65.37999725341797,64.9800033569336,65.25,11206
2026-01-30 13:30:00,65.30999755859375,65.44000244140625,64.91000366210938,65.2300033569336,10992
2026-01-30 14:00:00,65.69999694824219,65.80000305175781,65.27999877929688,65.30000305175781,22870
2026-01-30 14:30:00,65.69000244140625,65.91999816894531,65.4800033569336,65.69000244140625,19888
2026-01-30 15:00:00,65.33999633789062,65.79000091552734,65.29000091552734,65.69000244140625,14386
2026-01-30 15:30:00,65.61000061035156,65.72000122070312,65.30999755859375,65.33999633789062,13167
2026-01-30 16:00:00,65.98999786376953,66.0199966430664,65.44999694824219,65.62000274658203,20572
2026-01-30 16:30:00,65.69000244140625,66.11000061035156,65.55000305175781,65.9800033569336,18230
2026-01-30 17:00:00,64.63999938964844,65.83999633789062,64.55000305175781,65.69000244140625,35218
2026-01-30 17:30:00,64.52999877929688,64.91999816894531,64.33999633789062,64.62999725341797,20228
2026-01-30 18:00:00,64.4000015258789,64.62999725341797,64.2300033569336,64.52999877929688,17984
2026-01-30 18:30:00,64.69000244140625,64.77999877929688,64.18000030517578,64.4000015258789,14161
2026-01-30 19:00:00,65.19000244140625,65.25,64.66999816894531,64.69999694824219,26612
2026-01-30 19:30:00,65.56999969482422,65.68000030517578,65.19000244140625,65.19000244140625,11272
2026-01-30 20:00:00,65.80000305175781,65.83999633789062,65.55000305175781,65.56999969482422,6863
2026-01-30 20:30:00,65.7699966430664,65.91999816894531,65.72000122070312,65.80000305175781,6203
2026-01-30 21:00:00,65.80000305175781,65.87000274658203,65.7300033569336,65.7699966430664,3037
2026-01-30 21:30:00,65.72000122070312,65.79000091552734,65.69000244140625,65.79000091552734,3221
2026-02-01 23:00:00,63.310001373291016,63.61000061035156,63.08000183105469,63.220001220703125,6792
2026-02-01 23:30:00,63.27000045776367,63.43999862670898,63.2400016784668,63.290000915527344,3297
2026-02-02 00:00:00,63.619998931884766,63.77999877929688,63.2599983215332,63.27999877929688,3474
2026-02-02 00:30:00,63.70000076293945,63.79999923706055,63.56999969482422,63.61000061035156,1749
2026-02-02 01:00:00,63.04999923706055,63.720001220703125,62.93000030517578,63.709999084472656,12626
2026-02-02 01:30:00,63.02999877929688,63.150001525878906,62.61000061035156,63.04999923706055,7028
2026-02-02 02:00:00,62.84999847412109,63.119998931884766,62.83000183105469,63.02999877929688,1656
2026-02-02 02:30:00,62.43999862670898,62.95000076293945,62.31999969482422,62.84000015258789,4977
2026-02-02 03:00:00,62.38999938964844,62.650001525878906,62.29999923706055,62.43000030517578,4431
2026-02-02 03:30:00,62.290000915527344,62.540000915527344,62.27999877929688,62.400001525878906,2183
2026-02-02 04:00:00,62.18000030517578,62.33000183105469,62.11000061035156,62.29999923706055,3028
2026-02-02 04:30:00,62.20000076293945,62.310001373291016,62.119998931884766,62.18000030517578,1845
2026-02-02 05:00:00,61.91999816894531,62.20000076293945,61.83000183105469,62.18000030517578,5997
2026-02-02 05:30:00,61.59999847412109,61.93000030517578,61.43000030517578,61.91999816894531,6581
2026-02-02 06:00:00,61.70000076293945,61.790000915527344,61.459999084472656,61.59999847412109,3520
2026-02-02 06:30:00,61.66999816894531,61.869998931884766,61.560001373291016,61.68999862670898,4328
2026-02-02 07:00:00,62.02000045776367,62.25,61.65999984741211,61.65999984741211,5889
2026-02-02 07:30:00,61.90999984741211,62.040000915527344,61.709999084472656,62.02999877929688,5615
2026-02-02 08:00:00,62.18000030517578,62.20000076293945,61.68999862670898,61.91999816894531,8630
2026-02-02 08:30:00,61.65999984741211,62.369998931884766,61.65999984741211,62.16999816894531,8445
2026-02-02 09:00:00,61.77999877929688,61.84000015258789,61.38999938964844,61.66999816894531,10109
2026-02-02 09:30:00,62.11000061035156,62.130001068115234,61.709999084472656,61.77000045776367,5987
2026-02-02 10:00:00,62.060001373291016,62.27999877929688,61.93999862670898,62.09999847412109,6525
2026-02-02 10:30:00,61.90999984741211,62.15999984741211,61.75,62.060001373291016,4711
2026-02-02 11:00:00,61.86000061035156,61.9900016784668,61.720001220703125,61.900001525878906,3643
2026-02-02 11:30:00,61.86000061035156,62.02000045776367,61.61000061035156,61.86000061035156,4334
2026-02-02 12:00:00,62.15999984741211,62.25,61.86000061035156,61.86000061035156,5293
2026-02-02 12:30:00,62.119998931884766,62.29999923706055,61.97999954223633,62.15999984741211,5012
2026-02-02 13:00:00,61.790000915527344,62.119998931884766,61.58000183105469,62.119998931884766,11812
2026-02-02 13:30:00,62.11000061035156,62.119998931884766,61.720001220703125,61.790000915527344,10611
2026-02-02 14:00:00,62.41999816894531,62.560001373291016,62.040000915527344,62.119998931884766,19669
2026-02-02 14:30:00,62.060001373291016,62.43000030517578,61.9900016784668,62.40999984741211,17598
2026-02-02 15:00:00,62.02000045776367,62.56999969482422,61.93999862670898,62.060001373291016,30791
2026-02-02 15:30:00,61.95000076293945,62.400001525878906,61.790000915527344,62.0099983215332,17586
2026-02-02 16:00:00,62.060001373291016,62.16999816894531,61.75,61.93999862670898,18288
2026-02-02 16:30:00,61.970001220703125,62.209999084472656,61.75,62.06999969482422,13881
2026-02-02 17:00:00,61.790000915527344,61.97999954223633,61.65999984741211,61.970001220703125,10803
2026-02-02 17:30:00,61.77000045776367,61.95000076293945,61.709999084472656,61.77999877929688,8603
2026-02-02 18:00:00,61.88999938964844,62.08000183105469,61.7400016784668,61.7599983215332,8630
2026-02-02 18:30:00,61.72999954223633,61.95000076293945,61.540000915527344,61.900001525878906,10233
2026-02-02 19:00:00,62.18999862670898,62.220001220703125,61.58000183105469,61.720001220703125,25059
2026-02-02 19:30:00,62.04999923706055,62.20000076293945,61.90999984741211,62.18999862670898,7172
2026-02-02 20:00:00,62.16999816894531,62.209999084472656,62.02999877929688,62.060001373291016,2709
2026-02-02 20:30:00,62.25,62.29999923706055,62.13999938964844,62.16999816894531,3359
2026-02-02 21:00:00,62.25,62.310001373291016,62.18000030517578,62.25,2934
2026-02-02 21:30:00,62.33000183105469,62.369998931884766,62.15999984741211,62.2400016784668,1664
2026-02-02 23:00:00,62.02000045776367,62.290000915527344,62.0,62.27999877929688,1611
2026-02-02 23:30:00,61.93999862670898,62.09000015258789,61.790000915527344,62.0099983215332,1428
2026-02-03 00:00:00,61.97999954223633,62.04999923706055,61.88999938964844,61.93999862670898,613
2026-02-03 00:30:00,61.97999954223633,62.02000045776367,61.93999862670898,61.97999954223633,514
2026-02-03 01:00:00,62.41999816894531,62.459999084472656,61.97999954223633,62.0,3668
2026-02-03 01:30:00,62.34999847412109,62.459999084472656,62.2599983215332,62.40999984741211,1158
2026-02-03 02:00:00,61.72999954223633,62.380001068115234,61.709999084472656,62.34999847412109,3837
2026-02-03 02:30:00,61.7599983215332,61.77999877929688,61.54999923706055,61.709999084472656,2694
2026-02-03 03:00:00,61.810001373291016,61.84000015258789,61.61000061035156,61.7400016784668,1635
2026-02-03 03:30:00,61.93000030517578,62.0,61.810001373291016,61.810001373291016,1130
2026-02-03 04:00:00,61.869998931884766,62.02000045776367,61.869998931884766,61.93000030517578,600
2026-02-03 04:30:00,61.91999816894531,62.0,61.81999969482422,61.869998931884766,958
2026-02-03 05:00:00,61.88999938964844,61.970001220703125,61.79999923706055,61.91999816894531,720
2026-02-03 05:30:00,61.869998931884766,61.959999084472656,61.79999923706055,61.88999938964844,813
2026-02-03 06:00:00,61.869998931884766,61.91999816894531,61.75,61.869998931884766,1079
2026-02-03 06:30:00,61.84000015258789,61.91999816894531,61.7599983215332,61.88999938964844,687
2026-02-03 07:00:00,61.84999847412109,61.970001220703125,61.720001220703125,61.81999969482422,1628
2026-02-03 07:30:00,61.90999984741211,62.060001373291016,61.84999847412109,61.86000061035156,2412
2026-02-03 08:00:00,62.02000045776367,62.09000015258789,61.84999847412109,61.91999816894531,3435
2026-02-03 08:30:00,61.619998931884766,62.15999984741211,61.34000015258789,62.02000045776367,9356
2026-02-03 09:00:00,61.27999877929688,61.63999938964844,61.119998931884766,61.619998931884766,8051
2026-02-03 09:30:00,61.72999954223633,61.869998931884766,61.2599983215332,61.290000915527344,5329
2026-02-03 10:00:00,62.2400016784668,62.2599983215332,61.7400016784668,61.7400016784668,4715
2026-02-03 10:30:00,62.220001220703125,62.34000015258789,62.15999984741211,62.22999954223633,4458
2026-02-03 11:00:00,62.22999954223633,62.2599983215332,62.09999847412109,62.220001220703125,3447
2026-02-03 11:30:00,62.34999847412109,62.400001525878906,62.130001068115234,62.22999954223633,3944
2026-02-03 12:00:00,62.380001068115234,62.52000045776367,62.209999084472656,62.34999847412109,5595
2026-02-03 12:30:00,62.560001373291016,62.59000015258789,62.31999969482422,62.380001068115234,4360
2026-02-03 13:00:00,62.540000915527344,62.59999847412109,62.34999847412109,62.560001373291016,6795
2026-02-03 13:30:00,62.59999847412109,62.709999084472656,62.45000076293945,62.52999877929688,8204
2026-02-03 14:00:00,62.720001220703125,62.86000061035156,62.38999938964844,62.59999847412109,14418
2026-02-03 14:30:00,62.7400016784668,63.130001068115234,62.54999923706055,62.709999084472656,21111
2026-02-03 15:00:00,62.77000045776367,62.86000061035156,62.52000045776367,62.72999954223633,11730
2026-02-03 15:30:00,62.7400016784668,62.970001220703125,62.72999954223633,62.77999877929688,12237
2026-02-03 16:00:00,62.88999938964844,63.0,62.619998931884766,62.7400016784668,16444
2026-02-03 16:30:00,62.66999816894531,63.0,62.52000045776367,62.88999938964844,18640
2026-02-03 17:00:00,63.130001068115234,63.7400016784668,62.52000045776367,62.66999816894531,49254
2026-02-03 17:30:00,63.13999938964844,63.400001525878906,62.900001525878906,63.119998931884766,14377
2026-02-03 18:00:00,62.880001068115234,63.209999084472656,62.59999847412109,63.13999938964844,19533
2026-02-03 18:30:00,63.09000015258789,63.36000061035156,62.869998931884766,62.880001068115234,11150
2026-02-03 19:00:00,63.15999984741211,63.34999847412109,62.70000076293945,63.09000015258789,36134
2026-02-03 19:30:00,63.47999954223633,63.56999969482422,63.11000061035156,63.150001525878906,9016
2026-02-03 20:00:00,63.83000183105469,63.91999816894531,63.459999084472656,63.470001220703125,6807
2026-02-03 20:30:00,64.08000183105469,64.20999908447266,63.810001373291016,63.83000183105469,7585
2026-02-03 21:00:00,63.959999084472656,64.13999938964844,63.91999816894531,64.08999633789062,3127
2026-02-03 21:30:00,63.900001525878906,64.1500015258789,63.540000915527344,63.959999084472656,7382
2026-02-03 23:00:00,63.77000045776367,63.84000015258789,63.709999084472656,63.79999923706055,317
2026-02-03 23:30:00,63.7599983215332,63.790000915527344,63.630001068115234,63.77000045776367,677
2026-02-04 00:00:00,63.84000015258789,63.88999938964844,63.720001220703125,63.75,650
2026-02-04 00:30:00,63.7599983215332,63.900001525878906,63.75,63.83000183105469,458
2026-02-04 01:00:00,64.11000061035156,64.13999938964844,63.470001220703125,63.77000045776367,4090
2026-02-04 01:30:00,64.05000305175781,64.16999816894531,63.970001220703125,64.12000274658203,1223
2026-02-04 02:00:00,64.01000213623047,64.13999938964844,63.95000076293945,64.05000305175781,1389
2026-02-04 02:30:00,63.65999984741211,64.02999877929688,63.540000915527344,64.01000213623047,2469
2026-02-04 03:00:00,63.720001220703125,63.79999923706055,63.58000183105469,63.65999984741211,1163
2026-02-04 03:30:00,63.84000015258789,63.880001068115234,63.70000076293945,63.720001220703125,937
2026-02-04 04:00:00,63.810001373291016,63.84999847412109,63.77000045776367,63.84000015258789,491
2026-02-04 04:30:00,63.84000015258789,63.900001525878906,63.810001373291016,63.810001373291016,699
2026-02-04 05:00:00,63.81999969482422,63.86000061035156,63.75,63.84000015258789,630
2026-02-04 05:30:00,63.75,63.84999847412109,63.7400016784668,63.81999969482422,702
2026-02-04 06:00:00,63.68999862670898,63.83000183105469,63.65999984741211,63.75,839
2026-02-04 06:30:00,63.72999954223633,63.83000183105469,63.630001068115234,63.68000030517578,887
2026-02-04 07:00:00,63.45000076293945,63.810001373291016,63.2599983215332,63.7400016784668,3568
2026-02-04 07:30:00,63.36000061035156,63.52000045776367,63.29999923706055,63.43999862670898,2761
2026-02-04 08:00:00,63.52999877929688,63.70000076293945,63.33000183105469,63.36000061035156,3516
2026-02-04 08:30:00,63.16999816894531,63.540000915527344,62.95000076293945,63.52999877929688,6679
2026-02-04 09:00:00,63.20000076293945,63.290000915527344,63.08000183105469,63.16999816894531,3164
2026-02-04 09:30:00,63.7400016784668,63.77999877929688,63.209999084472656,63.209999084472656,5160
2026-02-04 10:00:00,63.68999862670898,63.7599983215332,63.54999923706055,63.72999954223633,2808
2026-02-04 10:30:00,63.52999877929688,63.790000915527344,63.43999862670898,63.68999862670898,2794
2026-02-04 11:00:00,63.36000061035156,63.52999877929688,63.27000045776367,63.52999877929688,2839
2026-02-04 11:30:00,63.310001373291016,63.52000045776367,63.2599983215332,63.34999847412109,2409
2026-02-04 12:00:00,63.34000015258789,63.52999877929688,63.22999954223633,63.29999923706055,3038
2026-02-04 12:30:00,63.400001525878906,63.61000061035156,63.27999877929688,63.34000015258789,4599
2026-02-04 13:00:00,63.34999847412109,63.4900016784668,63.22999954223633,63.400001525878906,6620
2026-02-04 13:30:00,62.88999938964844,63.36000061035156,62.86000061035156,63.34000015258789,9848
2026-02-04 14:00:00,63.27999877929688,63.29999923706055,62.86000061035156,62.900001525878906,13650
2026-02-04 14:30:00,63.27000045776367,63.5,63.18999862670898,63.27000045776367,15436
2026-02-04 15:00:00,63.459999084472656,63.63999938964844,63.130001068115234,63.25,14385
2026-02-04 15:30:00,63.310001373291016,63.59999847412109,63.02999877929688,63.459999084472656,20645
2026-02-04 16:00:00,63.13999938964844,63.36000061035156,62.97999954223633,63.31999969482422,12164
2026-02-04 16:30:00,63.540000915527344,63.56999969482422,63.150001525878906,63.150001525878906,8657
2026-02-04 17:00:00,64.69000244140625,64.7300033569336,63.4900016784668,63.52999877929688,39287
2026-02-04 17:30:00,65.12999725341797,65.52999877929688,64.2699966430664,64.69000244140625,55061
2026-02-04 18:00:00,65.2699966430664,65.29000091552734,64.8499984741211,65.13999938964844,20099
2026-02-04 18:30:00,65.05999755859375,65.38999938964844,64.63999938964844,65.27999877929688,31264
2026-02-04 19:00:00,65.12999725341797,65.45999908447266,64.93000030517578,65.04000091552734,52067
2026-02-04 19:30:00,64.2300033569336,65.23999786376953,63.630001068115234,65.12999725341797,38856
2026-02-04 20:00:00,64.33999633789062,64.5,64.16999816894531,64.23999786376953,6958
2026-02-04 20:30:00,64.30999755859375,64.62999725341797,64.2699966430664,64.33999633789062,3572
2026-02-04 21:00:00,64.37000274658203,64.44000244140625,64.26000213623047,64.31999969482422,2778
2026-02-04 21:30:00,64.47000122070312,64.55000305175781,64.36000061035156,64.37000274658203,1847
2026-02-04 23:00:00,64.38999938964844,64.6500015258789,64.01000213623047,64.48999786376953,1040
2026-02-04 23:30:00,64.41999816894531,64.47000122070312,64.36000061035156,64.4000015258789,466
2026-02-05 00:00:00,64.48999786376953,64.62999725341797,64.33999633789062,64.41000366210938,989
2026-02-05 00:30:00,64.38999938964844,64.55000305175781,64.3499984741211,64.4800033569336,690
2026-02-05 01:00:00,64.30000305175781,64.5199966430664,64.11000061035156,64.38999938964844,4034
2026-02-05 01:30:00,64.08000183105469,64.37000274658203,64.08000183105469,64.30999755859375,1544
2026-02-05 02:00:00,63.970001220703125,64.12999725341797,63.63999938964844,64.08999633789062,4530
2026-02-05 02:30:00,63.68999862670898,64.04000091552734,63.59000015258789,63.970001220703125,3494
2026-02-05 03:00:00,63.84000015258789,63.9900016784668,63.47999954223633,63.70000076293945,3408
2026-02-05 03:30:00,63.84000015258789,63.88999938964844,63.709999084472656,63.84999847412109,1051
2026-02-05 04:00:00,63.7599983215332,63.88999938964844,63.66999816894531,63.84000015258789,1299
2026-02-05 04:30:00,63.790000915527344,63.81999969482422,63.7400016784668,63.7599983215332,333
2026-02-05 05:00:00,63.7599983215332,63.790000915527344,63.59999847412109,63.7599983215332,1080
2026-02-05 05:30:00,63.70000076293945,63.880001068115234,63.630001068115234,63.75,1199
2026-02-05 06:00:00,63.81999969482422,63.81999969482422,63.68999862670898,63.70000076293945,648
2026-02-05 06:30:00,63.86000061035156,63.959999084472656,63.7599983215332,63.83000183105469,1136
2026-02-05 07:00:00,64.0,64.05000305175781,63.79999923706055,63.880001068115234,2234
2026-02-05 07:30:00,64.02999877929688,64.12000274658203,63.81999969482422,64.01000213623047,2715
2026-02-05 08:00:00,64.0,64.16000366210938,63.959999084472656,64.02999877929688,2884
2026-02-05 08:30:00,64.12000274658203,64.25,63.95000076293945,64.0,4336
2026-02-05 09:00:00,64.4000015258789,64.41000366210938,63.959999084472656,64.12000274658203,5120
2026-02-05 09:30:00,64.19000244140625,64.41000366210938,64.11000061035156,64.4000015258789,2883
2026-02-05 10:00:00,64.25,64.33000183105469,64.12000274658203,64.18000030517578,2708
2026-02-05 10:30:00,64.1500015258789,64.41999816894531,64.12000274658203,64.2300033569336,2901
2026-02-05 11:00:00,64.45999908447266,64.55000305175781,64.06999969482422,64.13999938964844,6656
2026-02-05 11:30:00,64.55000305175781,64.55000305175781,64.1500015258789,64.45999908447266,4684
2026-02-05 12:00:00,64.12999725341797,64.66999816894531,64.0199966430664,64.55999755859375,6531
2026-02-05 12:30:00,63.81999969482422,64.12999725341797,63.58000183105469,64.12999725341797,9548
2026-02-05 13:00:00,63.709999084472656,64.01000213623047,63.43000030517578,63.810001373291016,10088
2026-02-05 13:30:00,63.34999847412109,63.81999969482422,63.22999954223633,63.709999084472656,12000
2026-02-05 14:00:00,63.5,63.59000015258789,63.02000045776367,63.36000061035156,25154
2026-02-05 14:30:00,63.560001373291016,63.68000030517578,63.22999954223633,63.5,23645
2026-02-05 15:00:00,63.0099983215332,63.59000015258789,62.93000030517578,63.54999923706055,16851
2026-02-05 15:30:00,63.02000045776367,63.08000183105469,62.650001525878906,63.0099983215332,18391
2026-02-05 16:00:00,63.16999816894531,63.290000915527344,62.7599983215332,63.02999877929688,17561
2026-02-05 16:30:00,63.58000183105469,63.59000015258789,63.150001525878906,63.18000030517578,16255
2026-02-05 17:00:00,63.58000183105469,63.66999816894531,63.380001068115234,63.59000015258789,10823
2026-02-05 17:30:00,63.59999847412109,63.869998931884766,63.52999877929688,63.58000183105469,8884
2026-02-05 18:00:00,63.38999938964844,63.68999862670898,63.34000015258789,63.59000015258789,8663
2026-02-05 18:30:00,63.380001068115234,63.5099983215332,63.29999923706055,63.38999938964844,8860
2026-02-05 19:00:00,63.2599983215332,63.47999954223633,63.220001220703125,63.380001068115234,45339
2026-02-05 19:30:00,63.18999862670898,63.290000915527344,62.93000030517578,63.2599983215332,22575
2026-02-05 20:00:00,63.36000061035156,63.45000076293945,63.15999984741211,63.18999862670898,7682
2026-02-05 20:30:00,63.27999877929688,63.43000030517578,63.15999984741211,63.369998931884766,8892
2026-02-05 21:00:00,63.09000015258789,63.310001373291016,63.040000915527344,63.27000045776367,2531
2026-02-05 21:30:00,63.119998931884766,63.2400016784668,63.0099983215332,63.06999969482422,2899
2026-02-05 23:00:00,63.02000045776367,63.13999938964844,62.959999084472656,63.09999847412109,368
2026-02-05 23:30:00,62.81999969482422,63.06999969482422,62.68999862670898,63.040000915527344,1472
2026-02-06 00:00:00,62.630001068115234,62.84000015258789,62.310001373291016,62.810001373291016,3387
2026-02-06 00:30:00,62.900001525878906,63.0,62.630001068115234,62.63999938964844,2001
2026-02-06 01:00:00,62.650001525878906,63.0099983215332,62.61000061035156,62.91999816894531,3506
2026-02-06 01:30:00,63.040000915527344,63.119998931884766,62.630001068115234,62.65999984741211,2404
2026-02-06 02:00:00,63.400001525878906,63.41999816894531,63.0099983215332,63.04999923706055,4132
2026-02-06 02:30:00,63.34999847412109,63.84999847412109,63.33000183105469,63.38999938964844,4613
2026-02-06 03:00:00,63.5099983215332,63.540000915527344,63.31999969482422,63.33000183105469,1102
2026-02-06 03:30:00,63.61000061035156,63.619998931884766,63.41999816894531,63.5,1006
2026-02-06 04:00:00,63.720001220703125,63.72999954223633,63.59999847412109,63.59999847412109,1394
2026-02-06 04:30:00,63.630001068115234,63.709999084472656,63.59000015258789,63.709999084472656,426
2026-02-06 05:00:00,63.77999877929688,63.810001373291016,63.61000061035156,63.650001525878906,916
2026-02-06 05:30:00,64.08999633789062,64.2699966430664,63.720001220703125,63.77999877929688,4225
2026-02-06 06:00:00,64.11000061035156,64.3499984741211,64.0,64.0999984741211,3674
2026-02-06 06:30:00,64.08999633789062,64.1500015258789,63.97999954223633,64.12000274658203,1620
2026-02-06 07:00:00,64.1500015258789,64.23999786376953,64.04000091552734,64.08000183105469,2521
2026-02-06 07:30:00,64.18000030517578,64.2699966430664,64.0199966430664,64.16000366210938,3234
2026-02-06 08:00:00,63.97999954223633,64.19000244140625,63.93999862670898,64.19000244140625,4027
2026-02-06 08:30:00,64.08000183105469,64.19999694824219,63.650001525878906,63.97999954223633,9743
2026-02-06 09:00:00,64.43000030517578,64.58000183105469,63.95000076293945,64.08999633789062,13198
2026-02-06 09:30:00,64.19000244140625,64.54000091552734,63.900001525878906,64.43000030517578,11133
2026-02-06 10:00:00,63.70000076293945,64.19000244140625,63.61000061035156,64.18000030517578,8566
2026-02-06 10:30:00,63.400001525878906,63.77000045776367,63.27000045776367,63.70000076293945,5607
2026-02-06 11:00:00,63.2400016784668,63.5,63.18000030517578,63.40999984741211,4815
2026-02-06 11:30:00,63.220001220703125,63.63999938964844,62.810001373291016,63.2400016784668,14516
2026-02-06 12:00:00,63.0099983215332,63.22999954223633,62.65999984741211,63.220001220703125,9368
2026-02-06 12:30:00,63.02000045776367,63.18999862670898,62.9900016784668,63.0,5052
2026-02-06 13:00:00,63.11000061035156,63.27999877929688,62.84999847412109,63.0099983215332,8316
2026-02-06 13:30:00,62.38999938964844,63.619998931884766,62.20000076293945,63.11000061035156,31976
2026-02-06 14:00:00,62.93000030517578,62.95000076293945,62.2599983215332,62.369998931884766,23092
2026-02-06 14:30:00,63.52999877929688,63.650001525878906,62.86000061035156,62.93000030517578,20754
2026-02-06 15:00:00,63.900001525878906,63.93999862670898,63.52000045776367,63.540000915527344,19575
2026-02-06 15:30:00,64.02999877929688,64.18000030517578,63.470001220703125,63.88999938964844,22022
2026-02-06 16:00:00,64.12000274658203,64.18000030517578,63.79999923706055,64.02999877929688,12450
2026-02-06 16:30:00,64.16000366210938,64.25,63.959999084472656,64.12999725341797,10844
2026-02-06 17:00:00,64.30999755859375,64.37999725341797,64.08999633789062,64.16000366210938,9214
2026-02-06 17:30:00,64.29000091552734,64.38999938964844,64.1500015258789,64.30999755859375,9617
2026-02-06 18:00:00,64.16999816894531,64.37000274658203,63.83000183105469,64.30000305175781,13597
2026-02-06 18:30:00,63.97999954223633,64.19000244140625,63.93000030517578,64.16000366210938,12981
2026-02-06 19:00:00,63.58000183105469,63.9900016784668,63.459999084472656,63.9900016784668,51718
2026-02-06 19:30:00,63.40999984741211,63.56999969482422,63.380001068115234,63.56999969482422,9587
2026-02-06 20:00:00,63.40999984741211,63.459999084472656,63.27000045776367,63.40999984741211,8363
2026-02-06 20:30:00,63.470001220703125,63.5,63.27000045776367,63.400001525878906,4332
2026-02-06 21:00:00,63.4900016784668,63.54999923706055,63.34000015258789,63.47999954223633,2622
2026-02-06 21:30:00,63.5,63.540000915527344,63.43000030517578,63.47999954223633,2296
2026-02-08 23:00:00,62.9900016784668,63.040000915527344,62.7400016784668,62.77999877929688,2257
2026-02-08 23:30:00,62.95000076293945,63.150001525878906,62.95000076293945,62.97999954223633,1063
2026-02-09 00:00:00,62.97999954223633,63.02999877929688,62.869998931884766,62.95000076293945,570
2026-02-09 00:30:00,63.11000061035156,63.16999816894531,62.95000076293945,62.97999954223633,1058
2026-02-09 01:00:00,63.18000030517578,63.2599983215332,63.04999923706055,63.11000061035156,1485
2026-02-09 01:30:00,63.220001220703125,63.290000915527344,63.09000015258789,63.16999816894531,1006
2026-02-09 02:00:00,63.08000183105469,63.29999923706055,63.02999877929688,63.220001220703125,1160
2026-02-09 02:30:00,62.959999084472656,63.09999847412109,62.84999847412109,63.08000183105469,1441
2026-02-09 03:00:00,62.97999954223633,63.060001373291016,62.93999862670898,62.959999084472656,632
2026-02-09 03:30:00,62.97999954223633,63.040000915527344,62.88999938964844,62.9900016784668,1174
2026-02-09 04:00:00,62.93999862670898,63.02000045776367,62.91999816894531,62.97999954223633,424
2026-02-09 04:30:00,62.93999862670898,62.97999954223633,62.880001068115234,62.93000030517578,1129
2026-02-09 05:00:00,62.95000076293945,62.970001220703125,62.91999816894531,62.93999862670898,261
2026-02-09 05:30:00,62.900001525878906,63.0099983215332,62.77000045776367,62.95000076293945,1405
2026-02-09 06:00:00,62.880001068115234,62.93999862670898,62.79999923706055,62.880001068115234,589
2026-02-09 06:30:00,62.880001068115234,62.97999954223633,62.84000015258789,62.900001525878906,768
2026-02-09 07:00:00,62.810001373291016,62.88999938964844,62.75,62.869998931884766,1695
2026-02-09 07:30:00,62.72999954223633,62.84000015258789,62.68000030517578,62.81999969482422,2301
2026-02-09 08:00:00,63.0099983215332,63.130001068115234,62.72999954223633,62.7400016784668,5322
2026-02-09 08:30:00,62.900001525878906,63.119998931884766,62.83000183105469,63.02000045776367,2579
2026-02-09 09:00:00,63.119998931884766,63.220001220703125,62.869998931884766,62.90999984741211,3968
2026-02-09 09:30:00,62.900001525878906,63.130001068115234,62.75,63.119998931884766,3547
2026-02-09 10:00:00,63.650001525878906,63.65999984741211,62.84999847412109,62.900001525878906,7069
2026-02-09 10:30:00,63.869998931884766,63.88999938964844,63.470001220703125,63.65999984741211,6391
2026-02-09 11:00:00,63.84000015258789,63.86000061035156,63.68999862670898,63.86000061035156,3051
2026-02-09 11:30:00,63.83000183105469,63.869998931884766,63.5099983215332,63.84999847412109,5243
2026-02-09 12:00:00,63.709999084472656,63.91999816894531,63.709999084472656,63.84000015258789,2711
2026-02-09 12:30:00,63.7400016784668,63.790000915527344,63.68000030517578,63.709999084472656,2875
2026-02-09 13:00:00,63.5099983215332,63.75,63.459999084472656,63.7400016784668,6824
2026-02-09 13:30:00,63.22999954223633,63.52000045776367,63.18999862670898,63.52000045776367,6731
2026-02-09 14:00:00,63.369998931884766,63.43000030517578,63.060001373291016,63.220001220703125,7366
2026-02-09 14:30:00,64.06999969482422,64.31999969482422,63.310001373291016,63.369998931884766,24242
2026-02-09 15:00:00,64.08999633789062,64.16999816894531,63.95000076293945,64.05999755859375,10032
2026-02-09 15:30:00,64.16999816894531,64.2300033569336,64.05000305175781,64.08999633789062,7100
2026-02-09 16:00:00,64.47000122070312,64.5,64.05999755859375,64.16999816894531,14158
2026-02-09 16:30:00,64.8499984741211,64.87999725341797,64.41999816894531,64.4800033569336,14962
2026-02-09 17:00:00,64.7699966430664,64.87999725341797,64.55000305175781,64.8499984741211,10644
2026-02-09 17:30:00,64.76000213623047,64.8499984741211,64.70999908447266,64.77999877929688,6071
2026-02-09 18:00:00,64.52999877929688,64.77999877929688,64.4800033569336,64.77999877929688,9882
2026-02-09 18:30:00,64.5,64.55000305175781,64.38999938964844,64.52999877929688,9436
2026-02-09 19:00:00,64.33000183105469,64.51000213623047,64.30999755859375,64.48999786376953,42732
2026-02-09 19:30:00,64.25,64.36000061035156,64.19999694824219,64.33000183105469,8203
2026-02-09 20:00:00,64.23999786376953,64.33000183105469,64.20999908447266,64.26000213623047,2163
2026-02-09 20:30:00,64.29000091552734,64.33999633789062,64.22000122070312,64.25,3178
2026-02-09 21:00:00,64.41000366210938,64.44999694824219,64.30000305175781,64.30000305175781,2880
2026-02-09 21:30:00,64.41999816894531,64.47000122070312,64.38999938964844,64.41000366210938,2689
2026-02-09 23:00:00,64.31999969482422,64.5,64.30999755859375,64.44000244140625,377
2026-02-09 23:30:00,64.41000366210938,64.41999816894531,64.30999755859375,64.31999969482422,382
2026-02-10 00:00:00,64.2699966430664,64.4000015258789,64.26000213623047,64.4000015258789,393
2026-02-10 00:30:00,64.30999755859375,64.3499984741211,64.2699966430664,64.2699966430664,270
2026-02-10 01:00:00,64.16999816894531,64.33999633789062,63.869998931884766,64.30999755859375,5144
2026-02-10 01:30:00,64.27999877929688,64.33000183105469,64.16000366210938,64.16999816894531,973
2026-02-10 02:00:00,64.29000091552734,64.36000061035156,64.19999694824219,64.29000091552734,613
2026-02-10 02:30:00,64.29000091552734,64.3499984741211,64.22000122070312,64.30000305175781,658
2026-02-10 03:00:00,64.0999984741211,64.30999755859375,64.08999633789062,64.29000091552734,1402
2026-02-10 03:30:00,64.19999694824219,64.19999694824219,64.08000183105469,64.08999633789062,1695
2026-02-10 04:00:00,64.20999908447266,64.25,64.16999816894531,64.19000244140625,487
2026-02-10 04:30:00,64.19000244140625,64.23999786376953,64.1500015258789,64.20999908447266,540
2026-02-10 05:00:00,64.12999725341797,64.2699966430664,64.12000274658203,64.19999694824219,720
2026-02-10 05:30:00,64.08999633789062,64.16999816894531,64.06999969482422,64.11000061035156,1039
2026-02-10 06:00:00,64.26000213623047,64.37000274658203,64.06999969482422,64.08999633789062,2292
2026-02-10 06:30:00,64.36000061035156,64.43000030517578,64.20999908447266,64.26000213623047,958
2026-02-10 07:00:00,64.25,64.43000030517578,64.19000244140625,64.36000061035156,1840
2026-02-10 07:30:00,64.31999969482422,64.37999725341797,64.25,64.25,2292
2026-02-10 08:00:00,64.19000244140625,64.30000305175781,64.08000183105469,64.30000305175781,3152
2026-02-10 08:30:00,64.61000061035156,64.62999725341797,64.16999816894531,64.19000244140625,4273
2026-02-10 09:00:00,64.55000305175781,64.69000244140625,64.51000213623047,64.61000061035156,2789
2026-02-10 09:30:00,64.12999725341797,64.56999969482422,64.12000274658203,64.55000305175781,4347
2026-02-10 10:00:00,64.25,64.33000183105469,64.0199966430664,64.13999938964844,4031
2026-02-10 10:30:00,64.33999633789062,64.47000122070312,64.20999908447266,64.25,2606
2026-02-10 11:00:00,64.44999694824219,64.56999969482422,64.29000091552734,64.33999633789062,3559
2026-02-10 11:30:00,64.58999633789062,64.66000366210938,64.43000030517578,64.45999908447266,3122
2026-02-10 12:00:00,64.37999725341797,64.5999984741211,64.30999755859375,64.58999633789062,3059
2026-02-10 12:30:00,64.44999694824219,64.47000122070312,64.25,64.37999725341797,3184
2026-02-10 13:00:00,64.5999984741211,64.70999908447266,64.37000274658203,64.44999694824219,5922
2026-02-10 13:30:00,64.51000213623047,64.62999725341797,64.45999908447266,64.58999633789062,5348
2026-02-10 14:00:00,64.51000213623047,64.66999816894531,64.33999633789062,64.51000213623047,12733
2026-02-10 14:30:00,64.51000213623047,64.56999969482422,64.12999725341797,64.5,12482
2026-02-10 15:00:00,64.48999786376953,64.66999816894531,64.31999969482422,64.52999877929688,12492
2026-02-10 15:30:00,64.19999694824219,64.5999984741211,64.12000274658203,64.5,10756
2026-02-10 16:00:00,64.0199966430664,64.19999694824219,63.77999877929688,64.19000244140625,12566
2026-02-10 16:30:00,63.97999954223633,64.18000030517578,63.869998931884766,64.02999877929688,8562
2026-02-10 17:00:00,64.11000061035156,64.12000274658203,63.869998931884766,63.970001220703125,5439
2026-02-10 17:30:00,64.06999969482422,64.29000091552734,64.04000091552734,64.12000274658203,9541
2026-02-10 18:00:00,63.93999862670898,64.08000183105469,63.81999969482422,64.06999969482422,15243
2026-02-10 18:30:00,63.84000015258789,64.06999969482422,63.650001525878906,63.93999862670898,10709
2026-02-10 19:00:00,64.0,64.0,63.790000915527344,63.84000015258789,34363
2026-02-10 19:30:00,64.13999938964844,64.19999694824219,63.970001220703125,63.9900016784668,7633
2026-02-10 20:00:00,64.0999984741211,64.19999694824219,64.0199966430664,64.13999938964844,2695
2026-02-10 20:30:00,64.30000305175781,64.44999694824219,64.05999755859375,64.08999633789062,9956
2026-02-10 21:00:00,64.16000366210938,64.31999969482422,64.12999725341797,64.30999755859375,2080
2026-02-10 21:30:00,64.19999694824219,64.2699966430664,64.16000366210938,64.16000366210938,3886
2026-02-10 23:00:00,64.27999877929688,64.33999633789062,64.1500015258789,64.19999694824219,330
2026-02-10 23:30:00,64.30999755859375,64.33000183105469,64.2699966430664,64.27999877929688,381
2026-02-11 00:00:00,64.30000305175781,64.33999633789062,64.25,64.31999969482422,369
2026-02-11 00:30:00,64.23999786376953,64.30999755859375,64.22000122070312,64.29000091552734,277
2026-02-11 01:00:00,64.25,64.33000183105469,64.16999816894531,64.25,1132
2026-02-11 01:30:00,64.3499984741211,64.38999938964844,64.25,64.25,648
2026-02-11 02:00:00,64.45999908447266,64.48999786376953,64.33000183105469,64.3499984741211,793
2026-02-11 02:30:00,64.54000091552734,64.62999725341797,64.44999694824219,64.44999694824219,1556
2026-02-11 03:00:00,64.5199966430664,64.56999969482422,64.44999694824219,64.54000091552734,814
2026-02-11 03:30:00,64.51000213623047,64.52999877929688,64.47000122070312,64.51000213623047,769
2026-02-11 04:00:00,64.51000213623047,64.52999877929688,64.47000122070312,64.51000213623047,481
2026-02-11 04:30:00,64.43000030517578,64.5199966430664,64.41000366210938,64.51000213623047,276
2026-02-11 05:00:00,64.36000061035156,64.44000244140625,64.31999969482422,64.41999816894531,1273
2026-02-11 05:30:00,64.3499984741211,64.4000015258789,64.30000305175781,64.37000274658203,1042
2026-02-11 06:00:00,64.41000366210938,64.41999816894531,64.33999633789062,64.36000061035156,940
2026-02-11 06:30:00,64.44000244140625,64.44999694824219,64.37000274658203,64.41999816894531,524
2026-02-11 07:00:00,64.5999984741211,64.69000244140625,64.37999725341797,64.44999694824219,3059
2026-02-11 07:30:00,64.52999877929688,64.62999725341797,64.48999786376953,64.61000061035156,1194
2026-02-11 08:00:00,64.73999786376953,64.80999755859375,64.52999877929688,64.52999877929688,3492
2026-02-11 08:30:00,64.79000091552734,64.94999694824219,64.70999908447266,64.73999786376953,4964
2026-02-11 09:00:00,64.91999816894531,64.97000122070312,64.72000122070312,64.79000091552734,2336
2026-02-11 09:30:00,64.83999633789062,64.9800033569336,64.80000305175781,64.91999816894531,2718
2026-02-11 10:00:00,64.87999725341797,64.93000030517578,64.7300033569336,64.83000183105469,3321
2026-02-11 10:30:00,64.9000015258789,64.91000366210938,64.73999786376953,64.87999725341797,1910
2026-02-11 11:00:00,64.94999694824219,65.02999877929688,64.87000274658203,64.9000015258789,2367
2026-02-11 11:30:00,65.37999725341797,65.41999816894531,64.93000030517578,64.93000030517578,6910
2026-02-11 12:00:00,65.3499984741211,65.43000030517578,65.31999969482422,65.38999938964844,4311
2026-02-11 12:30:00,65.43000030517578,65.48999786376953,64.91999816894531,65.3499984741211,8164
2026-02-11 13:00:00,65.45999908447266,65.56999969482422,65.31999969482422,65.41999816894531,9718
2026-02-11 13:30:00,65.45999908447266,65.5,65.25,65.45999908447266,6847
2026-02-11 14:00:00,65.69000244140625,65.79000091552734,65.43000030517578,65.45999908447266,15844
2026-02-11 14:30:00,65.55999755859375,65.83000183105469,65.55000305175781,65.69999694824219,11606
2026-02-11 15:00:00,65.02999877929688,65.58000183105469,64.94000244140625,65.55999755859375,16615
2026-02-11 15:30:00,64.97000122070312,65.12999725341797,64.77999877929688,65.0199966430664,20118
2026-02-11 16:00:00,65.13999938964844,65.18000030517578,64.81999969482422,64.97000122070312,14309
2026-02-11 16:30:00,65.06999969482422,65.30000305175781,65.02999877929688,65.1500015258789,17159
2026-02-11 17:00:00,64.97000122070312,65.1500015258789,64.77999877929688,65.06999969482422,12709
2026-02-11 17:30:00,64.87000274658203,65.01000213623047,64.76000213623047,64.97000122070312,9479
2026-02-11 18:00:00,65.01000213623047,65.05000305175781,64.8499984741211,64.86000061035156,7407
2026-02-11 18:30:00,64.68000030517578,65.12999725341797,64.44000244140625,65.01000213623047,21057
2026-02-11 19:00:00,64.5999984741211,65.11000061035156,64.48999786376953,64.68000030517578,57507
2026-02-11 19:30:00,64.87000274658203,64.97000122070312,64.5,64.5999984741211,12109
2026-02-11 20:00:00,64.95999908447266,64.98999786376953,64.83999633789062,64.87000274658203,2493
2026-02-11 20:30:00,65.0,65.04000091552734,64.86000061035156,64.94999694824219,2992
2026-02-11 21:00:00,64.9800033569336,65.04000091552734,64.91999816894531,65.01000213623047,956
2026-02-11 21:30:00,64.88999938964844,65.0,64.88999938964844,64.9800033569336,3379
2026-02-11 23:00:00,64.9000015258789,64.91999816894531,64.80000305175781,64.87000274658203,462
2026-02-11 23:30:00,64.9000015258789,64.94000244140625,64.86000061035156,64.9000015258789,264
2026-02-12 00:00:00,64.9800033569336,65.01000213623047,64.91000366210938,64.91000366210938,394
2026-02-12 00:30:00,64.97000122070312,65.01000213623047,64.94999694824219,64.98999786376953,284
2026-02-12 01:00:00,65.01000213623047,65.02999877929688,64.77999877929688,64.97000122070312,1899
2026-02-12 01:30:00,64.88999938964844,65.02999877929688,64.83999633789062,65.01000213623047,896
2026-02-12 02:00:00,64.9000015258789,64.94999694824219,64.81999969482422,64.9000015258789,627
2026-02-12 02:30:00,64.91000366210938,64.94000244140625,64.81999969482422,64.91000366210938,544
2026-02-12 03:00:00,64.9000015258789,64.9800033569336,64.87000274658203,64.91000366210938,483
2026-02-12 03:30:00,64.98999786376953,65.0199966430664,64.9000015258789,64.9000015258789,916
2026-02-12 04:00:00,65.01000213623047,65.0999984741211,64.94999694824219,64.97000122070312,997
2026-02-12 04:30:00,64.9800033569336,65.05999755859375,64.95999908447266,65.01000213623047,315
2026-02-12 05:00:00,64.80000305175781,64.98999786376953,64.7699966430664,64.9800033569336,1834
2026-02-12 05:30:00,64.91000366210938,64.91000366210938,64.69999694824219,64.79000091552734,848
2026-02-12 06:00:00,64.7699966430664,64.93000030517578,64.73999786376953,64.91999816894531,688
2026-02-12 06:30:00,64.83000183105469,64.83000183105469,64.63999938964844,64.7699966430664,1281
2026-02-12 07:00:00,64.80999755859375,64.9000015258789,64.73999786376953,64.80999755859375,1258
2026-02-12 07:30:00,64.83999633789062,64.91000366210938,64.62999725341797,64.62999725341797,1625
2026-02-12 08:00:00,64.83999633789062,64.98999786376953,64.79000091552734,64.8499984741211,2076
2026-02-12 08:30:00,64.9800033569336,65.05000305175781,64.69000244140625,64.83999633789062,5924
2026-02-12 09:00:00,64.43000030517578,65.05000305175781,64.37999725341797,64.98999786376953,6660
2026-02-12 09:30:00,64.47000122070312,64.58000183105469,64.3499984741211,64.43000030517578,3356
2026-02-12 10:00:00,64.37000274658203,64.5199966430664,64.30999755859375,64.47000122070312,3407
2026-02-12 10:30:00,64.43000030517578,64.44999694824219,64.2300033569336,64.23999786376953,4652
2026-02-12 11:00:00,64.55999755859375,64.58999633789062,64.30000305175781,64.44000244140625,2457
2026-02-12 11:30:00,64.5,64.6500015258789,64.41999816894531,64.55999755859375,2959
2026-02-12 12:00:00,64.54000091552734,64.62999725341797,64.38999938964844,64.51000213623047,3347
2026-02-12 12:30:00,64.41999816894531,64.62000274658203,64.36000061035156,64.54000091552734,3809
2026-02-12 13:00:00,64.38999938964844,64.61000061035156,64.30999755859375,64.41999816894531,5338
2026-02-12 13:30:00,64.23999786376953,64.43000030517578,63.959999084472656,64.38999938964844,13506
2026-02-12 14:00:00,64.30000305175781,64.41000366210938,64.16999816894531,64.25,9533
2026-02-12 14:30:00,63.959999084472656,64.36000061035156,63.900001525878906,64.29000091552734,13963
2026-02-12 15:00:00,63.970001220703125,64.12000274658203,63.90999984741211,63.959999084472656,12159
2026-02-12 15:30:00,63.619998931884766,64.02999877929688,63.52000045776367,63.970001220703125,19488
2026-02-12 16:00:00,63.27999877929688,63.65999984741211,63.20000076293945,63.619998931884766,22354
2026-02-12 16:30:00,62.77000045776367,63.41999816894531,62.709999084472656,63.27000045776367,26080
2026-02-12 17:00:00,62.709999084472656,62.93999862670898,62.540000915527344,62.77000045776367,15676
2026-02-12 17:30:00,62.630001068115234,62.810001373291016,62.540000915527344,62.70000076293945,8546
2026-02-12 18:00:00,62.68999862670898,62.75,62.59000015258789,62.630001068115234,14097
2026-02-12 18:30:00,62.66999816894531,62.790000915527344,62.61000061035156,62.68999862670898,16821
2026-02-12 19:00:00,62.880001068115234,62.88999938964844,62.38999938964844,62.65999984741211,67135
2026-02-12 19:30:00,62.95000076293945,63.06999969482422,62.86000061035156,62.88999938964844,14190
2026-02-12 20:00:00,62.86000061035156,62.959999084472656,62.81999969482422,62.95000076293945,1994
2026-02-12 20:30:00,62.93000030517578,62.93999862670898,62.81999969482422,62.86000061035156,2078
2026-02-12 21:00:00,62.93999862670898,62.93999862670898,62.83000183105469,62.91999816894531,1083
2026-02-12 21:30:00,62.90999984741211,62.9900016784668,62.86000061035156,62.93000030517578,3220
2026-02-12 23:00:00,62.869998931884766,62.9900016784668,62.86000061035156,62.9900016784668,270
2026-02-12 23:30:00,62.84999847412109,62.869998931884766,62.79999923706055,62.86000061035156,638
2026-02-13 00:00:00,62.900001525878906,62.97999954223633,62.84999847412109,62.86000061035156,615
2026-02-13 00:30:00,62.869998931884766,62.90999984741211,62.810001373291016,62.900001525878906,336
2026-02-13 01:00:00,62.959999084472656,63.0099983215332,62.7599983215332,62.869998931884766,2535
2026-02-13 01:30:00,62.84999847412109,62.97999954223633,62.84000015258789,62.95000076293945,726
2026-02-13 02:00:00,62.86000061035156,62.88999938964844,62.810001373291016,62.84999847412109,708
2026-02-13 02:30:00,62.77999877929688,62.900001525878906,62.709999084472656,62.86000061035156,1361
2026-02-13 03:00:00,62.72999954223633,62.81999969482422,62.70000076293945,62.77000045776367,759
2026-02-13 03:30:00,62.70000076293945,62.790000915527344,62.65999984741211,62.720001220703125,591
2026-02-13 04:00:00,62.75,62.79999923706055,62.70000076293945,62.709999084472656,495
2026-02-13 04:30:00,62.77999877929688,62.77999877929688,62.720001220703125,62.75,351
2026-02-13 05:00:00,62.65999984741211,62.77000045776367,62.630001068115234,62.75,611
2026-02-13 05:30:00,62.619998931884766,62.72999954223633,62.59999847412109,62.66999816894531,1461
2026-02-13 06:00:00,62.7400016784668,62.77999877929688,62.61000061035156,62.619998931884766,576
2026-02-13 06:30:00,62.83000183105469,62.86000061035156,62.70000076293945,62.75,775
2026-02-13 07:00:00,62.72999954223633,62.81999969482422,62.66999816894531,62.81999969482422,1228
2026-02-13 07:30:00,62.68000030517578,62.84000015258789,62.65999984741211,62.72999954223633,1954
2026-02-13 08:00:00,62.77999877929688,62.91999816894531,62.66999816894531,62.68999862670898,2623
2026-02-13 08:30:00,62.90999984741211,63.040000915527344,62.540000915527344,62.77999877929688,4287
2026-02-13 09:00:00,62.869998931884766,62.970001220703125,62.7599983215332,62.91999816894531,2048
2026-02-13 09:30:00,63.09999847412109,63.16999816894531,62.84000015258789,62.869998931884766,2727
2026-02-13 10:00:00,63.040000915527344,63.119998931884766,62.90999984741211,63.11000061035156,2343
2026-02-13 10:30:00,63.15999984741211,63.2599983215332,62.959999084472656,63.040000915527344,4047
2026-02-13 11:00:00,63.02000045776367,63.150001525878906,62.88999938964844,63.150001525878906,2605
2026-02-13 11:30:00,62.38999938964844,63.02000045776367,62.13999938964844,63.0099983215332,16947
2026-02-13 12:00:00,62.38999938964844,62.47999954223633,62.29999923706055,62.38999938964844,4330
2026-02-13 12:30:00,62.58000183105469,62.630001068115234,62.31999969482422,62.36000061035156,6626
2026-02-13 13:00:00,62.810001373291016,62.91999816894531,62.56999969482422,62.59000015258789,10852
2026-02-13 13:30:00,62.959999084472656,63.04999923706055,62.810001373291016,62.810001373291016,6522
2026-02-13 14:00:00,62.72999954223633,62.970001220703125,62.59000015258789,62.970001220703125,14647
2026-02-13 14:30:00,62.66999816894531,62.84000015258789,62.33000183105469,62.72999954223633,12695
2026-02-13 15:00:00,62.77999877929688,62.88999938964844,62.54999923706055,62.68000030517578,11420
2026-02-13 15:30:00,62.709999084472656,62.970001220703125,62.68000030517578,62.77999877929688,7515
2026-02-13 16:00:00,62.83000183105469,62.84999847412109,62.54999923706055,62.70000076293945,8925
2026-02-13 16:30:00,62.65999984741211,62.959999084472656,62.43999862670898,62.81999969482422,11275
2026-02-13 17:00:00,62.84000015258789,62.869998931884766,62.63999938964844,62.65999984741211,7609
2026-02-13 17:30:00,63.11000061035156,63.209999084472656,62.81999969482422,62.83000183105469,11020
2026-02-13 18:00:00,63.04999923706055,63.18000030517578,62.9900016784668,63.119998931884766,7160
2026-02-13 18:30:00,63.0099983215332,63.18999862670898,62.97999954223633,63.04999923706055,7477
2026-02-13 19:00:00,62.84999847412109,63.02999877929688,62.84999847412109,63.02000045776367,22100
2026-02-13 19:30:00,62.70000076293945,62.97999954223633,62.70000076293945,62.84999847412109,7179
2026-02-13 20:00:00,62.619998931884766,62.790000915527344,62.58000183105469,62.70000076293945,4723
2026-02-13 20:30:00,62.7400016784668,62.7599983215332,62.380001068115234,62.61000061035156,5842
2026-02-13 21:00:00,62.84000015258789,62.880001068115234,62.7400016784668,62.7400016784668,1136
2026-02-13 21:30:00,62.810001373291016,62.95000076293945,62.77999877929688,62.83000183105469,2108
2026-02-15 23:30:00,62.900001525878906,62.900001525878906,62.810001373291016,62.88999938964844,1005
2026-02-16 00:00:00,62.880001068115234,62.93999862670898,62.869998931884766,62.900001525878906,216
2026-02-16 00:30:00,62.86000061035156,62.900001525878906,62.83000183105469,62.880001068115234,182
2026-02-16 01:00:00,62.86000061035156,62.93000030517578,62.84000015258789,62.86000061035156,193
2026-02-16 01:30:00,62.869998931884766,62.88999938964844,62.83000183105469,62.869998931884766,329
2026-02-16 02:00:00,62.81999969482422,62.869998931884766,62.7599983215332,62.86000061035156,512
2026-02-16 02:30:00,62.900001525878906,62.959999084472656,62.81999969482422,62.81999969482422,266
2026-02-16 03:00:00,62.93000030517578,62.970001220703125,62.869998931884766,62.900001525878906,457
2026-02-16 03:30:00,62.90999984741211,62.959999084472656,62.81999969482422,62.93000030517578,519
2026-02-16 04:00:00,62.900001525878906,62.959999084472656,62.880001068115234,62.91999816894531,712
2026-02-16 04:30:00,62.90999984741211,62.970001220703125,62.880001068115234,62.90999984741211,460
2026-02-17 05:00:00,63.45000076293945,63.52000045776367,63.38999938964844,63.52000045776367,287
2026-02-17 05:30:00,63.380001068115234,63.43999862670898,63.36000061035156,63.43999862670898,419
2026-02-17 06:00:00,63.36000061035156,63.40999984741211,63.34000015258789,63.380001068115234,448
2026-02-17 06:30:00,63.34000015258789,63.38999938964844,63.31999969482422,63.34999847412109,983
2026-02-17 07:00:00,63.20000076293945,63.369998931884766,63.150001525878906,63.34999847412109,966
2026-02-17 07:30:00,63.20000076293945,63.290000915527344,63.15999984741211,63.209999084472656,1349
2026-02-17 08:00:00,63.13999938964844,63.27000045776367,63.06999969482422,63.20000076293945,1826
2026-02-17 08:30:00,63.09999847412109,63.220001220703125,62.97999954223633,63.13999938964844,1959
2026-02-17 09:00:00,63.220001220703125,63.33000183105469,63.0,63.09000015258789,2171
2026-02-17 09:30:00,63.290000915527344,63.310001373291016,63.02000045776367,63.209999084472656,1302
2026-02-17 10:00:00,63.400001525878906,63.52000045776367,63.20000076293945,63.290000915527344,3704
2026-02-17 10:30:00,63.459999084472656,63.4900016784668,63.290000915527344,63.41999816894531,4358
2026-02-17 11:00:00,63.65999984741211,63.86000061035156,63.43999862670898,63.470001220703125,10306
2026-02-17 11:30:00,63.66999816894531,63.959999084472656,63.5,63.65999984741211,7162
2026-02-17 12:00:00,63.68999862670898,63.7599983215332,63.58000183105469,63.68000030517578,4571
2026-02-17 12:30:00,63.43000030517578,63.68999862670898,63.380001068115234,63.68999862670898,4786
2026-02-17 13:00:00,63.27999877929688,63.470001220703125,63.060001373291016,63.43000030517578,11843
2026-02-17 13:30:00,62.29999923706055,63.38999938964844,62.16999816894531,63.290000915527344,29291
2026-02-17 14:00:00,62.630001068115234,62.86000061035156,62.220001220703125,62.29999923706055,24005
2026-02-17 14:30:00,62.34999847412109,62.83000183105469,62.29999923706055,62.630001068115234,17236
2026-02-17 15:00:00,61.970001220703125,62.72999954223633,61.95000076293945,62.36000061035156,17236
2026-02-17 15:30:00,61.91999816894531,62.09000015258789,61.7599983215332,61.970001220703125,16839
2026-02-17 16:00:00,62.150001525878906,62.2599983215332,61.88999938964844,61.91999816894531,21806
2026-02-17 16:30:00,62.2599983215332,62.38999938964844,61.97999954223633,62.13999938964844,9856
2026-02-17 17:00:00,62.060001373291016,62.2599983215332,61.83000183105469,62.2599983215332,12303
2026-02-17 17:30:00,62.09999847412109,62.16999816894531,61.95000076293945,62.060001373291016,6141
2026-02-17 18:00:00,62.290000915527344,62.31999969482422,62.060001373291016,62.11000061035156,7484
2026-02-17 18:30:00,62.31999969482422,62.41999816894531,62.2400016784668,62.310001373291016,11356
2026-02-17 19:00:00,62.27000045776367,62.43000030517578,62.209999084472656,62.31999969482422,20103
2026-02-17 19:30:00,62.18000030517578,62.29999923706055,62.09000015258789,62.27000045776367,7982
2026-02-17 20:00:00,62.27000045776367,62.310001373291016,62.13999938964844,62.16999816894531,5833
2026-02-17 20:30:00,62.18000030517578,62.27999877929688,62.15999984741211,62.27000045776367,4735
2026-02-17 21:00:00,62.150001525878906,62.20000076293945,62.119998931884766,62.18999862670898,1972
2026-02-17 21:30:00,62.220001220703125,62.27000045776367,62.09999847412109,62.150001525878906,2422
2026-02-17 23:00:00,62.18999862670898,62.220001220703125,62.040000915527344,62.20000076293945,807
2026-02-17 23:30:00,62.18000030517578,62.20000076293945,62.150001525878906,62.18999862670898,210
2026-02-18 00:00:00,62.150001525878906,62.27000045776367,62.130001068115234,62.18000030517578,546
2026-02-18 00:30:00,62.13999938964844,62.15999984741211,62.11000061035156,62.13999938964844,396
2026-02-18 01:00:00,62.220001220703125,62.27000045776367,62.130001068115234,62.13999938964844,1523
2026-02-18 01:30:00,62.2400016784668,62.25,62.16999816894531,62.220001220703125,422
2026-02-18 02:00:00,62.27000045776367,62.31999969482422,62.20000076293945,62.2400016784668,1134
2026-02-18 02:30:00,62.2599983215332,62.34999847412109,62.2599983215332,62.27000045776367,915
2026-02-18 03:00:00,62.33000183105469,62.36000061035156,62.2599983215332,62.27000045776367,691
2026-02-18 03:30:00,62.38999938964844,62.41999816894531,62.34000015258789,62.34999847412109,732
2026-02-18 04:00:00,62.43999862670898,62.43999862670898,62.369998931884766,62.38999938964844,494
2026-02-18 04:30:00,62.470001220703125,62.47999954223633,62.40999984741211,62.43999862670898,625
2026-02-18 05:00:00,62.380001068115234,62.47999954223633,62.34000015258789,62.470001220703125,850
2026-02-18 05:30:00,62.33000183105469,62.43000030517578,62.33000183105469,62.38999938964844,392
2026-02-18 06:00:00,62.33000183105469,62.34000015258789,62.27999877929688,62.31999969482422,573
2026-02-18 06:30:00,62.34999847412109,62.5,62.2599983215332,62.31999969482422,1394
2026-02-18 07:00:00,62.34999847412109,62.459999084472656,62.31999969482422,62.34000015258789,966
2026-02-18 07:30:00,62.400001525878906,62.43999862670898,62.29999923706055,62.34000015258789,1439
2026-02-18 08:00:00,62.59000015258789,62.61000061035156,62.36000061035156,62.400001525878906,3032
2026-02-18 08:30:00,62.34999847412109,62.65999984741211,62.34000015258789,62.59000015258789,2852
2026-02-18 09:00:00,62.470001220703125,62.52999877929688,62.36000061035156,62.36000061035156,1918
2026-02-18 09:30:00,62.43000030517578,62.619998931884766,62.34000015258789,62.47999954223633,5091
2026-02-18 10:00:00,62.540000915527344,62.68999862670898,62.43000030517578,62.43000030517578,5585
2026-02-18 10:30:00,62.959999084472656,63.040000915527344,62.4900016784668,62.540000915527344,7356
2026-02-18 11:00:00,63.31999969482422,63.380001068115234,62.95000076293945,62.97999954223633,6091
2026-02-18 11:30:00,63.58000183105469,63.58000183105469,63.27999877929688,63.31999969482422,7656
2026-02-18 12:00:00,63.95000076293945,64.08000183105469,63.400001525878906,63.56999969482422,16970
2026-02-18 12:30:00,63.97999954223633,64.0199966430664,63.84000015258789,63.959999084472656,7762
2026-02-18 13:00:00,63.81999969482422,64.05000305175781,63.72999954223633,63.97999954223633,13328
2026-02-18 13:30:00,63.77000045776367,63.869998931884766,63.720001220703125,63.83000183105469,12185
2026-02-18 14:00:00,64.0,64.02999877929688,63.63999938964844,63.77999877929688,16939
2026-02-18 14:30:00,64.26000213623047,64.41999816894531,63.93999862670898,64.0,30057
2026-02-18 15:00:00,64.12999725341797,64.29000091552734,64.05999755859375,64.26000213623047,18213
2026-02-18 15:30:00,64.19999694824219,64.30999755859375,64.05000305175781,64.13999938964844,13200
2026-02-18 16:00:00,64.30999755859375,64.36000061035156,64.11000061035156,64.19999694824219,15376
2026-02-18 16:30:00,64.55000305175781,64.66000366210938,64.30999755859375,64.31999969482422,23671
2026-02-18 17:00:00,64.7300033569336,64.83999633789062,64.44999694824219,64.55000305175781,18263
2026-02-18 17:30:00,64.97000122070312,65.0,64.70999908447266,64.73999786376953,13734
2026-02-18 18:00:00,64.95999908447266,65.08999633789062,64.94000244140625,64.95999908447266,11734
2026-02-18 18:30:00,65.05999755859375,65.06999969482422,64.62000274658203,64.97000122070312,28438
2026-02-18 19:00:00,64.98999786376953,65.30000305175781,64.97000122070312,65.05000305175781,36152
2026-02-18 19:30:00,65.02999877929688,65.18000030517578,64.80999755859375,64.98999786376953,15008
2026-02-18 20:00:00,65.18000030517578,65.19000244140625,65.0199966430664,65.04000091552734,4996
2026-02-18 20:30:00,65.23999786376953,65.43000030517578,65.16000366210938,65.18000030517578,9877
2026-02-18 21:00:00,64.95999908447266,65.30999755859375,64.91000366210938,65.23999786376953,6625
2026-02-18 21:30:00,64.94000244140625,65.04000091552734,64.80000305175781,64.94999694824219,5481
2026-02-18 23:00:00,65.08000183105469,65.30999755859375,64.7699966430664,64.97000122070312,2088
2026-02-18 23:30:00,65.01000213623047,65.08999633789062,64.97000122070312,65.06999969482422,672
2026-02-19 00:00:00,65.01000213623047,65.05999755859375,64.91000366210938,65.0199966430664,805
2026-02-19 00:30:00,65.04000091552734,65.08000183105469,64.98999786376953,65.01000213623047,568
2026-02-19 01:00:00,65.08000183105469,65.12000274658203,64.91999816894531,65.04000091552734,2125
2026-02-19 01:30:00,65.16000366210938,65.16999816894531,65.0199966430664,65.06999969482422,812
2026-02-19 02:00:00,65.19000244140625,65.27999877929688,65.1500015258789,65.16999816894531,1884
2026-02-19 02:30:00,65.2699966430664,65.30000305175781,65.12000274658203,65.19999694824219,1575
2026-02-19 03:00:00,65.30999755859375,65.37999725341797,65.25,65.2699966430664,1195
2026-02-19 03:30:00,65.3499984741211,65.41000366210938,65.30000305175781,65.30000305175781,1209
2026-02-19 04:00:00,65.36000061035156,65.41999816894531,65.30000305175781,65.36000061035156,1231
2026-02-19 04:30:00,65.16999816894531,65.38999938964844,65.1500015258789,65.36000061035156,1532
2026-02-19 05:00:00,65.26000213623047,65.31999969482422,65.22000122070312,65.22000122070312,937
2026-02-19 05:30:00,65.2300033569336,65.2699966430664,65.19000244140625,65.2699966430664,666
2026-02-19 06:00:00,65.19000244140625,65.30999755859375,65.19000244140625,65.23999786376953,563
2026-02-19 06:30:00,65.2300033569336,65.2699966430664,65.16999816894531,65.18000030517578,680
2026-02-19 07:00:00,65.27999877929688,65.4000015258789,65.22000122070312,65.23999786376953,1546
2026-02-19 07:30:00,65.77999877929688,65.81999969482422,65.26000213623047,65.27999877929688,5809
2026-02-19 08:00:00,65.75,65.83000183105469,65.62000274658203,65.7699966430664,6394
2026-02-19 08:30:00,66.19999694824219,66.25,65.69000244140625,65.75,7968
2026-02-19 09:00:00,65.73999786376953,66.2699966430664,65.69000244140625,66.19999694824219,8669
2026-02-19 09:30:00,65.76000213623047,65.97000122070312,65.6500015258789,65.73999786376953,6311
2026-02-19 10:00:00,65.72000122070312,66.02999877929688,65.61000061035156,65.75,8618
2026-02-19 10:30:00,65.97000122070312,66.05000305175781,65.68000030517578,65.73999786376953,5784
2026-02-19 11:00:00,65.97000122070312,65.98999786376953,65.80999755859375,65.9800033569336,4345
2026-02-19 11:30:00,66.02999877929688,66.29000091552734,65.97000122070312,65.9800033569336,7918
2026-02-19 12:00:00,66.04000091552734,66.16000366210938,65.94999694824219,66.04000091552734,5976
2026-02-19 12:30:00,66.08000183105469,66.16000366210938,65.9800033569336,66.04000091552734,4921
2026-02-19 13:00:00,66.31999969482422,66.33999633789062,66.01000213623047,66.08000183105469,12867
2026-02-19 13:30:00,66.41000366210938,66.56999969482422,65.97000122070312,66.31999969482422,22759
2026-02-19 14:00:00,66.08999633789062,66.47000122070312,66.04000091552734,66.43000030517578,19698
2026-02-19 14:30:00,66.3499984741211,66.55000305175781,65.94999694824219,66.08999633789062,23647
2026-02-19 15:00:00,66.38999938964844,66.41000366210938,65.44999694824219,66.37000274658203,60449
2026-02-19 15:30:00,66.47000122070312,66.5199966430664,66.2300033569336,66.37999725341797,16414
2026-02-19 16:00:00,66.33999633789062,66.58000183105469,66.27999877929688,66.47000122070312,17812
2026-02-19 16:30:00,66.62000274658203,66.6500015258789,66.31999969482422,66.33000183105469,11773
2026-02-19 17:00:00,66.52999877929688,66.77999877929688,66.4800033569336,66.58999633789062,20186
2026-02-19 17:30:00,66.55999755859375,66.61000061035156,66.37999725341797,66.5199966430664,11838
2026-02-19 18:00:00,66.37000274658203,66.56999969482422,66.19999694824219,66.55999755859375,23904
2026-02-19 18:30:00,66.48999786376953,66.55999755859375,66.30999755859375,66.37999725341797,15011
2026-02-19 19:00:00,66.41999816894531,66.5199966430664,66.33000183105469,66.5,38832
2026-02-19 19:30:00,66.58999633789062,66.5999984741211,66.36000061035156,66.43000030517578,14093
2026-02-19 20:00:00,66.58999633789062,66.63999938964844,66.5199966430664,66.58000183105469,2695
2026-02-19 20:30:00,66.70999908447266,66.72000122070312,66.58999633789062,66.58999633789062,6761
2026-02-19 21:00:00,66.41000366210938,66.9000015258789,65.9000015258789,66.69999694824219,14175
2026-02-19 21:30:00,66.66999816894531,66.7300033569336,66.36000061035156,66.41999816894531,4211
2026-02-19 23:00:00,66.56999969482422,66.7300033569336,66.43000030517578,66.72000122070312,556
2026-02-19 23:30:00,66.44000244140625,66.56999969482422,66.44000244140625,66.56999969482422,760
2026-02-20 00:00:00,66.36000061035156,66.54000091552734,66.30999755859375,66.44999694824219,1149
2026-02-20 00:30:00,66.44999694824219,66.48999786376953,66.3499984741211,66.37000274658203,537
2026-02-20 01:00:00,66.58000183105469,66.7699966430664,66.37000274658203,66.47000122070312,2994
2026-02-20 01:30:00,66.58000183105469,66.63999938964844,66.5199966430664,66.56999969482422,1083
2026-02-20 02:00:00,66.70999908447266,66.86000061035156,66.56999969482422,66.56999969482422,2134
2026-02-20 02:30:00,66.58000183105469,66.7300033569336,66.5,66.69999694824219,1443
2026-02-20 03:00:00,66.5199966430664,66.62999725341797,66.4800033569336,66.58999633789062,949
2026-02-20 03:30:00,66.63999938964844,66.70999908447266,66.51000213623047,66.5199966430664,808
2026-02-20 04:00:00,66.66000366210938,66.69999694824219,66.62999725341797,66.62999725341797,476
2026-02-20 04:30:00,66.72000122070312,66.7300033569336,66.63999938964844,66.66000366210938,1000
2026-02-20 05:00:00,66.80000305175781,66.80000305175781,66.69000244140625,66.72000122070312,968
2026-02-20 05:30:00,66.83999633789062,66.91999816894531,66.77999877929688,66.80000305175781,1506
2026-02-20 06:00:00,66.98999786376953,67.02999877929688,66.8499984741211,66.8499984741211,1970
2026-02-20 06:30:00,66.72000122070312,67.02999877929688,66.70999908447266,66.9800033569336,2771
2026-02-20 07:00:00,66.56999969482422,66.75,66.52999877929688,66.7300033569336,2803
2026-02-20 07:30:00,66.33000183105469,66.63999938964844,66.30999755859375,66.56999969482422,3268
2026-02-20 08:00:00,66.36000061035156,66.41000366210938,66.26000213623047,66.33999633789062,4157
2026-02-20 08:30:00,66.1500015258789,66.44000244140625,66.0999984741211,66.36000061035156,6456
2026-02-20 09:00:00,66.55000305175781,66.55999755859375,66.13999938964844,66.16000366210938,6639
2026-02-20 09:30:00,66.01000213623047,66.5999984741211,65.86000061035156,66.55999755859375,8485
2026-02-20 10:00:00,65.98999786376953,66.05000305175781,65.87000274658203,66.0199966430664,6854
2026-02-20 10:30:00,65.97000122070312,66.12999725341797,65.94000244140625,65.98999786376953,6469
2026-02-20 11:00:00,66.12000274658203,66.16000366210938,65.94999694824219,65.9800033569336,6032
2026-02-20 11:30:00,66.0,66.38999938964844,65.80999755859375,66.12000274658203,8759
2026-02-20 12:00:00,66.08000183105469,66.22000122070312,65.95999908447266,66.0,4107
2026-02-20 12:30:00,66.16999816894531,66.22000122070312,65.94999694824219,66.08999633789062,4281
2026-02-20 13:00:00,66.13999938964844,66.2300033569336,66.0199966430664,66.16999816894531,7245
2026-02-20 13:30:00,66.26000213623047,66.29000091552734,66.08000183105469,66.13999938964844,6625
2026-02-20 14:00:00,66.13999938964844,66.33999633789062,66.0,66.2699966430664,11741
2026-02-20 14:30:00,66.25,66.51000213623047,65.87999725341797,66.13999938964844,24654
2026-02-20 15:00:00,66.19999694824219,66.66000366210938,66.12000274658203,66.2699966430664,20979
2026-02-20 15:30:00,65.95999908447266,66.20999908447266,65.86000061035156,66.19999694824219,16774
2026-02-20 16:00:00,66.02999877929688,66.1500015258789,65.83000183105469,65.97000122070312,18470
2026-02-20 16:30:00,66.19000244140625,66.3499984741211,65.98999786376953,66.04000091552734,14933
2026-02-20 17:00:00,66.19999694824219,66.36000061035156,66.1500015258789,66.19000244140625,14577
2026-02-20 17:30:00,66.44999694824219,66.51000213623047,66.1500015258789,66.19999694824219,9883
2026-02-20 18:00:00,66.31999969482422,66.7300033569336,66.29000091552734,66.44999694824219,16486
2026-02-20 18:30:00,66.55999755859375,66.6500015258789,66.29000091552734,66.33000183105469,12910
2026-02-20 19:00:00,66.48999786376953,66.56999969482422,66.27999877929688,66.55999755859375,38205
2026-02-20 19:30:00,66.45999908447266,66.54000091552734,66.29000091552734,66.48999786376953,10473
2026-02-20 20:00:00,66.29000091552734,66.5,66.25,66.45999908447266,4160
2026-02-20 20:30:00,66.37000274658203,66.38999938964844,66.23999786376953,66.30000305175781,3027
2026-02-20 21:00:00,66.3499984741211,66.44000244140625,66.30000305175781,66.37999725341797,1708
2026-02-20 21:30:00,66.4800033569336,66.4800033569336,66.26000213623047,66.36000061035156,4031
2026-02-22 23:00:00,65.9800033569336,66.11000061035156,65.79000091552734,65.79000091552734,1733
2026-02-22 23:30:00,65.98999786376953,66.05000305175781,65.83000183105469,65.95999908447266,1685
2026-02-23 00:00:00,65.86000061035156,66.0199966430664,65.83999633789062,66.0,1648
2026-02-23 00:30:00,65.72000122070312,65.87999725341797,65.6500015258789,65.86000061035156,2813
2026-02-23 01:00:00,65.79000091552734,65.80000305175781,65.5999984741211,65.72000122070312,1846
2026-02-23 01:30:00,65.9000015258789,65.9800033569336,65.76000213623047,65.79000091552734,1278
2026-02-23 02:00:00,66.01000213623047,66.04000091552734,65.91000366210938,65.91000366210938,1649
2026-02-23 02:30:00,65.88999938964844,66.04000091552734,65.87999725341797,66.0,706
2026-02-23 03:00:00,65.80000305175781,65.9000015258789,65.7699966430664,65.88999938964844,908
2026-02-23 03:30:00,65.72000122070312,65.80999755859375,65.69000244140625,65.80000305175781,1350
2026-02-23 04:00:00,65.56999969482422,65.76000213623047,65.5199966430664,65.70999908447266,3579
2026-02-23 04:30:00,65.58000183105469,65.68000030517578,65.56999969482422,65.56999969482422,987
2026-02-23 05:00:00,65.72000122070312,65.77999877929688,65.55000305175781,65.58999633789062,946
2026-02-23 05:30:00,65.73999786376953,65.80999755859375,65.69000244140625,65.7300033569336,1023
2026-02-23 06:00:00,65.77999877929688,65.77999877929688,65.69000244140625,65.75,746
2026-02-23 06:30:00,65.66999816894531,65.83000183105469,65.63999938964844,65.77999877929688,1278
2026-02-23 07:00:00,65.66999816894531,65.80000305175781,65.62999725341797,65.68000030517578,2009
2026-02-23 07:30:00,65.66000366210938,65.72000122070312,65.5199966430664,65.66999816894531,2333
2026-02-23 08:00:00,65.69999694824219,65.91999816894531,65.6500015258789,65.6500015258789,4995
2026-02-23 08:30:00,65.86000061035156,65.88999938964844,65.55999755859375,65.70999908447266,3168
2026-02-23 09:00:00,66.04000091552734,66.19999694824219,65.76000213623047,65.87000274658203,5168
2026-02-23 09:30:00,66.2300033569336,66.30000305175781,66.05000305175781,66.05000305175781,3847
2026-02-23 10:00:00,66.02999877929688,66.2300033569336,66.0,66.2300033569336,3093
2026-02-23 10:30:00,66.08999633789062,66.16000366210938,66.02999877929688,66.04000091552734,2206
2026-02-23 11:00:00,66.16999816894531,66.20999908447266,66.01000213623047,66.08999633789062,1932
2026-02-23 11:30:00,66.44000244140625,66.47000122070312,66.16999816894531,66.16999816894531,3725
2026-02-23 12:00:00,66.63999938964844,66.66999816894531,66.43000030517578,66.44999694824219,5096
2026-02-23 12:30:00,66.70999908447266,66.7300033569336,66.56999969482422,66.6500015258789,3596
2026-02-23 13:00:00,66.63999938964844,66.72000122070312,66.56999969482422,66.72000122070312,4768
2026-02-23 13:30:00,66.91000366210938,66.94000244140625,66.54000091552734,66.63999938964844,8491
2026-02-23 14:00:00,66.94000244140625,67.0,66.7300033569336,66.91000366210938,13081
2026-02-23 14:30:00,67.01000213623047,67.22000122070312,66.91999816894531,66.94999694824219,18755
2026-02-23 15:00:00,67.23999786376953,67.27999877929688,67.0,67.01000213623047,9745
2026-02-23 15:30:00,66.80000305175781,67.27999877929688,66.7699966430664,67.25,15684
2026-02-23 16:00:00,67.02999877929688,67.13999938964844,66.45999908447266,66.79000091552734,16616
2026-02-23 16:30:00,66.37999725341797,67.05000305175781,66.27999877929688,67.04000091552734,17073
2026-02-23 17:00:00,66.30000305175781,66.45999908447266,66.23999786376953,66.4000015258789,8527
2026-02-23 17:30:00,66.25,66.33999633789062,66.12000274658203,66.30000305175781,9792
2026-02-23 18:00:00,66.19000244140625,66.30999755859375,66.18000030517578,66.23999786376953,4809
2026-02-23 18:30:00,66.20999908447266,66.33999633789062,66.0999984741211,66.19999694824219,6240
2026-02-23 19:00:00,66.30999755859375,66.38999938964844,66.0999984741211,66.20999908447266,21482
2026-02-23 19:30:00,66.33000183105469,66.37000274658203,66.18000030517578,66.30000305175781,8770
2026-02-23 20:00:00,66.41000366210938,66.44999694824219,66.33000183105469,66.33000183105469,2772
2026-02-23 20:30:00,66.44000244140625,66.5,66.37999725341797,66.41000366210938,2108
2026-02-23 21:00:00,66.38999938964844,66.5,66.3499984741211,66.44000244140625,2602
2026-02-23 21:30:00,66.29000091552734,66.41999816894531,66.26000213623047,66.37999725341797,1257
2026-02-23 23:00:00,66.25,66.33999633789062,66.16999816894531,66.30999755859375,335
2026-02-23 23:30:00,66.26000213623047,66.33000183105469,66.23999786376953,66.26000213623047,280
2026-02-24 00:00:00,66.23999786376953,66.31999969482422,66.22000122070312,66.2699966430664,503
2026-02-24 00:30:00,66.31999969482422,66.33999633789062,66.20999908447266,66.23999786376953,373
2026-02-24 01:00:00,66.20999908447266,66.43000030517578,66.06999969482422,66.31999969482422,3438
2026-02-24 01:30:00,66.44999694824219,66.47000122070312,66.20999908447266,66.22000122070312,2383
2026-02-24 02:00:00,66.58999633789062,66.6500015258789,66.41000366210938,66.44999694824219,2482
2026-02-24 02:30:00,66.80999755859375,66.81999969482422,66.58000183105469,66.58000183105469,2040
2026-02-24 03:00:00,66.91999816894531,66.94000244140625,66.7699966430664,66.80999755859375,2732
2026-02-24 03:30:00,66.87999725341797,66.93000030517578,66.83000183105469,66.91999816894531,970
2026-02-24 04:00:00,66.83000183105469,66.91000366210938,66.83000183105469,66.88999938964844,626
2026-02-24 04:30:00,66.81999969482422,66.88999938964844,66.77999877929688,66.83999633789062,993
2026-02-24 05:00:00,66.70999908447266,66.80000305175781,66.61000061035156,66.79000091552734,1370
2026-02-24 05:30:00,66.8499984741211,66.95999908447266,66.69000244140625,66.69999694824219,1639
2026-02-24 06:00:00,66.70999908447266,66.86000061035156,66.69000244140625,66.8499984741211,1217
2026-02-24 06:30:00,66.76000213623047,66.79000091552734,66.63999938964844,66.69999694824219,1092
2026-02-24 07:00:00,66.62999725341797,66.80000305175781,66.58999633789062,66.77999877929688,1684
2026-02-24 07:30:00,66.55999755859375,66.63999938964844,66.47000122070312,66.62999725341797,1914
2026-02-24 08:00:00,66.33999633789062,66.61000061035156,66.30999755859375,66.55999755859375,4350
2026-02-24 08:30:00,66.55000305175781,66.58000183105469,66.27999877929688,66.33999633789062,3980
2026-02-24 09:00:00,66.41999816894531,66.58000183105469,66.33000183105469,66.55999755859375,3508
2026-02-24 09:30:00,66.55000305175781,66.58999633789062,66.4000015258789,66.4000015258789,2619
2026-02-24 10:00:00,66.45999908447266,66.61000061035156,66.30000305175781,66.55999755859375,5685
2026-02-24 10:30:00,66.27999877929688,66.48999786376953,66.19000244140625,66.45999908447266,5216
2026-02-24 11:00:00,66.30000305175781,66.38999938964844,66.1500015258789,66.26000213623047,2914
2026-02-24 11:30:00,66.37000274658203,66.4000015258789,66.22000122070312,66.30000305175781,3055
2026-02-24 12:00:00,66.45999908447266,66.5,66.25,66.3499984741211,2902
2026-02-24 12:30:00,66.62000274658203,66.63999938964844,66.41000366210938,66.45999908447266,5212
2026-02-24 13:00:00,67.0199966430664,67.04000091552734,66.62000274658203,66.62000274658203,9119
2026-02-24 13:30:00,66.87000274658203,67.1500015258789,66.80999755859375,67.0199966430664,8649
2026-02-24 14:00:00,66.68000030517578,66.87999725341797,66.62999725341797,66.87000274658203,11177
2026-02-24 14:30:00,66.52999877929688,66.69999694824219,66.37000274658203,66.66999816894531,18457
2026-02-24 15:00:00,65.9000015258789,66.66000366210938,65.73999786376953,66.5199966430664,31894
2026-02-24 15:30:00,65.88999938964844,66.16000366210938,65.63999938964844,65.88999938964844,23494
2026-02-24 16:00:00,66.0199966430664,66.22000122070312,65.77999877929688,65.87999725341797,13274
2026-02-24 16:30:00,65.98999786376953,66.18000030517578,65.83999633789062,66.01000213623047,14098
2026-02-24 17:00:00,66.18000030517578,66.31999969482422,65.94000244140625,65.98999786376953,8654
2026-02-24 17:30:00,65.83000183105469,66.18000030517578,65.68000030517578,66.18000030517578,15341
2026-02-24 18:00:00,65.9000015258789,65.9800033569336,65.77999877929688,65.83000183105469,7533
2026-02-24 18:30:00,65.94000244140625,66.04000091552734,65.80000305175781,65.9000015258789,7910
2026-02-24 19:00:00,65.66000366210938,65.95999908447266,65.55000305175781,65.94999694824219,23537
2026-02-24 19:30:00,65.9000015258789,65.94000244140625,65.61000061035156,65.66000366210938,7895
2026-02-24 20:00:00,66.31999969482422,66.47000122070312,65.80000305175781,65.9000015258789,14485
2026-02-24 20:30:00,66.30000305175781,66.38999938964844,66.18000030517578,66.33000183105469,5619
2026-02-24 21:00:00,66.27999877929688,66.31999969482422,66.16999816894531,66.29000091552734,2116
2026-02-24 21:30:00,66.08000183105469,66.27999877929688,65.97000122070312,66.2699966430664,4890
2026-02-24 23:00:00,66.0,66.12000274658203,65.94000244140625,66.06999969482422,1019
2026-02-24 23:30:00,66.02999877929688,66.05999755859375,65.94000244140625,65.98999786376953,768
2026-02-25 00:00:00,66.11000061035156,66.12000274658203,65.95999908447266,66.04000091552734,808
2026-02-25 00:30:00,66.0999984741211,66.23999786376953,66.05999755859375,66.12000274658203,921
2026-02-25 01:00:00,66.12000274658203,66.30000305175781,66.02999877929688,66.08999633789062,3327
2026-02-25 01:30:00,66.05000305175781,66.13999938964844,65.94999694824219,66.12000274658203,2158
2026-02-25 02:00:00,66.19000244140625,66.2699966430664,66.05999755859375,66.05999755859375,1927
2026-02-25 02:30:00,66.31999969482422,66.33999633789062,66.16999816894531,66.19000244140625,1419
2026-02-25 03:00:00,66.26000213623047,66.33999633789062,66.16000366210938,66.30999755859375,1314
2026-02-25 03:30:00,66.01000213623047,66.5999984741211,65.9800033569336,66.26000213623047,6464
2026-02-25 04:00:00,66.08999633789062,66.11000061035156,65.97000122070312,66.01000213623047,1235
2026-02-25 04:30:00,66.02999877929688,66.13999938964844,66.01000213623047,66.0999984741211,1237
2026-02-25 05:00:00,66.06999969482422,66.08999633789062,65.95999908447266,66.0199966430664,969
2026-02-25 05:30:00,66.02999877929688,66.11000061035156,65.9800033569336,66.05999755859375,1108
2026-02-25 06:00:00,65.80000305175781,66.02999877929688,65.76000213623047,66.02999877929688,1776
2026-02-25 06:30:00,65.98999786376953,66.0199966430664,65.79000091552734,65.80000305175781,1147
2026-02-25 07:00:00,66.05000305175781,66.18000030517578,66.0,66.0,1887
2026-02-25 07:30:00,65.9000015258789,66.08000183105469,65.83000183105469,66.05000305175781,1834
2026-02-25 08:00:00,65.87999725341797,65.91000366210938,65.79000091552734,65.88999938964844,3347
2026-02-25 08:30:00,66.0,66.12999725341797,65.73999786376953,65.88999938964844,5727
2026-02-25 09:00:00,65.9800033569336,66.05000305175781,65.9000015258789,66.0199966430664,3075
2026-02-25 09:30:00,65.62999725341797,65.9800033569336,65.44999694824219,65.95999908447266,10393
2026-02-25 10:00:00,65.91999816894531,66.02999877929688,65.5999984741211,65.62999725341797,4728
2026-02-25 10:30:00,65.91000366210938,65.95999908447266,65.69999694824219,65.91999816894531,3415
2026-02-25 11:00:00,65.83000183105469,65.9800033569336,65.80000305175781,65.91000366210938,2342
2026-02-25 11:30:00,65.87000274658203,65.94000244140625,65.80999755859375,65.83000183105469,3057
2026-02-25 12:00:00,66.12999725341797,66.13999938964844,65.7300033569336,65.87000274658203,8356
2026-02-25 12:30:00,66.22000122070312,66.30999755859375,65.93000030517578,66.13999938964844,8089
2026-02-25 13:00:00,66.23999786376953,66.30999755859375,66.11000061035156,66.22000122070312,5231
2026-02-25 13:30:00,65.91000366210938,66.27999877929688,65.86000061035156,66.25,11053
2026-02-25 14:00:00,65.76000213623047,66.0199966430664,65.76000213623047,65.91000366210938,10854
2026-02-25 14:30:00,65.31999969482422,65.77999877929688,65.29000091552734,65.7699966430664,21160
2026-02-25 15:00:00,65.5199966430664,65.6500015258789,65.29000091552734,65.30999755859375,13465
2026-02-25 15:30:00,65.41000366210938,65.55999755859375,65.25,65.52999877929688,30915
2026-02-25 16:00:00,65.51000213623047,65.55000305175781,65.12000274658203,65.41000366210938,17491
2026-02-25 16:30:00,65.45999908447266,65.55000305175781,65.29000091552734,65.5199966430664,12031
2026-02-25 17:00:00,65.51000213623047,65.54000091552734,65.33999633789062,65.45999908447266,9201
2026-02-25 17:30:00,65.52999877929688,65.56999969482422,65.38999938964844,65.5,6340
2026-02-25 18:00:00,65.7300033569336,65.79000091552734,65.47000122070312,65.5199966430664,9151
2026-02-25 18:30:00,65.5999984741211,65.7699966430664,65.55000305175781,65.7300033569336,9533
2026-02-25 19:00:00,65.47000122070312,65.62999725341797,65.3499984741211,65.5999984741211,21810
2026-02-25 19:30:00,65.72000122070312,65.75,65.44999694824219,65.47000122070312,8715
2026-02-25 20:00:00,65.5999984741211,65.7300033569336,65.58999633789062,65.72000122070312,2654
2026-02-25 20:30:00,65.45999908447266,65.5999984741211,65.41999816894531,65.58999633789062,2682
2026-02-25 21:00:00,65.5,65.54000091552734,65.43000030517578,65.44999694824219,2054
2026-02-25 21:30:00,65.56999969482422,65.62000274658203,65.4800033569336,65.5,2259
2026-02-25 23:00:00,65.63999938964844,65.72000122070312,65.55999755859375,65.6500015258789,441
2026-02-25 23:30:00,65.63999938964844,65.66999816894531,65.61000061035156,65.6500015258789,280
2026-02-26 00:00:00,65.80000305175781,65.8499984741211,65.52999877929688,65.62999725341797,1309
2026-02-26 00:30:00,65.75,65.81999969482422,65.69999694824219,65.79000091552734,461
2026-02-26 01:00:00,65.66000366210938,65.76000213623047,65.54000091552734,65.76000213623047,2653
2026-02-26 01:30:00,65.62000274658203,65.73999786376953,65.62000274658203,65.66000366210938,905
2026-02-26 02:00:00,65.5199966430664,65.66999816894531,65.51000213623047,65.62000274658203,1616
2026-02-26 02:30:00,65.45999908447266,65.52999877929688,65.33000183105469,65.51000213623047,2120
2026-02-26 03:00:00,65.55999755859375,65.5999984741211,65.44999694824219,65.47000122070312,1306
2026-02-26 03:30:00,65.51000213623047,65.56999969482422,65.4800033569336,65.55000305175781,333
2026-02-26 04:00:00,65.56999969482422,65.61000061035156,65.5199966430664,65.5199966430664,380
2026-02-26 04:30:00,65.58000183105469,65.62000274658203,65.55000305175781,65.56999969482422,404
2026-02-26 05:00:00,65.58999633789062,65.62999725341797,65.55999755859375,65.56999969482422,833
2026-02-26 05:30:00,65.55000305175781,65.66999816894531,65.48999786376953,65.58000183105469,920
2026-02-26 06:00:00,65.47000122070312,65.58000183105469,65.44000244140625,65.55000305175781,1100
2026-02-26 06:30:00,65.51000213623047,65.5199966430664,65.43000030517578,65.47000122070312,610
2026-02-26 07:00:00,65.5199966430664,65.61000061035156,65.4800033569336,65.48999786376953,1109
2026-02-26 07:30:00,65.47000122070312,65.58999633789062,65.36000061035156,65.51000213623047,2247
2026-02-26 08:00:00,65.55999755859375,65.66000366210938,65.41999816894531,65.4800033569336,3754
2026-02-26 08:30:00,65.45999908447266,65.58999633789062,65.4000015258789,65.55999755859375,3865
2026-02-26 09:00:00,64.9800033569336,65.47000122070312,64.8499984741211,65.45999908447266,11423
2026-02-26 09:30:00,65.11000061035156,65.13999938964844,64.80000305175781,64.9800033569336,5964
2026-02-26 10:00:00,64.44000244140625,65.12000274658203,64.41000366210938,65.11000061035156,17097
2026-02-26 10:30:00,64.37000274658203,64.4800033569336,64.20999908447266,64.43000030517578,9497
2026-02-26 11:00:00,64.41000366210938,64.6500015258789,64.30000305175781,64.36000061035156,5160
2026-02-26 11:30:00,64.30999755859375,64.43000030517578,64.27999877929688,64.38999938964844,2174
2026-02-26 12:00:00,64.0999984741211,64.44000244140625,63.810001373291016,64.30999755859375,11069
2026-02-26 12:30:00,64.12000274658203,64.23999786376953,64.05999755859375,64.08999633789062,7858
2026-02-26 13:00:00,64.12999725341797,64.1500015258789,63.59999847412109,64.12999725341797,17949
2026-02-26 13:30:00,64.37999725341797,64.48999786376953,64.0999984741211,64.13999938964844,12951
2026-02-26 14:00:00,64.18000030517578,64.47000122070312,64.06999969482422,64.37000274658203,17347
2026-02-26 14:30:00,64.70999908447266,64.75,64.05999755859375,64.16999816894531,18668
2026-02-26 15:00:00,65.63999938964844,65.66999816894531,64.69999694824219,64.70999908447266,43096
2026-02-26 15:30:00,66.48999786376953,66.51000213623047,65.56999969482422,65.6500015258789,38648
2026-02-26 16:00:00,66.61000061035156,66.70999908447266,66.2699966430664,66.48999786376953,36049
2026-02-26 16:30:00,66.41999816894531,66.63999938964844,65.87999725341797,66.61000061035156,31899
2026-02-26 17:00:00,66.41999816894531,66.58999633789062,66.11000061035156,66.43000030517578,13087
2026-02-26 17:30:00,66.47000122070312,66.58999633789062,66.4000015258789,66.41000366210938,8046
2026-02-26 18:00:00,66.23999786376953,66.66999816894531,66.11000061035156,66.45999908447266,31475
2026-02-26 18:30:00,65.72000122070312,66.45999908447266,64.94000244140625,66.2300033569336,44354
2026-02-26 19:00:00,65.20999908447266,65.80000305175781,64.91000366210938,65.70999908447266,40583
2026-02-26 19:30:00,65.33999633789062,65.52999877929688,65.16999816894531,65.22000122070312,9750
2026-02-26 20:00:00,65.38999938964844,65.47000122070312,65.2300033569336,65.33000183105469,3045
2026-02-26 20:30:00,65.51000213623047,65.56999969482422,65.30999755859375,65.41000366210938,3396
2026-02-26 21:00:00,65.48999786376953,65.63999938964844,65.41000366210938,65.48999786376953,3505
2026-02-26 21:30:00,65.47000122070312,65.56999969482422,65.4000015258789,65.4800033569336,2946
2026-02-26 23:00:00,65.29000091552734,65.44000244140625,65.20999908447266,65.3499984741211,954
2026-02-26 23:30:00,65.22000122070312,65.31999969482422,65.20999908447266,65.30000305175781,761
2026-02-27 00:00:00,65.27999877929688,65.30000305175781,65.13999938964844,65.20999908447266,642
2026-02-27 00:30:00,65.25,65.30000305175781,65.22000122070312,65.27999877929688,287
2026-02-27 01:00:00,65.0199966430664,65.26000213623047,64.8499984741211,65.26000213623047,3536
2026-02-27 01:30:00,65.0999984741211,65.13999938964844,64.94000244140625,65.01000213623047,1239
2026-02-27 02:00:00,65.05000305175781,65.12999725341797,64.95999908447266,65.11000061035156,903
2026-02-27 02:30:00,65.04000091552734,65.0999984741211,64.95999908447266,65.04000091552734,1356
2026-02-27 03:00:00,65.20999908447266,65.2300033569336,65.02999877929688,65.05000305175781,1058
2026-02-27 03:30:00,65.30000305175781,65.30999755859375,65.16999816894531,65.19999694824219,1194
2026-02-27 04:00:00,65.31999969482422,65.33000183105469,65.25,65.30000305175781,867
2026-02-27 04:30:00,65.30999755859375,65.43000030517578,65.29000091552734,65.33000183105469,717
2026-02-27 05:00:00,65.47000122070312,65.48999786376953,65.33000183105469,65.33999633789062,961
2026-02-27 05:30:00,65.56999969482422,65.68000030517578,65.41999816894531,65.47000122070312,2858
2026-02-27 06:00:00,65.68000030517578,65.72000122070312,65.5,65.56999969482422,1057
2026-02-27 06:30:00,65.72000122070312,65.75,65.63999938964844,65.68000030517578,1236
2026-02-27 07:00:00,65.70999908447266,65.7699966430664,65.6500015258789,65.7300033569336,2182
2026-02-27 07:30:00,65.76000213623047,65.81999969482422,65.66000366210938,65.72000122070312,2807
2026-02-27 08:00:00,65.94000244140625,66.05000305175781,65.66999816894531,65.76000213623047,4858
2026-02-27 08:30:00,65.70999908447266,65.94000244140625,65.55000305175781,65.93000030517578,5780
2026-02-27 09:00:00,65.9800033569336,66.16000366210938,65.63999938964844,65.70999908447266,7636
2026-02-27 09:30:00,66.44000244140625,66.45999908447266,65.94000244140625,65.9800033569336,8025
2026-02-27 10:00:00,66.2699966430664,66.55000305175781,66.2300033569336,66.44000244140625,9170
2026-02-27 10:30:00,66.55999755859375,66.62000274658203,66.12999725341797,66.2699966430664,6945
2026-02-27 11:00:00,66.62000274658203,66.76000213623047,66.47000122070312,66.55000305175781,9352
2026-02-27 11:30:00,66.87000274658203,66.93000030517578,66.62000274658203,66.62999725341797,6647
2026-02-27 12:00:00,66.80000305175781,66.94999694824219,66.76000213623047,66.86000061035156,6851
2026-02-27 12:30:00,67.04000091552734,67.05000305175781,66.80999755859375,66.83000183105469,8793
2026-02-27 13:00:00,67.56999969482422,67.62999725341797,67.02999877929688,67.04000091552734,23805
2026-02-27 13:30:00,67.75,67.80999755859375,67.43000030517578,67.54000091552734,19761
2026-02-27 14:00:00,67.30000305175781,67.83000183105469,67.16999816894531,67.75,25842
2026-02-27 14:30:00,66.9000015258789,67.41999816894531,66.86000061035156,67.30000305175781,25658
2026-02-27 15:00:00,66.91999816894531,67.08000183105469,66.77999877929688,66.88999938964844,21840
2026-02-27 15:30:00,66.91000366210938,67.02999877929688,66.48999786376953,66.93000030517578,23457
2026-02-27 16:00:00,66.51000213623047,66.91999816894531,66.51000213623047,66.9000015258789,22135
2026-02-27 16:30:00,66.54000091552734,66.66999816894531,66.41999816894531,66.51000213623047,13453
2026-02-27 17:00:00,66.6500015258789,66.80000305175781,66.4800033569336,66.54000091552734,10320
2026-02-27 17:30:00,66.76000213623047,66.80000305175781,66.12999725341797,66.66000366210938,33350
2026-02-27 18:00:00,66.91000366210938,66.94999694824219,66.69000244140625,66.75,12809
2026-02-27 18:30:00,67.02999877929688,67.05000305175781,66.80999755859375,66.9000015258789,10764
2026-02-27 19:00:00,67.05999755859375,67.18000030517578,66.86000061035156,67.04000091552734,23920
2026-02-27 19:30:00,67.05000305175781,67.23999786376953,66.95999908447266,67.06999969482422,15491
2026-02-27 20:00:00,67.18000030517578,67.31999969482422,67.0,67.06999969482422,5276
2026-02-27 20:30:00,67.25,67.41000366210938,67.05000305175781,67.16999816894531,8592
2026-02-27 21:00:00,67.33999633789062,67.4000015258789,66.95999908447266,67.26000213623047,6226
2026-02-27 21:30:00,67.29000091552734,67.41999816894531,67.16999816894531,67.36000061035156,4423
2026-03-01 23:00:00,72.52999877929688,73.0,71.04000091552734,71.86000061035156,25287
2026-03-01 23:30:00,71.97000122070312,72.91000366210938,71.8499984741211,72.52999877929688,28681
2026-03-02 00:00:00,71.72000122070312,72.12999725341797,71.55999755859375,71.98999786376953,14998
2026-03-02 00:30:00,71.79000091552734,72.11000061035156,71.55999755859375,71.72000122070312,15142
2026-03-02 01:00:00,69.54000091552734,71.83000183105469,69.19999694824219,71.79000091552734,23150
2026-03-02 01:30:00,69.7300033569336,70.30000305175781,69.31999969482422,69.52999877929688,21586
2026-03-02 02:00:00,69.86000061035156,70.30000305175781,69.44000244140625,69.72000122070312,9166
2026-03-02 02:30:00,70.0,70.23999786376953,69.5999984741211,69.8499984741211,7973
2026-03-02 03:00:00,70.37999725341797,70.48999786376953,69.91999816894531,69.98999786376953,6524
2026-03-02 03:30:00,70.70999908447266,71.11000061035156,70.37000274658203,70.4000015258789,7090
2026-03-02 04:00:00,70.87999725341797,71.2300033569336,70.47000122070312,70.69999694824219,5500
2026-03-02 04:30:00,71.30999755859375,71.3499984741211,70.62999725341797,70.88999938964844,4529
2026-03-02 05:00:00,71.26000213623047,71.44000244140625,70.91999816894531,71.19000244140625,4994
2026-03-02 05:30:00,71.58000183105469,71.58000183105469,70.94999694824219,71.25,5402
2026-03-02 06:00:00,71.87999725341797,72.04000091552734,71.55999755859375,71.56999969482422,9001
2026-03-02 06:30:00,71.9800033569336,72.33999633789062,71.61000061035156,71.86000061035156,9600
2026-03-02 07:00:00,72.62999725341797,73.1500015258789,71.95999908447266,71.98999786376953,28580
2026-03-02 07:30:00,73.23999786376953,73.33000183105469,72.41999816894531,72.62999725341797,16384
2026-03-02 08:00:00,72.98999786376953,73.37000274658203,72.75,73.2300033569336,19914
2026-03-02 08:30:00,72.55000305175781,73.25,72.08000183105469,72.98999786376953,19193
2026-03-02 09:00:00,71.88999938964844,72.54000091552734,71.80000305175781,72.52999877929688,16991
2026-03-02 09:30:00,72.41999816894531,72.4800033569336,71.75,71.9000015258789,11825
2026-03-02 10:00:00,72.02999877929688,72.44999694824219,71.27999877929688,72.43000030517578,17744
2026-03-02 10:30:00,72.01000213623047,72.12000274658203,71.66000366210938,72.0199966430664,9274
2026-03-02 11:00:00,71.80000305175781,72.3499984741211,71.72000122070312,72.0199966430664,10256
2026-03-02 11:30:00,71.94999694824219,72.0,71.12000274658203,71.80000305175781,10994
2026-03-02 12:00:00,72.7699966430664,72.8499984741211,71.91999816894531,71.94000244140625,14975
2026-03-02 12:30:00,72.5999984741211,72.91999816894531,72.37000274658203,72.7699966430664,12682
2026-03-02 13:00:00,72.31999969482422,72.61000061035156,71.72000122070312,72.61000061035156,24231
2026-03-02 13:30:00,72.29000091552734,72.56999969482422,71.9800033569336,72.33000183105469,15399
2026-03-02 14:00:00,71.91000366210938,72.44000244140625,71.8499984741211,72.29000091552734,29018
2026-03-02 14:30:00,71.05000305175781,72.08999633789062,70.76000213623047,71.91999816894531,33998
2026-03-02 15:00:00,71.66999816894531,71.72000122070312,70.91999816894531,71.05000305175781,27537
2026-03-02 15:30:00,71.25,71.80999755859375,71.19000244140625,71.66000366210938,16732
2026-03-02 16:00:00,71.0999984741211,71.36000061035156,70.54000091552734,71.25,30723
2026-03-02 16:30:00,70.87999725341797,71.3499984741211,70.08999633789062,71.11000061035156,39753
2026-03-02 17:00:00,70.44999694824219,70.88999938964844,70.16000366210938,70.87999725341797,18746
2026-03-02 17:30:00,70.61000061035156,70.95999908447266,70.38999938964844,70.44000244140625,12760
2026-03-02 18:00:00,70.88999938964844,70.97000122070312,70.31999969482422,70.5999984741211,12593
2026-03-02 18:30:00,71.0999984741211,71.25,70.83999633789062,70.9000015258789,16984
2026-03-02 19:00:00,71.2300033569336,71.27999877929688,70.80000305175781,71.0999984741211,27564
2026-03-02 19:30:00,70.9000015258789,71.33000183105469,70.83000183105469,71.2300033569336,16813
2026-03-02 20:00:00,72.62000274658203,72.77999877929688,70.9000015258789,70.9000015258789,43348
2026-03-02 20:30:00,71.58000183105469,72.69999694824219,71.54000091552734,72.62999725341797,18329
2026-03-02 21:00:00,71.51000213623047,71.80000305175781,71.25,71.56999969482422,9780
2026-03-02 21:30:00,71.02999877929688,71.54000091552734,70.9800033569336,71.51000213623047,11616
2026-03-02 23:00:00,70.69000244140625,71.5199966430664,70.61000061035156,71.2300033569336,3457
2026-03-02 23:30:00,70.88999938964844,70.91999816894531,70.41000366210938,70.69000244140625,3254
2026-03-03 00:00:00,71.27999877929688,71.33000183105469,70.87999725341797,70.91999816894531,2692
2026-03-03 00:30:00,71.62000274658203,71.69999694824219,71.18000030517578,71.27999877929688,2847
2026-03-03 01:00:00,72.05000305175781,72.13999938964844,71.62999725341797,71.62999725341797,10089
2026-03-03 01:30:00,71.75,72.12000274658203,71.73999786376953,72.05999755859375,3844
2026-03-03 02:00:00,72.33000183105469,72.44000244140625,71.54000091552734,71.76000213623047,4484
2026-03-03 02:30:00,72.37999725341797,72.48999786376953,72.08000183105469,72.30999755859375,3738
2026-03-03 03:00:00,72.54000091552734,72.70999908447266,72.3499984741211,72.4000015258789,6540
2026-03-03 03:30:00,72.44000244140625,72.55999755859375,72.29000091552734,72.55000305175781,2406
2026-03-03 04:00:00,72.58999633789062,72.66999816894531,72.2699966430664,72.44999694824219,2040
2026-03-03 04:30:00,72.66999816894531,72.79000091552734,72.48999786376953,72.58999633789062,2278
2026-03-03 05:00:00,72.68000030517578,72.77999877929688,72.54000091552734,72.68000030517578,2074
2026-03-03 05:30:00,72.86000061035156,73.37999725341797,72.54000091552734,72.66000366210938,9896
2026-03-03 06:00:00,72.68000030517578,72.88999938964844,72.33000183105469,72.86000061035156,5171
2026-03-03 06:30:00,73.05999755859375,73.0999984741211,72.66999816894531,72.69000244140625,4473
2026-03-03 07:00:00,73.37000274658203,73.54000091552734,73.01000213623047,73.06999969482422,10491
2026-03-03 07:30:00,73.83999633789062,74.11000061035156,73.1500015258789,73.37000274658203,13156
2026-03-03 08:00:00,73.80999755859375,74.11000061035156,73.4800033569336,73.86000061035156,14611
2026-03-03 08:30:00,74.45999908447266,74.51000213623047,73.5,73.80000305175781,17733
2026-03-03 09:00:00,74.83000183105469,75.29000091552734,74.31999969482422,74.44999694824219,19235
2026-03-03 09:30:00,75.22000122070312,75.55000305175781,74.80000305175781,74.81999969482422,19623
2026-03-03 10:00:00,75.83999633789062,76.0199966430664,74.87999725341797,75.20999908447266,19001
2026-03-03 10:30:00,76.45999908447266,77.2699966430664,75.75,75.83000183105469,35171
2026-03-03 11:00:00,76.62000274658203,77.52999877929688,76.16999816894531,76.4800033569336,34084
2026-03-03 11:30:00,77.18000030517578,77.19000244140625,75.91000366210938,76.61000061035156,32147
2026-03-03 12:00:00,76.04000091552734,77.58000183105469,75.69000244140625,77.18000030517578,43716
2026-03-03 12:30:00,75.93000030517578,76.86000061035156,75.70999908447266,76.02999877929688,46407
2026-03-03 13:00:00,76.30999755859375,76.45999908447266,75.3499984741211,75.94000244140625,33306
2026-03-03 13:30:00,76.20999908447266,76.55999755859375,75.87999725341797,76.31999969482422,37731
2026-03-03 14:00:00,77.37000274658203,77.9800033569336,76.19000244140625,76.20999908447266,70273
2026-03-03 14:30:00,76.69000244140625,77.4000015258789,76.55999755859375,77.37000274658203,37927
2026-03-03 15:00:00,77.51000213623047,77.63999938964844,76.4800033569336,76.69000244140625,39053
2026-03-03 15:30:00,76.97000122070312,77.58000183105469,76.51000213623047,77.51000213623047,35298
2026-03-03 16:00:00,76.83000183105469,77.31999969482422,76.62000274658203,76.97000122070312,33423
2026-03-03 16:30:00,75.95999908447266,76.86000061035156,74.54000091552734,76.83999633789062,65899
2026-03-03 17:00:00,75.76000213623047,76.43000030517578,75.62000274658203,75.97000122070312,29019
2026-03-03 17:30:00,75.55000305175781,75.95999908447266,75.18000030517578,75.7699966430664,20236
2026-03-03 18:00:00,75.2699966430664,75.55000305175781,74.9000015258789,75.55000305175781,20016
2026-03-03 18:30:00,74.69999694824219,75.31999969482422,73.70999908447266,75.25,40135
2026-03-03 19:00:00,74.58000183105469,74.86000061035156,74.22000122070312,74.69999694824219,39493
2026-03-03 19:30:00,73.5999984741211,74.83999633789062,71.6500015258789,74.58000183105469,63185
2026-03-03 20:00:00,73.43000030517578,73.86000061035156,73.05999755859375,73.58000183105469,13991
2026-03-03 20:30:00,74.08000183105469,74.18000030517578,73.43000030517578,73.43000030517578,9954
2026-03-03 21:00:00,74.5999984741211,74.81999969482422,74.0199966430664,74.08999633789062,9807
2026-03-03 21:30:00,74.80000305175781,75.12999725341797,74.5199966430664,74.58000183105469,7706
2026-03-03 23:00:00,75.19999694824219,75.30999755859375,74.56999969482422,74.73999786376953,1597
2026-03-03 23:30:00,75.55000305175781,75.56999969482422,75.06999969482422,75.19000244140625,2501
2026-03-04 00:00:00,74.55000305175781,75.69999694824219,74.44000244140625,75.52999877929688,5409
2026-03-04 00:30:00,74.95999908447266,75.20999908447266,74.55000305175781,74.55000305175781,2945
2026-03-04 01:00:00,75.30000305175781,75.61000061035156,74.37000274658203,74.97000122070312,9319
2026-03-04 01:30:00,74.95999908447266,75.69000244140625,74.55999755859375,75.30000305175781,9585
2026-03-04 02:00:00,74.98999786376953,75.52999877929688,74.83000183105469,74.94000244140625,4677
2026-03-04 02:30:00,75.02999877929688,75.31999969482422,74.75,74.9800033569336,3739
2026-03-04 03:00:00,74.81999969482422,75.31999969482422,74.66999816894531,75.02999877929688,4325
2026-03-04 03:30:00,75.12000274658203,75.16000366210938,74.80999755859375,74.80999755859375,2111
2026-03-04 04:00:00,75.41000366210938,75.45999908447266,74.9800033569336,75.12000274658203,2612
2026-03-04 04:30:00,75.44999694824219,75.58999633789062,75.29000091552734,75.4000015258789,2056
2026-03-04 05:00:00,75.73999786376953,75.9800033569336,75.26000213623047,75.4800033569336,4023
2026-03-04 05:30:00,75.91000366210938,76.4000015258789,75.43000030517578,75.7300033569336,5905
2026-03-04 06:00:00,76.41000366210938,76.51000213623047,75.75,75.91999816894531,4660
2026-03-04 06:30:00,76.8499984741211,76.8499984741211,76.08000183105469,76.4000015258789,5437
2026-03-04 07:00:00,76.79000091552734,76.9800033569336,76.38999938964844,76.83999633789062,7231
2026-03-04 07:30:00,76.45999908447266,76.87000274658203,76.33999633789062,76.77999877929688,6122
2026-03-04 08:00:00,76.7300033569336,76.87000274658203,76.0999984741211,76.44000244140625,10702
2026-03-04 08:30:00,76.73999786376953,77.2300033569336,76.6500015258789,76.7300033569336,13098
2026-03-04 09:00:00,76.16000366210938,76.91000366210938,75.9000015258789,76.7300033569336,12473
2026-03-04 09:30:00,76.7699966430664,76.83999633789062,75.55999755859375,76.18000030517578,14810
2026-03-04 10:00:00,75.76000213623047,76.80000305175781,74.97000122070312,76.76000213623047,31985
2026-03-04 10:30:00,75.22000122070312,75.77999877929688,74.8499984741211,75.76000213623047,11855
2026-03-04 11:00:00,74.68000030517578,75.5999984741211,74.44000244140625,75.2300033569336,15220
2026-03-04 11:30:00,74.93000030517578,75.12000274658203,74.47000122070312,74.68000030517578,8094
2026-03-04 12:00:00,74.6500015258789,75.29000091552734,74.2300033569336,74.93000030517578,18927
2026-03-04 12:30:00,74.63999938964844,75.06999969482422,74.25,74.66000366210938,14015
2026-03-04 13:00:00,74.04000091552734,74.68000030517578,73.30999755859375,74.6500015258789,33701
2026-03-04 13:30:00,73.91000366210938,74.38999938964844,73.27999877929688,74.04000091552734,21673
2026-03-04 14:00:00,74.13999938964844,74.38999938964844,73.66999816894531,73.91999816894531,25788
2026-03-04 14:30:00,74.3499984741211,75.1500015258789,74.08000183105469,74.12999725341797,39526
2026-03-04 15:00:00,74.05000305175781,74.54000091552734,73.70999908447266,74.36000061035156,23663
2026-03-04 15:30:00,74.2300033569336,74.38999938964844,73.66000366210938,74.05999755859375,23067
2026-03-04 16:00:00,73.83000183105469,74.79000091552734,73.7699966430664,74.23999786376953,22882
2026-03-04 16:30:00,74.16000366210938,74.18000030517578,73.6500015258789,73.83999633789062,15960
2026-03-04 17:00:00,74.94999694824219,75.16999816894531,74.05000305175781,74.16000366210938,20986
2026-03-04 17:30:00,75.12999725341797,75.19999694824219,74.62999725341797,74.94999694824219,18174
2026-03-04 18:00:00,74.87999725341797,75.16000366210938,74.72000122070312,75.12999725341797,16280
2026-03-04 18:30:00,74.91000366210938,75.23999786376953,74.72000122070312,74.87000274658203,11659
2026-03-04 19:00:00,74.69999694824219,74.91000366210938,74.38999938964844,74.9000015258789,32539
2026-03-04 19:30:00,74.5199966430664,74.76000213623047,74.41000366210938,74.69000244140625,7542
2026-03-04 20:00:00,75.19999694824219,75.25,74.51000213623047,74.5199966430664,7974
2026-03-04 20:30:00,75.30000305175781,75.36000061035156,75.06999969482422,75.20999908447266,9629
2026-03-04 21:00:00,75.98999786376953,76.2300033569336,75.23999786376953,75.30000305175781,12699
2026-03-04 21:30:00,76.11000061035156,76.18000030517578,75.76000213623047,76.01000213623047,7533
2026-03-04 23:00:00,76.05999755859375,76.19000244140625,75.70999908447266,76.1500015258789,1332
2026-03-04 23:30:00,75.94999694824219,76.12999725341797,75.9000015258789,76.05999755859375,1032
2026-03-05 00:00:00,75.7699966430664,75.97000122070312,75.55999755859375,75.95999908447266,2632
2026-03-05 00:30:00,75.69999694824219,75.80000305175781,75.62999725341797,75.7699966430664,1174
2026-03-05 01:00:00,76.73999786376953,76.87000274658203,75.72000122070312,75.72000122070312,11505
2026-03-05 01:30:00,76.91000366210938,76.95999908447266,76.41999816894531,76.72000122070312,4518
2026-03-05 02:00:00,77.30999755859375,77.3499984741211,76.73999786376953,76.9000015258789,5042
2026-03-05 02:30:00,77.37999725341797,77.41999816894531,76.87999725341797,77.30999755859375,4192
2026-03-05 03:00:00,77.16999816894531,77.38999938964844,76.91999816894531,77.37000274658203,5113
2026-03-05 03:30:00,77.08000183105469,77.2699966430664,77.02999877929688,77.16000366210938,3237
2026-03-05 04:00:00,77.44999694824219,77.6500015258789,77.05999755859375,77.08000183105469,3943
2026-03-05 04:30:00,77.30999755859375,77.48999786376953,77.13999938964844,77.45999908447266,1807
2026-03-05 05:00:00,77.43000030517578,77.62000274658203,77.31999969482422,77.37999725341797,2951
2026-03-05 05:30:00,77.73999786376953,78.08999633789062,77.37000274658203,77.43000030517578,6832
2026-03-05 06:00:00,77.47000122070312,77.75,77.25,77.73999786376953,6072
2026-03-05 06:30:00,76.56999969482422,77.73999786376953,76.05999755859375,77.45999908447266,15463
2026-03-05 07:00:00,76.88999938964844,77.16000366210938,76.52999877929688,76.56999969482422,8341
2026-03-05 07:30:00,77.16000366210938,77.31999969482422,76.88999938964844,76.9000015258789,6838
2026-03-05 08:00:00,77.6500015258789,77.66000366210938,76.88999938964844,77.16999816894531,11327
2026-03-05 08:30:00,77.01000213623047,77.66000366210938,76.83999633789062,77.6500015258789,9317
2026-03-05 09:00:00,75.70999908447266,77.12999725341797,74.97000122070312,77.0,34533
2026-03-05 09:30:00,76.4000015258789,76.54000091552734,75.58000183105469,75.72000122070312,11829
2026-03-05 10:00:00,76.27999877929688,76.63999938964844,76.11000061035156,76.4000015258789,7346
2026-03-05 10:30:00,76.5199966430664,76.69999694824219,76.12000274658203,76.29000091552734,6441
2026-03-05 11:00:00,76.66999816894531,76.87999725341797,76.33999633789062,76.51000213623047,8519
2026-03-05 11:30:00,77.05999755859375,77.18000030517578,76.63999938964844,76.68000030517578,8131
2026-03-05 12:00:00,76.95999908447266,77.33000183105469,76.62000274658203,77.05999755859375,13370
2026-03-05 12:30:00,77.22000122070312,77.48999786376953,76.62000274658203,76.95999908447266,11974
2026-03-05 13:00:00,76.94000244140625,77.37999725341797,76.56999969482422,77.20999908447266,13096
2026-03-05 13:30:00,77.13999938964844,77.31999969482422,76.66999816894531,76.94999694824219,13764
2026-03-05 14:00:00,77.88999938964844,78.37000274658203,76.83999633789062,77.16000366210938,31348
2026-03-05 14:30:00,77.97000122070312,78.23999786376953,77.52999877929688,77.87999725341797,25492
2026-03-05 15:00:00,78.73999786376953,78.80000305175781,77.72000122070312,77.97000122070312,30144
2026-03-05 15:30:00,78.6500015258789,79.05000305175781,78.5199966430664,78.73999786376953,28778
2026-03-05 16:00:00,79.58999633789062,79.97000122070312,78.30000305175781,78.66000366210938,36925
2026-03-05 16:30:00,79.2300033569336,79.63999938964844,78.91000366210938,79.58999633789062,20798
2026-03-05 17:00:00,79.55999755859375,79.80000305175781,79.08000183105469,79.20999908447266,17603
2026-03-05 17:30:00,79.6500015258789,79.73999786376953,78.7699966430664,79.55999755859375,24490
2026-03-05 18:00:00,80.81999969482422,81.0,79.05999755859375,79.63999938964844,30294
2026-03-05 18:30:00,80.83999633789062,81.1500015258789,80.44000244140625,80.81999969482422,26376
2026-03-05 19:00:00,80.97000122070312,81.63999938964844,80.68000030517578,80.83999633789062,49912
2026-03-05 19:30:00,81.61000061035156,81.72000122070312,80.63999938964844,80.97000122070312,20185
2026-03-05 20:00:00,79.80000305175781,82.16000366210938,79.38999938964844,81.62000274658203,46178
2026-03-05 20:30:00,79.80000305175781,80.38999938964844,79.5999984741211,79.80000305175781,15005
2026-03-05 21:00:00,78.98999786376953,79.9800033569336,78.87999725341797,79.80000305175781,12277
2026-03-05 21:30:00,78.87000274658203,79.2300033569336,78.62000274658203,79.01000213623047,7669
2026-03-05 23:00:00,79.61000061035156,79.91000366210938,79.0199966430664,79.08000183105469,2248
2026-03-05 23:30:00,79.41999816894531,79.7300033569336,78.9800033569336,79.63999938964844,2956
2026-03-06 00:00:00,79.23999786376953,79.62000274658203,79.08999633789062,79.44000244140625,2684
2026-03-06 00:30:00,78.66000366210938,79.37999725341797,78.52999877929688,79.25,4155
2026-03-06 01:00:00,79.05999755859375,79.12000274658203,78.23999786376953,78.66999816894531,11115
2026-03-06 01:30:00,79.80000305175781,79.86000061035156,78.94999694824219,79.06999969482422,5617
2026-03-06 02:00:00,79.5,79.86000061035156,79.25,79.80999755859375,4117
2026-03-06 02:30:00,79.68000030517578,79.7300033569336,79.1500015258789,79.51000213623047,3341
2026-03-06 03:00:00,79.9800033569336,80.16000366210938,79.4800033569336,79.66999816894531,4473
2026-03-06 03:30:00,80.0199966430664,80.16999816894531,79.86000061035156,79.9800033569336,3542
2026-03-06 04:00:00,79.88999938964844,80.06999969482422,79.79000091552734,80.0199966430664,2333
2026-03-06 04:30:00,80.05000305175781,80.08000183105469,79.80000305175781,79.87000274658203,2260
2026-03-06 05:00:00,79.9800033569336,80.19000244140625,79.93000030517578,80.01000213623047,1600
2026-03-06 05:30:00,80.30999755859375,80.44000244140625,79.69000244140625,79.9800033569336,7001
2026-03-06 06:00:00,80.69000244140625,80.7699966430664,80.25,80.31999969482422,5116
2026-03-06 06:30:00,80.70999908447266,80.94000244140625,80.37999725341797,80.69000244140625,4746
2026-03-06 07:00:00,80.58999633789062,80.80000305175781,80.27999877929688,80.69999694824219,5836
2026-03-06 07:30:00,81.08999633789062,81.12999725341797,80.3499984741211,80.5999984741211,8163
2026-03-06 08:00:00,81.66000366210938,81.75,80.83999633789062,81.08000183105469,13542
2026-03-06 08:30:00,81.4000015258789,81.69999694824219,81.0999984741211,81.6500015258789,11242
2026-03-06 09:00:00,82.87999725341797,82.93000030517578,81.18000030517578,81.37000274658203,18268
2026-03-06 09:30:00,84.69999694824219,84.9000015258789,82.7300033569336,82.87999725341797,39157
2026-03-06 10:00:00,83.76000213623047,84.70999908447266,83.52999877929688,84.69999694824219,26176
2026-03-06 10:30:00,84.01000213623047,84.47000122070312,83.66999816894531,83.77999877929688,19649
2026-03-06 11:00:00,84.5,84.9000015258789,83.94000244140625,84.0199966430664,22697
2026-03-06 11:30:00,86.04000091552734,86.22000122070312,84.4800033569336,84.5199966430664,27478
2026-03-06 12:00:00,85.94999694824219,86.5999984741211,85.30999755859375,86.02999877929688,29723
2026-03-06 12:30:00,86.08000183105469,86.69999694824219,85.87999725341797,85.94999694824219,19681
2026-03-06 13:00:00,86.37999725341797,86.58000183105469,84.87000274658203,86.08999633789062,36550
2026-03-06 13:30:00,87.36000061035156,87.79000091552734,85.80000305175781,86.38999938964844,43800
2026-03-06 14:00:00,88.08999633789062,88.45999908447266,87.02999877929688,87.3499984741211,42523
2026-03-06 14:30:00,88.72000122070312,89.62000274658203,87.80000305175781,88.08999633789062,59238
2026-03-06 15:00:00,89.02999877929688,89.02999877929688,87.5,88.7300033569336,44703
2026-03-06 15:30:00,88.83000183105469,89.54000091552734,88.36000061035156,89.01000213623047,41977
2026-03-06 16:00:00,88.7300033569336,89.27999877929688,88.20999908447266,88.83000183105469,35409
2026-03-06 16:30:00,90.3000030517578,90.37000274658205,88.73999786376953,88.73999786376953,42150
2026-03-06 17:00:00,91.23999786376952,91.47000122070312,89.66999816894531,90.3000030517578,44506
2026-03-06 17:30:00,92.4000015258789,92.61000061035156,91.11000061035156,91.25,40950
2026-03-06 18:00:00,90.68000030517578,92.51000213623048,89.54000091552734,92.4000015258789,57667
2026-03-06 18:30:00,91.5999984741211,91.77999877929688,90.2300033569336,90.66999816894533,23692
2026-03-06 19:00:00,90.86000061035156,91.58000183105467,90.19000244140624,91.58000183105467,65051
2026-03-06 19:30:00,91.3499984741211,91.70999908447266,90.2300033569336,90.86000061035156,25242
2026-03-06 20:00:00,91.12000274658205,91.37999725341795,90.5999984741211,91.33000183105467,12186
2026-03-06 20:30:00,90.69000244140624,91.12000274658205,90.30999755859376,91.12000274658205,13011
2026-03-06 21:00:00,91.02999877929688,91.52999877929688,90.58999633789062,90.6999969482422,8113
2026-03-06 21:30:00,90.9000015258789,91.4499969482422,90.5999984741211,91.02999877929688,7550
2026-03-08 22:00:00,106.33999633789062,110.88999938964844,105.37999725341795,109.97000122070312,28898
2026-03-08 22:30:00,106.94000244140624,109.12000274658205,106.20999908447266,106.2699966430664,24108
2026-03-08 23:00:00,106.23999786376952,107.2300033569336,105.0500030517578,106.88999938964844,18653
2026-03-08 23:30:00,108.02999877929688,108.52999877929688,106.0199966430664,106.1999969482422,15126
2026-03-09 00:00:00,107.7300033569336,108.12999725341795,106.4499969482422,108.05999755859376,16492
2026-03-09 00:30:00,108.26000213623048,110.02999877929688,107.63999938964844,107.69000244140624,18821
2026-03-09 01:00:00,109.13999938964844,109.97000122070312,108.05999755859376,108.2699966430664,12503
2026-03-09 01:30:00,115.06999969482422,115.66999816894533,109.11000061035156,109.13999938964844,28812
2026-03-09 02:00:00,116.62999725341795,118.87999725341795,113.05999755859376,115.08000183105467,33618
2026-03-09 02:30:00,114.30999755859376,119.4800033569336,112.05999755859376,116.5999984741211,31947
2026-03-09 03:00:00,114.41999816894533,114.97000122070312,111.18000030517578,114.33000183105467,15970
2026-03-09 03:30:00,115.72000122070312,116.5,113.6500015258789,114.44000244140624,10652
2026-03-09 04:00:00,115.1500015258789,116.4000015258789,114.58999633789062,115.62999725341795,7610
2026-03-09 04:30:00,115.87999725341795,116.7699966430664,114.94000244140624,115.13999938964844,5755
2026-03-09 05:00:00,107.0500030517578,115.9499969482422,106.5,115.83999633789062,26367
2026-03-09 05:30:00,103.69000244140624,109.13999938964844,103.02999877929688,107.0500030517578,28125
2026-03-09 06:00:00,104.66000366210938,105.4800033569336,100.0199966430664,103.70999908447266,34033
2026-03-09 06:30:00,104.5199966430664,107.41000366210938,103.52999877929688,104.6500015258789,19119
2026-03-09 07:00:00,101.30999755859376,104.45999908447266,101.22000122070312,104.45999908447266,16255
2026-03-09 07:30:00,102.83000183105467,103.58999633789062,100.3499984741211,101.2699966430664,13309
2026-03-09 08:00:00,104.9000015258789,104.95999908447266,101.5500030517578,102.83999633789062,13719
2026-03-09 08:30:00,103.0999984741211,104.91999816894533,102.55999755859376,104.91999816894533,9552
2026-03-09 09:00:00,101.63999938964844,104.80999755859376,101.31999969482422,103.11000061035156,11600
2026-03-09 09:30:00,101.08000183105467,102.06999969482422,96.25,101.62999725341795,22754
2026-03-09 10:00:00,102.4499969482422,102.5,100.62000274658205,101.08999633789062,8680
2026-03-09 10:30:00,103.2300033569336,103.97000122070312,102.02999877929688,102.43000030517578,12404
2026-03-09 11:00:00,103.33999633789062,103.7699966430664,101.66000366210938,103.22000122070312,8384
2026-03-09 11:30:00,102.1999969482422,103.6999969482422,101.55999755859376,103.33999633789062,8135
2026-03-09 12:00:00,100.98999786376952,102.37999725341795,100.12000274658205,102.1500015258789,15292
2026-03-09 12:30:00,102.2300033569336,103.52999877929688,100.62000274658205,101.0199966430664,17912
2026-03-09 13:00:00,100.1500015258789,102.22000122070312,98.76000213623048,102.20999908447266,32438
2026-03-09 13:30:00,99.66000366210938,101.37999725341795,97.19000244140624,100.1500015258789,43536
2026-03-09 14:00:00,101.47000122070312,104.56999969482422,99.3499984741211,99.6500015258789,41936
2026-03-09 14:30:00,100.52999877929688,101.81999969482422,99.55999755859376,101.47000122070312,23092
2026-03-09 15:00:00,95.6500015258789,100.62000274658205,95.20999908447266,100.5199966430664,38734
2026-03-09 15:30:00,95.61000061035156,97.06999969482422,94.6500015258789,95.6500015258789,34913
2026-03-09 16:00:00,94.7300033569336,97.37999725341795,93.1500015258789,95.58000183105467,42255
2026-03-09 16:30:00,94.79000091552734,95.8000030517578,93.06999969482422,94.73999786376952,32201
2026-03-09 17:00:00,94.87000274658205,96.0500030517578,94.20999908447266,94.77999877929688,16222
2026-03-09 17:30:00,94.94000244140624,95.54000091552734,94.26000213623048,94.83999633789062,15091
2026-03-09 18:00:00,94.83999633789062,94.98999786376952,91.62999725341795,94.91999816894533,55561
2026-03-09 18:30:00,95.29000091552734,95.43000030517578,94.0199966430664,94.8499984741211,17116
2026-03-09 19:00:00,87.58999633789062,95.58000183105467,86.73999786376953,95.27999877929688,39421
2026-03-09 19:30:00,85.91000366210938,88.98999786376953,81.19000244140625,87.69000244140625,46669
2026-03-09 20:00:00,85.26000213623047,88.83999633789062,84.55000305175781,85.91000366210938,15761
2026-03-09 20:30:00,85.08000183105469,85.69999694824219,82.6500015258789,85.29000091552734,14542
2026-03-09 22:00:00,88.0,90.0,85.0199966430664,85.75,13688
2026-03-09 22:30:00,87.87000274658203,88.94999694824219,87.30999755859375,88.0,7484
2026-03-09 23:00:00,89.0199966430664,89.19999694824219,87.11000061035156,87.95999908447266,4947
2026-03-09 23:30:00,88.6500015258789,90.2300033569336,88.6500015258789,89.05000305175781,5738
2026-03-10 00:00:00,88.43000030517578,89.3499984741211,87.0999984741211,88.6500015258789,13266
2026-03-10 00:30:00,86.7699966430664,88.41999816894531,85.16000366210938,88.4000015258789,10749
2026-03-10 01:00:00,86.48999786376953,87.01000213623047,84.44000244140625,86.77999877929688,12252
2026-03-10 01:30:00,84.9000015258789,86.51000213623047,84.43000030517578,86.4800033569336,7082
2026-03-10 02:00:00,85.4800033569336,85.72000122070312,84.69999694824219,84.91000366210938,5738
2026-03-10 02:30:00,88.62000274658203,88.91999816894531,85.41000366210938,85.45999908447266,7670
2026-03-10 03:00:00,89.43000030517578,89.80000305175781,88.1500015258789,88.61000061035156,8806
2026-03-10 03:30:00,90.01000213623047,91.4800033569336,89.18000030517578,89.41999816894531,10254
2026-03-10 04:00:00,90.58999633789062,91.08000183105467,89.61000061035156,89.91000366210938,5713
2026-03-10 04:30:00,90.5,90.9000015258789,89.80999755859375,90.58000183105467,3731
2026-03-10 05:00:00,88.79000091552734,90.51000213623048,87.69999694824219,90.5,7394
2026-03-10 05:30:00,89.05000305175781,89.08999633789062,87.43000030517578,88.86000061035156,5491
2026-03-10 06:00:00,89.26000213623047,89.62999725341797,87.87000274658203,89.08000183105469,6214
2026-03-10 06:30:00,89.80000305175781,90.05000305175781,89.05000305175781,89.29000091552734,5823
2026-03-10 07:00:00,86.26000213623047,90.05000305175781,86.16999816894531,89.77999877929688,10929
2026-03-10 07:30:00,85.81999969482422,87.54000091552734,85.54000091552734,86.23999786376953,11232
2026-03-10 08:00:00,87.12000274658203,87.5199966430664,85.26000213623047,85.79000091552734,13257
2026-03-10 08:30:00,88.55000305175781,88.6500015258789,86.61000061035156,87.12000274658203,10460
2026-03-10 09:00:00,87.44000244140625,88.75,86.69000244140625,88.56999969482422,8063
2026-03-10 09:30:00,86.94000244140625,87.52999877929688,85.91999816894531,87.45999908447266,10006
2026-03-10 10:00:00,88.18000030517578,89.5199966430664,86.75,86.94000244140625,10582
2026-03-10 10:30:00,88.79000091552734,90.16999816894533,88.08000183105469,88.19999694824219,10928
2026-03-10 11:00:00,88.0999984741211,89.38999938964844,86.4000015258789,88.7699966430664,14747
2026-03-10 11:30:00,89.19999694824219,89.87000274658203,87.94000244140625,88.08999633789062,9379
2026-03-10 12:00:00,90.77999877929688,91.0999984741211,88.91000366210938,89.18000030517578,16447
2026-03-10 12:30:00,89.54000091552734,91.01000213623048,88.75,90.76000213623048,16019
2026-03-10 13:00:00,88.80999755859375,89.52999877929688,88.08000183105469,89.52999877929688,20217
2026-03-10 13:30:00,87.58999633789062,89.12000274658203,87.19000244140625,88.79000091552734,25669
2026-03-10 14:00:00,86.41000366210938,88.48999786376953,86.23999786376953,87.58000183105469,21418
2026-03-10 14:30:00,84.22000122070312,86.4800033569336,83.01000213623047,86.43000030517578,43096
2026-03-10 15:00:00,83.23999786376953,84.68000030517578,82.80999755859375,84.22000122070312,31321
2026-03-10 15:30:00,84.33999633789062,84.91000366210938,83.02999877929688,83.25,27192
2026-03-10 16:00:00,84.62000274658203,85.80000305175781,84.30999755859375,84.30999755859375,22412
2026-03-10 16:30:00,82.33999633789062,84.77999877929688,82.06999969482422,84.63999938964844,23707
2026-03-10 17:00:00,78.51000213623047,82.70999908447266,76.7300033569336,82.30999755859375,71117
2026-03-10 17:30:00,80.19999694824219,81.56999969482422,78.45999908447266,78.5,58013
2026-03-10 18:00:00,83.8499984741211,86.68000030517578,79.62000274658203,80.18000030517578,68215
2026-03-10 18:30:00,84.11000061035156,85.0199966430664,82.83999633789062,83.8499984741211,22627
2026-03-10 19:00:00,87.0,87.30000305175781,83.91999816894531,84.11000061035156,17423
2026-03-10 19:30:00,86.6500015258789,87.80000305175781,85.22000122070312,87.0199966430664,19017
2026-03-10 20:00:00,86.7300033569336,86.95999908447266,85.76000213623047,86.66000366210938,7830
2026-03-10 20:30:00,86.38999938964844,87.23999786376953,86.3499984741211,86.69000244140625,5886
2026-03-10 22:00:00,87.5,87.88999938964844,86.70999908447266,86.88999938964844,1834
2026-03-10 22:30:00,88.30999755859375,88.58999633789062,87.41000366210938,87.48999786376953,4592
2026-03-10 23:00:00,85.8499984741211,88.31999969482422,85.55999755859375,88.29000091552734,5877
2026-03-10 23:30:00,85.66000366210938,86.23999786376953,85.23999786376953,85.79000091552734,4655
2026-03-11 00:00:00,83.1500015258789,85.79000091552734,81.79000091552734,85.69000244140625,16932
2026-03-11 00:30:00,82.97000122070312,83.87999725341797,82.55999755859375,83.19999694824219,7949
2026-03-11 01:00:00,83.58000183105469,84.51000213623047,82.45999908447266,82.97000122070312,7925
2026-03-11 01:30:00,83.12000274658203,84.06999969482422,82.77999877929688,83.55999755859375,4969
2026-03-11 02:00:00,84.08000183105469,84.16999816894531,82.97000122070312,83.11000061035156,5235
2026-03-11 02:30:00,84.13999938964844,85.08999633789062,83.95999908447266,84.12000274658203,5529
2026-03-11 03:00:00,83.6500015258789,84.33999633789062,83.44000244140625,84.16000366210938,3099
2026-03-11 03:30:00,82.8499984741211,83.7300033569336,82.62999725341797,83.66999816894531,4524
2026-03-11 04:00:00,82.79000091552734,83.56999969482422,82.66999816894531,82.87999725341797,4029
2026-03-11 04:30:00,83.08000183105469,83.20999908447266,82.37000274658203,82.80000305175781,2887
2026-03-11 05:00:00,83.2699966430664,83.7699966430664,82.94000244140625,83.06999969482422,2743
2026-03-11 05:30:00,84.01000213623047,84.29000091552734,83.12000274658203,83.2699966430664,3900
2026-03-11 06:00:00,83.95999908447266,84.55999755859375,83.83999633789062,84.01000213623047,3788
2026-03-11 06:30:00,83.56999969482422,84.13999938964844,83.12000274658203,83.95999908447266,3946
2026-03-11 07:00:00,84.3499984741211,84.7300033569336,83.33999633789062,83.56999969482422,7061
2026-03-11 07:30:00,85.48999786376953,85.79000091552734,84.2699966430664,84.3499984741211,11000
2026-03-11 08:00:00,85.80999755859375,85.98999786376953,84.91000366210938,85.44999694824219,8761
2026-03-11 08:30:00,86.52999877929688,86.83000183105469,84.91999816894531,85.81999969482422,12750
2026-03-11 09:00:00,88.58999633789062,88.6500015258789,86.30999755859375,86.52999877929688,16483
2026-03-11 09:30:00,88.76000213623047,88.98999786376953,87.72000122070312,88.61000061035156,10679
2026-03-11 10:00:00,86.8499984741211,88.75,86.2300033569336,88.75,15508
2026-03-11 10:30:00,84.94000244140625,87.19000244140625,84.68000030517578,86.8499984741211,12324
2026-03-11 11:00:00,85.9800033569336,86.19999694824219,84.66999816894531,84.97000122070312,9715
2026-03-11 11:30:00,86.68000030517578,87.30000305175781,85.83000183105469,85.9800033569336,14363
2026-03-11 12:00:00,86.79000091552734,87.4000015258789,86.19000244140625,86.6500015258789,10627
2026-03-11 12:30:00,87.20999908447266,88.08000183105469,86.44999694824219,86.79000091552734,14122
2026-03-11 13:00:00,85.61000061035156,87.30999755859375,85.2300033569336,87.20999908447266,20720
2026-03-11 13:30:00,84.05999755859375,86.12999725341797,83.5199966430664,85.5999984741211,24658
2026-03-11 14:00:00,86.69999694824219,86.8499984741211,82.0,84.08999633789062,38967
2026-03-11 14:30:00,86.19000244140625,87.0199966430664,85.80999755859375,86.73999786376953,18399
2026-03-11 15:00:00,87.41000366210938,87.4800033569336,85.75,86.20999908447266,16274
2026-03-11 15:30:00,87.5999984741211,87.66999816894531,86.72000122070312,87.41000366210938,12684
2026-03-11 16:00:00,87.91000366210938,88.62999725341797,87.48999786376953,87.62999725341797,18262
2026-03-11 16:30:00,87.12999725341797,88.05999755859375,86.88999938964844,87.91000366210938,13005
2026-03-11 17:00:00,86.7300033569336,87.12999725341797,86.18000030517578,87.12000274658203,12872
2026-03-11 17:30:00,87.86000061035156,88.37999725341797,86.62999725341797,86.72000122070312,23645
2026-03-11 18:00:00,86.88999938964844,88.44999694824219,86.69000244140625,87.8499984741211,37285
2026-03-11 18:30:00,87.25,87.87000274658203,86.80000305175781,86.87999725341797,13626
2026-03-11 19:00:00,87.61000061035156,87.63999938964844,86.94999694824219,87.26000213623047,4878
2026-03-11 19:30:00,87.98999786376953,88.08000183105469,87.54000091552734,87.62000274658203,4326
2026-03-11 20:00:00,88.19999694824219,88.58000183105469,87.80000305175781,87.98999786376953,4900
2026-03-11 20:30:00,88.41000366210938,88.62000274658203,87.93000030517578,88.16000366210938,3383
2026-03-11 22:00:00,91.12999725341795,91.38999938964844,88.61000061035156,89.31999969482422,6620
2026-03-11 22:30:00,90.81999969482422,93.01000213623048,90.6500015258789,91.1999969482422,13193
2026-03-11 23:00:00,92.62000274658205,92.66999816894533,90.72000122070312,90.87000274658205,8955
2026-03-11 23:30:00,92.48999786376952,94.37999725341795,92.4000015258789,92.58999633789062,11283
2026-03-12 00:00:00,93.7300033569336,94.1999969482422,91.8499984741211,92.45999908447266,12207
2026-03-12 00:30:00,93.12999725341795,93.73999786376952,92.51000213623048,93.72000122070312,5555
2026-03-12 01:00:00,92.33000183105467,93.5500030517578,91.6999969482422,93.12000274658205,8116
2026-03-12 01:30:00,93.2300033569336,93.69000244140624,92.19000244140624,92.31999969482422,5594
2026-03-12 02:00:00,93.62999725341795,93.83999633789062,93.1999969482422,93.25,3800
2026-03-12 02:30:00,94.5199966430664,95.97000122070312,93.6500015258789,93.6500015258789,11049
2026-03-12 03:00:00,95.18000030517578,95.54000091552734,94.2300033569336,94.56999969482422,6686
2026-03-12 03:30:00,94.48999786376952,95.38999938964844,93.87000274658205,95.16000366210938,6381
2026-03-12 04:00:00,94.47000122070312,94.62999725341795,94.04000091552734,94.44000244140624,3047
2026-03-12 04:30:00,94.83000183105467,95.2300033569336,94.37000274658205,94.4800033569336,3369
2026-03-12 05:00:00,94.20999908447266,94.8000030517578,92.3499984741211,94.8000030517578,10630
2026-03-12 05:30:00,93.06999969482422,94.5500030517578,93.05999755859376,94.23999786376952,7074
2026-03-12 06:00:00,92.8000030517578,93.7300033569336,92.6500015258789,93.06999969482422,6628
2026-03-12 06:30:00,92.55999755859376,93.12999725341795,91.31999969482422,92.80999755859376,6671
2026-03-12 07:00:00,90.91000366210938,92.52999877929688,90.33000183105467,92.52999877929688,9046
2026-03-12 07:30:00,90.4499969482422,91.41999816894533,89.87999725341797,90.94000244140624,8252
2026-03-12 08:00:00,92.0500030517578,92.12999725341795,90.23999786376952,90.44000244140624,10691
2026-03-12 08:30:00,92.11000061035156,92.5,91.68000030517578,92.0500030517578,6771
2026-03-12 09:00:00,92.44000244140624,92.87999725341795,91.8000030517578,92.08000183105467,6563
2026-03-12 09:30:00,91.23999786376952,92.6500015258789,91.0500030517578,92.4499969482422,8570
2026-03-12 10:00:00,91.36000061035156,91.8499984741211,90.87000274658205,91.22000122070312,8218
2026-03-12 10:30:00,91.06999969482422,91.4000015258789,90.66999816894533,91.31999969482422,7510
2026-03-12 11:00:00,91.72000122070312,92.41000366210938,91.0,91.08000183105467,6650
2026-03-12 11:30:00,92.66999816894533,92.8499984741211,91.2699966430664,91.72000122070312,7497
2026-03-12 12:00:00,93.26000213623048,93.5500030517578,92.37999725341795,92.6500015258789,10224
2026-03-12 12:30:00,92.9000015258789,93.58999633789062,92.61000061035156,93.27999877929688,8805
2026-03-12 13:00:00,94.36000061035156,95.1999969482422,92.56999969482422,92.87999725341795,26669
2026-03-12 13:30:00,94.77999877929688,95.06999969482422,93.56999969482422,94.37000274658205,20620
2026-03-12 14:00:00,96.01000213623048,96.12999725341795,94.20999908447266,94.8000030517578,20503
2026-03-12 14:30:00,95.68000030517578,96.20999908447266,94.2300033569336,96.0,28164
2026-03-12 15:00:00,96.5500030517578,97.04000091552734,95.45999908447266,95.66999816894533,23193
2026-03-12 15:30:00,94.55999755859376,97.19000244140624,94.3000030517578,96.56999969482422,34569
2026-03-12 16:00:00,94.8000030517578,95.8000030517578,94.47000122070312,94.54000091552734,20089
2026-03-12 16:30:00,94.83000183105467,95.08999633789062,93.02999877929688,94.8000030517578,19963
2026-03-12 17:00:00,95.12000274658205,95.52999877929688,94.44000244140624,94.81999969482422,14036
2026-03-12 17:30:00,94.37000274658205,95.38999938964844,94.22000122070312,95.12000274658205,14965
2026-03-12 18:00:00,95.72000122070312,95.91000366210938,93.91999816894533,94.37000274658205,28518
2026-03-12 18:30:00,96.54000091552734,96.72000122070312,95.58999633789062,95.7300033569336,11818
2026-03-12 19:00:00,96.18000030517578,96.95999908447266,95.69000244140624,96.55999755859376,10618
2026-03-12 19:30:00,96.31999969482422,96.58000183105467,95.41999816894533,96.19000244140624,6546
2026-03-12 20:00:00,96.30999755859376,96.63999938964844,95.70999908447266,96.33000183105467,4623
2026-03-12 20:30:00,96.38999938964844,96.66000366210938,96.13999938964844,96.27999877929688,2490
2026-03-12 22:00:00,97.2699966430664,98.08999633789062,96.45999908447266,96.73999786376952,4997
2026-03-12 22:30:00,96.22000122070312,97.3499984741211,95.69000244140624,97.29000091552734,4741
2026-03-12 23:00:00,96.87000274658205,97.5,96.23999786376952,96.26000213623048,2573
2026-03-12 23:30:00,96.61000061035156,97.08999633789062,96.41999816894533,96.87000274658205,2313
2026-03-13 00:00:00,95.18000030517578,96.7300033569336,94.83000183105467,96.56999969482422,5762
2026-03-13 00:30:00,95.56999969482422,95.7699966430664,94.83999633789062,95.16000366210938,4315
2026-03-13 01:00:00,94.9800033569336,95.61000061035156,94.66000366210938,95.56999969482422,4911
2026-03-13 01:30:00,95.70999908447266,96.22000122070312,94.91999816894533,94.9800033569336,4649
2026-03-13 02:00:00,95.80999755859376,95.88999938964844,95.30999755859376,95.6999969482422,2433
2026-03-13 02:30:00,96.25,96.4800033569336,95.4800033569336,95.81999969482422,3084
2026-03-13 03:00:00,95.91000366210938,96.61000061035156,95.83000183105467,96.25,2589
2026-03-13 03:30:00,95.5,95.97000122070312,95.19000244140624,95.91999816894533,2877
2026-03-13 04:00:00,95.68000030517578,95.81999969482422,95.29000091552734,95.54000091552734,1835
2026-03-13 04:30:00,95.2699966430664,95.87000274658205,95.2300033569336,95.68000030517578,1541
2026-03-13 05:00:00,95.25,95.62999725341795,95.0999984741211,95.2699966430664,1716
2026-03-13 05:30:00,95.12000274658205,95.41999816894533,94.88999938964844,95.27999877929688,3100
2026-03-13 06:00:00,95.63999938964844,95.83000183105467,94.5199966430664,95.12999725341795,4514
2026-03-13 06:30:00,96.1999969482422,96.33000183105467,95.2300033569336,95.63999938964844,3695
2026-03-13 07:00:00,96.69000244140624,97.06999969482422,96.04000091552734,96.22000122070312,5421
2026-03-13 07:30:00,97.18000030517578,97.5999984741211,96.23999786376952,96.69000244140624,7413
2026-03-13 08:00:00,97.12999725341795,97.83999633789062,96.9000015258789,97.13999938964844,8755
2026-03-13 08:30:00,95.66000366210938,97.16000366210938,95.4800033569336,97.11000061035156,9642
2026-03-13 09:00:00,95.94000244140624,96.02999877929688,94.9800033569336,95.6500015258789,9862
2026-03-13 09:30:00,95.77999877929688,96.27999877929688,95.62999725341795,95.93000030517578,3441
2026-03-13 10:00:00,95.1500015258789,95.94000244140624,94.95999908447266,95.76000213623048,5997
2026-03-13 10:30:00,93.68000030517578,95.41999816894533,93.36000061035156,95.13999938964844,12750
2026-03-13 11:00:00,94.43000030517578,95.04000091552734,93.12000274658205,93.66999816894533,12482
2026-03-13 11:30:00,93.43000030517578,94.58999633789062,93.20999908447266,94.43000030517578,7384
2026-03-13 12:00:00,93.87999725341795,94.0500030517578,93.02999877929688,93.4499969482422,9801
2026-03-13 12:30:00,93.56999969482422,94.38999938964844,92.04000091552734,93.87999725341795,19244
2026-03-13 13:00:00,93.61000061035156,94.25,92.9000015258789,93.58999633789062,17467
2026-03-13 13:30:00,94.43000030517578,94.58000183105467,93.19000244140624,93.62000274658205,21580
2026-03-13 14:00:00,94.56999969482422,94.87000274658205,94.19000244140624,94.41999816894533,12656
2026-03-13 14:30:00,95.63999938964844,95.76000213623048,94.0199966430664,94.5500030517578,17875
2026-03-13 15:00:00,95.76000213623048,96.16000366210938,95.4000015258789,95.62999725341795,14889
2026-03-13 15:30:00,96.38999938964844,96.83000183105467,95.5500030517578,95.75,20146
2026-03-13 16:00:00,97.18000030517578,97.5500030517578,96.22000122070312,96.4000015258789,18510
2026-03-13 16:30:00,96.87999725341795,97.2699966430664,96.43000030517578,97.1999969482422,11708
2026-03-13 17:00:00,96.70999908447266,97.02999877929688,96.38999938964844,96.87000274658205,13233
2026-03-13 17:30:00,97.9800033569336,98.22000122070312,96.70999908447266,96.70999908447266,17649
2026-03-13 18:00:00,98.55999755859376,99.31999969482422,97.72000122070312,97.95999908447266,31439
2026-03-13 18:30:00,97.4499969482422,98.58000183105467,97.0,98.55999755859376,13377
2026-03-13 19:00:00,97.9499969482422,98.08999633789062,97.23999786376952,97.4800033569336,5476
2026-03-13 19:30:00,98.19000244140624,98.3499984741211,97.69000244140624,97.94000244140624,5422
2026-03-13 20:00:00,98.6500015258789,98.9800033569336,98.1999969482422,98.20999908447266,6287
2026-03-13 20:30:00,99.30999755859376,99.30999755859376,98.30999755859376,98.66999816894533,3705
2026-03-15 22:00:00,101.19000244140624,101.76000213623048,100.5,101.58000183105467,15659
2026-03-15 22:30:00,99.5999984741211,101.37999725341795,99.33999633789062,101.19000244140624,7504
2026-03-15 23:00:00,99.79000091552734,100.33000183105467,99.47000122070312,99.58999633789062,6033
2026-03-15 23:30:00,98.7699966430664,100.44000244140624,98.4000015258789,99.77999877929688,6647
2026-03-16 00:00:00,98.11000061035156,98.87000274658205,97.61000061035156,98.77999877929688,7785
2026-03-16 00:30:00,97.4800033569336,98.25,97.33999633789062,98.12999725341795,3955
2026-03-16 01:00:00,98.30999755859376,98.31999969482422,96.73999786376952,97.47000122070312,5795
2026-03-16 01:30:00,98.48999786376952,98.79000091552734,98.08999633789062,98.31999969482422,4414
2026-03-16 02:00:00,98.91999816894533,99.05999755859376,98.11000061035156,98.51000213623048,4379
2026-03-16 02:30:00,98.91999816894533,99.37999725341795,98.63999938964844,98.93000030517578,4547
2026-03-16 03:00:00,98.88999938964844,99.29000091552734,98.77999877929688,98.94000244140624,2594
2026-03-16 03:30:00,99.2300033569336,99.33999633789062,98.5500030517578,98.91000366210938,2787
2026-03-16 04:00:00,99.5199966430664,99.68000030517578,99.22000122070312,99.2699966430664,1821
2026-03-16 04:30:00,99.52999877929688,99.79000091552734,99.43000030517578,99.54000091552734,1074
2026-03-16 05:00:00,99.55999755859376,99.69000244140624,99.33999633789062,99.5500030517578,1099
2026-03-16 05:30:00,98.4499969482422,99.73999786376952,98.31999969482422,99.58000183105467,3647
2026-03-16 06:00:00,99.19000244140624,99.45999908447266,98.12000274658205,98.4499969482422,3661
2026-03-16 06:30:00,98.91000366210938,99.69000244140624,98.83999633789062,99.18000030517578,2209
2026-03-16 07:00:00,100.38999938964844,100.5,98.58999633789062,98.91999816894533,7014
2026-03-16 07:30:00,100.48999786376952,101.02999877929688,100.25,100.38999938964844,5555
2026-03-16 08:00:00,100.22000122070312,100.9000015258789,99.87000274658205,100.51000213623048,9250
2026-03-16 08:30:00,99.7699966430664,100.7699966430664,99.54000091552734,100.20999908447266,7230
2026-03-16 09:00:00,99.2699966430664,100.27999877929688,99.12000274658205,99.76000213623048,5858
2026-03-16 09:30:00,99.1500015258789,99.41000366210938,98.61000061035156,99.23999786376952,5705
2026-03-16 10:00:00,97.62999725341795,99.3000030517578,97.54000091552734,99.11000061035156,8956
2026-03-16 10:30:00,96.83999633789062,97.94000244140624,96.66999816894533,97.63999938964844,9443
2026-03-16 11:00:00,97.61000061035156,97.81999969482422,96.66000366210938,96.83000183105467,10312
2026-03-16 11:30:00,96.98999786376952,97.61000061035156,96.80999755859376,97.58999633789062,13692
2026-03-16 12:00:00,96.63999938964844,97.4000015258789,96.2699966430664,97.0199966430664,8471
2026-03-16 12:30:00,95.26000213623048,96.72000122070312,94.55999755859376,96.63999938964844,24057
2026-03-16 13:00:00,94.83999633789062,95.69000244140624,94.30999755859376,95.27999877929688,20744
2026-03-16 13:30:00,93.3499984741211,95.12000274658205,92.97000122070312,94.83000183105467,26143
2026-03-16 14:00:00,94.27999877929688,94.5,93.0,93.33999633789062,18926
2026-03-16 14:30:00,95.16000366210938,95.41999816894533,94.26000213623048,94.29000091552734,17222
2026-03-16 15:00:00,95.37999725341795,95.73999786376952,94.73999786376952,95.1500015258789,11712
2026-03-16 15:30:00,95.45999908447266,95.62000274658205,94.52999877929688,95.38999938964844,13987
2026-03-16 16:00:00,96.22000122070312,96.58000183105467,94.9000015258789,95.4800033569336,14029
2026-03-16 16:30:00,95.56999969482422,96.33000183105467,95.22000122070312,96.22000122070312,9074
2026-03-16 17:00:00,93.9800033569336,95.5999984741211,93.72000122070312,95.56999969482422,22981
2026-03-16 17:30:00,94.3000030517578,94.62000274658205,93.88999938964844,93.98999786376952,10555
2026-03-16 18:00:00,93.51000213623048,94.56999969482422,92.97000122070312,94.3000030517578,27275
2026-03-16 18:30:00,93.4800033569336,94.02999877929688,93.33999633789062,93.51000213623048,7595
2026-03-16 19:00:00,93.98999786376952,94.76000213623048,93.4800033569336,93.48999786376952,7008
2026-03-16 19:30:00,93.37000274658205,94.4000015258789,92.93000030517578,94.02999877929688,8830
2026-03-16 20:00:00,93.87000274658205,93.91000366210938,93.08999633789062,93.37999725341795,5038
2026-03-16 20:30:00,94.22000122070312,94.41000366210938,93.52999877929688,93.86000061035156,4581
2026-03-16 22:00:00,94.3499984741211,94.63999938964844,93.87999725341795,94.41000366210938,1577
2026-03-16 22:30:00,94.95999908447266,95.31999969482422,94.33000183105467,94.36000061035156,2582
2026-03-16 23:00:00,95.05999755859376,95.31999969482422,94.77999877929688,94.97000122070312,1615
2026-03-16 23:30:00,94.93000030517578,95.06999969482422,94.47000122070312,95.0500030517578,2142
2026-03-17 00:00:00,95.41000366210938,95.55999755859376,94.83999633789062,94.91000366210938,2743
2026-03-17 00:30:00,95.9000015258789,96.36000061035156,95.37999725341795,95.41000366210938,3380
2026-03-17 01:00:00,95.54000091552734,96.19000244140624,95.41999816894533,95.9499969482422,4324
2026-03-17 01:30:00,95.83000183105467,95.94000244140624,95.18000030517578,95.5199966430664,5069
2026-03-17 02:00:00,95.97000122070312,96.16000366210938,95.81999969482422,95.81999969482422,2081
2026-03-17 02:30:00,95.98999786376952,96.13999938964844,95.56999969482422,95.97000122070312,1836
2026-03-17 03:00:00,95.9800033569336,96.11000061035156,95.77999877929688,95.97000122070312,1792
2026-03-17 03:30:00,96.0199966430664,96.3000030517578,95.73999786376952,95.97000122070312,2010
2026-03-17 04:00:00,95.88999938964844,96.29000091552734,95.7699966430664,96.02999877929688,1110
2026-03-17 04:30:00,95.83999633789062,95.9000015258789,95.41999816894533,95.88999938964844,1287
2026-03-17 05:00:00,95.4000015258789,95.86000061035156,95.3499984741211,95.8499984741211,1063
2026-03-17 05:30:00,97.80999755859376,97.98999786376952,95.27999877929688,95.4000015258789,5457
2026-03-17 06:00:00,97.16999816894533,98.41999816894533,97.02999877929688,97.83000183105467,6539
2026-03-17 06:30:00,97.5500030517578,97.7699966430664,97.0199966430664,97.1500015258789,2876
2026-03-17 07:00:00,96.87000274658205,97.75,96.58999633789062,97.5199966430664,3761
2026-03-17 07:30:00,96.04000091552734,96.91000366210938,95.70999908447266,96.9000015258789,32429
2026-03-17 08:00:00,96.75,97.05999755859376,95.87999725341795,96.0500030517578,7671
2026-03-17 08:30:00,96.6500015258789,97.0,96.04000091552734,96.73999786376952,7451
2026-03-17 09:00:00,95.25,96.66000366210938,95.16000366210938,96.6500015258789,7007
2026-03-17 09:30:00,95.23999786376952,95.70999908447266,94.9800033569336,95.26000213623048,6976
2026-03-17 10:00:00,96.02999877929688,96.23999786376952,95.22000122070312,95.22000122070312,5855
2026-03-17 10:30:00,95.54000091552734,96.16999816894533,95.47000122070312,96.04000091552734,4442
2026-03-17 11:00:00,95.87000274658205,95.93000030517578,95.52999877929688,95.54000091552734,6442
2026-03-17 11:30:00,96.20999908447266,96.37000274658205,95.79000091552734,95.87000274658205,8471
2026-03-17 12:00:00,94.87000274658205,96.33000183105467,94.56999969482422,96.22000122070312,12376
2026-03-17 12:30:00,94.58000183105467,95.29000091552734,94.58000183105467,94.87000274658205,12136
2026-03-17 13:00:00,94.26000213623048,94.83000183105467,93.91000366210938,94.5999984741211,20349
2026-03-17 13:30:00,94.44000244140624,94.47000122070312,93.18000030517578,94.26000213623048,20084
2026-03-17 14:00:00,94.2300033569336,94.80999755859376,94.16999816894533,94.41999816894533,15498
2026-03-17 14:30:00,93.5,94.36000061035156,93.19000244140624,94.20999908447266,19198
2026-03-17 15:00:00,94.16999816894533,94.26000213623048,93.26000213623048,93.5199966430664,13901
2026-03-17 15:30:00,94.88999938964844,95.22000122070312,94.04000091552734,94.18000030517578,17981
2026-03-17 16:00:00,93.6500015258789,95.05999755859376,93.5999984741211,94.87999725341795,16746
2026-03-17 16:30:00,94.30999755859376,94.62000274658205,93.62999725341795,93.66000366210938,10187
2026-03-17 17:00:00,95.01000213623048,95.37000274658205,94.29000091552734,94.31999969482422,14586
2026-03-17 17:30:00,95.13999938964844,95.29000091552734,94.33000183105467,95.0199966430664,12027
2026-03-17 18:00:00,95.4499969482422,95.6500015258789,94.80999755859376,95.13999938964844,21454
2026-03-17 18:30:00,95.2699966430664,95.55999755859376,95.12999725341795,95.4499969482422,7520
2026-03-17 19:00:00,95.16999816894533,95.56999969482422,95.0,95.27999877929688,6284
2026-03-17 19:30:00,95.43000030517578,95.5999984741211,95.1500015258789,95.16000366210938,4544
2026-03-17 20:00:00,95.23999786376952,95.62000274658205,95.06999969482422,95.4499969482422,3852
2026-03-17 20:30:00,95.3000030517578,95.48999786376952,95.16000366210938,95.23999786376952,3164
2026-03-17 22:00:00,94.87000274658205,95.6500015258789,94.25,95.2699966430664,2950
2026-03-17 22:30:00,95.16000366210938,95.33999633789062,94.62000274658205,94.9000015258789,2140
2026-03-17 23:00:00,95.56999969482422,95.63999938964844,94.9499969482422,95.12999725341795,2110
2026-03-17 23:30:00,95.29000091552734,95.6500015258789,95.08000183105467,95.5500030517578,2418
2026-03-18 00:00:00,94.87999725341795,95.3499984741211,94.76000213623048,95.2699966430664,3894
2026-03-18 00:30:00,94.13999938964844,95.0199966430664,93.94000244140624,94.88999938964844,4936
2026-03-18 01:00:00,94.37999725341795,94.41999816894533,93.75,94.13999938964844,4624
2026-03-18 01:30:00,94.29000091552734,94.5,94.08000183105467,94.4000015258789,2273
2026-03-18 02:00:00,94.02999877929688,94.5,93.9800033569336,94.27999877929688,1968
2026-03-18 02:30:00,93.7699966430664,94.0,93.1999969482422,94.0,5074
2026-03-18 03:00:00,93.5500030517578,93.87999725341795,93.2699966430664,93.76000213623048,2524
2026-03-18 03:30:00,92.56999969482422,93.7300033569336,92.41000366210938,93.5500030517578,5410
2026-03-18 04:00:00,92.52999877929688,92.6500015258789,92.0999984741211,92.5199966430664,7412
2026-03-18 04:30:00,92.5,92.62999725341795,92.22000122070312,92.54000091552734,2395
2026-03-18 05:00:00,92.33999633789062,92.93000030517578,92.11000061035156,92.51000213623048,3162
2026-03-18 05:30:00,92.0500030517578,92.5,91.86000061035156,92.3499984741211,4653
2026-03-18 06:00:00,91.9800033569336,92.63999938964844,91.4499969482422,92.05999755859376,9699
2026-03-18 06:30:00,92.7699966430664,92.88999938964844,91.86000061035156,91.97000122070312,5765
2026-03-18 07:00:00,93.01000213623048,93.12000274658205,92.61000061035156,92.7699966430664,5047
2026-03-18 07:30:00,93.25,93.31999969482422,92.91000366210938,93.0,5136
2026-03-18 08:00:00,93.81999969482422,93.87999725341795,93.16000366210938,93.26000213623048,8939
2026-03-18 08:30:00,93.8499984741211,94.2699966430664,93.73999786376952,93.83000183105467,10747
2026-03-18 09:00:00,94.0,94.41999816894533,93.69000244140624,93.83999633789062,8210
2026-03-18 09:30:00,94.29000091552734,94.48999786376952,93.91000366210938,93.98999786376952,4801
2026-03-18 10:00:00,94.20999908447266,94.41000366210938,94.01000213623048,94.30999755859376,5303
2026-03-18 10:30:00,94.30999755859376,94.55999755859376,94.02999877929688,94.20999908447266,5417
2026-03-18 11:00:00,95.36000061035156,95.5199966430664,93.9000015258789,94.29000091552734,15186
2026-03-18 11:30:00,94.5199966430664,95.55999755859376,94.01000213623048,95.4000015258789,17308
2026-03-18 12:00:00,95.5199966430664,96.0,94.44000244140624,94.5199966430664,25081
2026-03-18 12:30:00,97.16999816894533,97.33000183105467,95.31999969482422,95.5,39870
2026-03-18 13:00:00,97.16999816894533,97.9499969482422,96.79000091552734,97.1500015258789,34118
2026-03-18 13:30:00,98.04000091552734,98.22000122070312,96.93000030517578,97.16999816894533,33059
2026-03-18 14:00:00,98.0999984741211,98.43000030517578,97.3499984741211,98.02999877929688,20584
2026-03-18 14:30:00,98.01000213623048,98.66999816894533,97.83999633789062,98.06999969482422,24530
2026-03-18 15:00:00,98.29000091552734,98.37999725341795,97.41999816894533,98.0199966430664,28549
2026-03-18 15:30:00,97.18000030517578,98.3000030517578,96.91999816894533,98.27999877929688,27243
2026-03-18 16:00:00,96.8000030517578,97.5,96.52999877929688,97.18000030517578,25024
2026-03-18 16:30:00,97.05999755859376,97.1999969482422,96.56999969482422,96.80999755859376,16513
2026-03-18 17:00:00,97.12999725341795,97.38999938964844,96.81999969482422,97.06999969482422,14072
2026-03-18 17:30:00,95.16999816894533,97.36000061035156,95.01000213623048,97.12999725341795,28214
2026-03-18 18:00:00,95.36000061035156,95.9499969482422,94.20999908447266,95.22000122070312,50774
2026-03-18 18:30:00,96.29000091552734,96.5,95.26000213623048,95.36000061035156,18158
2026-03-18 19:00:00,97.0,97.1999969482422,95.87000274658205,96.3000030517578,11341
2026-03-18 19:30:00,97.66999816894533,98.0,96.91999816894533,97.01000213623048,10743
2026-03-18 20:00:00,99.06999969482422,99.16000366210938,97.58000183105467,97.68000030517578,13007
2026-03-18 20:30:00,99.0500030517578,99.77999877929688,98.83000183105467,99.08999633789062,10659
2026-03-18 22:00:00,98.20999908447266,98.69000244140624,97.5999984741211,98.05999755859376,2494
2026-03-18 22:30:00,98.19000244140624,98.37999725341795,97.70999908447266,98.22000122070312,2173
2026-03-18 23:00:00,98.13999938964844,98.58999633789062,98.08999633789062,98.16999816894533,3254
2026-03-18 23:30:00,98.3000030517578,98.58000183105467,97.33000183105467,98.16999816894533,4665
2026-03-19 00:00:00,98.55999755859376,99.16999816894533,98.16000366210938,98.30999755859376,10593
2026-03-19 00:30:00,98.36000061035156,98.98999786376952,98.19000244140624,98.5500030517578,5013
2026-03-19 01:00:00,97.79000091552734,98.66000366210938,97.72000122070312,98.36000061035156,5157
2026-03-19 01:30:00,98.0500030517578,98.2699966430664,97.41999816894533,97.8000030517578,7241
2026-03-19 02:00:00,96.61000061035156,98.25,96.12000274658205,98.0500030517578,11863
2026-03-19 02:30:00,96.19000244140624,96.68000030517578,95.75,96.62000274658205,9444
2026-03-19 03:00:00,95.97000122070312,96.45999908447266,95.8499984741211,96.19000244140624,5282
2026-03-19 03:30:00,96.37000274658205,96.5500030517578,95.97000122070312,95.97000122070312,3195
2026-03-19 04:00:00,96.58999633789062,96.81999969482422,96.3000030517578,96.4800033569336,2496
2026-03-19 04:30:00,96.52999877929688,96.83999633789062,96.33999633789062,96.58999633789062,2121
2026-03-19 05:00:00,96.2699966430664,96.58999633789062,95.95999908447266,96.51000213623048,2989
2026-03-19 05:30:00,96.4800033569336,97.2699966430664,96.23999786376952,96.29000091552734,6573
2026-03-19 06:00:00,96.4800033569336,96.72000122070312,96.04000091552734,96.4499969482422,4066
2026-03-19 06:30:00,96.33000183105467,96.80999755859376,96.20999908447266,96.48999786376952,6279
2026-03-19 07:00:00,95.8000030517578,96.98999786376952,95.31999969482422,96.33999633789062,12920
2026-03-19 07:30:00,96.7699966430664,96.87999725341795,95.70999908447266,95.79000091552734,9564
2026-03-19 08:00:00,96.4000015258789,96.75,95.80999755859376,96.75,9274
2026-03-19 08:30:00,96.79000091552734,97.3000030517578,96.22000122070312,96.41999816894533,16313
2026-03-19 09:00:00,98.3000030517578,98.95999908447266,95.81999969482422,96.79000091552734,26488
2026-03-19 09:30:00,95.16000366210938,98.38999938964844,94.41000366210938,98.27999877929688,25516
2026-03-19 10:00:00,95.3000030517578,96.02999877929688,94.86000061035156,95.16000366210938,17101
2026-03-19 10:30:00,96.2300033569336,96.5,95.25,95.3000030517578,9638
2026-03-19 11:00:00,96.66000366210938,97.02999877929688,95.9499969482422,96.2300033569336,8560
2026-03-19 11:30:00,96.63999938964844,97.73999786376952,96.54000091552734,96.66000366210938,10884
2026-03-19 12:00:00,96.18000030517578,96.94000244140624,95.5,96.66999816894533,14894
2026-03-19 12:30:00,96.29000091552734,96.47000122070312,95.2699966430664,96.2300033569336,15872
2026-03-19 13:00:00,96.6500015258789,97.12000274658205,95.36000061035156,96.29000091552734,28373
2026-03-19 13:30:00,96.11000061035156,97.25,95.6500015258789,96.66000366210938,27520
2026-03-19 14:00:00,96.97000122070312,97.1999969482422,95.77999877929688,96.08999633789062,24967
2026-03-19 14:30:00,96.5,97.23999786376952,96.0999984741211,96.9800033569336,18779
2026-03-19 15:00:00,96.08000183105467,96.7300033569336,95.69000244140624,96.51000213623048,22145
2026-03-19 15:30:00,98.08000183105467,100.4800033569336,96.0,96.08999633789062,76096
2026-03-19 16:00:00,98.4000015258789,98.66999816894533,96.9499969482422,98.0500030517578,28506
2026-03-19 16:30:00,97.13999938964844,98.4800033569336,96.63999938964844,98.38999938964844,20914
2026-03-19 17:00:00,95.4000015258789,97.27999877929688,95.33999633789062,97.12999725341795,19958
2026-03-19 17:30:00,95.8000030517578,96.4000015258789,95.12000274658205,95.4000015258789,21542
2026-03-19 18:00:00,95.61000061035156,96.08000183105467,94.16000366210938,95.8000030517578,54252
2026-03-19 18:30:00,94.9800033569336,96.1999969482422,94.62999725341795,95.62000274658205,15400
2026-03-19 19:00:00,93.91999816894533,95.3000030517578,92.0999984741211,94.97000122070312,40742
2026-03-19 19:30:00,94.2300033569336,94.5500030517578,93.61000061035156,93.93000030517578,11234
2026-03-19 20:00:00,94.31999969482422,94.7699966430664,94.1500015258789,94.22000122070312,5228
2026-03-19 20:30:00,94.58999633789062,94.7699966430664,93.97000122070312,94.33999633789062,4978
2026-03-19 22:00:00,94.25,94.8000030517578,94.06999969482422,94.45999908447266,1204
2026-03-19 22:30:00,93.98999786376952,94.30999755859376,93.9499969482422,94.2699966430664,995
2026-03-19 23:00:00,93.93000030517578,94.02999877929688,93.62000274658205,93.9499969482422,1495
2026-03-19 23:30:00,93.95999908447266,94.1500015258789,93.76000213623048,93.91999816894533,1135
2026-03-20 00:00:00,93.94000244140624,94.08999633789062,93.4000015258789,93.95999908447266,4101
2026-03-20 00:30:00,94.1999969482422,94.4499969482422,93.91999816894533,93.9499969482422,2543
2026-03-20 01:00:00,92.91000366210938,94.3499984741211,92.5999984741211,94.16999816894533,8130
2026-03-20 01:30:00,92.97000122070312,93.11000061035156,92.47000122070312,92.91999816894533,4831
2026-03-20 02:00:00,93.23999786376952,93.43000030517578,92.86000061035156,92.95999908447266,4648
2026-03-20 02:30:00,93.66000366210938,93.72000122070312,93.1500015258789,93.2699966430664,3063
2026-03-20 03:00:00,93.9800033569336,94.16000366210938,93.37999725341795,93.6500015258789,3097
2026-03-20 03:30:00,93.81999969482422,93.97000122070312,93.48999786376952,93.97000122070312,1619
2026-03-20 04:00:00,93.62000274658205,93.8499984741211,93.41000366210938,93.8499984741211,1512
2026-03-20 04:30:00,94.0500030517578,94.06999969482422,93.61000061035156,93.62000274658205,1322
2026-03-20 05:00:00,93.87000274658205,94.06999969482422,93.7300033569336,94.05999755859376,1850
2026-03-20 05:30:00,93.44000244140624,94.2300033569336,93.29000091552734,93.8499984741211,3388
2026-03-20 06:00:00,93.88999938964844,94.13999938964844,93.43000030517578,93.44000244140624,2837
2026-03-20 06:30:00,94.51000213623048,94.75,93.86000061035156,93.88999938964844,3842
2026-03-20 07:00:00,94.43000030517578,94.77999877929688,94.27999877929688,94.51000213623048,4349
2026-03-20 07:30:00,93.69000244140624,94.47000122070312,93.54000091552734,94.43000030517578,4445
2026-03-20 08:00:00,94.54000091552734,94.58000183105467,93.29000091552734,93.66000366210938,10573
2026-03-20 08:30:00,95.48999786376952,95.5199966430664,94.05999755859376,94.55999755859376,12213
2026-03-20 09:00:00,95.7300033569336,95.81999969482422,95.22000122070312,95.47000122070312,7368
2026-03-20 09:30:00,95.87999725341795,96.16000366210938,95.08000183105467,95.6999969482422,10502
2026-03-20 10:00:00,95.98999786376952,96.4499969482422,95.72000122070312,95.87999725341795,6953
2026-03-20 10:30:00,95.44000244140624,96.13999938964844,95.3000030517578,96.0,5959
2026-03-20 11:00:00,94.61000061035156,95.51000213623048,94.45999908447266,95.43000030517578,9552
2026-03-20 11:30:00,94.19000244140624,94.77999877929688,94.08000183105467,94.5999984741211,7078
2026-03-20 12:00:00,94.1999969482422,94.7300033569336,93.9000015258789,94.18000030517578,11469
2026-03-20 12:30:00,95.0,95.1999969482422,94.20999908447266,94.22000122070312,10767
2026-03-20 13:00:00,95.54000091552734,95.62999725341795,94.77999877929688,95.0,14108
2026-03-20 13:30:00,96.02999877929688,96.22000122070312,95.0,95.52999877929688,19364
2026-03-20 14:00:00,95.86000061035156,96.18000030517578,95.27999877929688,96.01000213623048,12855
2026-03-20 14:30:00,96.8499984741211,97.06999969482422,95.7699966430664,95.87000274658205,17301
2026-03-20 15:00:00,96.6999969482422,97.04000091552734,95.69000244140624,96.83999633789062,20044
2026-03-20 15:30:00,96.55999755859376,96.88999938964844,96.23999786376952,96.6999969482422,13264
2026-03-20 16:00:00,97.16999816894533,97.43000030517578,96.2300033569336,96.55999755859376,16089
2026-03-20 16:30:00,97.54000091552734,97.77999877929688,97.02999877929688,97.16000366210938,14946
2026-03-20 17:00:00,98.16000366210938,98.31999969482422,97.37999725341795,97.54000091552734,24899
2026-03-20 17:30:00,98.0199966430664,98.51000213623048,97.81999969482422,98.16000366210938,17986
2026-03-20 18:00:00,98.12000274658205,98.36000061035156,96.94000244140624,98.0199966430664,46055
2026-03-20 18:30:00,98.58999633789062,98.75,97.98999786376952,98.11000061035156,17006
2026-03-20 19:00:00,98.26000213623048,98.75,97.9000015258789,98.58999633789062,9780
2026-03-20 19:30:00,97.4800033569336,98.52999877929688,97.4000015258789,98.25,12311
2026-03-20 20:00:00,97.8499984741211,98.06999969482422,97.44000244140624,97.48999786376952,7151
2026-03-20 20:30:00,98.08999633789062,98.16000366210938,97.7300033569336,97.86000061035156,3234
