Datetime,Close,High,Low,Open,Volume
2026-03-13 04:00:00,95.48999786376952,95.56999969482422,95.45999908447266,95.54000091552734,0
2026-03-13 04:01:00,95.48999786376952,95.54000091552734,95.48999786376952,95.51000213623048,23
2026-03-13 04:02:00,95.51000213623048,95.5199966430664,95.41000366210938,95.5,47
2026-03-13 04:03:00,95.48999786376952,95.51000213623048,95.48999786376952,95.51000213623048,51
2026-03-13 04:04:00,95.5199966430664,95.52999877929688,95.45999908447266,95.48999786376952,53
2026-03-13 04:05:00,95.58000183105467,95.5999984741211,95.52999877929688,95.52999877929688,27
2026-03-13 04:06:00,95.58000183105467,95.63999938964844,95.5199966430664,95.55999755859376,98
2026-03-13 04:07:00,95.5500030517578,95.58999633789062,95.51000213623048,95.58000183105467,34
2026-03-13 04:08:00,95.51000213623048,95.5500030517578,95.48999786376952,95.5500030517578,30
2026-03-13 04:09:00,95.48999786376952,95.55999755859376,95.47000122070312,95.51000213623048,44
2026-03-13 04:10:00,95.5199966430664,95.58999633789062,95.5,95.5,31
2026-03-13 04:11:00,95.5199966430664,95.58999633789062,95.5,95.55999755859376,34
2026-03-13 04:12:00,95.58000183105467,95.58999633789062,95.5,95.51000213623048,54
2026-03-13 04:13:00,95.51000213623048,95.58000183105467,95.51000213623048,95.55999755859376,16
2026-03-13 04:14:00,95.5,95.52999877929688,95.5,95.51000213623048,23
2026-03-13 04:15:00,95.41999816894533,95.5199966430664,95.36000061035156,95.5199966430664,149
2026-03-13 04:16:00,95.37999725341795,95.41999816894533,95.37000274658205,95.41999816894533,25
2026-03-13 04:17:00,95.3499984741211,95.45999908447266,95.30999755859376,95.4000015258789,70
2026-03-13 04:18:00,95.44000244140624,95.4499969482422,95.29000091552734,95.37000274658205,80
2026-03-13 04:19:00,95.41999816894533,95.44000244140624,95.4000015258789,95.41999816894533,23
2026-03-13 04:20:00,95.5,95.55999755859376,95.43000030517578,95.43000030517578,64
2026-03-13 04:21:00,95.4499969482422,95.4800033569336,95.4499969482422,95.4800033569336,10
2026-03-13 04:22:00,95.52999877929688,95.52999877929688,95.43000030517578,95.47000122070312,42
2026-03-13 04:23:00,95.6999969482422,95.75,95.5199966430664,95.5199966430664,205
2026-03-13 04:24:00,95.6500015258789,95.7300033569336,95.63999938964844,95.68000030517578,68
2026-03-13 04:25:00,95.62000274658205,95.68000030517578,95.58999633789062,95.62999725341795,51
2026-03-13 04:26:00,95.61000061035156,95.61000061035156,95.54000091552734,95.5999984741211,67
2026-03-13 04:27:00,95.56999969482422,95.61000061035156,95.55999755859376,95.56999969482422,22
2026-03-13 04:28:00,95.58999633789062,95.62000274658205,95.54000091552734,95.54000091552734,18
2026-03-13 04:29:00,95.68000030517578,95.81999969482422,95.47000122070312,95.58000183105467,303
2026-03-13 04:30:00,95.72000122070312,95.7300033569336,95.58000183105467,95.68000030517578,89
2026-03-13 04:31:00,95.72000122070312,95.76000213623048,95.66000366210938,95.6999969482422,50
2026-03-13 04:32:00,95.79000091552734,95.83999633789062,95.70999908447266,95.72000122070312,93
2026-03-13 04:33:00,95.8000030517578,95.8000030517578,95.7300033569336,95.79000091552734,42
2026-03-13 04:34:00,95.76000213623048,95.80999755859376,95.7300033569336,95.80999755859376,45
2026-03-13 04:35:00,95.75,95.7699966430664,95.75,95.76000213623048,11
2026-03-13 04:36:00,95.76000213623048,95.8000030517578,95.73999786376952,95.76000213623048,28
2026-03-13 04:37:00,95.83999633789062,95.87000274658205,95.72000122070312,95.75,58
2026-03-13 04:38:00,95.81999969482422,95.83000183105467,95.79000091552734,95.81999969482422,35
2026-03-13 04:39:00,95.77999877929688,95.81999969482422,95.77999877929688,95.81999969482422,21
2026-03-13 04:40:00,95.75,95.76000213623048,95.7300033569336,95.75,11
2026-03-13 04:41:00,95.75,95.7699966430664,95.73999786376952,95.73999786376952,13
2026-03-13 04:42:00,95.61000061035156,95.7699966430664,95.58999633789062,95.76000213623048,148
2026-03-13 04:43:00,95.4000015258789,95.5999984741211,95.37000274658205,95.5999984741211,124
2026-03-13 04:44:00,95.2699966430664,95.38999938964844,95.23999786376952,95.37000274658205,128
2026-03-13 04:45:00,95.41999816894533,95.48999786376952,95.29000091552734,95.29000091552734,65
2026-03-13 04:46:00,95.45999908447266,95.52999877929688,95.43000030517578,95.43000030517578,61
2026-03-13 04:47:00,95.37000274658205,95.48999786376952,95.37000274658205,95.45999908447266,26
2026-03-13 04:48:00,95.37000274658205,95.43000030517578,95.33999633789062,95.41000366210938,55
2026-03-13 04:49:00,95.36000061035156,95.37999725341795,95.3000030517578,95.37000274658205,44
2026-03-13 04:50:00,95.31999969482422,95.4499969482422,95.3000030517578,95.38999938964844,46
2026-03-13 04:51:00,95.2300033569336,95.36000061035156,95.2300033569336,95.30999755859376,71
2026-03-13 04:52:00,95.30999755859376,95.31999969482422,95.2300033569336,95.2300033569336,49
2026-03-13 04:53:00,95.29000091552734,95.3499984741211,95.25,95.29000091552734,36
2026-03-13 04:54:00,95.33999633789062,95.3499984741211,95.3000030517578,95.3000030517578,24
2026-03-13 04:55:00,95.31999969482422,95.3499984741211,95.29000091552734,95.33000183105467,28
2026-03-13 04:56:00,95.26000213623048,95.31999969482422,95.25,95.31999969482422,22
2026-03-13 04:57:00,95.3000030517578,95.31999969482422,95.2699966430664,95.2699966430664,60
2026-03-13 04:58:00,95.2300033569336,95.3000030517578,95.2300033569336,95.3000030517578,27
2026-03-13 04:59:00,95.2699966430664,95.30999755859376,95.2300033569336,95.2300033569336,31
2026-03-13 05:00:00,95.26000213623048,95.2699966430664,95.0999984741211,95.2699966430664,149
2026-03-13 05:01:00,95.37999725341795,95.43000030517578,95.2699966430664,95.2699966430664,131
2026-03-13 05:02:00,95.38999938964844,95.48999786376952,95.37999725341795,95.37999725341795,68
2026-03-13 05:03:00,95.4499969482422,95.54000091552734,95.37999725341795,95.37999725341795,131
2026-03-13 05:04:00,95.5199966430664,95.54000091552734,95.44000244140624,95.4499969482422,39
2026-03-13 05:05:00,95.51000213623048,95.51000213623048,95.43000030517578,95.4800033569336,28
2026-03-13 05:06:00,95.41999816894533,95.5199966430664,95.33000183105467,95.5199966430664,79
2026-03-13 05:07:00,95.44000244140624,95.47000122070312,95.37999725341795,95.41000366210938,28
2026-03-13 05:08:00,95.41000366210938,95.45999908447266,95.36000061035156,95.44000244140624,20
2026-03-13 05:09:00,95.41999816894533,95.45999908447266,95.4000015258789,95.44000244140624,16
2026-03-13 05:10:00,95.38999938964844,95.43000030517578,95.3499984741211,95.43000030517578,23
2026-03-13 05:11:00,95.37999725341795,95.43000030517578,95.37999725341795,95.37999725341795,19
2026-03-13 05:12:00,95.41999816894533,95.44000244140624,95.38999938964844,95.41000366210938,27
2026-03-13 05:13:00,95.48999786376952,95.61000061035156,95.4499969482422,95.45999908447266,102
2026-03-13 05:14:00,95.54000091552734,95.55999755859376,95.4800033569336,95.4800033569336,16
2026-03-13 05:15:00,95.55999755859376,95.62000274658205,95.48999786376952,95.55999755859376,64
2026-03-13 05:16:00,95.52999877929688,95.56999969482422,95.5199966430664,95.5500030517578,34
2026-03-13 05:17:00,95.5999984741211,95.62999725341795,95.54000091552734,95.5500030517578,39
2026-03-13 05:18:00,95.5999984741211,95.62000274658205,95.54000091552734,95.62000274658205,17
2026-03-13 05:19:00,95.55999755859376,95.5999984741211,95.48999786376952,95.58000183105467,45
2026-03-13 05:20:00,95.47000122070312,95.58000183105467,95.45999908447266,95.55999755859376,40
2026-03-13 05:21:00,95.56999969482422,95.56999969482422,95.47000122070312,95.47000122070312,48
2026-03-13 05:22:00,95.52999877929688,95.58000183105467,95.5,95.56999969482422,46
2026-03-13 05:23:00,95.27999877929688,95.54000091552734,95.22000122070312,95.52999877929688,99
2026-03-13 05:24:00,95.47000122070312,95.5199966430664,95.29000091552734,95.29000091552734,81
2026-03-13 05:25:00,95.4000015258789,95.5999984741211,95.4000015258789,95.4499969482422,72
2026-03-13 05:26:00,95.38999938964844,95.4000015258789,95.33000183105467,95.4000015258789,39
2026-03-13 05:27:00,95.2300033569336,95.37999725341795,95.2300033569336,95.37999725341795,42
2026-03-13 05:28:00,95.16000366210938,95.20999908447266,95.0999984741211,95.20999908447266,93
2026-03-13 05:29:00,95.25,95.30999755859376,95.19000244140624,95.19000244140624,81
2026-03-13 05:30:00,95.1500015258789,95.33000183105467,94.9800033569336,95.27999877929688,433
2026-03-13 05:31:00,94.9499969482422,95.16000366210938,94.88999938964844,95.12000274658205,148
2026-03-13 05:32:00,95.08999633789062,95.08999633789062,94.91999816894533,94.95999908447266,116
2026-03-13 05:33:00,95.06999969482422,95.11000061035156,95.02999877929688,95.08000183105467,63
2026-03-13 05:34:00,95.12999725341795,95.13999938964844,95.04000091552734,95.06999969482422,109
2026-03-13 05:35:00,95.16000366210938,95.20999908447266,95.08999633789062,95.1500015258789,83
2026-03-13 05:36:00,95.13999938964844,95.16000366210938,95.06999969482422,95.16000366210938,66
2026-03-13 05:37:00,94.95999908447266,95.18000030517578,94.94000244140624,95.13999938964844,156
2026-03-13 05:38:00,95.0500030517578,95.12000274658205,94.9800033569336,94.9800033569336,193
2026-03-13 05:39:00,95.04000091552734,95.06999969482422,94.98999786376952,95.02999877929688,81
2026-03-13 05:40:00,95.11000061035156,95.11000061035156,95.0199966430664,95.04000091552734,40
2026-03-13 05:41:00,95.31999969482422,95.3499984741211,95.0999984741211,95.12999725341795,171
2026-03-13 05:42:00,95.37999725341795,95.41999816894533,95.3000030517578,95.33000183105467,133
2026-03-13 05:43:00,95.23999786376952,95.37000274658205,95.22000122070312,95.37000274658205,136
2026-03-13 05:44:00,95.31999969482422,95.37999725341795,95.26000213623048,95.26000213623048,42
2026-03-13 05:45:00,95.25,95.37999725341795,95.25,95.31999969482422,37
2026-03-13 05:46:00,95.30999755859376,95.33999633789062,95.27999877929688,95.3000030517578,39
2026-03-13 05:47:00,95.30999755859376,95.30999755859376,95.27999877929688,95.3000030517578,23
2026-03-13 05:48:00,95.3000030517578,95.33999633789062,95.25,95.31999969482422,53
2026-03-13 05:49:00,95.27999877929688,95.33999633789062,95.23999786376952,95.30999755859376,69
2026-03-13 05:50:00,95.23999786376952,95.29000091552734,95.18000030517578,95.27999877929688,71
2026-03-13 05:51:00,95.20999908447266,95.3000030517578,95.13999938964844,95.26000213623048,73
2026-03-13 05:52:00,95.1999969482422,95.2699966430664,95.18000030517578,95.20999908447266,82
2026-03-13 05:53:00,95.29000091552734,95.30999755859376,95.16999816894533,95.1999969482422,78
2026-03-13 05:54:00,95.1999969482422,95.33000183105467,95.18000030517578,95.3000030517578,36
2026-03-13 05:55:00,95.01000213623048,95.1999969482422,94.9499969482422,95.1999969482422,182
2026-03-13 05:56:00,95.0199966430664,95.0999984741211,94.91000366210938,94.97000122070312,157
2026-03-13 05:57:00,94.97000122070312,95.0199966430664,94.91999816894533,95.0,81
2026-03-13 05:58:00,95.0500030517578,95.13999938964844,94.95999908447266,94.9800033569336,62
2026-03-13 05:59:00,95.12000274658205,95.12999725341795,95.01000213623048,95.06999969482422,87
2026-03-13 06:00:00,95.08999633789062,95.1500015258789,94.9800033569336,95.12999725341795,66
2026-03-13 06:01:00,95.0999984741211,95.22000122070312,95.08999633789062,95.11000061035156,97
2026-03-13 06:02:00,95.26000213623048,95.26000213623048,94.87000274658205,95.0999984741211,238
2026-03-13 06:03:00,95.33000183105467,95.3499984741211,95.25,95.2699966430664,108
2026-03-13 06:04:00,95.33000183105467,95.37999725341795,95.27999877929688,95.31999969482422,146
2026-03-13 06:05:00,95.22000122070312,95.3499984741211,95.20999908447266,95.33000183105467,47
2026-03-13 06:06:00,95.12999725341795,95.23999786376952,95.12000274658205,95.2300033569336,116
2026-03-13 06:07:00,95.11000061035156,95.25,95.0500030517578,95.16000366210938,102
2026-03-13 06:08:00,94.97000122070312,95.12000274658205,94.9000015258789,95.12000274658205,129
2026-03-13 06:09:00,94.93000030517578,95.0199966430664,94.9000015258789,94.9800033569336,194
2026-03-13 06:10:00,94.69000244140624,94.93000030517578,94.5199966430664,94.91000366210938,493
2026-03-13 06:11:00,94.7699966430664,94.80999755859376,94.58999633789062,94.69000244140624,195
2026-03-13 06:12:00,94.79000091552734,94.87000274658205,94.70999908447266,94.77999877929688,136
2026-03-13 06:13:00,94.93000030517578,95.0,94.7699966430664,94.7699966430664,133
2026-03-13 06:14:00,95.06999969482422,95.06999969482422,94.94000244140624,94.94000244140624,150
2026-03-13 06:15:00,95.16000366210938,95.16000366210938,95.01000213623048,95.05999755859376,221
2026-03-13 06:16:00,95.2300033569336,95.25,95.08999633789062,95.16000366210938,138
2026-03-13 06:17:00,95.13999938964844,95.2699966430664,95.06999969482422,95.23999786376952,130
2026-03-13 06:18:00,95.12000274658205,95.18000030517578,95.0500030517578,95.0999984741211,120
2026-03-13 06:19:00,95.08999633789062,95.16000366210938,95.08000183105467,95.12000274658205,47
2026-03-13 06:20:00,95.05999755859376,95.12000274658205,94.98999786376952,95.11000061035156,120
2026-03-13 06:21:00,95.0500030517578,95.08999633789062,94.9499969482422,95.08000183105467,68
2026-03-13 06:22:00,95.11000061035156,95.12999725341795,95.04000091552734,95.0500030517578,56
2026-03-13 06:23:00,95.0999984741211,95.30999755859376,95.08999633789062,95.12000274658205,190
2026-03-13 06:24:00,95.37999725341795,95.37999725341795,95.0999984741211,95.0999984741211,119
2026-03-13 06:25:00,95.7300033569336,95.73999786376952,95.31999969482422,95.36000061035156,395
2026-03-13 06:26:00,95.69000244140624,95.75,95.62000274658205,95.75,147
2026-03-13 06:27:00,95.66999816894533,95.81999969482422,95.63999938964844,95.69000244140624,226
2026-03-13 06:28:00,95.75,95.83000183105467,95.5999984741211,95.6999969482422,107
2026-03-13 06:29:00,95.63999938964844,95.75,95.62000274658205,95.7300033569336,80
2026-03-13 06:30:00,95.69000244140624,95.7300033569336,95.63999938964844,95.63999938964844,80
2026-03-13 06:31:00,95.5,95.6999969482422,95.47000122070312,95.69000244140624,240
2026-03-13 06:32:00,95.33000183105467,95.52999877929688,95.2699966430664,95.48999786376952,188
2026-03-13 06:33:00,95.44000244140624,95.44000244140624,95.2300033569336,95.31999969482422,171
2026-03-13 06:34:00,95.52999877929688,95.54000091552734,95.37000274658205,95.47000122070312,129
2026-03-13 06:35:00,95.58000183105467,95.58000183105467,95.4800033569336,95.52999877929688,84
2026-03-13 06:36:00,95.58999633789062,95.5999984741211,95.4499969482422,95.58999633789062,90
2026-03-13 06:37:00,95.54000091552734,95.62000274658205,95.54000091552734,95.58999633789062,55
2026-03-13 06:38:00,95.38999938964844,95.55999755859376,95.3499984741211,95.54000091552734,63
2026-03-13 06:39:00,95.37000274658205,95.41000366210938,95.33000183105467,95.4000015258789,74
2026-03-13 06:40:00,95.2300033569336,95.36000061035156,95.2300033569336,95.3499984741211,58
2026-03-13 06:41:00,95.3000030517578,95.37000274658205,95.25,95.25,54
2026-03-13 06:42:00,95.45999908447266,95.45999908447266,95.26000213623048,95.26000213623048,101
2026-03-13 06:43:00,95.61000061035156,95.6999969482422,95.44000244140624,95.44000244140624,177
2026-03-13 06:44:00,95.79000091552734,95.8000030517578,95.61000061035156,95.62000274658205,101
2026-03-13 06:45:00,95.83999633789062,95.88999938964844,95.66000366210938,95.76000213623048,224
2026-03-13 06:46:00,95.81999969482422,95.94000244140624,95.80999755859376,95.83999633789062,147
2026-03-13 06:47:00,95.8499984741211,95.86000061035156,95.7699966430664,95.81999969482422,71
2026-03-13 06:48:00,96.08999633789062,96.08999633789062,95.83000183105467,95.8499984741211,198
2026-03-13 06:49:00,96.08999633789062,96.1500015258789,96.02999877929688,96.05999755859376,168
2026-03-13 06:50:00,95.97000122070312,96.11000061035156,95.94000244140624,96.08000183105467,129
2026-03-13 06:51:00,95.94000244140624,96.0500030517578,95.94000244140624,95.9800033569336,99
2026-03-13 06:52:00,95.97000122070312,95.98999786376952,95.94000244140624,95.95999908447266,47
2026-03-13 06:53:00,96.0199966430664,96.08999633789062,95.97000122070312,95.97000122070312,82
2026-03-13 06:54:00,96.0500030517578,96.08999633789062,96.01000213623048,96.0199966430664,56
2026-03-13 06:55:00,96.12000274658205,96.13999938964844,96.0199966430664,96.04000091552734,82
2026-03-13 06:56:00,96.0999984741211,96.3000030517578,96.08000183105467,96.12999725341795,286
2026-03-13 06:57:00,96.27999877929688,96.33000183105467,96.0500030517578,96.08999633789062,193
2026-03-13 06:58:00,96.16999816894533,96.22000122070312,96.12999725341795,96.22000122070312,126
2026-03-13 06:59:00,96.1999969482422,96.2300033569336,96.06999969482422,96.16000366210938,122
2026-03-13 07:00:00,96.1999969482422,96.30999755859376,96.04000091552734,96.22000122070312,121
2026-03-13 07:01:00,96.31999969482422,96.31999969482422,96.16000366210938,96.1999969482422,100
2026-03-13 07:02:00,96.26000213623048,96.4000015258789,96.1500015258789,96.30999755859376,279
2026-03-13 07:03:00,96.18000030517578,96.2699966430664,96.1500015258789,96.25,56
2026-03-13 07:04:00,96.20999908447266,96.25,96.11000061035156,96.16999816894533,92
2026-03-13 07:05:00,96.23999786376952,96.2699966430664,96.1500015258789,96.20999908447266,50
2026-03-13 07:06:00,96.41000366210938,96.5199966430664,96.2300033569336,96.23999786376952,281
2026-03-13 07:07:00,96.3499984741211,96.43000030517578,96.30999755859376,96.37999725341795,154
2026-03-13 07:08:00,96.41999816894533,96.47000122070312,96.37000274658205,96.37000274658205,93
2026-03-13 07:09:00,96.52999877929688,96.54000091552734,96.31999969482422,96.38999938964844,85
2026-03-13 07:10:00,96.55999755859376,96.66999816894533,96.51000213623048,96.54000091552734,315
2026-03-13 07:11:00,96.62000274658205,96.62000274658205,96.5500030517578,96.55999755859376,114
2026-03-13 07:12:00,96.6500015258789,96.6500015258789,96.43000030517578,96.5999984741211,348
2026-03-13 07:13:00,96.79000091552734,96.94000244140624,96.62999725341795,96.62999725341795,812
2026-03-13 07:14:00,96.91000366210938,97.06999969482422,96.76000213623048,96.8000030517578,510
2026-03-13 07:15:00,96.75,96.9499969482422,96.6999969482422,96.91999816894533,234
2026-03-13 07:16:00,96.87000274658205,96.87000274658205,96.75,96.75,103
2026-03-13 07:17:00,96.91999816894533,97.0199966430664,96.8000030517578,96.87999725341795,230
2026-03-13 07:18:00,96.80999755859376,96.97000122070312,96.77999877929688,96.94000244140624,104
2026-03-13 07:19:00,96.63999938964844,96.8000030517578,96.62000274658205,96.79000091552734,138
2026-03-13 07:20:00,96.83000183105467,96.86000061035156,96.62000274658205,96.63999938964844,168
2026-03-13 07:21:00,96.87000274658205,96.91999816894533,96.80999755859376,96.83000183105467,62
2026-03-13 07:22:00,96.87000274658205,96.87999725341795,96.83000183105467,96.87000274658205,56
2026-03-13 07:23:00,96.88999938964844,96.91999816894533,96.83000183105467,96.87000274658205,97
2026-03-13 07:24:00,96.87000274658205,96.94000244140624,96.8499984741211,96.88999938964844,68
2026-03-13 07:25:00,96.70999908447266,96.88999938964844,96.70999908447266,96.87999725341795,98
2026-03-13 07:26:00,96.83000183105467,96.8499984741211,96.62000274658205,96.68000030517578,195
2026-03-13 07:27:00,96.79000091552734,96.91000366210938,96.79000091552734,96.80999755859376,99
2026-03-13 07:28:00,96.62999725341795,96.8000030517578,96.58000183105467,96.8000030517578,107
2026-03-13 07:29:00,96.69000244140624,96.6999969482422,96.48999786376952,96.62000274658205,252
2026-03-13 07:30:00,96.66999816894533,96.73999786376952,96.66000366210938,96.69000244140624,107
2026-03-13 07:31:00,96.76000213623048,96.87999725341795,96.61000061035156,96.66000366210938,311
2026-03-13 07:32:00,96.6500015258789,96.76000213623048,96.56999969482422,96.76000213623048,92
2026-03-13 07:33:00,96.66000366210938,96.6999969482422,96.58000183105467,96.62999725341795,121
2026-03-13 07:34:00,96.54000091552734,96.66000366210938,96.54000091552734,96.6500015258789,156
2026-03-13 07:35:00,96.4000015258789,96.5999984741211,96.30999755859376,96.54000091552734,322
2026-03-13 07:36:00,96.30999755859376,96.47000122070312,96.23999786376952,96.38999938964844,306
2026-03-13 07:37:00,96.56999969482422,96.5999984741211,96.3000030517578,96.31999969482422,153
2026-03-13 07:38:00,96.5999984741211,96.62000274658205,96.51000213623048,96.55999755859376,80
2026-03-13 07:39:00,96.58999633789062,96.6500015258789,96.52999877929688,96.5999984741211,76
2026-03-13 07:40:00,96.68000030517578,96.7300033569336,96.5500030517578,96.58999633789062,129
2026-03-13 07:41:00,96.66000366210938,96.79000091552734,96.63999938964844,96.6999969482422,132
2026-03-13 07:42:00,96.6999969482422,97.08999633789062,96.58000183105467,96.62999725341795,1057
2026-03-13 07:43:00,96.5199966430664,96.70999908447266,96.47000122070312,96.6999969482422,264
2026-03-13 07:44:00,96.54000091552734,96.63999938964844,96.4499969482422,96.52999877929688,108
2026-03-13 07:45:00,96.52999877929688,96.62000274658205,96.47000122070312,96.54000091552734,182
2026-03-13 07:46:00,96.55999755859376,96.62999725341795,96.5199966430664,96.5500030517578,99
2026-03-13 07:47:00,96.75,96.75,96.54000091552734,96.5500030517578,153
2026-03-13 07:48:00,96.94000244140624,96.98999786376952,96.7300033569336,96.73999786376952,323
2026-03-13 07:49:00,96.93000030517578,97.19000244140624,96.93000030517578,96.9499969482422,382
2026-03-13 07:50:00,96.95999908447266,97.04000091552734,96.8499984741211,96.91999816894533,205
2026-03-13 07:51:00,97.1999969482422,97.2300033569336,96.9499969482422,96.9800033569336,240
2026-03-13 07:52:00,97.2300033569336,97.29000091552734,97.0999984741211,97.2300033569336,310
2026-03-13 07:53:00,97.25,97.2699966430664,97.08999633789062,97.2300033569336,199
2026-03-13 07:54:00,97.48999786376952,97.5999984741211,97.1999969482422,97.20999908447266,577
2026-03-13 07:55:00,97.26000213623048,97.5,97.26000213623048,97.4800033569336,246
2026-03-13 07:56:00,97.4000015258789,97.4000015258789,97.22000122070312,97.26000213623048,190
2026-03-13 07:57:00,97.3499984741211,97.43000030517578,97.19000244140624,97.41000366210938,391
2026-03-13 07:58:00,97.13999938964844,97.36000061035156,97.0999984741211,97.3499984741211,271
2026-03-13 07:59:00,97.18000030517578,97.20999908447266,97.12000274658205,97.13999938964844,231
2026-03-13 08:00:00,97.1500015258789,97.23999786376952,96.9000015258789,97.13999938964844,588
2026-03-13 08:01:00,97.26000213623048,97.3000030517578,97.12999725341795,97.13999938964844,248
2026-03-13 08:02:00,97.6500015258789,97.66000366210938,97.26000213623048,97.26000213623048,699
2026-03-13 08:03:00,97.66000366210938,97.6999969482422,97.51000213623048,97.62999725341795,480
2026-03-13 08:04:00,97.44000244140624,97.66999816894533,97.44000244140624,97.66999816894533,222
2026-03-13 08:05:00,97.58000183105467,97.6500015258789,97.44000244140624,97.45999908447266,237
2026-03-13 08:06:00,97.69000244140624,97.6999969482422,97.51000213623048,97.56999969482422,156
2026-03-13 08:07:00,97.58000183105467,97.72000122070312,97.52999877929688,97.69000244140624,188
2026-03-13 08:08:00,97.63999938964844,97.68000030517578,97.56999969482422,97.58000183105467,144
2026-03-13 08:09:00,97.6999969482422,97.83999633789062,97.62999725341795,97.62999725341795,316
2026-03-13 08:10:00,97.73999786376952,97.76000213623048,97.6500015258789,97.6999969482422,191
2026-03-13 08:11:00,97.5500030517578,97.7300033569336,97.54000091552734,97.7300033569336,371
2026-03-13 08:12:00,97.66999816894533,97.69000244140624,97.54000091552734,97.5500030517578,133
2026-03-13 08:13:00,97.5,97.66999816894533,97.4499969482422,97.66999816894533,300
2026-03-13 08:14:00,97.58999633789062,97.63999938964844,97.51000213623048,97.51000213623048,184
2026-03-13 08:15:00,97.68000030517578,97.7699966430664,97.5500030517578,97.5999984741211,296
2026-03-13 08:16:00,97.58999633789062,97.6999969482422,97.5,97.6999969482422,350
2026-03-13 08:17:00,97.3499984741211,97.58000183105467,97.3499984741211,97.58000183105467,248
2026-03-13 08:18:00,97.37000274658205,97.41000366210938,97.3000030517578,97.33999633789062,159
2026-03-13 08:19:00,97.52999877929688,97.52999877929688,97.37000274658205,97.37999725341795,222
2026-03-13 08:20:00,97.47000122070312,97.5199966430664,97.3499984741211,97.47000122070312,198
2026-03-13 08:21:00,97.44000244140624,97.55999755859376,97.3499984741211,97.47000122070312,233
2026-03-13 08:22:00,97.19000244140624,97.41999816894533,97.13999938964844,97.41000366210938,224
2026-03-13 08:23:00,97.3499984741211,97.37999725341795,97.19000244140624,97.19000244140624,235
2026-03-13 08:24:00,97.58000183105467,97.61000061035156,97.33999633789062,97.3499984741211,358
2026-03-13 08:25:00,97.5,97.5999984741211,97.43000030517578,97.58999633789062,243
2026-03-13 08:26:00,97.27999877929688,97.52999877929688,97.26000213623048,97.45999908447266,239
2026-03-13 08:27:00,97.38999938964844,97.43000030517578,97.1999969482422,97.2699966430664,200
2026-03-13 08:28:00,97.31999969482422,97.43000030517578,97.29000091552734,97.3499984741211,186
2026-03-13 08:29:00,97.12999725341795,97.30999755859376,96.95999908447266,97.30999755859376,907
2026-03-13 08:30:00,96.86000061035156,97.16000366210938,96.58000183105467,97.11000061035156,852
2026-03-13 08:31:00,96.70999908447266,96.95999908447266,96.5999984741211,96.87000274658205,529
2026-03-13 08:32:00,96.37999725341795,96.6999969482422,96.36000061035156,96.6999969482422,470
2026-03-13 08:33:00,96.18000030517578,96.4499969482422,96.16999816894533,96.37999725341795,448
2026-03-13 08:34:00,96.16000366210938,96.41999816894533,96.13999938964844,96.16999816894533,370
2026-03-13 08:35:00,96.31999969482422,96.41000366210938,95.95999908447266,96.13999938964844,634
2026-03-13 08:36:00,96.41000366210938,96.41999816894533,96.20999908447266,96.3499984741211,270
2026-03-13 08:37:00,96.27999877929688,96.48999786376952,96.19000244140624,96.37999725341795,318
2026-03-13 08:38:00,96.05999755859376,96.33999633789062,96.02999877929688,96.25,270
2026-03-13 08:39:00,96.26000213623048,96.37000274658205,95.93000030517578,96.0199966430664,389
2026-03-13 08:40:00,96.25,96.30999755859376,96.18000030517578,96.2699966430664,182
2026-03-13 08:41:00,96.31999969482422,96.4000015258789,96.1999969482422,96.2300033569336,199
2026-03-13 08:42:00,96.30999755859376,96.44000244140624,96.26000213623048,96.30999755859376,209
2026-03-13 08:43:00,96.31999969482422,96.3499984741211,96.1999969482422,96.29000091552734,205
2026-03-13 08:44:00,96.3499984741211,96.37999725341795,96.1999969482422,96.31999969482422,117
2026-03-13 08:45:00,96.3499984741211,96.41999816894533,96.26000213623048,96.38999938964844,173
2026-03-13 08:46:00,96.22000122070312,96.41999816894533,96.18000030517578,96.3499984741211,629
2026-03-13 08:47:00,96.12999725341795,96.22000122070312,96.12000274658205,96.19000244140624,113
2026-03-13 08:48:00,96.0999984741211,96.20999908447266,96.08000183105467,96.12999725341795,171
2026-03-13 08:49:00,95.9000015258789,96.08999633789062,95.80999755859376,96.08999633789062,467
2026-03-13 08:50:00,96.0,96.0,95.73999786376952,95.91000366210938,238
2026-03-13 08:51:00,95.72000122070312,96.0,95.68000030517578,96.0,264
2026-03-13 08:52:00,95.68000030517578,95.83000183105467,95.5,95.6999969482422,375
2026-03-13 08:53:00,95.61000061035156,95.6999969482422,95.4800033569336,95.68000030517578,229
2026-03-13 08:54:00,95.76000213623048,95.77999877929688,95.48999786376952,95.58999633789062,149
2026-03-13 08:55:00,95.91999816894533,95.93000030517578,95.72000122070312,95.75,377
2026-03-13 08:56:00,95.76000213623048,95.95999908447266,95.75,95.9000015258789,363
2026-03-13 08:57:00,95.66000366210938,95.7699966430664,95.5999984741211,95.73999786376952,254
2026-03-13 08:58:00,95.8000030517578,95.91000366210938,95.66999816894533,95.66999816894533,184
2026-03-13 08:59:00,95.66000366210938,95.81999969482422,95.66000366210938,95.79000091552734,194
2026-03-13 09:00:00,95.13999938964844,95.66999816894533,94.98999786376952,95.6500015258789,2327
2026-03-13 09:01:00,95.31999969482422,95.48999786376952,95.04000091552734,95.16000366210938,733
2026-03-13 09:02:00,95.1999969482422,95.3499984741211,95.05999755859376,95.3499984741211,242
2026-03-13 09:03:00,95.22000122070312,95.30999755859376,94.9800033569336,95.16000366210938,604
2026-03-13 09:04:00,95.29000091552734,95.3499984741211,95.11000061035156,95.1999969482422,247
2026-03-13 09:05:00,95.56999969482422,95.5999984741211,95.11000061035156,95.25,623
2026-03-13 09:06:00,95.36000061035156,95.72000122070312,95.33999633789062,95.58999633789062,408
2026-03-13 09:07:00,95.4800033569336,95.52999877929688,95.38999938964844,95.4000015258789,178
2026-03-13 09:08:00,95.5,95.63999938964844,95.4499969482422,95.5,241
2026-03-13 09:09:00,95.70999908447266,95.77999877929688,95.5,95.5,352
2026-03-13 09:10:00,95.66999816894533,95.7300033569336,95.6500015258789,95.70999908447266,105
2026-03-13 09:11:00,95.66999816894533,95.6999969482422,95.18000030517578,95.6500015258789,792
2026-03-13 09:12:00,95.45999908447266,95.72000122070312,95.41000366210938,95.66999816894533,316
2026-03-13 09:13:00,95.58000183105467,95.63999938964844,95.38999938964844,95.41999816894533,206
2026-03-13 09:14:00,95.6500015258789,95.66000366210938,95.54000091552734,95.5500030517578,115
2026-03-13 09:15:00,95.87999725341795,95.87999725341795,95.63999938964844,95.63999938964844,293
2026-03-13 09:16:00,95.95999908447266,96.01000213623048,95.77999877929688,95.8499984741211,222
2026-03-13 09:17:00,95.81999969482422,96.0,95.81999969482422,95.91999816894533,162
2026-03-13 09:18:00,95.94000244140624,96.02999877929688,95.83999633789062,95.83999633789062,128
2026-03-13 09:19:00,95.93000030517578,95.98999786376952,95.91999816894533,95.93000030517578,79
2026-03-13 09:20:00,95.76000213623048,95.9800033569336,95.66000366210938,95.93000030517578,243
2026-03-13 09:21:00,95.68000030517578,95.80999755859376,95.66999816894533,95.79000091552734,99
2026-03-13 09:22:00,95.8000030517578,95.8000030517578,95.68000030517578,95.68000030517578,97
2026-03-13 09:23:00,95.83000183105467,95.86000061035156,95.76000213623048,95.8000030517578,91
2026-03-13 09:24:00,95.80999755859376,95.91999816894533,95.7699966430664,95.86000061035156,186
2026-03-13 09:25:00,95.8000030517578,95.81999969482422,95.62000274658205,95.8000030517578,233
2026-03-13 09:26:00,95.7699966430664,95.87999725341795,95.76000213623048,95.8000030517578,106
2026-03-13 09:27:00,95.76000213623048,95.83000183105467,95.6999969482422,95.73999786376952,93
2026-03-13 09:28:00,95.8000030517578,95.91000366210938,95.66000366210938,95.7699966430664,214
2026-03-13 09:29:00,95.94000244140624,95.9499969482422,95.72000122070312,95.80999755859376,127
2026-03-13 09:30:00,95.9000015258789,96.02999877929688,95.8499984741211,95.93000030517578,98
2026-03-13 09:31:00,96.0999984741211,96.11000061035156,95.87999725341795,95.91000366210938,118
2026-03-13 09:32:00,96.12000274658205,96.23999786376952,96.0999984741211,96.0999984741211,248
2026-03-13 09:33:00,96.06999969482422,96.11000061035156,96.0,96.11000061035156,116
2026-03-13 09:34:00,96.20999908447266,96.2300033569336,96.04000091552734,96.05999755859376,83
2026-03-13 09:35:00,96.0199966430664,96.27999877929688,95.98999786376952,96.23999786376952,272
2026-03-13 09:36:00,95.95999908447266,96.05999755859376,95.95999908447266,96.0199966430664,84
2026-03-13 09:37:00,95.91000366210938,96.0500030517578,95.87999725341795,95.98999786376952,93
2026-03-13 09:38:00,95.91000366210938,95.9499969482422,95.75,95.91000366210938,206
2026-03-13 09:39:00,96.06999969482422,96.08000183105467,95.91000366210938,95.91000366210938,67
2026-03-13 09:40:00,95.87999725341795,96.06999969482422,95.83000183105467,96.05999755859376,141
2026-03-13 09:41:00,95.8499984741211,95.91999816894533,95.81999969482422,95.91999816894533,56
2026-03-13 09:42:00,95.81999969482422,95.93000030517578,95.8000030517578,95.87000274658205,78
2026-03-13 09:43:00,95.69000244140624,95.83000183105467,95.6500015258789,95.83000183105467,192
2026-03-13 09:44:00,95.83000183105467,95.87999725341795,95.69000244140624,95.69000244140624,110
2026-03-13 09:45:00,95.77999877929688,95.8499984741211,95.73999786376952,95.83999633789062,67
2026-03-13 09:46:00,95.8499984741211,95.8499984741211,95.73999786376952,95.76000213623048,52
2026-03-13 09:47:00,95.8499984741211,95.8499984741211,95.70999908447266,95.8499984741211,95
2026-03-13 09:48:00,95.76000213623048,95.81999969482422,95.70999908447266,95.81999969482422,93
2026-03-13 09:49:00,95.83000183105467,95.83999633789062,95.62999725341795,95.73999786376952,132
2026-03-13 09:50:00,95.79000091552734,95.8499984741211,95.76000213623048,95.83000183105467,60
2026-03-13 09:51:00,95.83999633789062,95.86000061035156,95.75,95.79000091552734,94
2026-03-13 09:52:00,95.68000030517578,95.83000183105467,95.6500015258789,95.8000030517578,204
2026-03-13 09:53:00,95.73999786376952,95.83000183105467,95.63999938964844,95.68000030517578,204
2026-03-13 09:54:00,95.75,95.79000091552734,95.6999969482422,95.6999969482422,50
2026-03-13 09:55:00,95.79000091552734,95.8499984741211,95.72000122070312,95.75,71
2026-03-13 09:56:00,95.91000366210938,95.94000244140624,95.79000091552734,95.8000030517578,117
2026-03-13 09:57:00,95.91999816894533,95.9800033569336,95.91000366210938,95.91999816894533,91
2026-03-13 09:58:00,95.83000183105467,95.91000366210938,95.7699966430664,95.88999938964844,103
2026-03-13 09:59:00,95.77999877929688,95.88999938964844,95.77999877929688,95.83000183105467,46
2026-03-13 10:00:00,95.7300033569336,95.94000244140624,95.6500015258789,95.76000213623048,410
2026-03-13 10:01:00,95.52999877929688,95.7300033569336,95.33999633789062,95.6999969482422,507
2026-03-13 10:02:00,95.37999725341795,95.56999969482422,95.37000274658205,95.52999877929688,159
2026-03-13 10:03:00,95.41999816894533,95.45999908447266,95.27999877929688,95.36000061035156,374
2026-03-13 10:04:00,95.48999786376952,95.5,95.31999969482422,95.43000030517578,101
2026-03-13 10:05:00,95.3000030517578,95.44000244140624,95.27999877929688,95.44000244140624,137
2026-03-13 10:06:00,95.3000030517578,95.36000061035156,95.20999908447266,95.31999969482422,164
2026-03-13 10:07:00,95.48999786376952,95.5500030517578,95.3000030517578,95.3000030517578,338
2026-03-13 10:08:00,95.52999877929688,95.55999755859376,95.44000244140624,95.5199966430664,177
2026-03-13 10:09:00,95.51000213623048,95.68000030517578,95.43000030517578,95.52999877929688,846
2026-03-13 10:10:00,95.41999816894533,95.5500030517578,95.4000015258789,95.5199966430664,160
2026-03-13 10:11:00,95.2300033569336,95.43000030517578,95.18000030517578,95.43000030517578,208
2026-03-13 10:12:00,95.3499984741211,95.37999725341795,95.16999816894533,95.22000122070312,177
2026-03-13 10:13:00,95.4499969482422,95.45999908447266,95.2699966430664,95.33999633789062,128
2026-03-13 10:14:00,95.43000030517578,95.48999786376952,95.33999633789062,95.45999908447266,184
2026-03-13 10:15:00,95.48999786376952,95.51000213623048,95.41999816894533,95.4499969482422,128
2026-03-13 10:16:00,95.47000122070312,95.54000091552734,95.43000030517578,95.47000122070312,136
2026-03-13 10:17:00,95.26000213623048,95.44000244140624,95.26000213623048,95.41999816894533,90
2026-03-13 10:18:00,95.36000061035156,95.36000061035156,95.2300033569336,95.2300033569336,121
2026-03-13 10:19:00,95.20999908447266,95.36000061035156,95.1999969482422,95.36000061035156,101
2026-03-13 10:20:00,95.23999786376952,95.25,95.19000244140624,95.19000244140624,83
2026-03-13 10:21:00,95.16999816894533,95.25,95.0199966430664,95.23999786376952,216
2026-03-13 10:22:00,95.04000091552734,95.1999969482422,95.02999877929688,95.16999816894533,133
2026-03-13 10:23:00,95.12000274658205,95.12000274658205,94.97000122070312,95.04000091552734,329
2026-03-13 10:24:00,95.08000183105467,95.12999725341795,94.95999908447266,95.0500030517578,174
2026-03-13 10:25:00,95.1500015258789,95.1999969482422,95.05999755859376,95.08999633789062,118
2026-03-13 10:26:00,95.11000061035156,95.19000244140624,95.04000091552734,95.13999938964844,67
2026-03-13 10:27:00,95.19000244140624,95.19000244140624,95.08999633789062,95.08999633789062,53
2026-03-13 10:28:00,95.20999908447266,95.23999786376952,95.13999938964844,95.18000030517578,93
2026-03-13 10:29:00,95.1500015258789,95.23999786376952,95.1500015258789,95.19000244140624,85
2026-03-13 10:30:00,95.22000122070312,95.2699966430664,95.13999938964844,95.13999938964844,120
2026-03-13 10:31:00,95.27999877929688,95.3000030517578,95.1999969482422,95.22000122070312,117
2026-03-13 10:32:00,95.26000213623048,95.41999816894533,95.20999908447266,95.29000091552734,445
2026-03-13 10:33:00,95.22000122070312,95.31999969482422,95.18000030517578,95.2699966430664,135
2026-03-13 10:34:00,95.0999984741211,95.25,95.0199966430664,95.20999908447266,158
2026-03-13 10:35:00,95.08000183105467,95.13999938964844,94.97000122070312,95.08999633789062,302
2026-03-13 10:36:00,95.2300033569336,95.2300033569336,95.08999633789062,95.08999633789062,125
2026-03-13 10:37:00,95.19000244140624,95.23999786376952,95.13999938964844,95.23999786376952,57
2026-03-13 10:38:00,95.0,95.19000244140624,95.0,95.19000244140624,160
2026-03-13 10:39:00,95.0500030517578,95.08000183105467,94.86000061035156,95.01000213623048,400
2026-03-13 10:40:00,94.87999725341795,95.05999755859376,94.87000274658205,95.0500030517578,145
2026-03-13 10:41:00,94.73999786376952,94.87999725341795,94.70999908447266,94.87000274658205,346
2026-03-13 10:42:00,94.79000091552734,94.83000183105467,94.66000366210938,94.72000122070312,310
2026-03-13 10:43:00,94.86000061035156,94.87999725341795,94.75,94.8000030517578,100
2026-03-13 10:44:00,94.87999725341795,94.87999725341795,94.7699966430664,94.87000274658205,207
2026-03-13 10:45:00,94.83999633789062,94.93000030517578,94.8000030517578,94.9000015258789,81
2026-03-13 10:46:00,94.61000061035156,94.86000061035156,94.55999755859376,94.83999633789062,420
2026-03-13 10:47:00,94.3000030517578,94.72000122070312,94.20999908447266,94.63999938964844,1695
2026-03-13 10:48:00,93.9499969482422,94.31999969482422,93.8000030517578,94.31999969482422,1372
2026-03-13 10:49:00,93.6500015258789,93.97000122070312,93.36000061035156,93.95999908447266,1535
2026-03-13 10:50:00,93.54000091552734,93.87999725341795,93.47000122070312,93.63999938964844,737
2026-03-13 10:51:00,93.62999725341795,93.70999908447266,93.37999725341795,93.54000091552734,525
2026-03-13 10:52:00,93.93000030517578,94.01000213623048,93.56999969482422,93.62000274658205,594
2026-03-13 10:53:00,94.13999938964844,94.1500015258789,93.94000244140624,93.95999908447266,557
2026-03-13 10:54:00,94.30999755859376,94.33000183105467,94.06999969482422,94.1500015258789,500
2026-03-13 10:55:00,94.12000274658205,94.36000061035156,94.0999984741211,94.29000091552734,368
2026-03-13 10:56:00,94.0500030517578,94.23999786376952,94.02999877929688,94.13999938964844,415
2026-03-13 10:57:00,94.11000061035156,94.13999938964844,94.0,94.08000183105467,311
2026-03-13 10:58:00,94.01000213623048,94.1500015258789,93.94000244140624,94.05999755859376,188
2026-03-13 10:59:00,93.68000030517578,94.01000213623048,93.66000366210938,93.98999786376952,325
2026-03-13 11:00:00,93.62000274658205,93.75,93.5199966430664,93.66999816894533,434
2026-03-13 11:01:00,93.7300033569336,93.9000015258789,93.56999969482422,93.62999725341795,300
2026-03-13 11:02:00,93.76000213623048,93.77999877929688,93.62000274658205,93.73999786376952,178
2026-03-13 11:03:00,93.7300033569336,93.81999969482422,93.56999969482422,93.73999786376952,233
2026-03-13 11:04:00,93.73999786376952,93.81999969482422,93.66000366210938,93.6999969482422,182
2026-03-13 11:05:00,93.4499969482422,93.83000183105467,93.4499969482422,93.7300033569336,369
2026-03-13 11:06:00,93.5199966430664,93.58000183105467,93.12000274658205,93.45999908447266,876
2026-03-13 11:07:00,93.73999786376952,93.75,93.4499969482422,93.52999877929688,559
2026-03-13 11:08:00,94.13999938964844,94.16999816894533,93.7699966430664,93.77999877929688,566
2026-03-13 11:09:00,94.13999938964844,94.3499984741211,94.11000061035156,94.12000274658205,520
2026-03-13 11:10:00,94.58999633789062,94.61000061035156,94.0999984741211,94.18000030517578,678
2026-03-13 11:11:00,94.44000244140624,94.61000061035156,94.36000061035156,94.58000183105467,596
2026-03-13 11:12:00,94.45999908447266,94.63999938964844,94.33999633789062,94.41000366210938,533
2026-03-13 11:13:00,94.5999984741211,94.62000274658205,94.26000213623048,94.48999786376952,503
2026-03-13 11:14:00,94.83000183105467,94.95999908447266,94.61000061035156,94.62000274658205,612
2026-03-13 11:15:00,94.94000244140624,95.04000091552734,94.77999877929688,94.81999969482422,338
2026-03-13 11:16:00,94.62000274658205,94.95999908447266,94.5199966430664,94.9499969482422,515
2026-03-13 11:17:00,94.77999877929688,94.86000061035156,94.62000274658205,94.63999938964844,280
2026-03-13 11:18:00,94.73999786376952,94.81999969482422,94.63999938964844,94.77999877929688,263
2026-03-13 11:19:00,94.79000091552734,94.79000091552734,94.68000030517578,94.75,120
2026-03-13 11:20:00,94.7300033569336,94.83000183105467,94.69000244140624,94.77999877929688,260
2026-03-13 11:21:00,94.6999969482422,94.8000030517578,94.62999725341795,94.73999786376952,234
2026-03-13 11:22:00,94.45999908447266,94.7300033569336,94.41000366210938,94.7300033569336,582
2026-03-13 11:23:00,94.48999786376952,94.5500030517578,94.3499984741211,94.4800033569336,384
2026-03-13 11:24:00,94.43000030517578,94.47000122070312,94.37999725341795,94.45999908447266,58
2026-03-13 11:25:00,94.41000366210938,94.51000213623048,94.4000015258789,94.43000030517578,150
2026-03-13 11:26:00,94.23999786376952,94.4499969482422,93.76000213623048,94.43000030517578,991
2026-03-13 11:27:00,94.25,94.33000183105467,94.1999969482422,94.25,166
2026-03-13 11:28:00,94.16999816894533,94.27999877929688,94.1500015258789,94.25,143
2026-03-13 11:29:00,94.43000030517578,94.72000122070312,94.11000061035156,94.1999969482422,859
2026-03-13 11:30:00,94.41000366210938,94.58999633789062,94.37999725341795,94.43000030517578,232
2026-03-13 11:31:00,94.3499984741211,94.41999816894533,94.23999786376952,94.41999816894533,169
2026-03-13 11:32:00,94.33000183105467,94.37999725341795,94.27999877929688,94.3499984741211,68
2026-03-13 11:33:00,94.16999816894533,94.37000274658205,94.16999816894533,94.31999969482422,121
2026-03-13 11:34:00,94.3499984741211,94.43000030517578,94.20999908447266,94.20999908447266,184
2026-03-13 11:35:00,94.0999984741211,94.36000061035156,94.02999877929688,94.36000061035156,739
2026-03-13 11:36:00,93.9499969482422,94.12999725341795,93.9000015258789,94.12000274658205,191
2026-03-13 11:37:00,93.81999969482422,93.9800033569336,93.80999755859376,93.9800033569336,228
2026-03-13 11:38:00,94.08000183105467,94.0999984741211,93.8000030517578,93.8000030517578,418
2026-03-13 11:39:00,94.04000091552734,94.08999633789062,93.88999938964844,94.06999969482422,279
2026-03-13 11:40:00,94.12999725341795,94.1500015258789,94.02999877929688,94.04000091552734,204
2026-03-13 11:41:00,94.16999816894533,94.18000030517578,94.02999877929688,94.12000274658205,184
2026-03-13 11:42:00,94.13999938964844,94.26000213623048,94.08999633789062,94.18000030517578,217
2026-03-13 11:43:00,94.0500030517578,94.22000122070312,94.01000213623048,94.1500015258789,101
2026-03-13 11:44:00,93.8499984741211,94.06999969482422,93.81999969482422,94.05999755859376,197
2026-03-13 11:45:00,93.62000274658205,93.87999725341795,93.62000274658205,93.83999633789062,374
2026-03-13 11:46:00,93.5999984741211,93.76000213623048,93.5500030517578,93.62000274658205,381
2026-03-13 11:47:00,93.66999816894533,93.75,93.56999969482422,93.58999633789062,143
2026-03-13 11:48:00,93.88999938964844,93.9000015258789,93.66000366210938,93.66000366210938,260
2026-03-13 11:49:00,93.97000122070312,93.97000122070312,93.77999877929688,93.9000015258789,140
2026-03-13 11:50:00,93.8000030517578,94.01000213623048,93.72000122070312,93.9800033569336,97
2026-03-13 11:51:00,93.66000366210938,93.7699966430664,93.47000122070312,93.7699966430664,311
2026-03-13 11:52:00,93.47000122070312,93.6999969482422,93.38999938964844,93.68000030517578,314
2026-03-13 11:53:00,93.56999969482422,93.5999984741211,93.43000030517578,93.45999908447266,164
2026-03-13 11:54:00,93.45999908447266,93.61000061035156,93.44000244140624,93.56999969482422,354
2026-03-13 11:55:00,93.3499984741211,93.51000213623048,93.3499984741211,93.47000122070312,414
2026-03-13 11:56:00,93.43000030517578,93.48999786376952,93.37000274658205,93.37000274658205,211
2026-03-13 11:57:00,93.22000122070312,93.4800033569336,93.20999908447266,93.44000244140624,277
2026-03-13 11:58:00,93.31999969482422,93.37000274658205,93.2300033569336,93.2300033569336,230
2026-03-13 11:59:00,93.43000030517578,93.44000244140624,93.27999877929688,93.36000061035156,182
2026-03-13 12:00:00,93.54000091552734,93.5999984741211,93.41000366210938,93.4499969482422,412
2026-03-13 12:01:00,93.4000015258789,93.63999938964844,93.29000091552734,93.54000091552734,441
2026-03-13 12:02:00,93.20999908447266,93.38999938964844,93.12999725341795,93.38999938964844,429
2026-03-13 12:03:00,93.4000015258789,93.41999816894533,93.02999877929688,93.20999908447266,581
2026-03-13 12:04:00,93.5500030517578,93.56999969482422,93.3499984741211,93.4000015258789,494
2026-03-13 12:05:00,93.5199966430664,93.58999633789062,93.44000244140624,93.54000091552734,318
2026-03-13 12:06:00,93.7300033569336,93.8000030517578,93.54000091552734,93.54000091552734,443
2026-03-13 12:07:00,93.75,93.75,93.58000183105467,93.7300033569336,498
2026-03-13 12:08:00,93.75,93.79000091552734,93.70999908447266,93.7699966430664,363
2026-03-13 12:09:00,93.69000244140624,93.80999755859376,93.68000030517578,93.7699966430664,425
2026-03-13 12:10:00,93.62000274658205,93.6999969482422,93.51000213623048,93.69000244140624,569
2026-03-13 12:11:00,93.5999984741211,93.66000366210938,93.5,93.63999938964844,348
2026-03-13 12:12:00,93.75,93.76000213623048,93.5500030517578,93.58999633789062,211
2026-03-13 12:13:00,93.61000061035156,93.73999786376952,93.56999969482422,93.73999786376952,188
2026-03-13 12:14:00,93.41000366210938,93.66999816894533,93.41000366210938,93.58999633789062,257
2026-03-13 12:15:00,93.58999633789062,93.62999725341795,93.4000015258789,93.43000030517578,216
2026-03-13 12:16:00,93.45999908447266,93.6500015258789,93.43000030517578,93.58999633789062,515
2026-03-13 12:17:00,93.37999725341795,93.56999969482422,93.3000030517578,93.47000122070312,263
2026-03-13 12:18:00,93.54000091552734,93.68000030517578,93.36000061035156,93.37000274658205,290
2026-03-13 12:19:00,93.6999969482422,93.73999786376952,93.5500030517578,93.5500030517578,329
2026-03-13 12:20:00,93.95999908447266,93.95999908447266,93.69000244140624,93.6999969482422,453
2026-03-13 12:21:00,93.91999816894533,94.02999877929688,93.91999816894533,93.94000244140624,393
2026-03-13 12:22:00,93.9000015258789,94.0,93.8499984741211,93.94000244140624,170
2026-03-13 12:23:00,93.8499984741211,93.94000244140624,93.79000091552734,93.91000366210938,134
2026-03-13 12:24:00,93.8499984741211,93.88999938964844,93.79000091552734,93.83999633789062,145
2026-03-13 12:25:00,94.02999877929688,94.0500030517578,93.8000030517578,93.8499984741211,220
2026-03-13 12:26:00,93.8499984741211,94.02999877929688,93.75,94.02999877929688,255
2026-03-13 12:27:00,93.8499984741211,93.91999816894533,93.83999633789062,93.87000274658205,145
2026-03-13 12:28:00,93.86000061035156,93.86000061035156,93.7699966430664,93.83000183105467,76
2026-03-13 12:29:00,93.87999725341795,93.9800033569336,93.77999877929688,93.87000274658205,220
2026-03-13 12:30:00,93.87000274658205,93.9499969482422,93.83999633789062,93.87999725341795,106
2026-03-13 12:31:00,93.8499984741211,93.93000030517578,93.79000091552734,93.86000061035156,178
2026-03-13 12:32:00,93.95999908447266,94.02999877929688,93.5999984741211,93.86000061035156,628
2026-03-13 12:33:00,94.0999984741211,94.31999969482422,93.94000244140624,93.94000244140624,762
2026-03-13 12:34:00,94.0500030517578,94.12999725341795,93.97000122070312,94.08000183105467,186
2026-03-13 12:35:00,94.31999969482422,94.33999633789062,94.01000213623048,94.02999877929688,338
2026-03-13 12:36:00,94.26000213623048,94.37999725341795,94.25,94.33999633789062,344
2026-03-13 12:37:00,94.27999877929688,94.3000030517578,94.16000366210938,94.25,653
2026-03-13 12:38:00,94.3000030517578,94.38999938964844,94.20999908447266,94.3000030517578,491
2026-03-13 12:39:00,94.08999633789062,94.29000091552734,94.06999969482422,94.29000091552734,192
2026-03-13 12:40:00,94.11000061035156,94.23999786376952,94.04000091552734,94.08000183105467,218
2026-03-13 12:41:00,94.08999633789062,94.13999938964844,93.9800033569336,94.11000061035156,213
2026-03-13 12:42:00,94.18000030517578,94.22000122070312,94.06999969482422,94.08999633789062,162
2026-03-13 12:43:00,94.05999755859376,94.2300033569336,93.94000244140624,94.18000030517578,276
2026-03-13 12:44:00,93.98999786376952,94.05999755859376,93.87000274658205,94.05999755859376,356
2026-03-13 12:45:00,92.3000030517578,93.97000122070312,92.04000091552734,93.97000122070312,4321
2026-03-13 12:46:00,93.02999877929688,93.1500015258789,92.08999633789062,92.3000030517578,2713
2026-03-13 12:47:00,92.9499969482422,93.3000030517578,92.66999816894533,93.0199966430664,1112
2026-03-13 12:48:00,92.9000015258789,93.0199966430664,92.7300033569336,92.95999908447266,851
2026-03-13 12:49:00,93.0999984741211,93.18000030517578,92.9000015258789,92.91000366210938,564
2026-03-13 12:50:00,93.30999755859376,93.5199966430664,93.05999755859376,93.13999938964844,748
2026-03-13 12:51:00,93.44000244140624,93.58000183105467,93.22000122070312,93.31999969482422,534
2026-03-13 12:52:00,93.41000366210938,93.56999969482422,93.3000030517578,93.43000030517578,375
2026-03-13 12:53:00,93.31999969482422,93.41999816894533,93.25,93.4000015258789,516
2026-03-13 12:54:00,93.68000030517578,93.69000244140624,93.3000030517578,93.3000030517578,530
2026-03-13 12:55:00,93.79000091552734,93.83999633789062,93.66999816894533,93.66999816894533,438
2026-03-13 12:56:00,93.6999969482422,93.8000030517578,93.68000030517578,93.79000091552734,414
2026-03-13 12:57:00,93.69000244140624,93.83999633789062,93.66000366210938,93.70999908447266,456
2026-03-13 12:58:00,93.66999816894533,93.73999786376952,93.58000183105467,93.66999816894533,235
2026-03-13 12:59:00,93.56999969482422,93.70999908447266,93.55999755859376,93.66999816894533,334
2026-03-13 13:00:00,93.68000030517578,93.8499984741211,93.3000030517578,93.58999633789062,1422
2026-03-13 13:01:00,93.08999633789062,93.6500015258789,93.05999755859376,93.6500015258789,785
2026-03-13 13:02:00,93.0999984741211,93.1999969482422,92.9000015258789,93.0999984741211,952
2026-03-13 13:03:00,93.81999969482422,94.05999755859376,93.0,93.08999633789062,2616
2026-03-13 13:04:00,93.5199966430664,94.0199966430664,93.38999938964844,93.80999755859376,2007
2026-03-13 13:05:00,93.41999816894533,93.58999633789062,93.3000030517578,93.48999786376952,475
2026-03-13 13:06:00,93.4000015258789,93.52999877929688,93.25,93.41999816894533,340
2026-03-13 13:07:00,93.5999984741211,93.6999969482422,93.31999969482422,93.38999938964844,439
2026-03-13 13:08:00,93.63999938964844,93.7699966430664,93.5999984741211,93.5999984741211,341
2026-03-13 13:09:00,93.81999969482422,93.88999938964844,93.58000183105467,93.63999938964844,436
2026-03-13 13:10:00,93.97000122070312,94.2300033569336,93.83999633789062,93.83999633789062,673
2026-03-13 13:11:00,94.08000183105467,94.13999938964844,93.87999725341795,93.98999786376952,309
2026-03-13 13:12:00,93.72000122070312,94.05999755859376,93.66000366210938,94.05999755859376,550
2026-03-13 13:13:00,93.58000183105467,93.83999633789062,93.55999755859376,93.73999786376952,498
2026-03-13 13:14:00,93.79000091552734,93.91000366210938,93.56999969482422,93.5999984741211,493
2026-03-13 13:15:00,93.83999633789062,93.88999938964844,93.6999969482422,93.77999877929688,354
2026-03-13 13:16:00,93.70999908447266,93.9000015258789,93.70999908447266,93.8499984741211,277
2026-03-13 13:17:00,93.69000244140624,93.81999969482422,93.51000213623048,93.72000122070312,464
2026-03-13 13:18:00,93.7699966430664,93.83999633789062,93.63999938964844,93.6999969482422,280
2026-03-13 13:19:00,93.8499984741211,93.86000061035156,93.6999969482422,93.76000213623048,211
2026-03-13 13:20:00,94.12000274658205,94.13999938964844,93.77999877929688,93.80999755859376,433
2026-03-13 13:21:00,93.9800033569336,94.25,93.9800033569336,94.13999938964844,516
2026-03-13 13:22:00,93.86000061035156,94.02999877929688,93.76000213623048,94.0,388
2026-03-13 13:23:00,93.87000274658205,93.91999816894533,93.76000213623048,93.87999725341795,215
2026-03-13 13:24:00,93.70999908447266,93.88999938964844,93.66000366210938,93.86000061035156,267
2026-03-13 13:25:00,93.44000244140624,93.72000122070312,93.4000015258789,93.70999908447266,706
2026-03-13 13:26:00,93.55999755859376,93.62000274658205,93.43000030517578,93.43000030517578,234
2026-03-13 13:27:00,93.5999984741211,93.62999725341795,93.4800033569336,93.5500030517578,252
2026-03-13 13:28:00,93.68000030517578,93.72000122070312,93.58999633789062,93.61000061035156,275
2026-03-13 13:29:00,93.61000061035156,93.72000122070312,93.5999984741211,93.69000244140624,259
2026-03-13 13:30:00,93.4499969482422,93.62000274658205,93.30999755859376,93.62000274658205,1066
2026-03-13 13:31:00,93.51000213623048,93.5500030517578,93.33999633789062,93.41999816894533,535
2026-03-13 13:32:00,93.52999877929688,93.62000274658205,93.43000030517578,93.48999786376952,441
2026-03-13 13:33:00,93.61000061035156,93.63999938964844,93.29000091552734,93.51000213623048,786
2026-03-13 13:34:00,93.3000030517578,93.63999938964844,93.29000091552734,93.5999984741211,552
2026-03-13 13:35:00,93.31999969482422,93.43000030517578,93.19000244140624,93.29000091552734,651
2026-03-13 13:36:00,93.37000274658205,93.41999816894533,93.20999908447266,93.3000030517578,673
2026-03-13 13:37:00,93.41000366210938,93.5500030517578,93.33999633789062,93.37000274658205,560
2026-03-13 13:38:00,93.4499969482422,93.63999938964844,93.4000015258789,93.41000366210938,426
2026-03-13 13:39:00,93.41000366210938,93.45999908447266,93.2300033569336,93.45999908447266,550
2026-03-13 13:40:00,93.6500015258789,93.66999816894533,93.38999938964844,93.41000366210938,600
2026-03-13 13:41:00,93.94000244140624,94.04000091552734,93.63999938964844,93.63999938964844,1382
2026-03-13 13:42:00,93.88999938964844,94.06999969482422,93.86000061035156,93.94000244140624,655
2026-03-13 13:43:00,93.95999908447266,94.12000274658205,93.87999725341795,93.87999725341795,663
2026-03-13 13:44:00,93.80999755859376,93.95999908447266,93.72000122070312,93.9499969482422,318
2026-03-13 13:45:00,93.77999877929688,93.95999908447266,93.73999786376952,93.81999969482422,367
2026-03-13 13:46:00,93.91000366210938,93.97000122070312,93.75,93.7699966430664,326
2026-03-13 13:47:00,93.81999969482422,93.93000030517578,93.8000030517578,93.9000015258789,315
2026-03-13 13:48:00,94.11000061035156,94.13999938964844,93.79000091552734,93.80999755859376,570
2026-03-13 13:49:00,94.20999908447266,94.22000122070312,94.06999969482422,94.11000061035156,524
2026-03-13 13:50:00,94.02999877929688,94.25,94.01000213623048,94.19000244140624,389
2026-03-13 13:51:00,94.11000061035156,94.16000366210938,93.94000244140624,94.02999877929688,481
2026-03-13 13:52:00,94.01000213623048,94.12999725341795,93.76000213623048,94.11000061035156,738
2026-03-13 13:53:00,93.58999633789062,94.20999908447266,93.4499969482422,94.0,2283
2026-03-13 13:54:00,93.83999633789062,94.0,93.4000015258789,93.58000183105467,1974
2026-03-13 13:55:00,94.11000061035156,94.1500015258789,93.81999969482422,93.83000183105467,471
2026-03-13 13:56:00,94.18000030517578,94.4499969482422,93.9800033569336,94.13999938964844,1405
2026-03-13 13:57:00,94.22000122070312,94.33000183105467,94.0199966430664,94.13999938964844,666
2026-03-13 13:58:00,94.16000366210938,94.4000015258789,94.1500015258789,94.25,399
2026-03-13 13:59:00,94.43000030517578,94.58000183105467,94.11000061035156,94.12999725341795,814
2026-03-13 14:00:00,94.4800033569336,94.56999969482422,94.33000183105467,94.41999816894533,492
2026-03-13 14:01:00,94.54000091552734,94.76000213623048,94.44000244140624,94.45999908447266,744
2026-03-13 14:02:00,94.83999633789062,94.87000274658205,94.5500030517578,94.55999755859376,690
2026-03-13 14:03:00,94.5999984741211,94.8499984741211,94.58000183105467,94.8499984741211,515
2026-03-13 14:04:00,94.48999786376952,94.63999938964844,94.38999938964844,94.62000274658205,509
2026-03-13 14:05:00,94.68000030517578,94.6999969482422,94.41000366210938,94.4800033569336,422
2026-03-13 14:06:00,94.51000213623048,94.70999908447266,94.41999816894533,94.66000366210938,471
2026-03-13 14:07:00,94.63999938964844,94.72000122070312,94.51000213623048,94.5199966430664,281
2026-03-13 14:08:00,94.62000274658205,94.73999786376952,94.55999755859376,94.62000274658205,422
2026-03-13 14:09:00,94.6500015258789,94.70999908447266,94.54000091552734,94.5999984741211,395
2026-03-13 14:10:00,94.70999908447266,94.75,94.63999938964844,94.66000366210938,364
2026-03-13 14:11:00,94.45999908447266,94.6999969482422,94.37999725341795,94.68000030517578,678
2026-03-13 14:12:00,94.5,94.51000213623048,94.37000274658205,94.4499969482422,305
2026-03-13 14:13:00,94.58999633789062,94.61000061035156,94.45999908447266,94.5,256
2026-03-13 14:14:00,94.45999908447266,94.56999969482422,94.43000030517578,94.55999755859376,464
2026-03-13 14:15:00,94.58000183105467,94.6999969482422,94.44000244140624,94.4499969482422,387
2026-03-13 14:16:00,94.56999969482422,94.6999969482422,94.54000091552734,94.55999755859376,169
2026-03-13 14:17:00,94.75,94.7699966430664,94.56999969482422,94.58000183105467,446
2026-03-13 14:18:00,94.75,94.83999633789062,94.68000030517578,94.72000122070312,535
2026-03-13 14:19:00,94.51000213623048,94.76000213623048,94.5,94.73999786376952,376
2026-03-13 14:20:00,94.3000030517578,94.55999755859376,94.22000122070312,94.5199966430664,785
2026-03-13 14:21:00,94.36000061035156,94.36000061035156,94.19000244140624,94.27999877929688,274
2026-03-13 14:22:00,94.36000061035156,94.4499969482422,94.31999969482422,94.37000274658205,260
2026-03-13 14:23:00,94.2699966430664,94.37999725341795,94.26000213623048,94.3499984741211,251
2026-03-13 14:24:00,94.41999816894533,94.47000122070312,94.26000213623048,94.26000213623048,314
2026-03-13 14:25:00,94.4800033569336,94.52999877929688,94.38999938964844,94.4000015258789,348
2026-03-13 14:26:00,94.58000183105467,94.61000061035156,94.48999786376952,94.48999786376952,350
2026-03-13 14:27:00,94.58000183105467,94.66000366210938,94.5199966430664,94.5999984741211,466
2026-03-13 14:28:00,94.4499969482422,94.62000274658205,94.41999816894533,94.5999984741211,430
2026-03-13 14:29:00,94.56999969482422,94.56999969482422,94.43000030517578,94.44000244140624,257
2026-03-13 14:30:00,94.44000244140624,94.56999969482422,94.41000366210938,94.5500030517578,372
2026-03-13 14:31:00,94.0999984741211,94.45999908447266,94.0199966430664,94.45999908447266,1643
2026-03-13 14:32:00,94.2300033569336,94.31999969482422,94.08999633789062,94.08999633789062,344
2026-03-13 14:33:00,94.37000274658205,94.37000274658205,94.1999969482422,94.20999908447266,204
2026-03-13 14:34:00,94.33000183105467,94.47000122070312,94.29000091552734,94.3499984741211,286
2026-03-13 14:35:00,94.36000061035156,94.4000015258789,94.26000213623048,94.33999633789062,209
2026-03-13 14:36:00,94.5,94.54000091552734,94.33000183105467,94.33000183105467,271
2026-03-13 14:37:00,94.52999877929688,94.5500030517578,94.45999908447266,94.48999786376952,232
2026-03-13 14:38:00,94.6999969482422,94.70999908447266,94.52999877929688,94.54000091552734,573
2026-03-13 14:39:00,94.8499984741211,94.87999725341795,94.6500015258789,94.68000030517578,930
2026-03-13 14:40:00,95.1500015258789,95.16999816894533,94.8000030517578,94.87000274658205,1192
2026-03-13 14:41:00,95.12000274658205,95.20999908447266,95.0500030517578,95.13999938964844,1496
2026-03-13 14:42:00,95.05999755859376,95.19000244140624,94.97000122070312,95.11000061035156,2029
2026-03-13 14:43:00,95.02999877929688,95.20999908447266,95.01000213623048,95.0500030517578,512
2026-03-13 14:44:00,95.26000213623048,95.38999938964844,94.9800033569336,95.04000091552734,610
2026-03-13 14:45:00,95.08999633789062,95.2699966430664,95.02999877929688,95.25,383
2026-03-13 14:46:00,95.2699966430664,95.41999816894533,94.94000244140624,95.05999755859376,1238
2026-03-13 14:47:00,95.25,95.41999816894533,95.1999969482422,95.2699966430664,621
2026-03-13 14:48:00,95.1999969482422,95.33000183105467,95.12999725341795,95.23999786376952,294
2026-03-13 14:49:00,95.12000274658205,95.20999908447266,95.05999755859376,95.19000244140624,416
2026-03-13 14:50:00,95.0999984741211,95.22000122070312,95.06999969482422,95.1500015258789,240
2026-03-13 14:51:00,95.08000183105467,95.0999984741211,95.0,95.05999755859376,401
2026-03-13 14:52:00,95.20999908447266,95.27999877929688,95.08999633789062,95.11000061035156,471
2026-03-13 14:53:00,95.30999755859376,95.3499984741211,95.16000366210938,95.1999969482422,308
2026-03-13 14:54:00,95.48999786376952,95.51000213623048,95.27999877929688,95.29000091552734,534
2026-03-13 14:55:00,95.52999877929688,95.54000091552734,95.33000183105467,95.4800033569336,350
2026-03-13 14:56:00,95.69000244140624,95.73999786376952,95.47000122070312,95.5199966430664,563
2026-03-13 14:57:00,95.68000030517578,95.7300033569336,95.62999725341795,95.66000366210938,420
2026-03-13 14:58:00,95.69000244140624,95.76000213623048,95.62000274658205,95.6999969482422,337
2026-03-13 14:59:00,95.63999938964844,95.69000244140624,95.56999969482422,95.66999816894533,396
2026-03-13 15:00:00,95.8000030517578,95.81999969482422,95.4000015258789,95.62999725341795,866
2026-03-13 15:01:00,95.81999969482422,95.91999816894533,95.77999877929688,95.79000091552734,708
2026-03-13 15:02:00,95.72000122070312,95.83000183105467,95.6999969482422,95.81999969482422,504
2026-03-13 15:03:00,95.9000015258789,95.94000244140624,95.66999816894533,95.70999908447266,1050
2026-03-13 15:04:00,96.01000213623048,96.08000183105467,95.83000183105467,95.9000015258789,765
2026-03-13 15:05:00,96.0,96.0500030517578,95.83000183105467,96.01000213623048,704
2026-03-13 15:06:00,96.11000061035156,96.16000366210938,95.9000015258789,95.9800033569336,853
2026-03-13 15:07:00,96.01000213623048,96.1500015258789,95.9800033569336,96.12000274658205,368
2026-03-13 15:08:00,95.66000366210938,96.0199966430664,95.62000274658205,96.0199966430664,803
2026-03-13 15:09:00,95.72000122070312,95.73999786376952,95.5999984741211,95.66000366210938,395
2026-03-13 15:10:00,95.8499984741211,95.87999725341795,95.70999908447266,95.72000122070312,482
2026-03-13 15:11:00,95.91999816894533,96.0,95.83999633789062,95.83999633789062,533
2026-03-13 15:12:00,95.69000244140624,95.94000244140624,95.66999816894533,95.91000366210938,614
2026-03-13 15:13:00,95.66999816894533,95.80999755859376,95.6500015258789,95.6999969482422,449
2026-03-13 15:14:00,95.6999969482422,95.77999877929688,95.6500015258789,95.69000244140624,399
2026-03-13 15:15:00,95.76000213623048,95.8499984741211,95.61000061035156,95.6999969482422,438
2026-03-13 15:16:00,95.80999755859376,95.8499984741211,95.62000274658205,95.73999786376952,385
2026-03-13 15:17:00,95.6500015258789,95.8000030517578,95.62000274658205,95.8000030517578,338
2026-03-13 15:18:00,95.87000274658205,95.9000015258789,95.62000274658205,95.62999725341795,270
2026-03-13 15:19:00,95.97000122070312,95.98999786376952,95.81999969482422,95.86000061035156,226
2026-03-13 15:20:00,95.88999938964844,96.0,95.83000183105467,95.9499969482422,277
2026-03-13 15:21:00,95.8499984741211,95.87999725341795,95.80999755859376,95.87999725341795,158
2026-03-13 15:22:00,95.76000213623048,95.9000015258789,95.70999908447266,95.8499984741211,220
2026-03-13 15:23:00,95.91000366210938,95.91999816894533,95.73999786376952,95.79000091552734,273
2026-03-13 15:24:00,96.0500030517578,96.11000061035156,95.88999938964844,95.91000366210938,609
2026-03-13 15:25:00,95.83000183105467,96.04000091552734,95.7699966430664,96.04000091552734,321
2026-03-13 15:26:00,95.77999877929688,95.8499984741211,95.70999908447266,95.83999633789062,632
2026-03-13 15:27:00,95.87000274658205,95.87999725341795,95.73999786376952,95.77999877929688,379
2026-03-13 15:28:00,95.8499984741211,95.9000015258789,95.83000183105467,95.86000061035156,448
2026-03-13 15:29:00,95.76000213623048,95.87999725341795,95.7300033569336,95.86000061035156,422
2026-03-13 15:30:00,95.9800033569336,96.0199966430664,95.7300033569336,95.75,803
2026-03-13 15:31:00,96.1500015258789,96.18000030517578,95.88999938964844,95.9800033569336,781
2026-03-13 15:32:00,96.20999908447266,96.2300033569336,96.05999755859376,96.13999938964844,731
2026-03-13 15:33:00,96.20999908447266,96.36000061035156,96.16999816894533,96.1999969482422,683
2026-03-13 15:34:00,96.08999633789062,96.20999908447266,96.05999755859376,96.1999969482422,463
2026-03-13 15:35:00,96.16999816894533,96.20999908447266,96.0999984741211,96.0999984741211,224
2026-03-13 15:36:00,96.37999725341795,96.4000015258789,96.12999725341795,96.16999816894533,477
2026-03-13 15:37:00,96.38999938964844,96.41999816894533,96.31999969482422,96.37000274658205,452
2026-03-13 15:38:00,96.43000030517578,96.54000091552734,96.36000061035156,96.37999725341795,799
2026-03-13 15:39:00,96.4800033569336,96.5500030517578,96.4000015258789,96.41999816894533,465
2026-03-13 15:40:00,96.51000213623048,96.54000091552734,96.37999725341795,96.47000122070312,472
2026-03-13 15:41:00,96.7300033569336,96.76000213623048,96.4800033569336,96.51000213623048,599
2026-03-13 15:42:00,96.73999786376952,96.83000183105467,96.62000274658205,96.6999969482422,657
2026-03-13 15:43:00,96.62999725341795,96.73999786376952,96.62000274658205,96.72000122070312,492
2026-03-13 15:44:00,96.5500030517578,96.62999725341795,96.5,96.62999725341795,662
2026-03-13 15:45:00,96.62000274658205,96.63999938964844,96.51000213623048,96.54000091552734,528
2026-03-13 15:46:00,96.52999877929688,96.80999755859376,96.5,96.62000274658205,875
2026-03-13 15:47:00,96.12000274658205,96.54000091552734,95.5500030517578,96.51000213623048,3538
2026-03-13 15:48:00,96.18000030517578,96.23999786376952,95.94000244140624,96.08999633789062,882
2026-03-13 15:49:00,96.22000122070312,96.37000274658205,96.1500015258789,96.1999969482422,775
2026-03-13 15:50:00,96.44000244140624,96.52999877929688,96.19000244140624,96.1999969482422,645
2026-03-13 15:51:00,96.4000015258789,96.45999908447266,96.23999786376952,96.41999816894533,458
2026-03-13 15:52:00,96.37000274658205,96.41000366210938,96.2300033569336,96.38999938964844,476
2026-03-13 15:53:00,96.37999725341795,96.51000213623048,96.3499984741211,96.37999725341795,257
2026-03-13 15:54:00,96.2300033569336,96.44000244140624,96.1999969482422,96.37000274658205,393
2026-03-13 15:55:00,96.2699966430664,96.30999755859376,96.16000366210938,96.2300033569336,326
2026-03-13 15:56:00,96.54000091552734,96.58999633789062,96.26000213623048,96.26000213623048,439
2026-03-13 15:57:00,96.56999969482422,96.61000061035156,96.47000122070312,96.54000091552734,551
2026-03-13 15:58:00,96.58999633789062,96.6500015258789,96.43000030517578,96.55999755859376,718
2026-03-13 15:59:00,96.38999938964844,96.62000274658205,96.29000091552734,96.5999984741211,525
2026-03-13 16:00:00,96.5999984741211,96.63999938964844,96.36000061035156,96.4000015258789,512
2026-03-13 16:01:00,96.66000366210938,96.8000030517578,96.56999969482422,96.62000274658205,663
2026-03-13 16:02:00,96.68000030517578,96.68000030517578,96.52999877929688,96.63999938964844,429
2026-03-13 16:03:00,96.62999725341795,96.6999969482422,96.58000183105467,96.66999816894533,283
2026-03-13 16:04:00,96.69000244140624,96.73999786376952,96.61000061035156,96.62000274658205,904
2026-03-13 16:05:00,96.62999725341795,96.76000213623048,96.58999633789062,96.68000030517578,384
2026-03-13 16:06:00,96.56999969482422,96.62999725341795,96.47000122070312,96.62000274658205,344
2026-03-13 16:07:00,96.41000366210938,96.58999633789062,96.38999938964844,96.58000183105467,358
2026-03-13 16:08:00,96.5199966430664,96.52999877929688,96.33000183105467,96.41000366210938,566
2026-03-13 16:09:00,96.51000213623048,96.55999755859376,96.45999908447266,96.5199966430664,286
2026-03-13 16:10:00,96.26000213623048,96.5199966430664,96.22000122070312,96.5,834
2026-03-13 16:11:00,96.44000244140624,96.44000244140624,96.27999877929688,96.27999877929688,397
2026-03-13 16:12:00,96.33999633789062,96.48999786376952,96.2300033569336,96.44000244140624,239
2026-03-13 16:13:00,96.27999877929688,96.38999938964844,96.27999877929688,96.33000183105467,358
2026-03-13 16:14:00,96.45999908447266,96.48999786376952,96.23999786376952,96.3000030517578,342
2026-03-13 16:15:00,96.6500015258789,96.68000030517578,96.41999816894533,96.4499969482422,701
2026-03-13 16:16:00,97.05999755859376,97.16000366210938,96.62999725341795,96.6500015258789,1553
2026-03-13 16:17:00,97.4000015258789,97.43000030517578,96.9499969482422,97.06999969482422,2549
2026-03-13 16:18:00,97.26000213623048,97.51000213623048,97.22000122070312,97.38999938964844,1267
2026-03-13 16:19:00,97.41000366210938,97.5500030517578,97.25,97.25,1143
2026-03-13 16:20:00,97.36000061035156,97.41000366210938,97.23999786376952,97.4000015258789,443
2026-03-13 16:21:00,97.19000244140624,97.36000061035156,97.12999725341795,97.36000061035156,596
2026-03-13 16:22:00,97.19000244140624,97.23999786376952,97.12000274658205,97.19000244140624,385
2026-03-13 16:23:00,97.1999969482422,97.2699966430664,97.12000274658205,97.19000244140624,563
2026-03-13 16:24:00,97.20999908447266,97.25,97.1500015258789,97.20999908447266,164
2026-03-13 16:25:00,97.23999786376952,97.3000030517578,97.16999816894533,97.20999908447266,419
2026-03-13 16:26:00,97.0999984741211,97.26000213623048,97.08999633789062,97.23999786376952,307
2026-03-13 16:27:00,97.0500030517578,97.13999938964844,97.0,97.11000061035156,530
2026-03-13 16:28:00,97.18000030517578,97.1999969482422,97.01000213623048,97.05999755859376,360
2026-03-13 16:29:00,97.18000030517578,97.31999969482422,97.1500015258789,97.19000244140624,631
2026-03-13 16:30:00,97.08999633789062,97.2699966430664,97.04000091552734,97.1999969482422,649
2026-03-13 16:31:00,97.12000274658205,97.23999786376952,97.04000091552734,97.08000183105467,248
2026-03-13 16:32:00,97.05999755859376,97.22000122070312,97.0,97.12000274658205,334
2026-03-13 16:33:00,96.8000030517578,97.13999938964844,96.6999969482422,97.08000183105467,679
2026-03-13 16:34:00,96.8499984741211,96.88999938964844,96.7699966430664,96.83000183105467,423
2026-03-13 16:35:00,96.83000183105467,96.88999938964844,96.77999877929688,96.83000183105467,341
2026-03-13 16:36:00,96.5500030517578,96.88999938964844,96.4800033569336,96.79000091552734,704
2026-03-13 16:37:00,96.56999969482422,96.7300033569336,96.48999786376952,96.5500030517578,645
2026-03-13 16:38:00,96.69000244140624,96.7699966430664,96.55999755859376,96.58000183105467,275
2026-03-13 16:39:00,96.66999816894533,96.77999877929688,96.66000366210938,96.66999816894533,225
2026-03-13 16:40:00,96.62999725341795,96.6999969482422,96.43000030517578,96.66000366210938,524
2026-03-13 16:41:00,96.77999877929688,96.79000091552734,96.61000061035156,96.62999725341795,402
2026-03-13 16:42:00,96.83000183105467,96.87999725341795,96.69000244140624,96.76000213623048,515
2026-03-13 16:43:00,96.88999938964844,96.95999908447266,96.77999877929688,96.81999969482422,480
2026-03-13 16:44:00,96.95999908447266,97.02999877929688,96.9000015258789,96.9000015258789,431
2026-03-13 16:45:00,97.04000091552734,97.05999755859376,96.9000015258789,96.95999908447266,368
2026-03-13 16:46:00,96.87000274658205,97.04000091552734,96.83000183105467,97.0199966430664,330
2026-03-13 16:47:00,96.86000061035156,96.87999725341795,96.73999786376952,96.87000274658205,363
2026-03-13 16:48:00,96.9499969482422,97.05999755859376,96.86000061035156,96.86000061035156,687
2026-03-13 16:49:00,96.93000030517578,97.0,96.88999938964844,96.94000244140624,193
2026-03-13 16:50:00,96.70999908447266,96.94000244140624,96.70999908447266,96.91999816894533,452
2026-03-13 16:51:00,96.77999877929688,96.8000030517578,96.69000244140624,96.72000122070312,270
2026-03-13 16:52:00,96.94000244140624,96.9800033569336,96.66000366210938,96.77999877929688,438
2026-03-13 16:53:00,97.0,97.06999969482422,96.95999908447266,96.97000122070312,357
2026-03-13 16:54:00,96.95999908447266,97.06999969482422,96.91999816894533,97.0,327
2026-03-13 16:55:00,96.98999786376952,97.0,96.91999816894533,96.9800033569336,137
2026-03-13 16:56:00,96.94000244140624,96.9800033569336,96.88999938964844,96.97000122070312,147
2026-03-13 16:57:00,96.91999816894533,97.01000213623048,96.91999816894533,96.93000030517578,254
2026-03-13 16:58:00,97.0,97.01000213623048,96.93000030517578,96.93000030517578,183
2026-03-13 16:59:00,96.87999725341795,97.0199966430664,96.83999633789062,96.98999786376952,327
2026-03-13 17:00:00,96.79000091552734,96.88999938964844,96.73999786376952,96.87000274658205,329
2026-03-13 17:01:00,96.75,96.83999633789062,96.70999908447266,96.7699966430664,450
2026-03-13 17:02:00,96.91000366210938,96.93000030517578,96.73999786376952,96.73999786376952,339
2026-03-13 17:03:00,96.8000030517578,97.02999877929688,96.76000213623048,96.91999816894533,488
2026-03-13 17:04:00,96.83000183105467,96.83999633789062,96.75,96.79000091552734,298
2026-03-13 17:05:00,96.77999877929688,96.86000061035156,96.7699966430664,96.83999633789062,457
2026-03-13 17:06:00,96.76000213623048,96.77999877929688,96.61000061035156,96.7699966430664,551
2026-03-13 17:07:00,96.66000366210938,96.81999969482422,96.62999725341795,96.7699966430664,390
2026-03-13 17:08:00,96.4800033569336,96.66000366210938,96.38999938964844,96.63999938964844,694
2026-03-13 17:09:00,96.56999969482422,96.58999633789062,96.47000122070312,96.5,405
2026-03-13 17:10:00,96.6500015258789,96.66999816894533,96.5199966430664,96.55999755859376,671
2026-03-13 17:11:00,96.72000122070312,96.7699966430664,96.62999725341795,96.62999725341795,541
2026-03-13 17:12:00,96.62999725341795,96.7300033569336,96.52999877929688,96.6999969482422,454
2026-03-13 17:13:00,96.6500015258789,96.7699966430664,96.62000274658205,96.62000274658205,286
2026-03-13 17:14:00,96.63999938964844,96.70999908447266,96.5999984741211,96.63999938964844,441
2026-03-13 17:15:00,96.69000244140624,96.69000244140624,96.52999877929688,96.62999725341795,224
2026-03-13 17:16:00,96.62999725341795,96.76000213623048,96.5999984741211,96.69000244140624,228
2026-03-13 17:17:00,96.83999633789062,96.94000244140624,96.61000061035156,96.62000274658205,605
2026-03-13 17:18:00,96.83999633789062,97.0,96.83000183105467,96.83000183105467,361
2026-03-13 17:19:00,96.68000030517578,97.02999877929688,96.66999816894533,96.8499984741211,755
2026-03-13 17:20:00,96.75,96.7699966430664,96.56999969482422,96.68000030517578,429
2026-03-13 17:21:00,96.93000030517578,96.94000244140624,96.73999786376952,96.7699966430664,362
2026-03-13 17:22:00,96.95999908447266,96.9800033569336,96.79000091552734,96.91999816894533,476
2026-03-13 17:23:00,96.8499984741211,96.98999786376952,96.77999877929688,96.95999908447266,590
2026-03-13 17:24:00,96.72000122070312,96.8499984741211,96.6999969482422,96.8499984741211,404
2026-03-13 17:25:00,96.6500015258789,96.76000213623048,96.62999725341795,96.70999908447266,431
2026-03-13 17:26:00,96.66000366210938,96.69000244140624,96.58000183105467,96.63999938964844,213
2026-03-13 17:27:00,96.7699966430664,96.77999877929688,96.6500015258789,96.66999816894533,570
2026-03-13 17:28:00,96.69000244140624,96.77999877929688,96.68000030517578,96.75,487
2026-03-13 17:29:00,96.70999908447266,96.73999786376952,96.63999938964844,96.70999908447266,304
2026-03-13 17:30:00,96.8499984741211,96.87000274658205,96.70999908447266,96.70999908447266,223
2026-03-13 17:31:00,96.86000061035156,96.86000061035156,96.77999877929688,96.83000183105467,266
2026-03-13 17:32:00,96.87999725341795,96.88999938964844,96.77999877929688,96.8499984741211,198
2026-03-13 17:33:00,96.9499969482422,96.98999786376952,96.83999633789062,96.88999938964844,293
2026-03-13 17:34:00,97.11000061035156,97.12999725341795,96.95999908447266,96.97000122070312,544
2026-03-13 17:35:00,97.23999786376952,97.31999969482422,97.08999633789062,97.11000061035156,719
2026-03-13 17:36:00,97.19000244140624,97.2699966430664,97.11000061035156,97.23999786376952,296
2026-03-13 17:37:00,97.3000030517578,97.33999633789062,97.1999969482422,97.1999969482422,268
2026-03-13 17:38:00,97.18000030517578,97.3000030517578,97.13999938964844,97.3000030517578,244
2026-03-13 17:39:00,97.3499984741211,97.37000274658205,97.1500015258789,97.18000030517578,277
2026-03-13 17:40:00,97.43000030517578,97.44000244140624,97.3000030517578,97.33999633789062,542
2026-03-13 17:41:00,97.56999969482422,97.6500015258789,97.38999938964844,97.43000030517578,807
2026-03-13 17:42:00,97.6500015258789,97.69000244140624,97.45999908447266,97.56999969482422,536
2026-03-13 17:43:00,97.5999984741211,97.6500015258789,97.54000091552734,97.6500015258789,397
2026-03-13 17:44:00,97.55999755859376,97.68000030517578,97.52999877929688,97.58000183105467,442
2026-03-13 17:45:00,97.77999877929688,97.79000091552734,97.5,97.54000091552734,598
2026-03-13 17:46:00,97.95999908447266,97.97000122070312,97.7300033569336,97.76000213623048,1531
2026-03-13 17:47:00,97.86000061035156,97.9800033569336,97.8499984741211,97.94000244140624,441
2026-03-13 17:48:00,97.7699966430664,97.95999908447266,97.75,97.87000274658205,762
2026-03-13 17:49:00,97.9499969482422,97.95999908447266,97.7300033569336,97.73999786376952,423
2026-03-13 17:50:00,97.91999816894533,98.0,97.83000183105467,97.97000122070312,1405
2026-03-13 17:51:00,98.0999984741211,98.22000122070312,97.91000366210938,97.91000366210938,1274
2026-03-13 17:52:00,97.97000122070312,98.06999969482422,97.9000015258789,98.06999969482422,1079
2026-03-13 17:53:00,98.0199966430664,98.12999725341795,97.9499969482422,97.97000122070312,677
2026-03-13 17:54:00,97.95999908447266,98.12000274658205,97.91999816894533,98.01000213623048,948
2026-03-13 17:55:00,98.04000091552734,98.08000183105467,97.94000244140624,97.95999908447266,355
2026-03-13 17:56:00,98.0500030517578,98.11000061035156,97.9800033569336,98.02999877929688,413
2026-03-13 17:57:00,98.06999969482422,98.08999633789062,97.8499984741211,98.04000091552734,678
2026-03-13 17:58:00,98.0500030517578,98.22000122070312,98.0,98.08000183105467,617
2026-03-13 17:59:00,97.9800033569336,98.06999969482422,97.91000366210938,98.0500030517578,396
2026-03-13 18:00:00,97.94000244140624,97.9800033569336,97.72000122070312,97.95999908447266,725
2026-03-13 18:01:00,97.9000015258789,98.0999984741211,97.88999938964844,97.97000122070312,589
2026-03-13 18:02:00,97.95999908447266,98.04000091552734,97.9000015258789,97.9000015258789,322
2026-03-13 18:03:00,98.01000213623048,98.04000091552734,97.93000030517578,97.97000122070312,262
2026-03-13 18:04:00,98.01000213623048,98.1500015258789,97.95999908447266,98.0,461
2026-03-13 18:05:00,98.16999816894533,98.16999816894533,98.01000213623048,98.02999877929688,628
2026-03-13 18:06:00,98.52999877929688,98.5999984741211,98.0999984741211,98.13999938964844,1350
2026-03-13 18:07:00,98.62999725341795,98.69000244140624,98.5,98.5199966430664,818
2026-03-13 18:08:00,98.8000030517578,98.87000274658205,98.61000061035156,98.61000061035156,613
2026-03-13 18:09:00,98.66999816894533,98.80999755859376,98.63999938964844,98.79000091552734,721
2026-03-13 18:10:00,98.63999938964844,98.66000366210938,98.52999877929688,98.66000366210938,586
2026-03-13 18:11:00,98.83000183105467,98.8499984741211,98.62999725341795,98.6500015258789,700
2026-03-13 18:12:00,99.0999984741211,99.1999969482422,98.77999877929688,98.80999755859376,1364
2026-03-13 18:13:00,99.13999938964844,99.27999877929688,99.01000213623048,99.11000061035156,878
2026-03-13 18:14:00,98.88999938964844,99.12999725341795,98.87999725341795,99.12999725341795,1218
2026-03-13 18:15:00,99.01000213623048,99.05999755859376,98.83999633789062,98.87999725341795,521
2026-03-13 18:16:00,98.9499969482422,99.06999969482422,98.77999877929688,99.0199966430664,776
2026-03-13 18:17:00,99.0,99.16000366210938,98.97000122070312,98.9800033569336,796
2026-03-13 18:18:00,99.16999816894533,99.18000030517578,98.98999786376952,99.0,560
2026-03-13 18:19:00,99.16999816894533,99.31999969482422,99.12999725341795,99.16999816894533,1373
2026-03-13 18:20:00,99.08999633789062,99.23999786376952,98.91999816894533,99.16999816894533,997
2026-03-13 18:21:00,99.12000274658205,99.12999725341795,98.94000244140624,99.08000183105467,439
2026-03-13 18:22:00,99.20999908447266,99.26000213623048,99.0500030517578,99.11000061035156,430
2026-03-13 18:23:00,99.20999908447266,99.2300033569336,99.0999984741211,99.20999908447266,455
2026-03-13 18:24:00,98.97000122070312,99.2699966430664,98.95999908447266,99.18000030517578,629
2026-03-13 18:25:00,98.9000015258789,99.06999969482422,98.81999969482422,98.9800033569336,926
2026-03-13 18:26:00,98.81999969482422,98.95999908447266,98.70999908447266,98.87999725341795,1619
2026-03-13 18:27:00,98.81999969482422,98.9000015258789,98.62999725341795,98.83000183105467,1624
2026-03-13 18:28:00,98.80999755859376,98.9000015258789,98.58000183105467,98.83000183105467,4655
2026-03-13 18:29:00,98.55999755859376,98.80999755859376,98.51000213623048,98.8000030517578,4404
2026-03-13 18:30:00,98.27999877929688,98.58000183105467,98.25,98.55999755859376,1349
2026-03-13 18:31:00,98.44000244140624,98.45999908447266,98.1999969482422,98.27999877929688,643
2026-03-13 18:32:00,98.27999877929688,98.4800033569336,98.2300033569336,98.41000366210938,501
2026-03-13 18:33:00,98.23999786376952,98.30999755859376,98.12000274658205,98.27999877929688,463
2026-03-13 18:34:00,98.26000213623048,98.29000091552734,98.0500030517578,98.2300033569336,420
2026-03-13 18:35:00,98.20999908447266,98.33999633789062,98.20999908447266,98.2699966430664,333
2026-03-13 18:36:00,98.26000213623048,98.3000030517578,98.16000366210938,98.23999786376952,352
2026-03-13 18:37:00,98.4800033569336,98.51000213623048,98.2300033569336,98.2699966430664,357
2026-03-13 18:38:00,98.25,98.4800033569336,98.2300033569336,98.47000122070312,231
2026-03-13 18:39:00,98.16999816894533,98.30999755859376,98.1500015258789,98.25,385
2026-03-13 18:40:00,97.9800033569336,98.1500015258789,97.8499984741211,98.1500015258789,732
2026-03-13 18:41:00,98.02999877929688,98.05999755859376,97.87999725341795,97.97000122070312,408
2026-03-13 18:42:00,97.9000015258789,98.16000366210938,97.87999725341795,98.04000091552734,319
2026-03-13 18:43:00,97.43000030517578,97.87999725341795,97.33000183105467,97.87999725341795,1183
2026-03-13 18:44:00,97.66000366210938,97.70999908447266,97.41000366210938,97.41999816894533,509
2026-03-13 18:45:00,97.68000030517578,97.7300033569336,97.5500030517578,97.6500015258789,289
2026-03-13 18:46:00,97.52999877929688,97.6999969482422,97.48999786376952,97.66000366210938,157
2026-03-13 18:47:00,97.47000122070312,97.61000061035156,97.38999938964844,97.54000091552734,303
2026-03-13 18:48:00,97.2300033569336,97.4800033569336,97.1500015258789,97.45999908447266,628
2026-03-13 18:49:00,97.25,97.38999938964844,97.18000030517578,97.25,661
2026-03-13 18:50:00,97.16000366210938,97.33999633789062,97.0999984741211,97.2699966430664,623
2026-03-13 18:51:00,97.18000030517578,97.3000030517578,97.0,97.16999816894533,899
2026-03-13 18:52:00,97.37000274658205,97.44000244140624,97.19000244140624,97.19000244140624,290
2026-03-13 18:53:00,97.5999984741211,97.5999984741211,97.3499984741211,97.38999938964844,455
2026-03-13 18:54:00,97.5,97.61000061035156,97.4000015258789,97.58000183105467,232
2026-03-13 18:55:00,97.37999725341795,97.5199966430664,97.33999633789062,97.4800033569336,239
2026-03-13 18:56:00,97.51000213623048,97.52999877929688,97.37000274658205,97.41999816894533,117
2026-03-13 18:57:00,97.4800033569336,97.54000091552734,97.41999816894533,97.51000213623048,130
2026-03-13 18:58:00,97.44000244140624,97.5,97.41000366210938,97.48999786376952,87
2026-03-13 18:59:00,97.4499969482422,97.47000122070312,97.38999938964844,97.43000030517578,82
2026-03-13 19:00:00,97.62999725341795,97.69000244140624,97.38999938964844,97.4800033569336,289
2026-03-13 19:01:00,97.51000213623048,97.69000244140624,97.48999786376952,97.62000274658205,191
2026-03-13 19:02:00,97.54000091552734,97.62000274658205,97.48999786376952,97.51000213623048,112
2026-03-13 19:03:00,97.5,97.58000183105467,97.3499984741211,97.5199966430664,250
2026-03-13 19:04:00,97.54000091552734,97.54000091552734,97.44000244140624,97.4800033569336,129
2026-03-13 19:05:00,97.54000091552734,97.56999969482422,97.5,97.5199966430664,78
2026-03-13 19:06:00,97.4499969482422,97.54000091552734,97.43000030517578,97.5199966430664,155
2026-03-13 19:07:00,97.5999984741211,97.62000274658205,97.41999816894533,97.43000030517578,187
2026-03-13 19:08:00,97.36000061035156,97.5999984741211,97.3000030517578,97.5999984741211,279
2026-03-13 19:09:00,97.45999908447266,97.4800033569336,97.3000030517578,97.33999633789062,162
2026-03-13 19:10:00,97.2699966430664,97.5,97.26000213623048,97.47000122070312,141
2026-03-13 19:11:00,97.38999938964844,97.4000015258789,97.23999786376952,97.27999877929688,149
2026-03-13 19:12:00,97.37999725341795,97.41999816894533,97.3499984741211,97.4000015258789,66
2026-03-13 19:13:00,97.45999908447266,97.54000091552734,97.3499984741211,97.37999725341795,192
2026-03-13 19:14:00,97.58999633789062,97.63999938964844,97.45999908447266,97.45999908447266,102
2026-03-13 19:15:00,97.45999908447266,97.61000061035156,97.41999816894533,97.58999633789062,133
2026-03-13 19:16:00,97.58999633789062,97.62000274658205,97.4000015258789,97.4800033569336,226
2026-03-13 19:17:00,97.72000122070312,97.72000122070312,97.55999755859376,97.56999969482422,212
2026-03-13 19:18:00,97.9000015258789,97.97000122070312,97.69000244140624,97.6999969482422,341
2026-03-13 19:19:00,98.02999877929688,98.04000091552734,97.81999969482422,97.87999725341795,228
2026-03-13 19:20:00,98.0,98.08999633789062,97.91000366210938,98.02999877929688,239
2026-03-13 19:21:00,97.9800033569336,98.08000183105467,97.95999908447266,98.0199966430664,148
2026-03-13 19:22:00,98.01000213623048,98.02999877929688,97.94000244140624,97.9499969482422,131
2026-03-13 19:23:00,97.87000274658205,98.0,97.83000183105467,98.0,169
2026-03-13 19:24:00,97.87000274658205,97.87000274658205,97.66000366210938,97.86000061035156,282
2026-03-13 19:25:00,97.8000030517578,97.94000244140624,97.70999908447266,97.8499984741211,222
2026-03-13 19:26:00,97.95999908447266,97.98999786376952,97.7699966430664,97.79000091552734,147
2026-03-13 19:27:00,97.91999816894533,98.0199966430664,97.88999938964844,97.94000244140624,139
2026-03-13 19:28:00,97.80999755859376,97.91999816894533,97.7300033569336,97.91999816894533,198
2026-03-13 19:29:00,97.9499969482422,97.95999908447266,97.79000091552734,97.80999755859376,179
2026-03-13 19:30:00,97.95999908447266,98.06999969482422,97.88999938964844,97.94000244140624,289
2026-03-13 19:31:00,97.91999816894533,97.97000122070312,97.8000030517578,97.97000122070312,287
2026-03-13 19:32:00,97.9000015258789,97.93000030517578,97.76000213623048,97.9000015258789,173
2026-03-13 19:33:00,97.95999908447266,98.01000213623048,97.88999938964844,97.88999938964844,64
2026-03-13 19:34:00,97.87999725341795,98.0,97.83000183105467,97.97000122070312,117
2026-03-13 19:35:00,97.79000091552734,97.88999938964844,97.70999908447266,97.87999725341795,233
2026-03-13 19:36:00,97.83999633789062,97.83999633789062,97.76000213623048,97.77999877929688,56
2026-03-13 19:37:00,97.91999816894533,97.94000244140624,97.83000183105467,97.8499984741211,113
2026-03-13 19:38:00,97.91999816894533,97.95999908447266,97.87000274658205,97.91000366210938,113
2026-03-13 19:39:00,98.0199966430664,98.04000091552734,97.9000015258789,97.91000366210938,206
2026-03-13 19:40:00,98.19000244140624,98.22000122070312,98.0199966430664,98.0199966430664,288
2026-03-13 19:41:00,98.08000183105467,98.27999877929688,98.05999755859376,98.19000244140624,259
2026-03-13 19:42:00,98.2699966430664,98.3499984741211,98.08999633789062,98.08999633789062,286
2026-03-13 19:43:00,98.18000030517578,98.31999969482422,98.1500015258789,98.27999877929688,156
2026-03-13 19:44:00,98.12999725341795,98.16999816894533,98.08999633789062,98.16999816894533,99
2026-03-13 19:45:00,98.04000091552734,98.11000061035156,97.97000122070312,98.11000061035156,226
2026-03-13 19:46:00,98.08000183105467,98.08999633789062,97.98999786376952,98.04000091552734,64
2026-03-13 19:47:00,97.80999755859376,98.08000183105467,97.73999786376952,98.06999969482422,243
2026-03-13 19:48:00,97.91000366210938,97.9499969482422,97.69000244140624,97.81999969482422,324
2026-03-13 19:49:00,97.95999908447266,98.13999938964844,97.87000274658205,97.9000015258789,333
2026-03-13 19:50:00,98.08000183105467,98.0999984741211,98.0,98.0,171
2026-03-13 19:51:00,98.1999969482422,98.22000122070312,98.06999969482422,98.06999969482422,196
2026-03-13 19:52:00,98.12000274658205,98.26000213623048,98.11000061035156,98.20999908447266,161
2026-03-13 19:53:00,98.06999969482422,98.22000122070312,98.0500030517578,98.12000274658205,172
2026-03-13 19:54:00,98.12000274658205,98.12000274658205,98.02999877929688,98.04000091552734,110
2026-03-13 19:55:00,98.19000244140624,98.19000244140624,98.0999984741211,98.12000274658205,78
2026-03-13 19:56:00,98.1500015258789,98.16999816894533,98.08999633789062,98.16999816894533,94
2026-03-13 19:57:00,98.18000030517578,98.29000091552734,98.06999969482422,98.12000274658205,222
2026-03-13 19:58:00,98.23999786376952,98.23999786376952,98.16000366210938,98.18000030517578,107
2026-03-13 19:59:00,98.19000244140624,98.29000091552734,98.18000030517578,98.2300033569336,182
2026-03-13 20:00:00,98.47000122070312,98.47000122070312,98.1999969482422,98.20999908447266,415
2026-03-13 20:01:00,98.47000122070312,98.61000061035156,98.37999725341795,98.4499969482422,682
2026-03-13 20:02:00,98.5999984741211,98.73999786376952,98.44000244140624,98.47000122070312,629
2026-03-13 20:03:00,98.70999908447266,98.76000213623048,98.5999984741211,98.5999984741211,170
2026-03-13 20:04:00,98.77999877929688,98.80999755859376,98.68000030517578,98.72000122070312,182
2026-03-13 20:05:00,98.62999725341795,98.83999633789062,98.61000061035156,98.77999877929688,220
2026-03-13 20:06:00,98.66999816894533,98.72000122070312,98.58000183105467,98.6500015258789,257
2026-03-13 20:07:00,98.5999984741211,98.66999816894533,98.55999755859376,98.6500015258789,254
2026-03-13 20:08:00,98.54000091552734,98.6999969482422,98.54000091552734,98.62999725341795,136
2026-03-13 20:09:00,98.5999984741211,98.66999816894533,98.5500030517578,98.56999969482422,131
2026-03-13 20:10:00,98.54000091552734,98.62000274658205,98.5199966430664,98.62000274658205,90
2026-03-13 20:11:00,98.6500015258789,98.66999816894533,98.54000091552734,98.54000091552734,74
2026-03-13 20:12:00,98.6999969482422,98.72000122070312,98.62999725341795,98.66000366210938,93
2026-03-13 20:13:00,98.66999816894533,98.70999908447266,98.6500015258789,98.6999969482422,72
2026-03-13 20:14:00,98.66999816894533,98.6999969482422,98.5999984741211,98.68000030517578,98
2026-03-13 20:15:00,98.52999877929688,98.66000366210938,98.45999908447266,98.66000366210938,298
2026-03-13 20:16:00,98.68000030517578,98.6999969482422,98.48999786376952,98.5199966430664,254
2026-03-13 20:17:00,98.87000274658205,98.87999725341795,98.68000030517578,98.68000030517578,161
2026-03-13 20:18:00,98.83999633789062,98.91999816894533,98.81999969482422,98.87000274658205,129
2026-03-13 20:19:00,98.93000030517578,98.9800033569336,98.7699966430664,98.80999755859376,281
2026-03-13 20:20:00,98.83999633789062,98.9499969482422,98.80999755859376,98.93000030517578,183
2026-03-13 20:21:00,98.87000274658205,98.9000015258789,98.75,98.8499984741211,205
2026-03-13 20:22:00,98.83000183105467,98.93000030517578,98.80999755859376,98.83999633789062,98
2026-03-13 20:23:00,98.8000030517578,98.83000183105467,98.75,98.81999969482422,85
2026-03-13 20:24:00,98.8000030517578,98.8000030517578,98.58999633789062,98.7699966430664,331
2026-03-13 20:25:00,98.80999755859376,98.83999633789062,98.69000244140624,98.77999877929688,343
2026-03-13 20:26:00,98.7300033569336,98.83000183105467,98.70999908447266,98.83000183105467,99
2026-03-13 20:27:00,98.72000122070312,98.77999877929688,98.66999816894533,98.73999786376952,177
2026-03-13 20:28:00,98.62999725341795,98.75,98.61000061035156,98.70999908447266,87
2026-03-13 20:29:00,98.6500015258789,98.69000244140624,98.61000061035156,98.6500015258789,53
2026-03-13 20:30:00,98.52999877929688,98.66999816894533,98.5,98.66999816894533,143
2026-03-13 20:31:00,98.5199966430664,98.55999755859376,98.41999816894533,98.52999877929688,166
2026-03-13 20:32:00,98.47000122070312,98.5199966430664,98.44000244140624,98.5199966430664,89
2026-03-13 20:33:00,98.45999908447266,98.52999877929688,98.38999938964844,98.47000122070312,67
2026-03-13 20:34:00,98.44000244140624,98.51000213623048,98.44000244140624,98.45999908447266,63
2026-03-13 20:35:00,98.44000244140624,98.47000122070312,98.4000015258789,98.4499969482422,99
2026-03-13 20:36:00,98.48999786376952,98.5,98.44000244140624,98.44000244140624,105
2026-03-13 20:37:00,98.58000183105467,98.66999816894533,98.4800033569336,98.5,87
2026-03-13 20:38:00,98.6999969482422,98.6999969482422,98.55999755859376,98.5999984741211,110
2026-03-13 20:39:00,98.77999877929688,98.8000030517578,98.68000030517578,98.7300033569336,93
2026-03-13 20:40:00,98.7699966430664,98.83000183105467,98.7300033569336,98.79000091552734,75
2026-03-13 20:41:00,98.83999633789062,98.9000015258789,98.76000213623048,98.7699966430664,129
2026-03-13 20:42:00,98.91000366210938,98.94000244140624,98.87999725341795,98.87999725341795,118
2026-03-13 20:43:00,98.80999755859376,98.91999816894533,98.77999877929688,98.91000366210938,105
2026-03-13 20:44:00,98.88999938964844,98.94000244140624,98.79000091552734,98.80999755859376,220
2026-03-13 20:45:00,98.87000274658205,98.95999908447266,98.87000274658205,98.87999725341795,240
2026-03-13 20:46:00,98.9000015258789,98.93000030517578,98.8499984741211,98.86000061035156,63
2026-03-13 20:47:00,98.47000122070312,99.0,98.30999755859376,98.91999816894533,754
2026-03-13 20:48:00,98.80999755859376,98.97000122070312,98.43000030517578,98.4499969482422,423
2026-03-13 20:49:00,98.83999633789062,98.9000015258789,98.77999877929688,98.81999969482422,86
2026-03-13 20:50:00,98.86000061035156,98.91999816894533,98.80999755859376,98.83999633789062,100
2026-03-13 20:51:00,98.91000366210938,98.9499969482422,98.8499984741211,98.86000061035156,44
2026-03-13 20:52:00,98.88999938964844,98.97000122070312,98.87999725341795,98.94000244140624,82
2026-03-13 20:53:00,98.95999908447266,98.97000122070312,98.87000274658205,98.9000015258789,43
2026-03-13 20:54:00,99.16000366210938,99.16000366210938,98.9800033569336,98.9800033569336,201
2026-03-13 20:55:00,99.25,99.30999755859376,99.12999725341795,99.1500015258789,313
2026-03-13 20:56:00,99.13999938964844,99.25,99.08000183105467,99.23999786376952,115
2026-03-13 20:57:00,99.27999877929688,99.29000091552734,99.1500015258789,99.16999816894533,123
2026-03-13 20:58:00,99.27999877929688,99.30999755859376,99.23999786376952,99.27999877929688,487
2026-03-13 20:59:00,98.70999908447266,99.30999755859376,98.70999908447266,99.30999755859376,475
2026-03-15 22:10:00,101.16000366210938,101.58999633789062,101.13999938964844,101.58000183105467,0
2026-03-15 22:11:00,100.83000183105467,101.13999938964844,100.83000183105467,101.13999938964844,518
2026-03-15 22:12:00,101.37999725341795,101.5,100.5,100.8499984741211,1224
2026-03-15 22:13:00,101.1999969482422,101.55999755859376,101.16000366210938,101.37999725341795,596
2026-03-15 22:14:00,101.31999969482422,101.4499969482422,101.0500030517578,101.1999969482422,352
2026-03-15 22:15:00,101.3499984741211,101.41000366210938,101.1999969482422,101.3000030517578,202
2026-03-15 22:16:00,101.7300033569336,101.76000213623048,101.3000030517578,101.37999725341795,414
2026-03-15 22:17:00,101.68000030517578,101.70999908447266,101.54000091552734,101.70999908447266,186
2026-03-15 22:18:00,101.56999969482422,101.66999816894533,101.54000091552734,101.66999816894533,192
2026-03-15 22:19:00,101.52999877929688,101.55999755859376,101.25,101.55999755859376,222
2026-03-15 22:20:00,101.33999633789062,101.47000122070312,101.31999969482422,101.47000122070312,147
2026-03-15 22:21:00,101.30999755859376,101.58999633789062,101.25,101.37000274658205,217
2026-03-15 22:22:00,101.2699966430664,101.36000061035156,101.12000274658205,101.30999755859376,240
2026-03-15 22:23:00,101.0999984741211,101.36000061035156,101.08000183105467,101.29000091552734,243
2026-03-15 22:24:00,100.91999816894533,101.1500015258789,100.7300033569336,101.11000061035156,505
2026-03-15 22:25:00,100.9000015258789,100.98999786376952,100.77999877929688,100.93000030517578,135
2026-03-15 22:26:00,100.9000015258789,101.06999969482422,100.75,100.87999725341795,246
2026-03-15 22:27:00,101.22000122070312,101.3499984741211,100.86000061035156,100.87999725341795,238
2026-03-15 22:28:00,101.37000274658205,101.41999816894533,101.2300033569336,101.23999786376952,260
2026-03-15 22:29:00,101.19000244140624,101.37000274658205,101.11000061035156,101.37000274658205,187
2026-03-15 22:30:00,101.31999969482422,101.37999725341795,100.95999908447266,101.19000244140624,273
2026-03-15 22:31:00,101.26000213623048,101.3499984741211,101.1999969482422,101.33999633789062,225
2026-03-15 22:32:00,101.13999938964844,101.2699966430664,101.08999633789062,101.2699966430664,97
2026-03-15 22:33:00,101.0199966430664,101.2300033569336,100.9499969482422,101.18000030517578,214
2026-03-15 22:34:00,100.9800033569336,101.02999877929688,100.91000366210938,101.02999877929688,126
2026-03-15 22:35:00,101.05999755859376,101.1500015258789,100.94000244140624,100.9800033569336,172
2026-03-15 22:36:00,100.9000015258789,101.0500030517578,100.81999969482422,101.0500030517578,160
2026-03-15 22:37:00,100.81999969482422,100.94000244140624,100.79000091552734,100.9000015258789,129
2026-03-15 22:38:00,100.94000244140624,100.94000244140624,100.77999877929688,100.80999755859376,91
2026-03-15 22:39:00,100.76000213623048,100.94000244140624,100.75,100.94000244140624,107
2026-03-15 22:40:00,100.69000244140624,100.76000213623048,100.5999984741211,100.75,379
2026-03-15 22:41:00,100.4800033569336,100.75,100.41999816894533,100.70999908447266,358
2026-03-15 22:42:00,100.61000061035156,100.7300033569336,100.5199966430664,100.5199966430664,284
2026-03-15 22:43:00,100.55999755859376,100.79000091552734,100.55999755859376,100.61000061035156,125
2026-03-15 22:44:00,100.51000213623048,100.58999633789062,100.43000030517578,100.55999755859376,185
2026-03-15 22:45:00,100.5,100.62000274658205,100.36000061035156,100.51000213623048,173
2026-03-15 22:46:00,100.29000091552734,100.52999877929688,100.27999877929688,100.51000213623048,113
2026-03-15 22:47:00,100.2699966430664,100.41000366210938,100.23999786376952,100.2699966430664,272
2026-03-15 22:48:00,99.9800033569336,100.29000091552734,99.72000122070312,100.2699966430664,1090
2026-03-15 22:49:00,100.16999816894533,100.37000274658205,99.98999786376952,100.0,375
2026-03-15 22:50:00,100.04000091552734,100.22000122070312,100.02999877929688,100.22000122070312,187
2026-03-15 22:51:00,100.06999969482422,100.20999908447266,100.04000091552734,100.08000183105467,197
2026-03-15 22:52:00,100.08999633789062,100.16999816894533,100.01000213623048,100.08999633789062,210
2026-03-15 22:53:00,100.02999877929688,100.12999725341795,100.0199966430664,100.12000274658205,170
2026-03-15 22:54:00,99.9000015258789,100.11000061035156,99.88999938964844,100.05999755859376,184
2026-03-15 22:55:00,100.05999755859376,100.05999755859376,99.83000183105467,99.9000015258789,262
2026-03-15 22:56:00,99.9800033569336,100.1500015258789,99.9499969482422,100.06999969482422,188
2026-03-15 22:57:00,99.68000030517578,99.9800033569336,99.52999877929688,99.9800033569336,417
2026-03-15 22:58:00,99.5500030517578,99.87999725341795,99.5199966430664,99.69000244140624,352
2026-03-15 22:59:00,99.5999984741211,99.66999816894533,99.33999633789062,99.54000091552734,389
2026-03-15 23:00:00,99.5199966430664,99.6500015258789,99.5,99.58999633789062,232
2026-03-15 23:01:00,100.02999877929688,100.05999755859376,99.47000122070312,99.5500030517578,290
2026-03-15 23:02:00,100.1999969482422,100.2699966430664,99.97000122070312,100.0199966430664,414
2026-03-15 23:03:00,100.0199966430664,100.29000091552734,100.01000213623048,100.19000244140624,239
2026-03-15 23:04:00,100.11000061035156,100.33000183105467,100.0199966430664,100.0199966430664,355
2026-03-15 23:05:00,100.06999969482422,100.1999969482422,99.77999877929688,100.12000274658205,624
2026-03-15 23:06:00,100.18000030517578,100.3000030517578,100.0199966430664,100.0500030517578,338
2026-03-15 23:07:00,99.93000030517578,100.22000122070312,99.83999633789062,100.18000030517578,145
2026-03-15 23:08:00,100.01000213623048,100.04000091552734,99.83999633789062,99.91000366210938,101
2026-03-15 23:09:00,99.93000030517578,99.9800033569336,99.88999938964844,99.9800033569336,62
2026-03-15 23:10:00,99.9499969482422,100.12000274658205,99.8000030517578,99.88999938964844,226
2026-03-15 23:11:00,99.9499969482422,100.13999938964844,99.88999938964844,99.95999908447266,186
2026-03-15 23:12:00,99.83999633789062,99.9499969482422,99.8000030517578,99.91999816894533,86
2026-03-15 23:13:00,99.87000274658205,99.91999816894533,99.70999908447266,99.80999755859376,212
2026-03-15 23:14:00,99.8499984741211,99.95999908447266,99.81999969482422,99.83999633789062,81
2026-03-15 23:15:00,99.91999816894533,99.98999786376952,99.87000274658205,99.87000274658205,146
2026-03-15 23:16:00,99.97000122070312,99.9800033569336,99.83999633789062,99.93000030517578,107
2026-03-15 23:17:00,100.0199966430664,100.12000274658205,99.98999786376952,99.98999786376952,220
2026-03-15 23:18:00,99.91000366210938,100.06999969482422,99.87000274658205,100.0,146
2026-03-15 23:19:00,99.7300033569336,99.87000274658205,99.7300033569336,99.87000274658205,250
2026-03-15 23:20:00,99.88999938964844,99.93000030517578,99.75,99.76000213623048,109
2026-03-15 23:21:00,99.98999786376952,100.0999984741211,99.87999725341795,99.87999725341795,113
2026-03-15 23:22:00,99.80999755859376,100.0,99.77999877929688,99.98999786376952,123
2026-03-15 23:23:00,99.61000061035156,99.87000274658205,99.5,99.8000030517578,250
2026-03-15 23:24:00,99.8000030517578,99.80999755859376,99.5199966430664,99.62000274658205,300
2026-03-15 23:25:00,99.66000366210938,99.80999755859376,99.61000061035156,99.80999755859376,243
2026-03-15 23:26:00,100.08999633789062,100.08999633789062,99.66999816894533,99.68000030517578,111
2026-03-15 23:27:00,99.95999908447266,100.0999984741211,99.87999725341795,100.0999984741211,87
2026-03-15 23:28:00,99.95999908447266,100.08000183105467,99.88999938964844,99.97000122070312,167
2026-03-15 23:29:00,99.79000091552734,99.97000122070312,99.7699966430664,99.95999908447266,70
2026-03-15 23:30:00,99.91000366210938,99.91000366210938,99.77999877929688,99.77999877929688,38
2026-03-15 23:31:00,99.86000061035156,100.01000213623048,99.81999969482422,99.9499969482422,102
2026-03-15 23:32:00,99.87000274658205,99.91999816894533,99.83000183105467,99.87999725341795,40
2026-03-15 23:33:00,99.88999938964844,99.88999938964844,99.72000122070312,99.83000183105467,76
2026-03-15 23:34:00,99.8499984741211,99.87000274658205,99.8000030517578,99.87000274658205,19
2026-03-15 23:35:00,99.87999725341795,99.91000366210938,99.83000183105467,99.87000274658205,16
2026-03-15 23:36:00,100.0199966430664,100.04000091552734,99.9000015258789,99.94000244140624,60
2026-03-15 23:37:00,100.3000030517578,100.3499984741211,100.04000091552734,100.0500030517578,313
2026-03-15 23:38:00,100.20999908447266,100.3000030517578,100.20999908447266,100.2699966430664,100
2026-03-15 23:39:00,100.18000030517578,100.44000244140624,100.16000366210938,100.26000213623048,201
2026-03-15 23:40:00,100.06999969482422,100.25,99.97000122070312,100.16999816894533,303
2026-03-15 23:41:00,99.81999969482422,100.08999633789062,99.73999786376952,100.05999755859376,672
2026-03-15 23:42:00,99.51000213623048,99.86000061035156,99.44000244140624,99.81999969482422,450
2026-03-15 23:43:00,99.48999786376952,99.5500030517578,99.44000244140624,99.52999877929688,209
2026-03-15 23:44:00,99.5500030517578,99.63999938964844,99.48999786376952,99.51000213623048,175
2026-03-15 23:45:00,99.37999725341795,99.61000061035156,99.36000061035156,99.5500030517578,262
2026-03-15 23:46:00,99.31999969482422,99.45999908447266,99.31999969482422,99.37999725341795,169
2026-03-15 23:47:00,99.26000213623048,99.37000274658205,99.12000274658205,99.31999969482422,440
2026-03-15 23:48:00,99.43000030517578,99.54000091552734,99.26000213623048,99.27999877929688,175
2026-03-15 23:49:00,99.33000183105467,99.51000213623048,99.30999755859376,99.41999816894533,76
2026-03-15 23:50:00,98.80999755859376,99.33000183105467,98.73999786376952,99.33000183105467,724
2026-03-15 23:51:00,98.6999969482422,98.91000366210938,98.58999633789062,98.76000213623048,694
2026-03-15 23:52:00,98.76000213623048,98.79000091552734,98.4000015258789,98.72000122070312,457
2026-03-15 23:53:00,98.6500015258789,98.83999633789062,98.61000061035156,98.76000213623048,142
2026-03-15 23:54:00,98.6999969482422,98.7300033569336,98.5500030517578,98.63999938964844,92
2026-03-15 23:55:00,98.72000122070312,98.8000030517578,98.66999816894533,98.70999908447266,68
2026-03-15 23:56:00,98.77999877929688,98.87999725341795,98.69000244140624,98.72000122070312,124
2026-03-15 23:57:00,98.94000244140624,98.97000122070312,98.69000244140624,98.79000091552734,185
2026-03-15 23:58:00,98.79000091552734,99.0,98.62999725341795,98.9499969482422,173
2026-03-15 23:59:00,98.7699966430664,98.81999969482422,98.66000366210938,98.7699966430664,92
2026-03-16 00:00:00,98.77999877929688,98.87000274658205,98.66000366210938,98.77999877929688,160
2026-03-16 00:01:00,98.63999938964844,98.83000183105467,98.63999938964844,98.7699966430664,113
2026-03-16 00:02:00,98.5,98.81999969482422,98.36000061035156,98.62999725341795,299
2026-03-16 00:03:00,98.61000061035156,98.62000274658205,98.31999969482422,98.51000213623048,392
2026-03-16 00:04:00,98.6999969482422,98.73999786376952,98.5,98.62000274658205,210
2026-03-16 00:05:00,98.5500030517578,98.6999969482422,98.4800033569336,98.66000366210938,97
2026-03-16 00:06:00,98.30999755859376,98.58999633789062,98.2300033569336,98.56999969482422,304
2026-03-16 00:07:00,98.08999633789062,98.3499984741211,97.9499969482422,98.31999969482422,416
2026-03-16 00:08:00,98.12000274658205,98.20999908447266,97.9499969482422,98.05999755859376,469
2026-03-16 00:09:00,98.02999877929688,98.16999816894533,97.87999725341795,98.0999984741211,629
2026-03-16 00:10:00,97.87000274658205,98.0500030517578,97.62999725341795,98.04000091552734,687
2026-03-16 00:11:00,98.08999633789062,98.08999633789062,97.79000091552734,97.87999725341795,266
2026-03-16 00:12:00,98.0199966430664,98.0999984741211,97.81999969482422,98.0999984741211,274
2026-03-16 00:13:00,98.12000274658205,98.16000366210938,97.83000183105467,98.01000213623048,356
2026-03-16 00:14:00,97.94000244140624,98.11000061035156,97.87000274658205,98.11000061035156,139
2026-03-16 00:15:00,97.83999633789062,97.91999816894533,97.8000030517578,97.9000015258789,242
2026-03-16 00:16:00,97.6999969482422,97.88999938964844,97.61000061035156,97.81999969482422,308
2026-03-16 00:17:00,97.7699966430664,97.8499984741211,97.66000366210938,97.72000122070312,142
2026-03-16 00:18:00,97.83000183105467,97.83999633789062,97.70999908447266,97.70999908447266,113
2026-03-16 00:19:00,97.88999938964844,97.91999816894533,97.79000091552734,97.8499984741211,176
2026-03-16 00:20:00,98.16000366210938,98.16000366210938,97.9000015258789,97.9000015258789,373
2026-03-16 00:21:00,98.41999816894533,98.45999908447266,98.16999816894533,98.16999816894533,448
2026-03-16 00:22:00,98.36000061035156,98.5199966430664,98.2699966430664,98.45999908447266,309
2026-03-16 00:23:00,98.1999969482422,98.37000274658205,98.11000061035156,98.37000274658205,240
2026-03-16 00:24:00,98.30999755859376,98.30999755859376,98.11000061035156,98.19000244140624,112
2026-03-16 00:25:00,98.0999984741211,98.3499984741211,98.06999969482422,98.33000183105467,144
2026-03-16 00:26:00,98.16000366210938,98.26000213623048,98.12000274658205,98.12000274658205,120
2026-03-16 00:27:00,98.22000122070312,98.2699966430664,98.1500015258789,98.1500015258789,111
2026-03-16 00:28:00,98.20999908447266,98.23999786376952,98.16999816894533,98.23999786376952,27
2026-03-16 00:29:00,98.11000061035156,98.2300033569336,98.0500030517578,98.19000244140624,109
2026-03-16 00:30:00,98.1500015258789,98.22000122070312,98.12000274658205,98.12999725341795,45
2026-03-16 00:31:00,98.12999725341795,98.22000122070312,98.12000274658205,98.16000366210938,84
2026-03-16 00:32:00,98.1500015258789,98.22000122070312,98.12000274658205,98.13999938964844,45
2026-03-16 00:33:00,98.19000244140624,98.19000244140624,98.11000061035156,98.16000366210938,32
2026-03-16 00:34:00,98.13999938964844,98.1999969482422,98.01000213623048,98.16000366210938,214
2026-03-16 00:35:00,98.06999969482422,98.25,98.0500030517578,98.12999725341795,99
2026-03-16 00:36:00,98.12000274658205,98.19000244140624,98.06999969482422,98.08999633789062,53
2026-03-16 00:37:00,98.22000122070312,98.2300033569336,98.0999984741211,98.12999725341795,72
2026-03-16 00:38:00,98.05999755859376,98.22000122070312,98.0199966430664,98.1999969482422,77
2026-03-16 00:39:00,97.97000122070312,98.0500030517578,97.68000030517578,98.02999877929688,268
2026-03-16 00:40:00,97.7699966430664,98.0199966430664,97.73999786376952,97.9800033569336,151
2026-03-16 00:41:00,97.80999755859376,97.83999633789062,97.6999969482422,97.7699966430664,77
2026-03-16 00:42:00,97.77999877929688,97.8499984741211,97.75,97.80999755859376,61
2026-03-16 00:43:00,97.73999786376952,97.80999755859376,97.63999938964844,97.77999877929688,133
2026-03-16 00:44:00,97.8000030517578,97.8499984741211,97.70999908447266,97.75,135
2026-03-16 00:45:00,97.8499984741211,97.8499984741211,97.6999969482422,97.83000183105467,117
2026-03-16 00:46:00,97.97000122070312,98.02999877929688,97.81999969482422,97.8499984741211,307
2026-03-16 00:47:00,97.80999755859376,97.97000122070312,97.8000030517578,97.94000244140624,163
2026-03-16 00:48:00,97.58000183105467,97.80999755859376,97.33999633789062,97.80999755859376,484
2026-03-16 00:49:00,97.5500030517578,97.68000030517578,97.52999877929688,97.58999633789062,129
2026-03-16 00:50:00,97.72000122070312,97.7300033569336,97.5199966430664,97.55999755859376,156
2026-03-16 00:51:00,97.83999633789062,97.93000030517578,97.6999969482422,97.70999908447266,288
2026-03-16 00:52:00,97.81999969482422,97.87000274658205,97.62999725341795,97.83000183105467,129
2026-03-16 00:53:00,97.8000030517578,97.87999725341795,97.6999969482422,97.79000091552734,63
2026-03-16 00:54:00,97.66000366210938,97.8000030517578,97.66000366210938,97.77999877929688,53
2026-03-16 00:55:00,97.70999908447266,97.75,97.55999755859376,97.62000274658205,65
2026-03-16 00:56:00,97.58000183105467,97.76000213623048,97.48999786376952,97.73999786376952,131
2026-03-16 00:57:00,97.61000061035156,97.6500015258789,97.55999755859376,97.62999725341795,32
2026-03-16 00:58:00,97.72000122070312,97.8000030517578,97.52999877929688,97.62000274658205,178
2026-03-16 00:59:00,97.4800033569336,97.72000122070312,97.44000244140624,97.6999969482422,114
2026-03-16 01:00:00,97.19000244140624,97.47000122070312,96.73999786376952,97.47000122070312,1029
2026-03-16 01:01:00,97.4800033569336,97.52999877929688,97.08000183105467,97.16000366210938,313
2026-03-16 01:02:00,97.45999908447266,97.6999969482422,97.4000015258789,97.44000244140624,427
2026-03-16 01:03:00,97.8000030517578,97.9499969482422,97.47000122070312,97.47000122070312,284
2026-03-16 01:04:00,97.7300033569336,97.94000244140624,97.7300033569336,97.77999877929688,203
2026-03-16 01:05:00,97.9000015258789,97.9499969482422,97.69000244140624,97.75,110
2026-03-16 01:06:00,97.8499984741211,97.95999908447266,97.79000091552734,97.91999816894533,160
2026-03-16 01:07:00,97.7699966430664,97.83999633789062,97.66000366210938,97.83999633789062,164
2026-03-16 01:08:00,97.86000061035156,97.87999725341795,97.73999786376952,97.79000091552734,103
2026-03-16 01:09:00,97.87999725341795,97.97000122070312,97.7300033569336,97.83999633789062,147
2026-03-16 01:10:00,98.06999969482422,98.11000061035156,97.8000030517578,97.87000274658205,157
2026-03-16 01:11:00,98.18000030517578,98.2699966430664,98.04000091552734,98.06999969482422,194
2026-03-16 01:12:00,98.12999725341795,98.1999969482422,98.08999633789062,98.16999816894533,167
2026-03-16 01:13:00,98.0500030517578,98.16000366210938,98.0199966430664,98.12999725341795,186
2026-03-16 01:14:00,97.88999938964844,98.06999969482422,97.8499984741211,98.0199966430664,172
2026-03-16 01:15:00,97.9800033569336,98.08999633789062,97.7699966430664,97.87999725341795,320
2026-03-16 01:16:00,98.0999984741211,98.0999984741211,97.8499984741211,98.0,186
2026-03-16 01:17:00,98.05999755859376,98.12999725341795,98.04000091552734,98.08999633789062,107
2026-03-16 01:18:00,98.06999969482422,98.16999816894533,98.0500030517578,98.08000183105467,94
2026-03-16 01:19:00,97.83999633789062,98.06999969482422,97.77999877929688,98.06999969482422,160
2026-03-16 01:20:00,97.79000091552734,97.87000274658205,97.68000030517578,97.87000274658205,157
2026-03-16 01:21:00,97.98999786376952,98.0,97.77999877929688,97.8000030517578,108
2026-03-16 01:22:00,98.12999725341795,98.18000030517578,97.98999786376952,98.02999877929688,108
2026-03-16 01:23:00,97.97000122070312,98.16000366210938,97.87999725341795,98.12000274658205,124
2026-03-16 01:24:00,97.98999786376952,98.01000213623048,97.88999938964844,97.95999908447266,99
2026-03-16 01:25:00,98.04000091552734,98.08999633789062,97.97000122070312,98.0,82
2026-03-16 01:26:00,97.9800033569336,98.0500030517578,97.95999908447266,98.01000213623048,60
2026-03-16 01:27:00,98.12000274658205,98.16999816894533,97.88999938964844,97.9800033569336,139
2026-03-16 01:28:00,98.04000091552734,98.13999938964844,98.0,98.12000274658205,121
2026-03-16 01:29:00,98.30999755859376,98.31999969482422,98.02999877929688,98.02999877929688,114
2026-03-16 01:30:00,98.12999725341795,98.33999633789062,98.12999725341795,98.31999969482422,123
2026-03-16 01:31:00,98.25,98.30999755859376,98.08999633789062,98.11000061035156,126
2026-03-16 01:32:00,98.45999908447266,98.47000122070312,98.16999816894533,98.2300033569336,356
2026-03-16 01:33:00,98.55999755859376,98.62000274658205,98.44000244140624,98.47000122070312,425
2026-03-16 01:34:00,98.3499984741211,98.58999633789062,98.33000183105467,98.58000183105467,199
2026-03-16 01:35:00,98.41000366210938,98.5199966430664,98.33999633789062,98.3499984741211,225
2026-03-16 01:36:00,98.16999816894533,98.4499969482422,98.16999816894533,98.4000015258789,174
2026-03-16 01:37:00,98.37000274658205,98.41999816894533,98.19000244140624,98.19000244140624,140
2026-03-16 01:38:00,98.19000244140624,98.44000244140624,98.1500015258789,98.38999938964844,125
2026-03-16 01:39:00,98.1999969482422,98.25,98.1500015258789,98.19000244140624,107
2026-03-16 01:40:00,98.29000091552734,98.3499984741211,98.1999969482422,98.1999969482422,143
2026-03-16 01:41:00,98.4499969482422,98.4499969482422,98.25,98.3000030517578,79
2026-03-16 01:42:00,98.41999816894533,98.56999969482422,98.37999725341795,98.4499969482422,127
2026-03-16 01:43:00,98.4800033569336,98.4800033569336,98.33000183105467,98.37999725341795,102
2026-03-16 01:44:00,98.55999755859376,98.62000274658205,98.48999786376952,98.5,138
2026-03-16 01:45:00,98.51000213623048,98.5999984741211,98.4800033569336,98.56999969482422,114
2026-03-16 01:46:00,98.66999816894533,98.6999969482422,98.52999877929688,98.52999877929688,118
2026-03-16 01:47:00,98.62000274658205,98.79000091552734,98.58999633789062,98.66999816894533,248
2026-03-16 01:48:00,98.44000244140624,98.6500015258789,98.44000244140624,98.63999938964844,264
2026-03-16 01:49:00,98.37000274658205,98.51000213623048,98.37000274658205,98.43000030517578,130
2026-03-16 01:50:00,98.41000366210938,98.45999908447266,98.27999877929688,98.38999938964844,139
2026-03-16 01:51:00,98.5,98.5,98.41000366210938,98.41999816894533,34
2026-03-16 01:52:00,98.47000122070312,98.5,98.41000366210938,98.47000122070312,57
2026-03-16 01:53:00,98.54000091552734,98.5500030517578,98.45999908447266,98.45999908447266,47
2026-03-16 01:54:00,98.4000015258789,98.5999984741211,98.3499984741211,98.52999877929688,175
2026-03-16 01:55:00,98.45999908447266,98.5,98.3000030517578,98.43000030517578,84
2026-03-16 01:56:00,98.5500030517578,98.55999755859376,98.4499969482422,98.48999786376952,57
2026-03-16 01:57:00,98.69000244140624,98.6999969482422,98.5500030517578,98.56999969482422,115
2026-03-16 01:58:00,98.56999969482422,98.72000122070312,98.56999969482422,98.69000244140624,142
2026-03-16 01:59:00,98.48999786376952,98.62999725341795,98.48999786376952,98.5500030517578,101
2026-03-16 02:00:00,98.76000213623048,98.7699966430664,98.41000366210938,98.51000213623048,186
2026-03-16 02:01:00,98.6500015258789,98.9499969482422,98.63999938964844,98.73999786376952,305
2026-03-16 02:02:00,98.73999786376952,98.7699966430664,98.66000366210938,98.66000366210938,136
2026-03-16 02:03:00,98.6500015258789,98.75,98.6500015258789,98.72000122070312,61
2026-03-16 02:04:00,98.5500030517578,98.68000030517578,98.5,98.68000030517578,106
2026-03-16 02:05:00,98.4800033569336,98.5999984741211,98.44000244140624,98.55999755859376,122
2026-03-16 02:06:00,98.36000061035156,98.51000213623048,98.27999877929688,98.4800033569336,159
2026-03-16 02:07:00,98.25,98.37999725341795,98.1500015258789,98.37000274658205,370
2026-03-16 02:08:00,98.19000244140624,98.26000213623048,98.12999725341795,98.22000122070312,163
2026-03-16 02:09:00,98.16999816894533,98.22000122070312,98.11000061035156,98.20999908447266,84
2026-03-16 02:10:00,98.5199966430664,98.5199966430664,98.16999816894533,98.16999816894533,198
2026-03-16 02:11:00,98.5,98.6500015258789,98.4499969482422,98.48999786376952,188
2026-03-16 02:12:00,98.62999725341795,98.62999725341795,98.43000030517578,98.4800033569336,77
2026-03-16 02:13:00,98.87000274658205,98.9800033569336,98.5999984741211,98.62999725341795,326
2026-03-16 02:14:00,98.9000015258789,99.05999755859376,98.83000183105467,98.83999633789062,364
2026-03-16 02:15:00,98.69000244140624,98.91999816894533,98.56999969482422,98.91000366210938,184
2026-03-16 02:16:00,98.5999984741211,98.73999786376952,98.56999969482422,98.66999816894533,100
2026-03-16 02:17:00,98.70999908447266,98.76000213623048,98.5999984741211,98.5999984741211,80
2026-03-16 02:18:00,98.66999816894533,98.81999969482422,98.66999816894533,98.73999786376952,50
2026-03-16 02:19:00,98.66000366210938,98.68000030517578,98.58000183105467,98.66000366210938,262
2026-03-16 02:20:00,98.76000213623048,98.79000091552734,98.66000366210938,98.69000244140624,128
2026-03-16 02:21:00,98.7699966430664,98.8000030517578,98.6999969482422,98.6999969482422,25
2026-03-16 02:22:00,98.8000030517578,98.81999969482422,98.75,98.7699966430664,95
2026-03-16 02:23:00,98.7699966430664,98.81999969482422,98.75,98.79000091552734,45
2026-03-16 02:24:00,98.70999908447266,98.80999755859376,98.69000244140624,98.7699966430664,131
2026-03-16 02:25:00,98.8000030517578,98.83999633789062,98.69000244140624,98.73999786376952,77
2026-03-16 02:26:00,98.86000061035156,98.91999816894533,98.8000030517578,98.80999755859376,119
2026-03-16 02:27:00,98.91999816894533,98.9800033569336,98.81999969482422,98.87000274658205,107
2026-03-16 02:28:00,98.88999938964844,99.0,98.88999938964844,98.95999908447266,98
2026-03-16 02:29:00,98.91999816894533,98.94000244140624,98.87000274658205,98.9000015258789,33
2026-03-16 02:30:00,99.13999938964844,99.25,98.93000030517578,98.93000030517578,334
2026-03-16 02:31:00,99.02999877929688,99.1500015258789,98.95999908447266,99.12000274658205,201
2026-03-16 02:32:00,99.0,99.18000030517578,98.9800033569336,99.0199966430664,175
2026-03-16 02:33:00,99.11000061035156,99.13999938964844,98.94000244140624,98.9800033569336,149
2026-03-16 02:34:00,99.12000274658205,99.16999816894533,99.08000183105467,99.12000274658205,153
2026-03-16 02:35:00,99.25,99.33000183105467,99.06999969482422,99.08000183105467,193
2026-03-16 02:36:00,99.25,99.33000183105467,99.2300033569336,99.2300033569336,112
2026-03-16 02:37:00,99.2699966430664,99.37999725341795,99.16999816894533,99.2699966430664,266
2026-03-16 02:38:00,99.16999816894533,99.36000061035156,99.1500015258789,99.29000091552734,260
2026-03-16 02:39:00,99.29000091552734,99.29000091552734,99.06999969482422,99.16999816894533,239
2026-03-16 02:40:00,99.22000122070312,99.30999755859376,99.18000030517578,99.3000030517578,76
2026-03-16 02:41:00,99.11000061035156,99.22000122070312,99.06999969482422,99.22000122070312,68
2026-03-16 02:42:00,99.22000122070312,99.2699966430664,99.01000213623048,99.0999984741211,141
2026-03-16 02:43:00,99.11000061035156,99.1999969482422,99.08000183105467,99.1999969482422,53
2026-03-16 02:44:00,99.06999969482422,99.22000122070312,99.06999969482422,99.12000274658205,82
2026-03-16 02:45:00,99.12999725341795,99.1999969482422,99.06999969482422,99.06999969482422,94
2026-03-16 02:46:00,98.73999786376952,99.12000274658205,98.72000122070312,99.12000274658205,271
2026-03-16 02:47:00,98.8499984741211,99.0,98.72000122070312,98.75,209
2026-03-16 02:48:00,98.66000366210938,98.9000015258789,98.63999938964844,98.83999633789062,209
2026-03-16 02:49:00,98.8499984741211,98.8499984741211,98.66000366210938,98.66999816894533,154
2026-03-16 02:50:00,98.95999908447266,98.97000122070312,98.8000030517578,98.86000061035156,97
2026-03-16 02:51:00,98.97000122070312,99.04000091552734,98.93000030517578,98.9800033569336,104
2026-03-16 02:52:00,99.02999877929688,99.08000183105467,98.97000122070312,98.98999786376952,68
2026-03-16 02:53:00,99.20999908447266,99.20999908447266,99.01000213623048,99.08999633789062,142
2026-03-16 02:54:00,99.23999786376952,99.3499984741211,99.20999908447266,99.22000122070312,198
2026-03-16 02:55:00,99.08000183105467,99.23999786376952,99.0199966430664,99.23999786376952,112
2026-03-16 02:56:00,99.16000366210938,99.19000244140624,98.95999908447266,99.0500030517578,95
2026-03-16 02:57:00,99.11000061035156,99.16000366210938,99.06999969482422,99.13999938964844,31
2026-03-16 02:58:00,99.01000213623048,99.11000061035156,98.98999786376952,99.0999984741211,42
2026-03-16 02:59:00,98.91999816894533,99.0,98.81999969482422,98.98999786376952,219
2026-03-16 03:00:00,98.9499969482422,98.97000122070312,98.83000183105467,98.94000244140624,229
2026-03-16 03:01:00,98.93000030517578,98.97000122070312,98.87000274658205,98.93000030517578,157
2026-03-16 03:02:00,98.98999786376952,99.05999755859376,98.9000015258789,98.91999816894533,154
2026-03-16 03:03:00,98.91999816894533,98.98999786376952,98.9000015258789,98.98999786376952,52
2026-03-16 03:04:00,98.9499969482422,98.9800033569336,98.9000015258789,98.91000366210938,40
2026-03-16 03:05:00,99.0,99.04000091552734,98.88999938964844,98.94000244140624,69
2026-03-16 03:06:00,99.08000183105467,99.08000183105467,98.97000122070312,99.01000213623048,54
2026-03-16 03:07:00,99.01000213623048,99.19000244140624,98.98999786376952,99.08000183105467,121
2026-03-16 03:08:00,98.87000274658205,99.01000213623048,98.81999969482422,99.01000213623048,137
2026-03-16 03:09:00,98.98999786376952,99.02999877929688,98.88999938964844,98.88999938964844,67
2026-03-16 03:10:00,99.2300033569336,99.2300033569336,98.95999908447266,98.98999786376952,125
2026-03-16 03:11:00,99.19000244140624,99.29000091552734,99.13999938964844,99.22000122070312,104
2026-03-16 03:12:00,99.13999938964844,99.16999816894533,99.12000274658205,99.16999816894533,43
2026-03-16 03:13:00,99.08999633789062,99.13999938964844,99.0199966430664,99.12999725341795,60
2026-03-16 03:14:00,99.08000183105467,99.12999725341795,99.05999755859376,99.11000061035156,52
2026-03-16 03:15:00,99.06999969482422,99.11000061035156,99.02999877929688,99.08000183105467,77
2026-03-16 03:16:00,99.12000274658205,99.12000274658205,98.91000366210938,99.02999877929688,125
2026-03-16 03:17:00,99.0,99.16000366210938,99.0,99.12000274658205,77
2026-03-16 03:18:00,99.06999969482422,99.12000274658205,99.04000091552734,99.04000091552734,32
2026-03-16 03:19:00,98.97000122070312,99.08999633789062,98.97000122070312,99.08000183105467,47
2026-03-16 03:20:00,98.9000015258789,99.02999877929688,98.77999877929688,98.95999908447266,140
2026-03-16 03:21:00,98.98999786376952,99.02999877929688,98.87999725341795,98.9000015258789,61
2026-03-16 03:22:00,99.02999877929688,99.08000183105467,98.98999786376952,99.0,48
2026-03-16 03:23:00,98.94000244140624,99.11000061035156,98.93000030517578,99.0500030517578,91
2026-03-16 03:24:00,99.0500030517578,99.0999984741211,98.93000030517578,98.94000244140624,145
2026-03-16 03:25:00,98.94000244140624,99.05999755859376,98.94000244140624,99.0500030517578,20
2026-03-16 03:26:00,98.97000122070312,99.01000213623048,98.93000030517578,98.94000244140624,23
2026-03-16 03:27:00,98.87999725341795,98.97000122070312,98.83999633789062,98.9499969482422,59
2026-03-16 03:28:00,98.83000183105467,98.93000030517578,98.81999969482422,98.88999938964844,92
2026-03-16 03:29:00,98.88999938964844,98.93000030517578,98.81999969482422,98.81999969482422,93
2026-03-16 03:30:00,98.93000030517578,98.94000244140624,98.87999725341795,98.91000366210938,43
2026-03-16 03:31:00,98.76000213623048,98.95999908447266,98.6999969482422,98.94000244140624,188
2026-03-16 03:32:00,98.6500015258789,98.77999877929688,98.62000274658205,98.7699966430664,122
2026-03-16 03:33:00,98.58999633789062,98.6999969482422,98.5500030517578,98.6500015258789,170
2026-03-16 03:34:00,98.58999633789062,98.68000030517578,98.58000183105467,98.5999984741211,79
2026-03-16 03:35:00,98.72000122070312,98.73999786376952,98.61000061035156,98.61000061035156,71
2026-03-16 03:36:00,98.72000122070312,98.7699966430664,98.72000122070312,98.7300033569336,59
2026-03-16 03:37:00,98.7699966430664,98.7699966430664,98.6999969482422,98.7300033569336,37
2026-03-16 03:38:00,98.77999877929688,98.80999755859376,98.7699966430664,98.77999877929688,52
2026-03-16 03:39:00,98.7300033569336,98.77999877929688,98.66999816894533,98.77999877929688,69
2026-03-16 03:40:00,98.91000366210938,98.91000366210938,98.72000122070312,98.7300033569336,156
2026-03-16 03:41:00,99.04000091552734,99.0500030517578,98.87999725341795,98.91000366210938,161
2026-03-16 03:42:00,99.18000030517578,99.31999969482422,99.0500030517578,99.0500030517578,698
2026-03-16 03:43:00,99.13999938964844,99.20999908447266,99.12999725341795,99.18000030517578,54
2026-03-16 03:44:00,99.05999755859376,99.1500015258789,99.0199966430664,99.12000274658205,50
2026-03-16 03:45:00,99.0500030517578,99.05999755859376,98.97000122070312,99.05999755859376,61
2026-03-16 03:46:00,99.0,99.06999969482422,98.95999908447266,99.06999969482422,54
2026-03-16 03:47:00,98.97000122070312,99.0199966430664,98.94000244140624,99.01000213623048,65
2026-03-16 03:48:00,98.94000244140624,99.0500030517578,98.94000244140624,98.95999908447266,79
2026-03-16 03:49:00,98.9800033569336,99.0,98.93000030517578,98.9499969482422,35
2026-03-16 03:50:00,99.12999725341795,99.12999725341795,98.9800033569336,99.0,54
2026-03-16 03:51:00,99.08000183105467,99.13999938964844,99.08000183105467,99.12999725341795,31
2026-03-16 03:52:00,99.0500030517578,99.06999969482422,99.04000091552734,99.06999969482422,30
2026-03-16 03:53:00,99.13999938964844,99.18000030517578,99.01000213623048,99.04000091552734,62
2026-03-16 03:54:00,99.25,99.33999633789062,99.16999816894533,99.16999816894533,176
2026-03-16 03:55:00,99.3000030517578,99.3000030517578,99.12000274658205,99.23999786376952,61
2026-03-16 03:56:00,99.22000122070312,99.3000030517578,99.19000244140624,99.29000091552734,43
2026-03-16 03:57:00,99.27999877929688,99.29000091552734,99.19000244140624,99.19000244140624,10
2026-03-16 03:58:00,99.2300033569336,99.3000030517578,99.2300033569336,99.2699966430664,17
2026-03-16 04:00:00,99.2300033569336,99.27999877929688,99.22000122070312,99.2699966430664,36
2026-03-16 04:01:00,99.29000091552734,99.36000061035156,99.22000122070312,99.2300033569336,67
2026-03-16 04:02:00,99.41000366210938,99.45999908447266,99.3000030517578,99.3000030517578,137
2026-03-16 04:03:00,99.33999633789062,99.41999816894533,99.30999755859376,99.41999816894533,47
2026-03-16 04:04:00,99.45999908447266,99.55999755859376,99.3499984741211,99.3499984741211,279
2026-03-16 04:05:00,99.37999725341795,99.43000030517578,99.3499984741211,99.43000030517578,37
2026-03-16 04:06:00,99.47000122070312,99.48999786376952,99.37999725341795,99.4000015258789,48
2026-03-16 04:07:00,99.48999786376952,99.51000213623048,99.4499969482422,99.45999908447266,30
2026-03-16 04:08:00,99.41999816894533,99.47000122070312,99.41999816894533,99.47000122070312,25
2026-03-16 04:09:00,99.41000366210938,99.4499969482422,99.4000015258789,99.43000030517578,14
2026-03-16 04:10:00,99.3000030517578,99.38999938964844,99.27999877929688,99.38999938964844,85
2026-03-16 04:11:00,99.26000213623048,99.29000091552734,99.22000122070312,99.29000091552734,97
2026-03-16 04:12:00,99.31999969482422,99.37999725341795,99.25,99.25,58
2026-03-16 04:13:00,99.4000015258789,99.41000366210938,99.3499984741211,99.3499984741211,33
2026-03-16 04:14:00,99.3000030517578,99.37000274658205,99.27999877929688,99.37000274658205,35
2026-03-16 04:15:00,99.3000030517578,99.33000183105467,99.26000213623048,99.29000091552734,51
2026-03-16 04:16:00,99.38999938964844,99.4000015258789,99.31999969482422,99.33999633789062,47
2026-03-16 04:17:00,99.48999786376952,99.54000091552734,99.38999938964844,99.41000366210938,102
2026-03-16 04:18:00,99.5199966430664,99.5199966430664,99.44000244140624,99.45999908447266,31
2026-03-16 04:19:00,99.5,99.5,99.45999908447266,99.48999786376952,16
2026-03-16 04:20:00,99.56999969482422,99.5999984741211,99.5,99.5,57
2026-03-16 04:21:00,99.58000183105467,99.68000030517578,99.56999969482422,99.56999969482422,106
2026-03-16 04:22:00,99.62000274658205,99.62999725341795,99.56999969482422,99.56999969482422,22
2026-03-16 04:23:00,99.61000061035156,99.66000366210938,99.56999969482422,99.63999938964844,50
2026-03-16 04:24:00,99.66999816894533,99.68000030517578,99.5999984741211,99.62000274658205,44
2026-03-16 04:25:00,99.61000061035156,99.6500015258789,99.58999633789062,99.6500015258789,24
2026-03-16 04:26:00,99.55999755859376,99.5999984741211,99.5199966430664,99.58999633789062,34
2026-03-16 04:27:00,99.41000366210938,99.58000183105467,99.41000366210938,99.55999755859376,109
2026-03-16 04:28:00,99.5199966430664,99.5500030517578,99.38999938964844,99.41000366210938,72
2026-03-16 04:29:00,99.5199966430664,99.54000091552734,99.48999786376952,99.52999877929688,17
2026-03-16 04:30:00,99.54000091552734,99.54000091552734,99.52999877929688,99.54000091552734,8
2026-03-16 04:31:00,99.52999877929688,99.54000091552734,99.45999908447266,99.52999877929688,41
2026-03-16 04:32:00,99.58000183105467,99.61000061035156,99.5500030517578,99.5500030517578,81
2026-03-16 04:33:00,99.56999969482422,99.58000183105467,99.54000091552734,99.58000183105467,13
2026-03-16 04:34:00,99.5999984741211,99.63999938964844,99.58000183105467,99.58000183105467,15
2026-03-16 04:35:00,99.72000122070312,99.79000091552734,99.61000061035156,99.62000274658205,167
2026-03-16 04:36:00,99.58000183105467,99.70999908447266,99.58000183105467,99.6999969482422,110
2026-03-16 04:37:00,99.58999633789062,99.5999984741211,99.54000091552734,99.58000183105467,60
2026-03-16 04:38:00,99.5999984741211,99.62000274658205,99.5500030517578,99.61000061035156,39
2026-03-16 04:39:00,99.58999633789062,99.62999725341795,99.58999633789062,99.58999633789062,22
2026-03-16 04:40:00,99.5999984741211,99.61000061035156,99.58999633789062,99.58999633789062,7
2026-03-16 04:41:00,99.58000183105467,99.62000274658205,99.56999969482422,99.62000274658205,16
2026-03-16 04:42:00,99.5999984741211,99.62000274658205,99.58999633789062,99.62000274658205,15
2026-03-16 04:43:00,99.62000274658205,99.66999816894533,99.55999755859376,99.56999969482422,73
2026-03-16 04:44:00,99.5999984741211,99.62999725341795,99.5999984741211,99.62000274658205,19
2026-03-16 04:45:00,99.61000061035156,99.62999725341795,99.5999984741211,99.61000061035156,9
2026-03-16 04:46:00,99.5,99.62000274658205,99.47000122070312,99.62000274658205,81
2026-03-16 04:47:00,99.47000122070312,99.48999786376952,99.47000122070312,99.4800033569336,5
2026-03-16 04:48:00,99.51000213623048,99.51000213623048,99.48999786376952,99.48999786376952,25
2026-03-16 04:49:00,99.48999786376952,99.52999877929688,99.4499969482422,99.5,62
2026-03-16 04:50:00,99.51000213623048,99.54000091552734,99.48999786376952,99.48999786376952,29
2026-03-16 04:51:00,99.5199966430664,99.52999877929688,99.5199966430664,99.52999877929688,4
2026-03-16 04:52:00,99.5,99.52999877929688,99.43000030517578,99.52999877929688,57
2026-03-16 04:53:00,99.5199966430664,99.55999755859376,99.47000122070312,99.47000122070312,33
2026-03-16 04:54:00,99.5199966430664,99.52999877929688,99.5199966430664,99.5199966430664,17
2026-03-16 04:55:00,99.5,99.51000213623048,99.5,99.51000213623048,7
2026-03-16 04:56:00,99.51000213623048,99.51000213623048,99.4800033569336,99.51000213623048,18
2026-03-16 04:57:00,99.5500030517578,99.55999755859376,99.5,99.5199966430664,21
2026-03-16 04:58:00,99.51000213623048,99.58000183105467,99.51000213623048,99.5500030517578,14
2026-03-16 04:59:00,99.52999877929688,99.52999877929688,99.51000213623048,99.5199966430664,6
2026-03-16 05:00:00,99.52999877929688,99.55999755859376,99.52999877929688,99.5500030517578,15
2026-03-16 05:01:00,99.63999938964844,99.66999816894533,99.54000091552734,99.54000091552734,61
2026-03-16 05:02:00,99.58000183105467,99.62999725341795,99.58000183105467,99.62999725341795,37
2026-03-16 05:03:00,99.58000183105467,99.66000366210938,99.58000183105467,99.5999984741211,21
2026-03-16 05:04:00,99.52999877929688,99.5999984741211,99.5,99.5999984741211,28
2026-03-16 05:05:00,99.56999969482422,99.58999633789062,99.52999877929688,99.52999877929688,33
2026-03-16 05:06:00,99.61000061035156,99.63999938964844,99.58999633789062,99.58999633789062,32
2026-03-16 05:07:00,99.51000213623048,99.55999755859376,99.51000213623048,99.55999755859376,26
2026-03-16 05:08:00,99.5,99.56999969482422,99.5,99.5199966430664,43
2026-03-16 05:09:00,99.5,99.5500030517578,99.45999908447266,99.5199966430664,43
2026-03-16 05:10:00,99.52999877929688,99.58000183105467,99.5,99.5199966430664,41
2026-03-16 05:11:00,99.66000366210938,99.69000244140624,99.51000213623048,99.54000091552734,126
2026-03-16 05:12:00,99.52999877929688,99.69000244140624,99.52999877929688,99.6500015258789,26
2026-03-16 05:13:00,99.51000213623048,99.56999969482422,99.51000213623048,99.54000091552734,28
2026-03-16 05:14:00,99.51000213623048,99.52999877929688,99.5,99.5199966430664,21
2026-03-16 05:15:00,99.4499969482422,99.5199966430664,99.43000030517578,99.4800033569336,38
2026-03-16 05:16:00,99.37000274658205,99.43000030517578,99.33999633789062,99.41999816894533,90
2026-03-16 05:17:00,99.41000366210938,99.41000366210938,99.3499984741211,99.3499984741211,20
2026-03-16 05:18:00,99.47000122070312,99.48999786376952,99.41000366210938,99.41000366210938,45
2026-03-16 05:19:00,99.45999908447266,99.47000122070312,99.44000244140624,99.45999908447266,15
2026-03-16 05:20:00,99.3499984741211,99.47000122070312,99.3499984741211,99.47000122070312,32
2026-03-16 05:21:00,99.41000366210938,99.41000366210938,99.3499984741211,99.36000061035156,23
2026-03-16 05:22:00,99.4499969482422,99.4800033569336,99.38999938964844,99.41999816894533,58
2026-03-16 05:23:00,99.48999786376952,99.54000091552734,99.4499969482422,99.4499969482422,34
2026-03-16 05:24:00,99.51000213623048,99.51000213623048,99.4499969482422,99.48999786376952,41
2026-03-16 05:25:00,99.55999755859376,99.56999969482422,99.5,99.5500030517578,20
2026-03-16 05:26:00,99.61000061035156,99.63999938964844,99.58000183105467,99.58000183105467,61
2026-03-16 05:27:00,99.62999725341795,99.66000366210938,99.58999633789062,99.58999633789062,21
2026-03-16 05:28:00,99.5999984741211,99.62999725341795,99.5999984741211,99.62999725341795,9
2026-03-16 05:29:00,99.55999755859376,99.62000274658205,99.55999755859376,99.5999984741211,11
2026-03-16 05:30:00,99.6999969482422,99.73999786376952,99.4499969482422,99.58000183105467,249
2026-03-16 05:31:00,99.69000244140624,99.72000122070312,99.6500015258789,99.6999969482422,47
2026-03-16 05:32:00,99.58999633789062,99.66999816894533,99.55999755859376,99.66999816894533,56
2026-03-16 05:33:00,99.54000091552734,99.62000274658205,99.54000091552734,99.62000274658205,17
2026-03-16 05:34:00,99.56999969482422,99.58999633789062,99.56999969482422,99.56999969482422,16
2026-03-16 05:35:00,99.38999938964844,99.56999969482422,99.36000061035156,99.56999969482422,115
2026-03-16 05:36:00,99.5,99.5500030517578,99.41000366210938,99.41000366210938,50
2026-03-16 05:37:00,99.33999633789062,99.51000213623048,99.2300033569336,99.51000213623048,155
2026-03-16 05:38:00,99.02999877929688,99.33999633789062,98.9000015258789,99.33000183105467,276
2026-03-16 05:39:00,99.11000061035156,99.26000213623048,98.9800033569336,99.02999877929688,185
2026-03-16 05:40:00,99.26000213623048,99.31999969482422,99.08999633789062,99.11000061035156,144
2026-03-16 05:41:00,99.26000213623048,99.27999877929688,99.22000122070312,99.27999877929688,18
2026-03-16 05:42:00,99.16000366210938,99.2300033569336,99.0500030517578,99.2300033569336,87
2026-03-16 05:43:00,99.12000274658205,99.18000030517578,99.12000274658205,99.16999816894533,35
2026-03-16 05:44:00,99.22000122070312,99.23999786376952,99.06999969482422,99.13999938964844,79
2026-03-16 05:45:00,99.16000366210938,99.20999908447266,99.13999938964844,99.1999969482422,25
2026-03-16 05:46:00,99.0,99.12999725341795,99.0,99.12000274658205,60
2026-03-16 05:47:00,98.83999633789062,99.0199966430664,98.7699966430664,99.0199966430664,209
2026-03-16 05:48:00,98.91000366210938,98.94000244140624,98.75,98.9000015258789,120
2026-03-16 05:49:00,98.7699966430664,98.94000244140624,98.7699966430664,98.93000030517578,106
2026-03-16 05:50:00,98.62000274658205,98.80999755859376,98.61000061035156,98.77999877929688,181
2026-03-16 05:51:00,98.75,98.7699966430664,98.62999725341795,98.63999938964844,255
2026-03-16 05:52:00,98.80999755859376,98.8499984741211,98.72000122070312,98.75,122
2026-03-16 05:53:00,98.75,98.80999755859376,98.70999908447266,98.8000030517578,78
2026-03-16 05:54:00,98.77999877929688,98.83000183105467,98.7699966430664,98.7699966430664,71
2026-03-16 05:55:00,98.81999969482422,98.87999725341795,98.7699966430664,98.8000030517578,88
2026-03-16 05:56:00,98.61000061035156,98.8000030517578,98.58999633789062,98.8000030517578,108
2026-03-16 05:57:00,98.5199966430664,98.69000244140624,98.47000122070312,98.5999984741211,224
2026-03-16 05:58:00,98.37000274658205,98.51000213623048,98.31999969482422,98.5,281
2026-03-16 05:59:00,98.4499969482422,98.52999877929688,98.33000183105467,98.37000274658205,190
2026-03-16 06:00:00,98.2699966430664,98.56999969482422,98.1999969482422,98.4499969482422,427
2026-03-16 06:01:00,98.33999633789062,98.4000015258789,98.12000274658205,98.29000091552734,238
2026-03-16 06:02:00,98.4800033569336,98.4800033569336,98.29000091552734,98.31999969482422,115
2026-03-16 06:03:00,98.48999786376952,98.55999755859376,98.44000244140624,98.48999786376952,149
2026-03-16 06:04:00,98.7300033569336,98.7300033569336,98.48999786376952,98.5,169
2026-03-16 06:05:00,98.79000091552734,98.8000030517578,98.58000183105467,98.69000244140624,96
2026-03-16 06:06:00,98.8499984741211,98.95999908447266,98.77999877929688,98.77999877929688,210
2026-03-16 06:07:00,98.77999877929688,98.86000061035156,98.6999969482422,98.83999633789062,94
2026-03-16 06:08:00,98.7300033569336,98.79000091552734,98.72000122070312,98.7699966430664,92
2026-03-16 06:09:00,98.7699966430664,98.80999755859376,98.7300033569336,98.73999786376952,61
2026-03-16 06:10:00,98.87999725341795,98.88999938964844,98.77999877929688,98.77999877929688,87
2026-03-16 06:11:00,98.97000122070312,99.0199966430664,98.81999969482422,98.83999633789062,138
2026-03-16 06:12:00,98.91000366210938,99.0500030517578,98.87000274658205,98.98999786376952,126
2026-03-16 06:13:00,98.87999725341795,98.9499969482422,98.8499984741211,98.88999938964844,53
2026-03-16 06:14:00,99.06999969482422,99.08000183105467,98.87000274658205,98.88999938964844,126
2026-03-16 06:15:00,99.16999816894533,99.25,99.01000213623048,99.05999755859376,125
2026-03-16 06:16:00,99.12000274658205,99.18000030517578,99.0,99.18000030517578,134
2026-03-16 06:17:00,99.1500015258789,99.1500015258789,99.08999633789062,99.11000061035156,103
2026-03-16 06:18:00,99.11000061035156,99.13999938964844,99.08999633789062,99.13999938964844,36
2026-03-16 06:19:00,99.18000030517578,99.1999969482422,99.12000274658205,99.12999725341795,112
2026-03-16 06:20:00,99.12999725341795,99.16000366210938,99.05999755859376,99.16000366210938,89
2026-03-16 06:21:00,99.31999969482422,99.33999633789062,99.1500015258789,99.1500015258789,108
2026-03-16 06:22:00,99.3499984741211,99.36000061035156,99.25,99.30999755859376,88
2026-03-16 06:23:00,99.41999816894533,99.44000244140624,99.30999755859376,99.33999633789062,83
2026-03-16 06:24:00,99.37999725341795,99.44000244140624,99.37999725341795,99.41000366210938,83
2026-03-16 06:25:00,99.37000274658205,99.45999908447266,99.37000274658205,99.4000015258789,149
2026-03-16 06:26:00,99.4499969482422,99.45999908447266,99.33999633789062,99.37000274658205,87
2026-03-16 06:27:00,99.36000061035156,99.4499969482422,99.36000061035156,99.44000244140624,119
2026-03-16 06:28:00,99.3000030517578,99.37999725341795,99.3000030517578,99.37999725341795,80
2026-03-16 06:29:00,99.19000244140624,99.29000091552734,99.19000244140624,99.29000091552734,84
2026-03-16 06:30:00,99.20999908447266,99.30999755859376,99.18000030517578,99.18000030517578,82
2026-03-16 06:31:00,99.27999877929688,99.27999877929688,99.22000122070312,99.22000122070312,54
2026-03-16 06:32:00,99.2699966430664,99.3000030517578,99.25,99.3000030517578,22
2026-03-16 06:33:00,99.3000030517578,99.33000183105467,99.23999786376952,99.2699966430664,70
2026-03-16 06:34:00,99.41999816894533,99.44000244140624,99.29000091552734,99.29000091552734,90
2026-03-16 06:35:00,99.41999816894533,99.45999908447266,99.30999755859376,99.41000366210938,77
2026-03-16 06:36:00,99.31999969482422,99.44000244140624,99.3000030517578,99.43000030517578,96
2026-03-16 06:37:00,99.30999755859376,99.33999633789062,99.3000030517578,99.3000030517578,12
2026-03-16 06:38:00,99.33000183105467,99.33999633789062,99.27999877929688,99.29000091552734,21
2026-03-16 06:39:00,99.31999969482422,99.38999938964844,99.31999969482422,99.33000183105467,33
2026-03-16 06:40:00,99.33999633789062,99.3499984741211,99.26000213623048,99.30999755859376,47
2026-03-16 06:41:00,99.31999969482422,99.37999725341795,99.3000030517578,99.3499984741211,56
2026-03-16 06:42:00,99.20999908447266,99.38999938964844,99.19000244140624,99.33999633789062,112
2026-03-16 06:43:00,99.26000213623048,99.29000091552734,99.20999908447266,99.22000122070312,33
2026-03-16 06:44:00,99.4000015258789,99.44000244140624,99.29000091552734,99.29000091552734,59
2026-03-16 06:45:00,99.37999725341795,99.44000244140624,99.31999969482422,99.37000274658205,90
2026-03-16 06:46:00,99.5999984741211,99.62000274658205,99.36000061035156,99.37999725341795,183
2026-03-16 06:47:00,99.4499969482422,99.69000244140624,99.4499969482422,99.58000183105467,143
2026-03-16 06:48:00,99.23999786376952,99.45999908447266,99.22000122070312,99.4499969482422,99
2026-03-16 06:49:00,99.3000030517578,99.3499984741211,99.2300033569336,99.2300033569336,72
2026-03-16 06:50:00,99.30999755859376,99.3499984741211,99.29000091552734,99.3000030517578,36
2026-03-16 06:51:00,99.31999969482422,99.3499984741211,99.26000213623048,99.27999877929688,36
2026-03-16 06:52:00,99.31999969482422,99.44000244140624,99.29000091552734,99.33000183105467,47
2026-03-16 06:53:00,99.26000213623048,99.3499984741211,99.26000213623048,99.3499984741211,37
2026-03-16 06:54:00,99.0500030517578,99.23999786376952,99.0199966430664,99.23999786376952,160
2026-03-16 06:55:00,99.0999984741211,99.11000061035156,99.0,99.06999969482422,120
2026-03-16 06:56:00,99.05999755859376,99.1500015258789,99.01000213623048,99.11000061035156,60
2026-03-16 06:57:00,99.0199966430664,99.06999969482422,98.97000122070312,99.05999755859376,66
2026-03-16 06:58:00,98.98999786376952,99.04000091552734,98.9499969482422,98.98999786376952,52
2026-03-16 06:59:00,98.91000366210938,98.98999786376952,98.83999633789062,98.9800033569336,144
2026-03-16 07:00:00,98.83000183105467,99.0199966430664,98.75,98.91999816894533,457
2026-03-16 07:01:00,98.7699966430664,98.87000274658205,98.72000122070312,98.83999633789062,188
2026-03-16 07:02:00,98.5999984741211,98.80999755859376,98.5999984741211,98.7699966430664,123
2026-03-16 07:03:00,98.93000030517578,98.93000030517578,98.58999633789062,98.5999984741211,339
2026-03-16 07:04:00,98.93000030517578,99.0,98.83000183105467,98.94000244140624,112
2026-03-16 07:05:00,99.05999755859376,99.08999633789062,98.8499984741211,98.9000015258789,138
2026-03-16 07:06:00,98.97000122070312,99.0999984741211,98.97000122070312,99.0500030517578,104
2026-03-16 07:07:00,99.0500030517578,99.08999633789062,98.97000122070312,98.97000122070312,66
2026-03-16 07:08:00,99.2300033569336,99.25,99.06999969482422,99.08000183105467,100
2026-03-16 07:09:00,99.27999877929688,99.3000030517578,99.1999969482422,99.1999969482422,86
2026-03-16 07:10:00,99.33999633789062,99.43000030517578,99.29000091552734,99.29000091552734,134
2026-03-16 07:11:00,99.2699966430664,99.33000183105467,99.22000122070312,99.33000183105467,60
2026-03-16 07:12:00,99.23999786376952,99.3000030517578,99.18000030517578,99.26000213623048,71
2026-03-16 07:13:00,99.5999984741211,99.5999984741211,99.18000030517578,99.25,631
2026-03-16 07:14:00,99.66000366210938,99.88999938964844,99.58999633789062,99.5999984741211,511
2026-03-16 07:15:00,99.62000274658205,99.68000030517578,99.5199966430664,99.66000366210938,139
2026-03-16 07:16:00,99.7699966430664,99.8499984741211,99.55999755859376,99.56999969482422,163
2026-03-16 07:17:00,99.87999725341795,99.88999938964844,99.73999786376952,99.75,138
2026-03-16 07:18:00,100.11000061035156,100.25,99.8000030517578,99.87000274658205,1007
2026-03-16 07:19:00,100.19000244140624,100.23999786376952,100.0500030517578,100.08999633789062,499
2026-03-16 07:20:00,100.12000274658205,100.26000213623048,100.11000061035156,100.19000244140624,138
2026-03-16 07:21:00,100.11000061035156,100.1999969482422,100.05999755859376,100.12999725341795,112
2026-03-16 07:22:00,100.20999908447266,100.20999908447266,100.08999633789062,100.12000274658205,173
2026-03-16 07:23:00,100.30999755859376,100.36000061035156,100.1999969482422,100.1999969482422,305
2026-03-16 07:24:00,100.16999816894533,100.3499984741211,100.12999725341795,100.30999755859376,248
2026-03-16 07:25:00,100.25,100.26000213623048,100.18000030517578,100.1999969482422,191
2026-03-16 07:26:00,100.44000244140624,100.47000122070312,100.22000122070312,100.2699966430664,225
2026-03-16 07:27:00,100.41000366210938,100.48999786376952,100.4000015258789,100.4499969482422,193
2026-03-16 07:28:00,100.41000366210938,100.4499969482422,100.37999725341795,100.41999816894533,91
2026-03-16 07:29:00,100.38999938964844,100.5,100.33999633789062,100.43000030517578,272
2026-03-16 07:30:00,100.5199966430664,100.6500015258789,100.3000030517578,100.38999938964844,463
2026-03-16 07:31:00,100.30999755859376,100.52999877929688,100.26000213623048,100.5199966430664,244
2026-03-16 07:32:00,100.38999938964844,100.47000122070312,100.25,100.3000030517578,160
2026-03-16 07:33:00,100.4000015258789,100.4800033569336,100.30999755859376,100.41000366210938,151
2026-03-16 07:34:00,100.76000213623048,101.02999877929688,100.4000015258789,100.4000015258789,1112
2026-03-16 07:35:00,100.70999908447266,100.8499984741211,100.69000244140624,100.75,193
2026-03-16 07:36:00,100.79000091552734,100.91999816894533,100.6999969482422,100.7300033569336,254
2026-03-16 07:37:00,100.66999816894533,100.79000091552734,100.63999938964844,100.79000091552734,89
2026-03-16 07:38:00,100.69000244140624,100.7699966430664,100.6500015258789,100.69000244140624,136
2026-03-16 07:39:00,100.6999969482422,100.6999969482422,100.56999969482422,100.66999816894533,220
2026-03-16 07:40:00,100.6999969482422,100.81999969482422,100.66999816894533,100.70999908447266,172
2026-03-16 07:41:00,100.80999755859376,100.80999755859376,100.66000366210938,100.70999908447266,153
2026-03-16 07:42:00,100.68000030517578,100.80999755859376,100.63999938964844,100.80999755859376,127
2026-03-16 07:43:00,100.8000030517578,100.8499984741211,100.68000030517578,100.68000030517578,180
2026-03-16 07:44:00,100.62999725341795,100.80999755859376,100.62999725341795,100.80999755859376,181
2026-03-16 07:45:00,100.77999877929688,100.79000091552734,100.63999938964844,100.63999938964844,63
2026-03-16 07:46:00,100.81999969482422,100.87000274658205,100.7300033569336,100.79000091552734,112
2026-03-16 07:47:00,100.8499984741211,100.87999725341795,100.7300033569336,100.80999755859376,112
2026-03-16 07:48:00,100.91999816894533,100.98999786376952,100.83000183105467,100.87000274658205,256
2026-03-16 07:49:00,100.87999725341795,100.91999816894533,100.8000030517578,100.91999816894533,98
2026-03-16 07:50:00,100.77999877929688,100.88999938964844,100.76000213623048,100.88999938964844,63
2026-03-16 07:51:00,100.7699966430664,100.77999877929688,100.69000244140624,100.7699966430664,81
2026-03-16 07:52:00,100.66999816894533,100.8000030517578,100.66000366210938,100.77999877929688,68
2026-03-16 07:53:00,100.72000122070312,100.72000122070312,100.63999938964844,100.68000030517578,68
2026-03-16 07:54:00,100.66999816894533,100.7699966430664,100.66999816894533,100.73999786376952,58
2026-03-16 07:55:00,100.6999969482422,100.73999786376952,100.66999816894533,100.6999969482422,56
2026-03-16 07:56:00,100.79000091552734,100.79000091552734,100.70999908447266,100.7300033569336,77
2026-03-16 07:57:00,100.58000183105467,100.73999786376952,100.5199966430664,100.73999786376952,149
2026-03-16 07:58:00,100.38999938964844,100.62999725341795,100.33999633789062,100.58999633789062,200
2026-03-16 07:59:00,100.48999786376952,100.5199966430664,100.3000030517578,100.4000015258789,259
2026-03-16 08:00:00,100.1999969482422,100.51000213623048,100.12000274658205,100.51000213623048,519
2026-03-16 08:01:00,100.38999938964844,100.41000366210938,100.1999969482422,100.1999969482422,223
2026-03-16 08:02:00,100.2699966430664,100.37999725341795,100.25,100.3499984741211,158
2026-03-16 08:03:00,100.38999938964844,100.41999816894533,100.27999877929688,100.27999877929688,227
2026-03-16 08:04:00,100.4800033569336,100.62000274658205,100.37000274658205,100.4000015258789,297
2026-03-16 08:05:00,100.41999816894533,100.55999755859376,100.37999725341795,100.5,163
2026-03-16 08:06:00,100.33999633789062,100.44000244140624,100.3000030517578,100.41999816894533,216
2026-03-16 08:07:00,100.3499984741211,100.41999816894533,100.23999786376952,100.33000183105467,520
2026-03-16 08:08:00,100.43000030517578,100.56999969482422,100.36000061035156,100.37000274658205,381
2026-03-16 08:09:00,100.37999725341795,100.47000122070312,100.3499984741211,100.44000244140624,118
2026-03-16 08:10:00,100.37999725341795,100.41999816894533,100.3499984741211,100.4000015258789,120
2026-03-16 08:11:00,100.55999755859376,100.58999633789062,100.37000274658205,100.38999938964844,199
2026-03-16 08:12:00,100.66999816894533,100.70999908447266,100.52999877929688,100.58999633789062,256
2026-03-16 08:13:00,100.69000244140624,100.9000015258789,100.69000244140624,100.70999908447266,619
2026-03-16 08:14:00,100.80999755859376,100.83000183105467,100.61000061035156,100.70999908447266,220
2026-03-16 08:15:00,100.7300033569336,100.88999938964844,100.68000030517578,100.8499984741211,368
2026-03-16 08:16:00,100.68000030517578,100.72000122070312,100.6500015258789,100.70999908447266,198
2026-03-16 08:17:00,100.66999816894533,100.7300033569336,100.66000366210938,100.6999969482422,87
2026-03-16 08:18:00,100.73999786376952,100.76000213623048,100.62000274658205,100.68000030517578,228
2026-03-16 08:19:00,100.62999725341795,100.77999877929688,100.5999984741211,100.76000213623048,342
2026-03-16 08:20:00,100.79000091552734,100.86000061035156,100.55999755859376,100.63999938964844,197
2026-03-16 08:21:00,100.62000274658205,100.80999755859376,100.61000061035156,100.79000091552734,109
2026-03-16 08:22:00,100.26000213623048,100.62000274658205,100.1999969482422,100.62000274658205,588
2026-03-16 08:23:00,100.08000183105467,100.29000091552734,99.97000122070312,100.26000213623048,387
2026-03-16 08:24:00,100.1500015258789,100.18000030517578,100.0,100.12000274658205,272
2026-03-16 08:25:00,100.27999877929688,100.3499984741211,100.16000366210938,100.16000366210938,239
2026-03-16 08:26:00,100.27999877929688,100.31999969482422,100.18000030517578,100.29000091552734,242
2026-03-16 08:27:00,100.06999969482422,100.31999969482422,100.06999969482422,100.29000091552734,268
2026-03-16 08:28:00,100.0999984741211,100.16999816894533,100.01000213623048,100.05999755859376,247
2026-03-16 08:29:00,100.22000122070312,100.2300033569336,99.87000274658205,100.08999633789062,1242
2026-03-16 08:30:00,100.04000091552734,100.2300033569336,100.01000213623048,100.20999908447266,530
2026-03-16 08:31:00,100.0,100.20999908447266,99.91000366210938,100.0500030517578,444
2026-03-16 08:32:00,100.0999984741211,100.16999816894533,99.9800033569336,100.01000213623048,225
2026-03-16 08:33:00,100.33000183105467,100.43000030517578,100.04000091552734,100.08000183105467,389
2026-03-16 08:34:00,100.3499984741211,100.41999816894533,100.19000244140624,100.3499984741211,333
2026-03-16 08:35:00,100.43000030517578,100.47000122070312,100.30999755859376,100.31999969482422,198
2026-03-16 08:36:00,100.31999969482422,100.56999969482422,100.31999969482422,100.45999908447266,317
2026-03-16 08:37:00,100.36000061035156,100.47000122070312,100.33000183105467,100.36000061035156,210
2026-03-16 08:38:00,100.37000274658205,100.52999877929688,100.30999755859376,100.37000274658205,213
2026-03-16 08:39:00,100.52999877929688,100.5500030517578,100.37000274658205,100.37000274658205,130
2026-03-16 08:40:00,100.72000122070312,100.72000122070312,100.5,100.54000091552734,190
2026-03-16 08:41:00,100.62999725341795,100.7699966430664,100.62999725341795,100.73999786376952,111
2026-03-16 08:42:00,100.54000091552734,100.69000244140624,100.51000213623048,100.62999725341795,138
2026-03-16 08:43:00,100.5500030517578,100.62999725341795,100.51000213623048,100.52999877929688,127
2026-03-16 08:44:00,100.38999938964844,100.56999969482422,100.38999938964844,100.52999877929688,135
2026-03-16 08:45:00,100.29000091552734,100.41000366210938,100.26000213623048,100.38999938964844,239
2026-03-16 08:46:00,100.1500015258789,100.27999877929688,100.11000061035156,100.27999877929688,247
2026-03-16 08:47:00,100.1500015258789,100.23999786376952,100.13999938964844,100.1500015258789,205
2026-03-16 08:48:00,100.0999984741211,100.1999969482422,100.06999969482422,100.16999816894533,150
2026-03-16 08:49:00,100.26000213623048,100.27999877929688,100.0999984741211,100.0999984741211,123
2026-03-16 08:50:00,100.2300033569336,100.33000183105467,100.12000274658205,100.23999786376952,420
2026-03-16 08:51:00,100.16000366210938,100.23999786376952,100.0999984741211,100.23999786376952,181
2026-03-16 08:52:00,99.79000091552734,100.13999938964844,99.7300033569336,100.13999938964844,336
2026-03-16 08:53:00,99.93000030517578,99.98999786376952,99.79000091552734,99.79000091552734,254
2026-03-16 08:54:00,99.86000061035156,99.93000030517578,99.73999786376952,99.93000030517578,146
2026-03-16 08:55:00,99.7699966430664,99.91999816894533,99.76000213623048,99.8499984741211,165
2026-03-16 08:56:00,99.63999938964844,99.79000091552734,99.63999938964844,99.77999877929688,281
2026-03-16 08:57:00,99.62000274658205,99.81999969482422,99.54000091552734,99.66000366210938,400
2026-03-16 08:58:00,99.77999877929688,99.8000030517578,99.56999969482422,99.5999984741211,227
2026-03-16 08:59:00,99.7699966430664,99.86000061035156,99.73999786376952,99.8000030517578,166
2026-03-16 09:00:00,99.81999969482422,99.95999908447266,99.6500015258789,99.76000213623048,385
2026-03-16 09:01:00,99.88999938964844,99.91999816894533,99.7300033569336,99.77999877929688,114
2026-03-16 09:02:00,100.06999969482422,100.06999969482422,99.87999725341795,99.9000015258789,185
2026-03-16 09:03:00,99.94000244140624,100.08000183105467,99.94000244140624,100.08000183105467,74
2026-03-16 09:04:00,100.0,100.04000091552734,99.94000244140624,99.9800033569336,88
2026-03-16 09:05:00,100.05999755859376,100.11000061035156,99.95999908447266,100.02999877929688,179
2026-03-16 09:06:00,99.97000122070312,100.06999969482422,99.93000030517578,100.04000091552734,132
2026-03-16 09:07:00,99.98999786376952,100.01000213623048,99.87000274658205,99.94000244140624,142
2026-03-16 09:08:00,100.12000274658205,100.13999938964844,99.94000244140624,100.02999877929688,207
2026-03-16 09:09:00,100.22000122070312,100.27999877929688,100.08999633789062,100.13999938964844,446
2026-03-16 09:10:00,100.13999938964844,100.2300033569336,100.08999633789062,100.2300033569336,169
2026-03-16 09:11:00,100.0,100.1500015258789,99.95999908447266,100.1500015258789,223
2026-03-16 09:12:00,100.0500030517578,100.05999755859376,99.95999908447266,100.01000213623048,59
2026-03-16 09:13:00,99.83000183105467,100.0500030517578,99.75,100.0500030517578,253
2026-03-16 09:14:00,99.81999969482422,99.88999938964844,99.77999877929688,99.83999633789062,158
2026-03-16 09:15:00,99.7699966430664,99.8499984741211,99.70999908447266,99.80999755859376,119
2026-03-16 09:16:00,99.66999816894533,99.87000274658205,99.66999816894533,99.75,134
2026-03-16 09:17:00,99.52999877929688,99.70999908447266,99.48999786376952,99.70999908447266,195
2026-03-16 09:18:00,99.41999816894533,99.55999755859376,99.4000015258789,99.5199966430664,253
2026-03-16 09:19:00,99.52999877929688,99.58000183105467,99.33999633789062,99.41000366210938,309
2026-03-16 09:20:00,99.47000122070312,99.52999877929688,99.4499969482422,99.52999877929688,107
2026-03-16 09:21:00,99.37999725341795,99.48999786376952,99.26000213623048,99.48999786376952,274
2026-03-16 09:22:00,99.4800033569336,99.5,99.3499984741211,99.38999938964844,144
2026-03-16 09:23:00,99.31999969482422,99.5,99.3000030517578,99.4800033569336,147
2026-03-16 09:24:00,99.33000183105467,99.37000274658205,99.3000030517578,99.3499984741211,113
2026-03-16 09:25:00,99.37999725341795,99.4499969482422,99.31999969482422,99.33000183105467,160
2026-03-16 09:26:00,99.36000061035156,99.4499969482422,99.33000183105467,99.3499984741211,140
2026-03-16 09:27:00,99.33999633789062,99.48999786376952,99.29000091552734,99.37999725341795,244
2026-03-16 09:28:00,99.1500015258789,99.37000274658205,99.12000274658205,99.33999633789062,539
2026-03-16 09:29:00,99.2699966430664,99.33000183105467,99.1500015258789,99.16999816894533,166
2026-03-16 09:30:00,99.2300033569336,99.30999755859376,99.22000122070312,99.23999786376952,96
2026-03-16 09:31:00,99.18000030517578,99.3000030517578,99.16999816894533,99.25,84
2026-03-16 09:32:00,99.20999908447266,99.3000030517578,99.18000030517578,99.18000030517578,183
2026-03-16 09:33:00,99.3000030517578,99.38999938964844,99.1999969482422,99.1999969482422,195
2026-03-16 09:34:00,99.3499984741211,99.41000366210938,99.2300033569336,99.3000030517578,165
2026-03-16 09:35:00,99.2699966430664,99.33999633789062,99.26000213623048,99.33999633789062,105
2026-03-16 09:36:00,99.12000274658205,99.31999969482422,98.9499969482422,99.26000213623048,418
2026-03-16 09:37:00,99.02999877929688,99.29000091552734,98.87000274658205,99.16999816894533,401
2026-03-16 09:38:00,99.04000091552734,99.08000183105467,98.91999816894533,99.01000213623048,139
2026-03-16 09:39:00,99.11000061035156,99.16000366210938,99.04000091552734,99.04000091552734,70
2026-03-16 09:40:00,99.18000030517578,99.18000030517578,99.01000213623048,99.0999984741211,135
2026-03-16 09:41:00,99.25,99.2699966430664,99.11000061035156,99.19000244140624,200
2026-03-16 09:42:00,99.05999755859376,99.25,99.04000091552734,99.23999786376952,158
2026-03-16 09:43:00,99.0999984741211,99.0999984741211,99.0199966430664,99.08000183105467,99
2026-03-16 09:44:00,99.04000091552734,99.12999725341795,99.01000213623048,99.06999969482422,132
2026-03-16 09:45:00,99.0199966430664,99.08000183105467,99.0,99.01000213623048,95
2026-03-16 09:46:00,98.83000183105467,99.04000091552734,98.73999786376952,99.0199966430664,394
2026-03-16 09:47:00,98.66000366210938,98.87000274658205,98.66000366210938,98.81999969482422,227
2026-03-16 09:48:00,98.6999969482422,98.7300033569336,98.61000061035156,98.68000030517578,172
2026-03-16 09:49:00,98.81999969482422,98.83999633789062,98.66999816894533,98.68000030517578,232
2026-03-16 09:50:00,98.87999725341795,98.93000030517578,98.7699966430664,98.80999755859376,173
2026-03-16 09:51:00,98.81999969482422,98.9800033569336,98.8000030517578,98.88999938964844,183
2026-03-16 09:52:00,98.83000183105467,98.87000274658205,98.79000091552734,98.80999755859376,118
2026-03-16 09:53:00,98.8499984741211,98.88999938964844,98.73999786376952,98.80999755859376,157
2026-03-16 09:54:00,98.7699966430664,98.91000366210938,98.76000213623048,98.87000274658205,128
2026-03-16 09:55:00,98.77999877929688,98.83999633789062,98.6999969482422,98.7699966430664,203
2026-03-16 09:56:00,98.87000274658205,98.93000030517578,98.7300033569336,98.79000091552734,150
2026-03-16 09:57:00,99.05999755859376,99.16000366210938,98.88999938964844,98.88999938964844,262
2026-03-16 09:58:00,99.04000091552734,99.19000244140624,98.97000122070312,99.05999755859376,342
2026-03-16 09:59:00,99.1500015258789,99.22000122070312,99.05999755859376,99.05999755859376,289
2026-03-16 10:00:00,99.20999908447266,99.3000030517578,99.0199966430664,99.11000061035156,340
2026-03-16 10:01:00,98.91999816894533,99.19000244140624,98.91999816894533,99.19000244140624,308
2026-03-16 10:02:00,99.0500030517578,99.0500030517578,98.8499984741211,98.9000015258789,221
2026-03-16 10:03:00,98.9499969482422,99.08999633789062,98.9499969482422,99.05999755859376,101
2026-03-16 10:04:00,98.80999755859376,98.98999786376952,98.73999786376952,98.97000122070312,199
2026-03-16 10:05:00,98.79000091552734,98.81999969482422,98.73999786376952,98.77999877929688,97
2026-03-16 10:06:00,98.72000122070312,98.80999755859376,98.61000061035156,98.77999877929688,192
2026-03-16 10:07:00,98.75,98.81999969482422,98.6999969482422,98.72000122070312,140
2026-03-16 10:08:00,98.66999816894533,98.83999633789062,98.66999816894533,98.73999786376952,221
2026-03-16 10:09:00,98.51000213623048,98.76000213623048,98.47000122070312,98.66999816894533,560
2026-03-16 10:10:00,98.5999984741211,98.70999908447266,98.51000213623048,98.51000213623048,235
2026-03-16 10:11:00,98.5,98.61000061035156,98.44000244140624,98.5999984741211,301
2026-03-16 10:12:00,98.4000015258789,98.5,98.37999725341795,98.48999786376952,315
2026-03-16 10:13:00,98.4000015258789,98.41000366210938,98.23999786376952,98.37999725341795,266
2026-03-16 10:14:00,98.4800033569336,98.51000213623048,98.37000274658205,98.38999938964844,318
2026-03-16 10:15:00,98.4000015258789,98.4800033569336,98.3000030517578,98.4800033569336,179
2026-03-16 10:16:00,98.43000030517578,98.47000122070312,98.3000030517578,98.38999938964844,217
2026-03-16 10:17:00,98.33999633789062,98.43000030517578,98.31999969482422,98.37999725341795,152
2026-03-16 10:18:00,98.33000183105467,98.44000244140624,98.31999969482422,98.36000061035156,128
2026-03-16 10:19:00,98.0999984741211,98.3499984741211,98.06999969482422,98.33999633789062,411
2026-03-16 10:20:00,98.04000091552734,98.19000244140624,97.91000366210938,98.0999984741211,523
2026-03-16 10:21:00,97.8499984741211,98.0500030517578,97.8000030517578,98.0500030517578,363
2026-03-16 10:22:00,97.97000122070312,98.0,97.69000244140624,97.8499984741211,716
2026-03-16 10:23:00,98.06999969482422,98.08000183105467,97.88999938964844,97.98999786376952,538
2026-03-16 10:24:00,98.0199966430664,98.20999908447266,98.0,98.05999755859376,351
2026-03-16 10:25:00,97.86000061035156,98.04000091552734,97.70999908447266,98.04000091552734,413
2026-03-16 10:26:00,97.76000213623048,97.91999816894533,97.75,97.8499984741211,212
2026-03-16 10:27:00,97.62999725341795,97.7699966430664,97.54000091552734,97.7699966430664,422
2026-03-16 10:28:00,97.66000366210938,97.72000122070312,97.56999969482422,97.61000061035156,317
2026-03-16 10:29:00,97.62999725341795,97.70999908447266,97.58999633789062,97.63999938964844,200
2026-03-16 10:30:00,97.55999755859376,97.6999969482422,97.4800033569336,97.63999938964844,430
2026-03-16 10:31:00,97.62000274658205,97.66999816894533,97.47000122070312,97.55999755859376,171
2026-03-16 10:32:00,97.45999908447266,97.62999725341795,97.41000366210938,97.62000274658205,242
2026-03-16 10:33:00,97.58000183105467,97.58999633789062,97.3499984741211,97.47000122070312,250
2026-03-16 10:34:00,97.7699966430664,97.79000091552734,97.58999633789062,97.58999633789062,253
2026-03-16 10:35:00,97.9000015258789,97.94000244140624,97.75,97.75,420
2026-03-16 10:36:00,97.87000274658205,97.94000244140624,97.83000183105467,97.91000366210938,296
2026-03-16 10:37:00,97.8499984741211,97.86000061035156,97.61000061035156,97.86000061035156,293
2026-03-16 10:38:00,97.77999877929688,97.87999725341795,97.77999877929688,97.8499984741211,132
2026-03-16 10:39:00,97.66999816894533,97.8499984741211,97.66000366210938,97.79000091552734,155
2026-03-16 10:40:00,97.68000030517578,97.68000030517578,97.5500030517578,97.66000366210938,103
2026-03-16 10:41:00,97.66999816894533,97.76000213623048,97.66999816894533,97.69000244140624,148
2026-03-16 10:42:00,97.58000183105467,97.7300033569336,97.06999969482422,97.68000030517578,1170
2026-03-16 10:43:00,97.48999786376952,97.69000244140624,97.43000030517578,97.58999633789062,539
2026-03-16 10:44:00,97.4499969482422,97.52999877929688,97.4000015258789,97.51000213623048,250
2026-03-16 10:45:00,97.30999755859376,97.48999786376952,97.25,97.45999908447266,169
2026-03-16 10:46:00,97.27999877929688,97.54000091552734,97.27999877929688,97.30999755859376,215
2026-03-16 10:47:00,97.37000274658205,97.41999816894533,97.2699966430664,97.29000091552734,153
2026-03-16 10:48:00,97.16999816894533,97.4000015258789,97.12000274658205,97.4000015258789,467
2026-03-16 10:49:00,97.18000030517578,97.31999969482422,97.18000030517578,97.19000244140624,139
2026-03-16 10:50:00,97.3499984741211,97.37000274658205,97.1999969482422,97.22000122070312,305
2026-03-16 10:51:00,97.27999877929688,97.47000122070312,97.26000213623048,97.37000274658205,200
2026-03-16 10:52:00,97.12999725341795,97.25,97.05999755859376,97.23999786376952,338
2026-03-16 10:53:00,97.1500015258789,97.22000122070312,97.01000213623048,97.16000366210938,398
2026-03-16 10:54:00,97.1500015258789,97.26000213623048,97.08000183105467,97.16000366210938,189
2026-03-16 10:55:00,96.97000122070312,97.16999816894533,96.87000274658205,97.1500015258789,293
2026-03-16 10:56:00,97.08999633789062,97.08999633789062,96.88999938964844,96.98999786376952,208
2026-03-16 10:57:00,97.12000274658205,97.19000244140624,97.01000213623048,97.06999969482422,165
2026-03-16 10:58:00,96.94000244140624,97.22000122070312,96.93000030517578,97.13999938964844,340
2026-03-16 10:59:00,96.83999633789062,97.02999877929688,96.66999816894533,96.91999816894533,1012
2026-03-16 11:00:00,97.0999984741211,97.12000274658205,96.66000366210938,96.83000183105467,606
2026-03-16 11:01:00,97.12999725341795,97.16000366210938,97.01000213623048,97.08999633789062,271
2026-03-16 11:02:00,97.23999786376952,97.25,97.0999984741211,97.13999938964844,557
2026-03-16 11:03:00,97.18000030517578,97.37000274658205,97.1500015258789,97.25,267
2026-03-16 11:04:00,97.12999725341795,97.23999786376952,97.06999969482422,97.16999816894533,298
2026-03-16 11:05:00,97.01000213623048,97.1500015258789,96.9499969482422,97.1500015258789,259
2026-03-16 11:06:00,97.05999755859376,97.12999725341795,96.9800033569336,97.0199966430664,262
2026-03-16 11:07:00,97.0999984741211,97.16000366210938,97.0500030517578,97.06999969482422,337
2026-03-16 11:08:00,97.08999633789062,97.12000274658205,97.0,97.08000183105467,329
2026-03-16 11:09:00,97.22000122070312,97.25,97.0,97.06999969482422,405
2026-03-16 11:10:00,97.1999969482422,97.29000091552734,97.12999725341795,97.20999908447266,313
2026-03-16 11:11:00,97.11000061035156,97.1999969482422,97.0999984741211,97.19000244140624,106
2026-03-16 11:12:00,97.0,97.08999633789062,96.86000061035156,97.08999633789062,555
2026-03-16 11:13:00,97.11000061035156,97.1500015258789,96.94000244140624,96.98999786376952,145
2026-03-16 11:14:00,97.13999938964844,97.18000030517578,97.01000213623048,97.0999984741211,222
2026-03-16 11:15:00,97.04000091552734,97.13999938964844,97.0,97.12000274658205,299
2026-03-16 11:16:00,96.94000244140624,97.05999755859376,96.87000274658205,97.04000091552734,248
2026-03-16 11:17:00,96.83999633789062,96.9499969482422,96.70999908447266,96.9499969482422,415
2026-03-16 11:18:00,96.87000274658205,97.01000213623048,96.83000183105467,96.83000183105467,280
2026-03-16 11:19:00,97.0,97.0199966430664,96.8499984741211,96.87999725341795,283
2026-03-16 11:20:00,97.25,97.29000091552734,96.97000122070312,96.9800033569336,435
2026-03-16 11:21:00,97.18000030517578,97.31999969482422,97.13999938964844,97.25,219
2026-03-16 11:22:00,97.29000091552734,97.33000183105467,97.16999816894533,97.18000030517578,153
2026-03-16 11:23:00,97.38999938964844,97.45999908447266,97.27999877929688,97.3000030517578,308
2026-03-16 11:24:00,97.41000366210938,97.4800033569336,97.33000183105467,97.38999938964844,320
2026-03-16 11:25:00,97.41000366210938,97.4499969482422,97.3000030517578,97.41000366210938,258
2026-03-16 11:26:00,97.5999984741211,97.66999816894533,97.3499984741211,97.4000015258789,651
2026-03-16 11:27:00,97.5500030517578,97.68000030517578,97.5199966430664,97.62000274658205,467
2026-03-16 11:28:00,97.75,97.75,97.5199966430664,97.5500030517578,564
2026-03-16 11:29:00,97.61000061035156,97.81999969482422,97.5999984741211,97.75,480
2026-03-16 11:30:00,97.33999633789062,97.58999633789062,97.29000091552734,97.58999633789062,514
2026-03-16 11:31:00,97.52999877929688,97.61000061035156,97.33000183105467,97.33000183105467,2734
2026-03-16 11:32:00,97.41999816894533,97.55999755859376,97.36000061035156,97.5199966430664,1139
2026-03-16 11:33:00,97.37000274658205,97.54000091552734,97.30999755859376,97.41999816894533,1814
2026-03-16 11:34:00,97.4000015258789,97.45999908447266,97.29000091552734,97.37999725341795,303
2026-03-16 11:35:00,97.36000061035156,97.41000366210938,97.30999755859376,97.38999938964844,115
2026-03-16 11:36:00,97.18000030517578,97.37999725341795,97.12999725341795,97.37000274658205,462
2026-03-16 11:37:00,97.41000366210938,97.4800033569336,97.12000274658205,97.20999908447266,425
2026-03-16 11:38:00,97.41999816894533,97.47000122070312,97.33000183105467,97.41999816894533,207
2026-03-16 11:39:00,97.41999816894533,97.5199966430664,97.41999816894533,97.41999816894533,212
2026-03-16 11:40:00,97.33999633789062,97.48999786376952,97.33000183105467,97.41000366210938,151
2026-03-16 11:41:00,97.33000183105467,97.41000366210938,97.18000030517578,97.3499984741211,271
2026-03-16 11:42:00,97.22000122070312,97.3000030517578,97.19000244140624,97.3000030517578,72
2026-03-16 11:43:00,97.16000366210938,97.29000091552734,97.01000213623048,97.20999908447266,620
2026-03-16 11:44:00,97.13999938964844,97.3000030517578,97.13999938964844,97.16000366210938,111
2026-03-16 11:45:00,97.19000244140624,97.19000244140624,97.08000183105467,97.12999725341795,192
2026-03-16 11:46:00,97.1999969482422,97.26000213623048,97.1500015258789,97.16999816894533,211
2026-03-16 11:47:00,97.0500030517578,97.48999786376952,96.81999969482422,97.19000244140624,1355
2026-03-16 11:48:00,97.16000366210938,97.29000091552734,97.0199966430664,97.05999755859376,298
2026-03-16 11:49:00,97.16999816894533,97.16999816894533,97.06999969482422,97.12999725341795,110
2026-03-16 11:50:00,97.2300033569336,97.30999755859376,97.08999633789062,97.20999908447266,231
2026-03-16 11:51:00,97.29000091552734,97.3499984741211,97.16999816894533,97.20999908447266,184
2026-03-16 11:52:00,97.26000213623048,97.30999755859376,97.2300033569336,97.3000030517578,215
2026-03-16 11:53:00,97.16000366210938,97.26000213623048,97.12999725341795,97.23999786376952,244
2026-03-16 11:54:00,97.19000244140624,97.25,97.12999725341795,97.18000030517578,207
2026-03-16 11:55:00,97.04000091552734,97.18000030517578,97.0,97.18000030517578,210
2026-03-16 11:56:00,96.9800033569336,97.08999633789062,96.95999908447266,97.0500030517578,116
2026-03-16 11:57:00,96.87999725341795,97.01000213623048,96.80999755859376,96.98999786376952,304
2026-03-16 11:58:00,96.91000366210938,96.95999908447266,96.86000061035156,96.87999725341795,516
2026-03-16 11:59:00,96.98999786376952,97.0500030517578,96.87999725341795,96.91000366210938,149
2026-03-16 12:00:00,97.08999633789062,97.08999633789062,96.93000030517578,97.0199966430664,211
2026-03-16 12:01:00,96.9499969482422,97.23999786376952,96.9499969482422,97.0999984741211,311
2026-03-16 12:02:00,97.12000274658205,97.13999938964844,96.98999786376952,96.98999786376952,129
2026-03-16 12:03:00,97.22000122070312,97.23999786376952,97.11000061035156,97.12000274658205,200
2026-03-16 12:04:00,97.16999816894533,97.23999786376952,97.0999984741211,97.2300033569336,129
2026-03-16 12:05:00,97.23999786376952,97.27999877929688,97.11000061035156,97.18000030517578,306
2026-03-16 12:06:00,97.1999969482422,97.25,97.12999725341795,97.23999786376952,141
2026-03-16 12:07:00,97.30999755859376,97.37999725341795,97.13999938964844,97.22000122070312,283
2026-03-16 12:08:00,97.18000030517578,97.4000015258789,97.16999816894533,97.3000030517578,350
2026-03-16 12:09:00,97.16999816894533,97.20999908447266,97.05999755859376,97.19000244140624,210
2026-03-16 12:10:00,97.0999984741211,97.23999786376952,97.08999633789062,97.16999816894533,193
2026-03-16 12:11:00,96.8000030517578,97.1999969482422,96.7300033569336,97.11000061035156,502
2026-03-16 12:12:00,96.4800033569336,96.80999755859376,96.2699966430664,96.79000091552734,1444
2026-03-16 12:13:00,96.5500030517578,96.61000061035156,96.36000061035156,96.51000213623048,417
2026-03-16 12:14:00,96.8000030517578,96.87999725341795,96.47000122070312,96.56999969482422,339
2026-03-16 12:15:00,96.66000366210938,96.93000030517578,96.66000366210938,96.79000091552734,248
2026-03-16 12:16:00,96.6500015258789,96.7699966430664,96.5,96.6500015258789,325
2026-03-16 12:17:00,96.6999969482422,96.6999969482422,96.5500030517578,96.66999816894533,156
2026-03-16 12:18:00,96.76000213623048,96.76000213623048,96.68000030517578,96.69000244140624,148
2026-03-16 12:19:00,96.6999969482422,96.80999755859376,96.63999938964844,96.73999786376952,128
2026-03-16 12:20:00,96.91999816894533,96.91999816894533,96.72000122070312,96.72000122070312,146
2026-03-16 12:21:00,96.94000244140624,97.06999969482422,96.91000366210938,96.91000366210938,433
2026-03-16 12:22:00,97.0,97.04000091552734,96.88999938964844,96.91999816894533,187
2026-03-16 12:23:00,96.91999816894533,97.04000091552734,96.91000366210938,96.98999786376952,140
2026-03-16 12:24:00,96.9499969482422,97.0,96.87999725341795,96.91999816894533,172
2026-03-16 12:25:00,96.86000061035156,97.0199966430664,96.83999633789062,96.94000244140624,147
2026-03-16 12:26:00,96.77999877929688,96.8499984741211,96.6999969482422,96.8499984741211,193
2026-03-16 12:27:00,96.8000030517578,96.87999725341795,96.7300033569336,96.76000213623048,119
2026-03-16 12:28:00,96.81999969482422,96.9000015258789,96.7699966430664,96.80999755859376,220
2026-03-16 12:29:00,96.63999938964844,96.9499969482422,96.5999984741211,96.81999969482422,544
2026-03-16 12:30:00,96.66000366210938,96.72000122070312,96.5500030517578,96.63999938964844,331
2026-03-16 12:31:00,96.4000015258789,96.66999816894533,96.37999725341795,96.63999938964844,739
2026-03-16 12:32:00,96.20999908447266,96.41999816894533,96.1999969482422,96.4000015258789,906
2026-03-16 12:33:00,96.01000213623048,96.37000274658205,95.91000366210938,96.1999969482422,1040
2026-03-16 12:34:00,95.91000366210938,96.02999877929688,95.55999755859376,96.0199966430664,2164
2026-03-16 12:35:00,95.91000366210938,96.02999877929688,95.80999755859376,95.91000366210938,469
2026-03-16 12:36:00,95.6999969482422,95.94000244140624,95.63999938964844,95.93000030517578,494
2026-03-16 12:37:00,95.6500015258789,95.79000091552734,95.0999984741211,95.68000030517578,1085
2026-03-16 12:38:00,95.81999969482422,95.87000274658205,95.48999786376952,95.66999816894533,640
2026-03-16 12:39:00,95.81999969482422,95.88999938964844,95.76000213623048,95.83999633789062,260
2026-03-16 12:40:00,95.62999725341795,95.83000183105467,95.61000061035156,95.80999755859376,568
2026-03-16 12:41:00,95.51000213623048,95.66000366210938,95.4499969482422,95.66000366210938,426
2026-03-16 12:42:00,95.68000030517578,95.73999786376952,95.5,95.51000213623048,514
2026-03-16 12:43:00,95.41000366210938,95.79000091552734,95.37999725341795,95.72000122070312,600
2026-03-16 12:44:00,95.5,95.6500015258789,95.41000366210938,95.44000244140624,512
2026-03-16 12:45:00,94.93000030517578,95.5500030517578,94.87999725341795,95.52999877929688,1517
2026-03-16 12:46:00,94.98999786376952,94.98999786376952,94.68000030517578,94.9499969482422,2117
2026-03-16 12:47:00,95.01000213623048,95.16000366210938,94.91999816894533,95.0,900
2026-03-16 12:48:00,95.22000122070312,95.30999755859376,94.9800033569336,94.9800033569336,689
2026-03-16 12:49:00,94.81999969482422,95.2699966430664,94.70999908447266,95.1999969482422,915
2026-03-16 12:50:00,95.0,95.0500030517578,94.81999969482422,94.83999633789062,600
2026-03-16 12:51:00,94.7699966430664,95.04000091552734,94.62000274658205,95.01000213623048,903
2026-03-16 12:52:00,94.9000015258789,94.91000366210938,94.55999755859376,94.75,1320
2026-03-16 12:53:00,95.0999984741211,95.13999938964844,94.88999938964844,94.91000366210938,1042
2026-03-16 12:54:00,95.11000061035156,95.33000183105467,94.97000122070312,95.0999984741211,748
2026-03-16 12:55:00,95.26000213623048,95.3000030517578,95.0999984741211,95.11000061035156,307
2026-03-16 12:56:00,95.3499984741211,95.5500030517578,95.2699966430664,95.2699966430664,1032
2026-03-16 12:57:00,95.2699966430664,95.41999816894533,95.26000213623048,95.36000061035156,401
2026-03-16 12:58:00,95.29000091552734,95.4499969482422,95.19000244140624,95.2699966430664,485
2026-03-16 12:59:00,95.26000213623048,95.37999725341795,95.1999969482422,95.3000030517578,333
2026-03-16 13:00:00,94.91999816894533,95.27999877929688,94.79000091552734,95.27999877929688,1306
2026-03-16 13:01:00,95.01000213623048,95.08000183105467,94.30999755859376,94.93000030517578,1995
2026-03-16 13:02:00,95.12999725341795,95.16999816894533,94.94000244140624,95.0199966430664,1049
2026-03-16 13:03:00,95.0500030517578,95.16000366210938,94.98999786376952,95.08999633789062,540
2026-03-16 13:04:00,95.11000061035156,95.27999877929688,95.02999877929688,95.05999755859376,781
2026-03-16 13:05:00,95.16999816894533,95.2300033569336,94.97000122070312,95.12000274658205,676
2026-03-16 13:06:00,95.47000122070312,95.5,95.02999877929688,95.16000366210938,757
2026-03-16 13:07:00,95.44000244140624,95.54000091552734,95.41999816894533,95.45999908447266,757
2026-03-16 13:08:00,95.36000061035156,95.52999877929688,95.36000061035156,95.43000030517578,489
2026-03-16 13:09:00,95.37999725341795,95.4499969482422,95.20999908447266,95.3499984741211,661
2026-03-16 13:10:00,95.54000091552734,95.66999816894533,95.36000061035156,95.4000015258789,784
2026-03-16 13:11:00,95.4499969482422,95.6500015258789,95.41000366210938,95.55999755859376,563
2026-03-16 13:12:00,95.4800033569336,95.58000183105467,95.38999938964844,95.45999908447266,740
2026-03-16 13:13:00,95.37000274658205,95.47000122070312,95.31999969482422,95.45999908447266,449
2026-03-16 13:14:00,95.33999633789062,95.44000244140624,95.31999969482422,95.37999725341795,336
2026-03-16 13:15:00,95.3499984741211,95.41999816894533,95.16999816894533,95.31999969482422,1102
2026-03-16 13:16:00,95.3499984741211,95.38999938964844,95.25,95.36000061035156,217
2026-03-16 13:17:00,95.3000030517578,95.37999725341795,95.19000244140624,95.36000061035156,450
2026-03-16 13:18:00,95.52999877929688,95.62000274658205,95.2699966430664,95.30999755859376,980
2026-03-16 13:19:00,95.41999816894533,95.61000061035156,95.20999908447266,95.56999969482422,783
2026-03-16 13:20:00,95.61000061035156,95.69000244140624,95.37999725341795,95.44000244140624,530
2026-03-16 13:21:00,95.3000030517578,95.63999938964844,95.3000030517578,95.62000274658205,368
2026-03-16 13:22:00,95.05999755859376,95.31999969482422,95.02999877929688,95.31999969482422,474
2026-03-16 13:23:00,94.83999633789062,95.11000061035156,94.7699966430664,95.06999969482422,852
2026-03-16 13:24:00,94.79000091552734,94.91999816894533,94.7300033569336,94.83000183105467,616
2026-03-16 13:25:00,94.8000030517578,94.87000274658205,94.72000122070312,94.77999877929688,509
2026-03-16 13:26:00,94.81999969482422,94.95999908447266,94.73999786376952,94.79000091552734,732
2026-03-16 13:27:00,94.87999725341795,95.05999755859376,94.81999969482422,94.81999969482422,565
2026-03-16 13:28:00,94.7699966430664,95.04000091552734,94.75,94.87999725341795,245
2026-03-16 13:29:00,94.83999633789062,94.95999908447266,94.7300033569336,94.75,438
2026-03-16 13:30:00,94.4800033569336,94.9000015258789,94.4499969482422,94.83000183105467,939
2026-03-16 13:31:00,94.22000122070312,94.58999633789062,94.12999725341795,94.4800033569336,1304
2026-03-16 13:32:00,94.37000274658205,94.41999816894533,94.1500015258789,94.22000122070312,1068
2026-03-16 13:33:00,94.29000091552734,94.5199966430664,94.25,94.37999725341795,763
2026-03-16 13:34:00,94.62000274658205,94.62999725341795,94.3000030517578,94.3000030517578,660
2026-03-16 13:35:00,94.68000030517578,94.69000244140624,94.45999908447266,94.62000274658205,745
2026-03-16 13:36:00,94.81999969482422,94.83000183105467,94.51000213623048,94.6999969482422,914
2026-03-16 13:37:00,95.02999877929688,95.08999633789062,94.7699966430664,94.81999969482422,905
2026-03-16 13:38:00,95.0999984741211,95.12000274658205,94.94000244140624,95.04000091552734,353
2026-03-16 13:39:00,94.8499984741211,95.08999633789062,94.83000183105467,95.08999633789062,375
2026-03-16 13:40:00,94.94000244140624,94.98999786376952,94.83999633789062,94.86000061035156,238
2026-03-16 13:41:00,95.0500030517578,95.06999969482422,94.81999969482422,94.9499969482422,579
2026-03-16 13:42:00,94.83999633789062,95.04000091552734,94.8000030517578,95.02999877929688,418
2026-03-16 13:43:00,94.9000015258789,94.97000122070312,94.8000030517578,94.80999755859376,304
2026-03-16 13:44:00,94.73999786376952,94.9000015258789,94.68000030517578,94.87999725341795,479
2026-03-16 13:45:00,94.45999908447266,94.76000213623048,94.4499969482422,94.7300033569336,472
2026-03-16 13:46:00,94.30999755859376,94.55999755859376,94.3000030517578,94.47000122070312,789
2026-03-16 13:47:00,94.54000091552734,94.55999755859376,94.3000030517578,94.30999755859376,624
2026-03-16 13:48:00,94.38999938964844,94.61000061035156,94.3499984741211,94.54000091552734,497
2026-03-16 13:49:00,94.16999816894533,94.44000244140624,94.0500030517578,94.38999938964844,1122
2026-03-16 13:50:00,94.05999755859376,94.1999969482422,93.9000015258789,94.16999816894533,1533
2026-03-16 13:51:00,93.9800033569336,94.11000061035156,93.86000061035156,94.06999969482422,1050
2026-03-16 13:52:00,94.2699966430664,94.37999725341795,93.94000244140624,93.95999908447266,1108
2026-03-16 13:53:00,94.2300033569336,94.38999938964844,94.1500015258789,94.27999877929688,638
2026-03-16 13:54:00,94.31999969482422,94.3499984741211,94.18000030517578,94.22000122070312,324
2026-03-16 13:55:00,94.02999877929688,94.36000061035156,94.0199966430664,94.33999633789062,543
2026-03-16 13:56:00,93.54000091552734,94.02999877929688,93.25,94.0199966430664,1883
2026-03-16 13:57:00,93.3499984741211,93.61000061035156,93.16000366210938,93.58000183105467,2093
2026-03-16 13:58:00,93.11000061035156,93.44000244140624,93.01000213623048,93.36000061035156,1822
2026-03-16 13:59:00,93.3499984741211,93.56999969482422,92.97000122070312,93.08999633789062,1601
2026-03-16 14:00:00,93.5999984741211,93.63999938964844,93.31999969482422,93.33999633789062,1071
2026-03-16 14:01:00,93.66000366210938,93.83999633789062,93.56999969482422,93.61000061035156,1177
2026-03-16 14:02:00,93.36000061035156,93.70999908447266,93.19000244140624,93.66999816894533,1267
2026-03-16 14:03:00,93.52999877929688,93.54000091552734,93.22000122070312,93.37999725341795,951
2026-03-16 14:04:00,93.6500015258789,93.83000183105467,93.5199966430664,93.54000091552734,571
2026-03-16 14:05:00,93.76000213623048,93.80999755859376,93.66000366210938,93.66999816894533,418
2026-03-16 14:06:00,93.58000183105467,93.7699966430664,93.55999755859376,93.7699966430664,341
2026-03-16 14:07:00,93.68000030517578,93.80999755859376,93.54000091552734,93.58999633789062,647
2026-03-16 14:08:00,93.4800033569336,93.77999877929688,93.47000122070312,93.70999908447266,439
2026-03-16 14:09:00,93.37000274658205,93.5500030517578,93.16999816894533,93.4800033569336,797
2026-03-16 14:10:00,93.02999877929688,93.4800033569336,93.0,93.37000274658205,1471
2026-03-16 14:11:00,93.30999755859376,93.3499984741211,93.0500030517578,93.06999969482422,926
2026-03-16 14:12:00,93.68000030517578,93.77999877929688,93.25,93.3000030517578,871
2026-03-16 14:13:00,93.62999725341795,93.88999938964844,93.61000061035156,93.68000030517578,695
2026-03-16 14:14:00,93.51000213623048,93.68000030517578,93.45999908447266,93.63999938964844,671
2026-03-16 14:15:00,93.72000122070312,93.91000366210938,93.52999877929688,93.52999877929688,543
2026-03-16 14:16:00,93.9000015258789,93.9000015258789,93.68000030517578,93.69000244140624,483
2026-03-16 14:17:00,93.98999786376952,94.04000091552734,93.8499984741211,93.91000366210938,677
2026-03-16 14:18:00,94.08000183105467,94.08000183105467,93.86000061035156,93.9800033569336,429
2026-03-16 14:19:00,94.19000244140624,94.29000091552734,94.0500030517578,94.06999969482422,659
2026-03-16 14:20:00,94.08000183105467,94.27999877929688,94.01000213623048,94.19000244140624,508
2026-03-16 14:21:00,93.93000030517578,94.08000183105467,93.9000015258789,94.08000183105467,421
2026-03-16 14:22:00,94.0199966430664,94.0999984741211,93.93000030517578,93.95999908447266,264
2026-03-16 14:23:00,94.19000244140624,94.20999908447266,93.97000122070312,94.02999877929688,338
2026-03-16 14:24:00,94.12999725341795,94.29000091552734,94.11000061035156,94.16999816894533,385
2026-03-16 14:25:00,94.27999877929688,94.33999633789062,94.05999755859376,94.13999938964844,326
2026-03-16 14:26:00,93.97000122070312,94.27999877929688,93.97000122070312,94.26000213623048,491
2026-03-16 14:27:00,94.20999908447266,94.20999908447266,93.97000122070312,93.9800033569336,301
2026-03-16 14:28:00,94.2300033569336,94.31999969482422,94.1500015258789,94.2300033569336,269
2026-03-16 14:29:00,94.27999877929688,94.5,94.20999908447266,94.20999908447266,519
2026-03-16 14:30:00,94.54000091552734,94.55999755859376,94.26000213623048,94.29000091552734,533
2026-03-16 14:31:00,94.45999908447266,94.58000183105467,94.43000030517578,94.5199966430664,431
2026-03-16 14:32:00,94.63999938964844,94.66999816894533,94.44000244140624,94.45999908447266,558
2026-03-16 14:33:00,94.66000366210938,94.7300033569336,94.55999755859376,94.63999938964844,390
2026-03-16 14:34:00,94.94000244140624,95.04000091552734,94.62999725341795,94.63999938964844,841
2026-03-16 14:35:00,94.62999725341795,95.0199966430664,94.62000274658205,94.95999908447266,1051
2026-03-16 14:36:00,94.9000015258789,94.9499969482422,94.56999969482422,94.62999725341795,511
2026-03-16 14:37:00,94.7300033569336,94.9800033569336,94.68000030517578,94.91000366210938,571
2026-03-16 14:38:00,94.91999816894533,94.97000122070312,94.69000244140624,94.72000122070312,425
2026-03-16 14:39:00,94.86000061035156,95.0,94.79000091552734,94.93000030517578,569
2026-03-16 14:40:00,94.8000030517578,94.88999938964844,94.6999969482422,94.86000061035156,545
2026-03-16 14:41:00,94.83999633789062,94.98999786376952,94.7699966430664,94.79000091552734,398
2026-03-16 14:42:00,95.12000274658205,95.3499984741211,94.81999969482422,94.81999969482422,1797
2026-03-16 14:43:00,95.1500015258789,95.20999908447266,95.0,95.13999938964844,532
2026-03-16 14:44:00,95.23999786376952,95.41999816894533,95.06999969482422,95.1500015258789,471
2026-03-16 14:45:00,95.05999755859376,95.30999755859376,95.0199966430664,95.23999786376952,918
2026-03-16 14:46:00,94.95999908447266,95.11000061035156,94.94000244140624,95.05999755859376,1002
2026-03-16 14:47:00,94.93000030517578,95.06999969482422,94.80999755859376,94.9499969482422,637
2026-03-16 14:48:00,95.01000213623048,95.0199966430664,94.9000015258789,94.91999816894533,696
2026-03-16 14:49:00,95.12999725341795,95.16000366210938,94.9000015258789,94.98999786376952,592
2026-03-16 14:50:00,95.01000213623048,95.16000366210938,94.97000122070312,95.12999725341795,429
2026-03-16 14:51:00,95.01000213623048,95.08999633789062,95.01000213623048,95.0199966430664,321
2026-03-16 14:52:00,95.25,95.33999633789062,94.98999786376952,95.02999877929688,435
2026-03-16 14:53:00,95.2300033569336,95.3000030517578,95.06999969482422,95.2699966430664,285
2026-03-16 14:54:00,95.11000061035156,95.23999786376952,95.08000183105467,95.22000122070312,451
2026-03-16 14:55:00,95.1500015258789,95.1999969482422,95.0999984741211,95.12000274658205,300
2026-03-16 14:56:00,95.0999984741211,95.26000213623048,95.08000183105467,95.1500015258789,246
2026-03-16 14:57:00,95.13999938964844,95.19000244140624,95.11000061035156,95.12000274658205,353
2026-03-16 14:58:00,95.18000030517578,95.22000122070312,95.06999969482422,95.13999938964844,575
2026-03-16 14:59:00,95.16000366210938,95.25,95.0999984741211,95.1999969482422,359
2026-03-16 15:00:00,94.80999755859376,95.16999816894533,94.73999786376952,95.1500015258789,785
2026-03-16 15:01:00,94.86000061035156,94.97000122070312,94.81999969482422,94.81999969482422,429
2026-03-16 15:02:00,94.98999786376952,95.08000183105467,94.79000091552734,94.87000274658205,608
2026-03-16 15:03:00,95.08000183105467,95.0999984741211,94.97000122070312,94.97000122070312,183
2026-03-16 15:04:00,95.27999877929688,95.30999755859376,95.02999877929688,95.08000183105467,404
2026-03-16 15:05:00,95.43000030517578,95.5500030517578,95.3000030517578,95.3000030517578,888
2026-03-16 15:06:00,95.5,95.63999938964844,95.41000366210938,95.43000030517578,670
2026-03-16 15:07:00,95.4800033569336,95.5500030517578,95.43000030517578,95.48999786376952,359
2026-03-16 15:08:00,95.3000030517578,95.56999969482422,95.3000030517578,95.47000122070312,624
2026-03-16 15:09:00,95.3499984741211,95.38999938964844,95.29000091552734,95.29000091552734,273
2026-03-16 15:10:00,95.4499969482422,95.5,95.33000183105467,95.33999633789062,295
2026-03-16 15:11:00,95.41000366210938,95.4800033569336,95.37999725341795,95.4499969482422,153
2026-03-16 15:12:00,95.4499969482422,95.61000061035156,95.4000015258789,95.41999816894533,483
2026-03-16 15:13:00,95.36000061035156,95.5199966430664,95.3499984741211,95.4499969482422,651
2026-03-16 15:14:00,95.33000183105467,95.43000030517578,95.30999755859376,95.36000061035156,306
2026-03-16 15:15:00,95.33999633789062,95.36000061035156,95.20999908447266,95.33000183105467,297
2026-03-16 15:16:00,95.55999755859376,95.62999725341795,95.36000061035156,95.36000061035156,410
2026-03-16 15:17:00,95.55999755859376,95.73999786376952,95.47000122070312,95.55999755859376,435
2026-03-16 15:18:00,95.37000274658205,95.56999969482422,95.31999969482422,95.55999755859376,372
2026-03-16 15:19:00,95.16999816894533,95.36000061035156,95.16999816894533,95.36000061035156,414
2026-03-16 15:20:00,95.3000030517578,95.33000183105467,95.12000274658205,95.16000366210938,208
2026-03-16 15:21:00,95.4800033569336,95.51000213623048,95.29000091552734,95.3000030517578,253
2026-03-16 15:22:00,95.4800033569336,95.5199966430664,95.41999816894533,95.51000213623048,403
2026-03-16 15:23:00,95.41000366210938,95.58999633789062,95.38999938964844,95.5,280
2026-03-16 15:24:00,95.33999633789062,95.41999816894533,95.31999969482422,95.41000366210938,362
2026-03-16 15:25:00,95.29000091552734,95.4000015258789,95.27999877929688,95.3499984741211,170
2026-03-16 15:26:00,95.31999969482422,95.36000061035156,95.26000213623048,95.3000030517578,256
2026-03-16 15:27:00,95.27999877929688,95.31999969482422,95.19000244140624,95.31999969482422,366
2026-03-16 15:28:00,95.31999969482422,95.37000274658205,95.26000213623048,95.30999755859376,150
2026-03-16 15:29:00,95.37999725341795,95.37999725341795,95.29000091552734,95.31999969482422,225
2026-03-16 15:30:00,95.25,95.5,95.22000122070312,95.38999938964844,481
2026-03-16 15:31:00,95.26000213623048,95.33999633789062,95.16999816894533,95.23999786376952,302
2026-03-16 15:32:00,95.1500015258789,95.30999755859376,94.97000122070312,95.25,563
2026-03-16 15:33:00,95.2300033569336,95.43000030517578,95.05999755859376,95.13999938964844,646
2026-03-16 15:34:00,95.01000213623048,95.2300033569336,95.0,95.22000122070312,412
2026-03-16 15:35:00,94.88999938964844,95.11000061035156,94.8000030517578,95.01000213623048,549
2026-03-16 15:36:00,95.12000274658205,95.13999938964844,94.88999938964844,94.9000015258789,598
2026-03-16 15:37:00,95.0500030517578,95.13999938964844,94.97000122070312,95.12000274658205,334
2026-03-16 15:38:00,95.0199966430664,95.12999725341795,94.98999786376952,95.05999755859376,217
2026-03-16 15:39:00,95.12000274658205,95.13999938964844,94.98999786376952,95.0199966430664,367
2026-03-16 15:40:00,95.02999877929688,95.1999969482422,95.0,95.12000274658205,363
2026-03-16 15:41:00,94.79000091552734,95.06999969482422,94.7699966430664,95.04000091552734,861
2026-03-16 15:42:00,94.87999725341795,94.94000244140624,94.7699966430664,94.7699966430664,402
2026-03-16 15:43:00,94.69000244140624,94.87999725341795,94.66999816894533,94.86000061035156,413
2026-03-16 15:44:00,94.7300033569336,94.75,94.52999877929688,94.68000030517578,729
2026-03-16 15:45:00,94.87999725341795,94.94000244140624,94.70999908447266,94.72000122070312,527
2026-03-16 15:46:00,94.91999816894533,94.97000122070312,94.86000061035156,94.87999725341795,319
2026-03-16 15:47:00,94.83000183105467,94.95999908447266,94.83000183105467,94.91000366210938,213
2026-03-16 15:48:00,94.77999877929688,94.87999725341795,94.72000122070312,94.83999633789062,235
2026-03-16 15:49:00,94.83999633789062,94.87000274658205,94.7300033569336,94.77999877929688,368
2026-03-16 15:50:00,94.95999908447266,95.0199966430664,94.6999969482422,94.83000183105467,661
2026-03-16 15:51:00,95.12999725341795,95.19000244140624,94.94000244140624,94.97000122070312,612
2026-03-16 15:52:00,95.13999938964844,95.19000244140624,95.04000091552734,95.12000274658205,252
2026-03-16 15:53:00,95.16999816894533,95.18000030517578,95.0500030517578,95.13999938964844,237
2026-03-16 15:54:00,95.1500015258789,95.19000244140624,95.0500030517578,95.19000244140624,265
2026-03-16 15:55:00,95.29000091552734,95.36000061035156,95.1500015258789,95.1500015258789,328
2026-03-16 15:56:00,95.33999633789062,95.36000061035156,95.2699966430664,95.29000091552734,236
2026-03-16 15:57:00,95.52999877929688,95.58999633789062,95.33000183105467,95.33000183105467,660
2026-03-16 15:58:00,95.5500030517578,95.62000274658205,95.47000122070312,95.51000213623048,1500
2026-03-16 15:59:00,95.45999908447266,95.51000213623048,95.4000015258789,95.51000213623048,337
2026-03-16 16:00:00,95.4800033569336,95.5199966430664,95.37000274658205,95.4800033569336,279
2026-03-16 16:01:00,95.61000061035156,95.66000366210938,95.48999786376952,95.48999786376952,295
2026-03-16 16:02:00,95.4800033569336,95.6500015258789,95.4499969482422,95.62000274658205,407
2026-03-16 16:03:00,95.51000213623048,95.61000061035156,95.33999633789062,95.48999786376952,305
2026-03-16 16:04:00,95.58999633789062,95.62000274658205,95.4800033569336,95.5199966430664,361
2026-03-16 16:05:00,95.52999877929688,95.62999725341795,95.4800033569336,95.58000183105467,353
2026-03-16 16:06:00,95.4800033569336,95.5500030517578,95.41999816894533,95.54000091552734,214
2026-03-16 16:07:00,95.31999969482422,95.5,95.25,95.48999786376952,360
2026-03-16 16:08:00,95.25,95.37999725341795,95.16000366210938,95.33999633789062,341
2026-03-16 16:09:00,95.26000213623048,95.27999877929688,95.12999725341795,95.23999786376952,218
2026-03-16 16:10:00,95.22000122070312,95.30999755859376,95.1500015258789,95.2699966430664,253
2026-03-16 16:11:00,95.3000030517578,95.33000183105467,95.16999816894533,95.18000030517578,276
2026-03-16 16:12:00,95.41000366210938,95.5,95.29000091552734,95.30999755859376,410
2026-03-16 16:13:00,95.4499969482422,95.47000122070312,95.4000015258789,95.43000030517578,165
2026-03-16 16:14:00,95.26000213623048,95.48999786376952,95.18000030517578,95.4499969482422,261
2026-03-16 16:15:00,95.19000244140624,95.29000091552734,94.9000015258789,95.27999877929688,491
2026-03-16 16:16:00,95.3499984741211,95.38999938964844,95.13999938964844,95.20999908447266,367
2026-03-16 16:17:00,95.26000213623048,95.43000030517578,95.22000122070312,95.3499984741211,286
2026-03-16 16:18:00,95.1999969482422,95.41999816894533,95.16000366210938,95.26000213623048,741
2026-03-16 16:19:00,95.26000213623048,95.36000061035156,95.16000366210938,95.19000244140624,323
2026-03-16 16:20:00,95.29000091552734,95.33000183105467,95.1500015258789,95.26000213623048,240
2026-03-16 16:21:00,95.48999786376952,95.52999877929688,95.26000213623048,95.26000213623048,564
2026-03-16 16:22:00,95.7699966430664,95.87999725341795,95.45999908447266,95.4800033569336,774
2026-03-16 16:23:00,95.7300033569336,95.79000091552734,95.6500015258789,95.77999877929688,248
2026-03-16 16:24:00,96.02999877929688,96.08000183105467,95.70999908447266,95.70999908447266,639
2026-03-16 16:25:00,96.23999786376952,96.37999725341795,95.97000122070312,96.02999877929688,1678
2026-03-16 16:26:00,96.25,96.33999633789062,96.12999725341795,96.26000213623048,593
2026-03-16 16:27:00,96.33000183105467,96.36000061035156,96.08000183105467,96.2300033569336,673
2026-03-16 16:28:00,96.48999786376952,96.58000183105467,96.3000030517578,96.33000183105467,1062
2026-03-16 16:29:00,96.22000122070312,96.5,96.19000244140624,96.48999786376952,852
2026-03-16 16:30:00,96.13999938964844,96.33000183105467,96.08000183105467,96.22000122070312,527
2026-03-16 16:31:00,96.06999969482422,96.16999816894533,96.05999755859376,96.13999938964844,250
2026-03-16 16:32:00,96.1999969482422,96.1999969482422,96.02999877929688,96.08000183105467,338
2026-03-16 16:33:00,96.08999633789062,96.20999908447266,95.98999786376952,96.19000244140624,332
2026-03-16 16:34:00,96.0,96.08999633789062,95.91999816894533,96.08999633789062,292
2026-03-16 16:35:00,96.04000091552734,96.04000091552734,95.91000366210938,96.0,223
2026-03-16 16:36:00,95.93000030517578,96.06999969482422,95.91000366210938,96.04000091552734,385
2026-03-16 16:37:00,95.87999725341795,95.98999786376952,95.87000274658205,95.94000244140624,229
2026-03-16 16:38:00,95.75,95.91000366210938,95.7300033569336,95.87000274658205,426
2026-03-16 16:39:00,95.86000061035156,95.93000030517578,95.69000244140624,95.75,641
2026-03-16 16:40:00,95.7300033569336,95.9000015258789,95.7300033569336,95.86000061035156,350
2026-03-16 16:41:00,95.58999633789062,95.72000122070312,95.55999755859376,95.72000122070312,279
2026-03-16 16:42:00,95.63999938964844,95.66999816894533,95.55999755859376,95.58999633789062,143
2026-03-16 16:43:00,95.5,95.68000030517578,95.44000244140624,95.62999725341795,309
2026-03-16 16:44:00,95.69000244140624,95.6999969482422,95.51000213623048,95.51000213623048,105
2026-03-16 16:45:00,95.66000366210938,95.80999755859376,95.62999725341795,95.69000244140624,261
2026-03-16 16:46:00,95.5,95.66999816894533,95.41000366210938,95.66999816894533,607
2026-03-16 16:47:00,95.51000213623048,95.5500030517578,95.41999816894533,95.48999786376952,260
2026-03-16 16:48:00,95.58000183105467,95.61000061035156,95.51000213623048,95.51000213623048,129
2026-03-16 16:49:00,95.56999969482422,95.62999725341795,95.5500030517578,95.55999755859376,126
2026-03-16 16:50:00,95.52999877929688,95.6500015258789,95.52999877929688,95.5999984741211,180
2026-03-16 16:51:00,95.6500015258789,95.6999969482422,95.48999786376952,95.52999877929688,180
2026-03-16 16:52:00,95.66999816894533,95.70999908447266,95.56999969482422,95.68000030517578,184
2026-03-16 16:53:00,95.48999786376952,95.68000030517578,95.47000122070312,95.66999816894533,263
2026-03-16 16:54:00,95.52999877929688,95.56999969482422,95.4800033569336,95.5,398
2026-03-16 16:55:00,95.61000061035156,95.69000244140624,95.5,95.5199966430664,222
2026-03-16 16:56:00,95.63999938964844,95.66999816894533,95.5500030517578,95.5999984741211,237
2026-03-16 16:57:00,95.61000061035156,95.66999816894533,95.22000122070312,95.62999725341795,639
2026-03-16 16:58:00,95.62000274658205,95.70999908447266,95.5199966430664,95.58999633789062,390
2026-03-16 16:59:00,95.56999969482422,95.68000030517578,95.54000091552734,95.62999725341795,169
2026-03-16 17:00:00,95.12000274658205,95.5999984741211,94.93000030517578,95.56999969482422,2298
2026-03-16 17:01:00,95.3499984741211,95.5999984741211,94.95999908447266,95.06999969482422,2006
2026-03-16 17:02:00,95.16999816894533,95.47000122070312,94.98999786376952,95.33000183105467,1486
2026-03-16 17:03:00,95.37999725341795,95.37999725341795,95.18000030517578,95.18000030517578,173
2026-03-16 17:04:00,95.37999725341795,95.41999816894533,95.08000183105467,95.37999725341795,618
2026-03-16 17:05:00,95.26000213623048,95.37000274658205,95.23999786376952,95.36000061035156,191
2026-03-16 17:06:00,95.20999908447266,95.3499984741211,95.18000030517578,95.23999786376952,280
2026-03-16 17:07:00,95.1500015258789,95.30999755859376,95.0,95.22000122070312,962
2026-03-16 17:08:00,95.16000366210938,95.29000091552734,95.08999633789062,95.16000366210938,230
2026-03-16 17:09:00,95.29000091552734,95.31999969482422,95.13999938964844,95.16000366210938,219
2026-03-16 17:10:00,95.11000061035156,95.27999877929688,95.05999755859376,95.27999877929688,189
2026-03-16 17:11:00,94.63999938964844,95.13999938964844,94.16000366210938,95.08999633789062,2016
2026-03-16 17:12:00,94.55999755859376,94.80999755859376,94.27999877929688,94.63999938964844,1246
2026-03-16 17:13:00,94.5,94.7699966430664,94.5,94.5500030517578,490
2026-03-16 17:14:00,94.9800033569336,95.0,94.5199966430664,94.52999877929688,782
2026-03-16 17:15:00,94.95999908447266,95.0,94.80999755859376,94.9800033569336,462
2026-03-16 17:16:00,95.13999938964844,95.16999816894533,94.91000366210938,94.95999908447266,583
2026-03-16 17:17:00,94.87000274658205,95.19000244140624,94.8499984741211,95.16000366210938,460
2026-03-16 17:18:00,94.79000091552734,95.01000213623048,94.79000091552734,94.87000274658205,206
2026-03-16 17:19:00,94.75,94.8000030517578,94.66999816894533,94.79000091552734,585
2026-03-16 17:20:00,94.5,94.77999877929688,94.41999816894533,94.76000213623048,767
2026-03-16 17:21:00,94.44000244140624,94.5500030517578,94.3000030517578,94.5,622
2026-03-16 17:22:00,94.31999969482422,94.48999786376952,94.22000122070312,94.44000244140624,1182
2026-03-16 17:23:00,94.41000366210938,94.41000366210938,94.25,94.33999633789062,484
2026-03-16 17:24:00,94.38999938964844,94.55999755859376,94.37999725341795,94.4000015258789,560
2026-03-16 17:25:00,94.2699966430664,94.4499969482422,94.23999786376952,94.4000015258789,561
2026-03-16 17:26:00,94.06999969482422,94.3000030517578,93.8499984741211,94.26000213623048,1273
2026-03-16 17:27:00,93.86000061035156,94.0999984741211,93.80999755859376,94.06999969482422,559
2026-03-16 17:28:00,93.87999725341795,94.0,93.72000122070312,93.87999725341795,820
2026-03-16 17:29:00,93.9800033569336,94.01000213623048,93.80999755859376,93.88999938964844,671
2026-03-16 17:30:00,94.1500015258789,94.18000030517578,93.88999938964844,93.98999786376952,511
2026-03-16 17:31:00,94.16000366210938,94.23999786376952,94.12000274658205,94.18000030517578,421
2026-03-16 17:32:00,94.2699966430664,94.3499984741211,94.16999816894533,94.16999816894533,303
2026-03-16 17:33:00,94.3000030517578,94.31999969482422,94.23999786376952,94.27999877929688,198
2026-03-16 17:34:00,94.3000030517578,94.3499984741211,94.2300033569336,94.27999877929688,318
2026-03-16 17:35:00,94.33999633789062,94.43000030517578,94.30999755859376,94.31999969482422,331
2026-03-16 17:36:00,94.20999908447266,94.3499984741211,94.18000030517578,94.33999633789062,258
2026-03-16 17:37:00,94.33000183105467,94.4000015258789,94.20999908447266,94.20999908447266,260
2026-03-16 17:38:00,94.4000015258789,94.41999816894533,94.29000091552734,94.33999633789062,288
2026-03-16 17:39:00,94.5199966430664,94.52999877929688,94.41999816894533,94.41999816894533,257
2026-03-16 17:40:00,94.48999786376952,94.55999755859376,94.44000244140624,94.5199966430664,373
2026-03-16 17:41:00,94.36000061035156,94.55999755859376,94.3000030517578,94.5,601
2026-03-16 17:42:00,94.31999969482422,94.44000244140624,94.29000091552734,94.37999725341795,449
2026-03-16 17:43:00,94.41000366210938,94.51000213623048,94.36000061035156,94.36000061035156,225
2026-03-16 17:44:00,94.5,94.5199966430664,94.41000366210938,94.43000030517578,178
2026-03-16 17:45:00,94.4800033569336,94.51000213623048,94.43000030517578,94.48999786376952,186
2026-03-16 17:46:00,94.4499969482422,94.51000213623048,94.4000015258789,94.4800033569336,263
2026-03-16 17:47:00,94.56999969482422,94.62000274658205,94.37999725341795,94.4499969482422,276
2026-03-16 17:48:00,94.51000213623048,94.56999969482422,94.5,94.56999969482422,178
2026-03-16 17:49:00,94.48999786376952,94.5500030517578,94.4800033569336,94.4800033569336,255
2026-03-16 17:50:00,94.54000091552734,94.62000274658205,94.51000213623048,94.5199966430664,309
2026-03-16 17:51:00,94.43000030517578,94.5500030517578,94.30999755859376,94.52999877929688,560
2026-03-16 17:52:00,94.5,94.54000091552734,94.37999725341795,94.43000030517578,1184
2026-03-16 17:53:00,94.45999908447266,94.58999633789062,94.44000244140624,94.4800033569336,251
2026-03-16 17:54:00,94.48999786376952,94.5,94.41000366210938,94.4499969482422,201
2026-03-16 17:55:00,94.43000030517578,94.48999786376952,94.2300033569336,94.4800033569336,514
2026-03-16 17:56:00,94.30999755859376,94.41999816894533,94.2699966430664,94.41999816894533,304
2026-03-16 17:57:00,94.25,94.37000274658205,94.22000122070312,94.30999755859376,320
2026-03-16 17:58:00,94.23999786376952,94.29000091552734,94.16999816894533,94.26000213623048,324
2026-03-16 17:59:00,94.3000030517578,94.30999755859376,94.1999969482422,94.23999786376952,459
2026-03-16 18:00:00,94.4000015258789,94.43000030517578,94.29000091552734,94.3000030517578,431
2026-03-16 18:01:00,94.52999877929688,94.55999755859376,94.41000366210938,94.41999816894533,312
2026-03-16 18:02:00,94.43000030517578,94.52999877929688,94.37999725341795,94.5199966430664,180
2026-03-16 18:03:00,94.4000015258789,94.44000244140624,94.36000061035156,94.44000244140624,179
2026-03-16 18:04:00,94.5500030517578,94.56999969482422,94.41999816894533,94.41999816894533,479
2026-03-16 18:05:00,94.5,94.5500030517578,94.44000244140624,94.5500030517578,328
2026-03-16 18:06:00,94.19000244140624,94.55999755859376,94.19000244140624,94.48999786376952,780
2026-03-16 18:07:00,93.8499984741211,94.41999816894533,93.76000213623048,94.1999969482422,2088
2026-03-16 18:08:00,93.93000030517578,94.01000213623048,93.77999877929688,93.8499984741211,1232
2026-03-16 18:09:00,93.97000122070312,94.11000061035156,93.87999725341795,93.94000244140624,672
2026-03-16 18:10:00,93.8000030517578,94.0500030517578,93.75,93.9800033569336,1171
2026-03-16 18:11:00,94.05999755859376,94.06999969482422,93.79000091552734,93.80999755859376,647
2026-03-16 18:12:00,94.0999984741211,94.16000366210938,94.02999877929688,94.08000183105467,400
2026-03-16 18:13:00,94.1999969482422,94.22000122070312,94.0500030517578,94.11000061035156,582
2026-03-16 18:14:00,94.05999755859376,94.19000244140624,94.0199966430664,94.19000244140624,277
2026-03-16 18:15:00,94.0,94.08000183105467,93.87999725341795,94.06999969482422,658
2026-03-16 18:16:00,93.31999969482422,94.0,93.3000030517578,94.0,1398
2026-03-16 18:17:00,93.0999984741211,93.4800033569336,92.97000122070312,93.33000183105467,1717
2026-03-16 18:18:00,93.26000213623048,93.48999786376952,93.13999938964844,93.1500015258789,1222
2026-03-16 18:19:00,93.51000213623048,93.58000183105467,93.23999786376952,93.27999877929688,784
2026-03-16 18:20:00,93.6500015258789,93.72000122070312,93.51000213623048,93.51000213623048,578
2026-03-16 18:21:00,93.81999969482422,93.87999725341795,93.62999725341795,93.6500015258789,537
2026-03-16 18:22:00,93.72000122070312,93.8499984741211,93.69000244140624,93.83000183105467,664
2026-03-16 18:23:00,93.56999969482422,93.75,93.47000122070312,93.73999786376952,876
2026-03-16 18:24:00,93.43000030517578,93.58999633789062,93.41000366210938,93.58999633789062,596
2026-03-16 18:25:00,93.43000030517578,93.55999755859376,93.30999755859376,93.44000244140624,572
2026-03-16 18:26:00,93.3499984741211,93.48999786376952,93.2699966430664,93.4499969482422,465
2026-03-16 18:27:00,93.31999969482422,93.37999725341795,93.16000366210938,93.36000061035156,1153
2026-03-16 18:28:00,93.45999908447266,93.75,93.3000030517578,93.31999969482422,3374
2026-03-16 18:29:00,93.51000213623048,93.56999969482422,93.4000015258789,93.47000122070312,2923
2026-03-16 18:30:00,93.3499984741211,93.55999755859376,93.33999633789062,93.51000213623048,838
2026-03-16 18:31:00,93.7300033569336,93.7699966430664,93.3499984741211,93.3499984741211,730
2026-03-16 18:32:00,93.7699966430664,93.94000244140624,93.70999908447266,93.72000122070312,392
2026-03-16 18:33:00,93.66000366210938,93.83999633789062,93.62000274658205,93.7699966430664,478
2026-03-16 18:34:00,93.62000274658205,93.69000244140624,93.58999633789062,93.66000366210938,263
2026-03-16 18:35:00,93.58000183105467,93.62999725341795,93.54000091552734,93.62000274658205,252
2026-03-16 18:36:00,93.58999633789062,93.66000366210938,93.5500030517578,93.58000183105467,310
2026-03-16 18:37:00,93.5999984741211,93.66999816894533,93.58000183105467,93.58999633789062,171
2026-03-16 18:38:00,93.80999755859376,93.81999969482422,93.5999984741211,93.61000061035156,298
2026-03-16 18:39:00,93.94000244140624,93.97000122070312,93.80999755859376,93.80999755859376,298
2026-03-16 18:40:00,94.01000213623048,94.02999877929688,93.93000030517578,93.94000244140624,224
2026-03-16 18:41:00,93.91999816894533,94.02999877929688,93.87000274658205,94.0199966430664,226
2026-03-16 18:42:00,93.88999938964844,93.94000244140624,93.83000183105467,93.91999816894533,204
2026-03-16 18:43:00,93.91000366210938,93.97000122070312,93.86000061035156,93.87999725341795,307
2026-03-16 18:44:00,93.80999755859376,93.87000274658205,93.79000091552734,93.8499984741211,145
2026-03-16 18:45:00,93.72000122070312,93.80999755859376,93.69000244140624,93.79000091552734,225
2026-03-16 18:46:00,93.76000213623048,93.77999877929688,93.70999908447266,93.72000122070312,142
2026-03-16 18:47:00,93.83000183105467,93.8499984741211,93.7699966430664,93.7699966430664,148
2026-03-16 18:48:00,93.7699966430664,93.8000030517578,93.69000244140624,93.8000030517578,134
2026-03-16 18:49:00,93.88999938964844,93.91000366210938,93.76000213623048,93.77999877929688,120
2026-03-16 18:50:00,93.79000091552734,93.88999938964844,93.79000091552734,93.87999725341795,138
2026-03-16 18:51:00,93.66999816894533,93.79000091552734,93.62000274658205,93.79000091552734,190
2026-03-16 18:52:00,93.7699966430664,93.77999877929688,93.66000366210938,93.66000366210938,199
2026-03-16 18:53:00,93.76000213623048,93.79000091552734,93.73999786376952,93.75,135
2026-03-16 18:54:00,93.66000366210938,93.73999786376952,93.66000366210938,93.73999786376952,57
2026-03-16 18:55:00,93.66999816894533,93.68000030517578,93.62999725341795,93.68000030517578,138
2026-03-16 18:56:00,93.66000366210938,93.75,93.62999725341795,93.66000366210938,128
2026-03-16 18:57:00,93.66000366210938,93.68000030517578,93.5999984741211,93.68000030517578,247
2026-03-16 18:58:00,93.52999877929688,93.66999816894533,93.5,93.66999816894533,106
2026-03-16 18:59:00,93.4800033569336,93.54000091552734,93.44000244140624,93.52999877929688,352
2026-03-16 19:00:00,93.51000213623048,93.52999877929688,93.4800033569336,93.48999786376952,222
2026-03-16 19:01:00,93.63999938964844,93.66000366210938,93.51000213623048,93.5199966430664,262
2026-03-16 19:02:00,93.6999969482422,93.6999969482422,93.62000274658205,93.62999725341795,73
2026-03-16 19:03:00,93.7300033569336,93.75,93.68000030517578,93.6999969482422,98
2026-03-16 19:04:00,93.70999908447266,93.73999786376952,93.69000244140624,93.6999969482422,67
2026-03-16 19:05:00,93.94000244140624,93.9800033569336,93.68000030517578,93.6999969482422,267
2026-03-16 19:06:00,93.93000030517578,94.02999877929688,93.91000366210938,93.94000244140624,203
2026-03-16 19:07:00,93.91999816894533,93.94000244140624,93.9000015258789,93.94000244140624,71
2026-03-16 19:08:00,93.94000244140624,94.0,93.83999633789062,93.91999816894533,152
2026-03-16 19:09:00,93.83000183105467,93.97000122070312,93.72000122070312,93.94000244140624,256
2026-03-16 19:10:00,93.87999725341795,93.87999725341795,93.66999816894533,93.80999755859376,255
2026-03-16 19:11:00,93.93000030517578,93.93000030517578,93.83000183105467,93.86000061035156,83
2026-03-16 19:12:00,93.95999908447266,93.97000122070312,93.88999938964844,93.93000030517578,57
2026-03-16 19:13:00,94.01000213623048,94.04000091552734,93.93000030517578,93.97000122070312,176
2026-03-16 19:14:00,94.01000213623048,94.1999969482422,93.9800033569336,94.02999877929688,224
2026-03-16 19:15:00,93.94000244140624,94.02999877929688,93.94000244140624,94.0,80
2026-03-16 19:16:00,93.91000366210938,93.9499969482422,93.87999725341795,93.94000244140624,76
2026-03-16 19:17:00,93.9000015258789,93.94000244140624,93.87999725341795,93.9000015258789,62
2026-03-16 19:18:00,93.94000244140624,93.95999908447266,93.88999938964844,93.9000015258789,57
2026-03-16 19:19:00,94.08000183105467,94.08999633789062,93.91999816894533,93.93000030517578,148
2026-03-16 19:20:00,94.12999725341795,94.1500015258789,94.0999984741211,94.0999984741211,63
2026-03-16 19:21:00,94.22000122070312,94.22000122070312,94.08999633789062,94.12999725341795,59
2026-03-16 19:22:00,94.30999755859376,94.37999725341795,94.19000244140624,94.1999969482422,428
2026-03-16 19:23:00,94.47000122070312,94.5,94.3000030517578,94.30999755859376,282
2026-03-16 19:24:00,94.5199966430664,94.5500030517578,94.41999816894533,94.4499969482422,393
2026-03-16 19:25:00,94.6999969482422,94.76000213623048,94.5,94.52999877929688,608
2026-03-16 19:26:00,94.6500015258789,94.69000244140624,94.58000183105467,94.69000244140624,141
2026-03-16 19:27:00,94.63999938964844,94.66000366210938,94.5999984741211,94.6500015258789,71
2026-03-16 19:28:00,94.6500015258789,94.6500015258789,94.56999969482422,94.63999938964844,108
2026-03-16 19:29:00,93.98999786376952,94.73999786376952,93.62000274658205,94.66000366210938,1966
2026-03-16 19:30:00,94.2300033569336,94.30999755859376,93.91000366210938,94.02999877929688,595
2026-03-16 19:31:00,94.12999725341795,94.25,93.77999877929688,94.20999908447266,688
2026-03-16 19:32:00,94.20999908447266,94.30999755859376,94.0999984741211,94.12000274658205,374
2026-03-16 19:33:00,94.22000122070312,94.25,94.12999725341795,94.22000122070312,228
2026-03-16 19:34:00,94.16999816894533,94.4000015258789,94.1500015258789,94.23999786376952,333
2026-03-16 19:35:00,94.06999969482422,94.26000213623048,93.97000122070312,94.19000244140624,220
2026-03-16 19:36:00,94.0,94.0999984741211,93.91999816894533,94.04000091552734,393
2026-03-16 19:37:00,93.98999786376952,94.04000091552734,93.7300033569336,94.02999877929688,497
2026-03-16 19:38:00,93.9499969482422,94.01000213623048,93.91000366210938,94.01000213623048,55
2026-03-16 19:39:00,94.02999877929688,94.20999908447266,93.93000030517578,93.93000030517578,403
2026-03-16 19:40:00,93.95999908447266,94.0999984741211,93.94000244140624,94.02999877929688,162
2026-03-16 19:41:00,93.86000061035156,93.98999786376952,93.81999969482422,93.94000244140624,149
2026-03-16 19:42:00,93.7699966430664,93.93000030517578,93.73999786376952,93.8499984741211,269
2026-03-16 19:43:00,93.75,93.91000366210938,93.7300033569336,93.7699966430664,250
2026-03-16 19:44:00,93.72000122070312,93.83999633789062,93.69000244140624,93.73999786376952,240
2026-03-16 19:45:00,93.62000274658205,93.73999786376952,93.61000061035156,93.70999908447266,110
2026-03-16 19:46:00,93.63999938964844,93.66999816894533,93.55999755859376,93.5999984741211,173
2026-03-16 19:47:00,93.5199966430664,93.66000366210938,93.4800033569336,93.6500015258789,155
2026-03-16 19:48:00,93.5199966430664,93.54000091552734,93.4800033569336,93.5199966430664,77
2026-03-16 19:49:00,93.12999725341795,93.4800033569336,93.0999984741211,93.4800033569336,634
2026-03-16 19:50:00,93.12000274658205,93.27999877929688,93.06999969482422,93.12000274658205,435
2026-03-16 19:51:00,93.06999969482422,93.16999816894533,92.93000030517578,93.13999938964844,545
2026-03-16 19:52:00,93.1500015258789,93.16999816894533,92.98999786376952,93.05999755859376,310
2026-03-16 19:53:00,93.08999633789062,93.16000366210938,93.0500030517578,93.1500015258789,242
2026-03-16 19:54:00,93.16999816894533,93.25,92.9800033569336,93.11000061035156,272
2026-03-16 19:55:00,93.1500015258789,93.29000091552734,93.12999725341795,93.16999816894533,180
2026-03-16 19:56:00,93.23999786376952,93.2699966430664,93.08999633789062,93.12000274658205,239
2026-03-16 19:57:00,93.29000091552734,93.3499984741211,93.19000244140624,93.25,178
2026-03-16 19:58:00,93.33999633789062,93.3499984741211,93.18000030517578,93.30999755859376,155
2026-03-16 19:59:00,93.37000274658205,93.4499969482422,93.33000183105467,93.33999633789062,269
2026-03-16 20:00:00,93.58999633789062,93.91000366210938,93.29000091552734,93.37999725341795,1442
2026-03-16 20:01:00,93.56999969482422,93.66000366210938,93.5199966430664,93.62000274658205,166
2026-03-16 20:02:00,93.5999984741211,93.6500015258789,93.56999969482422,93.56999969482422,98
2026-03-16 20:03:00,93.61000061035156,93.6500015258789,93.54000091552734,93.58999633789062,113
2026-03-16 20:04:00,93.54000091552734,93.62000274658205,93.43000030517578,93.62000274658205,125
2026-03-16 20:05:00,93.5,93.58999633789062,93.47000122070312,93.5500030517578,74
2026-03-16 20:06:00,93.54000091552734,93.54000091552734,93.45999908447266,93.5199966430664,43
2026-03-16 20:07:00,93.29000091552734,93.5199966430664,93.23999786376952,93.5199966430664,131
2026-03-16 20:08:00,93.25,93.36000061035156,93.22000122070312,93.31999969482422,93
2026-03-16 20:09:00,93.30999755859376,93.37000274658205,93.23999786376952,93.2699966430664,60
2026-03-16 20:10:00,93.33999633789062,93.38999938964844,93.31999969482422,93.33000183105467,33
2026-03-16 20:11:00,93.20999908447266,93.38999938964844,93.19000244140624,93.36000061035156,137
2026-03-16 20:12:00,93.26000213623048,93.26000213623048,93.1999969482422,93.23999786376952,62
2026-03-16 20:13:00,93.25,93.29000091552734,93.16999816894533,93.26000213623048,88
2026-03-16 20:14:00,93.0999984741211,93.2300033569336,93.08999633789062,93.22000122070312,218
2026-03-16 20:15:00,93.2699966430664,93.2699966430664,93.08999633789062,93.0999984741211,181
2026-03-16 20:16:00,93.44000244140624,93.47000122070312,93.27999877929688,93.27999877929688,232
2026-03-16 20:17:00,93.45999908447266,93.47000122070312,93.38999938964844,93.43000030517578,36
2026-03-16 20:18:00,93.44000244140624,93.45999908447266,93.41999816894533,93.45999908447266,13
2026-03-16 20:19:00,93.3499984741211,93.43000030517578,93.33000183105467,93.43000030517578,99
2026-03-16 20:20:00,93.37000274658205,93.41999816894533,93.3499984741211,93.37000274658205,93
2026-03-16 20:21:00,93.37000274658205,93.37000274658205,93.23999786376952,93.3499984741211,47
2026-03-16 20:22:00,93.72000122070312,93.83000183105467,93.37999725341795,93.37999725341795,632
2026-03-16 20:23:00,93.66999816894533,93.79000091552734,93.6500015258789,93.7300033569336,91
2026-03-16 20:24:00,93.62000274658205,93.69000244140624,93.5999984741211,93.66000366210938,81
2026-03-16 20:25:00,93.6999969482422,93.77999877929688,93.62999725341795,93.62999725341795,55
2026-03-16 20:26:00,93.77999877929688,93.81999969482422,93.73999786376952,93.73999786376952,348
2026-03-16 20:27:00,93.77999877929688,93.86000061035156,93.70999908447266,93.7699966430664,152
2026-03-16 20:28:00,93.80999755859376,93.81999969482422,93.77999877929688,93.8000030517578,69
2026-03-16 20:29:00,93.87000274658205,93.9000015258789,93.79000091552734,93.83999633789062,26
2026-03-16 20:30:00,93.88999938964844,93.95999908447266,93.81999969482422,93.86000061035156,106
2026-03-16 20:31:00,93.9000015258789,93.93000030517578,93.87999725341795,93.9000015258789,77
2026-03-16 20:32:00,93.8499984741211,93.91000366210938,93.8000030517578,93.9000015258789,109
2026-03-16 20:33:00,93.86000061035156,93.87000274658205,93.80999755859376,93.83000183105467,58
2026-03-16 20:34:00,93.83000183105467,93.94000244140624,93.83000183105467,93.86000061035156,194
2026-03-16 20:35:00,94.08000183105467,94.11000061035156,93.83999633789062,93.83999633789062,192
2026-03-16 20:36:00,94.0500030517578,94.08000183105467,93.9800033569336,94.06999969482422,88
2026-03-16 20:37:00,94.27999877929688,94.41000366210938,94.08000183105467,94.08000183105467,222
2026-03-16 20:38:00,94.25,94.31999969482422,94.19000244140624,94.27999877929688,142
2026-03-16 20:39:00,94.23999786376952,94.33000183105467,94.23999786376952,94.2699966430664,60
2026-03-16 20:40:00,94.18000030517578,94.29000091552734,94.11000061035156,94.2300033569336,126
2026-03-16 20:41:00,94.19000244140624,94.23999786376952,94.16000366210938,94.20999908447266,42
2026-03-16 20:42:00,94.18000030517578,94.25,94.18000030517578,94.18000030517578,80
2026-03-16 20:43:00,94.16999816894533,94.18000030517578,94.12999725341795,94.16999816894533,104
2026-03-16 20:44:00,93.9800033569336,94.16999816894533,93.52999877929688,94.16000366210938,1464
2026-03-16 20:45:00,94.0500030517578,94.0999984741211,93.94000244140624,93.9800033569336,152
2026-03-16 20:46:00,94.2699966430664,94.2699966430664,94.04000091552734,94.05999755859376,151
2026-03-16 20:47:00,94.2699966430664,94.2699966430664,94.12000274658205,94.23999786376952,70
2026-03-16 20:48:00,94.22000122070312,94.2699966430664,94.1500015258789,94.26000213623048,93
2026-03-16 20:49:00,94.33000183105467,94.3499984741211,94.20999908447266,94.20999908447266,104
2026-03-16 20:50:00,94.27999877929688,94.33999633789062,94.1999969482422,94.33999633789062,143
2026-03-16 20:51:00,94.2699966430664,94.33000183105467,94.19000244140624,94.3000030517578,74
2026-03-16 20:52:00,94.33000183105467,94.33000183105467,94.25,94.27999877929688,110
2026-03-16 20:53:00,94.25,94.33000183105467,94.23999786376952,94.30999755859376,64
2026-03-16 20:54:00,94.12999725341795,94.2300033569336,94.08000183105467,94.22000122070312,136
2026-03-16 20:55:00,94.12000274658205,94.23999786376952,94.12000274658205,94.12999725341795,51
2026-03-16 20:56:00,94.16999816894533,94.1999969482422,94.06999969482422,94.12999725341795,72
2026-03-16 20:57:00,94.1999969482422,94.1999969482422,94.12000274658205,94.19000244140624,45
2026-03-16 20:58:00,94.13999938964844,94.20999908447266,94.11000061035156,94.20999908447266,114
2026-03-16 20:59:00,94.22000122070312,94.22000122070312,94.0999984741211,94.16000366210938,138
2026-03-16 22:00:00,94.45999908447266,94.54000091552734,94.31999969482422,94.41000366210938,0
2026-03-16 22:01:00,94.61000061035156,94.63999938964844,94.37999725341795,94.45999908447266,70
2026-03-16 22:02:00,94.58000183105467,94.62999725341795,94.54000091552734,94.5999984741211,27
2026-03-16 22:03:00,94.58999633789062,94.63999938964844,94.5500030517578,94.62999725341795,47
2026-03-16 22:04:00,94.43000030517578,94.5500030517578,94.43000030517578,94.54000091552734,24
2026-03-16 22:05:00,94.58000183105467,94.5999984741211,94.48999786376952,94.48999786376952,37
2026-03-16 22:06:00,94.58000183105467,94.5999984741211,94.56999969482422,94.5999984741211,3
2026-03-16 22:07:00,94.44000244140624,94.58999633789062,94.44000244140624,94.58000183105467,24
2026-03-16 22:08:00,94.41000366210938,94.4499969482422,94.33000183105467,94.4499969482422,64
2026-03-16 22:09:00,94.38999938964844,94.41999816894533,94.2300033569336,94.41000366210938,126
2026-03-16 22:10:00,94.1999969482422,94.4499969482422,94.08000183105467,94.37000274658205,149
2026-03-16 22:11:00,94.30999755859376,94.30999755859376,94.1999969482422,94.1999969482422,18
2026-03-16 22:12:00,93.95999908447266,94.27999877929688,93.87999725341795,94.27999877929688,69
2026-03-16 22:13:00,94.16000366210938,94.22000122070312,93.98999786376952,93.98999786376952,39
2026-03-16 22:14:00,94.16999816894533,94.19000244140624,94.12000274658205,94.19000244140624,37
2026-03-16 22:15:00,94.11000061035156,94.1999969482422,94.0999984741211,94.19000244140624,63
2026-03-16 22:16:00,94.11000061035156,94.19000244140624,94.05999755859376,94.0999984741211,151
2026-03-16 22:17:00,94.11000061035156,94.16999816894533,94.06999969482422,94.0999984741211,96
2026-03-16 22:18:00,94.18000030517578,94.18000030517578,94.11000061035156,94.11000061035156,9
2026-03-16 22:19:00,94.12000274658205,94.18000030517578,94.11000061035156,94.1500015258789,86
2026-03-16 22:20:00,94.20999908447266,94.20999908447266,94.05999755859376,94.12000274658205,94
2026-03-16 22:21:00,94.20999908447266,94.22000122070312,94.12999725341795,94.22000122070312,86
2026-03-16 22:22:00,94.26000213623048,94.26000213623048,94.20999908447266,94.2300033569336,81
2026-03-16 22:23:00,94.2300033569336,94.3000030517578,94.22000122070312,94.27999877929688,25
2026-03-16 22:24:00,94.20999908447266,94.25,94.16000366210938,94.25,49
2026-03-16 22:25:00,94.25,94.30999755859376,94.19000244140624,94.23999786376952,73
2026-03-16 22:26:00,94.27999877929688,94.29000091552734,94.26000213623048,94.26000213623048,20
2026-03-16 22:27:00,94.41000366210938,94.43000030517578,94.29000091552734,94.29000091552734,105
2026-03-16 22:28:00,94.3499984741211,94.4499969482422,94.3499984741211,94.43000030517578,51
2026-03-16 22:29:00,94.3499984741211,94.36000061035156,94.30999755859376,94.33000183105467,22
2026-03-16 22:30:00,94.38999938964844,94.38999938964844,94.33000183105467,94.36000061035156,18
2026-03-16 22:31:00,94.38999938964844,94.4800033569336,94.37999725341795,94.37999725341795,87
2026-03-16 22:32:00,94.38999938964844,94.4000015258789,94.3499984741211,94.38999938964844,23
2026-03-16 22:33:00,94.44000244140624,94.45999908447266,94.36000061035156,94.37000274658205,42
2026-03-16 22:34:00,94.48999786376952,94.5,94.43000030517578,94.47000122070312,41
2026-03-16 22:35:00,94.48999786376952,94.66000366210938,94.4499969482422,94.51000213623048,239
2026-03-16 22:36:00,94.5199966430664,94.55999755859376,94.5199966430664,94.5199966430664,22
2026-03-16 22:37:00,94.58999633789062,94.62000274658205,94.45999908447266,94.5199966430664,53
2026-03-16 22:38:00,94.54000091552734,94.6500015258789,94.54000091552734,94.5500030517578,76
2026-03-16 22:39:00,94.8499984741211,94.86000061035156,94.52999877929688,94.5500030517578,229
2026-03-16 22:40:00,94.86000061035156,94.88999938964844,94.75,94.86000061035156,181
2026-03-16 22:41:00,94.83000183105467,94.91999816894533,94.8000030517578,94.87999725341795,63
2026-03-16 22:42:00,94.98999786376952,95.02999877929688,94.8000030517578,94.8000030517578,176
2026-03-16 22:43:00,94.98999786376952,95.0500030517578,94.75,94.9800033569336,139
2026-03-16 22:44:00,94.93000030517578,95.0500030517578,94.9000015258789,94.9499969482422,101
2026-03-16 22:45:00,94.9499969482422,94.9499969482422,94.80999755859376,94.91999816894533,91
2026-03-16 22:46:00,94.94000244140624,94.94000244140624,94.88999938964844,94.94000244140624,45
2026-03-16 22:47:00,94.9499969482422,95.01000213623048,94.9000015258789,94.9499969482422,97
2026-03-16 22:48:00,95.05999755859376,95.06999969482422,94.91000366210938,94.94000244140624,76
2026-03-16 22:49:00,95.08999633789062,95.31999969482422,95.02999877929688,95.06999969482422,391
2026-03-16 22:50:00,94.9800033569336,95.05999755859376,94.87999725341795,95.05999755859376,78
2026-03-16 22:51:00,94.9499969482422,95.05999755859376,94.93000030517578,94.97000122070312,29
2026-03-16 22:52:00,94.98999786376952,95.0199966430664,94.86000061035156,94.93000030517578,80
2026-03-16 22:53:00,95.0199966430664,95.0199966430664,94.93000030517578,94.93000030517578,24
2026-03-16 22:54:00,95.0,95.06999969482422,94.94000244140624,95.0199966430664,45
2026-03-16 22:55:00,94.9499969482422,95.0199966430664,94.9499969482422,95.0199966430664,22
2026-03-16 22:56:00,94.95999908447266,94.98999786376952,94.94000244140624,94.97000122070312,17
2026-03-16 22:57:00,94.91999816894533,94.9800033569336,94.86000061035156,94.94000244140624,25
2026-03-16 22:58:00,94.91000366210938,94.91999816894533,94.88999938964844,94.88999938964844,10
2026-03-16 22:59:00,94.95999908447266,94.9800033569336,94.9000015258789,94.91999816894533,62
2026-03-16 23:00:00,94.8000030517578,94.98999786376952,94.77999877929688,94.97000122070312,55
2026-03-16 23:01:00,94.93000030517578,94.93000030517578,94.8000030517578,94.8000030517578,57
2026-03-16 23:02:00,94.9000015258789,94.91999816894533,94.87000274658205,94.91999816894533,16
2026-03-16 23:03:00,94.98999786376952,95.02999877929688,94.8499984741211,94.91000366210938,82
2026-03-16 23:04:00,95.02999877929688,95.11000061035156,94.9800033569336,95.0,73
2026-03-16 23:05:00,94.98999786376952,95.01000213623048,94.9800033569336,94.98999786376952,29
2026-03-16 23:06:00,95.02999877929688,95.02999877929688,94.97000122070312,94.98999786376952,20
2026-03-16 23:07:00,95.02999877929688,95.04000091552734,94.94000244140624,95.01000213623048,81
2026-03-16 23:08:00,95.12000274658205,95.16000366210938,95.0199966430664,95.0199966430664,50
2026-03-16 23:09:00,95.1999969482422,95.23999786376952,95.12000274658205,95.12000274658205,73
2026-03-16 23:10:00,95.2300033569336,95.26000213623048,95.1500015258789,95.18000030517578,84
2026-03-16 23:11:00,95.20999908447266,95.23999786376952,95.1500015258789,95.22000122070312,48
2026-03-16 23:12:00,95.11000061035156,95.19000244140624,95.11000061035156,95.16999816894533,34
2026-03-16 23:13:00,95.19000244140624,95.1999969482422,95.08000183105467,95.13999938964844,40
2026-03-16 23:14:00,95.16999816894533,95.16999816894533,95.1500015258789,95.1500015258789,10
2026-03-16 23:15:00,95.23999786376952,95.25,95.16000366210938,95.18000030517578,36
2026-03-16 23:16:00,95.25,95.27999877929688,95.2300033569336,95.23999786376952,23
2026-03-16 23:17:00,95.1999969482422,95.31999969482422,95.18000030517578,95.3000030517578,81
2026-03-16 23:18:00,95.0500030517578,95.2300033569336,95.04000091552734,95.2300033569336,86
2026-03-16 23:19:00,94.95999908447266,95.0999984741211,94.9000015258789,95.06999969482422,151
2026-03-16 23:20:00,94.97000122070312,95.0,94.9499969482422,94.95999908447266,82
2026-03-16 23:21:00,95.08000183105467,95.11000061035156,94.9499969482422,94.9800033569336,141
2026-03-16 23:22:00,95.12000274658205,95.12000274658205,95.05999755859376,95.08000183105467,39
2026-03-16 23:23:00,95.1999969482422,95.22000122070312,95.11000061035156,95.12999725341795,59
2026-03-16 23:24:00,95.11000061035156,95.18000030517578,95.0999984741211,95.18000030517578,34
2026-03-16 23:25:00,95.0999984741211,95.13999938964844,95.04000091552734,95.12000274658205,33
2026-03-16 23:26:00,95.08000183105467,95.13999938964844,95.06999969482422,95.11000061035156,26
2026-03-16 23:27:00,95.13999938964844,95.16000366210938,95.04000091552734,95.08999633789062,23
2026-03-16 23:28:00,95.12000274658205,95.1500015258789,95.12000274658205,95.13999938964844,11
2026-03-16 23:29:00,95.05999755859376,95.11000061035156,95.05999755859376,95.11000061035156,38
2026-03-16 23:30:00,95.02999877929688,95.06999969482422,95.01000213623048,95.0500030517578,27
2026-03-16 23:31:00,94.97000122070312,95.0500030517578,94.87000274658205,95.02999877929688,110
2026-03-16 23:32:00,95.0199966430664,95.0199966430664,94.97000122070312,94.9800033569336,51
2026-03-16 23:33:00,94.91000366210938,95.02999877929688,94.87000274658205,95.02999877929688,139
2026-03-16 23:34:00,94.75,94.91999816894533,94.72000122070312,94.91000366210938,153
2026-03-16 23:35:00,94.7300033569336,94.8499984741211,94.6999969482422,94.7699966430664,76
2026-03-16 23:36:00,94.55999755859376,94.7300033569336,94.47000122070312,94.72000122070312,171
2026-03-16 23:37:00,94.5999984741211,94.61000061035156,94.5,94.58000183105467,142
2026-03-16 23:38:00,94.6500015258789,94.66000366210938,94.62000274658205,94.62999725341795,30
2026-03-16 23:39:00,94.5199966430664,94.68000030517578,94.51000213623048,94.6500015258789,113
2026-03-16 23:40:00,94.62999725341795,94.70999908447266,94.52999877929688,94.52999877929688,72
2026-03-16 23:41:00,94.62999725341795,94.79000091552734,94.61000061035156,94.62000274658205,119
2026-03-16 23:42:00,94.62000274658205,94.69000244140624,94.62000274658205,94.62999725341795,19
2026-03-16 23:43:00,94.56999969482422,94.69000244140624,94.56999969482422,94.62000274658205,44
2026-03-16 23:44:00,94.62000274658205,94.68000030517578,94.56999969482422,94.56999969482422,36
2026-03-16 23:45:00,94.58999633789062,94.66000366210938,94.56999969482422,94.62000274658205,25
2026-03-16 23:46:00,94.52999877929688,94.61000061035156,94.48999786376952,94.61000061035156,89
2026-03-16 23:47:00,94.61000061035156,94.61000061035156,94.52999877929688,94.52999877929688,30
2026-03-16 23:48:00,94.56999969482422,94.62000274658205,94.55999755859376,94.61000061035156,23
2026-03-16 23:49:00,94.62999725341795,94.62999725341795,94.56999969482422,94.58000183105467,18
2026-03-16 23:50:00,94.63999938964844,94.66000366210938,94.5999984741211,94.6500015258789,22
2026-03-16 23:51:00,94.61000061035156,94.66000366210938,94.56999969482422,94.61000061035156,78
2026-03-16 23:52:00,94.63999938964844,94.63999938964844,94.61000061035156,94.61000061035156,6
2026-03-16 23:53:00,94.63999938964844,94.6500015258789,94.55999755859376,94.61000061035156,59
2026-03-16 23:54:00,94.63999938964844,94.66999816894533,94.61000061035156,94.61000061035156,22
2026-03-16 23:55:00,94.79000091552734,94.80999755859376,94.66999816894533,94.68000030517578,40
2026-03-16 23:56:00,94.87999725341795,94.9000015258789,94.77999877929688,94.77999877929688,85
2026-03-16 23:57:00,94.9499969482422,95.01000213623048,94.87999725341795,94.9000015258789,118
2026-03-16 23:58:00,94.9800033569336,95.0,94.9499969482422,94.9499969482422,29
2026-03-16 23:59:00,94.93000030517578,94.98999786376952,94.83000183105467,94.98999786376952,196
2026-03-17 00:00:00,95.12000274658205,95.13999938964844,94.83999633789062,94.91000366210938,244
2026-03-17 00:01:00,95.38999938964844,95.52999877929688,95.12000274658205,95.13999938964844,482
2026-03-17 00:02:00,95.37999725341795,95.4800033569336,95.33999633789062,95.41000366210938,211
2026-03-17 00:03:00,95.4499969482422,95.4499969482422,95.2300033569336,95.3499984741211,149
2026-03-17 00:04:00,95.4499969482422,95.55999755859376,95.4000015258789,95.43000030517578,193
2026-03-17 00:05:00,95.31999969482422,95.47000122070312,95.27999877929688,95.44000244140624,143
2026-03-17 00:06:00,95.23999786376952,95.37000274658205,95.2300033569336,95.33000183105467,124
2026-03-17 00:07:00,95.12000274658205,95.20999908447266,95.02999877929688,95.20999908447266,106
2026-03-17 00:08:00,95.33999633789062,95.3499984741211,95.12999725341795,95.12999725341795,79
2026-03-17 00:09:00,95.08000183105467,95.27999877929688,95.08000183105467,95.27999877929688,51
2026-03-17 00:10:00,95.12999725341795,95.23999786376952,95.08000183105467,95.08999633789062,105
2026-03-17 00:11:00,95.2300033569336,95.23999786376952,95.1500015258789,95.18000030517578,50
2026-03-17 00:12:00,95.16000366210938,95.23999786376952,95.16000366210938,95.23999786376952,15
2026-03-17 00:13:00,95.06999969482422,95.19000244140624,95.06999969482422,95.16000366210938,22
2026-03-17 00:14:00,95.1500015258789,95.18000030517578,95.12000274658205,95.13999938964844,25
2026-03-17 00:15:00,95.20999908447266,95.2300033569336,95.1500015258789,95.16999816894533,24
2026-03-17 00:16:00,95.25,95.27999877929688,95.16000366210938,95.19000244140624,52
2026-03-17 00:17:00,95.18000030517578,95.23999786376952,95.16000366210938,95.23999786376952,60
2026-03-17 00:18:00,95.0999984741211,95.1500015258789,95.08000183105467,95.1500015258789,45
2026-03-17 00:19:00,95.12000274658205,95.13999938964844,95.08000183105467,95.13999938964844,22
2026-03-17 00:20:00,95.1999969482422,95.29000091552734,95.12999725341795,95.12999725341795,38
2026-03-17 00:21:00,95.3000030517578,95.33999633789062,95.19000244140624,95.1999969482422,64
2026-03-17 00:22:00,95.1999969482422,95.30999755859376,95.16999816894533,95.27999877929688,39
2026-03-17 00:23:00,95.31999969482422,95.31999969482422,95.18000030517578,95.20999908447266,23
2026-03-17 00:24:00,95.2699966430664,95.33999633789062,95.23999786376952,95.33999633789062,86
2026-03-17 00:25:00,95.3000030517578,95.3499984741211,95.26000213623048,95.29000091552734,42
2026-03-17 00:26:00,95.45999908447266,95.5,95.29000091552734,95.29000091552734,81
2026-03-17 00:27:00,95.5,95.51000213623048,95.37000274658205,95.41999816894533,46
2026-03-17 00:28:00,95.48999786376952,95.51000213623048,95.37000274658205,95.5,64
2026-03-17 00:29:00,95.41000366210938,95.47000122070312,95.37999725341795,95.47000122070312,58
2026-03-17 00:30:00,95.43000030517578,95.43000030517578,95.37999725341795,95.41000366210938,19
2026-03-17 00:31:00,95.45999908447266,95.48999786376952,95.4000015258789,95.41999816894533,41
2026-03-17 00:32:00,95.5199966430664,95.5500030517578,95.44000244140624,95.4800033569336,91
2026-03-17 00:33:00,95.61000061035156,95.62000274658205,95.47000122070312,95.5,82
2026-03-17 00:34:00,95.41999816894533,95.58000183105467,95.37999725341795,95.58000183105467,57
2026-03-17 00:35:00,95.5500030517578,95.55999755859376,95.4499969482422,95.4499969482422,60
2026-03-17 00:36:00,95.63999938964844,95.66999816894533,95.5500030517578,95.58000183105467,90
2026-03-17 00:37:00,95.7699966430664,95.7699966430664,95.5999984741211,95.63999938964844,57
2026-03-17 00:38:00,95.68000030517578,95.83000183105467,95.66000366210938,95.77999877929688,195
2026-03-17 00:39:00,95.6500015258789,95.7300033569336,95.62999725341795,95.68000030517578,43
2026-03-17 00:40:00,95.73999786376952,95.76000213623048,95.66999816894533,95.66999816894533,45
2026-03-17 00:41:00,95.86000061035156,95.88999938964844,95.72000122070312,95.75,82
2026-03-17 00:42:00,95.87999725341795,95.91000366210938,95.83000183105467,95.88999938964844,56
2026-03-17 00:43:00,95.8499984741211,95.88999938964844,95.83000183105467,95.86000061035156,21
2026-03-17 00:44:00,95.76000213623048,95.87000274658205,95.66999816894533,95.87000274658205,141
2026-03-17 00:45:00,95.6999969482422,95.73999786376952,95.62999725341795,95.73999786376952,113
2026-03-17 00:46:00,95.93000030517578,95.98999786376952,95.70999908447266,95.70999908447266,352
2026-03-17 00:47:00,95.93000030517578,95.98999786376952,95.87999725341795,95.9499969482422,186
2026-03-17 00:48:00,95.8499984741211,95.91000366210938,95.83999633789062,95.91000366210938,55
2026-03-17 00:49:00,96.0999984741211,96.12000274658205,95.83000183105467,95.83000183105467,213
2026-03-17 00:50:00,96.08999633789062,96.13999938964844,95.87999725341795,96.0999984741211,353
2026-03-17 00:51:00,96.06999969482422,96.12999725341795,95.9499969482422,96.0999984741211,61
2026-03-17 00:52:00,96.12999725341795,96.1500015258789,96.08999633789062,96.0999984741211,74
2026-03-17 00:53:00,96.08999633789062,96.16000366210938,96.04000091552734,96.13999938964844,92
2026-03-17 00:54:00,96.19000244140624,96.1999969482422,96.04000091552734,96.06999969482422,104
2026-03-17 00:55:00,96.29000091552734,96.36000061035156,96.18000030517578,96.18000030517578,278
2026-03-17 00:56:00,96.16000366210938,96.3000030517578,96.08999633789062,96.26000213623048,127
2026-03-17 00:57:00,95.95999908447266,96.0999984741211,95.91999816894533,96.0999984741211,116
2026-03-17 00:58:00,95.9000015258789,95.9499969482422,95.83999633789062,95.93000030517578,106
2026-03-17 00:59:00,95.9000015258789,96.05999755859376,95.87000274658205,95.87000274658205,70
2026-03-17 01:00:00,95.95999908447266,96.11000061035156,95.87999725341795,95.9499969482422,189
2026-03-17 01:01:00,96.16999816894533,96.19000244140624,95.91999816894533,95.9499969482422,102
2026-03-17 01:02:00,95.9800033569336,96.06999969482422,95.87999725341795,96.06999969482422,54
2026-03-17 01:03:00,95.88999938964844,96.01000213623048,95.81999969482422,95.97000122070312,53
2026-03-17 01:04:00,95.97000122070312,96.01000213623048,95.87999725341795,95.87999725341795,44
2026-03-17 01:05:00,95.75,95.9499969482422,95.75,95.9499969482422,107
2026-03-17 01:06:00,95.83999633789062,95.8499984741211,95.69000244140624,95.73999786376952,355
2026-03-17 01:07:00,95.9000015258789,95.91000366210938,95.83999633789062,95.83999633789062,121
2026-03-17 01:08:00,95.87000274658205,95.9499969482422,95.8499984741211,95.9499969482422,50
2026-03-17 01:09:00,95.69000244140624,95.81999969482422,95.61000061035156,95.81999969482422,103
2026-03-17 01:10:00,95.62000274658205,95.77999877929688,95.62000274658205,95.72000122070312,46
2026-03-17 01:11:00,95.56999969482422,95.6500015258789,95.5199966430664,95.5999984741211,90
2026-03-17 01:12:00,95.5999984741211,95.62000274658205,95.4800033569336,95.55999755859376,59
2026-03-17 01:13:00,95.66999816894533,95.72000122070312,95.56999969482422,95.56999969482422,51
2026-03-17 01:14:00,95.68000030517578,95.70999908447266,95.63999938964844,95.66999816894533,50
2026-03-17 01:15:00,95.66999816894533,95.70999908447266,95.58000183105467,95.69000244140624,73
2026-03-17 01:16:00,95.93000030517578,95.94000244140624,95.72000122070312,95.72000122070312,82
2026-03-17 01:17:00,96.0,96.06999969482422,95.93000030517578,95.93000030517578,120
2026-03-17 01:18:00,96.0500030517578,96.12999725341795,95.9800033569336,96.0,45
2026-03-17 01:19:00,96.0999984741211,96.18000030517578,96.01000213623048,96.02999877929688,181
2026-03-17 01:20:00,96.12000274658205,96.18000030517578,96.0999984741211,96.12000274658205,146
2026-03-17 01:21:00,96.01000213623048,96.16000366210938,95.95999908447266,96.12000274658205,337
2026-03-17 01:22:00,96.02999877929688,96.06999969482422,95.93000030517578,96.0199966430664,50
2026-03-17 01:23:00,95.97000122070312,96.05999755859376,95.9000015258789,96.0,291
2026-03-17 01:24:00,95.93000030517578,96.02999877929688,95.91999816894533,95.98999786376952,79
2026-03-17 01:25:00,95.97000122070312,95.9800033569336,95.94000244140624,95.94000244140624,30
2026-03-17 01:26:00,95.97000122070312,95.98999786376952,95.9499969482422,95.95999908447266,175
2026-03-17 01:27:00,95.9800033569336,95.98999786376952,95.94000244140624,95.9800033569336,322
2026-03-17 01:28:00,95.77999877929688,95.97000122070312,95.76000213623048,95.95999908447266,263
2026-03-17 01:29:00,95.54000091552734,95.77999877929688,95.41999816894533,95.77999877929688,656
2026-03-17 01:30:00,95.33999633789062,95.5199966430664,95.18000030517578,95.5199966430664,548
2026-03-17 01:31:00,95.23999786376952,95.41999816894533,95.22000122070312,95.37999725341795,193
2026-03-17 01:32:00,95.45999908447266,95.4800033569336,95.23999786376952,95.23999786376952,114
2026-03-17 01:33:00,95.5,95.51000213623048,95.37000274658205,95.43000030517578,82
2026-03-17 01:34:00,95.41000366210938,95.5199966430664,95.31999969482422,95.51000213623048,78
2026-03-17 01:35:00,95.2300033569336,95.4499969482422,95.2300033569336,95.44000244140624,296
2026-03-17 01:36:00,95.41999816894533,95.41999816894533,95.1999969482422,95.20999908447266,90
2026-03-17 01:37:00,95.5999984741211,95.62000274658205,95.31999969482422,95.41999816894533,184
2026-03-17 01:38:00,95.63999938964844,95.6500015258789,95.55999755859376,95.5999984741211,55
2026-03-17 01:39:00,95.56999969482422,95.66999816894533,95.51000213623048,95.66999816894533,94
2026-03-17 01:40:00,95.55999755859376,95.62999725341795,95.5199966430664,95.54000091552734,87
2026-03-17 01:41:00,95.6500015258789,95.6500015258789,95.5,95.58000183105467,29
2026-03-17 01:42:00,95.56999969482422,95.66000366210938,95.5500030517578,95.62000274658205,102
2026-03-17 01:43:00,95.45999908447266,95.5500030517578,95.45999908447266,95.5500030517578,469
2026-03-17 01:44:00,95.47000122070312,95.5999984741211,95.47000122070312,95.47000122070312,336
2026-03-17 01:45:00,95.48999786376952,95.58999633789062,95.44000244140624,95.4800033569336,400
2026-03-17 01:46:00,95.54000091552734,95.55999755859376,95.47000122070312,95.47000122070312,21
2026-03-17 01:47:00,95.5,95.63999938964844,95.48999786376952,95.52999877929688,94
2026-03-17 01:48:00,95.51000213623048,95.58000183105467,95.47000122070312,95.47000122070312,419
2026-03-17 01:49:00,95.51000213623048,95.52999877929688,95.4499969482422,95.52999877929688,55
2026-03-17 01:50:00,95.58000183105467,95.62000274658205,95.4499969482422,95.5,100
2026-03-17 01:51:00,95.68000030517578,95.69000244140624,95.58999633789062,95.58999633789062,45
2026-03-17 01:52:00,95.77999877929688,95.79000091552734,95.62999725341795,95.66999816894533,161
2026-03-17 01:53:00,95.75,95.91999816894533,95.7300033569336,95.79000091552734,520
2026-03-17 01:54:00,95.7699966430664,95.83000183105467,95.70999908447266,95.72000122070312,64
2026-03-17 01:55:00,95.81999969482422,95.94000244140624,95.79000091552734,95.79000091552734,118
2026-03-17 01:56:00,95.79000091552734,95.83000183105467,95.7300033569336,95.8000030517578,95
2026-03-17 01:57:00,95.83000183105467,95.87999725341795,95.77999877929688,95.79000091552734,103
2026-03-17 01:58:00,95.86000061035156,95.86000061035156,95.7699966430664,95.8000030517578,67
2026-03-17 01:59:00,95.83000183105467,95.88999938964844,95.81999969482422,95.87999725341795,50
2026-03-17 02:00:00,95.98999786376952,96.0,95.81999969482422,95.81999969482422,133
2026-03-17 02:01:00,96.0,96.0500030517578,95.9499969482422,95.9499969482422,140
2026-03-17 02:02:00,95.94000244140624,96.0,95.9000015258789,96.0,34
2026-03-17 02:03:00,95.91000366210938,95.95999908447266,95.88999938964844,95.94000244140624,20
2026-03-17 02:04:00,95.9800033569336,95.98999786376952,95.9499969482422,95.9800033569336,15
2026-03-17 02:05:00,96.0500030517578,96.0999984741211,96.0,96.0,74
2026-03-17 02:06:00,96.12999725341795,96.13999938964844,96.0500030517578,96.0500030517578,355
2026-03-17 02:07:00,96.13999938964844,96.16000366210938,96.0999984741211,96.1500015258789,46
2026-03-17 02:08:00,96.12000274658205,96.16000366210938,96.11000061035156,96.16000366210938,52
2026-03-17 02:09:00,96.01000213623048,96.12999725341795,95.98999786376952,96.12999725341795,109
2026-03-17 02:10:00,96.0199966430664,96.05999755859376,95.97000122070312,96.0199966430664,192
2026-03-17 02:11:00,96.0,96.01000213623048,95.95999908447266,96.01000213623048,90
2026-03-17 02:12:00,96.0199966430664,96.05999755859376,95.98999786376952,96.0,45
2026-03-17 02:13:00,95.9800033569336,96.02999877929688,95.9499969482422,96.02999877929688,39
2026-03-17 02:14:00,96.05999755859376,96.0999984741211,95.9499969482422,95.95999908447266,50
2026-03-17 02:15:00,96.12000274658205,96.12999725341795,96.04000091552734,96.0500030517578,49
2026-03-17 02:16:00,96.08999633789062,96.13999938964844,96.0199966430664,96.12000274658205,63
2026-03-17 02:17:00,96.0500030517578,96.12999725341795,96.0500030517578,96.08999633789062,28
2026-03-17 02:18:00,96.0199966430664,96.05999755859376,96.0,96.05999755859376,37
2026-03-17 02:19:00,96.13999938964844,96.13999938964844,96.01000213623048,96.01000213623048,80
2026-03-17 02:20:00,96.01000213623048,96.1500015258789,96.0,96.1500015258789,44
2026-03-17 02:21:00,96.01000213623048,96.11000061035156,96.01000213623048,96.04000091552734,31
2026-03-17 02:22:00,96.05999755859376,96.05999755859376,96.01000213623048,96.01000213623048,42
2026-03-17 02:23:00,95.97000122070312,96.0500030517578,95.97000122070312,96.0500030517578,51
2026-03-17 02:24:00,96.01000213623048,96.01000213623048,95.94000244140624,95.95999908447266,77
2026-03-17 02:25:00,95.95999908447266,96.0199966430664,95.9499969482422,96.0199966430664,36
2026-03-17 02:26:00,96.01000213623048,96.02999877929688,95.95999908447266,95.95999908447266,38
2026-03-17 02:27:00,95.98999786376952,96.01000213623048,95.9499969482422,96.01000213623048,55
2026-03-17 02:28:00,95.9499969482422,95.98999786376952,95.9499969482422,95.97000122070312,35
2026-03-17 02:29:00,95.97000122070312,96.02999877929688,95.97000122070312,95.97000122070312,21
2026-03-17 02:30:00,95.9000015258789,96.0,95.88999938964844,95.97000122070312,128
2026-03-17 02:31:00,95.7300033569336,95.87999725341795,95.70999908447266,95.87999725341795,340
2026-03-17 02:32:00,95.6999969482422,95.7300033569336,95.58999633789062,95.7300033569336,100
2026-03-17 02:33:00,95.68000030517578,95.77999877929688,95.56999969482422,95.70999908447266,106
2026-03-17 02:34:00,95.70999908447266,95.76000213623048,95.66000366210938,95.68000030517578,30
2026-03-17 02:35:00,95.58999633789062,95.69000244140624,95.58999633789062,95.69000244140624,35
2026-03-17 02:36:00,95.68000030517578,95.70999908447266,95.61000061035156,95.61000061035156,33
2026-03-17 02:37:00,95.61000061035156,95.76000213623048,95.61000061035156,95.70999908447266,27
2026-03-17 02:38:00,95.66999816894533,95.68000030517578,95.5999984741211,95.61000061035156,30
2026-03-17 02:39:00,95.7300033569336,95.7300033569336,95.63999938964844,95.63999938964844,22
2026-03-17 02:40:00,95.73999786376952,95.75,95.69000244140624,95.69000244140624,28
2026-03-17 02:41:00,95.8499984741211,95.88999938964844,95.75,95.75,104
2026-03-17 02:42:00,95.8499984741211,95.91999816894533,95.81999969482422,95.83000183105467,80
2026-03-17 02:43:00,95.9499969482422,95.9499969482422,95.83000183105467,95.83999633789062,35
2026-03-17 02:44:00,95.97000122070312,96.0500030517578,95.95999908447266,95.95999908447266,58
2026-03-17 02:45:00,95.88999938964844,95.9800033569336,95.81999969482422,95.9800033569336,84
2026-03-17 02:46:00,95.98999786376952,95.98999786376952,95.9000015258789,95.9000015258789,19
2026-03-17 02:47:00,96.11000061035156,96.12999725341795,96.0,96.0,97
2026-03-17 02:48:00,95.9800033569336,96.13999938964844,95.9499969482422,96.12999725341795,112
2026-03-17 02:49:00,95.9800033569336,96.0,95.95999908447266,95.9800033569336,14
2026-03-17 02:50:00,96.08000183105467,96.08000183105467,95.97000122070312,95.97000122070312,33
2026-03-17 02:51:00,96.04000091552734,96.11000061035156,96.02999877929688,96.08000183105467,39
2026-03-17 02:52:00,96.05999755859376,96.08999633789062,96.04000091552734,96.0500030517578,33
2026-03-17 02:53:00,96.0500030517578,96.06999969482422,96.0500030517578,96.0500030517578,27
2026-03-17 02:54:00,96.06999969482422,96.06999969482422,96.02999877929688,96.0500030517578,30
2026-03-17 02:55:00,96.12000274658205,96.12000274658205,96.02999877929688,96.05999755859376,27
2026-03-17 02:56:00,96.02999877929688,96.13999938964844,96.0199966430664,96.11000061035156,52
2026-03-17 02:57:00,95.98999786376952,96.02999877929688,95.98999786376952,96.0199966430664,35
2026-03-17 02:58:00,96.02999877929688,96.05999755859376,95.9800033569336,95.9800033569336,30
2026-03-17 02:59:00,95.98999786376952,96.02999877929688,95.9499969482422,96.02999877929688,48
2026-03-17 03:00:00,95.80999755859376,95.97000122070312,95.77999877929688,95.97000122070312,124
2026-03-17 03:01:00,95.87999725341795,95.93000030517578,95.8499984741211,95.86000061035156,63
2026-03-17 03:02:00,95.91999816894533,95.93000030517578,95.87000274658205,95.87999725341795,9
2026-03-17 03:03:00,95.95999908447266,95.95999908447266,95.83999633789062,95.9000015258789,31
2026-03-17 03:04:00,95.88999938964844,95.94000244140624,95.87000274658205,95.91999816894533,49
2026-03-17 03:05:00,96.05999755859376,96.0999984741211,95.88999938964844,95.9000015258789,102
2026-03-17 03:06:00,95.94000244140624,96.04000091552734,95.93000030517578,96.01000213623048,43
2026-03-17 03:07:00,95.98999786376952,96.0199966430664,95.93000030517578,95.93000030517578,43
2026-03-17 03:08:00,95.91999816894533,96.0,95.9000015258789,96.0,114
2026-03-17 03:09:00,95.88999938964844,96.0,95.88999938964844,95.91000366210938,163
2026-03-17 03:10:00,95.86000061035156,95.91000366210938,95.86000061035156,95.87999725341795,15
2026-03-17 03:11:00,95.94000244140624,95.94000244140624,95.87999725341795,95.91999816894533,33
2026-03-17 03:12:00,96.01000213623048,96.0500030517578,95.94000244140624,95.9499969482422,25
2026-03-17 03:13:00,96.04000091552734,96.0999984741211,96.0,96.0199966430664,87
2026-03-17 03:14:00,96.05999755859376,96.08999633789062,95.93000030517578,96.0,131
2026-03-17 03:15:00,96.04000091552734,96.08999633789062,96.0199966430664,96.08999633789062,27
2026-03-17 03:16:00,95.94000244140624,96.04000091552734,95.93000030517578,96.0199966430664,27
2026-03-17 03:17:00,95.87999725341795,95.93000030517578,95.86000061035156,95.91999816894533,24
2026-03-17 03:18:00,95.93000030517578,95.94000244140624,95.87999725341795,95.91000366210938,23
2026-03-17 03:19:00,95.97000122070312,95.97000122070312,95.91000366210938,95.91999816894533,8
2026-03-17 03:20:00,96.04000091552734,96.0500030517578,95.97000122070312,95.97000122070312,50
2026-03-17 03:21:00,96.04000091552734,96.0500030517578,95.95999908447266,96.02999877929688,40
2026-03-17 03:22:00,96.0199966430664,96.06999969482422,96.01000213623048,96.04000091552734,32
2026-03-17 03:23:00,96.01000213623048,96.11000061035156,96.01000213623048,96.0500030517578,61
2026-03-17 03:24:00,95.9499969482422,96.0,95.94000244140624,96.0,65
2026-03-17 03:25:00,96.01000213623048,96.01000213623048,95.95999908447266,95.97000122070312,18
2026-03-17 03:26:00,95.94000244140624,95.98999786376952,95.91000366210938,95.98999786376952,55
2026-03-17 03:27:00,95.83000183105467,95.9499969482422,95.80999755859376,95.94000244140624,56
2026-03-17 03:28:00,95.9800033569336,95.9800033569336,95.77999877929688,95.83999633789062,92
2026-03-17 03:29:00,95.9800033569336,96.02999877929688,95.94000244140624,95.95999908447266,182
2026-03-17 03:30:00,96.08000183105467,96.0999984741211,95.95999908447266,95.97000122070312,187
2026-03-17 03:31:00,96.16000366210938,96.3000030517578,96.06999969482422,96.0999984741211,413
2026-03-17 03:32:00,96.08999633789062,96.20999908447266,96.05999755859376,96.16999816894533,175
2026-03-17 03:33:00,96.18000030517578,96.19000244140624,96.0999984741211,96.11000061035156,108
2026-03-17 03:34:00,96.06999969482422,96.1999969482422,96.0500030517578,96.16999816894533,63
2026-03-17 03:35:00,95.7699966430664,96.05999755859376,95.75,96.0500030517578,147
2026-03-17 03:36:00,95.79000091552734,95.79000091552734,95.73999786376952,95.76000213623048,61
2026-03-17 03:37:00,95.83000183105467,95.87000274658205,95.76000213623048,95.79000091552734,68
2026-03-17 03:38:00,95.9000015258789,95.94000244140624,95.80999755859376,95.83000183105467,64
2026-03-17 03:39:00,95.91999816894533,95.94000244140624,95.91000366210938,95.91000366210938,9
2026-03-17 03:40:00,95.91000366210938,95.91999816894533,95.87000274658205,95.91000366210938,41
2026-03-17 03:41:00,95.94000244140624,95.98999786376952,95.94000244140624,95.9499969482422,23
2026-03-17 03:42:00,95.9499969482422,96.05999755859376,95.9000015258789,95.91999816894533,87
2026-03-17 03:43:00,95.97000122070312,96.0199966430664,95.9499969482422,95.95999908447266,16
2026-03-17 03:44:00,95.88999938964844,95.97000122070312,95.86000061035156,95.9499969482422,42
2026-03-17 03:45:00,95.94000244140624,95.94000244140624,95.88999938964844,95.88999938964844,9
2026-03-17 03:46:00,96.0,96.01000213623048,95.9000015258789,95.91000366210938,44
2026-03-17 03:47:00,96.0,96.0199966430664,95.97000122070312,96.0,35
2026-03-17 03:48:00,96.11000061035156,96.12999725341795,96.0,96.01000213623048,43
2026-03-17 03:49:00,96.11000061035156,96.12999725341795,96.06999969482422,96.11000061035156,34
2026-03-17 03:50:00,96.08999633789062,96.11000061035156,96.05999755859376,96.0999984741211,65
2026-03-17 03:51:00,96.12999725341795,96.18000030517578,96.0999984741211,96.0999984741211,49
2026-03-17 03:52:00,96.12999725341795,96.1999969482422,96.0999984741211,96.11000061035156,50
2026-03-17 03:53:00,96.16999816894533,96.18000030517578,96.12000274658205,96.12999725341795,10
2026-03-17 03:54:00,96.12999725341795,96.1500015258789,96.08999633789062,96.1500015258789,22
2026-03-17 03:55:00,96.05999755859376,96.12000274658205,96.0500030517578,96.12000274658205,20
2026-03-17 03:56:00,95.9499969482422,96.05999755859376,95.91000366210938,96.04000091552734,88
2026-03-17 03:57:00,96.0,96.01000213623048,95.9499969482422,95.9499969482422,10
2026-03-17 03:58:00,96.0199966430664,96.02999877929688,95.97000122070312,96.0,27
2026-03-17 04:00:00,96.04000091552734,96.06999969482422,96.0199966430664,96.02999877929688,25
2026-03-17 04:01:00,96.16000366210938,96.20999908447266,96.05999755859376,96.05999755859376,76
2026-03-17 04:02:00,96.16000366210938,96.16999816894533,96.08000183105467,96.16000366210938,49
2026-03-17 04:03:00,96.1999969482422,96.29000091552734,96.19000244140624,96.19000244140624,72
2026-03-17 04:04:00,96.1999969482422,96.22000122070312,96.12000274658205,96.1999969482422,47
2026-03-17 04:05:00,96.2300033569336,96.2300033569336,96.1999969482422,96.1999969482422,26
2026-03-17 04:06:00,96.20999908447266,96.2300033569336,96.19000244140624,96.2300033569336,14
2026-03-17 04:07:00,96.23999786376952,96.23999786376952,96.1999969482422,96.2300033569336,11
2026-03-17 04:08:00,96.20999908447266,96.20999908447266,96.18000030517578,96.1999969482422,13
2026-03-17 04:09:00,96.18000030517578,96.1999969482422,96.13999938964844,96.1999969482422,13
2026-03-17 04:10:00,96.16000366210938,96.18000030517578,96.13999938964844,96.18000030517578,13
2026-03-17 04:11:00,96.0999984741211,96.16999816894533,96.08999633789062,96.13999938964844,35
2026-03-17 04:12:00,96.12000274658205,96.12999725341795,96.05999755859376,96.12000274658205,42
2026-03-17 04:13:00,96.0999984741211,96.1500015258789,96.08000183105467,96.12999725341795,40
2026-03-17 04:14:00,96.13999938964844,96.13999938964844,96.08000183105467,96.08000183105467,38
2026-03-17 04:15:00,96.13999938964844,96.16999816894533,96.13999938964844,96.13999938964844,9
2026-03-17 04:16:00,96.13999938964844,96.16000366210938,96.13999938964844,96.16000366210938,6
2026-03-17 04:17:00,96.12000274658205,96.13999938964844,96.11000061035156,96.12999725341795,14
2026-03-17 04:18:00,96.06999969482422,96.08999633789062,96.02999877929688,96.08999633789062,38
2026-03-17 04:19:00,96.0199966430664,96.0500030517578,96.01000213623048,96.04000091552734,12
2026-03-17 04:20:00,95.93000030517578,96.02999877929688,95.93000030517578,96.02999877929688,44
2026-03-17 04:21:00,95.9499969482422,95.98999786376952,95.94000244140624,95.97000122070312,30
2026-03-17 04:22:00,95.98999786376952,96.0,95.9499969482422,95.9499969482422,11
2026-03-17 04:23:00,95.83000183105467,95.95999908447266,95.80999755859376,95.95999908447266,131
2026-03-17 04:24:00,95.87999725341795,95.9000015258789,95.7699966430664,95.8000030517578,79
2026-03-17 04:25:00,95.87999725341795,95.91000366210938,95.86000061035156,95.87000274658205,44
2026-03-17 04:26:00,95.88999938964844,95.93000030517578,95.8499984741211,95.88999938964844,58
2026-03-17 04:27:00,95.91999816894533,95.91999816894533,95.87999725341795,95.9000015258789,33
2026-03-17 04:28:00,95.87999725341795,95.93000030517578,95.87000274658205,95.93000030517578,24
2026-03-17 04:29:00,95.88999938964844,95.9000015258789,95.8499984741211,95.87999725341795,38
2026-03-17 04:30:00,95.7300033569336,95.9000015258789,95.70999908447266,95.88999938964844,66
2026-03-17 04:31:00,95.70999908447266,95.73999786376952,95.58000183105467,95.72000122070312,148
2026-03-17 04:32:00,95.80999755859376,95.8499984741211,95.6999969482422,95.6999969482422,56
2026-03-17 04:33:00,95.7300033569336,95.81999969482422,95.7300033569336,95.80999755859376,43
2026-03-17 04:34:00,95.76000213623048,95.76000213623048,95.72000122070312,95.7300033569336,28
2026-03-17 04:35:00,95.76000213623048,95.77999877929688,95.7300033569336,95.77999877929688,24
2026-03-17 04:36:00,95.7699966430664,95.81999969482422,95.73999786376952,95.7699966430664,39
2026-03-17 04:37:00,95.73999786376952,95.77999877929688,95.72000122070312,95.76000213623048,26
2026-03-17 04:38:00,95.69000244140624,95.77999877929688,95.68000030517578,95.7699966430664,65
2026-03-17 04:39:00,95.61000061035156,95.66999816894533,95.55999755859376,95.66999816894533,122
2026-03-17 04:40:00,95.62000274658205,95.62000274658205,95.55999755859376,95.5999984741211,32
2026-03-17 04:41:00,95.55999755859376,95.63999938964844,95.5,95.62000274658205,32
2026-03-17 04:42:00,95.62999725341795,95.63999938964844,95.58000183105467,95.58999633789062,24
2026-03-17 04:43:00,95.63999938964844,95.63999938964844,95.61000061035156,95.62000274658205,16
2026-03-17 04:44:00,95.56999969482422,95.61000061035156,95.56999969482422,95.61000061035156,10
2026-03-17 04:45:00,95.56999969482422,95.58999633789062,95.5500030517578,95.58000183105467,22
2026-03-17 04:46:00,95.5,95.56999969482422,95.47000122070312,95.56999969482422,59
2026-03-17 04:47:00,95.55999755859376,95.58000183105467,95.41999816894533,95.48999786376952,108
2026-03-17 04:48:00,95.54000091552734,95.56999969482422,95.51000213623048,95.56999969482422,51
2026-03-17 04:49:00,95.58999633789062,95.58999633789062,95.5500030517578,95.55999755859376,19
2026-03-17 04:50:00,95.72000122070312,95.73999786376952,95.5999984741211,95.5999984741211,44
2026-03-17 04:51:00,95.7300033569336,95.7699966430664,95.70999908447266,95.72000122070312,29
2026-03-17 04:52:00,95.7300033569336,95.73999786376952,95.70999908447266,95.7300033569336,8
2026-03-17 04:53:00,95.72000122070312,95.72000122070312,95.69000244140624,95.72000122070312,42
2026-03-17 04:54:00,95.69000244140624,95.75,95.68000030517578,95.7300033569336,58
2026-03-17 04:55:00,95.7300033569336,95.7699966430664,95.69000244140624,95.6999969482422,31
2026-03-17 04:56:00,95.8000030517578,95.8000030517578,95.7300033569336,95.7300033569336,17
2026-03-17 04:57:00,95.81999969482422,95.83999633789062,95.77999877929688,95.79000091552734,12
2026-03-17 04:58:00,95.87000274658205,95.87000274658205,95.81999969482422,95.83999633789062,16
2026-03-17 04:59:00,95.83999633789062,95.8499984741211,95.83999633789062,95.8499984741211,40
2026-03-17 05:00:00,95.83000183105467,95.86000061035156,95.8000030517578,95.8499984741211,43
2026-03-17 05:01:00,95.79000091552734,95.83999633789062,95.79000091552734,95.83000183105467,18
2026-03-17 05:02:00,95.83000183105467,95.83999633789062,95.77999877929688,95.79000091552734,20
2026-03-17 05:03:00,95.69000244140624,95.83000183105467,95.69000244140624,95.83000183105467,51
2026-03-17 05:04:00,95.6999969482422,95.70999908447266,95.68000030517578,95.68000030517578,27
2026-03-17 05:05:00,95.72000122070312,95.7300033569336,95.6999969482422,95.70999908447266,17
2026-03-17 05:06:00,95.70999908447266,95.73999786376952,95.70999908447266,95.73999786376952,18
2026-03-17 05:07:00,95.68000030517578,95.7300033569336,95.66000366210938,95.6999969482422,25
2026-03-17 05:08:00,95.73999786376952,95.73999786376952,95.66999816894533,95.66999816894533,23
2026-03-17 05:09:00,95.62999725341795,95.72000122070312,95.62999725341795,95.72000122070312,32
2026-03-17 05:10:00,95.55999755859376,95.62000274658205,95.5199966430664,95.62000274658205,48
2026-03-17 05:11:00,95.48999786376952,95.58999633789062,95.45999908447266,95.55999755859376,33
2026-03-17 05:12:00,95.51000213623048,95.5500030517578,95.48999786376952,95.48999786376952,36
2026-03-17 05:13:00,95.51000213623048,95.52999877929688,95.51000213623048,95.5199966430664,5
2026-03-17 05:14:00,95.5,95.5,95.48999786376952,95.5,9
2026-03-17 05:15:00,95.4800033569336,95.5199966430664,95.45999908447266,95.5199966430664,17
2026-03-17 05:16:00,95.54000091552734,95.54000091552734,95.48999786376952,95.5,18
2026-03-17 05:17:00,95.55999755859376,95.58999633789062,95.5500030517578,95.56999969482422,25
2026-03-17 05:18:00,95.63999938964844,95.66000366210938,95.5500030517578,95.5500030517578,126
2026-03-17 05:19:00,95.58000183105467,95.61000061035156,95.58000183105467,95.61000061035156,8
2026-03-17 05:20:00,95.58000183105467,95.58000183105467,95.5500030517578,95.58000183105467,129
2026-03-17 05:21:00,95.61000061035156,95.61000061035156,95.55999755859376,95.55999755859376,19
2026-03-17 05:22:00,95.63999938964844,95.63999938964844,95.62000274658205,95.62000274658205,4
2026-03-17 05:23:00,95.56999969482422,95.62000274658205,95.56999969482422,95.62000274658205,17
2026-03-17 05:24:00,95.58000183105467,95.58000183105467,95.55999755859376,95.56999969482422,17
2026-03-17 05:25:00,95.58000183105467,95.62999725341795,95.58000183105467,95.58999633789062,17
2026-03-17 05:26:00,95.62000274658205,95.63999938964844,95.58000183105467,95.62000274658205,24
2026-03-17 05:27:00,95.58999633789062,95.66000366210938,95.58000183105467,95.62999725341795,22
2026-03-17 05:28:00,95.55999755859376,95.55999755859376,95.51000213623048,95.55999755859376,53
2026-03-17 05:29:00,95.4000015258789,95.55999755859376,95.3499984741211,95.55999755859376,162
2026-03-17 05:30:00,95.47000122070312,95.5,95.27999877929688,95.4000015258789,278
2026-03-17 05:31:00,95.4499969482422,95.5,95.4499969482422,95.47000122070312,44
2026-03-17 05:32:00,95.41999816894533,95.4800033569336,95.41999816894533,95.47000122070312,43
2026-03-17 05:33:00,95.47000122070312,95.48999786376952,95.41000366210938,95.44000244140624,40
2026-03-17 05:34:00,95.58000183105467,95.58999633789062,95.4800033569336,95.5,29
2026-03-17 05:35:00,95.76000213623048,95.76000213623048,95.58000183105467,95.5999984741211,85
2026-03-17 05:36:00,95.81999969482422,96.0,95.77999877929688,95.77999877929688,240
2026-03-17 05:37:00,95.7699966430664,95.83999633789062,95.7699966430664,95.81999969482422,54
2026-03-17 05:38:00,95.9499969482422,95.9499969482422,95.73999786376952,95.76000213623048,134
2026-03-17 05:39:00,95.95999908447266,96.01000213623048,95.88999938964844,95.9800033569336,82
2026-03-17 05:40:00,95.87999725341795,95.95999908447266,95.87999725341795,95.95999908447266,25
2026-03-17 05:41:00,95.94000244140624,95.98999786376952,95.94000244140624,95.94000244140624,18
2026-03-17 05:42:00,96.0999984741211,96.12000274658205,96.0,96.0,40
2026-03-17 05:43:00,96.37999725341795,96.41999816894533,96.12000274658205,96.12000274658205,367
2026-03-17 05:44:00,96.54000091552734,96.55999755859376,96.37999725341795,96.38999938964844,150
2026-03-17 05:45:00,96.70999908447266,96.9000015258789,96.52999877929688,96.5500030517578,527
2026-03-17 05:46:00,96.62999725341795,96.8499984741211,96.5999984741211,96.72000122070312,160
2026-03-17 05:47:00,96.76000213623048,96.79000091552734,96.63999938964844,96.63999938964844,77
2026-03-17 05:48:00,96.54000091552734,96.73999786376952,96.54000091552734,96.73999786376952,82
2026-03-17 05:49:00,96.7699966430664,96.77999877929688,96.5,96.52999877929688,135
2026-03-17 05:50:00,96.86000061035156,96.86000061035156,96.75,96.7699966430664,129
2026-03-17 05:51:00,96.86000061035156,97.01000213623048,96.8000030517578,96.83999633789062,173
2026-03-17 05:52:00,97.08000183105467,97.12999725341795,96.83999633789062,96.83999633789062,173
2026-03-17 05:53:00,97.22000122070312,97.22000122070312,97.05999755859376,97.06999969482422,314
2026-03-17 05:54:00,97.26000213623048,97.3000030517578,97.22000122070312,97.2300033569336,374
2026-03-17 05:55:00,97.47000122070312,97.55999755859376,97.25,97.2699966430664,298
2026-03-17 05:56:00,97.6500015258789,97.72000122070312,97.41999816894533,97.45999908447266,394
2026-03-17 05:57:00,97.62000274658205,97.75,97.5,97.63999938964844,346
2026-03-17 05:58:00,97.98999786376952,97.98999786376952,97.6500015258789,97.6500015258789,364
2026-03-17 05:59:00,97.80999755859376,97.98999786376952,97.76000213623048,97.9800033569336,282
2026-03-17 06:00:00,98.22000122070312,98.26000213623048,97.6500015258789,97.83000183105467,752
2026-03-17 06:01:00,98.12999725341795,98.3499984741211,98.0500030517578,98.2300033569336,530
2026-03-17 06:02:00,98.23999786376952,98.41999816894533,98.08999633789062,98.12000274658205,204
2026-03-17 06:03:00,98.27999877929688,98.27999877929688,98.05999755859376,98.23999786376952,213
2026-03-17 06:04:00,98.29000091552734,98.37000274658205,98.16999816894533,98.26000213623048,204
2026-03-17 06:05:00,98.12999725341795,98.36000061035156,98.12999725341795,98.3000030517578,133
2026-03-17 06:06:00,98.16999816894533,98.23999786376952,98.0999984741211,98.1500015258789,106
2026-03-17 06:07:00,98.2300033569336,98.26000213623048,97.94000244140624,98.1500015258789,274
2026-03-17 06:08:00,98.36000061035156,98.41000366210938,98.22000122070312,98.22000122070312,171
2026-03-17 06:09:00,98.13999938964844,98.4000015258789,98.06999969482422,98.4000015258789,126
2026-03-17 06:10:00,98.12000274658205,98.16000366210938,97.9499969482422,98.16000366210938,181
2026-03-17 06:11:00,97.86000061035156,98.06999969482422,97.7300033569336,98.06999969482422,308
2026-03-17 06:12:00,97.93000030517578,97.9800033569336,97.86000061035156,97.88999938964844,142
2026-03-17 06:13:00,97.94000244140624,97.9800033569336,97.91000366210938,97.93000030517578,85
2026-03-17 06:14:00,97.75,98.01000213623048,97.70999908447266,97.9499969482422,306
2026-03-17 06:15:00,97.8000030517578,97.9499969482422,97.68000030517578,97.77999877929688,206
2026-03-17 06:16:00,97.91000366210938,97.94000244140624,97.81999969482422,97.81999969482422,65
2026-03-17 06:17:00,97.63999938964844,97.93000030517578,97.63999938964844,97.93000030517578,117
2026-03-17 06:18:00,97.62000274658205,97.6500015258789,97.41999816894533,97.63999938964844,472
2026-03-17 06:19:00,97.5999984741211,97.62999725341795,97.47000122070312,97.62000274658205,185
2026-03-17 06:20:00,97.5199966430664,97.62000274658205,97.4000015258789,97.61000061035156,166
2026-03-17 06:21:00,97.1999969482422,97.5500030517578,97.02999877929688,97.48999786376952,410
2026-03-17 06:22:00,97.22000122070312,97.26000213623048,97.02999877929688,97.1999969482422,293
2026-03-17 06:23:00,97.16999816894533,97.3000030517578,97.16999816894533,97.22000122070312,102
2026-03-17 06:24:00,97.36000061035156,97.41000366210938,97.16999816894533,97.16999816894533,151
2026-03-17 06:25:00,97.31999969482422,97.41000366210938,97.22000122070312,97.36000061035156,85
2026-03-17 06:26:00,97.2699966430664,97.4499969482422,97.22000122070312,97.33999633789062,177
2026-03-17 06:27:00,97.3000030517578,97.41999816894533,97.1999969482422,97.27999877929688,169
2026-03-17 06:28:00,97.16000366210938,97.29000091552734,97.08000183105467,97.29000091552734,142
2026-03-17 06:29:00,97.16999816894533,97.27999877929688,97.16999816894533,97.16999816894533,64
2026-03-17 06:30:00,97.2699966430664,97.27999877929688,97.0999984741211,97.1500015258789,150
2026-03-17 06:31:00,97.08000183105467,97.29000091552734,97.0199966430664,97.2300033569336,150
2026-03-17 06:32:00,97.27999877929688,97.27999877929688,97.06999969482422,97.0999984741211,78
2026-03-17 06:33:00,97.56999969482422,97.56999969482422,97.23999786376952,97.25,213
2026-03-17 06:34:00,97.4800033569336,97.56999969482422,97.43000030517578,97.56999969482422,99
2026-03-17 06:35:00,97.5,97.5,97.41000366210938,97.45999908447266,43
2026-03-17 06:36:00,97.48999786376952,97.5199966430664,97.43000030517578,97.4800033569336,26
2026-03-17 06:37:00,97.5199966430664,97.55999755859376,97.45999908447266,97.45999908447266,45
2026-03-17 06:38:00,97.3499984741211,97.51000213623048,97.3499984741211,97.51000213623048,42
2026-03-17 06:39:00,97.29000091552734,97.37999725341795,97.22000122070312,97.33999633789062,111
2026-03-17 06:40:00,97.4499969482422,97.4499969482422,97.23999786376952,97.27999877929688,58
2026-03-17 06:41:00,97.62999725341795,97.62999725341795,97.44000244140624,97.47000122070312,109
2026-03-17 06:42:00,97.48999786376952,97.5999984741211,97.45999908447266,97.5999984741211,138
2026-03-17 06:43:00,97.5199966430664,97.62000274658205,97.38999938964844,97.48999786376952,142
2026-03-17 06:44:00,97.37999725341795,97.54000091552734,97.3499984741211,97.54000091552734,65
2026-03-17 06:45:00,97.55999755859376,97.55999755859376,97.37999725341795,97.37999725341795,111
2026-03-17 06:46:00,97.58999633789062,97.61000061035156,97.5199966430664,97.56999969482422,128
2026-03-17 06:47:00,97.54000091552734,97.61000061035156,97.51000213623048,97.5999984741211,54
2026-03-17 06:48:00,97.44000244140624,97.58000183105467,97.4000015258789,97.58000183105467,146
2026-03-17 06:49:00,97.73999786376952,97.75,97.47000122070312,97.47000122070312,148
2026-03-17 06:50:00,97.51000213623048,97.7699966430664,97.48999786376952,97.73999786376952,117
2026-03-17 06:51:00,97.5999984741211,97.63999938964844,97.5199966430664,97.52999877929688,63
2026-03-17 06:52:00,97.61000061035156,97.6500015258789,97.52999877929688,97.6500015258789,32
2026-03-17 06:53:00,97.62999725341795,97.6999969482422,97.62000274658205,97.62000274658205,25
2026-03-17 06:54:00,97.5999984741211,97.68000030517578,97.58000183105467,97.62999725341795,68
2026-03-17 06:55:00,97.58000183105467,97.66000366210938,97.5500030517578,97.5999984741211,112
2026-03-17 06:56:00,97.5999984741211,97.5999984741211,97.43000030517578,97.5500030517578,70
2026-03-17 06:57:00,97.63999938964844,97.68000030517578,97.51000213623048,97.56999969482422,170
2026-03-17 06:58:00,97.63999938964844,97.6999969482422,97.62000274658205,97.6500015258789,55
2026-03-17 06:59:00,97.5500030517578,97.66999816894533,97.5500030517578,97.62999725341795,108
2026-03-17 07:00:00,97.68000030517578,97.7300033569336,97.43000030517578,97.5199966430664,180
2026-03-17 07:01:00,97.61000061035156,97.75,97.55999755859376,97.6999969482422,53
2026-03-17 07:02:00,97.38999938964844,97.58999633789062,97.3499984741211,97.58999633789062,137
2026-03-17 07:03:00,97.30999755859376,97.41000366210938,97.2699966430664,97.33999633789062,108
2026-03-17 07:04:00,97.37000274658205,97.45999908447266,97.25,97.33999633789062,79
2026-03-17 07:05:00,97.48999786376952,97.5,97.30999755859376,97.37999725341795,55
2026-03-17 07:06:00,97.5999984741211,97.63999938964844,97.4499969482422,97.48999786376952,133
2026-03-17 07:07:00,97.62999725341795,97.6500015258789,97.58999633789062,97.5999984741211,46
2026-03-17 07:08:00,97.56999969482422,97.7300033569336,97.5500030517578,97.5999984741211,98
2026-03-17 07:09:00,97.6999969482422,97.6999969482422,97.54000091552734,97.54000091552734,42
2026-03-17 07:10:00,97.4800033569336,97.69000244140624,97.4499969482422,97.6500015258789,56
2026-03-17 07:11:00,97.5500030517578,97.5999984741211,97.48999786376952,97.5,22
2026-03-17 07:12:00,97.58000183105467,97.58000183105467,97.47000122070312,97.5,58
2026-03-17 07:13:00,97.55999755859376,97.62999725341795,97.5,97.52999877929688,44
2026-03-17 07:14:00,97.56999969482422,97.58000183105467,97.51000213623048,97.55999755859376,70
2026-03-17 07:15:00,97.52999877929688,97.55999755859376,97.47000122070312,97.55999755859376,55
2026-03-17 07:16:00,97.54000091552734,97.56999969482422,97.5,97.51000213623048,38
2026-03-17 07:17:00,97.47000122070312,97.5500030517578,97.41999816894533,97.54000091552734,49
2026-03-17 07:18:00,97.37999725341795,97.5500030517578,97.33000183105467,97.45999908447266,152
2026-03-17 07:19:00,97.16999816894533,97.4000015258789,97.12999725341795,97.4000015258789,226
2026-03-17 07:20:00,97.16000366210938,97.33000183105467,97.16000366210938,97.22000122070312,194
2026-03-17 07:21:00,97.0,97.20999908447266,96.91999816894533,97.16999816894533,380
2026-03-17 07:22:00,97.02999877929688,97.11000061035156,96.94000244140624,96.9800033569336,123
2026-03-17 07:23:00,96.77999877929688,97.0500030517578,96.75,97.02999877929688,323
2026-03-17 07:24:00,96.83000183105467,96.91000366210938,96.72000122070312,96.77999877929688,203
2026-03-17 07:25:00,97.0500030517578,97.08000183105467,96.83999633789062,96.8499984741211,169
2026-03-17 07:26:00,96.87000274658205,97.0999984741211,96.8499984741211,97.06999969482422,198
2026-03-17 07:27:00,96.87999725341795,96.93000030517578,96.86000061035156,96.88999938964844,96
2026-03-17 07:28:00,96.76000213623048,96.86000061035156,96.58999633789062,96.86000061035156,226
2026-03-17 07:29:00,96.87000274658205,96.91000366210938,96.76000213623048,96.79000091552734,148
2026-03-17 07:30:00,96.76000213623048,96.91000366210938,96.52999877929688,96.9000015258789,312
2026-03-17 07:31:00,95.9000015258789,96.0,95.9000015258789,95.9800033569336,27313
2026-03-17 07:32:00,96.01000213623048,96.02999877929688,95.83999633789062,95.88999938964844,322
2026-03-17 07:33:00,95.9499969482422,96.02999877929688,95.94000244140624,96.0199966430664,177
2026-03-17 07:34:00,95.87000274658205,95.95999908447266,95.83999633789062,95.94000244140624,177
2026-03-17 07:35:00,95.88999938964844,95.9499969482422,95.86000061035156,95.86000061035156,78
2026-03-17 07:36:00,95.88999938964844,95.94000244140624,95.8499984741211,95.93000030517578,38
2026-03-17 07:37:00,95.91999816894533,95.93000030517578,95.8499984741211,95.87999725341795,85
2026-03-17 07:38:00,95.86000061035156,96.0199966430664,95.83999633789062,95.9000015258789,198
2026-03-17 07:39:00,95.79000091552734,95.9499969482422,95.72000122070312,95.87000274658205,203
2026-03-17 07:40:00,95.8499984741211,95.86000061035156,95.70999908447266,95.79000091552734,146
2026-03-17 07:41:00,95.93000030517578,96.06999969482422,95.86000061035156,95.86000061035156,169
2026-03-17 07:42:00,96.11000061035156,96.18000030517578,95.94000244140624,95.94000244140624,324
2026-03-17 07:43:00,96.01000213623048,96.12999725341795,95.97000122070312,96.12999725341795,118
2026-03-17 07:44:00,95.98999786376952,96.12000274658205,95.97000122070312,96.05999755859376,159
2026-03-17 07:45:00,96.0500030517578,96.0999984741211,96.0,96.0,139
2026-03-17 07:46:00,96.08999633789062,96.16999816894533,96.02999877929688,96.0500030517578,176
2026-03-17 07:47:00,96.1500015258789,96.1500015258789,96.0199966430664,96.08000183105467,158
2026-03-17 07:48:00,96.0500030517578,96.27999877929688,96.02999877929688,96.16000366210938,305
2026-03-17 07:49:00,96.0500030517578,96.06999969482422,95.94000244140624,96.0500030517578,118
2026-03-17 07:50:00,96.1999969482422,96.1999969482422,95.9800033569336,96.04000091552734,153
2026-03-17 07:51:00,96.20999908447266,96.29000091552734,96.18000030517578,96.20999908447266,367
2026-03-17 07:52:00,96.3000030517578,96.33000183105467,96.20999908447266,96.20999908447266,136
2026-03-17 07:53:00,96.38999938964844,96.41000366210938,96.30999755859376,96.30999755859376,171
2026-03-17 07:54:00,96.37999725341795,96.4800033569336,96.37999725341795,96.4000015258789,262
2026-03-17 07:55:00,96.30999755859376,96.37999725341795,96.2699966430664,96.37000274658205,208
2026-03-17 07:56:00,96.19000244140624,96.30999755859376,96.13999938964844,96.30999755859376,86
2026-03-17 07:57:00,96.13999938964844,96.1999969482422,96.11000061035156,96.19000244140624,73
2026-03-17 07:58:00,96.1500015258789,96.23999786376952,96.12999725341795,96.16999816894533,90
2026-03-17 07:59:00,96.04000091552734,96.13999938964844,96.04000091552734,96.13999938964844,168
2026-03-17 08:00:00,96.0,96.08999633789062,95.87999725341795,96.0500030517578,550
2026-03-17 08:01:00,96.08999633789062,96.11000061035156,95.94000244140624,95.98999786376952,262
2026-03-17 08:02:00,96.1500015258789,96.2300033569336,95.9499969482422,96.0999984741211,194
2026-03-17 08:03:00,96.20999908447266,96.27999877929688,95.9800033569336,96.12999725341795,221
2026-03-17 08:04:00,96.22000122070312,96.3499984741211,96.20999908447266,96.20999908447266,227
2026-03-17 08:05:00,96.2300033569336,96.27999877929688,96.16999816894533,96.22000122070312,157
2026-03-17 08:06:00,96.30999755859376,96.4000015258789,96.20999908447266,96.25,270
2026-03-17 08:07:00,96.33000183105467,96.3499984741211,96.25,96.33999633789062,108
2026-03-17 08:08:00,96.41000366210938,96.5,96.33999633789062,96.33999633789062,248
2026-03-17 08:09:00,96.47000122070312,96.5199966430664,96.41000366210938,96.41999816894533,134
2026-03-17 08:10:00,96.52999877929688,96.58000183105467,96.37999725341795,96.4800033569336,204
2026-03-17 08:11:00,96.55999755859376,96.68000030517578,96.52999877929688,96.52999877929688,266
2026-03-17 08:12:00,96.52999877929688,96.63999938964844,96.52999877929688,96.55999755859376,139
2026-03-17 08:13:00,96.47000122070312,96.56999969482422,96.43000030517578,96.54000091552734,125
2026-03-17 08:14:00,96.68000030517578,96.73999786376952,96.4800033569336,96.4800033569336,328
2026-03-17 08:15:00,96.7699966430664,96.83999633789062,96.6500015258789,96.6500015258789,365
2026-03-17 08:16:00,96.6999969482422,96.83000183105467,96.6999969482422,96.79000091552734,177
2026-03-17 08:17:00,96.6500015258789,96.76000213623048,96.6500015258789,96.69000244140624,164
2026-03-17 08:18:00,96.81999969482422,96.9000015258789,96.62000274658205,96.63999938964844,239
2026-03-17 08:19:00,96.69000244140624,96.93000030517578,96.62999725341795,96.81999969482422,378
2026-03-17 08:20:00,96.94000244140624,97.05999755859376,96.63999938964844,96.69000244140624,325
2026-03-17 08:21:00,96.91000366210938,96.98999786376952,96.87999725341795,96.9499969482422,185
2026-03-17 08:22:00,96.81999969482422,96.97000122070312,96.81999969482422,96.91999816894533,107
2026-03-17 08:23:00,96.76000213623048,96.87000274658205,96.76000213623048,96.83000183105467,201
2026-03-17 08:24:00,96.68000030517578,96.77999877929688,96.63999938964844,96.76000213623048,398
2026-03-17 08:25:00,96.5500030517578,96.7699966430664,96.52999877929688,96.68000030517578,366
2026-03-17 08:26:00,96.62999725341795,96.66000366210938,96.51000213623048,96.58000183105467,240
2026-03-17 08:27:00,96.62000274658205,96.66000366210938,96.51000213623048,96.61000061035156,200
2026-03-17 08:28:00,96.79000091552734,96.86000061035156,96.61000061035156,96.62999725341795,366
2026-03-17 08:29:00,96.75,96.87999725341795,96.7300033569336,96.7699966430664,527
2026-03-17 08:30:00,96.68000030517578,96.77999877929688,96.62999725341795,96.73999786376952,333
2026-03-17 08:31:00,96.6500015258789,96.70999908447266,96.5500030517578,96.66999816894533,336
2026-03-17 08:32:00,96.69000244140624,96.7699966430664,96.6500015258789,96.66999816894533,279
2026-03-17 08:33:00,96.7699966430664,96.7699966430664,96.43000030517578,96.69000244140624,547
2026-03-17 08:34:00,96.87999725341795,96.9000015258789,96.72000122070312,96.76000213623048,212
2026-03-17 08:35:00,96.87000274658205,96.94000244140624,96.7699966430664,96.87000274658205,271
2026-03-17 08:36:00,96.8499984741211,97.0,96.83000183105467,96.87000274658205,306
2026-03-17 08:37:00,96.80999755859376,96.87999725341795,96.77999877929688,96.83999633789062,161
2026-03-17 08:38:00,96.72000122070312,96.86000061035156,96.72000122070312,96.83000183105467,101
2026-03-17 08:39:00,96.58999633789062,96.70999908447266,96.5500030517578,96.6999969482422,182
2026-03-17 08:40:00,96.41000366210938,96.5999984741211,96.41000366210938,96.58999633789062,210
2026-03-17 08:41:00,96.3000030517578,96.43000030517578,96.27999877929688,96.41000366210938,310
2026-03-17 08:42:00,96.18000030517578,96.31999969482422,96.08999633789062,96.30999755859376,223
2026-03-17 08:43:00,96.12000274658205,96.1999969482422,96.04000091552734,96.16999816894533,150
2026-03-17 08:44:00,96.31999969482422,96.31999969482422,96.08000183105467,96.12999725341795,332
2026-03-17 08:45:00,96.13999938964844,96.33000183105467,96.13999938964844,96.31999969482422,190
2026-03-17 08:46:00,96.25,96.3000030517578,96.04000091552734,96.1500015258789,290
2026-03-17 08:47:00,96.31999969482422,96.36000061035156,96.2300033569336,96.23999786376952,108
2026-03-17 08:48:00,96.38999938964844,96.41999816894533,96.3000030517578,96.33000183105467,108
2026-03-17 08:49:00,96.44000244140624,96.47000122070312,96.3499984741211,96.41000366210938,191
2026-03-17 08:50:00,96.47000122070312,96.5,96.37000274658205,96.4499969482422,332
2026-03-17 08:51:00,96.68000030517578,96.70999908447266,96.4800033569336,96.48999786376952,254
2026-03-17 08:52:00,96.69000244140624,96.72000122070312,96.55999755859376,96.69000244140624,192
2026-03-17 08:53:00,96.83999633789062,96.86000061035156,96.68000030517578,96.68000030517578,268
2026-03-17 08:54:00,96.76000213623048,96.83999633789062,96.69000244140624,96.83999633789062,289
2026-03-17 08:55:00,96.6999969482422,96.80999755859376,96.62999725341795,96.7699966430664,556
2026-03-17 08:56:00,96.83000183105467,96.87000274658205,96.66000366210938,96.6999969482422,234
2026-03-17 08:57:00,96.83000183105467,96.86000061035156,96.75,96.83000183105467,120
2026-03-17 08:58:00,96.63999938964844,96.80999755859376,96.5999984741211,96.80999755859376,200
2026-03-17 08:59:00,96.6500015258789,96.72000122070312,96.61000061035156,96.6500015258789,166
2026-03-17 09:00:00,96.62000274658205,96.66000366210938,96.51000213623048,96.6500015258789,271
2026-03-17 09:01:00,96.30999755859376,96.6500015258789,96.3000030517578,96.5999984741211,220
2026-03-17 09:02:00,96.4000015258789,96.4499969482422,96.1999969482422,96.29000091552734,239
2026-03-17 09:03:00,96.37999725341795,96.44000244140624,96.3499984741211,96.38999938964844,73
2026-03-17 09:04:00,96.4000015258789,96.41999816894533,96.31999969482422,96.37999725341795,82
2026-03-17 09:05:00,96.2699966430664,96.44000244140624,96.26000213623048,96.37999725341795,152
2026-03-17 09:06:00,96.22000122070312,96.33999633789062,96.20999908447266,96.26000213623048,130
2026-03-17 09:07:00,96.27999877929688,96.3000030517578,96.18000030517578,96.20999908447266,103
2026-03-17 09:08:00,96.12999725341795,96.3000030517578,96.12999725341795,96.29000091552734,276
2026-03-17 09:09:00,96.16000366210938,96.2300033569336,96.0999984741211,96.13999938964844,130
2026-03-17 09:10:00,96.0,96.16999816894533,95.9499969482422,96.16999816894533,226
2026-03-17 09:11:00,95.9000015258789,96.01000213623048,95.86000061035156,96.01000213623048,451
2026-03-17 09:12:00,95.91999816894533,95.97000122070312,95.87999725341795,95.91000366210938,126
2026-03-17 09:13:00,95.9800033569336,96.0500030517578,95.9000015258789,95.91999816894533,182
2026-03-17 09:14:00,96.05999755859376,96.05999755859376,95.95999908447266,95.97000122070312,193
2026-03-17 09:15:00,96.12000274658205,96.13999938964844,95.97000122070312,96.0500030517578,142
2026-03-17 09:16:00,96.08000183105467,96.12000274658205,96.0500030517578,96.0999984741211,72
2026-03-17 09:17:00,96.08999633789062,96.12000274658205,96.0199966430664,96.0500030517578,132
2026-03-17 09:18:00,96.23999786376952,96.2699966430664,96.0999984741211,96.0999984741211,210
2026-03-17 09:19:00,96.13999938964844,96.30999755859376,96.08000183105467,96.23999786376952,210
2026-03-17 09:20:00,96.16999816894533,96.1999969482422,96.0999984741211,96.12999725341795,78
2026-03-17 09:21:00,96.19000244140624,96.20999908447266,96.0,96.16999816894533,159
2026-03-17 09:22:00,96.1999969482422,96.25,96.1500015258789,96.18000030517578,238
2026-03-17 09:23:00,96.23999786376952,96.29000091552734,96.11000061035156,96.18000030517578,340
2026-03-17 09:24:00,96.08000183105467,96.2699966430664,96.02999877929688,96.2699966430664,253
2026-03-17 09:25:00,95.9000015258789,96.08000183105467,95.9000015258789,96.06999969482422,250
2026-03-17 09:26:00,95.52999877929688,95.93000030517578,95.4000015258789,95.88999938964844,910
2026-03-17 09:27:00,95.44000244140624,95.5999984741211,95.37999725341795,95.54000091552734,297
2026-03-17 09:28:00,95.3499984741211,95.47000122070312,95.25,95.4499969482422,368
2026-03-17 09:29:00,95.25,95.37999725341795,95.16000366210938,95.3499984741211,494
2026-03-17 09:30:00,95.36000061035156,95.43000030517578,95.2300033569336,95.26000213623048,374
2026-03-17 09:31:00,95.41999816894533,95.44000244140624,95.22000122070312,95.3499984741211,291
2026-03-17 09:32:00,95.4499969482422,95.4800033569336,95.27999877929688,95.4000015258789,224
2026-03-17 09:33:00,95.4000015258789,95.4800033569336,95.33000183105467,95.44000244140624,199
2026-03-17 09:34:00,95.27999877929688,95.44000244140624,95.26000213623048,95.38999938964844,210
2026-03-17 09:35:00,95.1500015258789,95.29000091552734,95.04000091552734,95.27999877929688,328
2026-03-17 09:36:00,95.27999877929688,95.3000030517578,95.13999938964844,95.13999938964844,422
2026-03-17 09:37:00,95.4000015258789,95.41999816894533,95.26000213623048,95.29000091552734,292
2026-03-17 09:38:00,95.41999816894533,95.5,95.33999633789062,95.4000015258789,274
2026-03-17 09:39:00,95.4800033569336,95.62000274658205,95.41999816894533,95.41999816894533,254
2026-03-17 09:40:00,95.69000244140624,95.6999969482422,95.4800033569336,95.4800033569336,283
2026-03-17 09:41:00,95.66999816894533,95.70999908447266,95.56999969482422,95.66000366210938,237
2026-03-17 09:42:00,95.5199966430664,95.6999969482422,95.5199966430664,95.6999969482422,131
2026-03-17 09:43:00,95.5500030517578,95.61000061035156,95.5199966430664,95.52999877929688,161
2026-03-17 09:44:00,95.38999938964844,95.58000183105467,95.37000274658205,95.5500030517578,181
2026-03-17 09:45:00,95.4800033569336,95.51000213623048,95.38999938964844,95.38999938964844,117
2026-03-17 09:46:00,95.33000183105467,95.48999786376952,95.2699966430664,95.48999786376952,208
2026-03-17 09:47:00,95.26000213623048,95.31999969482422,95.19000244140624,95.3000030517578,557
2026-03-17 09:48:00,95.36000061035156,95.41000366210938,95.22000122070312,95.25,152
2026-03-17 09:49:00,95.43000030517578,95.44000244140624,95.37000274658205,95.37000274658205,171
2026-03-17 09:50:00,95.37999725341795,95.43000030517578,95.30999755859376,95.43000030517578,183
2026-03-17 09:51:00,95.29000091552734,95.4000015258789,95.29000091552734,95.4000015258789,55
2026-03-17 09:52:00,95.30999755859376,95.33000183105467,95.25,95.27999877929688,117
2026-03-17 09:53:00,95.27999877929688,95.30999755859376,95.19000244140624,95.30999755859376,300
2026-03-17 09:54:00,95.2300033569336,95.27999877929688,95.20999908447266,95.27999877929688,86
2026-03-17 09:55:00,95.22000122070312,95.37999725341795,95.19000244140624,95.23999786376952,311
2026-03-17 09:56:00,95.08000183105467,95.22000122070312,95.04000091552734,95.20999908447266,316
2026-03-17 09:57:00,95.04000091552734,95.0999984741211,94.9800033569336,95.08999633789062,252
2026-03-17 09:58:00,95.0500030517578,95.05999755859376,95.0,95.0500030517578,118
2026-03-17 09:59:00,95.23999786376952,95.23999786376952,95.04000091552734,95.05999755859376,172
2026-03-17 10:00:00,95.48999786376952,95.5,95.22000122070312,95.22000122070312,310
2026-03-17 10:01:00,95.41000366210938,95.52999877929688,95.38999938964844,95.4800033569336,142
2026-03-17 10:02:00,95.47000122070312,95.4800033569336,95.38999938964844,95.41000366210938,141
2026-03-17 10:03:00,95.4800033569336,95.55999755859376,95.41999816894533,95.45999908447266,239
2026-03-17 10:04:00,95.58000183105467,95.62000274658205,95.4499969482422,95.47000122070312,299
2026-03-17 10:05:00,95.58999633789062,95.61000061035156,95.54000091552734,95.58000183105467,110
2026-03-17 10:06:00,95.6500015258789,95.69000244140624,95.55999755859376,95.58000183105467,93
2026-03-17 10:07:00,95.61000061035156,95.66999816894533,95.58000183105467,95.61000061035156,98
2026-03-17 10:08:00,95.8000030517578,95.81999969482422,95.58999633789062,95.58999633789062,497
2026-03-17 10:09:00,95.75,95.8499984741211,95.73999786376952,95.79000091552734,218
2026-03-17 10:10:00,95.70999908447266,95.8000030517578,95.68000030517578,95.75,69
2026-03-17 10:11:00,95.70999908447266,95.7300033569336,95.66999816894533,95.72000122070312,95
2026-03-17 10:12:00,95.79000091552734,95.83000183105467,95.6500015258789,95.7300033569336,188
2026-03-17 10:13:00,95.75,95.83000183105467,95.7300033569336,95.8000030517578,130
2026-03-17 10:14:00,95.69000244140624,95.7699966430664,95.69000244140624,95.76000213623048,56
2026-03-17 10:15:00,95.88999938964844,95.91000366210938,95.69000244140624,95.72000122070312,278
2026-03-17 10:16:00,95.91000366210938,95.97000122070312,95.8499984741211,95.87999725341795,211
2026-03-17 10:17:00,95.94000244140624,95.95999908447266,95.86000061035156,95.9000015258789,121
2026-03-17 10:18:00,96.16000366210938,96.16999816894533,95.93000030517578,95.94000244140624,536
2026-03-17 10:19:00,96.0500030517578,96.1500015258789,96.0,96.1500015258789,221
2026-03-17 10:20:00,96.02999877929688,96.13999938964844,96.0,96.04000091552734,230
2026-03-17 10:21:00,96.11000061035156,96.23999786376952,96.01000213623048,96.0500030517578,306
2026-03-17 10:22:00,96.06999969482422,96.12000274658205,95.9800033569336,96.0999984741211,335
2026-03-17 10:23:00,96.0199966430664,96.08999633789062,96.0199966430664,96.06999969482422,86
2026-03-17 10:24:00,96.02999877929688,96.05999755859376,95.98999786376952,96.02999877929688,111
2026-03-17 10:25:00,96.02999877929688,96.06999969482422,96.01000213623048,96.01000213623048,62
2026-03-17 10:26:00,96.01000213623048,96.08000183105467,95.9800033569336,96.02999877929688,93
2026-03-17 10:27:00,96.06999969482422,96.06999969482422,96.02999877929688,96.04000091552734,112
2026-03-17 10:28:00,95.97000122070312,96.05999755859376,95.9000015258789,96.05999755859376,202
2026-03-17 10:29:00,96.02999877929688,96.02999877929688,95.91999816894533,95.95999908447266,266
2026-03-17 10:30:00,96.02999877929688,96.06999969482422,96.0,96.04000091552734,87
2026-03-17 10:31:00,96.0500030517578,96.16999816894533,95.9499969482422,96.04000091552734,360
2026-03-17 10:32:00,96.01000213623048,96.08000183105467,96.0,96.05999755859376,93
2026-03-17 10:33:00,96.01000213623048,96.0199966430664,95.88999938964844,96.01000213623048,200
2026-03-17 10:34:00,95.8000030517578,95.98999786376952,95.75,95.98999786376952,340
2026-03-17 10:35:00,95.73999786376952,95.9000015258789,95.73999786376952,95.83000183105467,119
2026-03-17 10:36:00,95.69000244140624,95.73999786376952,95.56999969482422,95.73999786376952,274
2026-03-17 10:37:00,95.7699966430664,95.7699966430664,95.66000366210938,95.68000030517578,75
2026-03-17 10:38:00,95.87000274658205,95.87000274658205,95.75,95.76000213623048,72
2026-03-17 10:39:00,95.77999877929688,95.91000366210938,95.7699966430664,95.87999725341795,136
2026-03-17 10:40:00,95.7300033569336,95.77999877929688,95.70999908447266,95.77999877929688,134
2026-03-17 10:41:00,95.6500015258789,95.75,95.6500015258789,95.73999786376952,125
2026-03-17 10:42:00,95.75,95.77999877929688,95.7300033569336,95.7300033569336,50
2026-03-17 10:43:00,95.68000030517578,95.76000213623048,95.68000030517578,95.7300033569336,141
2026-03-17 10:44:00,95.66999816894533,95.6999969482422,95.62000274658205,95.69000244140624,82
2026-03-17 10:45:00,95.62000274658205,95.66000366210938,95.47000122070312,95.66000366210938,251
2026-03-17 10:46:00,95.6999969482422,95.72000122070312,95.5999984741211,95.62000274658205,133
2026-03-17 10:47:00,95.70999908447266,95.7300033569336,95.66000366210938,95.69000244140624,45
2026-03-17 10:48:00,95.62999725341795,95.6999969482422,95.61000061035156,95.6999969482422,211
2026-03-17 10:49:00,95.69000244140624,95.69000244140624,95.62999725341795,95.62999725341795,43
2026-03-17 10:50:00,95.77999877929688,95.86000061035156,95.68000030517578,95.6999969482422,274
2026-03-17 10:51:00,95.8000030517578,95.86000061035156,95.77999877929688,95.80999755859376,113
2026-03-17 10:52:00,95.9000015258789,95.9800033569336,95.81999969482422,95.81999969482422,198
2026-03-17 10:53:00,95.87999725341795,95.9499969482422,95.87000274658205,95.91000366210938,84
2026-03-17 10:54:00,95.81999969482422,95.87999725341795,95.79000091552734,95.87999725341795,107
2026-03-17 10:55:00,95.8000030517578,95.88999938964844,95.8000030517578,95.83999633789062,185
2026-03-17 10:56:00,95.66999816894533,95.8000030517578,95.66999816894533,95.8000030517578,179
2026-03-17 10:57:00,95.69000244140624,95.72000122070312,95.63999938964844,95.63999938964844,116
2026-03-17 10:58:00,95.56999969482422,95.72000122070312,95.5500030517578,95.6999969482422,148
2026-03-17 10:59:00,95.54000091552734,95.62000274658205,95.5199966430664,95.55999755859376,67
2026-03-17 11:00:00,95.61000061035156,95.6500015258789,95.52999877929688,95.54000091552734,147
2026-03-17 11:01:00,95.58999633789062,95.5999984741211,95.54000091552734,95.5999984741211,115
2026-03-17 11:02:00,95.5999984741211,95.6500015258789,95.5500030517578,95.58000183105467,100
2026-03-17 11:03:00,95.62000274658205,95.6999969482422,95.61000061035156,95.61000061035156,191
2026-03-17 11:04:00,95.63999938964844,95.6999969482422,95.62000274658205,95.6500015258789,1146
2026-03-17 11:05:00,95.72000122070312,95.75,95.62000274658205,95.62999725341795,234
2026-03-17 11:06:00,95.76000213623048,95.87000274658205,95.73999786376952,95.73999786376952,282
2026-03-17 11:07:00,95.69000244140624,95.7699966430664,95.68000030517578,95.7300033569336,129
2026-03-17 11:08:00,95.75,95.76000213623048,95.6999969482422,95.6999969482422,62
2026-03-17 11:09:00,95.66000366210938,95.8499984741211,95.58999633789062,95.73999786376952,495
2026-03-17 11:10:00,95.6999969482422,95.72000122070312,95.61000061035156,95.6500015258789,163
2026-03-17 11:11:00,95.6999969482422,95.76000213623048,95.66999816894533,95.68000030517578,41
2026-03-17 11:12:00,95.75,95.77999877929688,95.69000244140624,95.70999908447266,118
2026-03-17 11:13:00,95.8499984741211,95.87999725341795,95.7300033569336,95.76000213623048,405
2026-03-17 11:14:00,95.7300033569336,95.87000274658205,95.72000122070312,95.86000061035156,343
2026-03-17 11:15:00,95.63999938964844,95.72000122070312,95.5999984741211,95.72000122070312,255
2026-03-17 11:16:00,95.62999725341795,95.69000244140624,95.5500030517578,95.6500015258789,451
2026-03-17 11:17:00,95.69000244140624,95.6999969482422,95.61000061035156,95.6500015258789,68
2026-03-17 11:18:00,95.68000030517578,95.7300033569336,95.6500015258789,95.68000030517578,91
2026-03-17 11:19:00,95.83000183105467,95.83999633789062,95.62999725341795,95.68000030517578,288
2026-03-17 11:20:00,95.77999877929688,95.87999725341795,95.75,95.83000183105467,384
2026-03-17 11:21:00,95.83000183105467,95.93000030517578,95.79000091552734,95.79000091552734,254
2026-03-17 11:22:00,95.83999633789062,95.87000274658205,95.8000030517578,95.83999633789062,72
2026-03-17 11:23:00,95.72000122070312,95.8499984741211,95.6500015258789,95.8499984741211,219
2026-03-17 11:24:00,95.8000030517578,95.81999969482422,95.72000122070312,95.73999786376952,64
2026-03-17 11:25:00,95.7699966430664,95.81999969482422,95.76000213623048,95.8000030517578,53
2026-03-17 11:26:00,95.77999877929688,95.86000061035156,95.7699966430664,95.77999877929688,69
2026-03-17 11:27:00,95.81999969482422,95.83999633789062,95.7699966430664,95.77999877929688,44
2026-03-17 11:28:00,95.81999969482422,95.83000183105467,95.8000030517578,95.83000183105467,75
2026-03-17 11:29:00,95.87000274658205,95.87999725341795,95.81999969482422,95.81999969482422,84
2026-03-17 11:30:00,95.91000366210938,95.93000030517578,95.79000091552734,95.87000274658205,347
2026-03-17 11:31:00,96.01000213623048,96.01000213623048,95.91000366210938,95.91000366210938,226
2026-03-17 11:32:00,96.02999877929688,96.12999725341795,95.98999786376952,95.98999786376952,428
2026-03-17 11:33:00,96.04000091552734,96.05999755859376,96.01000213623048,96.02999877929688,245
2026-03-17 11:34:00,96.16999816894533,96.26000213623048,96.04000091552734,96.04000091552734,616
2026-03-17 11:35:00,96.02999877929688,96.19000244140624,96.02999877929688,96.16999816894533,552
2026-03-17 11:36:00,96.0999984741211,96.1500015258789,96.02999877929688,96.02999877929688,169
2026-03-17 11:37:00,96.18000030517578,96.18000030517578,96.0999984741211,96.0999984741211,141
2026-03-17 11:38:00,96.2699966430664,96.30999755859376,96.1500015258789,96.18000030517578,381
2026-03-17 11:39:00,96.2699966430664,96.3499984741211,96.26000213623048,96.27999877929688,160
2026-03-17 11:40:00,96.18000030517578,96.3499984741211,96.05999755859376,96.26000213623048,389
2026-03-17 11:41:00,96.23999786376952,96.27999877929688,96.1500015258789,96.18000030517578,204
2026-03-17 11:42:00,96.19000244140624,96.27999877929688,96.12999725341795,96.25,331
2026-03-17 11:43:00,96.12000274658205,96.22000122070312,96.08999633789062,96.19000244140624,232
2026-03-17 11:44:00,96.29000091552734,96.29000091552734,96.05999755859376,96.12000274658205,217
2026-03-17 11:45:00,96.22000122070312,96.3000030517578,96.16000366210938,96.3000030517578,153
2026-03-17 11:46:00,96.12000274658205,96.23999786376952,96.12000274658205,96.22000122070312,83
2026-03-17 11:47:00,96.13999938964844,96.18000030517578,96.12999725341795,96.12999725341795,80
2026-03-17 11:48:00,96.12999725341795,96.18000030517578,96.04000091552734,96.12999725341795,271
2026-03-17 11:49:00,96.16000366210938,96.16000366210938,96.08000183105467,96.12999725341795,94
2026-03-17 11:50:00,96.02999877929688,96.16999816894533,96.0199966430664,96.16000366210938,165
2026-03-17 11:51:00,96.0199966430664,96.06999969482422,96.0,96.02999877929688,152
2026-03-17 11:52:00,96.0199966430664,96.0500030517578,95.9800033569336,96.01000213623048,469
2026-03-17 11:53:00,96.08999633789062,96.0999984741211,95.97000122070312,96.0199966430664,186
2026-03-17 11:54:00,96.25,96.3000030517578,96.08999633789062,96.08999633789062,386
2026-03-17 11:55:00,96.27999877929688,96.3499984741211,96.26000213623048,96.26000213623048,111
2026-03-17 11:56:00,96.3000030517578,96.30999755859376,96.26000213623048,96.29000091552734,144
2026-03-17 11:57:00,96.23999786376952,96.37000274658205,96.23999786376952,96.3000030517578,239
2026-03-17 11:58:00,96.18000030517578,96.26000213623048,96.12999725341795,96.25,518
2026-03-17 11:59:00,96.20999908447266,96.26000213623048,96.13999938964844,96.19000244140624,782
2026-03-17 12:00:00,96.16999816894533,96.33000183105467,96.12999725341795,96.22000122070312,738
2026-03-17 12:01:00,96.08999633789062,96.18000030517578,96.06999969482422,96.16999816894533,172
2026-03-17 12:02:00,95.95999908447266,96.0999984741211,95.88999938964844,96.0999984741211,400
2026-03-17 12:03:00,95.95999908447266,96.0500030517578,95.94000244140624,95.9800033569336,189
2026-03-17 12:04:00,95.80999755859376,95.9800033569336,95.76000213623048,95.95999908447266,303
2026-03-17 12:05:00,95.66999816894533,95.83999633789062,95.63999938964844,95.80999755859376,381
2026-03-17 12:06:00,95.61000061035156,95.66999816894533,95.56999969482422,95.66000366210938,461
2026-03-17 12:07:00,95.66000366210938,95.66999816894533,95.54000091552734,95.5999984741211,431
2026-03-17 12:08:00,95.51000213623048,95.70999908447266,95.31999969482422,95.6500015258789,619
2026-03-17 12:09:00,95.37999725341795,95.5199966430664,95.31999969482422,95.51000213623048,433
2026-03-17 12:10:00,95.4499969482422,95.4800033569336,95.37000274658205,95.37000274658205,243
2026-03-17 12:11:00,95.33000183105467,95.48999786376952,95.2699966430664,95.41999816894533,496
2026-03-17 12:12:00,95.1500015258789,95.37999725341795,95.13999938964844,95.33000183105467,763
2026-03-17 12:13:00,95.0199966430664,95.16000366210938,94.56999969482422,95.13999938964844,1282
2026-03-17 12:14:00,95.08000183105467,95.12999725341795,95.0199966430664,95.0500030517578,392
2026-03-17 12:15:00,95.0999984741211,95.16999816894533,95.05999755859376,95.08000183105467,427
2026-03-17 12:16:00,95.18000030517578,95.2300033569336,95.08999633789062,95.11000061035156,542
2026-03-17 12:17:00,95.1999969482422,95.22000122070312,95.12999725341795,95.16999816894533,414
2026-03-17 12:18:00,95.27999877929688,95.33999633789062,95.18000030517578,95.19000244140624,387
2026-03-17 12:19:00,95.06999969482422,95.29000091552734,95.04000091552734,95.27999877929688,496
2026-03-17 12:20:00,95.13999938964844,95.18000030517578,95.0,95.06999969482422,206
2026-03-17 12:21:00,95.0999984741211,95.18000030517578,95.02999877929688,95.11000061035156,220
2026-03-17 12:22:00,94.9800033569336,95.11000061035156,94.9499969482422,95.11000061035156,368
2026-03-17 12:23:00,94.91999816894533,95.0,94.81999969482422,94.9800033569336,443
2026-03-17 12:24:00,94.86000061035156,94.91000366210938,94.83000183105467,94.9000015258789,315
2026-03-17 12:25:00,94.98999786376952,95.04000091552734,94.83999633789062,94.86000061035156,267
2026-03-17 12:26:00,94.9499969482422,95.0199966430664,94.9000015258789,95.0199966430664,148
2026-03-17 12:27:00,94.94000244140624,94.98999786376952,94.8499984741211,94.9499969482422,362
2026-03-17 12:28:00,94.88999938964844,94.91999816894533,94.7300033569336,94.91999816894533,343
2026-03-17 12:29:00,94.87000274658205,94.9800033569336,94.87000274658205,94.88999938964844,135
2026-03-17 12:30:00,94.93000030517578,94.95999908447266,94.77999877929688,94.87000274658205,251
2026-03-17 12:31:00,94.83000183105467,94.95999908447266,94.73999786376952,94.9499969482422,529
2026-03-17 12:32:00,94.79000091552734,94.91999816894533,94.76000213623048,94.83999633789062,438
2026-03-17 12:33:00,94.8499984741211,94.87000274658205,94.58999633789062,94.79000091552734,882
2026-03-17 12:34:00,94.83000183105467,94.88999938964844,94.76000213623048,94.83999633789062,305
2026-03-17 12:35:00,95.0999984741211,95.11000061035156,94.81999969482422,94.81999969482422,464
2026-03-17 12:36:00,94.95999908447266,95.0999984741211,94.7699966430664,95.0999984741211,1006
2026-03-17 12:37:00,94.98999786376952,95.0,94.9000015258789,94.95999908447266,197
2026-03-17 12:38:00,95.01000213623048,95.11000061035156,94.9000015258789,94.97000122070312,314
2026-03-17 12:39:00,95.0,95.04000091552734,94.91999816894533,95.01000213623048,290
2026-03-17 12:40:00,94.94000244140624,95.01000213623048,94.88999938964844,95.0,258
2026-03-17 12:41:00,95.1999969482422,95.22000122070312,94.9800033569336,94.9800033569336,352
2026-03-17 12:42:00,95.04000091552734,95.23999786376952,95.04000091552734,95.19000244140624,213
2026-03-17 12:43:00,95.0500030517578,95.0500030517578,94.9800033569336,95.02999877929688,310
2026-03-17 12:44:00,95.16999816894533,95.19000244140624,95.0500030517578,95.0500030517578,177
2026-03-17 12:45:00,95.1999969482422,95.23999786376952,95.13999938964844,95.16999816894533,233
2026-03-17 12:46:00,95.23999786376952,95.25,95.1500015258789,95.22000122070312,189
2026-03-17 12:47:00,95.16999816894533,95.29000091552734,95.1500015258789,95.23999786376952,336
2026-03-17 12:48:00,95.19000244140624,95.22000122070312,95.0500030517578,95.16999816894533,497
2026-03-17 12:49:00,95.19000244140624,95.2699966430664,95.13999938964844,95.20999908447266,229
2026-03-17 12:50:00,95.22000122070312,95.26000213623048,95.16999816894533,95.1999969482422,190
2026-03-17 12:51:00,95.2300033569336,95.26000213623048,95.16000366210938,95.20999908447266,141
2026-03-17 12:52:00,95.18000030517578,95.22000122070312,95.1500015258789,95.22000122070312,121
2026-03-17 12:53:00,95.12000274658205,95.1999969482422,95.0500030517578,95.16999816894533,374
2026-03-17 12:54:00,95.04000091552734,95.12999725341795,95.0199966430664,95.12999725341795,192
2026-03-17 12:55:00,94.93000030517578,95.06999969482422,94.91000366210938,95.04000091552734,850
2026-03-17 12:56:00,94.91000366210938,94.93000030517578,94.80999755859376,94.93000030517578,838
2026-03-17 12:57:00,94.9000015258789,94.9499969482422,94.80999755859376,94.91000366210938,297
2026-03-17 12:58:00,94.87000274658205,95.0,94.87000274658205,94.9000015258789,716
2026-03-17 12:59:00,94.58000183105467,94.88999938964844,94.58000183105467,94.87000274658205,947
2026-03-17 13:00:00,94.33999633789062,94.68000030517578,94.0,94.5999984741211,2752
2026-03-17 13:01:00,94.5999984741211,94.62999725341795,94.2699966430664,94.33000183105467,1162
2026-03-17 13:02:00,94.51000213623048,94.7699966430664,94.4800033569336,94.61000061035156,673
2026-03-17 13:03:00,94.51000213623048,94.63999938964844,94.45999908447266,94.4800033569336,355
2026-03-17 13:04:00,94.66999816894533,94.72000122070312,94.5199966430664,94.5199966430664,305
2026-03-17 13:05:00,94.6999969482422,94.83000183105467,94.66000366210938,94.69000244140624,420
2026-03-17 13:06:00,94.4000015258789,94.75,94.31999969482422,94.70999908447266,893
2026-03-17 13:07:00,94.4000015258789,94.4499969482422,94.2699966430664,94.4000015258789,543
2026-03-17 13:08:00,94.33999633789062,94.4000015258789,94.18000030517578,94.4000015258789,778
2026-03-17 13:09:00,94.27999877929688,94.36000061035156,94.23999786376952,94.33999633789062,565
2026-03-17 13:10:00,94.20999908447266,94.2699966430664,94.1500015258789,94.2699966430664,516
2026-03-17 13:11:00,94.06999969482422,94.20999908447266,94.04000091552734,94.1999969482422,939
2026-03-17 13:12:00,94.22000122070312,94.25,94.05999755859376,94.05999755859376,773
2026-03-17 13:13:00,94.1999969482422,94.2300033569336,94.08000183105467,94.20999908447266,699
2026-03-17 13:14:00,94.18000030517578,94.23999786376952,94.12000274658205,94.19000244140624,229
2026-03-17 13:15:00,94.18000030517578,94.22000122070312,94.04000091552734,94.18000030517578,384
2026-03-17 13:16:00,94.18000030517578,94.2300033569336,94.12999725341795,94.16999816894533,413
2026-03-17 13:17:00,94.18000030517578,94.2300033569336,93.91000366210938,94.18000030517578,890
2026-03-17 13:18:00,94.0199966430664,94.31999969482422,93.97000122070312,94.1999969482422,767
2026-03-17 13:19:00,94.08000183105467,94.08999633789062,94.0,94.01000213623048,471
2026-03-17 13:20:00,94.02999877929688,94.16999816894533,94.0199966430664,94.08999633789062,449
2026-03-17 13:21:00,94.08999633789062,94.0999984741211,94.0,94.04000091552734,424
2026-03-17 13:22:00,94.2699966430664,94.30999755859376,94.0999984741211,94.0999984741211,943
2026-03-17 13:23:00,94.30999755859376,94.41000366210938,94.25,94.27999877929688,683
2026-03-17 13:24:00,94.38999938964844,94.41999816894533,94.27999877929688,94.27999877929688,260
2026-03-17 13:25:00,94.23999786376952,94.41999816894533,94.22000122070312,94.37999725341795,788
2026-03-17 13:26:00,94.4000015258789,94.43000030517578,94.23999786376952,94.23999786376952,476
2026-03-17 13:27:00,94.36000061035156,94.4800033569336,94.30999755859376,94.41000366210938,717
2026-03-17 13:28:00,94.2699966430664,94.38999938964844,94.2699966430664,94.37000274658205,464
2026-03-17 13:29:00,94.26000213623048,94.3499984741211,94.1999969482422,94.2699966430664,618
2026-03-17 13:30:00,94.12999725341795,94.29000091552734,94.12000274658205,94.26000213623048,676
2026-03-17 13:31:00,94.31999969482422,94.3499984741211,94.1500015258789,94.1500015258789,577
2026-03-17 13:32:00,94.22000122070312,94.3499984741211,94.13999938964844,94.30999755859376,680
2026-03-17 13:33:00,94.11000061035156,94.2300033569336,94.0999984741211,94.22000122070312,380
2026-03-17 13:34:00,93.94000244140624,94.11000061035156,93.91999816894533,94.08999633789062,918
2026-03-17 13:35:00,94.19000244140624,94.26000213623048,93.9499969482422,93.9800033569336,1122
2026-03-17 13:36:00,94.13999938964844,94.25,94.08000183105467,94.1999969482422,848
2026-03-17 13:37:00,94.02999877929688,94.13999938964844,93.97000122070312,94.13999938964844,814
2026-03-17 13:38:00,94.1999969482422,94.23999786376952,93.9800033569336,94.04000091552734,1018
2026-03-17 13:39:00,94.12999725341795,94.22000122070312,94.02999877929688,94.19000244140624,485
2026-03-17 13:40:00,93.95999908447266,94.16000366210938,93.83000183105467,94.12000274658205,915
2026-03-17 13:41:00,93.80999755859376,93.9800033569336,93.75,93.9800033569336,688
2026-03-17 13:42:00,93.97000122070312,94.0199966430664,93.80999755859376,93.81999969482422,577
2026-03-17 13:43:00,93.8499984741211,94.0199966430664,93.8000030517578,94.0,215
2026-03-17 13:44:00,93.77999877929688,93.87000274658205,93.76000213623048,93.81999969482422,307
2026-03-17 13:45:00,93.58000183105467,93.80999755859376,93.5500030517578,93.77999877929688,617
2026-03-17 13:46:00,93.54000091552734,93.56999969482422,93.18000030517578,93.56999969482422,1904
2026-03-17 13:47:00,93.5999984741211,93.70999908447266,93.51000213623048,93.54000091552734,729
2026-03-17 13:48:00,93.5999984741211,93.62000274658205,93.5199966430664,93.58999633789062,433
2026-03-17 13:49:00,93.8000030517578,93.8000030517578,93.54000091552734,93.61000061035156,460
2026-03-17 13:50:00,93.83999633789062,93.88999938964844,93.75,93.79000091552734,374
2026-03-17 13:51:00,94.08000183105467,94.08999633789062,93.83999633789062,93.83999633789062,626
2026-03-17 13:52:00,94.12000274658205,94.1500015258789,94.01000213623048,94.0500030517578,415
2026-03-17 13:53:00,94.25,94.26000213623048,94.08999633789062,94.0999984741211,553
2026-03-17 13:54:00,94.2300033569336,94.33000183105467,94.13999938964844,94.26000213623048,791
2026-03-17 13:55:00,94.1999969482422,94.25,94.16000366210938,94.22000122070312,360
2026-03-17 13:56:00,94.12999725341795,94.20999908447266,94.08999633789062,94.19000244140624,469
2026-03-17 13:57:00,94.12000274658205,94.12999725341795,94.08000183105467,94.12000274658205,260
2026-03-17 13:58:00,94.25,94.3000030517578,94.12000274658205,94.13999938964844,442
2026-03-17 13:59:00,94.44000244140624,94.47000122070312,94.22000122070312,94.25,1431
2026-03-17 14:00:00,94.5,94.5,94.41000366210938,94.41999816894533,880
2026-03-17 14:01:00,94.56999969482422,94.66000366210938,94.41999816894533,94.48999786376952,929
2026-03-17 14:02:00,94.47000122070312,94.62999725341795,94.43000030517578,94.58000183105467,488
2026-03-17 14:03:00,94.5500030517578,94.5500030517578,94.4499969482422,94.4800033569336,300
2026-03-17 14:04:00,94.62000274658205,94.6500015258789,94.51000213623048,94.5500030517578,697
2026-03-17 14:05:00,94.62000274658205,94.6999969482422,94.56999969482422,94.62999725341795,376
2026-03-17 14:06:00,94.37000274658205,94.66000366210938,94.36000061035156,94.62999725341795,605
2026-03-17 14:07:00,94.38999938964844,94.41999816894533,94.33000183105467,94.37999725341795,389
2026-03-17 14:08:00,94.30999755859376,94.38999938964844,94.23999786376952,94.38999938964844,418
2026-03-17 14:09:00,94.3000030517578,94.3499984741211,94.29000091552734,94.3000030517578,126
2026-03-17 14:10:00,94.4000015258789,94.44000244140624,94.27999877929688,94.27999877929688,412
2026-03-17 14:11:00,94.44000244140624,94.5199966430664,94.36000061035156,94.4000015258789,464
2026-03-17 14:12:00,94.56999969482422,94.56999969482422,94.41999816894533,94.44000244140624,415
2026-03-17 14:13:00,94.47000122070312,94.55999755859376,94.4000015258789,94.55999755859376,352
2026-03-17 14:14:00,94.58999633789062,94.58999633789062,94.4000015258789,94.4800033569336,271
2026-03-17 14:15:00,94.62000274658205,94.6500015258789,94.54000091552734,94.56999969482422,558
2026-03-17 14:16:00,94.73999786376952,94.80999755859376,94.61000061035156,94.62999725341795,808
2026-03-17 14:17:00,94.75,94.77999877929688,94.6500015258789,94.7300033569336,972
2026-03-17 14:18:00,94.5999984741211,94.75,94.58999633789062,94.75,444
2026-03-17 14:19:00,94.41000366210938,94.58999633789062,94.37999725341795,94.58999633789062,703
2026-03-17 14:20:00,94.4800033569336,94.48999786376952,94.37000274658205,94.41999816894533,485
2026-03-17 14:21:00,94.38999938964844,94.5,94.37999725341795,94.4800033569336,379
2026-03-17 14:22:00,94.4499969482422,94.4800033569336,94.33000183105467,94.41000366210938,227
2026-03-17 14:23:00,94.54000091552734,94.58999633789062,94.45999908447266,94.45999908447266,502
2026-03-17 14:24:00,94.4499969482422,94.5500030517578,94.4499969482422,94.5500030517578,282
2026-03-17 14:25:00,94.54000091552734,94.54000091552734,94.3499984741211,94.44000244140624,540
2026-03-17 14:26:00,94.4499969482422,94.5500030517578,94.43000030517578,94.54000091552734,208
2026-03-17 14:27:00,94.41000366210938,94.5,94.41000366210938,94.44000244140624,408
2026-03-17 14:28:00,94.26000213623048,94.41999816894533,94.19000244140624,94.4000015258789,1411
2026-03-17 14:29:00,94.2300033569336,94.29000091552734,94.16999816894533,94.26000213623048,449
2026-03-17 14:30:00,94.13999938964844,94.22000122070312,94.0500030517578,94.20999908447266,505
2026-03-17 14:31:00,94.19000244140624,94.23999786376952,94.12000274658205,94.1500015258789,323
2026-03-17 14:32:00,94.25,94.33000183105467,94.1999969482422,94.1999969482422,511
2026-03-17 14:33:00,94.29000091552734,94.36000061035156,94.22000122070312,94.26000213623048,737
2026-03-17 14:34:00,94.2300033569336,94.33999633789062,94.2300033569336,94.27999877929688,352
2026-03-17 14:35:00,93.9000015258789,94.25,93.80999755859376,94.23999786376952,2268
2026-03-17 14:36:00,94.02999877929688,94.0500030517578,93.79000091552734,93.91000366210938,842
2026-03-17 14:37:00,93.9499969482422,94.06999969482422,93.91000366210938,94.02999877929688,538
2026-03-17 14:38:00,94.02999877929688,94.06999969482422,93.95999908447266,93.95999908447266,568
2026-03-17 14:39:00,93.94000244140624,94.0500030517578,93.93000030517578,94.02999877929688,757
2026-03-17 14:40:00,94.0500030517578,94.06999969482422,93.93000030517578,93.93000030517578,173
2026-03-17 14:41:00,93.94000244140624,94.04000091552734,93.88999938964844,94.04000091552734,433
2026-03-17 14:42:00,93.77999877929688,93.97000122070312,93.76000213623048,93.9499969482422,361
2026-03-17 14:43:00,93.58999633789062,93.79000091552734,93.5,93.77999877929688,1170
2026-03-17 14:44:00,93.54000091552734,93.5999984741211,93.45999908447266,93.58000183105467,860
2026-03-17 14:45:00,93.41999816894533,93.55999755859376,93.3000030517578,93.54000091552734,723
2026-03-17 14:46:00,93.37000274658205,93.47000122070312,93.33999633789062,93.41999816894533,682
2026-03-17 14:47:00,93.5500030517578,93.61000061035156,93.30999755859376,93.38999938964844,910
2026-03-17 14:48:00,93.52999877929688,93.66999816894533,93.43000030517578,93.54000091552734,957
2026-03-17 14:49:00,93.44000244140624,93.5199966430664,93.41000366210938,93.48999786376952,422
2026-03-17 14:50:00,93.33999633789062,93.4499969482422,93.26000213623048,93.41000366210938,774
2026-03-17 14:51:00,93.36000061035156,93.5,93.27999877929688,93.3499984741211,1018
2026-03-17 14:52:00,93.4499969482422,93.47000122070312,93.30999755859376,93.36000061035156,362
2026-03-17 14:53:00,93.37999725341795,93.44000244140624,93.23999786376952,93.44000244140624,714
2026-03-17 14:54:00,93.43000030517578,93.4499969482422,93.19000244140624,93.37000274658205,552
2026-03-17 14:55:00,93.33999633789062,93.5199966430664,93.3000030517578,93.44000244140624,472
2026-03-17 14:56:00,93.4800033569336,93.4800033569336,93.31999969482422,93.33999633789062,182
2026-03-17 14:57:00,93.4800033569336,93.5999984741211,93.41999816894533,93.5,718
2026-03-17 14:58:00,93.48999786376952,93.5,93.41999816894533,93.48999786376952,144
2026-03-17 14:59:00,93.5,93.52999877929688,93.45999908447266,93.5,170
2026-03-17 15:00:00,93.41000366210938,93.5199966430664,93.37000274658205,93.5199966430664,577
2026-03-17 15:01:00,93.37000274658205,93.5199966430664,93.26000213623048,93.4000015258789,1425
2026-03-17 15:02:00,93.44000244140624,93.52999877929688,93.3499984741211,93.37000274658205,1011
2026-03-17 15:03:00,93.43000030517578,93.52999877929688,93.41999816894533,93.41999816894533,387
2026-03-17 15:04:00,93.45999908447266,93.47000122070312,93.3000030517578,93.41000366210938,416
2026-03-17 15:05:00,93.5500030517578,93.62000274658205,93.43000030517578,93.45999908447266,887
2026-03-17 15:06:00,93.58999633789062,93.66000366210938,93.52999877929688,93.56999969482422,377
2026-03-17 15:07:00,93.66000366210938,93.66999816894533,93.5199966430664,93.58999633789062,263
2026-03-17 15:08:00,93.77999877929688,93.83000183105467,93.6500015258789,93.6500015258789,585
2026-03-17 15:09:00,93.79000091552734,93.87000274658205,93.76000213623048,93.77999877929688,502
2026-03-17 15:10:00,93.7300033569336,93.77999877929688,93.63999938964844,93.77999877929688,393
2026-03-17 15:11:00,93.91999816894533,93.9499969482422,93.7300033569336,93.7300033569336,314
2026-03-17 15:12:00,93.87000274658205,93.9499969482422,93.83000183105467,93.91999816894533,267
2026-03-17 15:13:00,93.87000274658205,93.9000015258789,93.8000030517578,93.88999938964844,166
2026-03-17 15:14:00,93.93000030517578,93.97000122070312,93.86000061035156,93.86000061035156,307
2026-03-17 15:15:00,93.9499969482422,93.95999908447266,93.81999969482422,93.94000244140624,303
2026-03-17 15:16:00,93.91999816894533,94.01000213623048,93.9000015258789,93.94000244140624,378
2026-03-17 15:17:00,93.87999725341795,93.97000122070312,93.83999633789062,93.93000030517578,307
2026-03-17 15:18:00,94.0500030517578,94.1500015258789,93.81999969482422,93.87000274658205,603
2026-03-17 15:19:00,94.05999755859376,94.1500015258789,94.01000213623048,94.0500030517578,402
2026-03-17 15:20:00,93.98999786376952,94.08000183105467,93.93000030517578,94.05999755859376,288
2026-03-17 15:21:00,94.01000213623048,94.04000091552734,93.94000244140624,93.98999786376952,314
2026-03-17 15:22:00,94.0500030517578,94.12000274658205,94.0,94.01000213623048,211
2026-03-17 15:23:00,94.13999938964844,94.18000030517578,94.02999877929688,94.04000091552734,243
2026-03-17 15:24:00,94.12999725341795,94.23999786376952,94.11000061035156,94.1500015258789,395
2026-03-17 15:25:00,94.0999984741211,94.12999725341795,94.0500030517578,94.12999725341795,327
2026-03-17 15:26:00,94.05999755859376,94.12000274658205,94.01000213623048,94.0999984741211,491
2026-03-17 15:27:00,94.0999984741211,94.12999725341795,94.05999755859376,94.06999969482422,183
2026-03-17 15:28:00,94.23999786376952,94.26000213623048,94.05999755859376,94.11000061035156,719
2026-03-17 15:29:00,94.16999816894533,94.25,94.1500015258789,94.23999786376952,860
2026-03-17 15:30:00,94.08999633789062,94.23999786376952,94.04000091552734,94.18000030517578,1117
2026-03-17 15:31:00,94.31999969482422,94.3499984741211,94.06999969482422,94.0999984741211,346
2026-03-17 15:32:00,94.41000366210938,94.4499969482422,94.3000030517578,94.31999969482422,524
2026-03-17 15:33:00,94.43000030517578,94.4800033569336,94.3499984741211,94.44000244140624,492
2026-03-17 15:34:00,94.44000244140624,94.45999908447266,94.3499984741211,94.38999938964844,415
2026-03-17 15:35:00,94.56999969482422,94.75,94.44000244140624,94.44000244140624,854
2026-03-17 15:36:00,94.76000213623048,94.7699966430664,94.58000183105467,94.58000183105467,415
2026-03-17 15:37:00,94.8000030517578,94.86000061035156,94.73999786376952,94.75,504
2026-03-17 15:38:00,94.91000366210938,94.98999786376952,94.79000091552734,94.80999755859376,1261
2026-03-17 15:39:00,94.83000183105467,94.91999816894533,94.80999755859376,94.9000015258789,837
2026-03-17 15:40:00,94.83000183105467,94.97000122070312,94.80999755859376,94.81999969482422,1500
2026-03-17 15:41:00,94.9800033569336,94.98999786376952,94.81999969482422,94.83999633789062,483
2026-03-17 15:42:00,94.87999725341795,94.97000122070312,94.83000183105467,94.95999908447266,610
2026-03-17 15:43:00,94.7300033569336,94.87999725341795,94.7300033569336,94.87000274658205,486
2026-03-17 15:44:00,94.66000366210938,94.75,94.62000274658205,94.7300033569336,887
2026-03-17 15:45:00,94.68000030517578,94.73999786376952,94.6500015258789,94.66999816894533,282
2026-03-17 15:46:00,94.73999786376952,94.83000183105467,94.66999816894533,94.68000030517578,395
2026-03-17 15:47:00,94.88999938964844,94.9000015258789,94.75,94.75,450
2026-03-17 15:48:00,94.9800033569336,95.0199966430664,94.8499984741211,94.9000015258789,885
2026-03-17 15:49:00,95.16000366210938,95.22000122070312,94.98999786376952,94.98999786376952,1289
2026-03-17 15:50:00,94.95999908447266,95.16999816894533,94.95999908447266,95.1500015258789,584
2026-03-17 15:51:00,94.93000030517578,95.02999877929688,94.8499984741211,94.98999786376952,364
2026-03-17 15:52:00,94.9800033569336,95.02999877929688,94.91999816894533,94.91999816894533,292
2026-03-17 15:53:00,94.94000244140624,94.98999786376952,94.91000366210938,94.9800033569336,211
2026-03-17 15:54:00,94.83999633789062,94.95999908447266,94.81999969482422,94.94000244140624,595
2026-03-17 15:55:00,94.75,94.86000061035156,94.66999816894533,94.86000061035156,570
2026-03-17 15:56:00,94.75,94.79000091552734,94.5999984741211,94.75,547
2026-03-17 15:57:00,94.7699966430664,94.81999969482422,94.70999908447266,94.73999786376952,256
2026-03-17 15:58:00,94.87999725341795,94.91999816894533,94.7699966430664,94.7699966430664,340
2026-03-17 15:59:00,94.88999938964844,94.88999938964844,94.81999969482422,94.87999725341795,190
2026-03-17 16:00:00,94.8000030517578,94.87999725341795,94.77999877929688,94.87999725341795,427
2026-03-17 16:01:00,94.72000122070312,94.8000030517578,94.6999969482422,94.8000030517578,346
2026-03-17 16:02:00,94.83999633789062,94.8499984741211,94.72000122070312,94.7300033569336,175
2026-03-17 16:03:00,95.01000213623048,95.05999755859376,94.83000183105467,94.83999633789062,610
2026-03-17 16:04:00,94.88999938964844,95.0500030517578,94.88999938964844,95.01000213623048,434
2026-03-17 16:05:00,94.88999938964844,94.93000030517578,94.6500015258789,94.88999938964844,967
2026-03-17 16:06:00,94.86000061035156,94.95999908447266,94.81999969482422,94.87999725341795,583
2026-03-17 16:07:00,94.97000122070312,94.98999786376952,94.81999969482422,94.86000061035156,350
2026-03-17 16:08:00,94.79000091552734,95.02999877929688,94.61000061035156,94.97000122070312,1439
2026-03-17 16:09:00,94.62999725341795,94.8499984741211,94.61000061035156,94.79000091552734,493
2026-03-17 16:10:00,94.51000213623048,94.66000366210938,94.41999816894533,94.63999938964844,838
2026-03-17 16:11:00,94.41999816894533,94.54000091552734,94.38999938964844,94.5199966430664,445
2026-03-17 16:12:00,94.5,94.5,94.27999877929688,94.4000015258789,559
2026-03-17 16:13:00,94.63999938964844,94.63999938964844,94.4499969482422,94.51000213623048,336
2026-03-17 16:14:00,94.66999816894533,94.75,94.62000274658205,94.63999938964844,429
2026-03-17 16:15:00,94.6999969482422,94.73999786376952,94.61000061035156,94.66000366210938,235
2026-03-17 16:16:00,94.66000366210938,94.6999969482422,94.58000183105467,94.6999969482422,157
2026-03-17 16:17:00,94.4000015258789,94.66000366210938,94.37999725341795,94.6500015258789,268
2026-03-17 16:18:00,94.3000030517578,94.47000122070312,94.29000091552734,94.38999938964844,421
2026-03-17 16:19:00,94.29000091552734,94.43000030517578,94.25,94.30999755859376,364
2026-03-17 16:20:00,94.22000122070312,94.3499984741211,94.18000030517578,94.27999877929688,844
2026-03-17 16:21:00,94.3000030517578,94.3499984741211,94.12000274658205,94.1999969482422,306
2026-03-17 16:22:00,94.33999633789062,94.3499984741211,94.26000213623048,94.31999969482422,240
2026-03-17 16:23:00,94.1999969482422,94.3499984741211,94.18000030517578,94.3499984741211,676
2026-03-17 16:24:00,93.93000030517578,94.2300033569336,93.87000274658205,94.20999908447266,1613
2026-03-17 16:25:00,93.9800033569336,94.05999755859376,93.9000015258789,93.91000366210938,513
2026-03-17 16:26:00,93.86000061035156,94.01000213623048,93.7699966430664,93.98999786376952,449
2026-03-17 16:27:00,93.73999786376952,94.0,93.69000244140624,93.8499984741211,855
2026-03-17 16:28:00,93.86000061035156,93.87999725341795,93.70999908447266,93.75,506
2026-03-17 16:29:00,93.6500015258789,93.86000061035156,93.5999984741211,93.86000061035156,868
2026-03-17 16:30:00,93.76000213623048,93.79000091552734,93.62999725341795,93.66000366210938,362
2026-03-17 16:31:00,93.6999969482422,93.86000061035156,93.69000244140624,93.7300033569336,300
2026-03-17 16:32:00,93.77999877929688,93.8000030517578,93.6999969482422,93.70999908447266,267
2026-03-17 16:33:00,93.93000030517578,93.9499969482422,93.70999908447266,93.7699966430664,474
2026-03-17 16:34:00,93.83999633789062,94.04000091552734,93.83999633789062,93.91999816894533,861
2026-03-17 16:35:00,93.9800033569336,93.98999786376952,93.83000183105467,93.83000183105467,308
2026-03-17 16:36:00,94.0999984741211,94.12999725341795,93.95999908447266,93.98999786376952,305
2026-03-17 16:37:00,94.12999725341795,94.23999786376952,94.0500030517578,94.08999633789062,461
2026-03-17 16:38:00,94.1999969482422,94.2300033569336,94.13999938964844,94.13999938964844,286
2026-03-17 16:39:00,94.16000366210938,94.23999786376952,94.12999725341795,94.20999908447266,238
2026-03-17 16:40:00,94.1999969482422,94.1999969482422,94.02999877929688,94.13999938964844,184
2026-03-17 16:41:00,94.22000122070312,94.2699966430664,94.16999816894533,94.20999908447266,337
2026-03-17 16:42:00,94.1999969482422,94.23999786376952,94.16000366210938,94.2300033569336,422
2026-03-17 16:43:00,94.27999877929688,94.27999877929688,94.16000366210938,94.1999969482422,210
2026-03-17 16:44:00,94.1999969482422,94.3000030517578,94.16999816894533,94.27999877929688,235
2026-03-17 16:45:00,94.16999816894533,94.26000213623048,94.16000366210938,94.20999908447266,125
2026-03-17 16:46:00,94.12000274658205,94.19000244140624,94.05999755859376,94.19000244140624,202
2026-03-17 16:47:00,94.33999633789062,94.37000274658205,94.12000274658205,94.12999725341795,378
2026-03-17 16:48:00,94.5500030517578,94.55999755859376,94.31999969482422,94.31999969482422,730
2026-03-17 16:49:00,94.58999633789062,94.61000061035156,94.5,94.54000091552734,375
2026-03-17 16:50:00,94.47000122070312,94.62000274658205,94.44000244140624,94.58000183105467,565
2026-03-17 16:51:00,94.44000244140624,94.51000213623048,94.41999816894533,94.47000122070312,246
2026-03-17 16:52:00,94.4000015258789,94.45999908447266,94.36000061035156,94.44000244140624,416
2026-03-17 16:53:00,94.41000366210938,94.5,94.41000366210938,94.41000366210938,379
2026-03-17 16:54:00,94.48999786376952,94.52999877929688,94.4000015258789,94.4000015258789,260
2026-03-17 16:55:00,94.4800033569336,94.51000213623048,94.36000061035156,94.4800033569336,200
2026-03-17 16:56:00,94.44000244140624,94.51000213623048,94.44000244140624,94.48999786376952,110
2026-03-17 16:57:00,94.37999725341795,94.4499969482422,94.36000061035156,94.44000244140624,305
2026-03-17 16:58:00,94.41000366210938,94.4800033569336,94.3499984741211,94.38999938964844,356
2026-03-17 16:59:00,94.30999755859376,94.4000015258789,94.2699966430664,94.4000015258789,290
2026-03-17 17:00:00,94.3499984741211,94.41000366210938,94.29000091552734,94.31999969482422,256
2026-03-17 17:01:00,94.5,94.5,94.33000183105467,94.3499984741211,263
2026-03-17 17:02:00,94.62999725341795,94.70999908447266,94.48999786376952,94.48999786376952,726
2026-03-17 17:03:00,94.61000061035156,94.63999938964844,94.5199966430664,94.61000061035156,683
2026-03-17 17:04:00,94.76000213623048,94.76000213623048,94.61000061035156,94.62000274658205,864
2026-03-17 17:05:00,94.87000274658205,94.87999725341795,94.76000213623048,94.7699966430664,892
2026-03-17 17:06:00,94.91000366210938,95.0,94.88999938964844,94.88999938964844,636
2026-03-17 17:07:00,94.9000015258789,94.94000244140624,94.83000183105467,94.91999816894533,694
2026-03-17 17:08:00,94.9000015258789,94.9800033569336,94.8499984741211,94.91999816894533,339
2026-03-17 17:09:00,94.8499984741211,94.91999816894533,94.83999633789062,94.91000366210938,163
2026-03-17 17:10:00,94.9800033569336,94.98999786376952,94.8499984741211,94.87000274658205,355
2026-03-17 17:11:00,94.91999816894533,94.98999786376952,94.88999938964844,94.97000122070312,403
2026-03-17 17:12:00,95.16999816894533,95.19000244140624,94.93000030517578,94.93000030517578,668
2026-03-17 17:13:00,95.12000274658205,95.18000030517578,95.02999877929688,95.18000030517578,527
2026-03-17 17:14:00,95.18000030517578,95.22000122070312,95.11000061035156,95.12000274658205,617
2026-03-17 17:15:00,95.22000122070312,95.31999969482422,95.16000366210938,95.19000244140624,588
2026-03-17 17:16:00,95.06999969482422,95.20999908447266,95.06999969482422,95.20999908447266,536
2026-03-17 17:17:00,95.20999908447266,95.2300033569336,95.05999755859376,95.05999755859376,380
2026-03-17 17:18:00,95.08000183105467,95.22000122070312,95.08000183105467,95.20999908447266,429
2026-03-17 17:19:00,95.25,95.26000213623048,95.08000183105467,95.08000183105467,243
2026-03-17 17:20:00,95.2699966430664,95.33000183105467,95.25,95.25,238
2026-03-17 17:21:00,95.27999877929688,95.30999755859376,95.19000244140624,95.25,517
2026-03-17 17:22:00,95.29000091552734,95.37000274658205,95.26000213623048,95.27999877929688,426
2026-03-17 17:23:00,95.29000091552734,95.31999969482422,95.23999786376952,95.27999877929688,330
2026-03-17 17:24:00,95.30999755859376,95.33999633789062,95.2699966430664,95.29000091552734,308
2026-03-17 17:25:00,95.33999633789062,95.36000061035156,95.26000213623048,95.30999755859376,306
2026-03-17 17:26:00,95.20999908447266,95.33999633789062,95.1999969482422,95.33999633789062,546
2026-03-17 17:27:00,95.16000366210938,95.23999786376952,95.12999725341795,95.22000122070312,643
2026-03-17 17:28:00,95.05999755859376,95.16999816894533,95.0500030517578,95.16000366210938,345
2026-03-17 17:29:00,95.01000213623048,95.0999984741211,94.97000122070312,95.0500030517578,665
2026-03-17 17:30:00,94.87000274658205,95.05999755859376,94.83000183105467,95.0199966430664,638
2026-03-17 17:31:00,94.8000030517578,94.91999816894533,94.7300033569336,94.8499984741211,579
2026-03-17 17:32:00,94.72000122070312,94.80999755859376,94.63999938964844,94.79000091552734,432
2026-03-17 17:33:00,94.8499984741211,94.91999816894533,94.72000122070312,94.7300033569336,435
2026-03-17 17:34:00,94.8000030517578,94.86000061035156,94.79000091552734,94.8499984741211,258
2026-03-17 17:35:00,94.69000244140624,94.8000030517578,94.6500015258789,94.79000091552734,312
2026-03-17 17:36:00,94.77999877929688,94.77999877929688,94.68000030517578,94.6999969482422,193
2026-03-17 17:37:00,94.62999725341795,94.77999877929688,94.62000274658205,94.75,181
2026-03-17 17:38:00,94.68000030517578,94.75,94.58999633789062,94.62999725341795,401
2026-03-17 17:39:00,94.55999755859376,94.69000244140624,94.52999877929688,94.68000030517578,289
2026-03-17 17:40:00,94.54000091552734,94.56999969482422,94.5,94.54000091552734,262
2026-03-17 17:41:00,94.62000274658205,94.6500015258789,94.5,94.5500030517578,287
2026-03-17 17:42:00,94.63999938964844,94.66999816894533,94.33000183105467,94.62000274658205,486
2026-03-17 17:43:00,94.79000091552734,94.8000030517578,94.62000274658205,94.6500015258789,529
2026-03-17 17:44:00,94.83000183105467,94.86000061035156,94.72000122070312,94.77999877929688,401
2026-03-17 17:45:00,94.88999938964844,94.91999816894533,94.7699966430664,94.81999969482422,411
2026-03-17 17:46:00,94.95999908447266,95.02999877929688,94.88999938964844,94.88999938964844,652
2026-03-17 17:47:00,95.05999755859376,95.08000183105467,94.95999908447266,94.95999908447266,428
2026-03-17 17:48:00,95.0,95.08000183105467,94.9499969482422,95.05999755859376,469
2026-03-17 17:49:00,94.9800033569336,95.0199966430664,94.95999908447266,94.98999786376952,502
2026-03-17 17:50:00,94.98999786376952,95.0199966430664,94.9499969482422,94.9800033569336,297
2026-03-17 17:51:00,95.01000213623048,95.12000274658205,94.98999786376952,94.98999786376952,440
2026-03-17 17:52:00,95.01000213623048,95.04000091552734,94.94000244140624,95.01000213623048,221
2026-03-17 17:53:00,94.9800033569336,95.01000213623048,94.93000030517578,95.01000213623048,335
2026-03-17 17:54:00,95.05999755859376,95.08999633789062,94.97000122070312,94.9800033569336,729
2026-03-17 17:55:00,95.2300033569336,95.26000213623048,95.05999755859376,95.05999755859376,556
2026-03-17 17:56:00,95.25,95.25,95.1999969482422,95.2300033569336,289
2026-03-17 17:57:00,95.19000244140624,95.27999877929688,95.19000244140624,95.25,319
2026-03-17 17:58:00,95.26000213623048,95.29000091552734,95.1999969482422,95.1999969482422,249
2026-03-17 17:59:00,95.13999938964844,95.26000213623048,95.12000274658205,95.25,447
2026-03-17 18:00:00,95.0999984741211,95.16999816894533,95.08000183105467,95.13999938964844,632
2026-03-17 18:01:00,95.0999984741211,95.1500015258789,95.04000091552734,95.11000061035156,426
2026-03-17 18:02:00,94.94000244140624,95.12999725341795,94.91000366210938,95.08999633789062,697
2026-03-17 18:03:00,95.0500030517578,95.05999755859376,94.93000030517578,94.93000030517578,473
2026-03-17 18:04:00,95.12999725341795,95.1500015258789,95.0199966430664,95.04000091552734,329
2026-03-17 18:05:00,95.11000061035156,95.12999725341795,95.05999755859376,95.12999725341795,375
2026-03-17 18:06:00,94.94000244140624,95.0999984741211,94.87000274658205,95.0999984741211,529
2026-03-17 18:07:00,95.02999877929688,95.05999755859376,94.94000244140624,94.9499969482422,402
2026-03-17 18:08:00,94.95999908447266,95.0199966430664,94.9000015258789,95.01000213623048,301
2026-03-17 18:09:00,94.83000183105467,95.02999877929688,94.83000183105467,94.9800033569336,497
2026-03-17 18:10:00,94.83999633789062,94.87999725341795,94.80999755859376,94.8499984741211,208
2026-03-17 18:11:00,94.91999816894533,94.91999816894533,94.80999755859376,94.81999969482422,228
2026-03-17 18:12:00,94.9499969482422,94.97000122070312,94.81999969482422,94.91999816894533,489
2026-03-17 18:13:00,95.02999877929688,95.08999633789062,94.9499969482422,94.9499969482422,666
2026-03-17 18:14:00,95.08999633789062,95.11000061035156,94.98999786376952,95.02999877929688,701
2026-03-17 18:15:00,95.02999877929688,95.12999725341795,95.02999877929688,95.08000183105467,427
2026-03-17 18:16:00,95.01000213623048,95.06999969482422,94.98999786376952,95.02999877929688,357
2026-03-17 18:17:00,95.0,95.0199966430664,94.97000122070312,95.0199966430664,197
2026-03-17 18:18:00,95.04000091552734,95.05999755859376,94.9499969482422,94.98999786376952,236
2026-03-17 18:19:00,94.98999786376952,95.04000091552734,94.88999938964844,95.04000091552734,437
2026-03-17 18:20:00,95.11000061035156,95.13999938964844,94.95999908447266,94.98999786376952,492
2026-03-17 18:21:00,95.0999984741211,95.27999877929688,95.08999633789062,95.08999633789062,1307
2026-03-17 18:22:00,95.12000274658205,95.23999786376952,95.08999633789062,95.11000061035156,853
2026-03-17 18:23:00,95.43000030517578,95.4800033569336,95.12999725341795,95.12999725341795,1035
2026-03-17 18:24:00,95.4800033569336,95.5500030517578,95.41000366210938,95.43000030517578,738
2026-03-17 18:25:00,95.51000213623048,95.52999877929688,95.41999816894533,95.4800033569336,451
2026-03-17 18:26:00,95.4499969482422,95.61000061035156,95.43000030517578,95.5,737
2026-03-17 18:27:00,95.36000061035156,95.47000122070312,95.33000183105467,95.44000244140624,1225
2026-03-17 18:28:00,95.58999633789062,95.62000274658205,95.27999877929688,95.37999725341795,2726
2026-03-17 18:29:00,95.4499969482422,95.6500015258789,95.43000030517578,95.56999969482422,3283
2026-03-17 18:30:00,95.3499984741211,95.48999786376952,95.33000183105467,95.4499969482422,961
2026-03-17 18:31:00,95.37999725341795,95.45999908447266,95.26000213623048,95.33999633789062,473
2026-03-17 18:32:00,95.37999725341795,95.43000030517578,95.37000274658205,95.37000274658205,339
2026-03-17 18:33:00,95.45999908447266,95.47000122070312,95.37999725341795,95.37999725341795,380
2026-03-17 18:34:00,95.52999877929688,95.54000091552734,95.41000366210938,95.45999908447266,208
2026-03-17 18:35:00,95.3499984741211,95.55999755859376,95.3000030517578,95.5199966430664,776
2026-03-17 18:36:00,95.45999908447266,95.47000122070312,95.3499984741211,95.36000061035156,215
2026-03-17 18:37:00,95.47000122070312,95.48999786376952,95.38999938964844,95.4499969482422,313
2026-03-17 18:38:00,95.44000244140624,95.4800033569336,95.41000366210938,95.47000122070312,163
2026-03-17 18:39:00,95.43000030517578,95.44000244140624,95.38999938964844,95.43000030517578,207
2026-03-17 18:40:00,95.4800033569336,95.48999786376952,95.43000030517578,95.44000244140624,188
2026-03-17 18:41:00,95.47000122070312,95.5,95.44000244140624,95.47000122070312,197
2026-03-17 18:42:00,95.43000030517578,95.48999786376952,95.41000366210938,95.4800033569336,162
2026-03-17 18:43:00,95.41000366210938,95.45999908447266,95.38999938964844,95.43000030517578,256
2026-03-17 18:44:00,95.37000274658205,95.4000015258789,95.37000274658205,95.4000015258789,277
2026-03-17 18:45:00,95.37999725341795,95.4000015258789,95.36000061035156,95.36000061035156,162
2026-03-17 18:46:00,95.33999633789062,95.38999938964844,95.31999969482422,95.37999725341795,87
2026-03-17 18:47:00,95.37000274658205,95.38999938964844,95.33000183105467,95.33000183105467,142
2026-03-17 18:48:00,95.4000015258789,95.43000030517578,95.37999725341795,95.38999938964844,108
2026-03-17 18:49:00,95.37000274658205,95.41000366210938,95.36000061035156,95.41000366210938,60
2026-03-17 18:50:00,95.33999633789062,95.36000061035156,95.33000183105467,95.36000061035156,121
2026-03-17 18:51:00,95.29000091552734,95.37000274658205,95.29000091552734,95.33999633789062,220
2026-03-17 18:52:00,95.2300033569336,95.3000030517578,95.19000244140624,95.29000091552734,231
2026-03-17 18:53:00,95.18000030517578,95.2300033569336,95.16999816894533,95.22000122070312,187
2026-03-17 18:54:00,95.16999816894533,95.1999969482422,95.1500015258789,95.16999816894533,181
2026-03-17 18:55:00,95.22000122070312,95.2300033569336,95.18000030517578,95.18000030517578,214
2026-03-17 18:56:00,95.23999786376952,95.2699966430664,95.20999908447266,95.20999908447266,197
2026-03-17 18:57:00,95.20999908447266,95.26000213623048,95.1500015258789,95.2300033569336,234
2026-03-17 18:58:00,95.1500015258789,95.2300033569336,95.12999725341795,95.2300033569336,139
2026-03-17 18:59:00,95.2699966430664,95.29000091552734,95.1500015258789,95.16000366210938,122
2026-03-17 19:00:00,95.37000274658205,95.37999725341795,95.26000213623048,95.27999877929688,231
2026-03-17 19:01:00,95.45999908447266,95.56999969482422,95.37000274658205,95.37000274658205,572
2026-03-17 19:02:00,95.4000015258789,95.48999786376952,95.0,95.45999908447266,1084
2026-03-17 19:03:00,95.5,95.5,95.37999725341795,95.37999725341795,412
2026-03-17 19:04:00,95.41000366210938,95.52999877929688,95.38999938964844,95.4800033569336,102
2026-03-17 19:05:00,95.37000274658205,95.47000122070312,95.3499984741211,95.38999938964844,146
2026-03-17 19:06:00,95.38999938964844,95.4000015258789,95.31999969482422,95.37000274658205,214
2026-03-17 19:07:00,95.2699966430664,95.4000015258789,95.26000213623048,95.38999938964844,103
2026-03-17 19:08:00,95.19000244140624,95.3000030517578,95.12999725341795,95.27999877929688,194
2026-03-17 19:09:00,95.25,95.27999877929688,95.20999908447266,95.22000122070312,56
2026-03-17 19:10:00,95.20999908447266,95.26000213623048,95.16999816894533,95.26000213623048,214
2026-03-17 19:11:00,95.19000244140624,95.25,95.19000244140624,95.22000122070312,121
2026-03-17 19:12:00,95.20999908447266,95.26000213623048,95.19000244140624,95.19000244140624,74
2026-03-17 19:13:00,95.27999877929688,95.27999877929688,95.16999816894533,95.20999908447266,184
2026-03-17 19:14:00,95.31999969482422,95.33999633789062,95.2699966430664,95.2699966430664,529
2026-03-17 19:15:00,95.19000244140624,95.30999755859376,95.16999816894533,95.30999755859376,95
2026-03-17 19:16:00,95.16000366210938,95.19000244140624,95.0500030517578,95.16999816894533,226
2026-03-17 19:17:00,95.0999984741211,95.16000366210938,95.0999984741211,95.1500015258789,39
2026-03-17 19:18:00,95.0999984741211,95.12000274658205,95.08999633789062,95.12000274658205,125
2026-03-17 19:19:00,95.13999938964844,95.16000366210938,95.0999984741211,95.0999984741211,54
2026-03-17 19:20:00,95.1500015258789,95.1999969482422,95.12999725341795,95.16000366210938,100
2026-03-17 19:21:00,95.12999725341795,95.1500015258789,95.12000274658205,95.13999938964844,51
2026-03-17 19:22:00,95.18000030517578,95.18000030517578,95.13999938964844,95.13999938964844,88
2026-03-17 19:23:00,95.1500015258789,95.1999969482422,95.13999938964844,95.18000030517578,65
2026-03-17 19:24:00,95.08000183105467,95.16999816894533,95.06999969482422,95.16999816894533,100
2026-03-17 19:25:00,95.12000274658205,95.13999938964844,95.06999969482422,95.06999969482422,103
2026-03-17 19:26:00,95.08999633789062,95.12000274658205,95.04000091552734,95.12000274658205,103
2026-03-17 19:27:00,95.11000061035156,95.1999969482422,95.05999755859376,95.06999969482422,367
2026-03-17 19:28:00,95.12000274658205,95.18000030517578,95.06999969482422,95.11000061035156,339
2026-03-17 19:29:00,95.16999816894533,95.19000244140624,95.12000274658205,95.12999725341795,193
2026-03-17 19:30:00,95.25,95.25,95.1500015258789,95.16000366210938,285
2026-03-17 19:31:00,95.38999938964844,95.4000015258789,95.22000122070312,95.2300033569336,272
2026-03-17 19:32:00,95.37999725341795,95.43000030517578,95.37000274658205,95.4000015258789,187
2026-03-17 19:33:00,95.3499984741211,95.4000015258789,95.31999969482422,95.38999938964844,140
2026-03-17 19:34:00,95.36000061035156,95.37000274658205,95.33999633789062,95.3499984741211,227
2026-03-17 19:35:00,95.37999725341795,95.4000015258789,95.3499984741211,95.36000061035156,134
2026-03-17 19:36:00,95.33000183105467,95.4000015258789,95.31999969482422,95.37000274658205,115
2026-03-17 19:37:00,95.31999969482422,95.33000183105467,95.3000030517578,95.33000183105467,26
2026-03-17 19:38:00,95.31999969482422,95.33999633789062,95.3000030517578,95.30999755859376,30
2026-03-17 19:39:00,95.2300033569336,95.30999755859376,95.19000244140624,95.30999755859376,233
2026-03-17 19:40:00,95.22000122070312,95.2699966430664,95.18000030517578,95.23999786376952,50
2026-03-17 19:41:00,95.29000091552734,95.3000030517578,95.2300033569336,95.2300033569336,83
2026-03-17 19:42:00,95.37000274658205,95.38999938964844,95.2699966430664,95.27999877929688,215
2026-03-17 19:43:00,95.41999816894533,95.4499969482422,95.38999938964844,95.38999938964844,168
2026-03-17 19:44:00,95.4000015258789,95.47000122070312,95.37000274658205,95.43000030517578,102
2026-03-17 19:45:00,95.3499984741211,95.4000015258789,95.30999755859376,95.4000015258789,112
2026-03-17 19:46:00,95.30999755859376,95.3499984741211,95.30999755859376,95.3499984741211,59
2026-03-17 19:47:00,95.30999755859376,95.33000183105467,95.3000030517578,95.3000030517578,15
2026-03-17 19:48:00,95.30999755859376,95.33999633789062,95.2699966430664,95.33999633789062,144
2026-03-17 19:49:00,95.23999786376952,95.3000030517578,95.22000122070312,95.29000091552734,83
2026-03-17 19:50:00,95.26000213623048,95.29000091552734,95.2300033569336,95.25,76
2026-03-17 19:51:00,95.37999725341795,95.37999725341795,95.2300033569336,95.2699966430664,273
2026-03-17 19:52:00,95.37000274658205,95.41000366210938,95.3000030517578,95.37000274658205,114
2026-03-17 19:53:00,95.43000030517578,95.47000122070312,95.36000061035156,95.36000061035156,78
2026-03-17 19:54:00,95.45999908447266,95.5,95.4000015258789,95.44000244140624,78
2026-03-17 19:55:00,95.4499969482422,95.51000213623048,95.44000244140624,95.45999908447266,188
2026-03-17 19:56:00,95.33000183105467,95.5999984741211,95.30999755859376,95.45999908447266,502
2026-03-17 19:57:00,95.4000015258789,95.45999908447266,95.30999755859376,95.33000183105467,205
2026-03-17 19:58:00,95.41999816894533,95.4499969482422,95.4000015258789,95.43000030517578,132
2026-03-17 19:59:00,95.43000030517578,95.44000244140624,95.37000274658205,95.41000366210938,218
2026-03-17 20:00:00,95.4800033569336,95.48999786376952,95.43000030517578,95.4499969482422,95
2026-03-17 20:01:00,95.51000213623048,95.5199966430664,95.47000122070312,95.4800033569336,115
2026-03-17 20:02:00,95.5,95.56999969482422,95.4800033569336,95.5199966430664,134
2026-03-17 20:03:00,95.54000091552734,95.56999969482422,95.5,95.51000213623048,88
2026-03-17 20:04:00,95.55999755859376,95.62000274658205,95.54000091552734,95.54000091552734,104
2026-03-17 20:05:00,95.4800033569336,95.58999633789062,95.4800033569336,95.55999755859376,99
2026-03-17 20:06:00,95.45999908447266,95.4800033569336,95.41999816894533,95.4800033569336,210
2026-03-17 20:07:00,95.45999908447266,95.47000122070312,95.41000366210938,95.4499969482422,62
2026-03-17 20:08:00,95.4499969482422,95.48999786376952,95.43000030517578,95.45999908447266,39
2026-03-17 20:09:00,95.4499969482422,95.47000122070312,95.43000030517578,95.4499969482422,17
2026-03-17 20:10:00,95.44000244140624,95.45999908447266,95.38999938964844,95.4499969482422,225
2026-03-17 20:11:00,95.4499969482422,95.4499969482422,95.41000366210938,95.43000030517578,80
2026-03-17 20:12:00,95.4499969482422,95.47000122070312,95.43000030517578,95.44000244140624,112
2026-03-17 20:13:00,95.4499969482422,95.47000122070312,95.44000244140624,95.45999908447266,48
2026-03-17 20:14:00,95.41000366210938,95.45999908447266,95.41000366210938,95.44000244140624,173
2026-03-17 20:15:00,95.41000366210938,95.41999816894533,95.38999938964844,95.41000366210938,148
2026-03-17 20:16:00,95.37000274658205,95.41999816894533,95.36000061035156,95.4000015258789,85
2026-03-17 20:17:00,95.23999786376952,95.37999725341795,95.20999908447266,95.37000274658205,207
2026-03-17 20:18:00,95.3000030517578,95.31999969482422,95.23999786376952,95.2699966430664,585
2026-03-17 20:19:00,95.29000091552734,95.31999969482422,95.26000213623048,95.29000091552734,108
2026-03-17 20:20:00,95.33000183105467,95.33999633789062,95.29000091552734,95.29000091552734,106
2026-03-17 20:21:00,95.31999969482422,95.3499984741211,95.3000030517578,95.33000183105467,66
2026-03-17 20:22:00,95.2699966430664,95.30999755859376,95.2699966430664,95.30999755859376,44
2026-03-17 20:23:00,95.22000122070312,95.29000091552734,95.22000122070312,95.27999877929688,110
2026-03-17 20:24:00,95.1999969482422,95.25,95.1999969482422,95.20999908447266,67
2026-03-17 20:25:00,95.0999984741211,95.20999908447266,95.06999969482422,95.19000244140624,251
2026-03-17 20:26:00,95.12000274658205,95.12999725341795,95.08999633789062,95.11000061035156,195
2026-03-17 20:27:00,95.16999816894533,95.18000030517578,95.12000274658205,95.12000274658205,71
2026-03-17 20:28:00,95.20999908447266,95.25,95.18000030517578,95.18000030517578,181
2026-03-17 20:29:00,95.23999786376952,95.29000091552734,95.2300033569336,95.2300033569336,27
2026-03-17 20:30:00,95.37999725341795,95.41999816894533,95.22000122070312,95.23999786376952,123
2026-03-17 20:31:00,95.41999816894533,95.48999786376952,95.3499984741211,95.37999725341795,161
2026-03-17 20:32:00,95.4499969482422,95.45999908447266,95.38999938964844,95.44000244140624,58
2026-03-17 20:33:00,95.44000244140624,95.4499969482422,95.41000366210938,95.44000244140624,28
2026-03-17 20:34:00,95.36000061035156,95.4499969482422,95.3499984741211,95.44000244140624,65
2026-03-17 20:35:00,95.36000061035156,95.37000274658205,95.31999969482422,95.36000061035156,51
2026-03-17 20:36:00,95.37999725341795,95.41000366210938,95.33999633789062,95.36000061035156,90
2026-03-17 20:37:00,95.41000366210938,95.41000366210938,95.37000274658205,95.37000274658205,78
2026-03-17 20:38:00,95.4000015258789,95.44000244140624,95.36000061035156,95.41000366210938,38
2026-03-17 20:39:00,95.41000366210938,95.41999816894533,95.33999633789062,95.4000015258789,76
2026-03-17 20:40:00,95.33999633789062,95.4000015258789,95.31999969482422,95.4000015258789,131
2026-03-17 20:41:00,95.3499984741211,95.37999725341795,95.33999633789062,95.33999633789062,88
2026-03-17 20:42:00,95.38999938964844,95.43000030517578,95.3499984741211,95.3499984741211,104
2026-03-17 20:43:00,95.4000015258789,95.41000366210938,95.38999938964844,95.38999938964844,60
2026-03-17 20:44:00,95.38999938964844,95.41999816894533,95.36000061035156,95.38999938964844,33
2026-03-17 20:45:00,95.4000015258789,95.41000366210938,95.4000015258789,95.41000366210938,8
2026-03-17 20:46:00,95.4000015258789,95.41999816894533,95.38999938964844,95.38999938964844,53
2026-03-17 20:47:00,95.33999633789062,95.4000015258789,95.33000183105467,95.4000015258789,120
2026-03-17 20:48:00,95.2699966430664,95.33000183105467,95.26000213623048,95.31999969482422,101
2026-03-17 20:49:00,95.20999908447266,95.3000030517578,95.19000244140624,95.2699966430664,224
2026-03-17 20:50:00,95.1999969482422,95.25,95.1999969482422,95.22000122070312,135
2026-03-17 20:51:00,95.1999969482422,95.22000122070312,95.18000030517578,95.1999969482422,125
2026-03-17 20:52:00,95.2300033569336,95.26000213623048,95.16999816894533,95.18000030517578,418
2026-03-17 20:53:00,95.1999969482422,95.23999786376952,95.1999969482422,95.22000122070312,108
2026-03-17 20:54:00,95.23999786376952,95.23999786376952,95.16000366210938,95.1999969482422,120
2026-03-17 20:55:00,95.29000091552734,95.3000030517578,95.2300033569336,95.25,36
2026-03-17 20:56:00,95.26000213623048,95.3000030517578,95.23999786376952,95.3000030517578,46
2026-03-17 20:57:00,95.29000091552734,95.29000091552734,95.20999908447266,95.23999786376952,210
2026-03-17 20:58:00,95.2699966430664,95.29000091552734,95.25,95.2699966430664,115
2026-03-17 20:59:00,95.3000030517578,95.3000030517578,95.2300033569336,95.2699966430664,161
2026-03-17 22:00:00,95.3000030517578,95.37999725341795,95.0,95.2699966430664,0
2026-03-17 22:01:00,95.61000061035156,95.6500015258789,95.33999633789062,95.33999633789062,178
2026-03-17 22:02:00,95.37000274658205,95.63999938964844,95.3499984741211,95.63999938964844,53
2026-03-17 22:03:00,95.41999816894533,95.41999816894533,95.20999908447266,95.41999816894533,111
2026-03-17 22:04:00,95.1500015258789,95.41999816894533,95.0,95.41999816894533,198
2026-03-17 22:05:00,95.1999969482422,95.1999969482422,95.0199966430664,95.12000274658205,70
2026-03-17 22:06:00,95.0500030517578,95.22000122070312,95.0199966430664,95.20999908447266,91
2026-03-17 22:07:00,95.0,95.0999984741211,95.0,95.02999877929688,107
2026-03-17 22:08:00,94.62000274658205,95.0500030517578,94.5500030517578,95.0500030517578,228
2026-03-17 22:09:00,94.70999908447266,94.9499969482422,94.5,94.63999938964844,279
2026-03-17 22:10:00,94.5500030517578,94.75,94.5500030517578,94.70999908447266,106
2026-03-17 22:11:00,94.37999725341795,94.58999633789062,94.3000030517578,94.5500030517578,413
2026-03-17 22:12:00,94.3000030517578,94.47000122070312,94.25,94.43000030517578,142
2026-03-17 22:13:00,94.43000030517578,94.4499969482422,94.30999755859376,94.33999633789062,77
2026-03-17 22:14:00,94.30999755859376,94.47000122070312,94.3000030517578,94.43000030517578,80
2026-03-17 22:15:00,94.66000366210938,94.66000366210938,94.33000183105467,94.33000183105467,156
2026-03-17 22:16:00,94.75,94.86000061035156,94.61000061035156,94.66000366210938,136
2026-03-17 22:17:00,94.48999786376952,94.83000183105467,94.47000122070312,94.73999786376952,157
2026-03-17 22:18:00,94.45999908447266,94.54000091552734,94.41000366210938,94.52999877929688,94
2026-03-17 22:19:00,94.72000122070312,94.77999877929688,94.41000366210938,94.47000122070312,99
2026-03-17 22:20:00,94.6999969482422,94.70999908447266,94.63999938964844,94.69000244140624,17
2026-03-17 22:21:00,94.58000183105467,94.7300033569336,94.54000091552734,94.7300033569336,96
2026-03-17 22:22:00,94.5999984741211,94.5999984741211,94.51000213623048,94.5500030517578,42
2026-03-17 22:23:00,94.4499969482422,94.61000061035156,94.44000244140624,94.58000183105467,64
2026-03-17 22:24:00,94.4800033569336,94.5500030517578,94.4000015258789,94.45999908447266,94
2026-03-17 22:25:00,94.5,94.54000091552734,94.4800033569336,94.51000213623048,35
2026-03-17 22:26:00,94.69000244140624,94.73999786376952,94.48999786376952,94.48999786376952,77
2026-03-17 22:27:00,94.7699966430664,94.8000030517578,94.66000366210938,94.70999908447266,81
2026-03-17 22:28:00,94.9499969482422,94.95999908447266,94.7300033569336,94.76000213623048,122
2026-03-17 22:29:00,94.87000274658205,94.9499969482422,94.8000030517578,94.94000244140624,87
2026-03-17 22:30:00,94.70999908447266,94.9000015258789,94.70999908447266,94.9000015258789,87
2026-03-17 22:31:00,94.66999816894533,94.81999969482422,94.66000366210938,94.6999969482422,105
2026-03-17 22:32:00,94.69000244140624,94.73999786376952,94.62000274658205,94.66000366210938,85
2026-03-17 22:33:00,94.87000274658205,94.87999725341795,94.68000030517578,94.69000244140624,36
2026-03-17 22:34:00,94.87999725341795,94.98999786376952,94.83000183105467,94.83999633789062,98
2026-03-17 22:35:00,94.8000030517578,94.93000030517578,94.79000091552734,94.91000366210938,78
2026-03-17 22:36:00,94.75,94.87999725341795,94.75,94.79000091552734,56
2026-03-17 22:37:00,94.7300033569336,94.75,94.62000274658205,94.75,96
2026-03-17 22:38:00,94.66000366210938,94.79000091552734,94.62999725341795,94.75,68
2026-03-17 22:39:00,94.87999725341795,94.91999816894533,94.63999938964844,94.63999938964844,99
2026-03-17 22:40:00,95.01000213623048,95.12000274658205,94.8499984741211,94.87000274658205,155
2026-03-17 22:41:00,95.0500030517578,95.08000183105467,94.98999786376952,94.98999786376952,58
2026-03-17 22:42:00,94.97000122070312,95.02999877929688,94.95999908447266,95.02999877929688,28
2026-03-17 22:43:00,94.9499969482422,95.0199966430664,94.9499969482422,94.95999908447266,42
2026-03-17 22:44:00,94.97000122070312,95.02999877929688,94.93000030517578,94.94000244140624,25
2026-03-17 22:45:00,94.95999908447266,94.9800033569336,94.91999816894533,94.95999908447266,16
2026-03-17 22:46:00,94.93000030517578,95.0,94.93000030517578,95.0,13
2026-03-17 22:47:00,95.1500015258789,95.25,94.94000244140624,94.94000244140624,223
2026-03-17 22:48:00,95.23999786376952,95.33999633789062,95.16999816894533,95.16999816894533,89
2026-03-17 22:49:00,95.19000244140624,95.2300033569336,95.12000274658205,95.2300033569336,40
2026-03-17 22:50:00,95.12999725341795,95.18000030517578,95.05999755859376,95.18000030517578,53
2026-03-17 22:51:00,95.12999725341795,95.1999969482422,95.0999984741211,95.0999984741211,72
2026-03-17 22:52:00,95.12000274658205,95.18000030517578,95.0999984741211,95.13999938964844,68
2026-03-17 22:53:00,95.08999633789062,95.1500015258789,95.06999969482422,95.0999984741211,34
2026-03-17 22:54:00,95.22000122070312,95.25,95.06999969482422,95.08999633789062,107
2026-03-17 22:55:00,95.1999969482422,95.25,95.13999938964844,95.22000122070312,123
2026-03-17 22:56:00,95.25,95.25,95.2300033569336,95.23999786376952,20
2026-03-17 22:57:00,95.31999969482422,95.33000183105467,95.2300033569336,95.2300033569336,118
2026-03-17 22:58:00,95.2300033569336,95.31999969482422,95.2300033569336,95.3000030517578,15
2026-03-17 22:59:00,95.16000366210938,95.2300033569336,95.13999938964844,95.2300033569336,33
2026-03-17 23:00:00,95.18000030517578,95.23999786376952,95.02999877929688,95.12999725341795,173
2026-03-17 23:01:00,95.2300033569336,95.25,95.16999816894533,95.1999969482422,168
2026-03-17 23:02:00,95.20999908447266,95.27999877929688,95.19000244140624,95.23999786376952,78
2026-03-17 23:03:00,95.23999786376952,95.29000091552734,95.22000122070312,95.2300033569336,66
2026-03-17 23:04:00,95.2300033569336,95.26000213623048,95.1999969482422,95.23999786376952,14
2026-03-17 23:05:00,95.06999969482422,95.1999969482422,95.05999755859376,95.1999969482422,103
2026-03-17 23:06:00,95.05999755859376,95.0999984741211,95.05999755859376,95.05999755859376,21
2026-03-17 23:07:00,95.0199966430664,95.05999755859376,94.9499969482422,95.05999755859376,77
2026-03-17 23:08:00,95.0999984741211,95.0999984741211,95.02999877929688,95.04000091552734,38
2026-03-17 23:09:00,95.19000244140624,95.2300033569336,95.11000061035156,95.11000061035156,51
2026-03-17 23:10:00,95.19000244140624,95.25,95.19000244140624,95.19000244140624,55
2026-03-17 23:11:00,95.18000030517578,95.22000122070312,95.18000030517578,95.19000244140624,16
2026-03-17 23:12:00,95.2300033569336,95.2300033569336,95.20999908447266,95.20999908447266,4
2026-03-17 23:13:00,95.19000244140624,95.22000122070312,95.18000030517578,95.18000030517578,7
2026-03-17 23:14:00,95.13999938964844,95.18000030517578,95.05999755859376,95.18000030517578,64
2026-03-17 23:15:00,95.16999816894533,95.1999969482422,95.12000274658205,95.1500015258789,32
2026-03-17 23:16:00,95.19000244140624,95.19000244140624,95.12000274658205,95.16999816894533,19
2026-03-17 23:17:00,95.1500015258789,95.18000030517578,95.1500015258789,95.18000030517578,4
2026-03-17 23:18:00,95.19000244140624,95.19000244140624,95.16999816894533,95.16999816894533,5
2026-03-17 23:19:00,95.2300033569336,95.2300033569336,95.16999816894533,95.1999969482422,26
2026-03-17 23:20:00,95.18000030517578,95.2300033569336,95.16000366210938,95.2300033569336,48
2026-03-17 23:21:00,95.25,95.25,95.18000030517578,95.19000244140624,36
2026-03-17 23:22:00,95.41999816894533,95.41999816894533,95.25,95.25,170
2026-03-17 23:23:00,95.4000015258789,95.44000244140624,95.30999755859376,95.4000015258789,77
2026-03-17 23:24:00,95.4800033569336,95.58999633789062,95.43000030517578,95.43000030517578,263
2026-03-17 23:25:00,95.5,95.5199966430664,95.4000015258789,95.45999908447266,70
2026-03-17 23:26:00,95.4800033569336,95.52999877929688,95.47000122070312,95.5199966430664,26
2026-03-17 23:27:00,95.58000183105467,95.63999938964844,95.45999908447266,95.47000122070312,187
2026-03-17 23:28:00,95.5500030517578,95.5999984741211,95.43000030517578,95.58000183105467,95
2026-03-17 23:29:00,95.56999969482422,95.58000183105467,95.45999908447266,95.52999877929688,117
2026-03-17 23:30:00,95.54000091552734,95.58999633789062,95.54000091552734,95.5500030517578,24
2026-03-17 23:31:00,95.55999755859376,95.6500015258789,95.5,95.55999755859376,273
2026-03-17 23:32:00,95.58000183105467,95.61000061035156,95.52999877929688,95.52999877929688,87
2026-03-17 23:33:00,95.58999633789062,95.61000061035156,95.5500030517578,95.58000183105467,74
2026-03-17 23:34:00,95.56999969482422,95.58999633789062,95.55999755859376,95.58999633789062,10
2026-03-17 23:35:00,95.47000122070312,95.52999877929688,95.4000015258789,95.52999877929688,71
2026-03-17 23:36:00,95.41000366210938,95.43000030517578,95.31999969482422,95.43000030517578,121
2026-03-17 23:37:00,95.37999725341795,95.4000015258789,95.31999969482422,95.4000015258789,71
2026-03-17 23:38:00,95.33999633789062,95.41000366210938,95.31999969482422,95.37999725341795,28
2026-03-17 23:39:00,95.31999969482422,95.36000061035156,95.3000030517578,95.33000183105467,65
2026-03-17 23:40:00,95.37999725341795,95.4000015258789,95.29000091552734,95.30999755859376,79
2026-03-17 23:41:00,95.41000366210938,95.41000366210938,95.33000183105467,95.37000274658205,136
2026-03-17 23:42:00,95.37999725341795,95.44000244140624,95.31999969482422,95.41000366210938,141
2026-03-17 23:43:00,95.38999938964844,95.41000366210938,95.33000183105467,95.37000274658205,70
2026-03-17 23:44:00,95.33999633789062,95.37000274658205,95.33000183105467,95.36000061035156,12
2026-03-17 23:45:00,95.33999633789062,95.37000274658205,95.33000183105467,95.33000183105467,9
2026-03-17 23:46:00,95.36000061035156,95.37000274658205,95.33999633789062,95.33999633789062,14
2026-03-17 23:47:00,95.19000244140624,95.33000183105467,95.16000366210938,95.33000183105467,72
2026-03-17 23:48:00,95.11000061035156,95.22000122070312,95.0999984741211,95.16999816894533,83
2026-03-17 23:49:00,95.0999984741211,95.16000366210938,95.08000183105467,95.13999938964844,98
2026-03-17 23:50:00,95.19000244140624,95.2699966430664,95.11000061035156,95.11000061035156,230
2026-03-17 23:51:00,95.16000366210938,95.2300033569336,95.1500015258789,95.16999816894533,35
2026-03-17 23:52:00,95.16999816894533,95.23999786376952,95.16999816894533,95.19000244140624,38
2026-03-17 23:53:00,95.16000366210938,95.16999816894533,95.12000274658205,95.1500015258789,16
2026-03-17 23:54:00,95.20999908447266,95.22000122070312,95.16999816894533,95.16999816894533,13
2026-03-17 23:55:00,95.30999755859376,95.3499984741211,95.20999908447266,95.20999908447266,68
2026-03-17 23:56:00,95.2699966430664,95.36000061035156,95.2699966430664,95.3000030517578,35
2026-03-17 23:57:00,95.33999633789062,95.3499984741211,95.2699966430664,95.29000091552734,43
2026-03-17 23:58:00,95.30999755859376,95.36000061035156,95.30999755859376,95.36000061035156,368
2026-03-17 23:59:00,95.29000091552734,95.33000183105467,95.29000091552734,95.30999755859376,34
2026-03-18 00:00:00,95.18000030517578,95.3499984741211,95.18000030517578,95.2699966430664,197
2026-03-18 00:01:00,95.05999755859376,95.20999908447266,94.95999908447266,95.18000030517578,286
2026-03-18 00:02:00,95.13999938964844,95.13999938964844,94.9800033569336,95.05999755859376,138
2026-03-18 00:03:00,95.19000244140624,95.1999969482422,95.08999633789062,95.13999938964844,91
2026-03-18 00:04:00,95.12999725341795,95.2300033569336,95.11000061035156,95.19000244140624,111
2026-03-18 00:05:00,95.0500030517578,95.12999725341795,95.0,95.12000274658205,135
2026-03-18 00:06:00,94.95999908447266,95.04000091552734,94.83000183105467,95.04000091552734,309
2026-03-18 00:07:00,94.86000061035156,94.98999786376952,94.83000183105467,94.93000030517578,383
2026-03-18 00:08:00,95.0199966430664,95.0199966430664,94.86000061035156,94.86000061035156,54
2026-03-18 00:09:00,95.0999984741211,95.16999816894533,94.94000244140624,95.01000213623048,291
2026-03-18 00:10:00,95.0199966430664,95.12000274658205,94.95999908447266,95.11000061035156,53
2026-03-18 00:11:00,94.9800033569336,95.08999633789062,94.97000122070312,95.04000091552734,167
2026-03-18 00:12:00,94.95999908447266,94.97000122070312,94.91999816894533,94.95999908447266,280
2026-03-18 00:13:00,95.04000091552734,95.0500030517578,94.93000030517578,94.9499969482422,65
2026-03-18 00:14:00,94.98999786376952,95.04000091552734,94.9499969482422,95.0199966430664,99
2026-03-18 00:15:00,94.9499969482422,95.04000091552734,94.94000244140624,95.01000213623048,73
2026-03-18 00:16:00,94.91999816894533,95.01000213623048,94.87999725341795,94.95999908447266,88
2026-03-18 00:17:00,94.87999725341795,94.9499969482422,94.76000213623048,94.9499969482422,173
2026-03-18 00:18:00,94.87000274658205,94.9000015258789,94.8499984741211,94.9000015258789,94
2026-03-18 00:19:00,94.87000274658205,94.93000030517578,94.83999633789062,94.87000274658205,60
2026-03-18 00:20:00,94.79000091552734,94.87999725341795,94.77999877929688,94.87000274658205,68
2026-03-18 00:21:00,94.79000091552734,94.83000183105467,94.7699966430664,94.77999877929688,62
2026-03-18 00:22:00,94.79000091552734,94.81999969482422,94.7699966430664,94.8000030517578,34
2026-03-18 00:23:00,94.8499984741211,94.8499984741211,94.7699966430664,94.8000030517578,69
2026-03-18 00:24:00,94.86000061035156,94.9000015258789,94.81999969482422,94.83999633789062,81
2026-03-18 00:25:00,94.87000274658205,94.87000274658205,94.81999969482422,94.8499984741211,246
2026-03-18 00:26:00,94.87999725341795,94.91999816894533,94.86000061035156,94.87999725341795,52
2026-03-18 00:27:00,94.88999938964844,94.91000366210938,94.86000061035156,94.91000366210938,42
2026-03-18 00:28:00,94.88999938964844,94.9000015258789,94.88999938964844,94.9000015258789,26
2026-03-18 00:29:00,94.87999725341795,94.91999816894533,94.83999633789062,94.88999938964844,67
2026-03-18 00:30:00,94.87999725341795,94.9000015258789,94.87000274658205,94.88999938964844,17
2026-03-18 00:31:00,94.8499984741211,94.87000274658205,94.7699966430664,94.87000274658205,107
2026-03-18 00:32:00,94.88999938964844,94.9000015258789,94.86000061035156,94.86000061035156,30
2026-03-18 00:33:00,94.94000244140624,94.97000122070312,94.87000274658205,94.88999938964844,105
2026-03-18 00:34:00,94.9499969482422,94.95999908447266,94.87000274658205,94.93000030517578,60
2026-03-18 00:35:00,94.94000244140624,95.0199966430664,94.93000030517578,94.94000244140624,95
2026-03-18 00:36:00,94.88999938964844,94.9800033569336,94.88999938964844,94.95999908447266,64
2026-03-18 00:37:00,94.87000274658205,94.88999938964844,94.87000274658205,94.88999938964844,31
2026-03-18 00:38:00,94.88999938964844,94.93000030517578,94.83000183105467,94.8499984741211,76
2026-03-18 00:39:00,94.87999725341795,94.91999816894533,94.87000274658205,94.9000015258789,24
2026-03-18 00:40:00,94.86000061035156,94.87999725341795,94.83000183105467,94.87999725341795,53
2026-03-18 00:41:00,94.83000183105467,94.8499984741211,94.77999877929688,94.8499984741211,74
2026-03-18 00:42:00,94.76000213623048,94.80999755859376,94.66999816894533,94.80999755859376,127
2026-03-18 00:43:00,94.63999938964844,94.79000091552734,94.54000091552734,94.7699966430664,389
2026-03-18 00:44:00,94.31999969482422,94.66999816894533,94.0,94.66000366210938,1138
2026-03-18 00:45:00,94.36000061035156,94.44000244140624,94.27999877929688,94.30999755859376,283
2026-03-18 00:46:00,94.43000030517578,94.47000122070312,94.36000061035156,94.36000061035156,88
2026-03-18 00:47:00,94.4499969482422,94.48999786376952,94.33999633789062,94.44000244140624,175
2026-03-18 00:48:00,94.38999938964844,94.4499969482422,94.36000061035156,94.4499969482422,83
2026-03-18 00:49:00,94.16000366210938,94.4000015258789,94.1500015258789,94.4000015258789,300
2026-03-18 00:50:00,94.1999969482422,94.2300033569336,94.08999633789062,94.18000030517578,161
2026-03-18 00:51:00,94.16000366210938,94.3000030517578,94.12999725341795,94.1999969482422,140
2026-03-18 00:52:00,94.08000183105467,94.1999969482422,94.08000183105467,94.16999816894533,147
2026-03-18 00:53:00,94.02999877929688,94.13999938964844,93.9499969482422,94.08999633789062,401
2026-03-18 00:54:00,94.08000183105467,94.0999984741211,93.94000244140624,94.04000091552734,306
2026-03-18 00:55:00,94.16000366210938,94.16999816894533,94.04000091552734,94.08999633789062,88
2026-03-18 00:56:00,94.16000366210938,94.1999969482422,94.12999725341795,94.16999816894533,58
2026-03-18 00:57:00,94.13999938964844,94.25,94.13999938964844,94.16999816894533,73
2026-03-18 00:58:00,94.16999816894533,94.18000030517578,94.12000274658205,94.12999725341795,43
2026-03-18 00:59:00,94.13999938964844,94.26000213623048,94.11000061035156,94.13999938964844,200
2026-03-18 01:00:00,94.13999938964844,94.20999908447266,93.75,94.13999938964844,842
2026-03-18 01:01:00,94.08999633789062,94.23999786376952,94.08000183105467,94.11000061035156,285
2026-03-18 01:02:00,94.22000122070312,94.23999786376952,94.04000091552734,94.08999633789062,253
2026-03-18 01:03:00,94.08000183105467,94.23999786376952,94.0500030517578,94.2300033569336,206
2026-03-18 01:04:00,94.08000183105467,94.16000366210938,93.98999786376952,94.08000183105467,219
2026-03-18 01:05:00,94.1500015258789,94.16999816894533,94.06999969482422,94.0999984741211,131
2026-03-18 01:06:00,93.98999786376952,94.1999969482422,93.95999908447266,94.16000366210938,198
2026-03-18 01:07:00,94.0,94.04000091552734,93.95999908447266,93.95999908447266,111
2026-03-18 01:08:00,94.0,94.08000183105467,93.93000030517578,94.0,164
2026-03-18 01:09:00,93.91000366210938,94.02999877929688,93.88999938964844,94.0,124
2026-03-18 01:10:00,93.95999908447266,93.98999786376952,93.8499984741211,93.91000366210938,264
2026-03-18 01:11:00,93.98999786376952,94.0199966430664,93.9499969482422,93.9499969482422,68
2026-03-18 01:12:00,94.2699966430664,94.3000030517578,94.0199966430664,94.0199966430664,198
2026-03-18 01:13:00,94.20999908447266,94.29000091552734,94.20999908447266,94.27999877929688,120
2026-03-18 01:14:00,94.19000244140624,94.25,94.1500015258789,94.22000122070312,96
2026-03-18 01:15:00,94.23999786376952,94.2699966430664,94.18000030517578,94.18000030517578,115
2026-03-18 01:16:00,94.19000244140624,94.29000091552734,94.16000366210938,94.22000122070312,106
2026-03-18 01:17:00,94.13999938964844,94.19000244140624,94.12000274658205,94.19000244140624,19
2026-03-18 01:18:00,94.22000122070312,94.2699966430664,94.18000030517578,94.18000030517578,31
2026-03-18 01:19:00,94.2300033569336,94.29000091552734,94.22000122070312,94.23999786376952,84
2026-03-18 01:20:00,94.20999908447266,94.22000122070312,94.16999816894533,94.22000122070312,46
2026-03-18 01:21:00,94.19000244140624,94.22000122070312,94.16000366210938,94.1999969482422,27
2026-03-18 01:22:00,94.1500015258789,94.23999786376952,94.12000274658205,94.18000030517578,129
2026-03-18 01:23:00,94.2699966430664,94.27999877929688,94.16000366210938,94.16000366210938,132
2026-03-18 01:24:00,94.26000213623048,94.26000213623048,94.18000030517578,94.25,48
2026-03-18 01:25:00,94.16999816894533,94.23999786376952,94.11000061035156,94.2300033569336,113
2026-03-18 01:26:00,94.1999969482422,94.30999755859376,94.1500015258789,94.16000366210938,139
2026-03-18 01:27:00,94.25,94.27999877929688,94.1999969482422,94.2300033569336,46
2026-03-18 01:28:00,94.23999786376952,94.27999877929688,94.20999908447266,94.2699966430664,84
2026-03-18 01:29:00,94.37999725341795,94.41999816894533,94.26000213623048,94.26000213623048,226
2026-03-18 01:30:00,94.33000183105467,94.4499969482422,94.2699966430664,94.4000015258789,118
2026-03-18 01:31:00,94.3499984741211,94.47000122070312,94.33000183105467,94.33999633789062,250
2026-03-18 01:32:00,94.33999633789062,94.37999725341795,94.27999877929688,94.33999633789062,182
2026-03-18 01:33:00,94.25,94.33999633789062,94.1999969482422,94.33999633789062,66
2026-03-18 01:34:00,94.1500015258789,94.23999786376952,94.12999725341795,94.23999786376952,88
2026-03-18 01:35:00,94.08999633789062,94.16000366210938,94.08000183105467,94.13999938964844,152
2026-03-18 01:36:00,94.16000366210938,94.16999816894533,94.08999633789062,94.08999633789062,32
2026-03-18 01:37:00,94.1500015258789,94.19000244140624,94.11000061035156,94.12999725341795,48
2026-03-18 01:38:00,94.18000030517578,94.19000244140624,94.12000274658205,94.19000244140624,37
2026-03-18 01:39:00,94.16999816894533,94.1999969482422,94.16000366210938,94.1999969482422,22
2026-03-18 01:40:00,94.1500015258789,94.18000030517578,94.12999725341795,94.16000366210938,27
2026-03-18 01:41:00,94.33999633789062,94.37000274658205,94.13999938964844,94.1500015258789,94
2026-03-18 01:42:00,94.41999816894533,94.5,94.31999969482422,94.36000061035156,163
2026-03-18 01:43:00,94.41000366210938,94.44000244140624,94.38999938964844,94.41000366210938,25
2026-03-18 01:44:00,94.43000030517578,94.4499969482422,94.37000274658205,94.41000366210938,78
2026-03-18 01:45:00,94.3499984741211,94.47000122070312,94.31999969482422,94.41999816894533,79
2026-03-18 01:46:00,94.33000183105467,94.37999725341795,94.31999969482422,94.33999633789062,32
2026-03-18 01:47:00,94.31999969482422,94.33000183105467,94.25,94.31999969482422,46
2026-03-18 01:48:00,94.29000091552734,94.3499984741211,94.29000091552734,94.31999969482422,31
2026-03-18 01:49:00,94.31999969482422,94.33000183105467,94.27999877929688,94.27999877929688,36
2026-03-18 01:50:00,94.44000244140624,94.4800033569336,94.31999969482422,94.33000183105467,124
2026-03-18 01:51:00,94.36000061035156,94.4499969482422,94.31999969482422,94.41999816894533,67
2026-03-18 01:52:00,94.33000183105467,94.37999725341795,94.33000183105467,94.36000061035156,32
2026-03-18 01:53:00,94.3499984741211,94.3499984741211,94.3000030517578,94.30999755859376,30
2026-03-18 01:54:00,94.37000274658205,94.4000015258789,94.30999755859376,94.33000183105467,58
2026-03-18 01:55:00,94.33999633789062,94.43000030517578,94.30999755859376,94.37999725341795,112
2026-03-18 01:56:00,94.33999633789062,94.36000061035156,94.31999969482422,94.33999633789062,32
2026-03-18 01:57:00,94.33000183105467,94.3499984741211,94.2699966430664,94.33999633789062,60
2026-03-18 01:58:00,94.30999755859376,94.36000061035156,94.3000030517578,94.33000183105467,16
2026-03-18 01:59:00,94.29000091552734,94.3499984741211,94.2699966430664,94.33000183105467,136
2026-03-18 02:00:00,94.1999969482422,94.3000030517578,94.1500015258789,94.27999877929688,194
2026-03-18 02:01:00,94.3000030517578,94.3000030517578,94.18000030517578,94.19000244140624,72
2026-03-18 02:02:00,94.33999633789062,94.4000015258789,94.30999755859376,94.30999755859376,86
2026-03-18 02:03:00,94.45999908447266,94.45999908447266,94.3499984741211,94.36000061035156,55
2026-03-18 02:04:00,94.33000183105467,94.5,94.31999969482422,94.44000244140624,108
2026-03-18 02:05:00,94.41000366210938,94.41999816894533,94.33000183105467,94.33999633789062,79
2026-03-18 02:06:00,94.3000030517578,94.41000366210938,94.3000030517578,94.4000015258789,30
2026-03-18 02:07:00,94.2699966430664,94.31999969482422,94.22000122070312,94.30999755859376,74
2026-03-18 02:08:00,94.25,94.2699966430664,94.1999969482422,94.2699966430664,74
2026-03-18 02:09:00,94.33999633789062,94.33999633789062,94.23999786376952,94.26000213623048,24
2026-03-18 02:10:00,94.29000091552734,94.3499984741211,94.29000091552734,94.3499984741211,14
2026-03-18 02:11:00,94.2699966430664,94.33000183105467,94.2699966430664,94.29000091552734,19
2026-03-18 02:12:00,94.2699966430664,94.30999755859376,94.2699966430664,94.3000030517578,17
2026-03-18 02:13:00,94.1999969482422,94.29000091552734,94.1999969482422,94.29000091552734,45
2026-03-18 02:14:00,94.11000061035156,94.19000244140624,94.06999969482422,94.19000244140624,141
2026-03-18 02:15:00,94.16000366210938,94.1999969482422,94.06999969482422,94.12000274658205,117
2026-03-18 02:16:00,94.22000122070312,94.23999786376952,94.13999938964844,94.16000366210938,123
2026-03-18 02:17:00,94.1500015258789,94.25,94.1500015258789,94.2300033569336,28
2026-03-18 02:18:00,94.12000274658205,94.1500015258789,94.11000061035156,94.1500015258789,26
2026-03-18 02:19:00,94.08000183105467,94.12000274658205,94.02999877929688,94.11000061035156,49
2026-03-18 02:20:00,94.08999633789062,94.13999938964844,94.05999755859376,94.08000183105467,48
2026-03-18 02:21:00,94.0999984741211,94.12000274658205,94.06999969482422,94.08000183105467,48
2026-03-18 02:22:00,94.12000274658205,94.12999725341795,94.0999984741211,94.11000061035156,27
2026-03-18 02:23:00,94.12000274658205,94.13999938964844,94.06999969482422,94.08999633789062,40
2026-03-18 02:24:00,94.12000274658205,94.13999938964844,94.12000274658205,94.12999725341795,40
2026-03-18 02:25:00,94.08999633789062,94.13999938964844,94.06999969482422,94.12999725341795,49
2026-03-18 02:26:00,94.0199966430664,94.12000274658205,93.98999786376952,94.0999984741211,117
2026-03-18 02:27:00,94.05999755859376,94.05999755859376,94.01000213623048,94.01000213623048,47
2026-03-18 02:28:00,94.04000091552734,94.05999755859376,93.98999786376952,94.0500030517578,91
2026-03-18 02:29:00,94.02999877929688,94.02999877929688,93.9800033569336,94.0199966430664,86
2026-03-18 02:30:00,93.8000030517578,94.0,93.79000091552734,94.0,269
2026-03-18 02:31:00,93.91000366210938,93.91000366210938,93.77999877929688,93.81999969482422,224
2026-03-18 02:32:00,93.8499984741211,93.93000030517578,93.83000183105467,93.93000030517578,93
2026-03-18 02:33:00,93.86000061035156,93.91999816894533,93.8499984741211,93.86000061035156,59
2026-03-18 02:34:00,93.81999969482422,93.87000274658205,93.7300033569336,93.87000274658205,175
2026-03-18 02:35:00,93.83000183105467,93.87999725341795,93.7699966430664,93.83999633789062,91
2026-03-18 02:36:00,93.79000091552734,93.8499984741211,93.79000091552734,93.83999633789062,75
2026-03-18 02:37:00,93.87999725341795,93.91000366210938,93.76000213623048,93.8000030517578,205
2026-03-18 02:38:00,93.88999938964844,93.91000366210938,93.83999633789062,93.88999938964844,81
2026-03-18 02:39:00,93.91999816894533,93.9499969482422,93.87000274658205,93.88999938964844,62
2026-03-18 02:40:00,93.93000030517578,93.94000244140624,93.88999938964844,93.91999816894533,39
2026-03-18 02:41:00,93.8000030517578,93.91999816894533,93.8000030517578,93.91999816894533,49
2026-03-18 02:42:00,93.83000183105467,93.8499984741211,93.8000030517578,93.8000030517578,29
2026-03-18 02:43:00,93.7300033569336,93.81999969482422,93.69000244140624,93.80999755859376,194
2026-03-18 02:44:00,93.73999786376952,93.77999877929688,93.66000366210938,93.73999786376952,173
2026-03-18 02:45:00,93.75,93.81999969482422,93.66999816894533,93.75,77
2026-03-18 02:46:00,93.7699966430664,93.8000030517578,93.76000213623048,93.7699966430664,20
2026-03-18 02:47:00,93.69000244140624,93.8000030517578,93.69000244140624,93.8000030517578,35
2026-03-18 02:48:00,93.63999938964844,93.69000244140624,93.61000061035156,93.69000244140624,93
2026-03-18 02:49:00,93.62000274658205,93.66999816894533,93.5999984741211,93.63999938964844,70
2026-03-18 02:50:00,93.66000366210938,93.66000366210938,93.61000061035156,93.62000274658205,37
2026-03-18 02:51:00,93.45999908447266,93.66999816894533,93.43000030517578,93.6500015258789,680
2026-03-18 02:52:00,93.29000091552734,93.5,93.1999969482422,93.45999908447266,1000
2026-03-18 02:53:00,93.3499984741211,93.37000274658205,93.20999908447266,93.29000091552734,249
2026-03-18 02:54:00,93.4000015258789,93.41000366210938,93.31999969482422,93.33999633789062,120
2026-03-18 02:55:00,93.41000366210938,93.4499969482422,93.37999725341795,93.4000015258789,112
2026-03-18 02:56:00,93.45999908447266,93.45999908447266,93.31999969482422,93.43000030517578,180
2026-03-18 02:57:00,93.5500030517578,93.5999984741211,93.44000244140624,93.44000244140624,144
2026-03-18 02:58:00,93.6500015258789,93.69000244140624,93.5199966430664,93.55999755859376,152
2026-03-18 02:59:00,93.7699966430664,93.79000091552734,93.62999725341795,93.63999938964844,287
2026-03-18 03:00:00,93.83000183105467,93.87999725341795,93.76000213623048,93.76000213623048,190
2026-03-18 03:01:00,93.73999786376952,93.80999755859376,93.6999969482422,93.80999755859376,88
2026-03-18 03:02:00,93.68000030517578,93.8000030517578,93.66999816894533,93.7300033569336,134
2026-03-18 03:03:00,93.62000274658205,93.72000122070312,93.5500030517578,93.69000244140624,186
2026-03-18 03:04:00,93.58999633789062,93.66000366210938,93.58000183105467,93.62999725341795,79
2026-03-18 03:05:00,93.6500015258789,93.68000030517578,93.58000183105467,93.58000183105467,134
2026-03-18 03:06:00,93.81999969482422,93.81999969482422,93.66000366210938,93.66999816894533,109
2026-03-18 03:07:00,93.77999877929688,93.81999969482422,93.75,93.79000091552734,93
2026-03-18 03:08:00,93.7300033569336,93.7699966430664,93.72000122070312,93.7699966430664,37
2026-03-18 03:09:00,93.70999908447266,93.76000213623048,93.69000244140624,93.75,19
2026-03-18 03:10:00,93.69000244140624,93.75,93.68000030517578,93.6999969482422,39
2026-03-18 03:11:00,93.7300033569336,93.76000213623048,93.6999969482422,93.6999969482422,26
2026-03-18 03:12:00,93.83999633789062,93.87000274658205,93.7699966430664,93.7699966430664,100
2026-03-18 03:13:00,93.73999786376952,93.8499984741211,93.7300033569336,93.83000183105467,63
2026-03-18 03:14:00,93.6999969482422,93.72000122070312,93.66000366210938,93.70999908447266,40
2026-03-18 03:15:00,93.73999786376952,93.75,93.6999969482422,93.70999908447266,28
2026-03-18 03:16:00,93.76000213623048,93.7699966430664,93.7300033569336,93.75,47
2026-03-18 03:17:00,93.76000213623048,93.7699966430664,93.7300033569336,93.75,21
2026-03-18 03:18:00,93.76000213623048,93.8000030517578,93.73999786376952,93.76000213623048,37
2026-03-18 03:19:00,93.79000091552734,93.81999969482422,93.76000213623048,93.76000213623048,35
2026-03-18 03:20:00,93.79000091552734,93.80999755859376,93.75,93.79000091552734,72
2026-03-18 03:21:00,93.56999969482422,93.79000091552734,93.51000213623048,93.79000091552734,156
2026-03-18 03:22:00,93.44000244140624,93.56999969482422,93.41999816894533,93.5500030517578,156
2026-03-18 03:23:00,93.33000183105467,93.5,93.2699966430664,93.43000030517578,209
2026-03-18 03:24:00,93.47000122070312,93.47000122070312,93.3499984741211,93.37000274658205,83
2026-03-18 03:25:00,93.5500030517578,93.5500030517578,93.41000366210938,93.45999908447266,95
2026-03-18 03:26:00,93.4000015258789,93.54000091552734,93.4000015258789,93.5199966430664,93
2026-03-18 03:27:00,93.51000213623048,93.51000213623048,93.4000015258789,93.4000015258789,53
2026-03-18 03:28:00,93.58000183105467,93.5999984741211,93.5,93.51000213623048,63
2026-03-18 03:29:00,93.5500030517578,93.62000274658205,93.5500030517578,93.58000183105467,39
2026-03-18 03:30:00,93.5500030517578,93.58999633789062,93.52999877929688,93.5500030517578,46
2026-03-18 03:31:00,93.66999816894533,93.68000030517578,93.58000183105467,93.58000183105467,56
2026-03-18 03:32:00,93.68000030517578,93.7300033569336,93.6500015258789,93.6500015258789,67
2026-03-18 03:33:00,93.51000213623048,93.68000030517578,93.43000030517578,93.66000366210938,152
2026-03-18 03:34:00,93.47000122070312,93.54000091552734,93.44000244140624,93.5,67
2026-03-18 03:35:00,93.5,93.52999877929688,93.48999786376952,93.48999786376952,31
2026-03-18 03:36:00,93.48999786376952,93.52999877929688,93.48999786376952,93.48999786376952,30
2026-03-18 03:37:00,93.4800033569336,93.48999786376952,93.43000030517578,93.4800033569336,27
2026-03-18 03:38:00,93.58999633789062,93.58999633789062,93.45999908447266,93.45999908447266,57
2026-03-18 03:39:00,93.5199966430664,93.58000183105467,93.5,93.58000183105467,74
2026-03-18 03:40:00,93.41000366210938,93.5199966430664,93.41000366210938,93.5199966430664,28
2026-03-18 03:41:00,93.4000015258789,93.4800033569336,93.37000274658205,93.41999816894533,41
2026-03-18 03:42:00,93.37999725341795,93.41999816894533,93.33999633789062,93.4000015258789,118
2026-03-18 03:43:00,93.3000030517578,93.37999725341795,93.27999877929688,93.37000274658205,188
2026-03-18 03:44:00,93.3499984741211,93.38999938964844,93.27999877929688,93.29000091552734,63
2026-03-18 03:45:00,93.3499984741211,93.38999938964844,93.33000183105467,93.3499984741211,53
2026-03-18 03:46:00,93.3000030517578,93.3499984741211,93.2699966430664,93.3499984741211,114
2026-03-18 03:47:00,93.23999786376952,93.30999755859376,93.16000366210938,93.29000091552734,222
2026-03-18 03:48:00,93.29000091552734,93.30999755859376,93.22000122070312,93.2300033569336,54
2026-03-18 03:49:00,93.30999755859376,93.3499984741211,93.29000091552734,93.30999755859376,135
2026-03-18 03:50:00,93.31999969482422,93.37000274658205,93.3000030517578,93.30999755859376,64
2026-03-18 03:51:00,93.18000030517578,93.33000183105467,93.16999816894533,93.33000183105467,115
2026-03-18 03:52:00,93.08999633789062,93.20999908447266,93.04000091552734,93.19000244140624,164
2026-03-18 03:53:00,93.12999725341795,93.13999938964844,93.05999755859376,93.0999984741211,124
2026-03-18 03:54:00,93.08000183105467,93.1500015258789,93.06999969482422,93.12999725341795,229
2026-03-18 03:55:00,92.93000030517578,93.0999984741211,92.83999633789062,93.08000183105467,740
2026-03-18 03:56:00,92.81999969482422,92.95999908447266,92.77999877929688,92.91999816894533,547
2026-03-18 03:57:00,92.62999725341795,92.87999725341795,92.43000030517578,92.83999633789062,1290
2026-03-18 03:58:00,92.56999969482422,92.6500015258789,92.41000366210938,92.62999725341795,514
2026-03-18 04:00:00,92.5199966430664,92.5500030517578,92.19000244140624,92.5199966430664,1219
2026-03-18 04:01:00,92.58999633789062,92.62999725341795,92.38999938964844,92.52999877929688,359
2026-03-18 04:02:00,92.3000030517578,92.5999984741211,92.0999984741211,92.56999969482422,874
2026-03-18 04:03:00,92.31999969482422,92.3499984741211,92.16000366210938,92.30999755859376,478
2026-03-18 04:04:00,92.44000244140624,92.47000122070312,92.33000183105467,92.33000183105467,288
2026-03-18 04:05:00,92.44000244140624,92.56999969482422,92.38999938964844,92.41999816894533,278
2026-03-18 04:06:00,92.4800033569336,92.5199966430664,92.41999816894533,92.4499969482422,265
2026-03-18 04:07:00,92.44000244140624,92.51000213623048,92.37999725341795,92.48999786376952,177
2026-03-18 04:08:00,92.47000122070312,92.4800033569336,92.33999633789062,92.43000030517578,94
2026-03-18 04:09:00,92.33999633789062,92.4800033569336,92.29000091552734,92.45999908447266,192
2026-03-18 04:10:00,92.26000213623048,92.36000061035156,92.2300033569336,92.33000183105467,213
2026-03-18 04:11:00,92.3000030517578,92.31999969482422,92.18000030517578,92.26000213623048,269
2026-03-18 04:12:00,92.38999938964844,92.43000030517578,92.3000030517578,92.3000030517578,163
2026-03-18 04:13:00,92.4499969482422,92.5,92.37000274658205,92.37999725341795,180
2026-03-18 04:14:00,92.41000366210938,92.4800033569336,92.37999725341795,92.43000030517578,88
2026-03-18 04:15:00,92.25,92.4000015258789,92.25,92.38999938964844,91
2026-03-18 04:16:00,92.25,92.27999877929688,92.18000030517578,92.25,133
2026-03-18 04:17:00,92.44000244140624,92.4499969482422,92.25,92.25,85
2026-03-18 04:18:00,92.37000274658205,92.4800033569336,92.36000061035156,92.43000030517578,105
2026-03-18 04:19:00,92.37999725341795,92.4000015258789,92.33999633789062,92.36000061035156,56
2026-03-18 04:20:00,92.41999816894533,92.44000244140624,92.36000061035156,92.37000274658205,51
2026-03-18 04:21:00,92.45999908447266,92.45999908447266,92.37000274658205,92.43000030517578,100
2026-03-18 04:22:00,92.4499969482422,92.45999908447266,92.41000366210938,92.45999908447266,31
2026-03-18 04:23:00,92.51000213623048,92.54000091552734,92.4499969482422,92.45999908447266,111
2026-03-18 04:24:00,92.54000091552734,92.61000061035156,92.51000213623048,92.51000213623048,208
2026-03-18 04:25:00,92.58999633789062,92.6500015258789,92.55999755859376,92.55999755859376,109
2026-03-18 04:26:00,92.54000091552734,92.63999938964844,92.54000091552734,92.5999984741211,50
2026-03-18 04:27:00,92.5500030517578,92.58000183105467,92.54000091552734,92.54000091552734,23
2026-03-18 04:28:00,92.5199966430664,92.58000183105467,92.5199966430664,92.5500030517578,31
2026-03-18 04:29:00,92.52999877929688,92.5500030517578,92.47000122070312,92.54000091552734,88
2026-03-18 04:30:00,92.62000274658205,92.62999725341795,92.54000091552734,92.54000091552734,57
2026-03-18 04:31:00,92.51000213623048,92.62999725341795,92.4800033569336,92.62999725341795,91
2026-03-18 04:32:00,92.47000122070312,92.5199966430664,92.41000366210938,92.5,89
2026-03-18 04:33:00,92.45999908447266,92.5,92.45999908447266,92.47000122070312,20
2026-03-18 04:34:00,92.4800033569336,92.4800033569336,92.44000244140624,92.45999908447266,24
2026-03-18 04:35:00,92.33999633789062,92.4800033569336,92.3000030517578,92.4499969482422,163
2026-03-18 04:36:00,92.3000030517578,92.36000061035156,92.22000122070312,92.3000030517578,119
2026-03-18 04:37:00,92.30999755859376,92.33999633789062,92.2699966430664,92.3000030517578,68
2026-03-18 04:38:00,92.25,92.33999633789062,92.22000122070312,92.31999969482422,89
2026-03-18 04:39:00,92.30999755859376,92.33999633789062,92.2300033569336,92.2699966430664,159
2026-03-18 04:40:00,92.41999816894533,92.44000244140624,92.29000091552734,92.3000030517578,124
2026-03-18 04:41:00,92.41000366210938,92.45999908447266,92.4000015258789,92.41999816894533,81
2026-03-18 04:42:00,92.33000183105467,92.4000015258789,92.33000183105467,92.4000015258789,36
2026-03-18 04:43:00,92.3000030517578,92.33000183105467,92.29000091552734,92.33000183105467,29
2026-03-18 04:44:00,92.4000015258789,92.43000030517578,92.30999755859376,92.30999755859376,76
2026-03-18 04:45:00,92.4000015258789,92.48999786376952,92.4000015258789,92.44000244140624,64
2026-03-18 04:46:00,92.41999816894533,92.43000030517578,92.36000061035156,92.4000015258789,53
2026-03-18 04:47:00,92.4499969482422,92.51000213623048,92.41999816894533,92.41999816894533,78
2026-03-18 04:48:00,92.47000122070312,92.52999877929688,92.41999816894533,92.4499969482422,141
2026-03-18 04:49:00,92.45999908447266,92.54000091552734,92.45999908447266,92.48999786376952,133
2026-03-18 04:50:00,92.4800033569336,92.54000091552734,92.44000244140624,92.48999786376952,77
2026-03-18 04:51:00,92.55999755859376,92.5999984741211,92.47000122070312,92.4800033569336,181
2026-03-18 04:52:00,92.44000244140624,92.55999755859376,92.41000366210938,92.5500030517578,175
2026-03-18 04:53:00,92.5,92.51000213623048,92.4000015258789,92.41999816894533,80
2026-03-18 04:54:00,92.4800033569336,92.5199966430664,92.47000122070312,92.51000213623048,28
2026-03-18 04:55:00,92.5199966430664,92.5199966430664,92.44000244140624,92.47000122070312,35
2026-03-18 04:56:00,92.5,92.5,92.45999908447266,92.5,59
2026-03-18 04:57:00,92.58999633789062,92.5999984741211,92.51000213623048,92.51000213623048,23
2026-03-18 04:58:00,92.5500030517578,92.58999633789062,92.54000091552734,92.58999633789062,30
2026-03-18 04:59:00,92.5,92.55999755859376,92.5,92.55999755859376,13
2026-03-18 05:00:00,92.51000213623048,92.52999877929688,92.47000122070312,92.51000213623048,22
2026-03-18 05:01:00,92.47000122070312,92.5,92.44000244140624,92.48999786376952,92
2026-03-18 05:02:00,92.36000061035156,92.45999908447266,92.36000061035156,92.4499969482422,82
2026-03-18 05:03:00,92.51000213623048,92.5199966430664,92.3499984741211,92.3499984741211,94
2026-03-18 05:04:00,92.51000213623048,92.54000091552734,92.5,92.52999877929688,45
2026-03-18 05:05:00,92.72000122070312,92.76000213623048,92.51000213623048,92.51000213623048,245
2026-03-18 05:06:00,92.9000015258789,92.93000030517578,92.72000122070312,92.72000122070312,353
2026-03-18 05:07:00,92.83999633789062,92.91000366210938,92.83000183105467,92.9000015258789,94
2026-03-18 05:08:00,92.6999969482422,92.83999633789062,92.6500015258789,92.83999633789062,131
2026-03-18 05:09:00,92.5999984741211,92.73999786376952,92.5999984741211,92.70999908447266,105
2026-03-18 05:10:00,92.68000030517578,92.68000030517578,92.56999969482422,92.62000274658205,105
2026-03-18 05:11:00,92.58999633789062,92.66999816894533,92.56999969482422,92.66000366210938,45
2026-03-18 05:12:00,92.45999908447266,92.58000183105467,92.44000244140624,92.56999969482422,119
2026-03-18 05:13:00,92.45999908447266,92.4800033569336,92.41000366210938,92.44000244140624,96
2026-03-18 05:14:00,92.4499969482422,92.47000122070312,92.44000244140624,92.4499969482422,18
2026-03-18 05:15:00,92.4499969482422,92.47000122070312,92.38999938964844,92.4499969482422,80
2026-03-18 05:16:00,92.43000030517578,92.51000213623048,92.41000366210938,92.47000122070312,48
2026-03-18 05:17:00,92.41999816894533,92.44000244140624,92.38999938964844,92.41000366210938,20
2026-03-18 05:18:00,92.38999938964844,92.41000366210938,92.33000183105467,92.38999938964844,205
2026-03-18 05:19:00,92.38999938964844,92.43000030517578,92.37000274658205,92.4000015258789,131
2026-03-18 05:20:00,92.37000274658205,92.44000244140624,92.37000274658205,92.38999938964844,155
2026-03-18 05:21:00,92.36000061035156,92.44000244140624,92.36000061035156,92.37999725341795,129
2026-03-18 05:22:00,92.3000030517578,92.37000274658205,92.3000030517578,92.37000274658205,82
2026-03-18 05:23:00,92.22000122070312,92.31999969482422,92.11000061035156,92.31999969482422,281
2026-03-18 05:24:00,92.2300033569336,92.2699966430664,92.20999908447266,92.23999786376952,83
2026-03-18 05:25:00,92.30999755859376,92.30999755859376,92.20999908447266,92.22000122070312,75
2026-03-18 05:26:00,92.25,92.31999969482422,92.25,92.31999969482422,51
2026-03-18 05:27:00,92.23999786376952,92.26000213623048,92.2300033569336,92.25,53
2026-03-18 05:28:00,92.26000213623048,92.29000091552734,92.1999969482422,92.2300033569336,72
2026-03-18 05:29:00,92.33999633789062,92.36000061035156,92.2699966430664,92.2699966430664,51
2026-03-18 05:30:00,91.9000015258789,92.41999816894533,91.86000061035156,92.3499984741211,766
2026-03-18 05:31:00,91.97000122070312,92.08999633789062,91.87999725341795,91.9000015258789,396
2026-03-18 05:32:00,91.9800033569336,91.98999786376952,91.87999725341795,91.97000122070312,273
2026-03-18 05:33:00,92.16999816894533,92.18000030517578,92.0,92.0,159
2026-03-18 05:34:00,92.3000030517578,92.33000183105467,92.18000030517578,92.18000030517578,179
2026-03-18 05:35:00,92.2300033569336,92.41000366210938,92.2300033569336,92.29000091552734,155
2026-03-18 05:36:00,92.3000030517578,92.30999755859376,92.23999786376952,92.23999786376952,52
2026-03-18 05:37:00,92.30999755859376,92.45999908447266,92.29000091552734,92.30999755859376,197
2026-03-18 05:38:00,92.33999633789062,92.38999938964844,92.2699966430664,92.3000030517578,75
2026-03-18 05:39:00,92.26000213623048,92.33999633789062,92.2300033569336,92.31999969482422,87
2026-03-18 05:40:00,92.4000015258789,92.41000366210938,92.2699966430664,92.2699966430664,93
2026-03-18 05:41:00,92.27999877929688,92.4000015258789,92.2699966430664,92.4000015258789,44
2026-03-18 05:42:00,92.3000030517578,92.3499984741211,92.23999786376952,92.29000091552734,101
2026-03-18 05:43:00,92.33999633789062,92.37999725341795,92.29000091552734,92.30999755859376,63
2026-03-18 05:44:00,92.3499984741211,92.37000274658205,92.27999877929688,92.3499984741211,134
2026-03-18 05:45:00,92.33999633789062,92.38999938964844,92.30999755859376,92.36000061035156,58
2026-03-18 05:46:00,92.37000274658205,92.5,92.33999633789062,92.36000061035156,158
2026-03-18 05:47:00,92.26000213623048,92.3499984741211,92.12000274658205,92.33999633789062,230
2026-03-18 05:48:00,92.33000183105467,92.41000366210938,92.2300033569336,92.2699966430664,193
2026-03-18 05:49:00,92.37000274658205,92.4000015258789,92.30999755859376,92.33000183105467,46
2026-03-18 05:50:00,92.27999877929688,92.38999938964844,92.1999969482422,92.38999938964844,123
2026-03-18 05:51:00,92.23999786376952,92.29000091552734,92.2300033569336,92.25,56
2026-03-18 05:52:00,92.2699966430664,92.2699966430664,92.22000122070312,92.23999786376952,22
2026-03-18 05:53:00,92.30999755859376,92.36000061035156,92.2699966430664,92.27999877929688,78
2026-03-18 05:54:00,92.33000183105467,92.37000274658205,92.27999877929688,92.27999877929688,60
2026-03-18 05:55:00,92.3000030517578,92.37000274658205,92.3000030517578,92.3499984741211,37
2026-03-18 05:56:00,92.11000061035156,92.3000030517578,92.08000183105467,92.3000030517578,475
2026-03-18 05:57:00,92.11000061035156,92.11000061035156,92.05999755859376,92.08999633789062,50
2026-03-18 05:58:00,92.08999633789062,92.1999969482422,92.08999633789062,92.12999725341795,56
2026-03-18 05:59:00,92.0500030517578,92.12000274658205,92.01000213623048,92.08999633789062,237
2026-03-18 06:00:00,92.30999755859376,92.37999725341795,92.05999755859376,92.05999755859376,209
2026-03-18 06:01:00,92.2699966430664,92.36000061035156,92.23999786376952,92.33000183105467,151
2026-03-18 06:02:00,92.43000030517578,92.4499969482422,92.23999786376952,92.26000213623048,183
2026-03-18 06:03:00,92.45999908447266,92.48999786376952,92.41999816894533,92.43000030517578,299
2026-03-18 06:04:00,92.5,92.63999938964844,92.45999908447266,92.47000122070312,431
2026-03-18 06:05:00,92.41999816894533,92.52999877929688,92.3000030517578,92.5199966430664,287
2026-03-18 06:06:00,92.33000183105467,92.41000366210938,92.3000030517578,92.41000366210938,90
2026-03-18 06:07:00,92.23999786376952,92.36000061035156,92.1999969482422,92.31999969482422,152
2026-03-18 06:08:00,92.16999816894533,92.23999786376952,92.12000274658205,92.22000122070312,180
2026-03-18 06:09:00,92.08999633789062,92.22000122070312,92.01000213623048,92.18000030517578,222
2026-03-18 06:10:00,92.08999633789062,92.19000244140624,92.08999633789062,92.11000061035156,123
2026-03-18 06:11:00,92.0,92.12999725341795,91.9800033569336,92.08000183105467,179
2026-03-18 06:12:00,92.04000091552734,92.06999969482422,91.97000122070312,92.0,800
2026-03-18 06:13:00,92.04000091552734,92.0500030517578,91.97000122070312,92.0199966430664,98
2026-03-18 06:14:00,92.02999877929688,92.06999969482422,91.9800033569336,92.02999877929688,413
2026-03-18 06:15:00,92.06999969482422,92.08000183105467,92.0,92.0,75
2026-03-18 06:16:00,92.0500030517578,92.08999633789062,92.04000091552734,92.05999755859376,771
2026-03-18 06:17:00,91.9800033569336,92.02999877929688,91.88999938964844,92.02999877929688,235
2026-03-18 06:18:00,91.9499969482422,91.9800033569336,91.87999725341795,91.9800033569336,123
2026-03-18 06:19:00,91.9000015258789,92.06999969482422,91.9000015258789,91.95999908447266,124
2026-03-18 06:20:00,91.70999908447266,91.9000015258789,91.47000122070312,91.87999725341795,946
2026-03-18 06:21:00,91.73999786376952,91.80999755859376,91.6500015258789,91.70999908447266,295
2026-03-18 06:22:00,91.68000030517578,91.7699966430664,91.66999816894533,91.73999786376952,128
2026-03-18 06:23:00,91.62000274658205,91.68000030517578,91.5999984741211,91.68000030517578,131
2026-03-18 06:24:00,91.56999969482422,91.66999816894533,91.54000091552734,91.62000274658205,172
2026-03-18 06:25:00,91.7699966430664,91.7699966430664,91.4499969482422,91.56999969482422,1832
2026-03-18 06:26:00,91.8000030517578,91.83000183105467,91.66000366210938,91.7699966430664,286
2026-03-18 06:27:00,91.83999633789062,91.91999816894533,91.7699966430664,91.80999755859376,274
2026-03-18 06:28:00,91.87999725341795,91.87999725341795,91.7300033569336,91.83000183105467,223
2026-03-18 06:29:00,91.9800033569336,92.01000213623048,91.86000061035156,91.88999938964844,267
2026-03-18 06:30:00,91.91000366210938,92.0,91.86000061035156,91.97000122070312,235
2026-03-18 06:31:00,91.91000366210938,91.98999786376952,91.9000015258789,91.91999816894533,134
2026-03-18 06:32:00,92.04000091552734,92.06999969482422,91.87999725341795,91.91000366210938,343
2026-03-18 06:33:00,92.11000061035156,92.16000366210938,92.0,92.02999877929688,174
2026-03-18 06:34:00,92.0999984741211,92.16000366210938,92.0500030517578,92.11000061035156,109
2026-03-18 06:35:00,92.1500015258789,92.19000244140624,92.0500030517578,92.08000183105467,431
2026-03-18 06:36:00,92.08000183105467,92.1500015258789,92.05999755859376,92.1500015258789,68
2026-03-18 06:37:00,92.0500030517578,92.08999633789062,92.02999877929688,92.06999969482422,84
2026-03-18 06:38:00,92.1500015258789,92.18000030517578,92.04000091552734,92.05999755859376,79
2026-03-18 06:39:00,92.29000091552734,92.31999969482422,92.12999725341795,92.1500015258789,258
2026-03-18 06:40:00,92.3499984741211,92.37999725341795,92.2699966430664,92.2699966430664,84
2026-03-18 06:41:00,92.33000183105467,92.37000274658205,92.2699966430664,92.3499984741211,107
2026-03-18 06:42:00,92.33999633789062,92.4000015258789,92.30999755859376,92.31999969482422,101
2026-03-18 06:43:00,92.30999755859376,92.38999938964844,92.3000030517578,92.33999633789062,112
2026-03-18 06:44:00,92.3499984741211,92.3499984741211,92.27999877929688,92.3000030517578,191
2026-03-18 06:45:00,92.4000015258789,92.4499969482422,92.30999755859376,92.31999969482422,194
2026-03-18 06:46:00,92.51000213623048,92.5500030517578,92.38999938964844,92.41000366210938,332
2026-03-18 06:47:00,92.47000122070312,92.5199966430664,92.41000366210938,92.5199966430664,216
2026-03-18 06:48:00,92.41999816894533,92.48999786376952,92.41999816894533,92.48999786376952,57
2026-03-18 06:49:00,92.47000122070312,92.4800033569336,92.4000015258789,92.44000244140624,68
2026-03-18 06:50:00,92.54000091552734,92.5999984741211,92.4800033569336,92.4800033569336,103
2026-03-18 06:51:00,92.5999984741211,92.5999984741211,92.54000091552734,92.5500030517578,120
2026-03-18 06:52:00,92.62000274658205,92.69000244140624,92.5199966430664,92.58999633789062,189
2026-03-18 06:53:00,92.66999816894533,92.76000213623048,92.62000274658205,92.6500015258789,680
2026-03-18 06:54:00,92.75,92.7699966430664,92.5999984741211,92.69000244140624,304
2026-03-18 06:55:00,92.7699966430664,92.88999938964844,92.70999908447266,92.73999786376952,324
2026-03-18 06:56:00,92.69000244140624,92.83999633789062,92.69000244140624,92.77999877929688,147
2026-03-18 06:57:00,92.66999816894533,92.7300033569336,92.6500015258789,92.6999969482422,143
2026-03-18 06:58:00,92.6999969482422,92.76000213623048,92.6500015258789,92.68000030517578,264
2026-03-18 06:59:00,92.7699966430664,92.77999877929688,92.6999969482422,92.72000122070312,114
2026-03-18 07:00:00,92.8499984741211,92.91000366210938,92.6500015258789,92.7699966430664,269
2026-03-18 07:01:00,92.79000091552734,92.87000274658205,92.7300033569336,92.8499984741211,138
2026-03-18 07:02:00,92.9000015258789,92.9000015258789,92.75,92.7699966430664,172
2026-03-18 07:03:00,92.79000091552734,92.91999816894533,92.75,92.91000366210938,119
2026-03-18 07:04:00,92.7300033569336,92.83999633789062,92.70999908447266,92.79000091552734,262
2026-03-18 07:05:00,92.8499984741211,92.87000274658205,92.68000030517578,92.72000122070312,190
2026-03-18 07:06:00,92.93000030517578,92.97000122070312,92.8000030517578,92.81999969482422,169
2026-03-18 07:07:00,92.94000244140624,92.95999908447266,92.88999938964844,92.91000366210938,123
2026-03-18 07:08:00,93.0,93.0500030517578,92.91000366210938,92.91999816894533,245
2026-03-18 07:09:00,93.06999969482422,93.12000274658205,92.98999786376952,93.0,257
2026-03-18 07:10:00,92.9000015258789,93.08000183105467,92.8499984741211,93.05999755859376,209
2026-03-18 07:11:00,92.81999969482422,92.88999938964844,92.73999786376952,92.88999938964844,224
2026-03-18 07:12:00,92.77999877929688,92.87000274658205,92.7699966430664,92.83000183105467,61
2026-03-18 07:13:00,92.83999633789062,92.87999725341795,92.73999786376952,92.79000091552734,189
2026-03-18 07:14:00,92.80999755859376,92.83000183105467,92.7699966430664,92.83000183105467,44
2026-03-18 07:15:00,92.73999786376952,92.81999969482422,92.68000030517578,92.81999969482422,175
2026-03-18 07:16:00,92.66000366210938,92.73999786376952,92.61000061035156,92.73999786376952,150
2026-03-18 07:17:00,92.72000122070312,92.72000122070312,92.61000061035156,92.68000030517578,183
2026-03-18 07:18:00,92.73999786376952,92.79000091552734,92.6500015258789,92.72000122070312,98
2026-03-18 07:19:00,92.76000213623048,92.7699966430664,92.70999908447266,92.73999786376952,72
2026-03-18 07:20:00,92.80999755859376,92.81999969482422,92.73999786376952,92.75,134
2026-03-18 07:21:00,92.80999755859376,92.86000061035156,92.79000091552734,92.80999755859376,204
2026-03-18 07:22:00,92.93000030517578,92.94000244140624,92.8000030517578,92.83000183105467,160
2026-03-18 07:23:00,92.8499984741211,92.97000122070312,92.8499984741211,92.91999816894533,172
2026-03-18 07:24:00,92.91999816894533,92.9800033569336,92.8499984741211,92.86000061035156,146
2026-03-18 07:25:00,93.02999877929688,93.04000091552734,92.91999816894533,92.91999816894533,205
2026-03-18 07:26:00,92.91999816894533,93.02999877929688,92.8499984741211,93.0199966430664,262
2026-03-18 07:27:00,92.9499969482422,92.98999786376952,92.91000366210938,92.91000366210938,118
2026-03-18 07:28:00,92.98999786376952,93.0199966430664,92.87999725341795,92.93000030517578,180
2026-03-18 07:29:00,93.01000213623048,93.06999969482422,93.0,93.0,117
2026-03-18 07:30:00,93.01000213623048,93.04000091552734,93.0,93.0,88
2026-03-18 07:31:00,92.98999786376952,93.0500030517578,92.95999908447266,93.0199966430664,174
2026-03-18 07:32:00,92.98999786376952,93.0199966430664,92.9499969482422,92.98999786376952,146
2026-03-18 07:33:00,92.9499969482422,93.02999877929688,92.9499969482422,92.98999786376952,150
2026-03-18 07:34:00,92.97000122070312,93.0,92.91000366210938,92.9499969482422,97
2026-03-18 07:35:00,93.2300033569336,93.2300033569336,92.9800033569336,92.9800033569336,414
2026-03-18 07:36:00,93.1999969482422,93.2699966430664,93.13999938964844,93.2300033569336,209
2026-03-18 07:37:00,93.19000244140624,93.23999786376952,93.16000366210938,93.20999908447266,176
2026-03-18 07:38:00,93.19000244140624,93.29000091552734,93.16000366210938,93.16999816894533,222
2026-03-18 07:39:00,93.13999938964844,93.19000244140624,93.0999984741211,93.18000030517578,243
2026-03-18 07:40:00,93.12999725341795,93.16000366210938,93.08999633789062,93.12999725341795,160
2026-03-18 07:41:00,93.11000061035156,93.19000244140624,93.0999984741211,93.13999938964844,177
2026-03-18 07:42:00,93.13999938964844,93.18000030517578,93.12000274658205,93.12000274658205,156
2026-03-18 07:43:00,93.04000091552734,93.12999725341795,93.0199966430664,93.12999725341795,141
2026-03-18 07:44:00,93.04000091552734,93.06999969482422,93.01000213623048,93.04000091552734,165
2026-03-18 07:45:00,93.13999938964844,93.16999816894533,93.01000213623048,93.02999877929688,188
2026-03-18 07:46:00,93.16999816894533,93.19000244140624,93.12000274658205,93.13999938964844,142
2026-03-18 07:47:00,93.11000061035156,93.19000244140624,93.06999969482422,93.16999816894533,186
2026-03-18 07:48:00,93.0199966430664,93.16000366210938,93.01000213623048,93.0999984741211,136
2026-03-18 07:49:00,93.12000274658205,93.12000274658205,93.0,93.0199966430664,225
2026-03-18 07:50:00,93.20999908447266,93.25,93.11000061035156,93.11000061035156,344
2026-03-18 07:51:00,93.20999908447266,93.23999786376952,93.1999969482422,93.1999969482422,87
2026-03-18 07:52:00,93.2300033569336,93.26000213623048,93.2300033569336,93.23999786376952,65
2026-03-18 07:53:00,93.20999908447266,93.26000213623048,93.1999969482422,93.25,100
2026-03-18 07:54:00,93.27999877929688,93.27999877929688,93.1999969482422,93.22000122070312,91
2026-03-18 07:55:00,93.31999969482422,93.31999969482422,93.25,93.2699966430664,215
2026-03-18 07:56:00,93.23999786376952,93.29000091552734,93.18000030517578,93.29000091552734,197
2026-03-18 07:57:00,93.16999816894533,93.25,93.12999725341795,93.23999786376952,170
2026-03-18 07:58:00,93.19000244140624,93.22000122070312,93.16000366210938,93.18000030517578,149
2026-03-18 07:59:00,93.25,93.25,93.1500015258789,93.18000030517578,123
2026-03-18 08:00:00,93.26000213623048,93.36000061035156,93.16000366210938,93.26000213623048,319
2026-03-18 08:01:00,93.23999786376952,93.30999755859376,93.19000244140624,93.25,174
2026-03-18 08:02:00,93.30999755859376,93.31999969482422,93.20999908447266,93.22000122070312,228
2026-03-18 08:03:00,93.2300033569336,93.30999755859376,93.16000366210938,93.30999755859376,167
2026-03-18 08:04:00,93.33999633789062,93.3499984741211,93.1999969482422,93.2300033569336,151
2026-03-18 08:05:00,93.33999633789062,93.37999725341795,93.31999969482422,93.31999969482422,107
2026-03-18 08:06:00,93.3499984741211,93.37999725341795,93.27999877929688,93.3499984741211,161
2026-03-18 08:07:00,93.41999816894533,93.5199966430664,93.30999755859376,93.3499984741211,642
2026-03-18 08:08:00,93.52999877929688,93.55999755859376,93.4000015258789,93.41000366210938,315
2026-03-18 08:09:00,93.47000122070312,93.54000091552734,93.4499969482422,93.5199966430664,209
2026-03-18 08:10:00,93.43000030517578,93.48999786376952,93.41000366210938,93.4800033569336,254
2026-03-18 08:11:00,93.33000183105467,93.4499969482422,93.33000183105467,93.44000244140624,212
2026-03-18 08:12:00,93.29000091552734,93.38999938964844,93.27999877929688,93.3499984741211,156
2026-03-18 08:13:00,93.33999633789062,93.37000274658205,93.29000091552734,93.29000091552734,73
2026-03-18 08:14:00,93.38999938964844,93.44000244140624,93.33999633789062,93.33999633789062,438
2026-03-18 08:15:00,93.41000366210938,93.41000366210938,93.36000061035156,93.38999938964844,116
2026-03-18 08:16:00,93.4499969482422,93.45999908447266,93.38999938964844,93.4000015258789,287
2026-03-18 08:17:00,93.41999816894533,93.48999786376952,93.3499984741211,93.45999908447266,377
2026-03-18 08:18:00,93.47000122070312,93.54000091552734,93.41999816894533,93.43000030517578,320
2026-03-18 08:19:00,93.44000244140624,93.48999786376952,93.44000244140624,93.4800033569336,97
2026-03-18 08:20:00,93.3499984741211,93.4499969482422,93.31999969482422,93.44000244140624,271
2026-03-18 08:21:00,93.38999938964844,93.41999816894533,93.33999633789062,93.33999633789062,168
2026-03-18 08:22:00,93.4800033569336,93.52999877929688,93.36000061035156,93.37999725341795,322
2026-03-18 08:23:00,93.5,93.51000213623048,93.45999908447266,93.4800033569336,145
2026-03-18 08:24:00,93.48999786376952,93.52999877929688,93.45999908447266,93.48999786376952,310
2026-03-18 08:25:00,93.63999938964844,93.72000122070312,93.5,93.51000213623048,794
2026-03-18 08:26:00,93.63999938964844,93.6500015258789,93.55999755859376,93.62999725341795,294
2026-03-18 08:27:00,93.66999816894533,93.69000244140624,93.61000061035156,93.6500015258789,207
2026-03-18 08:28:00,93.76000213623048,93.81999969482422,93.66999816894533,93.66999816894533,687
2026-03-18 08:29:00,93.81999969482422,93.87999725341795,93.62999725341795,93.75,938
2026-03-18 08:30:00,93.81999969482422,94.0199966430664,93.79000091552734,93.83000183105467,1300
2026-03-18 08:31:00,93.87999725341795,93.94000244140624,93.7699966430664,93.8000030517578,592
2026-03-18 08:32:00,93.95999908447266,93.9800033569336,93.87999725341795,93.87999725341795,361
2026-03-18 08:33:00,94.12000274658205,94.22000122070312,93.9499969482422,93.95999908447266,1456
2026-03-18 08:34:00,94.0999984741211,94.1999969482422,94.06999969482422,94.12000274658205,850
2026-03-18 08:35:00,94.1500015258789,94.2699966430664,94.02999877929688,94.0999984741211,939
2026-03-18 08:36:00,94.16999816894533,94.26000213623048,94.11000061035156,94.18000030517578,378
2026-03-18 08:37:00,94.13999938964844,94.20999908447266,94.12999725341795,94.19000244140624,286
2026-03-18 08:38:00,94.0199966430664,94.19000244140624,94.01000213623048,94.1500015258789,286
2026-03-18 08:39:00,94.08999633789062,94.0999984741211,94.0199966430664,94.0199966430664,284
2026-03-18 08:40:00,93.95999908447266,94.12999725341795,93.9499969482422,94.08999633789062,325
2026-03-18 08:41:00,93.9499969482422,94.01000213623048,93.94000244140624,93.9800033569336,196
2026-03-18 08:42:00,93.93000030517578,93.98999786376952,93.83000183105467,93.95999908447266,300
2026-03-18 08:43:00,93.9800033569336,93.98999786376952,93.87000274658205,93.94000244140624,185
2026-03-18 08:44:00,93.9499969482422,94.02999877929688,93.91999816894533,94.0,242
2026-03-18 08:45:00,94.02999877929688,94.04000091552734,93.93000030517578,93.94000244140624,87
2026-03-18 08:46:00,94.05999755859376,94.0999984741211,94.01000213623048,94.0199966430664,220
2026-03-18 08:47:00,93.95999908447266,94.0500030517578,93.9499969482422,94.0500030517578,67
2026-03-18 08:48:00,93.8499984741211,93.9499969482422,93.77999877929688,93.9499969482422,407
2026-03-18 08:49:00,93.9000015258789,93.91000366210938,93.83000183105467,93.8499984741211,171
2026-03-18 08:50:00,93.77999877929688,93.91999816894533,93.77999877929688,93.87999725341795,188
2026-03-18 08:51:00,93.81999969482422,93.83999633789062,93.7699966430664,93.77999877929688,125
2026-03-18 08:52:00,93.8499984741211,93.87999725341795,93.81999969482422,93.81999969482422,96
2026-03-18 08:53:00,93.81999969482422,93.91000366210938,93.81999969482422,93.86000061035156,227
2026-03-18 08:54:00,93.83000183105467,93.8499984741211,93.73999786376952,93.81999969482422,480
2026-03-18 08:55:00,93.81999969482422,93.88999938964844,93.8000030517578,93.81999969482422,228
2026-03-18 08:56:00,93.83999633789062,93.86000061035156,93.80999755859376,93.81999969482422,91
2026-03-18 08:57:00,93.83999633789062,93.9000015258789,93.83999633789062,93.86000061035156,117
2026-03-18 08:58:00,93.9000015258789,93.9499969482422,93.86000061035156,93.87000274658205,94
2026-03-18 08:59:00,93.8499984741211,93.9000015258789,93.79000091552734,93.9000015258789,169
2026-03-18 09:00:00,93.9499969482422,93.9499969482422,93.81999969482422,93.83999633789062,207
2026-03-18 09:01:00,94.16000366210938,94.18000030517578,93.91999816894533,93.9499969482422,347
2026-03-18 09:02:00,94.19000244140624,94.29000091552734,94.16000366210938,94.16999816894533,441
2026-03-18 09:03:00,94.25,94.26000213623048,94.08000183105467,94.18000030517578,374
2026-03-18 09:04:00,94.1999969482422,94.2699966430664,94.16999816894533,94.25,127
2026-03-18 09:05:00,94.13999938964844,94.25,94.12999725341795,94.1999969482422,116
2026-03-18 09:06:00,94.0199966430664,94.16000366210938,94.01000213623048,94.1500015258789,173
2026-03-18 09:07:00,93.81999969482422,94.0199966430664,93.79000091552734,94.0199966430664,244
2026-03-18 09:08:00,93.94000244140624,93.95999908447266,93.69000244140624,93.81999969482422,408
2026-03-18 09:09:00,94.0,94.0,93.91999816894533,93.94000244140624,281
2026-03-18 09:10:00,94.0199966430664,94.1500015258789,94.01000213623048,94.01000213623048,378
2026-03-18 09:11:00,94.12999725341795,94.13999938964844,94.01000213623048,94.02999877929688,282
2026-03-18 09:12:00,94.25,94.3499984741211,94.11000061035156,94.1500015258789,1094
2026-03-18 09:13:00,94.30999755859376,94.3499984741211,94.22000122070312,94.26000213623048,331
2026-03-18 09:14:00,94.38999938964844,94.41999816894533,94.3000030517578,94.3000030517578,419
2026-03-18 09:15:00,94.16999816894533,94.38999938964844,94.16999816894533,94.37999725341795,578
2026-03-18 09:16:00,94.16000366210938,94.20999908447266,94.12999725341795,94.18000030517578,330
2026-03-18 09:17:00,94.19000244140624,94.20999908447266,94.12999725341795,94.16000366210938,296
2026-03-18 09:18:00,94.22000122070312,94.2300033569336,94.18000030517578,94.1999969482422,52
2026-03-18 09:19:00,94.1999969482422,94.20999908447266,94.16000366210938,94.20999908447266,114
2026-03-18 09:20:00,94.2300033569336,94.23999786376952,94.1500015258789,94.19000244140624,157
2026-03-18 09:21:00,94.20999908447266,94.26000213623048,94.19000244140624,94.23999786376952,145
2026-03-18 09:22:00,94.16999816894533,94.20999908447266,94.12000274658205,94.1999969482422,308
2026-03-18 09:23:00,94.18000030517578,94.19000244140624,94.13999938964844,94.16999816894533,79
2026-03-18 09:24:00,94.19000244140624,94.19000244140624,94.13999938964844,94.16999816894533,88
2026-03-18 09:25:00,94.08000183105467,94.1999969482422,94.05999755859376,94.18000030517578,225
2026-03-18 09:26:00,93.9800033569336,94.08999633789062,93.97000122070312,94.08999633789062,242
2026-03-18 09:27:00,94.0500030517578,94.0500030517578,93.95999908447266,93.9800033569336,130
2026-03-18 09:28:00,94.04000091552734,94.12000274658205,94.02999877929688,94.05999755859376,133
2026-03-18 09:29:00,94.0,94.04000091552734,93.9800033569336,94.02999877929688,111
2026-03-18 09:30:00,93.9800033569336,94.0500030517578,93.95999908447266,93.98999786376952,198
2026-03-18 09:31:00,94.0,94.0500030517578,93.9800033569336,93.98999786376952,149
2026-03-18 09:32:00,94.0199966430664,94.0500030517578,93.95999908447266,93.9800033569336,109
2026-03-18 09:33:00,94.08000183105467,94.08999633789062,93.97000122070312,94.02999877929688,137
2026-03-18 09:34:00,94.08000183105467,94.13999938964844,94.0500030517578,94.08000183105467,133
2026-03-18 09:35:00,94.16999816894533,94.18000030517578,94.08999633789062,94.08999633789062,110
2026-03-18 09:36:00,94.08999633789062,94.2300033569336,94.08000183105467,94.18000030517578,197
2026-03-18 09:37:00,93.97000122070312,94.11000061035156,93.97000122070312,94.11000061035156,112
2026-03-18 09:38:00,93.98999786376952,94.01000213623048,93.91000366210938,93.9800033569336,158
2026-03-18 09:39:00,94.13999938964844,94.19000244140624,94.0,94.0,187
2026-03-18 09:40:00,94.2300033569336,94.2300033569336,94.12999725341795,94.1500015258789,77
2026-03-18 09:41:00,94.12000274658205,94.26000213623048,94.08000183105467,94.2300033569336,180
2026-03-18 09:42:00,94.06999969482422,94.16000366210938,94.0500030517578,94.12000274658205,97
2026-03-18 09:43:00,94.12000274658205,94.16000366210938,94.05999755859376,94.05999755859376,114
2026-03-18 09:44:00,94.1999969482422,94.25,94.12999725341795,94.12999725341795,114
2026-03-18 09:45:00,94.2300033569336,94.2300033569336,94.16999816894533,94.1999969482422,142
2026-03-18 09:46:00,94.3499984741211,94.37000274658205,94.2300033569336,94.2300033569336,376
2026-03-18 09:47:00,94.36000061035156,94.37999725341795,94.3499984741211,94.3499984741211,82
2026-03-18 09:48:00,94.2699966430664,94.37999725341795,94.2699966430664,94.37000274658205,142
2026-03-18 09:49:00,94.20999908447266,94.27999877929688,94.16999816894533,94.26000213623048,168
2026-03-18 09:50:00,94.19000244140624,94.22000122070312,94.12999725341795,94.1999969482422,137
2026-03-18 09:51:00,94.23999786376952,94.26000213623048,94.18000030517578,94.19000244140624,117
2026-03-18 09:52:00,94.33000183105467,94.3499984741211,94.25,94.25,150
2026-03-18 09:53:00,94.33999633789062,94.37999725341795,94.30999755859376,94.33000183105467,196
2026-03-18 09:54:00,94.37999725341795,94.38999938964844,94.33000183105467,94.3499984741211,161
2026-03-18 09:55:00,94.4800033569336,94.48999786376952,94.37000274658205,94.38999938964844,179
2026-03-18 09:56:00,94.37999725341795,94.48999786376952,94.37999725341795,94.47000122070312,237
2026-03-18 09:57:00,94.38999938964844,94.41999816894533,94.37000274658205,94.37999725341795,130
2026-03-18 09:58:00,94.23999786376952,94.41000366210938,94.23999786376952,94.4000015258789,360
2026-03-18 09:59:00,94.29000091552734,94.29000091552734,94.1999969482422,94.23999786376952,152
2026-03-18 10:00:00,94.27999877929688,94.31999969482422,94.16000366210938,94.30999755859376,206
2026-03-18 10:01:00,94.33999633789062,94.38999938964844,94.25,94.29000091552734,149
2026-03-18 10:02:00,94.36000061035156,94.36000061035156,94.2699966430664,94.33999633789062,313
2026-03-18 10:03:00,94.31999969482422,94.36000061035156,94.30999755859376,94.33999633789062,68
2026-03-18 10:04:00,94.29000091552734,94.37999725341795,94.2300033569336,94.33000183105467,148
2026-03-18 10:05:00,94.23999786376952,94.29000091552734,94.23999786376952,94.29000091552734,111
2026-03-18 10:06:00,94.16999816894533,94.2300033569336,94.12000274658205,94.2300033569336,161
2026-03-18 10:07:00,94.11000061035156,94.16999816894533,94.11000061035156,94.16999816894533,80
2026-03-18 10:08:00,94.13999938964844,94.16999816894533,94.08000183105467,94.0999984741211,110
2026-03-18 10:09:00,94.0999984741211,94.16000366210938,94.08000183105467,94.1500015258789,130
2026-03-18 10:10:00,94.04000091552734,94.0999984741211,94.01000213623048,94.08999633789062,171
2026-03-18 10:11:00,94.0500030517578,94.08999633789062,94.04000091552734,94.04000091552734,111
2026-03-18 10:12:00,94.05999755859376,94.08000183105467,94.01000213623048,94.04000091552734,129
2026-03-18 10:13:00,94.16000366210938,94.16000366210938,94.05999755859376,94.05999755859376,165
2026-03-18 10:14:00,94.13999938964844,94.1500015258789,94.08000183105467,94.13999938964844,108
2026-03-18 10:15:00,94.1500015258789,94.19000244140624,94.12999725341795,94.13999938964844,54
2026-03-18 10:16:00,94.27999877929688,94.3000030517578,94.08000183105467,94.13999938964844,217
2026-03-18 10:17:00,94.2699966430664,94.31999969482422,94.26000213623048,94.29000091552734,161
2026-03-18 10:18:00,94.19000244140624,94.25,94.16000366210938,94.25,106
2026-03-18 10:19:00,94.16000366210938,94.19000244140624,94.11000061035156,94.18000030517578,157
2026-03-18 10:20:00,94.33000183105467,94.3499984741211,94.0999984741211,94.16000366210938,368
2026-03-18 10:21:00,94.33000183105467,94.37000274658205,94.27999877929688,94.3499984741211,173
2026-03-18 10:22:00,94.4000015258789,94.41000366210938,94.27999877929688,94.31999969482422,318
2026-03-18 10:23:00,94.3000030517578,94.41000366210938,94.3000030517578,94.41000366210938,141
2026-03-18 10:24:00,94.33000183105467,94.37000274658205,94.29000091552734,94.3000030517578,143
2026-03-18 10:25:00,94.1500015258789,94.37999725341795,94.0199966430664,94.31999969482422,843
2026-03-18 10:26:00,94.25,94.31999969482422,94.1500015258789,94.1500015258789,169
2026-03-18 10:27:00,94.26000213623048,94.2699966430664,94.22000122070312,94.2699966430664,141
2026-03-18 10:28:00,94.16999816894533,94.26000213623048,94.1500015258789,94.26000213623048,91
2026-03-18 10:29:00,94.20999908447266,94.23999786376952,94.18000030517578,94.18000030517578,61
2026-03-18 10:30:00,94.29000091552734,94.3000030517578,94.19000244140624,94.20999908447266,201
2026-03-18 10:31:00,94.2699966430664,94.3000030517578,94.23999786376952,94.3000030517578,78
2026-03-18 10:32:00,94.25,94.30999755859376,94.25,94.27999877929688,98
2026-03-18 10:33:00,94.18000030517578,94.2699966430664,94.18000030517578,94.26000213623048,227
2026-03-18 10:34:00,94.20999908447266,94.2300033569336,94.1500015258789,94.18000030517578,152
2026-03-18 10:35:00,94.19000244140624,94.2300033569336,94.1500015258789,94.20999908447266,138
2026-03-18 10:36:00,94.23999786376952,94.2699966430664,94.19000244140624,94.19000244140624,101
2026-03-18 10:37:00,94.37000274658205,94.37999725341795,94.23999786376952,94.25,167
2026-03-18 10:38:00,94.25,94.38999938964844,94.25,94.37999725341795,204
2026-03-18 10:39:00,94.33999633789062,94.33999633789062,94.25,94.26000213623048,89
2026-03-18 10:40:00,94.4000015258789,94.4499969482422,94.29000091552734,94.33000183105467,387
2026-03-18 10:41:00,94.33000183105467,94.43000030517578,94.30999755859376,94.4000015258789,157
2026-03-18 10:42:00,94.29000091552734,94.36000061035156,94.29000091552734,94.33999633789062,97
2026-03-18 10:43:00,94.1999969482422,94.31999969482422,94.1999969482422,94.30999755859376,121
2026-03-18 10:44:00,94.1999969482422,94.25,94.19000244140624,94.1999969482422,99
2026-03-18 10:45:00,94.0999984741211,94.19000244140624,94.02999877929688,94.19000244140624,379
2026-03-18 10:46:00,94.16000366210938,94.16000366210938,94.06999969482422,94.0999984741211,118
2026-03-18 10:47:00,94.1999969482422,94.23999786376952,94.12000274658205,94.16000366210938,192
2026-03-18 10:48:00,94.19000244140624,94.23999786376952,94.16000366210938,94.1999969482422,125
2026-03-18 10:49:00,94.05999755859376,94.1999969482422,94.0500030517578,94.19000244140624,221
2026-03-18 10:50:00,94.12999725341795,94.13999938964844,94.04000091552734,94.05999755859376,194
2026-03-18 10:51:00,94.25,94.26000213623048,94.13999938964844,94.13999938964844,122
2026-03-18 10:52:00,94.37999725341795,94.38999938964844,94.23999786376952,94.26000213623048,281
2026-03-18 10:53:00,94.4499969482422,94.55999755859376,94.38999938964844,94.38999938964844,534
2026-03-18 10:54:00,94.38999938964844,94.45999908447266,94.37000274658205,94.4499969482422,154
2026-03-18 10:55:00,94.38999938964844,94.43000030517578,94.3499984741211,94.37999725341795,163
2026-03-18 10:56:00,94.41000366210938,94.41999816894533,94.30999755859376,94.38999938964844,191
2026-03-18 10:57:00,94.3499984741211,94.41999816894533,94.33000183105467,94.41000366210938,81
2026-03-18 10:58:00,94.2300033569336,94.33999633789062,94.18000030517578,94.33999633789062,173
2026-03-18 10:59:00,94.30999755859376,94.30999755859376,94.1999969482422,94.22000122070312,173
2026-03-18 11:00:00,94.2300033569336,94.30999755859376,94.13999938964844,94.29000091552734,434
2026-03-18 11:01:00,94.22000122070312,94.26000213623048,94.16999816894533,94.2300033569336,106
2026-03-18 11:02:00,94.16999816894533,94.2300033569336,94.12000274658205,94.2300033569336,239
2026-03-18 11:03:00,94.12999725341795,94.16000366210938,94.0500030517578,94.16000366210938,196
2026-03-18 11:04:00,94.2300033569336,94.23999786376952,94.11000061035156,94.12999725341795,167
2026-03-18 11:05:00,94.25,94.2699966430664,94.1999969482422,94.22000122070312,104
2026-03-18 11:06:00,94.27999877929688,94.33000183105467,94.2300033569336,94.26000213623048,378
2026-03-18 11:07:00,94.25,94.30999755859376,94.23999786376952,94.29000091552734,146
2026-03-18 11:08:00,94.2699966430664,94.3000030517578,94.25,94.25,101
2026-03-18 11:09:00,94.23999786376952,94.30999755859376,94.20999908447266,94.27999877929688,230
2026-03-18 11:10:00,94.18000030517578,94.23999786376952,94.13999938964844,94.2300033569336,196
2026-03-18 11:11:00,94.18000030517578,94.20999908447266,94.13999938964844,94.18000030517578,70
2026-03-18 11:12:00,94.0,94.16999816894533,93.98999786376952,94.16999816894533,208
2026-03-18 11:13:00,94.01000213623048,94.0199966430664,93.9000015258789,94.01000213623048,428
2026-03-18 11:14:00,94.05999755859376,94.06999969482422,93.97000122070312,94.0199966430664,246
2026-03-18 11:15:00,94.1500015258789,94.16000366210938,94.04000091552734,94.05999755859376,177
2026-03-18 11:16:00,94.08999633789062,94.16000366210938,94.04000091552734,94.1500015258789,183
2026-03-18 11:17:00,94.13999938964844,94.16000366210938,94.06999969482422,94.08999633789062,189
2026-03-18 11:18:00,94.11000061035156,94.18000030517578,94.11000061035156,94.13999938964844,173
2026-03-18 11:19:00,94.2300033569336,94.26000213623048,94.11000061035156,94.12999725341795,200
2026-03-18 11:20:00,94.20999908447266,94.29000091552734,94.19000244140624,94.23999786376952,352
2026-03-18 11:21:00,94.0999984741211,94.20999908447266,94.0999984741211,94.1999969482422,121
2026-03-18 11:22:00,94.2300033569336,94.27999877929688,94.08000183105467,94.08999633789062,616
2026-03-18 11:23:00,94.02999877929688,94.2699966430664,94.0199966430664,94.22000122070312,338
2026-03-18 11:24:00,94.20999908447266,94.3000030517578,94.0,94.0199966430664,801
2026-03-18 11:25:00,94.20999908447266,94.38999938964844,94.1500015258789,94.1999969482422,923
2026-03-18 11:26:00,94.91999816894533,94.9499969482422,94.16999816894533,94.18000030517578,2419
2026-03-18 11:27:00,95.05999755859376,95.5199966430664,94.91999816894533,94.93000030517578,3293
2026-03-18 11:28:00,95.12000274658205,95.23999786376952,95.01000213623048,95.0500030517578,1011
2026-03-18 11:29:00,95.36000061035156,95.4800033569336,95.0999984741211,95.13999938964844,1141
2026-03-18 11:30:00,95.08000183105467,95.55999755859376,95.05999755859376,95.4000015258789,1218
2026-03-18 11:31:00,95.08999633789062,95.19000244140624,94.88999938964844,95.08000183105467,1374
2026-03-18 11:32:00,94.9499969482422,95.06999969482422,94.91000366210938,95.06999969482422,376
2026-03-18 11:33:00,94.9800033569336,95.08000183105467,94.88999938964844,94.9499969482422,575
2026-03-18 11:34:00,94.95999908447266,95.0199966430664,94.86000061035156,94.97000122070312,368
2026-03-18 11:35:00,94.97000122070312,95.0500030517578,94.8499984741211,94.9499969482422,505
2026-03-18 11:36:00,95.0,95.06999969482422,94.8499984741211,94.95999908447266,491
2026-03-18 11:37:00,94.8000030517578,95.0199966430664,94.76000213623048,94.98999786376952,412
2026-03-18 11:38:00,94.69000244140624,94.83000183105467,94.6500015258789,94.79000091552734,427
2026-03-18 11:39:00,94.72000122070312,94.83000183105467,94.68000030517578,94.68000030517578,733
2026-03-18 11:40:00,94.6999969482422,94.87000274658205,94.66999816894533,94.7300033569336,459
2026-03-18 11:41:00,94.54000091552734,94.70999908447266,94.5199966430664,94.6999969482422,519
2026-03-18 11:42:00,94.4499969482422,94.55999755859376,94.41000366210938,94.52999877929688,656
2026-03-18 11:43:00,94.37000274658205,94.45999908447266,94.2699966430664,94.4499969482422,488
2026-03-18 11:44:00,94.44000244140624,94.55999755859376,94.3000030517578,94.37999725341795,476
2026-03-18 11:45:00,94.41999816894533,94.52999877929688,94.38999938964844,94.44000244140624,238
2026-03-18 11:46:00,94.38999938964844,94.44000244140624,94.30999755859376,94.41999816894533,212
2026-03-18 11:47:00,94.12999725341795,94.38999938964844,94.12999725341795,94.37999725341795,481
2026-03-18 11:48:00,94.3000030517578,94.33999633789062,94.01000213623048,94.12999725341795,917
2026-03-18 11:49:00,94.20999908447266,94.41000366210938,94.16000366210938,94.27999877929688,849
2026-03-18 11:50:00,94.36000061035156,94.44000244140624,94.1999969482422,94.1999969482422,687
2026-03-18 11:51:00,94.36000061035156,94.38999938964844,94.18000030517578,94.36000061035156,493
2026-03-18 11:52:00,94.4499969482422,94.4499969482422,94.33000183105467,94.37999725341795,469
2026-03-18 11:53:00,94.37000274658205,94.55999755859376,94.36000061035156,94.4499969482422,747
2026-03-18 11:54:00,94.41000366210938,94.4800033569336,94.3499984741211,94.37999725341795,315
2026-03-18 11:55:00,94.47000122070312,94.6999969482422,94.36000061035156,94.41000366210938,709
2026-03-18 11:56:00,94.58000183105467,94.66999816894533,94.4800033569336,94.4800033569336,842
2026-03-18 11:57:00,94.63999938964844,94.70999908447266,94.55999755859376,94.56999969482422,536
2026-03-18 11:58:00,94.58000183105467,94.69000244140624,94.56999969482422,94.62999725341795,310
2026-03-18 11:59:00,94.5199966430664,94.62999725341795,94.47000122070312,94.56999969482422,426
2026-03-18 12:00:00,94.62999725341795,94.68000030517578,94.44000244140624,94.5199966430664,501
2026-03-18 12:01:00,94.75,94.79000091552734,94.62000274658205,94.62999725341795,477
2026-03-18 12:02:00,94.62000274658205,94.91000366210938,94.62000274658205,94.76000213623048,808
2026-03-18 12:03:00,94.66999816894533,94.7300033569336,94.51000213623048,94.62999725341795,725
2026-03-18 12:04:00,94.87000274658205,95.25,94.68000030517578,94.68000030517578,1855
2026-03-18 12:05:00,94.6500015258789,94.98999786376952,94.63999938964844,94.87000274658205,851
2026-03-18 12:06:00,94.66999816894533,94.70999908447266,94.56999969482422,94.6500015258789,483
2026-03-18 12:07:00,94.68000030517578,94.7699966430664,94.58000183105467,94.66000366210938,455
2026-03-18 12:08:00,94.58000183105467,94.72000122070312,94.4800033569336,94.66999816894533,412
2026-03-18 12:09:00,94.8000030517578,94.86000061035156,94.58000183105467,94.58000183105467,489
2026-03-18 12:10:00,94.8000030517578,94.81999969482422,94.72000122070312,94.79000091552734,366
2026-03-18 12:11:00,94.6999969482422,94.81999969482422,94.62999725341795,94.79000091552734,562
2026-03-18 12:12:00,94.83000183105467,94.9000015258789,94.66999816894533,94.68000030517578,690
2026-03-18 12:13:00,95.02999877929688,95.0500030517578,94.81999969482422,94.83000183105467,824
2026-03-18 12:14:00,95.01000213623048,95.06999969482422,94.94000244140624,95.02999877929688,834
2026-03-18 12:15:00,94.9800033569336,95.08999633789062,94.94000244140624,94.98999786376952,631
2026-03-18 12:16:00,95.1500015258789,95.2699966430664,94.9499969482422,94.9800033569336,1154
2026-03-18 12:17:00,95.27999877929688,95.4000015258789,95.12000274658205,95.16000366210938,1359
2026-03-18 12:18:00,95.36000061035156,95.37999725341795,95.1999969482422,95.29000091552734,488
2026-03-18 12:19:00,95.6500015258789,95.70999908447266,95.3499984741211,95.3499984741211,1702
2026-03-18 12:20:00,95.56999969482422,95.68000030517578,95.51000213623048,95.66000366210938,1512
2026-03-18 12:21:00,95.6999969482422,95.73999786376952,95.52999877929688,95.55999755859376,847
2026-03-18 12:22:00,95.93000030517578,96.0,95.66000366210938,95.6999969482422,1163
2026-03-18 12:23:00,95.80999755859376,96.0,95.77999877929688,95.91000366210938,1717
2026-03-18 12:24:00,95.88999938964844,95.93000030517578,95.7699966430664,95.80999755859376,1094
2026-03-18 12:25:00,95.75,95.87999725341795,95.69000244140624,95.87999725341795,814
2026-03-18 12:26:00,95.61000061035156,95.83000183105467,95.61000061035156,95.73999786376952,582
2026-03-18 12:27:00,95.61000061035156,95.72000122070312,95.58999633789062,95.61000061035156,485
2026-03-18 12:28:00,95.48999786376952,95.68000030517578,95.48999786376952,95.62000274658205,695
2026-03-18 12:29:00,95.5199966430664,95.52999877929688,95.37999725341795,95.5199966430664,506
2026-03-18 12:30:00,95.51000213623048,95.58999633789062,95.4499969482422,95.5,640
2026-03-18 12:31:00,95.73999786376952,95.87000274658205,95.5199966430664,95.52999877929688,781
2026-03-18 12:32:00,95.76000213623048,95.83000183105467,95.5999984741211,95.73999786376952,394
2026-03-18 12:33:00,95.47000122070312,95.79000091552734,95.41999816894533,95.7699966430664,619
2026-03-18 12:34:00,95.58000183105467,95.6500015258789,95.41000366210938,95.47000122070312,637
2026-03-18 12:35:00,95.62999725341795,95.62999725341795,95.5,95.56999969482422,623
2026-03-18 12:36:00,95.68000030517578,95.69000244140624,95.58999633789062,95.62000274658205,261
2026-03-18 12:37:00,95.68000030517578,95.7300033569336,95.62999725341795,95.68000030517578,351
2026-03-18 12:38:00,95.54000091552734,95.69000244140624,95.5,95.69000244140624,423
2026-03-18 12:39:00,95.47000122070312,95.55999755859376,95.44000244140624,95.55999755859376,234
2026-03-18 12:40:00,95.52999877929688,95.55999755859376,95.33999633789062,95.4499969482422,565
2026-03-18 12:41:00,95.43000030517578,95.54000091552734,95.4000015258789,95.54000091552734,276
2026-03-18 12:42:00,96.13999938964844,96.23999786376952,95.31999969482422,95.44000244140624,3244
2026-03-18 12:43:00,96.20999908447266,96.23999786376952,95.87999725341795,96.13999938964844,2343
2026-03-18 12:44:00,96.11000061035156,96.44000244140624,95.98999786376952,96.20999908447266,2232
2026-03-18 12:45:00,96.19000244140624,96.25,95.97000122070312,96.12000274658205,1462
2026-03-18 12:46:00,96.44000244140624,96.5,96.19000244140624,96.1999969482422,1397
2026-03-18 12:47:00,96.4000015258789,96.68000030517578,96.25,96.41999816894533,1624
2026-03-18 12:48:00,96.58000183105467,96.77999877929688,96.31999969482422,96.4000015258789,1896
2026-03-18 12:49:00,96.5999984741211,96.70999908447266,96.4800033569336,96.58000183105467,1132
2026-03-18 12:50:00,96.52999877929688,96.8499984741211,96.5,96.58000183105467,1908
2026-03-18 12:51:00,96.5,96.68000030517578,96.27999877929688,96.54000091552734,2251
2026-03-18 12:52:00,96.51000213623048,96.68000030517578,96.33999633789062,96.5,1823
2026-03-18 12:53:00,96.9800033569336,97.0,96.5,96.5199966430664,2442
2026-03-18 12:54:00,97.12000274658205,97.31999969482422,96.94000244140624,96.98999786376952,2308
2026-03-18 12:55:00,96.83999633789062,97.12000274658205,96.69000244140624,97.0999984741211,1447
2026-03-18 12:56:00,96.9000015258789,96.94000244140624,96.66999816894533,96.83999633789062,1493
2026-03-18 12:57:00,97.08000183105467,97.23999786376952,96.87000274658205,96.87999725341795,2590
2026-03-18 12:58:00,97.2300033569336,97.30999755859376,96.93000030517578,97.08000183105467,1250
2026-03-18 12:59:00,97.16999816894533,97.33000183105467,97.06999969482422,97.23999786376952,1224
2026-03-18 13:00:00,97.16999816894533,97.5,96.86000061035156,97.1500015258789,3250
2026-03-18 13:01:00,97.41999816894533,97.54000091552734,97.16000366210938,97.16999816894533,1455
2026-03-18 13:02:00,97.16999816894533,97.4800033569336,97.0,97.43000030517578,1253
2026-03-18 13:03:00,97.05999755859376,97.25,97.0,97.18000030517578,864
2026-03-18 13:04:00,97.08000183105467,97.1500015258789,96.79000091552734,97.02999877929688,1817
2026-03-18 13:05:00,97.16999816894533,97.2300033569336,96.91000366210938,97.08999633789062,1612
2026-03-18 13:06:00,97.0199966430664,97.18000030517578,96.86000061035156,97.16000366210938,769
2026-03-18 13:07:00,96.97000122070312,97.13999938964844,96.91999816894533,97.02999877929688,804
2026-03-18 13:08:00,97.02999877929688,97.08999633789062,96.94000244140624,96.95999908447266,663
2026-03-18 13:09:00,97.29000091552734,97.31999969482422,96.98999786376952,97.0199966430664,888
2026-03-18 13:10:00,97.4800033569336,97.5,97.2699966430664,97.27999877929688,1663
2026-03-18 13:11:00,97.4000015258789,97.52999877929688,97.36000061035156,97.4800033569336,929
2026-03-18 13:12:00,97.56999969482422,97.63999938964844,97.30999755859376,97.37999725341795,1251
2026-03-18 13:13:00,97.55999755859376,97.62999725341795,97.4800033569336,97.58999633789062,720
2026-03-18 13:14:00,97.69000244140624,97.70999908447266,97.54000091552734,97.56999969482422,1181
2026-03-18 13:15:00,97.7300033569336,97.79000091552734,97.62000274658205,97.68000030517578,1117
2026-03-18 13:16:00,97.88999938964844,97.93000030517578,97.6999969482422,97.73999786376952,1639
2026-03-18 13:17:00,97.70999908447266,97.9499969482422,97.69000244140624,97.9000015258789,977
2026-03-18 13:18:00,97.4499969482422,97.70999908447266,97.44000244140624,97.70999908447266,854
2026-03-18 13:19:00,97.47000122070312,97.47000122070312,97.26000213623048,97.4499969482422,1099
2026-03-18 13:20:00,97.31999969482422,97.4800033569336,97.13999938964844,97.45999908447266,1821
2026-03-18 13:21:00,97.27999877929688,97.36000061035156,97.11000061035156,97.31999969482422,666
2026-03-18 13:22:00,97.20999908447266,97.27999877929688,97.1999969482422,97.2699966430664,432
2026-03-18 13:23:00,97.37999725341795,97.41000366210938,97.16999816894533,97.1999969482422,638
2026-03-18 13:24:00,97.04000091552734,97.41000366210938,97.0,97.38999938964844,914
2026-03-18 13:25:00,97.1500015258789,97.20999908447266,96.86000061035156,97.02999877929688,1254
2026-03-18 13:26:00,97.06999969482422,97.19000244140624,97.0,97.1500015258789,744
2026-03-18 13:27:00,97.01000213623048,97.18000030517578,96.95999908447266,97.05999755859376,951
2026-03-18 13:28:00,97.04000091552734,97.08999633789062,96.83000183105467,97.01000213623048,1331
2026-03-18 13:29:00,97.16999816894533,97.20999908447266,96.88999938964844,97.02999877929688,562
2026-03-18 13:30:00,97.4800033569336,97.5,96.93000030517578,97.16999816894533,2093
2026-03-18 13:31:00,97.56999969482422,97.61000061035156,97.33000183105467,97.45999908447266,1335
2026-03-18 13:32:00,97.73999786376952,97.73999786376952,97.45999908447266,97.56999969482422,1484
2026-03-18 13:33:00,97.88999938964844,97.94000244140624,97.69000244140624,97.73999786376952,1504
2026-03-18 13:34:00,97.6999969482422,97.94000244140624,97.6999969482422,97.88999938964844,1203
2026-03-18 13:35:00,97.62000274658205,97.73999786376952,97.5999984741211,97.72000122070312,788
2026-03-18 13:36:00,97.69000244140624,97.7699966430664,97.58999633789062,97.62999725341795,682
2026-03-18 13:37:00,97.55999755859376,97.6999969482422,97.5199966430664,97.69000244140624,669
2026-03-18 13:38:00,97.54000091552734,97.72000122070312,97.25,97.5500030517578,1671
2026-03-18 13:39:00,97.63999938964844,97.72000122070312,97.4800033569336,97.5199966430664,1033
2026-03-18 13:40:00,97.41000366210938,97.68000030517578,97.4000015258789,97.66000366210938,841
2026-03-18 13:41:00,97.58000183105467,97.61000061035156,97.3499984741211,97.41000366210938,667
2026-03-18 13:42:00,97.70999908447266,97.73999786376952,97.4499969482422,97.58000183105467,1226
2026-03-18 13:43:00,97.88999938964844,98.0,97.62000274658205,97.70999908447266,1247
2026-03-18 13:44:00,97.79000091552734,98.04000091552734,97.79000091552734,97.88999938964844,1772
2026-03-18 13:45:00,97.69000244140624,97.8499984741211,97.69000244140624,97.8000030517578,1100
2026-03-18 13:46:00,97.69000244140624,97.87999725341795,97.54000091552734,97.68000030517578,1756
2026-03-18 13:47:00,97.69000244140624,97.83000183105467,97.5500030517578,97.69000244140624,742
2026-03-18 13:48:00,98.04000091552734,98.0500030517578,97.6500015258789,97.68000030517578,936
2026-03-18 13:49:00,97.97000122070312,98.08999633789062,97.88999938964844,98.02999877929688,912
2026-03-18 13:50:00,98.01000213623048,98.06999969482422,97.83000183105467,97.9800033569336,921
2026-03-18 13:51:00,98.12999725341795,98.22000122070312,97.94000244140624,98.0,1492
2026-03-18 13:52:00,98.13999938964844,98.20999908447266,98.04000091552734,98.12000274658205,1153
2026-03-18 13:53:00,98.0999984741211,98.22000122070312,98.0500030517578,98.12999725341795,1083
2026-03-18 13:54:00,98.0199966430664,98.12000274658205,97.93000030517578,98.08999633789062,1307
2026-03-18 13:55:00,97.9800033569336,98.11000061035156,97.91999816894533,98.04000091552734,824
2026-03-18 13:56:00,97.9800033569336,98.05999755859376,97.87999725341795,97.95999908447266,556
2026-03-18 13:57:00,98.02999877929688,98.13999938964844,97.8499984741211,98.0,1001
2026-03-18 13:58:00,97.91999816894533,98.08999633789062,97.88999938964844,98.05999755859376,444
2026-03-18 13:59:00,98.04000091552734,98.05999755859376,97.83000183105467,97.94000244140624,617
2026-03-18 14:00:00,98.01000213623048,98.05999755859376,97.9000015258789,98.02999877929688,492
2026-03-18 14:01:00,97.98999786376952,98.0500030517578,97.8499984741211,98.0,746
2026-03-18 14:02:00,97.98999786376952,98.02999877929688,97.8499984741211,97.97000122070312,449
2026-03-18 14:03:00,97.75,97.98999786376952,97.66999816894533,97.98999786376952,716
2026-03-18 14:04:00,97.7699966430664,97.79000091552734,97.68000030517578,97.76000213623048,406
2026-03-18 14:05:00,97.7300033569336,97.81999969482422,97.66000366210938,97.7699966430664,608
2026-03-18 14:06:00,97.4800033569336,97.76000213623048,97.44000244140624,97.7300033569336,1221
2026-03-18 14:07:00,97.48999786376952,97.54000091552734,97.3499984741211,97.48999786376952,1220
2026-03-18 14:08:00,97.55999755859376,97.66999816894533,97.47000122070312,97.51000213623048,784
2026-03-18 14:09:00,97.62999725341795,97.6999969482422,97.5199966430664,97.55999755859376,562
2026-03-18 14:10:00,97.6500015258789,97.66999816894533,97.5199966430664,97.63999938964844,795
2026-03-18 14:11:00,97.72000122070312,97.79000091552734,97.58999633789062,97.6500015258789,873
2026-03-18 14:12:00,97.83999633789062,97.8499984741211,97.68000030517578,97.70999908447266,424
2026-03-18 14:13:00,98.08000183105467,98.08000183105467,97.83000183105467,97.83000183105467,797
2026-03-18 14:14:00,98.11000061035156,98.1500015258789,97.98999786376952,98.05999755859376,794
2026-03-18 14:15:00,98.0199966430664,98.13999938964844,97.97000122070312,98.11000061035156,551
2026-03-18 14:16:00,98.12000274658205,98.16000366210938,98.01000213623048,98.01000213623048,410
2026-03-18 14:17:00,98.06999969482422,98.12000274658205,98.02999877929688,98.11000061035156,291
2026-03-18 14:18:00,98.08999633789062,98.1500015258789,97.98999786376952,98.05999755859376,607
2026-03-18 14:19:00,98.16000366210938,98.19000244140624,98.0500030517578,98.0999984741211,640
2026-03-18 14:20:00,98.36000061035156,98.38999938964844,98.13999938964844,98.16000366210938,959
2026-03-18 14:21:00,98.3000030517578,98.37000274658205,98.25,98.36000061035156,607
2026-03-18 14:22:00,98.1999969482422,98.29000091552734,98.16999816894533,98.29000091552734,563
2026-03-18 14:23:00,98.13999938964844,98.1999969482422,98.13999938964844,98.18000030517578,401
2026-03-18 14:24:00,98.38999938964844,98.38999938964844,98.12000274658205,98.13999938964844,521
2026-03-18 14:25:00,98.1999969482422,98.37000274658205,98.18000030517578,98.37000274658205,2112
2026-03-18 14:26:00,98.3000030517578,98.43000030517578,98.1999969482422,98.20999908447266,639
2026-03-18 14:27:00,98.16999816894533,98.31999969482422,98.12999725341795,98.30999755859376,447
2026-03-18 14:28:00,98.1999969482422,98.30999755859376,98.11000061035156,98.18000030517578,331
2026-03-18 14:29:00,98.0999984741211,98.1999969482422,98.05999755859376,98.18000030517578,618
2026-03-18 14:30:00,98.16999816894533,98.22000122070312,98.0199966430664,98.06999969482422,980
2026-03-18 14:31:00,98.26000213623048,98.2699966430664,98.11000061035156,98.16999816894533,582
2026-03-18 14:32:00,98.2699966430664,98.31999969482422,98.16000366210938,98.25,746
2026-03-18 14:33:00,98.3000030517578,98.31999969482422,98.16999816894533,98.25,697
2026-03-18 14:34:00,98.41000366210938,98.4800033569336,98.27999877929688,98.30999755859376,936
2026-03-18 14:35:00,98.3499984741211,98.43000030517578,98.3000030517578,98.41000366210938,675
2026-03-18 14:36:00,98.22000122070312,98.33999633789062,98.1999969482422,98.33000183105467,976
2026-03-18 14:37:00,98.20999908447266,98.37999725341795,98.16999816894533,98.22000122070312,431
2026-03-18 14:38:00,98.20999908447266,98.27999877929688,98.08999633789062,98.20999908447266,1003
2026-03-18 14:39:00,98.23999786376952,98.3000030517578,98.19000244140624,98.20999908447266,299
2026-03-18 14:40:00,98.27999877929688,98.3000030517578,98.19000244140624,98.23999786376952,352
2026-03-18 14:41:00,98.22000122070312,98.29000091552734,98.18000030517578,98.29000091552734,459
2026-03-18 14:42:00,98.29000091552734,98.33999633789062,98.16000366210938,98.20999908447266,1367
2026-03-18 14:43:00,98.31999969482422,98.37999725341795,98.2699966430664,98.29000091552734,443
2026-03-18 14:44:00,98.31999969482422,98.41999816894533,98.30999755859376,98.31999969482422,348
2026-03-18 14:45:00,98.1999969482422,98.33000183105467,98.12000274658205,98.33000183105467,544
2026-03-18 14:46:00,98.08999633789062,98.20999908447266,98.02999877929688,98.20999908447266,460
2026-03-18 14:47:00,98.20999908447266,98.20999908447266,98.08999633789062,98.0999984741211,595
2026-03-18 14:48:00,98.4000015258789,98.43000030517578,98.13999938964844,98.22000122070312,931
2026-03-18 14:49:00,98.5199966430664,98.55999755859376,98.4000015258789,98.41000366210938,1229
2026-03-18 14:50:00,98.48999786376952,98.55999755859376,98.45999908447266,98.52999877929688,562
2026-03-18 14:51:00,98.51000213623048,98.55999755859376,98.4499969482422,98.47000122070312,442
2026-03-18 14:52:00,98.62000274658205,98.66999816894533,98.48999786376952,98.51000213623048,1146
2026-03-18 14:53:00,98.56999969482422,98.62000274658205,98.52999877929688,98.61000061035156,396
2026-03-18 14:54:00,98.5,98.58999633789062,98.47000122070312,98.56999969482422,640
2026-03-18 14:55:00,98.58000183105467,98.62999725341795,98.45999908447266,98.51000213623048,888
2026-03-18 14:56:00,98.48999786376952,98.5999984741211,98.45999908447266,98.58999633789062,739
2026-03-18 14:57:00,98.1500015258789,98.51000213623048,98.0,98.51000213623048,2296
2026-03-18 14:58:00,98.04000091552734,98.33999633789062,98.04000091552734,98.13999938964844,1461
2026-03-18 14:59:00,98.01000213623048,98.08999633789062,97.83999633789062,98.0500030517578,1907
2026-03-18 15:00:00,97.7699966430664,98.08999633789062,97.66000366210938,98.0199966430664,1212
2026-03-18 15:01:00,97.88999938964844,97.93000030517578,97.68000030517578,97.76000213623048,1752
2026-03-18 15:02:00,97.66999816894533,97.91000366210938,97.66999816894533,97.87999725341795,1197
2026-03-18 15:03:00,97.72000122070312,97.83000183105467,97.5500030517578,97.6999969482422,1147
2026-03-18 15:04:00,97.70999908447266,97.83000183105467,97.6500015258789,97.75,927
2026-03-18 15:05:00,97.77999877929688,97.8499984741211,97.66999816894533,97.7300033569336,1367
2026-03-18 15:06:00,97.5,97.86000061035156,97.5,97.7699966430664,1050
2026-03-18 15:07:00,97.6999969482422,97.79000091552734,97.45999908447266,97.5,1269
2026-03-18 15:08:00,97.63999938964844,97.73999786376952,97.52999877929688,97.70999908447266,912
2026-03-18 15:09:00,97.66999816894533,97.66999816894533,97.5,97.62999725341795,663
2026-03-18 15:10:00,97.87999725341795,97.97000122070312,97.66000366210938,97.66000366210938,1302
2026-03-18 15:11:00,97.5500030517578,97.91999816894533,97.4800033569336,97.88999938964844,954
2026-03-18 15:12:00,97.6999969482422,97.7300033569336,97.5500030517578,97.5500030517578,743
2026-03-18 15:13:00,97.6500015258789,97.7699966430664,97.41999816894533,97.68000030517578,1400
2026-03-18 15:14:00,97.79000091552734,97.8499984741211,97.62000274658205,97.6500015258789,898
2026-03-18 15:15:00,97.87999725341795,97.88999938964844,97.73999786376952,97.77999877929688,602
2026-03-18 15:16:00,98.0199966430664,98.05999755859376,97.80999755859376,97.87999725341795,1395
2026-03-18 15:17:00,97.9499969482422,98.0199966430664,97.91999816894533,98.01000213623048,488
2026-03-18 15:18:00,98.05999755859376,98.05999755859376,97.9499969482422,97.9499969482422,645
2026-03-18 15:19:00,98.11000061035156,98.13999938964844,98.0,98.05999755859376,640
2026-03-18 15:20:00,98.22000122070312,98.2300033569336,98.04000091552734,98.11000061035156,1418
2026-03-18 15:21:00,98.26000213623048,98.37999725341795,98.20999908447266,98.20999908447266,1282
2026-03-18 15:22:00,98.26000213623048,98.36000061035156,98.20999908447266,98.25,476
2026-03-18 15:23:00,98.1999969482422,98.26000213623048,98.1500015258789,98.26000213623048,350
2026-03-18 15:24:00,98.20999908447266,98.31999969482422,98.16999816894533,98.1999969482422,1187
2026-03-18 15:25:00,98.05999755859376,98.22000122070312,98.04000091552734,98.1999969482422,872
2026-03-18 15:26:00,98.04000091552734,98.05999755859376,97.95999908447266,98.05999755859376,487
2026-03-18 15:27:00,98.0500030517578,98.12000274658205,98.0199966430664,98.0500030517578,306
2026-03-18 15:28:00,98.22000122070312,98.23999786376952,97.98999786376952,98.04000091552734,824
2026-03-18 15:29:00,98.29000091552734,98.3499984741211,98.18000030517578,98.2300033569336,784
2026-03-18 15:30:00,98.08999633789062,98.3000030517578,98.02999877929688,98.27999877929688,673
2026-03-18 15:31:00,98.0500030517578,98.13999938964844,98.02999877929688,98.08000183105467,604
2026-03-18 15:32:00,98.08000183105467,98.19000244140624,98.0500030517578,98.0500030517578,711
2026-03-18 15:33:00,97.9800033569336,98.1500015258789,97.97000122070312,98.08999633789062,836
2026-03-18 15:34:00,98.05999755859376,98.0999984741211,97.9499969482422,97.9800033569336,572
2026-03-18 15:35:00,98.23999786376952,98.25,97.9499969482422,98.04000091552734,624
2026-03-18 15:36:00,98.06999969482422,98.29000091552734,98.0500030517578,98.2300033569336,437
2026-03-18 15:37:00,98.0999984741211,98.16999816894533,98.04000091552734,98.08000183105467,247
2026-03-18 15:38:00,98.0,98.11000061035156,97.97000122070312,98.06999969482422,519
2026-03-18 15:39:00,97.9800033569336,98.0199966430664,97.9499969482422,98.01000213623048,795
2026-03-18 15:40:00,98.0500030517578,98.05999755859376,97.91999816894533,97.95999908447266,764
2026-03-18 15:41:00,98.12000274658205,98.19000244140624,97.9499969482422,98.04000091552734,1205
2026-03-18 15:42:00,97.95999908447266,98.1500015258789,97.93000030517578,98.12000274658205,954
2026-03-18 15:43:00,97.9499969482422,98.01000213623048,97.87000274658205,97.95999908447266,1285
2026-03-18 15:44:00,97.9499969482422,98.01000213623048,97.9000015258789,97.95999908447266,713
2026-03-18 15:45:00,98.0,98.04000091552734,97.93000030517578,97.95999908447266,775
2026-03-18 15:46:00,97.88999938964844,98.0500030517578,97.87999725341795,98.0199966430664,1267
2026-03-18 15:47:00,97.87999725341795,97.95999908447266,97.86000061035156,97.88999938964844,813
2026-03-18 15:48:00,97.69000244140624,97.87000274658205,97.6500015258789,97.87000274658205,1262
2026-03-18 15:49:00,97.69000244140624,97.72000122070312,97.62999725341795,97.69000244140624,770
2026-03-18 15:50:00,97.7300033569336,97.81999969482422,97.55999755859376,97.6999969482422,1429
2026-03-18 15:51:00,97.55999755859376,97.73999786376952,97.54000091552734,97.73999786376952,1352
2026-03-18 15:52:00,97.55999755859376,97.5999984741211,97.5,97.54000091552734,760
2026-03-18 15:53:00,97.5,97.55999755859376,97.47000122070312,97.55999755859376,870
2026-03-18 15:54:00,97.3000030517578,97.51000213623048,97.2699966430664,97.5,1433
2026-03-18 15:55:00,97.12000274658205,97.3000030517578,96.91999816894533,97.29000091552734,2030
2026-03-18 15:56:00,97.18000030517578,97.27999877929688,97.01000213623048,97.0999984741211,875
2026-03-18 15:57:00,97.29000091552734,97.31999969482422,97.13999938964844,97.16999816894533,1052
2026-03-18 15:58:00,97.2300033569336,97.30999755859376,97.1500015258789,97.3000030517578,807
2026-03-18 15:59:00,97.18000030517578,97.38999938964844,97.12000274658205,97.22000122070312,809
2026-03-18 16:00:00,97.33999633789062,97.36000061035156,97.18000030517578,97.18000030517578,528
2026-03-18 16:01:00,97.27999877929688,97.41999816894533,97.26000213623048,97.33999633789062,835
2026-03-18 16:02:00,97.29000091552734,97.33999633789062,97.1999969482422,97.2699966430664,1074
2026-03-18 16:03:00,97.31999969482422,97.3499984741211,97.20999908447266,97.27999877929688,676
2026-03-18 16:04:00,97.29000091552734,97.36000061035156,97.22000122070312,97.30999755859376,480
2026-03-18 16:05:00,97.44000244140624,97.45999908447266,97.3000030517578,97.3000030517578,898
2026-03-18 16:06:00,97.41999816894533,97.45999908447266,97.37999725341795,97.44000244140624,280
2026-03-18 16:07:00,97.37999725341795,97.5,97.37000274658205,97.41000366210938,520
2026-03-18 16:08:00,97.13999938964844,97.45999908447266,97.0500030517578,97.37000274658205,1674
2026-03-18 16:09:00,97.33999633789062,97.36000061035156,97.11000061035156,97.12999725341795,1146
2026-03-18 16:10:00,97.2300033569336,97.4000015258789,97.20999908447266,97.3499984741211,786
2026-03-18 16:11:00,97.05999755859376,97.23999786376952,97.0500030517578,97.2300033569336,1304
2026-03-18 16:12:00,97.01000213623048,97.08999633789062,96.87000274658205,97.0500030517578,1205
2026-03-18 16:13:00,96.6999969482422,97.02999877929688,96.5999984741211,97.01000213623048,1565
2026-03-18 16:14:00,96.8000030517578,96.81999969482422,96.52999877929688,96.6999969482422,1472
2026-03-18 16:15:00,96.9800033569336,97.04000091552734,96.7699966430664,96.77999877929688,1188
2026-03-18 16:16:00,96.94000244140624,97.0500030517578,96.9000015258789,96.98999786376952,702
2026-03-18 16:17:00,96.98999786376952,97.0199966430664,96.76000213623048,96.95999908447266,981
2026-03-18 16:18:00,96.8499984741211,97.08999633789062,96.83000183105467,96.98999786376952,710
2026-03-18 16:19:00,96.75,96.93000030517578,96.75,96.8499984741211,465
2026-03-18 16:20:00,96.69000244140624,96.7699966430664,96.62000274658205,96.75,745
2026-03-18 16:21:00,96.66000366210938,96.7300033569336,96.56999969482422,96.69000244140624,645
2026-03-18 16:22:00,96.62999725341795,96.6999969482422,96.5999984741211,96.66000366210938,659
2026-03-18 16:23:00,96.73999786376952,96.77999877929688,96.6500015258789,96.66000366210938,335
2026-03-18 16:24:00,96.8000030517578,96.83000183105467,96.6999969482422,96.73999786376952,594
2026-03-18 16:25:00,97.02999877929688,97.04000091552734,96.7300033569336,96.79000091552734,1191
2026-03-18 16:26:00,96.95999908447266,97.0500030517578,96.91999816894533,97.0199966430664,702
2026-03-18 16:27:00,96.97000122070312,97.02999877929688,96.9000015258789,96.95999908447266,475
2026-03-18 16:28:00,96.9000015258789,96.98999786376952,96.87999725341795,96.9499969482422,369
2026-03-18 16:29:00,96.8000030517578,96.91000366210938,96.75,96.88999938964844,820
2026-03-18 16:30:00,96.9800033569336,97.0,96.7699966430664,96.80999755859376,1224
2026-03-18 16:31:00,96.8000030517578,97.04000091552734,96.76000213623048,96.9800033569336,544
2026-03-18 16:32:00,96.8499984741211,96.95999908447266,96.77999877929688,96.81999969482422,400
2026-03-18 16:33:00,97.0999984741211,97.12999725341795,96.8499984741211,96.87000274658205,513
2026-03-18 16:34:00,97.0,97.13999938964844,96.98999786376952,97.08999633789062,343
2026-03-18 16:35:00,97.0999984741211,97.1999969482422,96.9800033569336,96.98999786376952,498
2026-03-18 16:36:00,97.12000274658205,97.16999816894533,97.06999969482422,97.08999633789062,649
2026-03-18 16:37:00,97.12999725341795,97.16999816894533,97.0500030517578,97.12999725341795,277
2026-03-18 16:38:00,97.02999877929688,97.13999938964844,96.93000030517578,97.13999938964844,626
2026-03-18 16:39:00,96.9000015258789,97.0500030517578,96.66000366210938,97.0199966430664,1781
2026-03-18 16:40:00,96.91999816894533,97.08000183105467,96.87999725341795,96.91000366210938,603
2026-03-18 16:41:00,96.88999938964844,96.9800033569336,96.8499984741211,96.93000030517578,361
2026-03-18 16:42:00,96.87000274658205,96.91999816894533,96.76000213623048,96.88999938964844,454
2026-03-18 16:43:00,96.86000061035156,96.94000244140624,96.81999969482422,96.87000274658205,295
2026-03-18 16:44:00,96.8499984741211,96.93000030517578,96.83000183105467,96.87000274658205,316
2026-03-18 16:45:00,96.81999969482422,96.86000061035156,96.7699966430664,96.83999633789062,409
2026-03-18 16:46:00,96.63999938964844,96.81999969482422,96.58000183105467,96.81999969482422,779
2026-03-18 16:47:00,96.68000030517578,96.76000213623048,96.62000274658205,96.62000274658205,331
2026-03-18 16:48:00,96.77999877929688,96.81999969482422,96.62999725341795,96.68000030517578,568
2026-03-18 16:49:00,96.8000030517578,96.86000061035156,96.72000122070312,96.7699966430664,452
2026-03-18 16:50:00,96.88999938964844,96.91000366210938,96.76000213623048,96.8000030517578,561
2026-03-18 16:51:00,96.86000061035156,96.9499969482422,96.81999969482422,96.88999938964844,798
2026-03-18 16:52:00,96.69000244140624,96.94000244140624,96.6500015258789,96.8499984741211,799
2026-03-18 16:53:00,96.6999969482422,96.70999908447266,96.56999969482422,96.70999908447266,658
2026-03-18 16:54:00,96.77999877929688,96.8000030517578,96.62999725341795,96.6999969482422,479
2026-03-18 16:55:00,96.83000183105467,96.83000183105467,96.76000213623048,96.77999877929688,242
2026-03-18 16:56:00,96.79000091552734,96.9000015258789,96.7699966430664,96.83999633789062,289
2026-03-18 16:57:00,96.7699966430664,96.83999633789062,96.68000030517578,96.77999877929688,417
2026-03-18 16:58:00,96.93000030517578,96.9499969482422,96.75,96.76000213623048,259
2026-03-18 16:59:00,97.05999755859376,97.06999969482422,96.9499969482422,96.9499969482422,588
2026-03-18 17:00:00,97.29000091552734,97.29000091552734,97.04000091552734,97.06999969482422,616
2026-03-18 17:01:00,97.27999877929688,97.38999938964844,97.23999786376952,97.2699966430664,914
2026-03-18 17:02:00,97.2699966430664,97.30999755859376,97.22000122070312,97.26000213623048,228
2026-03-18 17:03:00,97.12999725341795,97.2699966430664,97.0999984741211,97.26000213623048,452
2026-03-18 17:04:00,97.1500015258789,97.16999816894533,97.05999755859376,97.11000061035156,204
2026-03-18 17:05:00,97.18000030517578,97.19000244140624,97.05999755859376,97.16000366210938,211
2026-03-18 17:06:00,97.23999786376952,97.2699966430664,97.18000030517578,97.19000244140624,219
2026-03-18 17:07:00,97.1999969482422,97.2699966430664,97.16000366210938,97.25,325
2026-03-18 17:08:00,97.23999786376952,97.2699966430664,97.16000366210938,97.18000030517578,354
2026-03-18 17:09:00,97.25,97.29000091552734,97.18000030517578,97.22000122070312,925
2026-03-18 17:10:00,97.16000366210938,97.25,97.12999725341795,97.25,390
2026-03-18 17:11:00,97.23999786376952,97.29000091552734,97.11000061035156,97.16000366210938,327
2026-03-18 17:12:00,97.23999786376952,97.3000030517578,97.19000244140624,97.2300033569336,277
2026-03-18 17:13:00,97.2300033569336,97.23999786376952,97.12999725341795,97.23999786376952,807
2026-03-18 17:14:00,97.33000183105467,97.37999725341795,97.2300033569336,97.23999786376952,701
2026-03-18 17:15:00,97.31999969482422,97.33999633789062,97.2300033569336,97.31999969482422,396
2026-03-18 17:16:00,97.31999969482422,97.37999725341795,97.23999786376952,97.3000030517578,500
2026-03-18 17:17:00,97.20999908447266,97.33000183105467,97.19000244140624,97.30999755859376,290
2026-03-18 17:18:00,97.1500015258789,97.25,97.12999725341795,97.20999908447266,530
2026-03-18 17:19:00,97.02999877929688,97.1500015258789,96.95999908447266,97.1500015258789,800
2026-03-18 17:20:00,97.0999984741211,97.12000274658205,96.98999786376952,97.02999877929688,527
2026-03-18 17:21:00,96.93000030517578,97.12000274658205,96.87999725341795,97.0999984741211,579
2026-03-18 17:22:00,96.98999786376952,97.0199966430664,96.93000030517578,96.94000244140624,240
2026-03-18 17:23:00,96.86000061035156,96.97000122070312,96.83999633789062,96.97000122070312,899
2026-03-18 17:24:00,96.95999908447266,97.0,96.81999969482422,96.8499984741211,423
2026-03-18 17:25:00,97.01000213623048,97.0500030517578,96.97000122070312,96.97000122070312,350
2026-03-18 17:26:00,97.08000183105467,97.11000061035156,97.0,97.01000213623048,332
2026-03-18 17:27:00,97.16000366210938,97.18000030517578,97.05999755859376,97.08000183105467,272
2026-03-18 17:28:00,97.16999816894533,97.18000030517578,97.12000274658205,97.16999816894533,545
2026-03-18 17:29:00,97.12999725341795,97.23999786376952,97.12000274658205,97.18000030517578,439
2026-03-18 17:30:00,97.19000244140624,97.23999786376952,97.12000274658205,97.12999725341795,414
2026-03-18 17:31:00,97.2699966430664,97.36000061035156,97.13999938964844,97.18000030517578,554
2026-03-18 17:32:00,97.08000183105467,97.2699966430664,97.02999877929688,97.2699966430664,659
2026-03-18 17:33:00,97.12000274658205,97.16000366210938,97.05999755859376,97.08000183105467,263
2026-03-18 17:34:00,97.08000183105467,97.19000244140624,97.0,97.12000274658205,241
2026-03-18 17:35:00,96.87999725341795,97.08999633789062,96.77999877929688,97.08999633789062,824
2026-03-18 17:36:00,96.87999725341795,97.0,96.86000061035156,96.88999938964844,1066
2026-03-18 17:37:00,96.91999816894533,96.94000244140624,96.72000122070312,96.87000274658205,641
2026-03-18 17:38:00,96.75,96.94000244140624,96.6999969482422,96.91999816894533,671
2026-03-18 17:39:00,96.4800033569336,96.76000213623048,96.45999908447266,96.75,1167
2026-03-18 17:40:00,96.30999755859376,96.5199966430664,96.12000274658205,96.48999786376952,1660
2026-03-18 17:41:00,96.22000122070312,96.37000274658205,96.11000061035156,96.33000183105467,1132
2026-03-18 17:42:00,96.27999877929688,96.33999633789062,96.16999816894533,96.22000122070312,575
2026-03-18 17:43:00,96.4000015258789,96.5,96.29000091552734,96.3000030517578,1132
2026-03-18 17:44:00,96.26000213623048,96.41999816894533,96.23999786376952,96.4000015258789,342
2026-03-18 17:45:00,95.91999816894533,96.29000091552734,95.8499984741211,96.26000213623048,2230
2026-03-18 17:46:00,95.7300033569336,95.93000030517578,95.52999877929688,95.91999816894533,1856
2026-03-18 17:47:00,95.4499969482422,95.7699966430664,95.38999938964844,95.7300033569336,1379
2026-03-18 17:48:00,95.69000244140624,95.6999969482422,95.4499969482422,95.45999908447266,1016
2026-03-18 17:49:00,95.87000274658205,96.0,95.5500030517578,95.6999969482422,1662
2026-03-18 17:50:00,95.77999877929688,95.91999816894533,95.77999877929688,95.91000366210938,577
2026-03-18 17:51:00,95.63999938964844,95.8499984741211,95.62000274658205,95.77999877929688,577
2026-03-18 17:52:00,95.75,95.8000030517578,95.6500015258789,95.66000366210938,453
2026-03-18 17:53:00,95.8499984741211,95.94000244140624,95.72000122070312,95.73999786376952,861
2026-03-18 17:54:00,95.68000030517578,95.8499984741211,95.66000366210938,95.83999633789062,678
2026-03-18 17:55:00,95.52999877929688,95.80999755859376,95.48999786376952,95.69000244140624,1078
2026-03-18 17:56:00,95.31999969482422,95.63999938964844,95.2699966430664,95.5199966430664,1104
2026-03-18 17:57:00,95.38999938964844,95.41999816894533,95.22000122070312,95.36000061035156,1084
2026-03-18 17:58:00,95.2300033569336,95.45999908447266,95.1500015258789,95.38999938964844,1107
2026-03-18 17:59:00,95.16999816894533,95.27999877929688,95.01000213623048,95.1999969482422,1211
2026-03-18 18:00:00,94.94000244140624,95.29000091552734,94.70999908447266,95.22000122070312,1758
2026-03-18 18:01:00,94.5500030517578,94.9499969482422,94.20999908447266,94.93000030517578,2755
2026-03-18 18:02:00,94.83999633789062,94.95999908447266,94.52999877929688,94.55999755859376,1416
2026-03-18 18:03:00,94.55999755859376,95.02999877929688,94.5199966430664,94.83000183105467,1160
2026-03-18 18:04:00,94.72000122070312,94.79000091552734,94.5,94.58000183105467,735
2026-03-18 18:05:00,94.62000274658205,94.87999725341795,94.5500030517578,94.7300033569336,4350
2026-03-18 18:06:00,94.54000091552734,94.72000122070312,94.38999938964844,94.62999725341795,3028
2026-03-18 18:07:00,94.93000030517578,94.9499969482422,94.4800033569336,94.5500030517578,2165
2026-03-18 18:08:00,94.91999816894533,94.9800033569336,94.77999877929688,94.93000030517578,1205
2026-03-18 18:09:00,94.97000122070312,95.12000274658205,94.88999938964844,94.91999816894533,1731
2026-03-18 18:10:00,94.87999725341795,94.9800033569336,94.68000030517578,94.97000122070312,1869
2026-03-18 18:11:00,94.79000091552734,94.87999725341795,94.7300033569336,94.87999725341795,939
2026-03-18 18:12:00,94.8000030517578,94.87999725341795,94.75,94.77999877929688,909
2026-03-18 18:13:00,94.72000122070312,94.9000015258789,94.58999633789062,94.80999755859376,1066
2026-03-18 18:14:00,94.91999816894533,95.01000213623048,94.72000122070312,94.73999786376952,1210
2026-03-18 18:15:00,95.47000122070312,95.62000274658205,94.83999633789062,94.9000015258789,3553
2026-03-18 18:16:00,95.63999938964844,95.77999877929688,95.37999725341795,95.4800033569336,2383
2026-03-18 18:17:00,95.66999816894533,95.7300033569336,95.3000030517578,95.66999816894533,1332
2026-03-18 18:18:00,95.79000091552734,95.9499969482422,95.68000030517578,95.68000030517578,1630
2026-03-18 18:19:00,95.63999938964844,95.77999877929688,95.5,95.77999877929688,1046
2026-03-18 18:20:00,95.52999877929688,95.6999969482422,95.43000030517578,95.63999938964844,1146
2026-03-18 18:21:00,95.4000015258789,95.56999969482422,95.33000183105467,95.54000091552734,1389
2026-03-18 18:22:00,95.37000274658205,95.4499969482422,95.30999755859376,95.4000015258789,727
2026-03-18 18:23:00,95.38999938964844,95.43000030517578,95.3499984741211,95.36000061035156,518
2026-03-18 18:24:00,95.36000061035156,95.62999725341795,95.29000091552734,95.37999725341795,1395
2026-03-18 18:25:00,95.72000122070312,95.7300033569336,95.36000061035156,95.36000061035156,883
2026-03-18 18:26:00,95.51000213623048,95.72000122070312,95.4800033569336,95.72000122070312,1042
2026-03-18 18:27:00,95.6999969482422,95.76000213623048,95.4800033569336,95.51000213623048,997
2026-03-18 18:28:00,95.4000015258789,95.68000030517578,95.36000061035156,95.68000030517578,4365
2026-03-18 18:29:00,95.36000061035156,95.48999786376952,95.31999969482422,95.38999938964844,2072
2026-03-18 18:30:00,95.41999816894533,95.47000122070312,95.31999969482422,95.36000061035156,765
2026-03-18 18:31:00,95.4800033569336,95.5199966430664,95.26000213623048,95.41999816894533,860
2026-03-18 18:32:00,95.6999969482422,95.6999969482422,95.45999908447266,95.5,568
2026-03-18 18:33:00,95.88999938964844,95.9499969482422,95.68000030517578,95.68000030517578,662
2026-03-18 18:34:00,96.1999969482422,96.4000015258789,95.88999938964844,95.88999938964844,2323
2026-03-18 18:35:00,96.16000366210938,96.5,96.0500030517578,96.1999969482422,1829
2026-03-18 18:36:00,96.18000030517578,96.3499984741211,96.11000061035156,96.16999816894533,1039
2026-03-18 18:37:00,96.22000122070312,96.2300033569336,95.83999633789062,96.16999816894533,1486
2026-03-18 18:38:00,96.33999633789062,96.41999816894533,96.1999969482422,96.22000122070312,640
2026-03-18 18:39:00,96.33000183105467,96.41000366210938,96.23999786376952,96.33000183105467,588
2026-03-18 18:40:00,96.38999938964844,96.38999938964844,96.2699966430664,96.30999755859376,270
2026-03-18 18:41:00,96.19000244140624,96.5,96.12999725341795,96.4000015258789,952
2026-03-18 18:42:00,96.23999786376952,96.3000030517578,96.01000213623048,96.16000366210938,524
2026-03-18 18:43:00,96.16000366210938,96.23999786376952,96.06999969482422,96.2300033569336,256
2026-03-18 18:44:00,96.23999786376952,96.27999877929688,96.16000366210938,96.16999816894533,166
2026-03-18 18:45:00,96.1999969482422,96.29000091552734,96.12999725341795,96.23999786376952,272
2026-03-18 18:46:00,96.27999877929688,96.33000183105467,96.19000244140624,96.19000244140624,350
2026-03-18 18:47:00,96.2699966430664,96.29000091552734,96.1999969482422,96.29000091552734,250
2026-03-18 18:48:00,96.31999969482422,96.33999633789062,96.25,96.26000213623048,118
2026-03-18 18:49:00,96.27999877929688,96.38999938964844,96.27999877929688,96.31999969482422,356
2026-03-18 18:50:00,96.30999755859376,96.4000015258789,96.25,96.2699966430664,422
2026-03-18 18:51:00,96.29000091552734,96.37999725341795,96.12999725341795,96.3000030517578,408
2026-03-18 18:52:00,96.1999969482422,96.3499984741211,96.16999816894533,96.29000091552734,202
2026-03-18 18:53:00,96.25,96.2699966430664,96.22000122070312,96.22000122070312,136
2026-03-18 18:54:00,96.29000091552734,96.38999938964844,96.2699966430664,96.2699966430664,298
2026-03-18 18:55:00,96.0500030517578,96.3499984741211,95.88999938964844,96.3000030517578,1198
2026-03-18 18:56:00,96.20999908447266,96.22000122070312,96.04000091552734,96.08000183105467,638
2026-03-18 18:57:00,96.19000244140624,96.20999908447266,96.08000183105467,96.20999908447266,257
2026-03-18 18:58:00,96.26000213623048,96.29000091552734,96.16000366210938,96.18000030517578,180
2026-03-18 18:59:00,96.29000091552734,96.33000183105467,96.25,96.2699966430664,145
2026-03-18 19:00:00,96.37999725341795,96.37999725341795,96.27999877929688,96.3000030517578,199
2026-03-18 19:01:00,96.47000122070312,96.5500030517578,96.37000274658205,96.37999725341795,379
2026-03-18 19:02:00,96.48999786376952,96.52999877929688,96.44000244140624,96.45999908447266,220
2026-03-18 19:03:00,96.52999877929688,96.54000091552734,96.47000122070312,96.5,230
2026-03-18 19:04:00,96.45999908447266,96.54000091552734,96.44000244140624,96.5199966430664,325
2026-03-18 19:05:00,96.52999877929688,96.54000091552734,96.43000030517578,96.4800033569336,229
2026-03-18 19:06:00,96.41999816894533,96.58000183105467,96.36000061035156,96.54000091552734,251
2026-03-18 19:07:00,96.45999908447266,96.5,96.41999816894533,96.43000030517578,218
2026-03-18 19:08:00,96.36000061035156,96.47000122070312,96.1999969482422,96.47000122070312,538
2026-03-18 19:09:00,96.2300033569336,96.38999938964844,95.87000274658205,96.37999725341795,1228
2026-03-18 19:10:00,96.36000061035156,96.37999725341795,96.18000030517578,96.22000122070312,401
2026-03-18 19:11:00,96.36000061035156,96.4000015258789,96.30999755859376,96.33999633789062,195
2026-03-18 19:12:00,96.4000015258789,96.4499969482422,96.31999969482422,96.3499984741211,239
2026-03-18 19:13:00,96.33999633789062,96.4000015258789,96.3000030517578,96.38999938964844,142
2026-03-18 19:14:00,96.36000061035156,96.38999938964844,96.33999633789062,96.3499984741211,202
2026-03-18 19:15:00,96.37999725341795,96.41000366210938,96.3499984741211,96.37999725341795,240
2026-03-18 19:16:00,96.45999908447266,96.51000213623048,96.36000061035156,96.37999725341795,483
2026-03-18 19:17:00,96.5,96.5500030517578,96.45999908447266,96.45999908447266,401
2026-03-18 19:18:00,96.48999786376952,96.52999877929688,96.47000122070312,96.48999786376952,156
2026-03-18 19:19:00,96.66999816894533,96.69000244140624,96.48999786376952,96.5199966430664,341
2026-03-18 19:20:00,96.86000061035156,96.88999938964844,96.66000366210938,96.6999969482422,436
2026-03-18 19:21:00,96.91000366210938,97.0,96.8499984741211,96.87000274658205,537
2026-03-18 19:22:00,97.0500030517578,97.05999755859376,96.7300033569336,96.9000015258789,588
2026-03-18 19:23:00,97.0500030517578,97.12000274658205,96.97000122070312,97.05999755859376,755
2026-03-18 19:24:00,97.06999969482422,97.0999984741211,97.0,97.04000091552734,504
2026-03-18 19:25:00,97.06999969482422,97.1999969482422,97.01000213623048,97.08000183105467,259
2026-03-18 19:26:00,97.08999633789062,97.12000274658205,96.97000122070312,97.06999969482422,290
2026-03-18 19:27:00,96.9499969482422,97.12999725341795,96.87999725341795,97.05999755859376,533
2026-03-18 19:28:00,97.0,97.0199966430664,96.93000030517578,96.94000244140624,229
2026-03-18 19:29:00,97.0,97.06999969482422,96.87000274658205,97.01000213623048,593
2026-03-18 19:30:00,96.95999908447266,97.0500030517578,96.93000030517578,97.01000213623048,215
2026-03-18 19:31:00,96.97000122070312,97.01000213623048,96.93000030517578,96.9499969482422,253
2026-03-18 19:32:00,97.02999877929688,97.06999969482422,96.91999816894533,96.95999908447266,185
2026-03-18 19:33:00,97.02999877929688,97.11000061035156,97.0,97.0199966430664,218
2026-03-18 19:34:00,97.04000091552734,97.0999984741211,97.04000091552734,97.04000091552734,97
2026-03-18 19:35:00,97.08999633789062,97.11000061035156,97.01000213623048,97.04000091552734,117
2026-03-18 19:36:00,97.16000366210938,97.19000244140624,97.08000183105467,97.0999984741211,184
2026-03-18 19:37:00,97.06999969482422,97.18000030517578,97.0,97.16999816894533,342
2026-03-18 19:38:00,97.13999938964844,97.13999938964844,97.02999877929688,97.05999755859376,74
2026-03-18 19:39:00,97.19000244140624,97.27999877929688,97.08999633789062,97.12999725341795,388
2026-03-18 19:40:00,97.25,97.2699966430664,97.18000030517578,97.19000244140624,189
2026-03-18 19:41:00,97.31999969482422,97.33000183105467,97.20999908447266,97.26000213623048,613
2026-03-18 19:42:00,97.44000244140624,97.4800033569336,97.27999877929688,97.31999969482422,418
2026-03-18 19:43:00,97.54000091552734,97.66000366210938,97.44000244140624,97.44000244140624,952
2026-03-18 19:44:00,97.69000244140624,97.70999908447266,97.48999786376952,97.54000091552734,797
2026-03-18 19:45:00,97.70999908447266,97.76000213623048,97.66999816894533,97.68000030517578,465
2026-03-18 19:46:00,97.61000061035156,97.72000122070312,97.54000091552734,97.6999969482422,327
2026-03-18 19:47:00,97.68000030517578,97.77999877929688,97.56999969482422,97.5999984741211,358
2026-03-18 19:48:00,97.6500015258789,97.76000213623048,97.6500015258789,97.66999816894533,300
2026-03-18 19:49:00,97.69000244140624,97.72000122070312,97.58999633789062,97.6500015258789,307
2026-03-18 19:50:00,97.83000183105467,97.8499984741211,97.66999816894533,97.68000030517578,506
2026-03-18 19:51:00,97.7300033569336,97.8499984741211,97.72000122070312,97.83000183105467,362
2026-03-18 19:52:00,97.7300033569336,97.75,97.62999725341795,97.7300033569336,267
2026-03-18 19:53:00,97.77999877929688,97.80999755859376,97.69000244140624,97.72000122070312,316
2026-03-18 19:54:00,97.94000244140624,98.0,97.7699966430664,97.77999877929688,674
2026-03-18 19:55:00,97.91000366210938,97.9499969482422,97.81999969482422,97.93000030517578,520
2026-03-18 19:56:00,97.87000274658205,97.9000015258789,97.75,97.88999938964844,376
2026-03-18 19:57:00,97.80999755859376,97.87999725341795,97.66000366210938,97.87999725341795,361
2026-03-18 19:58:00,97.69000244140624,97.8000030517578,97.66000366210938,97.8000030517578,242
2026-03-18 19:59:00,97.66999816894533,97.8000030517578,97.62999725341795,97.68000030517578,320
2026-03-18 20:00:00,97.68000030517578,97.76000213623048,97.62999725341795,97.68000030517578,338
2026-03-18 20:01:00,97.63999938964844,97.7300033569336,97.5999984741211,97.69000244140624,205
2026-03-18 20:02:00,97.63999938964844,97.66000366210938,97.58000183105467,97.62999725341795,99
2026-03-18 20:03:00,97.8000030517578,97.83000183105467,97.6500015258789,97.66000366210938,260
2026-03-18 20:04:00,97.7300033569336,97.80999755859376,97.70999908447266,97.79000091552734,107
2026-03-18 20:05:00,97.76000213623048,97.80999755859376,97.73999786376952,97.76000213623048,178
2026-03-18 20:06:00,97.83999633789062,97.87999725341795,97.73999786376952,97.75,184
2026-03-18 20:07:00,97.9000015258789,97.93000030517578,97.83000183105467,97.83999633789062,277
2026-03-18 20:08:00,98.0,98.0,97.87000274658205,97.9000015258789,297
2026-03-18 20:09:00,98.04000091552734,98.06999969482422,97.97000122070312,97.9800033569336,433
2026-03-18 20:10:00,98.30999755859376,98.30999755859376,98.0,98.02999877929688,926
2026-03-18 20:11:00,98.25,98.3499984741211,98.22000122070312,98.30999755859376,346
2026-03-18 20:12:00,98.5999984741211,98.62000274658205,98.22000122070312,98.25,910
2026-03-18 20:13:00,98.69000244140624,98.72000122070312,98.56999969482422,98.58999633789062,564
2026-03-18 20:14:00,98.6999969482422,98.7300033569336,98.58999633789062,98.69000244140624,352
2026-03-18 20:15:00,98.8000030517578,98.81999969482422,98.68000030517578,98.6999969482422,690
2026-03-18 20:16:00,98.81999969482422,98.98999786376952,98.7699966430664,98.8000030517578,740
2026-03-18 20:17:00,98.95999908447266,99.06999969482422,98.8000030517578,98.83000183105467,760
2026-03-18 20:18:00,99.04000091552734,99.06999969482422,98.93000030517578,98.95999908447266,322
2026-03-18 20:19:00,99.11000061035156,99.12000274658205,98.98999786376952,99.02999877929688,322
2026-03-18 20:20:00,98.95999908447266,99.16000366210938,98.86000061035156,99.12999725341795,681
2026-03-18 20:21:00,98.7699966430664,98.9499969482422,98.56999969482422,98.9499969482422,726
2026-03-18 20:22:00,98.8000030517578,98.8499984741211,98.56999969482422,98.79000091552734,852
2026-03-18 20:23:00,98.79000091552734,98.93000030517578,98.77999877929688,98.8000030517578,446
2026-03-18 20:24:00,99.01000213623048,99.05999755859376,98.76000213623048,98.7699966430664,441
2026-03-18 20:25:00,99.06999969482422,99.08999633789062,98.9000015258789,99.0199966430664,695
2026-03-18 20:26:00,98.9800033569336,99.0999984741211,98.9499969482422,99.08999633789062,199
2026-03-18 20:27:00,98.94000244140624,99.0,98.87000274658205,98.95999908447266,204
2026-03-18 20:28:00,98.94000244140624,99.0,98.86000061035156,98.93000030517578,229
2026-03-18 20:29:00,99.06999969482422,99.08000183105467,98.88999938964844,98.93000030517578,224
2026-03-18 20:30:00,99.23999786376952,99.36000061035156,99.04000091552734,99.08999633789062,640
2026-03-18 20:31:00,99.2699966430664,99.3000030517578,99.12000274658205,99.25,199
2026-03-18 20:32:00,99.4000015258789,99.4499969482422,99.26000213623048,99.2699966430664,295
2026-03-18 20:33:00,99.30999755859376,99.41000366210938,99.20999908447266,99.4000015258789,208
2026-03-18 20:34:00,99.43000030517578,99.52999877929688,99.29000091552734,99.29000091552734,322
2026-03-18 20:35:00,99.23999786376952,99.43000030517578,99.1999969482422,99.41999816894533,197
2026-03-18 20:36:00,99.45999908447266,99.45999908447266,99.16999816894533,99.20999908447266,383
2026-03-18 20:37:00,99.58000183105467,99.5999984741211,99.41000366210938,99.4499969482422,756
2026-03-18 20:38:00,99.66000366210938,99.77999877929688,99.58000183105467,99.58000183105467,561
2026-03-18 20:39:00,99.5,99.66999816894533,99.45999908447266,99.62999725341795,253
2026-03-18 20:40:00,99.6500015258789,99.66999816894533,99.41000366210938,99.51000213623048,225
2026-03-18 20:41:00,99.4499969482422,99.7300033569336,99.44000244140624,99.62999725341795,668
2026-03-18 20:42:00,99.41000366210938,99.45999908447266,99.33999633789062,99.43000030517578,442
2026-03-18 20:43:00,99.36000061035156,99.44000244140624,99.33999633789062,99.4000015258789,252
2026-03-18 20:44:00,99.4499969482422,99.5,99.3499984741211,99.3499984741211,216
2026-03-18 20:45:00,99.08999633789062,99.48999786376952,99.06999969482422,99.4499969482422,342
2026-03-18 20:46:00,98.97000122070312,99.0999984741211,98.83000183105467,99.08000183105467,803
2026-03-18 20:47:00,99.18000030517578,99.26000213623048,98.95999908447266,98.95999908447266,344
2026-03-18 20:48:00,99.18000030517578,99.25,99.1500015258789,99.20999908447266,134
2026-03-18 20:49:00,99.16000366210938,99.22000122070312,99.0999984741211,99.19000244140624,193
2026-03-18 20:50:00,99.2300033569336,99.2699966430664,99.0999984741211,99.12000274658205,234
2026-03-18 20:51:00,99.1500015258789,99.2300033569336,99.06999969482422,99.2300033569336,628
2026-03-18 20:52:00,99.0999984741211,99.19000244140624,99.08999633789062,99.12999725341795,218
2026-03-18 20:53:00,99.0500030517578,99.1999969482422,99.01000213623048,99.08999633789062,238
2026-03-18 20:54:00,98.8499984741211,99.05999755859376,98.83000183105467,99.05999755859376,409
2026-03-18 20:55:00,98.88999938964844,98.98999786376952,98.83999633789062,98.83999633789062,402
2026-03-18 20:56:00,99.08000183105467,99.0999984741211,98.87000274658205,98.9000015258789,128
2026-03-18 20:57:00,99.16000366210938,99.1999969482422,99.08000183105467,99.08000183105467,350
2026-03-18 20:58:00,99.08000183105467,99.18000030517578,99.0500030517578,99.16000366210938,364
2026-03-18 20:59:00,99.0500030517578,99.08999633789062,98.98999786376952,99.08000183105467,255
2026-03-18 22:00:00,97.66999816894533,98.5999984741211,97.5999984741211,98.05999755859376,0
2026-03-18 22:01:00,98.62000274658205,98.69000244140624,97.61000061035156,97.62000274658205,432
2026-03-18 22:02:00,98.55999755859376,98.68000030517578,98.4499969482422,98.58000183105467,280
2026-03-18 22:03:00,98.38999938964844,98.58999633789062,98.31999969482422,98.51000213623048,157
2026-03-18 22:04:00,98.44000244140624,98.4800033569336,98.02999877929688,98.33999633789062,187
2026-03-18 22:05:00,98.54000091552734,98.58000183105467,98.31999969482422,98.38999938964844,89
2026-03-18 22:06:00,98.4000015258789,98.56999969482422,98.36000061035156,98.54000091552734,191
2026-03-18 22:07:00,98.31999969482422,98.4499969482422,98.31999969482422,98.37000274658205,60
2026-03-18 22:08:00,98.1999969482422,98.36000061035156,98.1500015258789,98.36000061035156,78
2026-03-18 22:09:00,98.30999755859376,98.43000030517578,98.1500015258789,98.19000244140624,105
2026-03-18 22:10:00,98.26000213623048,98.43000030517578,98.26000213623048,98.36000061035156,60
2026-03-18 22:11:00,98.2300033569336,98.36000061035156,98.2300033569336,98.25,117
2026-03-18 22:12:00,98.3000030517578,98.3000030517578,98.16999816894533,98.2300033569336,80
2026-03-18 22:13:00,98.4000015258789,98.5500030517578,98.3000030517578,98.3000030517578,257
2026-03-18 22:14:00,98.4800033569336,98.48999786376952,98.36000061035156,98.4000015258789,52
2026-03-18 22:15:00,98.44000244140624,98.4499969482422,98.37000274658205,98.44000244140624,47
2026-03-18 22:16:00,98.4000015258789,98.41999816894533,98.4000015258789,98.41000366210938,28
2026-03-18 22:17:00,98.43000030517578,98.44000244140624,98.38999938964844,98.4000015258789,26
2026-03-18 22:18:00,98.37000274658205,98.4499969482422,98.37000274658205,98.41000366210938,54
2026-03-18 22:19:00,98.06999969482422,98.36000061035156,97.9499969482422,98.3499984741211,181
2026-03-18 22:20:00,98.18000030517578,98.25,98.05999755859376,98.06999969482422,113
2026-03-18 22:21:00,98.33000183105467,98.36000061035156,98.1500015258789,98.20999908447266,49
2026-03-18 22:22:00,98.26000213623048,98.4000015258789,98.26000213623048,98.3000030517578,85
2026-03-18 22:23:00,98.0999984741211,98.20999908447266,98.0999984741211,98.20999908447266,49
2026-03-18 22:24:00,97.86000061035156,98.06999969482422,97.83999633789062,98.05999755859376,135
2026-03-18 22:25:00,97.88999938964844,97.94000244140624,97.6500015258789,97.83000183105467,176
2026-03-18 22:26:00,98.0500030517578,98.08999633789062,97.87999725341795,97.9000015258789,306
2026-03-18 22:27:00,98.1999969482422,98.2300033569336,98.0500030517578,98.0500030517578,56
2026-03-18 22:28:00,98.2300033569336,98.25,98.1500015258789,98.1999969482422,66
2026-03-18 22:29:00,98.20999908447266,98.23999786376952,98.1500015258789,98.1999969482422,34
2026-03-18 22:30:00,98.31999969482422,98.31999969482422,98.20999908447266,98.22000122070312,62
2026-03-18 22:31:00,98.27999877929688,98.37999725341795,98.27999877929688,98.3000030517578,72
2026-03-18 22:32:00,98.33000183105467,98.33000183105467,98.25,98.25,33
2026-03-18 22:33:00,98.29000091552734,98.3499984741211,98.2699966430664,98.31999969482422,62
2026-03-18 22:34:00,98.08999633789062,98.29000091552734,98.02999877929688,98.29000091552734,133
2026-03-18 22:35:00,98.06999969482422,98.1500015258789,97.97000122070312,98.06999969482422,108
2026-03-18 22:36:00,98.05999755859376,98.0999984741211,98.0199966430664,98.0500030517578,81
2026-03-18 22:37:00,98.12000274658205,98.13999938964844,98.06999969482422,98.06999969482422,39
2026-03-18 22:38:00,98.12000274658205,98.12999725341795,98.11000061035156,98.12999725341795,60
2026-03-18 22:39:00,98.11000061035156,98.12000274658205,98.05999755859376,98.0999984741211,45
2026-03-18 22:40:00,98.08999633789062,98.12999725341795,98.06999969482422,98.11000061035156,58
2026-03-18 22:41:00,98.06999969482422,98.12000274658205,98.06999969482422,98.08000183105467,33
2026-03-18 22:42:00,97.9000015258789,98.13999938964844,97.87999725341795,98.0500030517578,253
2026-03-18 22:43:00,97.80999755859376,97.9000015258789,97.76000213623048,97.87000274658205,173
2026-03-18 22:44:00,97.83000183105467,97.88999938964844,97.70999908447266,97.8000030517578,83
2026-03-18 22:45:00,97.91000366210938,97.91000366210938,97.76000213623048,97.9000015258789,59
2026-03-18 22:46:00,97.86000061035156,97.9499969482422,97.8499984741211,97.93000030517578,43
2026-03-18 22:47:00,97.94000244140624,97.97000122070312,97.86000061035156,97.87000274658205,50
2026-03-18 22:48:00,97.9000015258789,97.94000244140624,97.9000015258789,97.94000244140624,21
2026-03-18 22:49:00,97.9499969482422,97.9800033569336,97.8499984741211,97.91000366210938,130
2026-03-18 22:50:00,97.93000030517578,97.97000122070312,97.87999725341795,97.97000122070312,68
2026-03-18 22:51:00,98.1500015258789,98.16999816894533,97.9499969482422,97.9499969482422,163
2026-03-18 22:52:00,98.06999969482422,98.12999725341795,98.05999755859376,98.12999725341795,40
2026-03-18 22:53:00,98.05999755859376,98.08000183105467,98.01000213623048,98.08000183105467,35
2026-03-18 22:54:00,98.08999633789062,98.13999938964844,98.02999877929688,98.02999877929688,45
2026-03-18 22:55:00,98.16999816894533,98.16999816894533,98.05999755859376,98.05999755859376,50
2026-03-18 22:56:00,98.12000274658205,98.1999969482422,98.08999633789062,98.16999816894533,75
2026-03-18 22:57:00,98.1999969482422,98.1999969482422,98.12000274658205,98.12000274658205,37
2026-03-18 22:58:00,98.20999908447266,98.2300033569336,98.13999938964844,98.1500015258789,39
2026-03-18 22:59:00,98.19000244140624,98.23999786376952,98.19000244140624,98.1999969482422,23
2026-03-18 23:00:00,98.1500015258789,98.16999816894533,98.11000061035156,98.16999816894533,23
2026-03-18 23:01:00,98.2699966430664,98.27999877929688,98.18000030517578,98.18000030517578,28
2026-03-18 23:02:00,98.31999969482422,98.44000244140624,98.23999786376952,98.27999877929688,202
2026-03-18 23:03:00,98.36000061035156,98.37999725341795,98.33000183105467,98.33999633789062,26
2026-03-18 23:04:00,98.37000274658205,98.45999908447266,98.33999633789062,98.3499984741211,123
2026-03-18 23:05:00,98.33999633789062,98.37000274658205,98.27999877929688,98.3499984741211,45
2026-03-18 23:06:00,98.3000030517578,98.38999938964844,98.29000091552734,98.33999633789062,62
2026-03-18 23:07:00,98.26000213623048,98.29000091552734,98.23999786376952,98.27999877929688,20
2026-03-18 23:08:00,98.33000183105467,98.3499984741211,98.26000213623048,98.29000091552734,45
2026-03-18 23:09:00,98.26000213623048,98.29000091552734,98.23999786376952,98.29000091552734,29
2026-03-18 23:10:00,98.44000244140624,98.4800033569336,98.2699966430664,98.27999877929688,143
2026-03-18 23:11:00,98.43000030517578,98.4499969482422,98.38999938964844,98.44000244140624,40
2026-03-18 23:12:00,98.43000030517578,98.47000122070312,98.41000366210938,98.44000244140624,49
2026-03-18 23:13:00,98.37000274658205,98.44000244140624,98.36000061035156,98.41000366210938,92
2026-03-18 23:14:00,98.36000061035156,98.51000213623048,98.33999633789062,98.37999725341795,210
2026-03-18 23:15:00,98.36000061035156,98.41000366210938,98.31999969482422,98.3499984741211,64
2026-03-18 23:16:00,98.37000274658205,98.41000366210938,98.36000061035156,98.38999938964844,44
2026-03-18 23:17:00,98.25,98.38999938964844,98.20999908447266,98.37999725341795,95
2026-03-18 23:18:00,98.30999755859376,98.33999633789062,98.25,98.25,34
2026-03-18 23:19:00,98.37999725341795,98.38999938964844,98.29000091552734,98.29000091552734,27
2026-03-18 23:20:00,98.45999908447266,98.5,98.3000030517578,98.36000061035156,154
2026-03-18 23:21:00,98.51000213623048,98.58999633789062,98.41999816894533,98.45999908447266,1038
2026-03-18 23:22:00,98.38999938964844,98.54000091552734,98.38999938964844,98.5199966430664,66
2026-03-18 23:23:00,98.19000244140624,98.43000030517578,98.08999633789062,98.41999816894533,172
2026-03-18 23:24:00,98.19000244140624,98.29000091552734,98.1500015258789,98.1999969482422,113
2026-03-18 23:25:00,98.25,98.3000030517578,98.12999725341795,98.16000366210938,87
2026-03-18 23:26:00,98.16999816894533,98.31999969482422,98.12000274658205,98.27999877929688,105
2026-03-18 23:27:00,98.12999725341795,98.22000122070312,98.12000274658205,98.20999908447266,24
2026-03-18 23:28:00,98.23999786376952,98.26000213623048,98.13999938964844,98.1500015258789,68
2026-03-18 23:29:00,98.13999938964844,98.23999786376952,98.13999938964844,98.20999908447266,26
2026-03-18 23:30:00,98.2699966430664,98.2699966430664,98.13999938964844,98.16999816894533,30
2026-03-18 23:31:00,98.30999755859376,98.30999755859376,98.26000213623048,98.26000213623048,27
2026-03-18 23:32:00,98.27999877929688,98.33000183105467,98.27999877929688,98.27999877929688,33
2026-03-18 23:33:00,98.20999908447266,98.27999877929688,98.20999908447266,98.26000213623048,15
2026-03-18 23:34:00,98.25,98.25,98.20999908447266,98.20999908447266,36
2026-03-18 23:35:00,98.12999725341795,98.30999755859376,98.12000274658205,98.25,74
2026-03-18 23:36:00,98.18000030517578,98.18000030517578,98.0999984741211,98.1500015258789,67
2026-03-18 23:37:00,98.0500030517578,98.16999816894533,97.94000244140624,98.1500015258789,226
2026-03-18 23:38:00,97.98999786376952,98.19000244140624,97.9800033569336,98.05999755859376,177
2026-03-18 23:39:00,97.9800033569336,98.06999969482422,97.95999908447266,98.04000091552734,45
2026-03-18 23:40:00,97.91000366210938,98.01000213623048,97.88999938964844,97.95999908447266,86
2026-03-18 23:41:00,97.5199966430664,97.94000244140624,97.5,97.94000244140624,450
2026-03-18 23:42:00,97.58999633789062,97.63999938964844,97.33000183105467,97.5500030517578,345
2026-03-18 23:43:00,97.70999908447266,97.72000122070312,97.5,97.58999633789062,123
2026-03-18 23:44:00,98.02999877929688,98.16000366210938,97.66000366210938,97.73999786376952,427
2026-03-18 23:45:00,98.16000366210938,98.5,97.98999786376952,98.0199966430664,608
2026-03-18 23:46:00,97.9800033569336,98.31999969482422,97.88999938964844,98.16999816894533,259
2026-03-18 23:47:00,98.4000015258789,98.44000244140624,97.9800033569336,97.9800033569336,383
2026-03-18 23:48:00,98.22000122070312,98.41000366210938,98.22000122070312,98.38999938964844,64
2026-03-18 23:49:00,98.23999786376952,98.3499984741211,98.0999984741211,98.2699966430664,90
2026-03-18 23:50:00,98.5500030517578,98.58000183105467,98.20999908447266,98.20999908447266,342
2026-03-18 23:51:00,98.41000366210938,98.58000183105467,98.38999938964844,98.52999877929688,113
2026-03-18 23:52:00,98.4000015258789,98.47000122070312,98.30999755859376,98.41000366210938,123
2026-03-18 23:53:00,98.48999786376952,98.51000213623048,98.4000015258789,98.4000015258789,77
2026-03-18 23:54:00,98.51000213623048,98.5500030517578,98.4499969482422,98.5,78
2026-03-18 23:55:00,98.4800033569336,98.48999786376952,98.43000030517578,98.48999786376952,31
2026-03-18 23:56:00,98.5,98.54000091552734,98.4800033569336,98.48999786376952,92
2026-03-18 23:57:00,98.36000061035156,98.48999786376952,98.33999633789062,98.4800033569336,77
2026-03-18 23:58:00,98.3000030517578,98.44000244140624,98.25,98.36000061035156,86
2026-03-18 23:59:00,98.3000030517578,98.31999969482422,98.2300033569336,98.3000030517578,81
2026-03-19 00:00:00,98.94000244140624,99.06999969482422,98.23999786376952,98.30999755859376,1340
2026-03-19 00:01:00,98.98999786376952,99.04000091552734,98.8000030517578,98.94000244140624,841
2026-03-19 00:02:00,98.87999725341795,99.16999816894533,98.83999633789062,98.98999786376952,789
2026-03-19 00:03:00,98.6500015258789,98.91000366210938,98.61000061035156,98.88999938964844,495
2026-03-19 00:04:00,98.52999877929688,98.72000122070312,98.4800033569336,98.66000366210938,507
2026-03-19 00:05:00,98.37000274658205,98.55999755859376,98.26000213623048,98.54000091552734,368
2026-03-19 00:06:00,98.4000015258789,98.51000213623048,98.30999755859376,98.4000015258789,270
2026-03-19 00:07:00,98.5199966430664,98.62000274658205,98.41999816894533,98.41999816894533,198
2026-03-19 00:08:00,98.4499969482422,98.5500030517578,98.41000366210938,98.51000213623048,226
2026-03-19 00:09:00,98.70999908447266,98.70999908447266,98.4499969482422,98.4800033569336,157
2026-03-19 00:10:00,99.02999877929688,99.12000274658205,98.63999938964844,98.69000244140624,651
2026-03-19 00:11:00,98.91000366210938,99.0999984741211,98.87000274658205,99.01000213623048,400
2026-03-19 00:12:00,98.62999725341795,98.94000244140624,98.55999755859376,98.94000244140624,457
2026-03-19 00:13:00,98.4800033569336,98.63999938964844,98.4499969482422,98.5999984741211,221
2026-03-19 00:14:00,98.51000213623048,98.5500030517578,98.45999908447266,98.4800033569336,151
2026-03-19 00:15:00,98.36000061035156,98.48999786376952,98.31999969482422,98.48999786376952,227
2026-03-19 00:16:00,98.23999786376952,98.41999816894533,98.16000366210938,98.4000015258789,277
2026-03-19 00:17:00,98.5,98.51000213623048,98.25,98.25,166
2026-03-19 00:18:00,98.58999633789062,98.6500015258789,98.4800033569336,98.48999786376952,197
2026-03-19 00:19:00,98.45999908447266,98.66999816894533,98.45999908447266,98.5999984741211,268
2026-03-19 00:20:00,98.63999938964844,98.66999816894533,98.44000244140624,98.4800033569336,175
2026-03-19 00:21:00,98.91000366210938,98.93000030517578,98.62000274658205,98.6500015258789,413
2026-03-19 00:22:00,98.94000244140624,99.0,98.76000213623048,98.91999816894533,324
2026-03-19 00:23:00,98.94000244140624,99.0199966430664,98.88999938964844,98.9499969482422,200
2026-03-19 00:24:00,98.9499969482422,98.98999786376952,98.88999938964844,98.9499969482422,206
2026-03-19 00:25:00,98.8499984741211,99.01000213623048,98.8000030517578,98.95999908447266,193
2026-03-19 00:26:00,98.6500015258789,98.87000274658205,98.6500015258789,98.86000061035156,263
2026-03-19 00:27:00,98.62999725341795,98.69000244140624,98.55999755859376,98.63999938964844,173
2026-03-19 00:28:00,98.62999725341795,98.69000244140624,98.55999755859376,98.6500015258789,174
2026-03-19 00:29:00,98.55999755859376,98.73999786376952,98.52999877929688,98.63999938964844,266
2026-03-19 00:30:00,98.5199966430664,98.62999725341795,98.47000122070312,98.5500030517578,102
2026-03-19 00:31:00,98.61000061035156,98.62999725341795,98.4800033569336,98.5199966430664,140
2026-03-19 00:32:00,98.73999786376952,98.8000030517578,98.58999633789062,98.58999633789062,165
2026-03-19 00:33:00,98.80999755859376,98.93000030517578,98.73999786376952,98.76000213623048,211
2026-03-19 00:34:00,98.8499984741211,98.88999938964844,98.8000030517578,98.8000030517578,132
2026-03-19 00:35:00,98.9000015258789,98.93000030517578,98.83999633789062,98.83999633789062,95
2026-03-19 00:36:00,98.77999877929688,98.9800033569336,98.75,98.9000015258789,203
2026-03-19 00:37:00,98.79000091552734,98.81999969482422,98.7300033569336,98.76000213623048,92
2026-03-19 00:38:00,98.94000244140624,98.9499969482422,98.76000213623048,98.79000091552734,109
2026-03-19 00:39:00,98.9499969482422,98.9800033569336,98.9000015258789,98.91999816894533,83
2026-03-19 00:40:00,98.88999938964844,98.9800033569336,98.87000274658205,98.95999908447266,174
2026-03-19 00:41:00,98.81999969482422,98.94000244140624,98.8000030517578,98.87000274658205,128
2026-03-19 00:42:00,98.9000015258789,98.91999816894533,98.73999786376952,98.79000091552734,151
2026-03-19 00:43:00,98.83000183105467,98.98999786376952,98.80999755859376,98.88999938964844,172
2026-03-19 00:44:00,98.7699966430664,98.8499984741211,98.7300033569336,98.8499984741211,178
2026-03-19 00:45:00,98.66000366210938,98.76000213623048,98.62000274658205,98.76000213623048,150
2026-03-19 00:46:00,98.66999816894533,98.6999969482422,98.5199966430664,98.63999938964844,142
2026-03-19 00:47:00,98.73999786376952,98.76000213623048,98.5500030517578,98.66000366210938,191
2026-03-19 00:48:00,98.69000244140624,98.7300033569336,98.66999816894533,98.70999908447266,142
2026-03-19 00:49:00,98.44000244140624,98.6999969482422,98.4000015258789,98.68000030517578,307
2026-03-19 00:50:00,98.25,98.45999908447266,98.22000122070312,98.45999908447266,336
2026-03-19 00:51:00,98.3000030517578,98.33999633789062,98.19000244140624,98.23999786376952,155
2026-03-19 00:52:00,98.4499969482422,98.4499969482422,98.25,98.25,157
2026-03-19 00:53:00,98.2699966430664,98.51000213623048,98.25,98.4499969482422,177
2026-03-19 00:54:00,98.25,98.2699966430664,98.19000244140624,98.25,102
2026-03-19 00:55:00,98.31999969482422,98.33999633789062,98.1999969482422,98.26000213623048,158
2026-03-19 00:56:00,98.37000274658205,98.4499969482422,98.27999877929688,98.36000061035156,386
2026-03-19 00:57:00,98.4000015258789,98.45999908447266,98.36000061035156,98.37000274658205,119
2026-03-19 00:58:00,98.61000061035156,98.62000274658205,98.38999938964844,98.41999816894533,147
2026-03-19 00:59:00,98.36000061035156,98.58000183105467,98.3499984741211,98.55999755859376,209
2026-03-19 01:00:00,98.55999755859376,98.66000366210938,98.27999877929688,98.36000061035156,517
2026-03-19 01:01:00,98.5,98.58999633789062,98.44000244140624,98.52999877929688,196
2026-03-19 01:02:00,98.2699966430664,98.5199966430664,98.2699966430664,98.5,268
2026-03-19 01:03:00,98.33999633789062,98.36000061035156,98.25,98.27999877929688,220
2026-03-19 01:04:00,98.37000274658205,98.43000030517578,98.25,98.3499984741211,175
2026-03-19 01:05:00,98.25,98.4000015258789,98.20999908447266,98.36000061035156,129
2026-03-19 01:06:00,98.30999755859376,98.3499984741211,98.23999786376952,98.25,81
2026-03-19 01:07:00,98.2699966430664,98.36000061035156,98.25,98.30999755859376,78
2026-03-19 01:08:00,98.22000122070312,98.30999755859376,98.1500015258789,98.27999877929688,123
2026-03-19 01:09:00,98.31999969482422,98.4499969482422,98.20999908447266,98.2300033569336,298
2026-03-19 01:10:00,98.1999969482422,98.3000030517578,98.16999816894533,98.3000030517578,91
2026-03-19 01:11:00,98.06999969482422,98.26000213623048,98.01000213623048,98.1999969482422,297
2026-03-19 01:12:00,98.16999816894533,98.18000030517578,98.01000213623048,98.05999755859376,224
2026-03-19 01:13:00,98.18000030517578,98.19000244140624,98.11000061035156,98.16999816894533,37
2026-03-19 01:14:00,98.12000274658205,98.18000030517578,98.0999984741211,98.18000030517578,60
2026-03-19 01:15:00,98.02999877929688,98.12999725341795,98.0199966430664,98.11000061035156,83
2026-03-19 01:16:00,97.91000366210938,98.02999877929688,97.8499984741211,98.02999877929688,331
2026-03-19 01:17:00,97.93000030517578,97.98999786376952,97.88999938964844,97.94000244140624,146
2026-03-19 01:18:00,97.83000183105467,97.93000030517578,97.77999877929688,97.93000030517578,322
2026-03-19 01:19:00,97.86000061035156,97.86000061035156,97.73999786376952,97.83000183105467,166
2026-03-19 01:20:00,97.91999816894533,98.0199966430664,97.87000274658205,97.87999725341795,171
2026-03-19 01:21:00,97.9000015258789,98.0,97.88999938964844,97.91999816894533,91
2026-03-19 01:22:00,97.87999725341795,97.9499969482422,97.83999633789062,97.91000366210938,106
2026-03-19 01:23:00,97.81999969482422,97.9000015258789,97.7699966430664,97.86000061035156,147
2026-03-19 01:24:00,97.95999908447266,97.9800033569336,97.81999969482422,97.81999969482422,176
2026-03-19 01:25:00,97.86000061035156,97.97000122070312,97.86000061035156,97.97000122070312,47
2026-03-19 01:26:00,97.8000030517578,97.91999816894533,97.8000030517578,97.8499984741211,95
2026-03-19 01:27:00,97.8499984741211,97.87999725341795,97.72000122070312,97.8000030517578,199
2026-03-19 01:28:00,97.87000274658205,97.87000274658205,97.80999755859376,97.83999633789062,105
2026-03-19 01:29:00,97.79000091552734,97.87999725341795,97.7699966430664,97.86000061035156,178
2026-03-19 01:30:00,98.01000213623048,98.01000213623048,97.77999877929688,97.8000030517578,159
2026-03-19 01:31:00,98.01000213623048,98.13999938964844,97.9800033569336,98.0,232
2026-03-19 01:32:00,97.87999725341795,98.01000213623048,97.77999877929688,98.01000213623048,158
2026-03-19 01:33:00,97.9499969482422,98.06999969482422,97.86000061035156,97.88999938964844,322
2026-03-19 01:34:00,97.94000244140624,97.98999786376952,97.8000030517578,97.9499969482422,411
2026-03-19 01:35:00,97.80999755859376,97.9800033569336,97.69000244140624,97.94000244140624,216
2026-03-19 01:36:00,97.6999969482422,97.8499984741211,97.6500015258789,97.80999755859376,273
2026-03-19 01:37:00,97.5500030517578,97.6999969482422,97.41999816894533,97.69000244140624,472
2026-03-19 01:38:00,97.58000183105467,97.62999725341795,97.4800033569336,97.5500030517578,116
2026-03-19 01:39:00,97.6500015258789,97.66999816894533,97.56999969482422,97.5999984741211,64
2026-03-19 01:40:00,97.6500015258789,97.6999969482422,97.62000274658205,97.6500015258789,75
2026-03-19 01:41:00,97.70999908447266,97.76000213623048,97.62999725341795,97.6500015258789,91
2026-03-19 01:42:00,97.80999755859376,97.80999755859376,97.70999908447266,97.70999908447266,79
2026-03-19 01:43:00,97.83999633789062,97.86000061035156,97.7699966430664,97.8000030517578,78
2026-03-19 01:44:00,97.87999725341795,97.93000030517578,97.80999755859376,97.81999969482422,94
2026-03-19 01:45:00,97.8000030517578,97.9000015258789,97.77999877929688,97.88999938964844,101
2026-03-19 01:46:00,97.73999786376952,97.86000061035156,97.6500015258789,97.7699966430664,216
2026-03-19 01:47:00,97.94000244140624,98.0,97.6500015258789,97.73999786376952,250
2026-03-19 01:48:00,98.0999984741211,98.13999938964844,97.97000122070312,97.97000122070312,220
2026-03-19 01:49:00,98.11000061035156,98.12000274658205,98.0199966430664,98.0999984741211,178
2026-03-19 01:50:00,98.12000274658205,98.16999816894533,98.08000183105467,98.12999725341795,208
2026-03-19 01:51:00,98.23999786376952,98.26000213623048,98.12000274658205,98.12000274658205,212
2026-03-19 01:52:00,98.20999908447266,98.2699966430664,98.12999725341795,98.23999786376952,239
2026-03-19 01:53:00,98.1500015258789,98.19000244140624,98.12000274658205,98.19000244140624,126
2026-03-19 01:54:00,97.93000030517578,98.13999938964844,97.91000366210938,98.13999938964844,309
2026-03-19 01:55:00,97.83000183105467,97.94000244140624,97.77999877929688,97.94000244140624,330
2026-03-19 01:56:00,97.5999984741211,97.83000183105467,97.4499969482422,97.83000183105467,635
2026-03-19 01:57:00,97.7300033569336,97.80999755859376,97.56999969482422,97.61000061035156,547
2026-03-19 01:58:00,97.8499984741211,97.87999725341795,97.72000122070312,97.7300033569336,323
2026-03-19 01:59:00,98.0500030517578,98.18000030517578,97.8499984741211,97.8499984741211,507
2026-03-19 02:00:00,98.1500015258789,98.2300033569336,98.0500030517578,98.0500030517578,306
2026-03-19 02:01:00,97.81999969482422,98.25,97.8000030517578,98.16999816894533,541
2026-03-19 02:02:00,97.91999816894533,97.95999908447266,97.6999969482422,97.83000183105467,715
2026-03-19 02:03:00,97.97000122070312,98.08999633789062,97.94000244140624,97.9499969482422,320
2026-03-19 02:04:00,97.8499984741211,98.0500030517578,97.80999755859376,97.97000122070312,401
2026-03-19 02:05:00,97.8499984741211,97.91000366210938,97.77999877929688,97.87000274658205,290
2026-03-19 02:06:00,97.75,97.93000030517578,97.6999969482422,97.86000061035156,421
2026-03-19 02:07:00,97.12000274658205,97.72000122070312,97.08999633789062,97.72000122070312,1110
2026-03-19 02:08:00,96.72000122070312,97.22000122070312,96.72000122070312,97.13999938964844,1002
2026-03-19 02:09:00,97.11000061035156,97.2699966430664,96.73999786376952,96.73999786376952,494
2026-03-19 02:10:00,97.0,97.1999969482422,96.95999908447266,97.11000061035156,372
2026-03-19 02:11:00,96.81999969482422,97.06999969482422,96.80999755859376,96.9800033569336,275
2026-03-19 02:12:00,96.69000244140624,96.91999816894533,96.55999755859376,96.81999969482422,740
2026-03-19 02:13:00,96.66000366210938,96.73999786376952,96.5999984741211,96.6999969482422,266
2026-03-19 02:14:00,96.7300033569336,96.83000183105467,96.5999984741211,96.66999816894533,311
2026-03-19 02:15:00,96.68000030517578,96.81999969482422,96.6500015258789,96.73999786376952,158
2026-03-19 02:16:00,96.70999908447266,96.76000213623048,96.6500015258789,96.68000030517578,194
2026-03-19 02:17:00,96.45999908447266,96.70999908447266,96.43000030517578,96.66999816894533,507
2026-03-19 02:18:00,96.45999908447266,96.58000183105467,96.44000244140624,96.45999908447266,285
2026-03-19 02:19:00,96.41000366210938,96.52999877929688,96.4000015258789,96.4499969482422,188
2026-03-19 02:20:00,96.52999877929688,96.5999984741211,96.41000366210938,96.43000030517578,254
2026-03-19 02:21:00,96.56999969482422,96.62999725341795,96.52999877929688,96.52999877929688,216
2026-03-19 02:22:00,96.52999877929688,96.58999633789062,96.4800033569336,96.56999969482422,134
2026-03-19 02:23:00,96.54000091552734,96.6999969482422,96.51000213623048,96.54000091552734,324
2026-03-19 02:24:00,96.43000030517578,96.58999633789062,96.30999755859376,96.54000091552734,440
2026-03-19 02:25:00,96.43000030517578,96.44000244140624,96.12000274658205,96.41000366210938,765
2026-03-19 02:26:00,96.37999725341795,96.56999969482422,96.37999725341795,96.41000366210938,251
2026-03-19 02:27:00,96.5,96.54000091552734,96.37999725341795,96.38999938964844,202
2026-03-19 02:28:00,96.5999984741211,96.62999725341795,96.5,96.51000213623048,204
2026-03-19 02:29:00,96.61000061035156,96.63999938964844,96.52999877929688,96.61000061035156,177
2026-03-19 02:30:00,96.47000122070312,96.68000030517578,96.43000030517578,96.62000274658205,340
2026-03-19 02:31:00,96.4499969482422,96.48999786376952,96.36000061035156,96.4499969482422,322
2026-03-19 02:32:00,96.36000061035156,96.54000091552734,96.3000030517578,96.4499969482422,295
2026-03-19 02:33:00,96.37999725341795,96.4499969482422,96.37000274658205,96.37999725341795,181
2026-03-19 02:34:00,96.1500015258789,96.4800033569336,96.0999984741211,96.37999725341795,522
2026-03-19 02:35:00,96.06999969482422,96.25,96.0500030517578,96.1500015258789,210
2026-03-19 02:36:00,96.05999755859376,96.0999984741211,95.75,96.06999969482422,900
2026-03-19 02:37:00,96.25,96.31999969482422,96.04000091552734,96.06999969482422,441
2026-03-19 02:38:00,96.16999816894533,96.36000061035156,96.16000366210938,96.26000213623048,379
2026-03-19 02:39:00,96.23999786376952,96.25,96.08999633789062,96.16999816894533,290
2026-03-19 02:40:00,96.26000213623048,96.4000015258789,96.1500015258789,96.23999786376952,325
2026-03-19 02:41:00,96.18000030517578,96.36000061035156,96.16000366210938,96.2699966430664,309
2026-03-19 02:42:00,96.11000061035156,96.1999969482422,96.06999969482422,96.1500015258789,195
2026-03-19 02:43:00,96.08000183105467,96.18000030517578,96.0199966430664,96.0999984741211,178
2026-03-19 02:44:00,96.20999908447266,96.2300033569336,96.08999633789062,96.08999633789062,114
2026-03-19 02:45:00,96.37000274658205,96.38999938964844,96.1500015258789,96.2300033569336,202
2026-03-19 02:46:00,96.31999969482422,96.45999908447266,96.31999969482422,96.37000274658205,258
2026-03-19 02:47:00,96.30999755859376,96.33000183105467,96.1999969482422,96.33000183105467,204
2026-03-19 02:48:00,96.41999816894533,96.55999755859376,96.31999969482422,96.31999969482422,466
2026-03-19 02:49:00,96.4499969482422,96.48999786376952,96.38999938964844,96.41999816894533,317
2026-03-19 02:50:00,96.58000183105467,96.58999633789062,96.41999816894533,96.43000030517578,335
2026-03-19 02:51:00,96.48999786376952,96.58999633789062,96.4800033569336,96.58000183105467,290
2026-03-19 02:52:00,96.4800033569336,96.66999816894533,96.41000366210938,96.48999786376952,463
2026-03-19 02:53:00,96.45999908447266,96.55999755859376,96.43000030517578,96.48999786376952,253
2026-03-19 02:54:00,96.30999755859376,96.4800033569336,96.3000030517578,96.45999908447266,232
2026-03-19 02:55:00,96.1999969482422,96.37999725341795,96.1999969482422,96.3000030517578,228
2026-03-19 02:56:00,96.19000244140624,96.2300033569336,96.12999725341795,96.1999969482422,204
2026-03-19 02:57:00,96.16999816894533,96.20999908447266,96.08000183105467,96.16999816894533,642
2026-03-19 02:58:00,96.13999938964844,96.1999969482422,96.11000061035156,96.16999816894533,105
2026-03-19 02:59:00,96.19000244140624,96.22000122070312,96.12000274658205,96.13999938964844,244
2026-03-19 03:00:00,96.27999877929688,96.33000183105467,96.18000030517578,96.19000244140624,107
2026-03-19 03:01:00,96.27999877929688,96.3499984741211,96.2699966430664,96.29000091552734,56
2026-03-19 03:02:00,96.33000183105467,96.33999633789062,96.26000213623048,96.26000213623048,86
2026-03-19 03:03:00,96.3499984741211,96.37999725341795,96.31999969482422,96.33000183105467,113
2026-03-19 03:04:00,96.33000183105467,96.41999816894533,96.33000183105467,96.36000061035156,88
2026-03-19 03:05:00,96.25,96.41999816894533,96.25,96.33000183105467,269
2026-03-19 03:06:00,96.29000091552734,96.3000030517578,96.19000244140624,96.23999786376952,196
2026-03-19 03:07:00,96.37999725341795,96.38999938964844,96.27999877929688,96.29000091552734,132
2026-03-19 03:08:00,96.36000061035156,96.38999938964844,96.33999633789062,96.37000274658205,78
2026-03-19 03:09:00,96.37999725341795,96.45999908447266,96.36000061035156,96.37999725341795,414
2026-03-19 03:10:00,96.3499984741211,96.41000366210938,96.30999755859376,96.4000015258789,204
2026-03-19 03:11:00,96.20999908447266,96.37999725341795,96.12999725341795,96.3499984741211,317
2026-03-19 03:12:00,96.08000183105467,96.20999908447266,96.0199966430664,96.20999908447266,193
2026-03-19 03:13:00,95.86000061035156,96.06999969482422,95.86000061035156,96.06999969482422,381
2026-03-19 03:14:00,96.06999969482422,96.06999969482422,95.8499984741211,95.87000274658205,176
2026-03-19 03:15:00,95.98999786376952,96.06999969482422,95.9499969482422,96.05999755859376,135
2026-03-19 03:16:00,95.97000122070312,96.0,95.91999816894533,95.98999786376952,110
2026-03-19 03:17:00,96.04000091552734,96.08000183105467,95.91000366210938,95.98999786376952,227
2026-03-19 03:18:00,96.08999633789062,96.12000274658205,96.02999877929688,96.05999755859376,158
2026-03-19 03:19:00,95.9800033569336,96.12000274658205,95.9800033569336,96.0999984741211,155
2026-03-19 03:20:00,96.04000091552734,96.12000274658205,96.0,96.0,227
2026-03-19 03:21:00,96.04000091552734,96.0500030517578,95.91999816894533,96.01000213623048,201
2026-03-19 03:22:00,95.93000030517578,96.04000091552734,95.91000366210938,96.0,110
2026-03-19 03:23:00,95.9800033569336,96.0199966430664,95.8499984741211,95.94000244140624,221
2026-03-19 03:24:00,95.98999786376952,96.06999969482422,95.94000244140624,95.9800033569336,210
2026-03-19 03:25:00,96.0500030517578,96.08999633789062,95.94000244140624,95.9499969482422,184
2026-03-19 03:26:00,96.0,96.12999725341795,96.0,96.05999755859376,236
2026-03-19 03:27:00,96.04000091552734,96.05999755859376,95.95999908447266,96.0,80
2026-03-19 03:28:00,95.94000244140624,96.06999969482422,95.93000030517578,96.0500030517578,111
2026-03-19 03:29:00,95.97000122070312,96.0,95.91000366210938,95.93000030517578,107
2026-03-19 03:30:00,96.08999633789062,96.1999969482422,95.97000122070312,95.97000122070312,247
2026-03-19 03:31:00,96.29000091552734,96.29000091552734,96.04000091552734,96.08000183105467,179
2026-03-19 03:32:00,96.2699966430664,96.33000183105467,96.2300033569336,96.2699966430664,135
2026-03-19 03:33:00,96.3000030517578,96.33000183105467,96.2300033569336,96.27999877929688,146
2026-03-19 03:34:00,96.30999755859376,96.31999969482422,96.25,96.3000030517578,88
2026-03-19 03:35:00,96.37000274658205,96.38999938964844,96.29000091552734,96.30999755859376,122
2026-03-19 03:36:00,96.2300033569336,96.36000061035156,96.20999908447266,96.36000061035156,132
2026-03-19 03:37:00,96.12999725341795,96.2699966430664,96.12999725341795,96.23999786376952,89
2026-03-19 03:38:00,96.19000244140624,96.19000244140624,96.0500030517578,96.12999725341795,118
2026-03-19 03:39:00,96.16000366210938,96.19000244140624,96.12999725341795,96.19000244140624,47
2026-03-19 03:40:00,96.25,96.29000091552734,96.1500015258789,96.16000366210938,53
2026-03-19 03:41:00,96.3499984741211,96.41000366210938,96.26000213623048,96.27999877929688,166
2026-03-19 03:42:00,96.44000244140624,96.47000122070312,96.3499984741211,96.37000274658205,100
2026-03-19 03:43:00,96.37999725341795,96.47000122070312,96.37000274658205,96.44000244140624,76
2026-03-19 03:44:00,96.36000061035156,96.4000015258789,96.36000061035156,96.37000274658205,47
2026-03-19 03:45:00,96.3499984741211,96.4000015258789,96.3499984741211,96.36000061035156,58
2026-03-19 03:46:00,96.43000030517578,96.47000122070312,96.3499984741211,96.3499984741211,108
2026-03-19 03:47:00,96.37999725341795,96.4499969482422,96.37999725341795,96.44000244140624,114
2026-03-19 03:48:00,96.5199966430664,96.5500030517578,96.37999725341795,96.37999725341795,216
2026-03-19 03:49:00,96.38999938964844,96.5199966430664,96.33000183105467,96.5,257
2026-03-19 03:50:00,96.41000366210938,96.4499969482422,96.36000061035156,96.4000015258789,64
2026-03-19 03:51:00,96.51000213623048,96.5199966430664,96.41000366210938,96.41000366210938,142
2026-03-19 03:52:00,96.5199966430664,96.54000091552734,96.45999908447266,96.52999877929688,80
2026-03-19 03:53:00,96.47000122070312,96.52999877929688,96.47000122070312,96.5,114
2026-03-19 03:54:00,96.44000244140624,96.4800033569336,96.38999938964844,96.47000122070312,139
2026-03-19 03:55:00,96.4000015258789,96.47000122070312,96.4000015258789,96.4499969482422,45
2026-03-19 03:56:00,96.43000030517578,96.47000122070312,96.41000366210938,96.41000366210938,50
2026-03-19 03:57:00,96.4000015258789,96.44000244140624,96.38999938964844,96.44000244140624,23
2026-03-19 03:58:00,96.37000274658205,96.41999816894533,96.33999633789062,96.41000366210938,40
2026-03-19 04:00:00,96.4800033569336,96.52999877929688,96.4800033569336,96.4800033569336,67
2026-03-19 04:01:00,96.41000366210938,96.47000122070312,96.36000061035156,96.45999908447266,72
2026-03-19 04:02:00,96.41999816894533,96.45999908447266,96.4000015258789,96.4000015258789,37
2026-03-19 04:03:00,96.37999725341795,96.52999877929688,96.37999725341795,96.43000030517578,169
2026-03-19 04:04:00,96.31999969482422,96.47000122070312,96.3000030517578,96.37999725341795,131
2026-03-19 04:05:00,96.36000061035156,96.4000015258789,96.31999969482422,96.33999633789062,101
2026-03-19 04:06:00,96.4800033569336,96.5,96.30999755859376,96.31999969482422,89
2026-03-19 04:07:00,96.51000213623048,96.52999877929688,96.41000366210938,96.4800033569336,85
2026-03-19 04:08:00,96.48999786376952,96.5199966430664,96.41999816894533,96.5,135
2026-03-19 04:09:00,96.5999984741211,96.5999984741211,96.47000122070312,96.48999786376952,118
2026-03-19 04:10:00,96.66000366210938,96.6999969482422,96.58000183105467,96.58999633789062,176
2026-03-19 04:11:00,96.51000213623048,96.63999938964844,96.51000213623048,96.63999938964844,119
2026-03-19 04:12:00,96.4499969482422,96.54000091552734,96.44000244140624,96.5,64
2026-03-19 04:13:00,96.5,96.5500030517578,96.45999908447266,96.45999908447266,53
2026-03-19 04:14:00,96.5199966430664,96.5500030517578,96.47000122070312,96.48999786376952,42
2026-03-19 04:15:00,96.47000122070312,96.5199966430664,96.43000030517578,96.51000213623048,42
2026-03-19 04:16:00,96.54000091552734,96.54000091552734,96.4800033569336,96.4800033569336,27
2026-03-19 04:17:00,96.52999877929688,96.58000183105467,96.5,96.5500030517578,45
2026-03-19 04:18:00,96.55999755859376,96.55999755859376,96.48999786376952,96.54000091552734,44
2026-03-19 04:19:00,96.6500015258789,96.68000030517578,96.55999755859376,96.58000183105467,41
2026-03-19 04:20:00,96.7300033569336,96.80999755859376,96.58999633789062,96.62000274658205,146
2026-03-19 04:21:00,96.73999786376952,96.75,96.70999908447266,96.7300033569336,72
2026-03-19 04:22:00,96.69000244140624,96.73999786376952,96.68000030517578,96.7300033569336,84
2026-03-19 04:23:00,96.69000244140624,96.70999908447266,96.66999816894533,96.69000244140624,39
2026-03-19 04:24:00,96.70999908447266,96.72000122070312,96.68000030517578,96.70999908447266,30
2026-03-19 04:25:00,96.7300033569336,96.81999969482422,96.69000244140624,96.6999969482422,130
2026-03-19 04:26:00,96.70999908447266,96.73999786376952,96.68000030517578,96.73999786376952,79
2026-03-19 04:27:00,96.7300033569336,96.7300033569336,96.69000244140624,96.70999908447266,65
2026-03-19 04:28:00,96.6999969482422,96.7300033569336,96.6999969482422,96.7300033569336,32
2026-03-19 04:29:00,96.58999633789062,96.72000122070312,96.58000183105467,96.69000244140624,71
2026-03-19 04:30:00,96.6500015258789,96.66000366210938,96.58000183105467,96.58999633789062,96
2026-03-19 04:31:00,96.56999969482422,96.63999938964844,96.5500030517578,96.63999938964844,54
2026-03-19 04:32:00,96.41000366210938,96.5500030517578,96.38999938964844,96.54000091552734,266
2026-03-19 04:33:00,96.37999725341795,96.4499969482422,96.33999633789062,96.41000366210938,101
2026-03-19 04:34:00,96.43000030517578,96.4499969482422,96.33999633789062,96.37000274658205,40
2026-03-19 04:35:00,96.44000244140624,96.5,96.43000030517578,96.4499969482422,50
2026-03-19 04:36:00,96.45999908447266,96.4800033569336,96.44000244140624,96.44000244140624,34
2026-03-19 04:37:00,96.4000015258789,96.44000244140624,96.4000015258789,96.43000030517578,37
2026-03-19 04:38:00,96.5199966430664,96.5199966430664,96.37999725341795,96.4000015258789,104
2026-03-19 04:39:00,96.5199966430664,96.54000091552734,96.51000213623048,96.5199966430664,57
2026-03-19 04:40:00,96.54000091552734,96.62000274658205,96.51000213623048,96.51000213623048,153
2026-03-19 04:41:00,96.66999816894533,96.68000030517578,96.54000091552734,96.55999755859376,74
2026-03-19 04:42:00,96.77999877929688,96.83999633789062,96.66999816894533,96.68000030517578,149
2026-03-19 04:43:00,96.6999969482422,96.7699966430664,96.68000030517578,96.7699966430664,80
2026-03-19 04:44:00,96.5999984741211,96.66000366210938,96.5999984741211,96.6500015258789,31
2026-03-19 04:45:00,96.75,96.75,96.5999984741211,96.62000274658205,82
2026-03-19 04:46:00,96.69000244140624,96.75,96.66999816894533,96.75,66
2026-03-19 04:47:00,96.66000366210938,96.75,96.6500015258789,96.70999908447266,65
2026-03-19 04:48:00,96.61000061035156,96.66999816894533,96.52999877929688,96.66000366210938,67
2026-03-19 04:49:00,96.62999725341795,96.63999938964844,96.55999755859376,96.62000274658205,55
2026-03-19 04:50:00,96.63999938964844,96.63999938964844,96.5999984741211,96.62999725341795,49
2026-03-19 04:51:00,96.68000030517578,96.68000030517578,96.62999725341795,96.63999938964844,29
2026-03-19 04:52:00,96.63999938964844,96.70999908447266,96.62999725341795,96.69000244140624,39
2026-03-19 04:53:00,96.6500015258789,96.72000122070312,96.6500015258789,96.66000366210938,27
2026-03-19 04:54:00,96.62999725341795,96.66999816894533,96.5999984741211,96.6500015258789,31
2026-03-19 04:55:00,96.5999984741211,96.63999938964844,96.5999984741211,96.62000274658205,22
2026-03-19 04:56:00,96.55999755859376,96.62999725341795,96.5,96.62999725341795,194
2026-03-19 04:57:00,96.55999755859376,96.55999755859376,96.51000213623048,96.5500030517578,31
2026-03-19 04:58:00,96.52999877929688,96.58000183105467,96.52999877929688,96.54000091552734,23
2026-03-19 04:59:00,96.52999877929688,96.52999877929688,96.51000213623048,96.52999877929688,15
2026-03-19 05:00:00,96.56999969482422,96.58999633789062,96.5,96.51000213623048,61
2026-03-19 05:01:00,96.4000015258789,96.56999969482422,96.38999938964844,96.56999969482422,71
2026-03-19 05:02:00,96.41000366210938,96.44000244140624,96.38999938964844,96.4000015258789,36
2026-03-19 05:03:00,96.4000015258789,96.47000122070312,96.36000061035156,96.44000244140624,84
2026-03-19 05:04:00,96.4000015258789,96.41999816894533,96.3499984741211,96.37999725341795,98
2026-03-19 05:05:00,96.47000122070312,96.5,96.4000015258789,96.41000366210938,67
2026-03-19 05:06:00,96.44000244140624,96.47000122070312,96.38999938964844,96.45999908447266,71
2026-03-19 05:07:00,96.36000061035156,96.48999786376952,96.30999755859376,96.43000030517578,193
2026-03-19 05:08:00,96.36000061035156,96.41999816894533,96.31999969482422,96.37999725341795,123
2026-03-19 05:09:00,96.37000274658205,96.37000274658205,96.33999633789062,96.36000061035156,47
2026-03-19 05:10:00,96.36000061035156,96.37999725341795,96.31999969482422,96.37000274658205,45
2026-03-19 05:11:00,96.38999938964844,96.48999786376952,96.36000061035156,96.37999725341795,170
2026-03-19 05:12:00,96.25,96.38999938964844,96.16999816894533,96.38999938964844,213
2026-03-19 05:13:00,96.12999725341795,96.23999786376952,96.12000274658205,96.23999786376952,180
2026-03-19 05:14:00,96.0999984741211,96.13999938964844,96.08000183105467,96.12000274658205,164
2026-03-19 05:15:00,96.08000183105467,96.11000061035156,95.95999908447266,96.0999984741211,132
2026-03-19 05:16:00,96.0999984741211,96.1500015258789,96.08000183105467,96.08000183105467,147
2026-03-19 05:17:00,96.08000183105467,96.0999984741211,96.0500030517578,96.0999984741211,31
2026-03-19 05:18:00,96.05999755859376,96.12999725341795,96.0500030517578,96.0999984741211,193
2026-03-19 05:19:00,96.0999984741211,96.16000366210938,96.01000213623048,96.05999755859376,109
2026-03-19 05:20:00,96.16000366210938,96.18000030517578,96.0999984741211,96.0999984741211,42
2026-03-19 05:21:00,96.16000366210938,96.22000122070312,96.13999938964844,96.1500015258789,73
2026-03-19 05:22:00,96.20999908447266,96.20999908447266,96.1500015258789,96.18000030517578,31
2026-03-19 05:23:00,96.1999969482422,96.2300033569336,96.16999816894533,96.19000244140624,49
2026-03-19 05:24:00,96.20999908447266,96.20999908447266,96.16000366210938,96.19000244140624,50
2026-03-19 05:25:00,96.3499984741211,96.36000061035156,96.22000122070312,96.23999786376952,171
2026-03-19 05:26:00,96.33999633789062,96.44000244140624,96.31999969482422,96.33999633789062,90
2026-03-19 05:27:00,96.27999877929688,96.3499984741211,96.26000213623048,96.33999633789062,42
2026-03-19 05:28:00,96.26000213623048,96.3000030517578,96.26000213623048,96.3000030517578,18
2026-03-19 05:29:00,96.2699966430664,96.37000274658205,96.2300033569336,96.27999877929688,188
2026-03-19 05:30:00,96.47000122070312,96.4800033569336,96.29000091552734,96.29000091552734,264
2026-03-19 05:31:00,96.66999816894533,96.68000030517578,96.4800033569336,96.4800033569336,294
2026-03-19 05:32:00,96.66000366210938,96.76000213623048,96.63999938964844,96.68000030517578,217
2026-03-19 05:33:00,96.52999877929688,96.66999816894533,96.41000366210938,96.6500015258789,216
2026-03-19 05:34:00,96.68000030517578,96.70999908447266,96.5500030517578,96.5500030517578,141
2026-03-19 05:35:00,96.66000366210938,96.69000244140624,96.62000274658205,96.68000030517578,84
2026-03-19 05:36:00,96.7300033569336,96.75,96.6500015258789,96.66000366210938,66
2026-03-19 05:37:00,96.75,96.8499984741211,96.7300033569336,96.75,165
2026-03-19 05:38:00,96.7699966430664,96.79000091552734,96.73999786376952,96.73999786376952,83
2026-03-19 05:39:00,96.83999633789062,96.91999816894533,96.7699966430664,96.79000091552734,194
2026-03-19 05:40:00,96.76000213623048,96.88999938964844,96.76000213623048,96.8499984741211,297
2026-03-19 05:41:00,96.62999725341795,96.7699966430664,96.58999633789062,96.7699966430664,525
2026-03-19 05:42:00,96.58999633789062,96.63999938964844,96.55999755859376,96.63999938964844,93
2026-03-19 05:43:00,96.5500030517578,96.5999984741211,96.5199966430664,96.58999633789062,135
2026-03-19 05:44:00,97.05999755859376,97.16000366210938,96.54000091552734,96.5500030517578,996
2026-03-19 05:45:00,96.98999786376952,97.2699966430664,96.93000030517578,97.06999969482422,678
2026-03-19 05:46:00,96.68000030517578,96.97000122070312,96.61000061035156,96.97000122070312,319
2026-03-19 05:47:00,96.63999938964844,96.7699966430664,96.62999725341795,96.68000030517578,204
2026-03-19 05:48:00,96.5999984741211,96.63999938964844,96.47000122070312,96.63999938964844,180
2026-03-19 05:49:00,96.52999877929688,96.62000274658205,96.51000213623048,96.56999969482422,89
2026-03-19 05:50:00,96.61000061035156,96.6500015258789,96.48999786376952,96.54000091552734,95
2026-03-19 05:51:00,96.62999725341795,96.72000122070312,96.58000183105467,96.63999938964844,145
2026-03-19 05:52:00,96.6999969482422,96.7300033569336,96.58999633789062,96.6500015258789,102
2026-03-19 05:53:00,96.5199966430664,96.69000244140624,96.4800033569336,96.69000244140624,158
2026-03-19 05:54:00,96.5,96.5,96.37999725341795,96.48999786376952,148
2026-03-19 05:55:00,96.4000015258789,96.48999786376952,96.23999786376952,96.4800033569336,271
2026-03-19 05:56:00,96.37999725341795,96.44000244140624,96.36000061035156,96.38999938964844,67
2026-03-19 05:57:00,96.41999816894533,96.5199966430664,96.37000274658205,96.37000274658205,181
2026-03-19 05:58:00,96.41999816894533,96.5,96.3499984741211,96.41000366210938,108
2026-03-19 05:59:00,96.4800033569336,96.5,96.41999816894533,96.43000030517578,58
2026-03-19 06:00:00,96.47000122070312,96.5199966430664,96.38999938964844,96.4499969482422,167
2026-03-19 06:01:00,96.62999725341795,96.72000122070312,96.4800033569336,96.4800033569336,243
2026-03-19 06:02:00,96.5500030517578,96.63999938964844,96.48999786376952,96.62999725341795,75
2026-03-19 06:03:00,96.6500015258789,96.66999816894533,96.55999755859376,96.55999755859376,100
2026-03-19 06:04:00,96.5999984741211,96.66999816894533,96.54000091552734,96.66000366210938,100
2026-03-19 06:05:00,96.51000213623048,96.61000061035156,96.5,96.5999984741211,75
2026-03-19 06:06:00,96.4800033569336,96.5999984741211,96.41999816894533,96.51000213623048,209
2026-03-19 06:07:00,96.4499969482422,96.5,96.43000030517578,96.4800033569336,87
2026-03-19 06:08:00,96.5999984741211,96.62000274658205,96.44000244140624,96.4800033569336,200
2026-03-19 06:09:00,96.52999877929688,96.62999725341795,96.52999877929688,96.58999633789062,77
2026-03-19 06:10:00,96.3499984741211,96.5500030517578,96.3499984741211,96.54000091552734,225
2026-03-19 06:11:00,96.2300033569336,96.37000274658205,96.1500015258789,96.37000274658205,255
2026-03-19 06:12:00,96.2300033569336,96.27999877929688,96.16999816894533,96.25,100
2026-03-19 06:13:00,96.19000244140624,96.25,96.1500015258789,96.22000122070312,85
2026-03-19 06:14:00,96.20999908447266,96.26000213623048,96.12000274658205,96.19000244140624,124
2026-03-19 06:15:00,96.2300033569336,96.27999877929688,96.19000244140624,96.1999969482422,85
2026-03-19 06:16:00,96.1999969482422,96.22000122070312,96.12000274658205,96.1999969482422,158
2026-03-19 06:17:00,96.1999969482422,96.2300033569336,96.13999938964844,96.2300033569336,56
2026-03-19 06:18:00,96.19000244140624,96.27999877929688,96.18000030517578,96.19000244140624,76
2026-03-19 06:19:00,96.2300033569336,96.2699966430664,96.19000244140624,96.19000244140624,104
2026-03-19 06:20:00,96.1999969482422,96.2300033569336,96.12999725341795,96.19000244140624,95
2026-03-19 06:21:00,96.23999786376952,96.2699966430664,96.16000366210938,96.19000244140624,74
2026-03-19 06:22:00,96.08999633789062,96.22000122070312,96.08999633789062,96.22000122070312,277
2026-03-19 06:23:00,96.16000366210938,96.22000122070312,96.08999633789062,96.08999633789062,69
2026-03-19 06:24:00,96.06999969482422,96.16000366210938,96.05999755859376,96.16000366210938,69
2026-03-19 06:25:00,96.23999786376952,96.30999755859376,96.04000091552734,96.05999755859376,336
2026-03-19 06:26:00,96.30999755859376,96.31999969482422,96.1999969482422,96.2699966430664,88
2026-03-19 06:27:00,96.3499984741211,96.41999816894533,96.30999755859376,96.31999969482422,130
2026-03-19 06:28:00,96.4000015258789,96.44000244140624,96.31999969482422,96.3499984741211,182
2026-03-19 06:29:00,96.4800033569336,96.5,96.4000015258789,96.4000015258789,145
2026-03-19 06:30:00,96.66000366210938,96.66000366210938,96.45999908447266,96.48999786376952,274
2026-03-19 06:31:00,96.68000030517578,96.79000091552734,96.56999969482422,96.66000366210938,513
2026-03-19 06:32:00,96.6500015258789,96.80999755859376,96.63999938964844,96.69000244140624,178
2026-03-19 06:33:00,96.63999938964844,96.77999877929688,96.61000061035156,96.66999816894533,442
2026-03-19 06:34:00,96.62999725341795,96.72000122070312,96.5999984741211,96.62000274658205,244
2026-03-19 06:35:00,96.58000183105467,96.8000030517578,96.54000091552734,96.5999984741211,319
2026-03-19 06:36:00,96.66000366210938,96.66999816894533,96.44000244140624,96.58999633789062,266
2026-03-19 06:37:00,96.66999816894533,96.76000213623048,96.5999984741211,96.66000366210938,212
2026-03-19 06:38:00,96.58000183105467,96.68000030517578,96.51000213623048,96.68000030517578,183
2026-03-19 06:39:00,96.62999725341795,96.68000030517578,96.5999984741211,96.5999984741211,140
2026-03-19 06:40:00,96.62999725341795,96.66999816894533,96.58999633789062,96.62000274658205,100
2026-03-19 06:41:00,96.5,96.61000061035156,96.47000122070312,96.61000061035156,110
2026-03-19 06:42:00,96.4000015258789,96.48999786376952,96.36000061035156,96.48999786376952,127
2026-03-19 06:43:00,96.29000091552734,96.47000122070312,96.23999786376952,96.4000015258789,209
2026-03-19 06:44:00,96.31999969482422,96.3499984741211,96.20999908447266,96.29000091552734,287
2026-03-19 06:45:00,96.37000274658205,96.45999908447266,96.30999755859376,96.33000183105467,297
2026-03-19 06:46:00,96.38999938964844,96.48999786376952,96.31999969482422,96.37999725341795,184
2026-03-19 06:47:00,96.27999877929688,96.5199966430664,96.26000213623048,96.41000366210938,278
2026-03-19 06:48:00,96.33999633789062,96.38999938964844,96.29000091552734,96.29000091552734,185
2026-03-19 06:49:00,96.52999877929688,96.54000091552734,96.36000061035156,96.36000061035156,124
2026-03-19 06:50:00,96.41999816894533,96.55999755859376,96.33999633789062,96.54000091552734,133
2026-03-19 06:51:00,96.4800033569336,96.51000213623048,96.37999725341795,96.43000030517578,146
2026-03-19 06:52:00,96.62000274658205,96.66999816894533,96.43000030517578,96.48999786376952,156
2026-03-19 06:53:00,96.70999908447266,96.73999786376952,96.58000183105467,96.61000061035156,223
2026-03-19 06:54:00,96.66000366210938,96.70999908447266,96.58999633789062,96.6999969482422,105
2026-03-19 06:55:00,96.5500030517578,96.66000366210938,96.5500030517578,96.63999938964844,109
2026-03-19 06:56:00,96.6500015258789,96.66000366210938,96.5199966430664,96.5500030517578,126
2026-03-19 06:57:00,96.4800033569336,96.6999969482422,96.47000122070312,96.63999938964844,289
2026-03-19 06:58:00,96.45999908447266,96.56999969482422,96.4499969482422,96.4800033569336,155
2026-03-19 06:59:00,96.33000183105467,96.45999908447266,96.29000091552734,96.44000244140624,165
2026-03-19 07:00:00,96.13999938964844,96.58999633789062,96.0999984741211,96.33999633789062,585
2026-03-19 07:01:00,96.30999755859376,96.30999755859376,96.0999984741211,96.16999816894533,218
2026-03-19 07:02:00,96.41000366210938,96.4499969482422,96.2699966430664,96.29000091552734,178
2026-03-19 07:03:00,96.47000122070312,96.61000061035156,96.38999938964844,96.41999816894533,354
2026-03-19 07:04:00,96.47000122070312,96.5500030517578,96.41000366210938,96.4800033569336,228
2026-03-19 07:05:00,96.4499969482422,96.54000091552734,96.38999938964844,96.4800033569336,456
2026-03-19 07:06:00,96.5500030517578,96.61000061035156,96.4800033569336,96.4800033569336,545
2026-03-19 07:07:00,96.5199966430664,96.5999984741211,96.44000244140624,96.5500030517578,638
2026-03-19 07:08:00,96.43000030517578,96.5999984741211,96.3499984741211,96.52999877929688,387
2026-03-19 07:09:00,96.58000183105467,96.69000244140624,96.41000366210938,96.4499969482422,662
2026-03-19 07:10:00,96.70999908447266,96.73999786376952,96.55999755859376,96.56999969482422,352
2026-03-19 07:11:00,96.79000091552734,96.97000122070312,96.70999908447266,96.70999908447266,547
2026-03-19 07:12:00,96.83000183105467,96.8499984741211,96.70999908447266,96.77999877929688,515
2026-03-19 07:13:00,96.91999816894533,96.98999786376952,96.80999755859376,96.81999969482422,461
2026-03-19 07:14:00,96.69000244140624,96.97000122070312,96.63999938964844,96.91999816894533,354
2026-03-19 07:15:00,96.3499984741211,96.7300033569336,96.33000183105467,96.69000244140624,511
2026-03-19 07:16:00,96.3000030517578,96.38999938964844,96.18000030517578,96.33000183105467,514
2026-03-19 07:17:00,96.16999816894533,96.33000183105467,96.06999969482422,96.29000091552734,484
2026-03-19 07:18:00,95.7300033569336,96.16999816894533,95.61000061035156,96.16999816894533,750
2026-03-19 07:19:00,95.77999877929688,95.83000183105467,95.6500015258789,95.76000213623048,340
2026-03-19 07:20:00,95.70999908447266,95.83000183105467,95.6500015258789,95.77999877929688,485
2026-03-19 07:21:00,95.63999938964844,95.7300033569336,95.5,95.6999969482422,504
2026-03-19 07:22:00,95.91000366210938,95.93000030517578,95.61000061035156,95.62000274658205,472
2026-03-19 07:23:00,95.76000213623048,95.93000030517578,95.72000122070312,95.91000366210938,372
2026-03-19 07:24:00,95.41000366210938,95.75,95.31999969482422,95.75,690
2026-03-19 07:25:00,95.62999725341795,95.66000366210938,95.4000015258789,95.4000015258789,381
2026-03-19 07:26:00,95.6999969482422,95.70999908447266,95.5199966430664,95.63999938964844,229
2026-03-19 07:27:00,95.58999633789062,95.8000030517578,95.56999969482422,95.68000030517578,327
2026-03-19 07:28:00,95.6500015258789,95.68000030517578,95.52999877929688,95.5999984741211,171
2026-03-19 07:29:00,95.8000030517578,95.80999755859376,95.61000061035156,95.66999816894533,210
2026-03-19 07:30:00,95.8000030517578,95.83999633789062,95.70999908447266,95.79000091552734,391
2026-03-19 07:31:00,95.72000122070312,95.9499969482422,95.70999908447266,95.8000030517578,354
2026-03-19 07:32:00,95.95999908447266,95.9800033569336,95.72000122070312,95.73999786376952,301
2026-03-19 07:33:00,96.0500030517578,96.0999984741211,95.93000030517578,95.98999786376952,311
2026-03-19 07:34:00,96.16000366210938,96.22000122070312,96.0500030517578,96.05999755859376,310
2026-03-19 07:35:00,96.36000061035156,96.43000030517578,96.13999938964844,96.1500015258789,377
2026-03-19 07:36:00,96.3000030517578,96.38999938964844,96.23999786376952,96.37000274658205,271
2026-03-19 07:37:00,96.3499984741211,96.4000015258789,96.25,96.3000030517578,171
2026-03-19 07:38:00,96.47000122070312,96.5,96.3000030517578,96.33999633789062,408
2026-03-19 07:39:00,96.5199966430664,96.5500030517578,96.41000366210938,96.4800033569336,415
2026-03-19 07:40:00,96.56999969482422,96.75,96.5,96.5,397
2026-03-19 07:41:00,96.62999725341795,96.6500015258789,96.56999969482422,96.56999969482422,199
2026-03-19 07:42:00,96.56999969482422,96.63999938964844,96.47000122070312,96.62999725341795,179
2026-03-19 07:43:00,96.58000183105467,96.69000244140624,96.4800033569336,96.58000183105467,427
2026-03-19 07:44:00,96.47000122070312,96.58000183105467,96.41999816894533,96.58000183105467,194
2026-03-19 07:45:00,96.47000122070312,96.62999725341795,96.4499969482422,96.48999786376952,587
2026-03-19 07:46:00,96.55999755859376,96.66999816894533,96.45999908447266,96.5,215
2026-03-19 07:47:00,96.52999877929688,96.5999984741211,96.43000030517578,96.5500030517578,191
2026-03-19 07:48:00,96.37000274658205,96.56999969482422,96.31999969482422,96.5500030517578,241
2026-03-19 07:49:00,96.37000274658205,96.5,96.3499984741211,96.38999938964844,165
2026-03-19 07:50:00,96.37999725341795,96.45999908447266,96.31999969482422,96.41999816894533,113
2026-03-19 07:51:00,96.5,96.51000213623048,96.19000244140624,96.4000015258789,845
2026-03-19 07:52:00,96.56999969482422,96.70999908447266,96.4800033569336,96.5,1046
2026-03-19 07:53:00,96.68000030517578,96.7699966430664,96.5500030517578,96.56999969482422,261
2026-03-19 07:54:00,96.58000183105467,96.6999969482422,96.48999786376952,96.68000030517578,374
2026-03-19 07:55:00,96.72000122070312,96.7699966430664,96.54000091552734,96.56999969482422,163
2026-03-19 07:56:00,96.7300033569336,96.8000030517578,96.66999816894533,96.7300033569336,145
2026-03-19 07:57:00,96.70999908447266,96.76000213623048,96.66999816894533,96.76000213623048,66
2026-03-19 07:58:00,96.7699966430664,96.8000030517578,96.66000366210938,96.69000244140624,237
2026-03-19 07:59:00,96.7699966430664,96.87999725341795,96.6999969482422,96.77999877929688,210
2026-03-19 08:00:00,96.61000061035156,96.75,96.48999786376952,96.75,418
2026-03-19 08:01:00,96.4800033569336,96.61000061035156,96.37000274658205,96.58999633789062,314
2026-03-19 08:02:00,96.45999908447266,96.56999969482422,96.4000015258789,96.45999908447266,197
2026-03-19 08:03:00,96.47000122070312,96.5199966430664,96.26000213623048,96.44000244140624,385
2026-03-19 08:04:00,96.63999938964844,96.66000366210938,96.4499969482422,96.5,347
2026-03-19 08:05:00,96.62999725341795,96.69000244140624,96.52999877929688,96.62999725341795,192
2026-03-19 08:06:00,96.58000183105467,96.63999938964844,96.54000091552734,96.62000274658205,263
2026-03-19 08:07:00,96.44000244140624,96.5999984741211,96.43000030517578,96.58999633789062,262
2026-03-19 08:08:00,96.5500030517578,96.56999969482422,96.44000244140624,96.44000244140624,132
2026-03-19 08:09:00,96.47000122070312,96.62000274658205,96.4499969482422,96.56999969482422,118
2026-03-19 08:10:00,96.37999725341795,96.54000091552734,96.2699966430664,96.5,344
2026-03-19 08:11:00,96.37999725341795,96.47000122070312,96.31999969482422,96.37999725341795,238
2026-03-19 08:12:00,96.18000030517578,96.4000015258789,96.16000366210938,96.38999938964844,293
2026-03-19 08:13:00,96.05999755859376,96.25,96.0,96.19000244140624,395
2026-03-19 08:14:00,96.16000366210938,96.20999908447266,96.01000213623048,96.08000183105467,157
2026-03-19 08:15:00,95.9499969482422,96.16000366210938,95.91000366210938,96.16000366210938,308
2026-03-19 08:16:00,95.9499969482422,96.02999877929688,95.88999938964844,95.9800033569336,206
2026-03-19 08:17:00,95.88999938964844,96.2300033569336,95.87999725341795,95.95999908447266,495
2026-03-19 08:18:00,96.08999633789062,96.12000274658205,95.83000183105467,95.9000015258789,279
2026-03-19 08:19:00,96.20999908447266,96.20999908447266,96.02999877929688,96.0999984741211,177
2026-03-19 08:20:00,96.08000183105467,96.20999908447266,96.08000183105467,96.20999908447266,142
2026-03-19 08:21:00,96.1999969482422,96.26000213623048,96.08000183105467,96.11000061035156,260
2026-03-19 08:22:00,96.16000366210938,96.2699966430664,96.12000274658205,96.1999969482422,112
2026-03-19 08:23:00,96.0,96.16000366210938,95.9000015258789,96.1500015258789,514
2026-03-19 08:24:00,95.88999938964844,96.27999877929688,95.80999755859376,96.0,681
2026-03-19 08:25:00,95.87000274658205,96.11000061035156,95.83999633789062,95.93000030517578,406
2026-03-19 08:26:00,96.11000061035156,96.12000274658205,95.81999969482422,95.86000061035156,360
2026-03-19 08:27:00,96.2699966430664,96.2699966430664,96.08000183105467,96.12000274658205,344
2026-03-19 08:28:00,96.4000015258789,96.43000030517578,96.16999816894533,96.29000091552734,471
2026-03-19 08:29:00,96.4000015258789,96.52999877929688,96.3499984741211,96.37999725341795,464
2026-03-19 08:30:00,96.47000122070312,96.5,96.3499984741211,96.41999816894533,350
2026-03-19 08:31:00,96.38999938964844,96.5199966430664,96.37000274658205,96.44000244140624,292
2026-03-19 08:32:00,96.31999969482422,96.41999816894533,96.29000091552734,96.37000274658205,435
2026-03-19 08:33:00,96.30999755859376,96.47000122070312,96.25,96.30999755859376,441
2026-03-19 08:34:00,96.41000366210938,96.44000244140624,96.22000122070312,96.3000030517578,415
2026-03-19 08:35:00,96.47000122070312,96.48999786376952,96.4000015258789,96.4000015258789,310
2026-03-19 08:36:00,96.5199966430664,96.58999633789062,96.47000122070312,96.47000122070312,276
2026-03-19 08:37:00,96.4499969482422,96.56999969482422,96.38999938964844,96.5199966430664,332
2026-03-19 08:38:00,96.5999984741211,96.63999938964844,96.43000030517578,96.4800033569336,527
2026-03-19 08:39:00,96.94000244140624,97.3000030517578,96.61000061035156,96.61000061035156,2494
2026-03-19 08:40:00,96.79000091552734,97.20999908447266,96.79000091552734,96.94000244140624,973
2026-03-19 08:41:00,96.8000030517578,96.83999633789062,96.6999969482422,96.8000030517578,556
2026-03-19 08:42:00,97.02999877929688,97.12000274658205,96.81999969482422,96.81999969482422,490
2026-03-19 08:43:00,96.95999908447266,97.19000244140624,96.94000244140624,96.98999786376952,588
2026-03-19 08:44:00,96.9000015258789,96.9800033569336,96.76000213623048,96.97000122070312,454
2026-03-19 08:45:00,96.80999755859376,96.91999816894533,96.79000091552734,96.91000366210938,341
2026-03-19 08:46:00,96.9800033569336,97.06999969482422,96.8000030517578,96.8000030517578,370
2026-03-19 08:47:00,96.83999633789062,97.11000061035156,96.8000030517578,96.98999786376952,372
2026-03-19 08:48:00,96.6999969482422,96.87999725341795,96.66999816894533,96.8499984741211,665
2026-03-19 08:49:00,96.63999938964844,96.6999969482422,96.55999755859376,96.6999969482422,406
2026-03-19 08:50:00,96.6999969482422,96.83999633789062,96.5500030517578,96.6500015258789,629
2026-03-19 08:51:00,96.75,96.91000366210938,96.63999938964844,96.70999908447266,976
2026-03-19 08:52:00,96.7300033569336,96.81999969482422,96.5999984741211,96.7300033569336,629
2026-03-19 08:53:00,96.5500030517578,96.7300033569336,96.48999786376952,96.72000122070312,447
2026-03-19 08:54:00,96.5,96.5500030517578,96.38999938964844,96.5500030517578,379
2026-03-19 08:55:00,96.58999633789062,96.62999725341795,96.41999816894533,96.4800033569336,386
2026-03-19 08:56:00,96.66000366210938,96.6999969482422,96.43000030517578,96.58999633789062,300
2026-03-19 08:57:00,96.7699966430664,96.80999755859376,96.5999984741211,96.62999725341795,502
2026-03-19 08:58:00,96.83000183105467,96.98999786376952,96.76000213623048,96.8000030517578,557
2026-03-19 08:59:00,96.79000091552734,96.9499969482422,96.7699966430664,96.80999755859376,421
2026-03-19 09:00:00,96.36000061035156,96.79000091552734,96.23999786376952,96.79000091552734,1067
2026-03-19 09:01:00,96.2699966430664,96.4499969482422,96.20999908447266,96.36000061035156,589
2026-03-19 09:02:00,96.0199966430664,96.25,95.86000061035156,96.25,1054
2026-03-19 09:03:00,96.18000030517578,96.20999908447266,95.81999969482422,96.01000213623048,573
2026-03-19 09:04:00,96.30999755859376,96.30999755859376,96.08999633789062,96.18000030517578,636
2026-03-19 09:05:00,96.41000366210938,96.41999816894533,96.1999969482422,96.31999969482422,547
2026-03-19 09:06:00,96.38999938964844,96.5199966430664,96.37000274658205,96.41999816894533,465
2026-03-19 09:07:00,96.3000030517578,96.44000244140624,96.20999908447266,96.38999938964844,403
2026-03-19 09:08:00,96.52999877929688,96.63999938964844,96.12999725341795,96.29000091552734,1205
2026-03-19 09:09:00,96.58000183105467,96.61000061035156,96.41000366210938,96.5500030517578,189
2026-03-19 09:10:00,96.58999633789062,96.7300033569336,96.56999969482422,96.5999984741211,266
2026-03-19 09:11:00,96.5999984741211,96.72000122070312,96.51000213623048,96.58000183105467,261
2026-03-19 09:12:00,96.68000030517578,96.7699966430664,96.61000061035156,96.61000061035156,251
2026-03-19 09:13:00,96.61000061035156,96.73999786376952,96.58000183105467,96.66999816894533,549
2026-03-19 09:14:00,96.36000061035156,96.6500015258789,96.20999908447266,96.58999633789062,881
2026-03-19 09:15:00,96.2699966430664,96.4499969482422,96.19000244140624,96.36000061035156,474
2026-03-19 09:16:00,96.4000015258789,96.5500030517578,96.18000030517578,96.3000030517578,364
2026-03-19 09:17:00,96.83999633789062,96.87999725341795,96.37000274658205,96.37999725341795,777
2026-03-19 09:18:00,97.0999984741211,97.1500015258789,96.79000091552734,96.87000274658205,699
2026-03-19 09:19:00,97.0999984741211,97.18000030517578,96.95999908447266,97.08999633789062,703
2026-03-19 09:20:00,96.95999908447266,97.19000244140624,96.94000244140624,97.0999984741211,295
2026-03-19 09:21:00,96.91999816894533,97.0199966430664,96.76000213623048,96.98999786376952,572
2026-03-19 09:22:00,96.95999908447266,97.06999969482422,96.87000274658205,96.91999816894533,304
2026-03-19 09:23:00,97.01000213623048,97.01000213623048,96.91000366210938,96.9800033569336,181
2026-03-19 09:24:00,97.33000183105467,97.37000274658205,96.9800033569336,97.0,571
2026-03-19 09:25:00,98.33999633789062,98.47000122070312,97.16000366210938,97.30999755859376,3022
2026-03-19 09:26:00,98.4000015258789,98.95999908447266,98.2699966430664,98.3000030517578,4869
2026-03-19 09:27:00,98.5999984741211,98.76000213623048,98.2300033569336,98.38999938964844,1151
2026-03-19 09:28:00,98.37999725341795,98.7300033569336,98.26000213623048,98.58000183105467,1346
2026-03-19 09:29:00,98.3000030517578,98.6999969482422,98.1500015258789,98.36000061035156,2224
2026-03-19 09:30:00,97.9000015258789,98.38999938964844,97.63999938964844,98.27999877929688,1818
2026-03-19 09:31:00,97.6999969482422,98.05999755859376,97.69000244140624,97.9000015258789,525
2026-03-19 09:32:00,97.66000366210938,97.95999908447266,97.62999725341795,97.6999969482422,520
2026-03-19 09:33:00,97.81999969482422,97.87999725341795,97.4499969482422,97.66999816894533,562
2026-03-19 09:34:00,97.91000366210938,97.97000122070312,97.72000122070312,97.8499984741211,437
2026-03-19 09:35:00,97.91999816894533,98.16000366210938,97.68000030517578,97.87000274658205,803
2026-03-19 09:36:00,98.0,98.01000213623048,97.62000274658205,97.93000030517578,671
2026-03-19 09:37:00,98.04000091552734,98.23999786376952,97.83000183105467,97.97000122070312,901
2026-03-19 09:38:00,97.8000030517578,98.0500030517578,97.62999725341795,98.0,873
2026-03-19 09:39:00,97.55999755859376,97.87000274658205,97.5,97.8000030517578,491
2026-03-19 09:40:00,97.33000183105467,97.62000274658205,97.3000030517578,97.5500030517578,449
2026-03-19 09:41:00,97.30999755859376,97.41999816894533,97.18000030517578,97.33000183105467,504
2026-03-19 09:42:00,97.31999969482422,97.43000030517578,97.2699966430664,97.33000183105467,212
2026-03-19 09:43:00,97.11000061035156,97.37999725341795,96.94000244140624,97.33999633789062,561
2026-03-19 09:44:00,97.01000213623048,97.33999633789062,97.0,97.0999984741211,666
2026-03-19 09:45:00,96.72000122070312,97.06999969482422,96.66999816894533,97.0199966430664,813
2026-03-19 09:46:00,96.0,96.72000122070312,95.86000061035156,96.70999908447266,1503
2026-03-19 09:47:00,95.8000030517578,96.0999984741211,95.47000122070312,95.9800033569336,1552
2026-03-19 09:48:00,95.8000030517578,95.9800033569336,95.62999725341795,95.81999969482422,994
2026-03-19 09:49:00,95.08000183105467,95.9800033569336,95.05999755859376,95.79000091552734,1777
2026-03-19 09:50:00,95.61000061035156,95.7300033569336,95.05999755859376,95.05999755859376,1663
2026-03-19 09:51:00,95.36000061035156,95.63999938964844,94.94000244140624,95.62000274658205,1119
2026-03-19 09:52:00,95.13999938964844,95.37000274658205,94.9000015258789,95.31999969482422,775
2026-03-19 09:53:00,95.1999969482422,95.26000213623048,94.91999816894533,95.13999938964844,527
2026-03-19 09:54:00,95.23999786376952,95.38999938964844,95.0199966430664,95.20999908447266,471
2026-03-19 09:55:00,95.12000274658205,95.29000091552734,94.8000030517578,95.18000030517578,614
2026-03-19 09:56:00,95.0,95.1999969482422,95.0,95.13999938964844,444
2026-03-19 09:57:00,94.75,95.0,94.70999908447266,95.0,749
2026-03-19 09:58:00,95.04000091552734,95.06999969482422,94.41000366210938,94.7300033569336,1801
2026-03-19 09:59:00,95.16000366210938,95.2300033569336,94.94000244140624,95.0500030517578,721
2026-03-19 10:00:00,95.37999725341795,95.51000213623048,95.06999969482422,95.16000366210938,1074
2026-03-19 10:01:00,95.0500030517578,95.48999786376952,95.01000213623048,95.37000274658205,693
2026-03-19 10:02:00,95.33000183105467,95.43000030517578,94.95999908447266,95.04000091552734,571
2026-03-19 10:03:00,95.55999755859376,95.5999984741211,95.22000122070312,95.3499984741211,1171
2026-03-19 10:04:00,95.66000366210938,95.69000244140624,95.33000183105467,95.56999969482422,1283
2026-03-19 10:05:00,95.44000244140624,95.6999969482422,95.41000366210938,95.66000366210938,540
2026-03-19 10:06:00,95.22000122070312,95.5199966430664,95.20999908447266,95.44000244140624,543
2026-03-19 10:07:00,95.12000274658205,95.30999755859376,95.08999633789062,95.20999908447266,301
2026-03-19 10:08:00,95.04000091552734,95.18000030517578,94.9499969482422,95.0999984741211,574
2026-03-19 10:09:00,95.38999938964844,95.38999938964844,95.0199966430664,95.02999877929688,368
2026-03-19 10:10:00,95.18000030517578,95.37999725341795,95.13999938964844,95.37999725341795,463
2026-03-19 10:11:00,95.0999984741211,95.20999908447266,95.0,95.18000030517578,411
2026-03-19 10:12:00,95.13999938964844,95.16000366210938,94.86000061035156,95.12000274658205,1362
2026-03-19 10:13:00,95.37000274658205,95.45999908447266,95.0,95.12999725341795,821
2026-03-19 10:14:00,95.55999755859376,95.62000274658205,95.30999755859376,95.37999725341795,441
2026-03-19 10:15:00,95.62999725341795,95.73999786376952,95.5500030517578,95.56999969482422,424
2026-03-19 10:16:00,95.6999969482422,95.72000122070312,95.58000183105467,95.6500015258789,480
2026-03-19 10:17:00,95.6999969482422,95.75,95.5199966430664,95.69000244140624,750
2026-03-19 10:18:00,95.7300033569336,95.8000030517578,95.63999938964844,95.70999908447266,677
2026-03-19 10:19:00,95.6999969482422,95.88999938964844,95.62000274658205,95.72000122070312,462
2026-03-19 10:20:00,95.9499969482422,96.02999877929688,95.70999908447266,95.70999908447266,614
2026-03-19 10:21:00,95.8499984741211,95.95999908447266,95.63999938964844,95.95999908447266,336
2026-03-19 10:22:00,95.66000366210938,95.83999633789062,95.66000366210938,95.83999633789062,321
2026-03-19 10:23:00,95.66000366210938,95.73999786376952,95.5999984741211,95.66999816894533,186
2026-03-19 10:24:00,95.6999969482422,95.73999786376952,95.62000274658205,95.66000366210938,301
2026-03-19 10:25:00,95.70999908447266,95.86000061035156,95.62999725341795,95.72000122070312,380
2026-03-19 10:26:00,95.55999755859376,95.72000122070312,95.4800033569336,95.70999908447266,250
2026-03-19 10:27:00,95.37999725341795,95.56999969482422,95.29000091552734,95.5500030517578,559
2026-03-19 10:28:00,95.45999908447266,95.45999908447266,95.29000091552734,95.37000274658205,259
2026-03-19 10:29:00,95.3000030517578,95.4499969482422,95.0500030517578,95.4499969482422,486
2026-03-19 10:30:00,95.51000213623048,95.54000091552734,95.25,95.3000030517578,342
2026-03-19 10:31:00,95.47000122070312,95.58000183105467,95.33999633789062,95.5199966430664,445
2026-03-19 10:32:00,95.45999908447266,95.52999877929688,95.38999938964844,95.4499969482422,104
2026-03-19 10:33:00,95.37000274658205,95.5,95.3000030517578,95.45999908447266,278
2026-03-19 10:34:00,95.4499969482422,95.5,95.33999633789062,95.41999816894533,221
2026-03-19 10:35:00,95.5,95.54000091552734,95.41999816894533,95.45999908447266,242
2026-03-19 10:36:00,95.54000091552734,95.58000183105467,95.41000366210938,95.45999908447266,381
2026-03-19 10:37:00,95.54000091552734,95.55999755859376,95.43000030517578,95.52999877929688,325
2026-03-19 10:38:00,95.76000213623048,95.87999725341795,95.5199966430664,95.54000091552734,586
2026-03-19 10:39:00,95.8499984741211,95.9000015258789,95.68000030517578,95.73999786376952,459
2026-03-19 10:40:00,96.05999755859376,96.05999755859376,95.8000030517578,95.86000061035156,531
2026-03-19 10:41:00,95.97000122070312,96.05999755859376,95.87000274658205,96.0500030517578,251
2026-03-19 10:42:00,95.98999786376952,96.01000213623048,95.9000015258789,95.9800033569336,171
2026-03-19 10:43:00,96.22000122070312,96.27999877929688,95.98999786376952,95.98999786376952,690
2026-03-19 10:44:00,95.97000122070312,96.25,95.95999908447266,96.20999908447266,303
2026-03-19 10:45:00,95.91999816894533,96.0199966430664,95.8499984741211,95.95999908447266,234
2026-03-19 10:46:00,96.08999633789062,96.12999725341795,95.87000274658205,95.91999816894533,338
2026-03-19 10:47:00,95.9499969482422,96.08999633789062,95.87000274658205,96.06999969482422,352
2026-03-19 10:48:00,95.97000122070312,96.13999938964844,95.91999816894533,95.9499969482422,426
2026-03-19 10:49:00,95.94000244140624,96.16999816894533,95.87999725341795,95.95999908447266,482
2026-03-19 10:50:00,95.88999938964844,96.08000183105467,95.86000061035156,95.9499969482422,376
2026-03-19 10:51:00,96.0199966430664,96.0500030517578,95.88999938964844,95.9000015258789,235
2026-03-19 10:52:00,96.19000244140624,96.2300033569336,96.02999877929688,96.02999877929688,213
2026-03-19 10:53:00,96.26000213623048,96.38999938964844,96.18000030517578,96.18000030517578,399
2026-03-19 10:54:00,96.2699966430664,96.38999938964844,96.1500015258789,96.20999908447266,263
2026-03-19 10:55:00,96.45999908447266,96.5,96.25,96.26000213623048,243
2026-03-19 10:56:00,96.30999755859376,96.4499969482422,96.27999877929688,96.4499969482422,111
2026-03-19 10:57:00,96.33000183105467,96.37000274658205,96.3000030517578,96.30999755859376,232
2026-03-19 10:58:00,96.3000030517578,96.37000274658205,96.2699966430664,96.31999969482422,178
2026-03-19 10:59:00,96.2300033569336,96.36000061035156,96.22000122070312,96.30999755859376,227
2026-03-19 11:00:00,96.31999969482422,96.47000122070312,96.22000122070312,96.2300033569336,355
2026-03-19 11:01:00,96.13999938964844,96.30999755859376,96.0500030517578,96.30999755859376,301
2026-03-19 11:02:00,96.02999877929688,96.16000366210938,95.9499969482422,96.13999938964844,311
2026-03-19 11:03:00,96.25,96.2699966430664,95.98999786376952,96.0199966430664,216
2026-03-19 11:04:00,96.27999877929688,96.37000274658205,96.23999786376952,96.2699966430664,218
2026-03-19 11:05:00,96.23999786376952,96.4000015258789,96.22000122070312,96.2699966430664,329
2026-03-19 11:06:00,96.31999969482422,96.33999633789062,96.1500015258789,96.25,776
2026-03-19 11:07:00,96.20999908447266,96.31999969482422,96.16000366210938,96.30999755859376,289
2026-03-19 11:08:00,96.47000122070312,96.62999725341795,96.20999908447266,96.20999908447266,465
2026-03-19 11:09:00,96.56999969482422,96.58000183105467,96.4000015258789,96.45999908447266,288
2026-03-19 11:10:00,96.54000091552734,96.62999725341795,96.5,96.55999755859376,353
2026-03-19 11:11:00,96.69000244140624,96.69000244140624,96.5500030517578,96.5500030517578,424
2026-03-19 11:12:00,96.5500030517578,96.80999755859376,96.51000213623048,96.68000030517578,692
2026-03-19 11:13:00,96.5500030517578,96.5999984741211,96.52999877929688,96.54000091552734,287
2026-03-19 11:14:00,96.6500015258789,96.68000030517578,96.55999755859376,96.55999755859376,201
2026-03-19 11:15:00,96.72000122070312,96.83999633789062,96.66999816894533,96.66999816894533,481
2026-03-19 11:16:00,96.70999908447266,96.83999633789062,96.6999969482422,96.70999908447266,180
2026-03-19 11:17:00,96.8000030517578,96.80999755859376,96.63999938964844,96.70999908447266,120
2026-03-19 11:18:00,96.72000122070312,96.9000015258789,96.68000030517578,96.77999877929688,264
2026-03-19 11:19:00,96.6999969482422,96.77999877929688,96.66000366210938,96.70999908447266,144
2026-03-19 11:20:00,96.68000030517578,96.76000213623048,96.66000366210938,96.6999969482422,90
2026-03-19 11:21:00,96.69000244140624,96.75,96.66999816894533,96.72000122070312,68
2026-03-19 11:22:00,96.6999969482422,96.75,96.66999816894533,96.6999969482422,75
2026-03-19 11:23:00,96.73999786376952,96.80999755859376,96.68000030517578,96.68000030517578,167
2026-03-19 11:24:00,96.69000244140624,96.73999786376952,96.6500015258789,96.73999786376952,161
2026-03-19 11:25:00,96.8499984741211,96.88999938964844,96.68000030517578,96.68000030517578,182
2026-03-19 11:26:00,96.81999969482422,97.02999877929688,96.80999755859376,96.87000274658205,391
2026-03-19 11:27:00,96.6999969482422,96.80999755859376,96.66999816894533,96.80999755859376,256
2026-03-19 11:28:00,96.68000030517578,96.72000122070312,96.62000274658205,96.69000244140624,302
2026-03-19 11:29:00,96.66000366210938,96.70999908447266,96.6500015258789,96.6999969482422,174
2026-03-19 11:30:00,96.69000244140624,96.7699966430664,96.61000061035156,96.66000366210938,376
2026-03-19 11:31:00,96.9000015258789,96.9800033569336,96.66999816894533,96.66999816894533,224
2026-03-19 11:32:00,97.0,97.0500030517578,96.9000015258789,96.9000015258789,225
2026-03-19 11:33:00,96.98999786376952,97.02999877929688,96.93000030517578,97.0199966430664,167
2026-03-19 11:34:00,97.12000274658205,97.18000030517578,96.97000122070312,96.9800033569336,338
2026-03-19 11:35:00,97.22000122070312,97.2300033569336,97.06999969482422,97.11000061035156,338
2026-03-19 11:36:00,97.4499969482422,97.48999786376952,97.20999908447266,97.22000122070312,476
2026-03-19 11:37:00,97.51000213623048,97.62000274658205,97.44000244140624,97.44000244140624,530
2026-03-19 11:38:00,97.66000366210938,97.72000122070312,97.4000015258789,97.5,504
2026-03-19 11:39:00,97.52999877929688,97.73999786376952,97.52999877929688,97.6500015258789,541
2026-03-19 11:40:00,97.38999938964844,97.5999984741211,97.37000274658205,97.52999877929688,487
2026-03-19 11:41:00,97.3499984741211,97.48999786376952,97.3000030517578,97.37999725341795,455
2026-03-19 11:42:00,97.45999908447266,97.5999984741211,97.36000061035156,97.36000061035156,561
2026-03-19 11:43:00,97.5,97.55999755859376,97.43000030517578,97.4499969482422,234
2026-03-19 11:44:00,97.52999877929688,97.5999984741211,97.4499969482422,97.47000122070312,219
2026-03-19 11:45:00,97.4800033569336,97.66000366210938,97.4499969482422,97.54000091552734,339
2026-03-19 11:46:00,97.45999908447266,97.55999755859376,97.36000061035156,97.47000122070312,303
2026-03-19 11:47:00,97.37000274658205,97.44000244140624,97.20999908447266,97.44000244140624,175
2026-03-19 11:48:00,97.3499984741211,97.4000015258789,97.30999755859376,97.36000061035156,300
2026-03-19 11:49:00,97.3000030517578,97.38999938964844,97.2699966430664,97.3499984741211,421
2026-03-19 11:50:00,97.1500015258789,97.43000030517578,97.06999969482422,97.3000030517578,476
2026-03-19 11:51:00,96.91999816894533,97.19000244140624,96.83999633789062,97.19000244140624,528
2026-03-19 11:52:00,96.70999908447266,96.94000244140624,96.6500015258789,96.91999816894533,552
2026-03-19 11:53:00,96.7300033569336,96.86000061035156,96.68000030517578,96.6999969482422,326
2026-03-19 11:54:00,96.94000244140624,97.01000213623048,96.69000244140624,96.72000122070312,288
2026-03-19 11:55:00,96.87000274658205,97.0,96.69000244140624,96.9499969482422,393
2026-03-19 11:56:00,96.80999755859376,97.02999877929688,96.8000030517578,96.8499984741211,302
2026-03-19 11:57:00,96.70999908447266,96.83000183105467,96.68000030517578,96.79000091552734,328
2026-03-19 11:58:00,96.5999984741211,96.7300033569336,96.54000091552734,96.72000122070312,365
2026-03-19 11:59:00,96.63999938964844,96.66999816894533,96.56999969482422,96.5999984741211,113
2026-03-19 12:00:00,96.7300033569336,96.80999755859376,96.66999816894533,96.66999816894533,163
2026-03-19 12:01:00,96.77999877929688,96.86000061035156,96.5999984741211,96.7300033569336,460
2026-03-19 12:02:00,96.58999633789062,96.8499984741211,96.56999969482422,96.77999877929688,386
2026-03-19 12:03:00,96.72000122070312,96.73999786376952,96.56999969482422,96.5999984741211,229
2026-03-19 12:04:00,96.81999969482422,96.94000244140624,96.73999786376952,96.73999786376952,276
2026-03-19 12:05:00,96.6500015258789,96.81999969482422,96.47000122070312,96.81999969482422,305
2026-03-19 12:06:00,96.36000061035156,96.8000030517578,96.25,96.6500015258789,1062
2026-03-19 12:07:00,95.79000091552734,96.4499969482422,95.5,96.37000274658205,2996
2026-03-19 12:08:00,95.7300033569336,96.13999938964844,95.62000274658205,95.77999877929688,1068
2026-03-19 12:09:00,96.0500030517578,96.29000091552734,95.73999786376952,95.73999786376952,961
2026-03-19 12:10:00,96.08999633789062,96.2300033569336,95.87999725341795,96.0199966430664,640
2026-03-19 12:11:00,96.26000213623048,96.29000091552734,96.01000213623048,96.08999633789062,512
2026-03-19 12:12:00,96.37999725341795,96.41000366210938,96.22000122070312,96.25,396
2026-03-19 12:13:00,96.43000030517578,96.5,96.3499984741211,96.37000274658205,427
2026-03-19 12:14:00,96.33999633789062,96.48999786376952,96.22000122070312,96.45999908447266,266
2026-03-19 12:15:00,96.1999969482422,96.37000274658205,96.16999816894533,96.33999633789062,264
2026-03-19 12:16:00,96.25,96.4499969482422,96.19000244140624,96.20999908447266,321
2026-03-19 12:17:00,96.41999816894533,96.43000030517578,96.22000122070312,96.26000213623048,336
2026-03-19 12:18:00,96.45999908447266,96.72000122070312,96.4000015258789,96.41000366210938,492
2026-03-19 12:19:00,96.58999633789062,96.79000091552734,96.48999786376952,96.48999786376952,405
2026-03-19 12:20:00,96.47000122070312,96.61000061035156,96.41999816894533,96.5999984741211,202
2026-03-19 12:21:00,96.41000366210938,96.52999877929688,96.3499984741211,96.4499969482422,269
2026-03-19 12:22:00,96.33999633789062,96.44000244140624,96.3000030517578,96.4000015258789,271
2026-03-19 12:23:00,96.33999633789062,96.44000244140624,96.2699966430664,96.33999633789062,217
2026-03-19 12:24:00,96.25,96.38999938964844,96.19000244140624,96.3499984741211,395
2026-03-19 12:25:00,96.4000015258789,96.41999816894533,96.19000244140624,96.22000122070312,298
2026-03-19 12:26:00,96.5199966430664,96.58999633789062,96.30999755859376,96.38999938964844,232
2026-03-19 12:27:00,96.33000183105467,96.52999877929688,96.29000091552734,96.52999877929688,344
2026-03-19 12:28:00,96.1999969482422,96.36000061035156,96.12999725341795,96.36000061035156,202
2026-03-19 12:29:00,96.18000030517578,96.2699966430664,96.1500015258789,96.18000030517578,499
2026-03-19 12:30:00,96.3499984741211,96.43000030517578,96.19000244140624,96.2300033569336,493
2026-03-19 12:31:00,96.0500030517578,96.33000183105467,95.95999908447266,96.33000183105467,380
2026-03-19 12:32:00,95.45999908447266,96.16000366210938,95.38999938964844,96.04000091552734,2705
2026-03-19 12:33:00,95.58000183105467,95.5999984741211,95.2699966430664,95.4800033569336,1208
2026-03-19 12:34:00,95.87999725341795,95.88999938964844,95.58000183105467,95.58000183105467,708
2026-03-19 12:35:00,95.47000122070312,95.93000030517578,95.43000030517578,95.87000274658205,1325
2026-03-19 12:36:00,95.56999969482422,95.63999938964844,95.29000091552734,95.5,991
2026-03-19 12:37:00,95.73999786376952,95.83000183105467,95.54000091552734,95.55999755859376,580
2026-03-19 12:38:00,96.01000213623048,96.0199966430664,95.6999969482422,95.7300033569336,344
2026-03-19 12:39:00,95.9800033569336,96.02999877929688,95.91000366210938,96.0,261
2026-03-19 12:40:00,96.06999969482422,96.12999725341795,95.86000061035156,96.0,335
2026-03-19 12:41:00,96.0500030517578,96.1999969482422,96.0,96.08999633789062,331
2026-03-19 12:42:00,96.0500030517578,96.11000061035156,95.98999786376952,96.04000091552734,198
2026-03-19 12:43:00,95.86000061035156,96.06999969482422,95.83999633789062,96.06999969482422,411
2026-03-19 12:44:00,95.86000061035156,95.91000366210938,95.77999877929688,95.87000274658205,283
2026-03-19 12:45:00,95.83999633789062,96.0500030517578,95.75,95.83999633789062,280
2026-03-19 12:46:00,96.0,96.04000091552734,95.83000183105467,95.83999633789062,153
2026-03-19 12:47:00,96.04000091552734,96.08999633789062,95.9499969482422,96.0,331
2026-03-19 12:48:00,95.97000122070312,96.06999969482422,95.9499969482422,96.02999877929688,324
2026-03-19 12:49:00,96.02999877929688,96.0500030517578,95.88999938964844,95.9800033569336,239
2026-03-19 12:50:00,96.19000244140624,96.22000122070312,95.98999786376952,96.0199966430664,339
2026-03-19 12:51:00,96.31999969482422,96.3499984741211,96.08000183105467,96.1500015258789,749
2026-03-19 12:52:00,96.37000274658205,96.47000122070312,96.2699966430664,96.30999755859376,658
2026-03-19 12:53:00,96.13999938964844,96.37000274658205,96.08999633789062,96.3499984741211,431
2026-03-19 12:54:00,95.9800033569336,96.13999938964844,95.91000366210938,96.12000274658205,474
2026-03-19 12:55:00,96.16999816894533,96.16999816894533,96.0,96.0,276
2026-03-19 12:56:00,96.08999633789062,96.20999908447266,96.02999877929688,96.18000030517578,214
2026-03-19 12:57:00,96.11000061035156,96.1500015258789,96.0500030517578,96.08000183105467,92
2026-03-19 12:58:00,96.12999725341795,96.1999969482422,95.9800033569336,96.12000274658205,457
2026-03-19 12:59:00,96.29000091552734,96.29000091552734,96.02999877929688,96.12000274658205,302
2026-03-19 13:00:00,96.16999816894533,96.31999969482422,95.98999786376952,96.29000091552734,1244
2026-03-19 13:01:00,96.3000030517578,96.33999633789062,95.91999816894533,96.1500015258789,969
2026-03-19 13:02:00,96.25,96.43000030517578,96.18000030517578,96.31999969482422,789
2026-03-19 13:03:00,96.43000030517578,96.56999969482422,96.25,96.27999877929688,1337
2026-03-19 13:04:00,96.2699966430664,96.45999908447266,96.16000366210938,96.44000244140624,716
2026-03-19 13:05:00,96.66000366210938,96.69000244140624,96.16000366210938,96.2699966430664,896
2026-03-19 13:06:00,96.9800033569336,97.0,96.63999938964844,96.66999816894533,1093
2026-03-19 13:07:00,96.75,96.9800033569336,96.69000244140624,96.95999908447266,812
2026-03-19 13:08:00,96.66000366210938,96.8000030517578,96.6500015258789,96.76000213623048,474
2026-03-19 13:09:00,96.58999633789062,96.66000366210938,96.48999786376952,96.6500015258789,609
2026-03-19 13:10:00,96.80999755859376,96.9000015258789,96.58000183105467,96.58999633789062,533
2026-03-19 13:11:00,96.58000183105467,96.81999969482422,96.29000091552734,96.80999755859376,868
2026-03-19 13:12:00,96.45999908447266,96.66999816894533,96.41000366210938,96.55999755859376,453
2026-03-19 13:13:00,96.3499984741211,96.47000122070312,96.3000030517578,96.44000244140624,481
2026-03-19 13:14:00,96.4499969482422,96.45999908447266,96.3000030517578,96.37000274658205,231
2026-03-19 13:15:00,96.1500015258789,96.4800033569336,96.12000274658205,96.4499969482422,452
2026-03-19 13:16:00,95.5999984741211,96.19000244140624,95.41000366210938,96.16000366210938,1626
2026-03-19 13:17:00,95.98999786376952,96.02999877929688,95.43000030517578,95.5999984741211,1107
2026-03-19 13:18:00,95.83999633789062,96.18000030517578,95.81999969482422,95.97000122070312,1354
2026-03-19 13:19:00,95.9800033569336,96.1500015258789,95.79000091552734,95.83000183105467,1177
2026-03-19 13:20:00,96.16000366210938,96.1999969482422,95.36000061035156,95.9800033569336,2593
2026-03-19 13:21:00,96.30999755859376,96.48999786376952,96.04000091552734,96.13999938964844,1491
2026-03-19 13:22:00,96.4800033569336,96.55999755859376,96.06999969482422,96.29000091552734,1042
2026-03-19 13:23:00,96.91999816894533,96.97000122070312,96.45999908447266,96.45999908447266,1620
2026-03-19 13:24:00,96.81999969482422,97.08000183105467,96.79000091552734,96.91999816894533,1396
2026-03-19 13:25:00,96.98999786376952,97.12000274658205,96.79000091552734,96.83999633789062,855
2026-03-19 13:26:00,96.95999908447266,97.05999755859376,96.83000183105467,96.9800033569336,575
2026-03-19 13:27:00,96.81999969482422,96.9800033569336,96.72000122070312,96.9499969482422,628
2026-03-19 13:28:00,96.9000015258789,96.94000244140624,96.77999877929688,96.80999755859376,391
2026-03-19 13:29:00,96.6500015258789,96.91999816894533,96.61000061035156,96.88999938964844,561
2026-03-19 13:30:00,97.12999725341795,97.25,96.48999786376952,96.66000366210938,1819
2026-03-19 13:31:00,96.87000274658205,97.2300033569336,96.80999755859376,97.13999938964844,862
2026-03-19 13:32:00,96.5999984741211,96.8499984741211,96.5500030517578,96.83999633789062,707
2026-03-19 13:33:00,96.80999755859376,96.86000061035156,96.54000091552734,96.58999633789062,952
2026-03-19 13:34:00,96.75,96.91999816894533,96.6999969482422,96.80999755859376,633
2026-03-19 13:35:00,96.72000122070312,96.86000061035156,96.6500015258789,96.75,739
2026-03-19 13:36:00,96.73999786376952,96.86000061035156,96.62999725341795,96.70999908447266,977
2026-03-19 13:37:00,96.79000091552734,96.8499984741211,96.66000366210938,96.72000122070312,600
2026-03-19 13:38:00,96.4000015258789,96.76000213623048,96.33999633789062,96.76000213623048,1554
2026-03-19 13:39:00,96.66999816894533,96.77999877929688,96.38999938964844,96.41000366210938,826
2026-03-19 13:40:00,96.95999908447266,96.9800033569336,96.58000183105467,96.66999816894533,1213
2026-03-19 13:41:00,96.61000061035156,96.9800033569336,96.52999877929688,96.9800033569336,837
2026-03-19 13:42:00,96.5999984741211,96.6999969482422,96.5,96.5999984741211,676
2026-03-19 13:43:00,96.77999877929688,96.87000274658205,96.58000183105467,96.5999984741211,589
2026-03-19 13:44:00,96.62999725341795,96.87999725341795,96.51000213623048,96.79000091552734,782
2026-03-19 13:45:00,96.68000030517578,96.76000213623048,96.41999816894533,96.62000274658205,588
2026-03-19 13:46:00,96.6999969482422,96.88999938964844,96.63999938964844,96.68000030517578,1006
2026-03-19 13:47:00,96.75,96.75,96.47000122070312,96.68000030517578,843
2026-03-19 13:48:00,96.62999725341795,96.83999633789062,96.4800033569336,96.73999786376952,903
2026-03-19 13:49:00,96.63999938964844,96.70999908447266,96.44000244140624,96.63999938964844,738
2026-03-19 13:50:00,96.01000213623048,96.73999786376952,95.91999816894533,96.66000366210938,1795
2026-03-19 13:51:00,95.83000183105467,96.0500030517578,95.6500015258789,96.04000091552734,1590
2026-03-19 13:52:00,96.01000213623048,96.12000274658205,95.77999877929688,95.81999969482422,1017
2026-03-19 13:53:00,96.0,96.16000366210938,95.83999633789062,95.9800033569336,1208
2026-03-19 13:54:00,96.12000274658205,96.2699966430664,95.88999938964844,96.0199966430664,671
2026-03-19 13:55:00,96.13999938964844,96.22000122070312,96.04000091552734,96.12000274658205,436
2026-03-19 13:56:00,96.2699966430664,96.38999938964844,96.0999984741211,96.12999725341795,970
2026-03-19 13:57:00,96.3000030517578,96.3499984741211,96.18000030517578,96.25,599
2026-03-19 13:58:00,96.0199966430664,96.29000091552734,95.9800033569336,96.29000091552734,777
2026-03-19 13:59:00,96.11000061035156,96.20999908447266,96.0199966430664,96.02999877929688,613
2026-03-19 14:00:00,95.83999633789062,96.12000274658205,95.80999755859376,96.08999633789062,1073
2026-03-19 14:01:00,96.13999938964844,96.3000030517578,95.77999877929688,95.83000183105467,1044
2026-03-19 14:02:00,96.41999816894533,96.5,96.12000274658205,96.12999725341795,1935
2026-03-19 14:03:00,96.2699966430664,96.4800033569336,96.2699966430664,96.43000030517578,1057
2026-03-19 14:04:00,96.56999969482422,96.5999984741211,96.2699966430664,96.27999877929688,576
2026-03-19 14:05:00,96.58000183105467,96.66999816894533,96.5,96.58000183105467,698
2026-03-19 14:06:00,96.79000091552734,96.9000015258789,96.5500030517578,96.56999969482422,1435
2026-03-19 14:07:00,96.77999877929688,96.8000030517578,96.69000244140624,96.7699966430664,600
2026-03-19 14:08:00,96.66999816894533,96.75,96.52999877929688,96.75,581
2026-03-19 14:09:00,96.52999877929688,96.69000244140624,96.4499969482422,96.66999816894533,1137
2026-03-19 14:10:00,96.44000244140624,96.56999969482422,96.37999725341795,96.5199966430664,774
2026-03-19 14:11:00,96.02999877929688,96.4800033569336,95.87999725341795,96.45999908447266,1574
2026-03-19 14:12:00,96.36000061035156,96.37999725341795,96.0,96.04000091552734,1246
2026-03-19 14:13:00,96.38999938964844,96.43000030517578,96.2300033569336,96.3499984741211,1068
2026-03-19 14:14:00,96.4000015258789,96.73999786376952,96.38999938964844,96.4000015258789,1049
2026-03-19 14:15:00,96.5,96.55999755859376,96.36000061035156,96.41000366210938,664
2026-03-19 14:16:00,96.4000015258789,96.5199966430664,96.3000030517578,96.51000213623048,482
2026-03-19 14:17:00,96.44000244140624,96.4499969482422,96.29000091552734,96.38999938964844,452
2026-03-19 14:18:00,96.73999786376952,96.8000030517578,96.43000030517578,96.4499969482422,778
2026-03-19 14:19:00,96.7699966430664,96.83999633789062,96.6999969482422,96.75,651
2026-03-19 14:20:00,96.6500015258789,96.79000091552734,96.61000061035156,96.79000091552734,481
2026-03-19 14:21:00,97.0199966430664,97.06999969482422,96.58000183105467,96.63999938964844,1112
2026-03-19 14:22:00,97.12000274658205,97.13999938964844,96.91999816894533,97.0199966430664,596
2026-03-19 14:23:00,97.0199966430664,97.1999969482422,96.97000122070312,97.0999984741211,928
2026-03-19 14:24:00,96.86000061035156,97.02999877929688,96.83000183105467,97.02999877929688,509
2026-03-19 14:25:00,96.83999633789062,96.91000366210938,96.7699966430664,96.87999725341795,431
2026-03-19 14:26:00,96.91999816894533,97.01000213623048,96.83999633789062,96.86000061035156,454
2026-03-19 14:27:00,97.08000183105467,97.12999725341795,96.91000366210938,96.93000030517578,717
2026-03-19 14:28:00,96.98999786376952,97.08999633789062,96.8000030517578,97.08000183105467,493
2026-03-19 14:29:00,96.97000122070312,97.06999969482422,96.9499969482422,97.0,372
2026-03-19 14:30:00,97.08999633789062,97.23999786376952,96.97000122070312,96.9800033569336,673
2026-03-19 14:31:00,96.87000274658205,97.08999633789062,96.8000030517578,97.08000183105467,716
2026-03-19 14:32:00,96.73999786376952,96.88999938964844,96.56999969482422,96.87999725341795,1095
2026-03-19 14:33:00,96.56999969482422,96.7699966430664,96.41000366210938,96.75,1394
2026-03-19 14:34:00,96.68000030517578,96.6999969482422,96.51000213623048,96.56999969482422,441
2026-03-19 14:35:00,96.54000091552734,96.66000366210938,96.4499969482422,96.6500015258789,281
2026-03-19 14:36:00,96.5199966430664,96.63999938964844,96.51000213623048,96.55999755859376,399
2026-03-19 14:37:00,96.66000366210938,96.66000366210938,96.48999786376952,96.51000213623048,425
2026-03-19 14:38:00,96.70999908447266,96.75,96.62999725341795,96.6500015258789,565
2026-03-19 14:39:00,96.7699966430664,96.80999755859376,96.68000030517578,96.7300033569336,476
2026-03-19 14:40:00,96.77999877929688,96.8499984741211,96.72000122070312,96.76000213623048,382
2026-03-19 14:41:00,96.88999938964844,96.9000015258789,96.70999908447266,96.79000091552734,343
2026-03-19 14:42:00,96.77999877929688,96.9000015258789,96.7699966430664,96.87000274658205,371
2026-03-19 14:43:00,96.44000244140624,96.83000183105467,96.43000030517578,96.77999877929688,803
2026-03-19 14:44:00,96.55999755859376,96.58000183105467,96.33999633789062,96.44000244140624,898
2026-03-19 14:45:00,96.6500015258789,96.77999877929688,96.51000213623048,96.56999969482422,466
2026-03-19 14:46:00,96.5199966430664,96.8000030517578,96.5199966430664,96.63999938964844,431
2026-03-19 14:47:00,96.55999755859376,96.70999908447266,96.5199966430664,96.5199966430664,463
2026-03-19 14:48:00,96.3499984741211,96.58000183105467,96.30999755859376,96.56999969482422,898
2026-03-19 14:49:00,96.37000274658205,96.37999725341795,96.2300033569336,96.33999633789062,770
2026-03-19 14:50:00,96.5,96.5199966430664,96.33999633789062,96.38999938964844,452
2026-03-19 14:51:00,96.33999633789062,96.48999786376952,96.22000122070312,96.4800033569336,645
2026-03-19 14:52:00,96.33000183105467,96.4000015258789,96.2699966430664,96.3499984741211,333
2026-03-19 14:53:00,96.2300033569336,96.3499984741211,96.0999984741211,96.33999633789062,1409
2026-03-19 14:54:00,96.3499984741211,96.5199966430664,96.20999908447266,96.20999908447266,1035
2026-03-19 14:55:00,96.4800033569336,96.52999877929688,96.36000061035156,96.36000061035156,396
2026-03-19 14:56:00,96.48999786376952,96.5500030517578,96.3000030517578,96.47000122070312,514
2026-03-19 14:57:00,96.5,96.62999725341795,96.45999908447266,96.48999786376952,854
2026-03-19 14:58:00,96.62999725341795,96.66999816894533,96.4800033569336,96.51000213623048,580
2026-03-19 14:59:00,96.5,96.6500015258789,96.41999816894533,96.62999725341795,271
2026-03-19 15:00:00,96.4499969482422,96.5199966430664,96.33999633789062,96.51000213623048,610
2026-03-19 15:01:00,96.51000213623048,96.5199966430664,96.3499984741211,96.47000122070312,517
2026-03-19 15:02:00,96.5500030517578,96.66000366210938,96.4800033569336,96.51000213623048,424
2026-03-19 15:03:00,96.41999816894533,96.55999755859376,96.33999633789062,96.54000091552734,510
2026-03-19 15:04:00,96.23999786376952,96.5,96.18000030517578,96.4499969482422,565
2026-03-19 15:05:00,95.98999786376952,96.23999786376952,95.94000244140624,96.23999786376952,1205
2026-03-19 15:06:00,95.91999816894533,96.08000183105467,95.69000244140624,95.98999786376952,1937
2026-03-19 15:07:00,96.08999633789062,96.0999984741211,95.80999755859376,95.91000366210938,1341
2026-03-19 15:08:00,96.13999938964844,96.20999908447266,96.0199966430664,96.08000183105467,649
2026-03-19 15:09:00,96.0,96.22000122070312,95.94000244140624,96.1500015258789,563
2026-03-19 15:10:00,96.1999969482422,96.1999969482422,95.93000030517578,96.0199966430664,699
2026-03-19 15:11:00,96.16999816894533,96.33000183105467,96.04000091552734,96.19000244140624,674
2026-03-19 15:12:00,96.08000183105467,96.27999877929688,96.08000183105467,96.16000366210938,389
2026-03-19 15:13:00,96.0,96.12000274658205,95.79000091552734,96.06999969482422,1157
2026-03-19 15:14:00,96.02999877929688,96.12000274658205,95.95999908447266,96.0,610
2026-03-19 15:15:00,95.94000244140624,96.20999908447266,95.94000244140624,96.0199966430664,581
2026-03-19 15:16:00,95.86000061035156,95.98999786376952,95.83000183105467,95.93000030517578,443
2026-03-19 15:17:00,95.94000244140624,95.9499969482422,95.80999755859376,95.86000061035156,489
2026-03-19 15:18:00,96.04000091552734,96.08000183105467,95.94000244140624,95.94000244140624,511
2026-03-19 15:19:00,96.20999908447266,96.2300033569336,96.04000091552734,96.04000091552734,811
2026-03-19 15:20:00,96.37000274658205,96.43000030517578,96.16999816894533,96.19000244140624,1050
2026-03-19 15:21:00,96.37000274658205,96.4000015258789,96.25,96.36000061035156,905
2026-03-19 15:22:00,96.4000015258789,96.4800033569336,96.3499984741211,96.36000061035156,619
2026-03-19 15:23:00,96.51000213623048,96.58000183105467,96.4000015258789,96.4000015258789,679
2026-03-19 15:24:00,96.5500030517578,96.62000274658205,96.44000244140624,96.51000213623048,755
2026-03-19 15:25:00,96.62999725341795,96.7300033569336,96.51000213623048,96.54000091552734,671
2026-03-19 15:26:00,96.52999877929688,96.6500015258789,96.45999908447266,96.63999938964844,590
2026-03-19 15:27:00,96.47000122070312,96.52999877929688,96.41999816894533,96.52999877929688,454
2026-03-19 15:28:00,96.3499984741211,96.45999908447266,96.20999908447266,96.45999908447266,1029
2026-03-19 15:29:00,96.08000183105467,96.33999633789062,96.04000091552734,96.33000183105467,708
2026-03-19 15:30:00,96.08000183105467,96.16999816894533,96.0,96.08999633789062,693
2026-03-19 15:31:00,96.1999969482422,96.2300033569336,96.0,96.08999633789062,750
2026-03-19 15:32:00,96.06999969482422,96.2300033569336,96.04000091552734,96.20999908447266,540
2026-03-19 15:33:00,96.25,96.26000213623048,96.08000183105467,96.08999633789062,373
2026-03-19 15:34:00,96.37000274658205,96.37999725341795,96.16000366210938,96.25,1029
2026-03-19 15:35:00,96.37000274658205,96.43000030517578,96.29000091552734,96.36000061035156,749
2026-03-19 15:36:00,96.62999725341795,96.70999908447266,96.36000061035156,96.36000061035156,2152
2026-03-19 15:37:00,96.8499984741211,96.87999725341795,96.62999725341795,96.62999725341795,1277
2026-03-19 15:38:00,96.7699966430664,96.87999725341795,96.73999786376952,96.83999633789062,561
2026-03-19 15:39:00,96.80999755859376,96.87000274658205,96.6999969482422,96.75,490
2026-03-19 15:40:00,96.76000213623048,96.86000061035156,96.73999786376952,96.8000030517578,397
2026-03-19 15:41:00,96.9000015258789,96.9000015258789,96.75,96.76000213623048,487
2026-03-19 15:42:00,97.0199966430664,97.18000030517578,96.87999725341795,96.9000015258789,1625
2026-03-19 15:43:00,97.86000061035156,97.9000015258789,96.97000122070312,97.01000213623048,5943
2026-03-19 15:44:00,98.70999908447266,98.76000213623048,97.72000122070312,97.83999633789062,8367
2026-03-19 15:45:00,99.70999908447266,100.0,98.66000366210938,98.6999969482422,9022
2026-03-19 15:46:00,99.47000122070312,100.27999877929688,99.30999755859376,99.70999908447266,7553
2026-03-19 15:47:00,99.87000274658205,100.20999908447266,99.16000366210938,99.5,4807
2026-03-19 15:48:00,99.94000244140624,100.1500015258789,99.54000091552734,99.86000061035156,3620
2026-03-19 15:49:00,99.87000274658205,99.98999786376952,99.6999969482422,99.94000244140624,2665
2026-03-19 15:50:00,99.94000244140624,100.4800033569336,99.81999969482422,99.86000061035156,2889
2026-03-19 15:51:00,99.72000122070312,99.93000030517578,99.5,99.93000030517578,2467
2026-03-19 15:52:00,98.8499984741211,99.7300033569336,98.77999877929688,99.72000122070312,2787
2026-03-19 15:53:00,98.68000030517578,98.94000244140624,98.31999969482422,98.87000274658205,2674
2026-03-19 15:54:00,98.79000091552734,98.88999938964844,98.45999908447266,98.66999816894533,2030
2026-03-19 15:55:00,98.30999755859376,98.87000274658205,98.0999984741211,98.77999877929688,3483
2026-03-19 15:56:00,98.43000030517578,98.5,98.05999755859376,98.30999755859376,2428
2026-03-19 15:57:00,98.5,98.6500015258789,98.0999984741211,98.41999816894533,1883
2026-03-19 15:58:00,98.25,98.52999877929688,98.0500030517578,98.45999908447266,1144
2026-03-19 15:59:00,98.08000183105467,98.27999877929688,98.0,98.26000213623048,1211
2026-03-19 16:00:00,98.0500030517578,98.43000030517578,98.0500030517578,98.0500030517578,1234
2026-03-19 16:01:00,97.83999633789062,98.16999816894533,97.7300033569336,98.0500030517578,1706
2026-03-19 16:02:00,97.43000030517578,97.86000061035156,97.12999725341795,97.83000183105467,2838
2026-03-19 16:03:00,97.1500015258789,97.4800033569336,96.9499969482422,97.44000244140624,2582
2026-03-19 16:04:00,97.54000091552734,97.63999938964844,97.02999877929688,97.16000366210938,2113
2026-03-19 16:05:00,97.45999908447266,97.70999908447266,97.2699966430664,97.56999969482422,1023
2026-03-19 16:06:00,97.52999877929688,97.5999984741211,97.37000274658205,97.4499969482422,759
2026-03-19 16:07:00,97.54000091552734,97.7300033569336,97.4800033569336,97.52999877929688,971
2026-03-19 16:08:00,97.63999938964844,97.83999633789062,97.5199966430664,97.5500030517578,784
2026-03-19 16:09:00,97.58999633789062,97.86000061035156,97.52999877929688,97.62999725341795,913
2026-03-19 16:10:00,97.66999816894533,97.6999969482422,97.5500030517578,97.58999633789062,655
2026-03-19 16:11:00,97.6999969482422,97.9000015258789,97.5999984741211,97.66000366210938,1021
2026-03-19 16:12:00,97.56999969482422,97.83000183105467,97.54000091552734,97.69000244140624,755
2026-03-19 16:13:00,97.8499984741211,97.87999725341795,97.54000091552734,97.55999755859376,601
2026-03-19 16:14:00,97.70999908447266,97.86000061035156,97.63999938964844,97.83999633789062,554
2026-03-19 16:15:00,97.93000030517578,97.9499969482422,97.72000122070312,97.72000122070312,476
2026-03-19 16:16:00,98.19000244140624,98.31999969482422,97.9000015258789,97.93000030517578,1141
2026-03-19 16:17:00,98.31999969482422,98.4499969482422,98.13999938964844,98.1999969482422,818
2026-03-19 16:18:00,98.33999633789062,98.41999816894533,98.3000030517578,98.36000061035156,515
2026-03-19 16:19:00,98.18000030517578,98.33999633789062,98.05999755859376,98.33000183105467,688
2026-03-19 16:20:00,98.23999786376952,98.33000183105467,98.18000030517578,98.19000244140624,445
2026-03-19 16:21:00,98.31999969482422,98.31999969482422,98.13999938964844,98.23999786376952,500
2026-03-19 16:22:00,98.4000015258789,98.48999786376952,98.2699966430664,98.31999969482422,638
2026-03-19 16:23:00,98.4000015258789,98.5199966430664,98.3499984741211,98.38999938964844,625
2026-03-19 16:24:00,98.41999816894533,98.52999877929688,98.30999755859376,98.41000366210938,499
2026-03-19 16:25:00,98.41000366210938,98.4499969482422,98.22000122070312,98.41999816894533,633
2026-03-19 16:26:00,98.30999755859376,98.45999908447266,98.2699966430664,98.41999816894533,521
2026-03-19 16:27:00,98.3499984741211,98.38999938964844,98.16999816894533,98.30999755859376,587
2026-03-19 16:28:00,98.44000244140624,98.66999816894533,98.33000183105467,98.33999633789062,1014
2026-03-19 16:29:00,98.4000015258789,98.45999908447266,98.25,98.44000244140624,897
2026-03-19 16:30:00,98.22000122070312,98.41000366210938,98.1999969482422,98.38999938964844,512
2026-03-19 16:31:00,98.13999938964844,98.27999877929688,98.12000274658205,98.22000122070312,1208
2026-03-19 16:32:00,98.02999877929688,98.22000122070312,97.91999816894533,98.1500015258789,714
2026-03-19 16:33:00,97.87000274658205,98.04000091552734,97.76000213623048,98.04000091552734,672
2026-03-19 16:34:00,97.81999969482422,97.91000366210938,97.77999877929688,97.8499984741211,641
2026-03-19 16:35:00,98.16000366210938,98.16999816894533,97.77999877929688,97.80999755859376,640
2026-03-19 16:36:00,98.37999725341795,98.37999725341795,98.01000213623048,98.16999816894533,987
2026-03-19 16:37:00,98.41000366210938,98.4800033569336,98.27999877929688,98.37000274658205,485
2026-03-19 16:38:00,98.05999755859376,98.4499969482422,98.0199966430664,98.37999725341795,637
2026-03-19 16:39:00,97.94000244140624,98.05999755859376,97.93000030517578,98.0500030517578,494
2026-03-19 16:40:00,97.55999755859376,97.97000122070312,97.5,97.94000244140624,1138
2026-03-19 16:41:00,97.58999633789062,97.66999816894533,97.41999816894533,97.5500030517578,669
2026-03-19 16:42:00,97.47000122070312,97.66000366210938,97.25,97.58999633789062,958
2026-03-19 16:43:00,97.4499969482422,97.51000213623048,97.31999969482422,97.47000122070312,613
2026-03-19 16:44:00,97.29000091552734,97.43000030517578,97.2300033569336,97.41999816894533,555
2026-03-19 16:45:00,97.25,97.43000030517578,97.13999938964844,97.29000091552734,727
2026-03-19 16:46:00,97.12000274658205,97.26000213623048,96.95999908447266,97.23999786376952,994
2026-03-19 16:47:00,97.19000244140624,97.31999969482422,97.0999984741211,97.12999725341795,970
2026-03-19 16:48:00,96.98999786376952,97.31999969482422,96.97000122070312,97.20999908447266,895
2026-03-19 16:49:00,97.0500030517578,97.12000274658205,96.95999908447266,97.0,401
2026-03-19 16:50:00,97.01000213623048,97.16000366210938,96.79000091552734,97.08999633789062,794
2026-03-19 16:51:00,97.22000122070312,97.25,96.95999908447266,97.0,665
2026-03-19 16:52:00,97.16999816894533,97.30999755859376,97.12000274658205,97.22000122070312,632
2026-03-19 16:53:00,97.04000091552734,97.23999786376952,97.0,97.16000366210938,474
2026-03-19 16:54:00,96.80999755859376,97.05999755859376,96.63999938964844,97.0500030517578,1029
2026-03-19 16:55:00,96.97000122070312,97.0199966430664,96.73999786376952,96.81999969482422,528
2026-03-19 16:56:00,97.2300033569336,97.3000030517578,96.95999908447266,96.95999908447266,863
2026-03-19 16:57:00,97.11000061035156,97.26000213623048,97.08999633789062,97.25,445
2026-03-19 16:58:00,97.1999969482422,97.2300033569336,97.11000061035156,97.11000061035156,218
2026-03-19 16:59:00,97.13999938964844,97.26000213623048,97.0999984741211,97.19000244140624,356
2026-03-19 17:00:00,97.16999816894533,97.20999908447266,97.0500030517578,97.12999725341795,418
2026-03-19 17:01:00,97.22000122070312,97.27999877929688,97.1500015258789,97.16000366210938,339
2026-03-19 17:02:00,97.1999969482422,97.27999877929688,97.08999633789062,97.1999969482422,320
2026-03-19 17:03:00,97.01000213623048,97.18000030517578,96.97000122070312,97.18000030517578,286
2026-03-19 17:04:00,97.0999984741211,97.1500015258789,97.0,97.0199966430664,326
2026-03-19 17:05:00,96.95999908447266,97.16000366210938,96.9000015258789,97.0999984741211,525
2026-03-19 17:06:00,96.63999938964844,97.0,96.48999786376952,96.97000122070312,1101
2026-03-19 17:07:00,96.9000015258789,96.97000122070312,96.63999938964844,96.63999938964844,608
2026-03-19 17:08:00,97.04000091552734,97.13999938964844,96.80999755859376,96.9000015258789,522
2026-03-19 17:09:00,97.0,97.13999938964844,96.9499969482422,97.05999755859376,456
2026-03-19 17:10:00,96.9499969482422,97.0199966430664,96.9000015258789,97.0,314
2026-03-19 17:11:00,97.04000091552734,97.06999969482422,96.91000366210938,96.94000244140624,437
2026-03-19 17:12:00,96.91999816894533,97.11000061035156,96.8499984741211,97.04000091552734,715
2026-03-19 17:13:00,96.87000274658205,97.01000213623048,96.87000274658205,96.91000366210938,393
2026-03-19 17:14:00,96.93000030517578,96.9800033569336,96.83999633789062,96.88999938964844,316
2026-03-19 17:15:00,96.93000030517578,96.97000122070312,96.83999633789062,96.93000030517578,609
2026-03-19 17:16:00,97.06999969482422,97.12999725341795,96.87999725341795,96.94000244140624,728
2026-03-19 17:17:00,97.0199966430664,97.08000183105467,96.97000122070312,97.08000183105467,394
2026-03-19 17:18:00,96.9800033569336,97.0500030517578,96.91999816894533,97.0199966430664,475
2026-03-19 17:19:00,96.79000091552734,97.0,96.79000091552734,96.97000122070312,443
2026-03-19 17:20:00,96.6999969482422,96.87000274658205,96.66000366210938,96.79000091552734,653
2026-03-19 17:21:00,96.66999816894533,96.76000213623048,96.5999984741211,96.69000244140624,386
2026-03-19 17:22:00,96.41999816894533,96.69000244140624,96.36000061035156,96.68000030517578,666
2026-03-19 17:23:00,96.18000030517578,96.4800033569336,95.76000213623048,96.41999816894533,2061
2026-03-19 17:24:00,96.01000213623048,96.22000122070312,95.97000122070312,96.18000030517578,763
2026-03-19 17:25:00,95.91000366210938,96.04000091552734,95.81999969482422,96.0199966430664,811
2026-03-19 17:26:00,95.7699966430664,95.98999786376952,95.66000366210938,95.91000366210938,1059
2026-03-19 17:27:00,95.55999755859376,95.76000213623048,95.5199966430664,95.76000213623048,1203
2026-03-19 17:28:00,95.62000274658205,95.68000030517578,95.52999877929688,95.56999969482422,1125
2026-03-19 17:29:00,95.4000015258789,95.68000030517578,95.33999633789062,95.62000274658205,1506
2026-03-19 17:30:00,95.37000274658205,95.4800033569336,95.12000274658205,95.4000015258789,2209
2026-03-19 17:31:00,95.6500015258789,95.69000244140624,95.33000183105467,95.36000061035156,1720
2026-03-19 17:32:00,95.81999969482422,95.9000015258789,95.63999938964844,95.66999816894533,1855
2026-03-19 17:33:00,96.08000183105467,96.16000366210938,95.7699966430664,95.81999969482422,1147
2026-03-19 17:34:00,96.1500015258789,96.19000244140624,95.97000122070312,96.08000183105467,676
2026-03-19 17:35:00,96.05999755859376,96.22000122070312,95.93000030517578,96.16000366210938,651
2026-03-19 17:36:00,96.08000183105467,96.16999816894533,96.0,96.08000183105467,509
2026-03-19 17:37:00,96.02999877929688,96.16000366210938,95.9800033569336,96.0999984741211,424
2026-03-19 17:38:00,95.9000015258789,96.02999877929688,95.9000015258789,96.02999877929688,442
2026-03-19 17:39:00,95.97000122070312,96.0500030517578,95.9000015258789,95.9000015258789,343
2026-03-19 17:40:00,96.16999816894533,96.18000030517578,95.88999938964844,95.98999786376952,621
2026-03-19 17:41:00,96.33999633789062,96.38999938964844,96.16999816894533,96.18000030517578,968
2026-03-19 17:42:00,96.26000213623048,96.4000015258789,96.18000030517578,96.36000061035156,536
2026-03-19 17:43:00,96.26000213623048,96.31999969482422,96.1999969482422,96.26000213623048,657
2026-03-19 17:44:00,95.93000030517578,96.22000122070312,95.87999725341795,96.22000122070312,977
2026-03-19 17:45:00,95.91999816894533,96.01000213623048,95.83000183105467,95.93000030517578,663
2026-03-19 17:46:00,95.97000122070312,96.0199966430664,95.87999725341795,95.91000366210938,420
2026-03-19 17:47:00,96.04000091552734,96.11000061035156,95.93000030517578,95.97000122070312,317
2026-03-19 17:48:00,96.01000213623048,96.08000183105467,95.98999786376952,96.0500030517578,274
2026-03-19 17:49:00,96.11000061035156,96.27999877929688,96.0,96.0199966430664,1189
2026-03-19 17:50:00,95.7300033569336,96.13999938964844,95.72000122070312,96.12000274658205,716
2026-03-19 17:51:00,95.7300033569336,95.8000030517578,95.69000244140624,95.73999786376952,349
2026-03-19 17:52:00,95.6500015258789,95.8000030517578,95.48999786376952,95.7300033569336,668
2026-03-19 17:53:00,95.80999755859376,95.87999725341795,95.62999725341795,95.62999725341795,461
2026-03-19 17:54:00,95.8499984741211,95.98999786376952,95.77999877929688,95.81999969482422,588
2026-03-19 17:55:00,95.9000015258789,95.91000366210938,95.80999755859376,95.8499984741211,262
2026-03-19 17:56:00,95.79000091552734,95.9000015258789,95.77999877929688,95.9000015258789,500
2026-03-19 17:57:00,95.72000122070312,95.9499969482422,95.6999969482422,95.8000030517578,714
2026-03-19 17:58:00,95.87999725341795,95.88999938964844,95.72000122070312,95.73999786376952,493
2026-03-19 17:59:00,95.8000030517578,95.88999938964844,95.7699966430664,95.88999938964844,193
2026-03-19 18:00:00,95.9499969482422,96.08000183105467,95.8000030517578,95.8000030517578,867
2026-03-19 18:01:00,95.87999725341795,96.08000183105467,95.8499984741211,95.93000030517578,760
2026-03-19 18:02:00,95.72000122070312,95.93000030517578,95.68000030517578,95.87000274658205,1336
2026-03-19 18:03:00,95.66000366210938,95.79000091552734,95.56999969482422,95.70999908447266,1077
2026-03-19 18:04:00,95.5199966430664,95.83999633789062,95.41999816894533,95.66999816894533,1678
2026-03-19 18:05:00,94.75,95.5,94.58000183105467,95.48999786376952,3584
2026-03-19 18:06:00,95.0,95.06999969482422,94.76000213623048,94.7699966430664,1275
2026-03-19 18:07:00,95.02999877929688,95.19000244140624,94.93000030517578,94.98999786376952,1327
2026-03-19 18:08:00,94.8000030517578,95.0999984741211,94.56999969482422,95.0199966430664,3576
2026-03-19 18:09:00,94.8000030517578,94.91000366210938,94.73999786376952,94.80999755859376,1069
2026-03-19 18:10:00,94.6999969482422,94.86000061035156,94.5199966430664,94.79000091552734,1449
2026-03-19 18:11:00,94.62999725341795,94.73999786376952,94.16000366210938,94.68000030517578,1807
2026-03-19 18:12:00,94.62999725341795,94.7300033569336,94.51000213623048,94.6500015258789,984
2026-03-19 18:13:00,94.68000030517578,94.77999877929688,94.54000091552734,94.62999725341795,1151
2026-03-19 18:14:00,94.7300033569336,94.8499984741211,94.66000366210938,94.72000122070312,762
2026-03-19 18:15:00,94.7699966430664,94.87000274658205,94.4499969482422,94.72000122070312,1227
2026-03-19 18:16:00,94.87000274658205,94.9000015258789,94.5999984741211,94.7699966430664,1449
2026-03-19 18:17:00,94.9800033569336,95.0,94.80999755859376,94.8499984741211,1044
2026-03-19 18:18:00,95.02999877929688,95.11000061035156,94.88999938964844,94.97000122070312,1179
2026-03-19 18:19:00,94.93000030517578,95.08000183105467,94.87000274658205,95.02999877929688,1065
2026-03-19 18:20:00,95.23999786376952,95.25,94.88999938964844,94.93000030517578,1385
2026-03-19 18:21:00,95.0999984741211,95.31999969482422,95.06999969482422,95.2300033569336,1105
2026-03-19 18:22:00,95.22000122070312,95.26000213623048,95.08000183105467,95.08999633789062,1060
2026-03-19 18:23:00,95.2699966430664,95.30999755859376,95.18000030517578,95.20999908447266,984
2026-03-19 18:24:00,95.27999877929688,95.31999969482422,95.0999984741211,95.27999877929688,1346
2026-03-19 18:25:00,95.25,95.45999908447266,95.22000122070312,95.2699966430664,2273
2026-03-19 18:26:00,95.44000244140624,95.47000122070312,95.23999786376952,95.26000213623048,1337
2026-03-19 18:27:00,95.33000183105467,95.45999908447266,95.2300033569336,95.44000244140624,3021
2026-03-19 18:28:00,95.5,95.58000183105467,95.16999816894533,95.33999633789062,7686
2026-03-19 18:29:00,95.61000061035156,95.83000183105467,95.4800033569336,95.5,5389
2026-03-19 18:30:00,95.70999908447266,95.80999755859376,95.5999984741211,95.62000274658205,1387
2026-03-19 18:31:00,95.62000274658205,95.73999786376952,95.55999755859376,95.70999908447266,679
2026-03-19 18:32:00,95.62000274658205,95.66999816894533,95.55999755859376,95.61000061035156,375
2026-03-19 18:33:00,95.73999786376952,95.75,95.5999984741211,95.62000274658205,425
2026-03-19 18:34:00,95.70999908447266,95.8000030517578,95.68000030517578,95.73999786376952,554
2026-03-19 18:35:00,95.62000274658205,95.75,95.5999984741211,95.70999908447266,379
2026-03-19 18:36:00,95.68000030517578,95.6999969482422,95.54000091552734,95.5999984741211,245
2026-03-19 18:37:00,95.75,95.79000091552734,95.66999816894533,95.69000244140624,310
2026-03-19 18:38:00,95.58999633789062,95.75,95.55999755859376,95.75,303
2026-03-19 18:39:00,95.58999633789062,95.68000030517578,95.56999969482422,95.5999984741211,256
2026-03-19 18:40:00,95.6500015258789,95.6500015258789,95.55999755859376,95.58000183105467,234
2026-03-19 18:41:00,95.7699966430664,95.83999633789062,95.66000366210938,95.66000366210938,406
2026-03-19 18:42:00,95.77999877929688,95.8000030517578,95.6999969482422,95.77999877929688,163
2026-03-19 18:43:00,95.93000030517578,95.95999908447266,95.75,95.8000030517578,721
2026-03-19 18:44:00,96.01000213623048,96.08999633789062,95.9499969482422,95.97000122070312,671
2026-03-19 18:45:00,95.9499969482422,96.0500030517578,95.88999938964844,96.01000213623048,367
2026-03-19 18:46:00,95.87999725341795,95.95999908447266,95.8499984741211,95.95999908447266,332
2026-03-19 18:47:00,95.91000366210938,95.91999816894533,95.8000030517578,95.9000015258789,436
2026-03-19 18:48:00,95.9000015258789,95.91999816894533,95.8000030517578,95.9000015258789,342
2026-03-19 18:49:00,96.0500030517578,96.13999938964844,95.91999816894533,95.91999816894533,352
2026-03-19 18:50:00,96.12000274658205,96.1500015258789,96.0500030517578,96.0500030517578,223
2026-03-19 18:51:00,96.18000030517578,96.1999969482422,96.11000061035156,96.12999725341795,237
2026-03-19 18:52:00,95.98999786376952,96.18000030517578,95.97000122070312,96.16999816894533,649
2026-03-19 18:53:00,95.88999938964844,96.01000213623048,95.70999908447266,95.9800033569336,508
2026-03-19 18:54:00,95.5199966430664,95.9000015258789,95.51000213623048,95.9000015258789,670
2026-03-19 18:55:00,95.3499984741211,95.62999725341795,95.30999755859376,95.54000091552734,1074
2026-03-19 18:56:00,94.98999786376952,95.38999938964844,94.79000091552734,95.37000274658205,1862
2026-03-19 18:57:00,94.8000030517578,95.08999633789062,94.62999725341795,95.0,566
2026-03-19 18:58:00,95.04000091552734,95.08999633789062,94.7699966430664,94.7699966430664,302
2026-03-19 18:59:00,94.9800033569336,95.0199966430664,94.75,95.0199966430664,372
2026-03-19 19:00:00,94.91999816894533,95.3000030517578,94.91000366210938,94.97000122070312,904
2026-03-19 19:01:00,94.73999786376952,95.06999969482422,94.68000030517578,94.94000244140624,632
2026-03-19 19:02:00,94.26000213623048,94.79000091552734,94.1500015258789,94.73999786376952,1037
2026-03-19 19:03:00,93.91999816894533,94.29000091552734,93.63999938964844,94.2699966430664,2088
2026-03-19 19:04:00,93.52999877929688,93.98999786376952,93.2699966430664,93.98999786376952,2275
2026-03-19 19:05:00,93.76000213623048,93.94000244140624,93.29000091552734,93.52999877929688,1247
2026-03-19 19:06:00,93.83999633789062,94.02999877929688,93.47000122070312,93.7699966430664,1603
2026-03-19 19:07:00,94.05999755859376,94.18000030517578,93.79000091552734,93.83999633789062,1049
2026-03-19 19:08:00,93.12999725341795,94.0999984741211,92.62999725341795,94.08000183105467,3397
2026-03-19 19:09:00,92.88999938964844,93.19000244140624,92.36000061035156,93.1500015258789,2653
2026-03-19 19:10:00,92.63999938964844,93.1999969482422,92.1999969482422,92.91000366210938,2235
2026-03-19 19:11:00,92.68000030517578,92.9800033569336,92.0999984741211,92.62000274658205,1806
2026-03-19 19:12:00,93.16999816894533,93.41000366210938,92.41999816894533,92.6500015258789,1896
2026-03-19 19:13:00,93.5199966430664,93.70999908447266,92.97000122070312,93.12999725341795,1455
2026-03-19 19:14:00,93.45999908447266,93.55999755859376,93.1999969482422,93.51000213623048,1177
2026-03-19 19:15:00,92.91999816894533,93.47000122070312,92.87999725341795,93.47000122070312,1352
2026-03-19 19:16:00,92.87999725341795,93.1999969482422,92.6500015258789,92.87999725341795,989
2026-03-19 19:17:00,92.6999969482422,92.98999786376952,92.5999984741211,92.9000015258789,944
2026-03-19 19:18:00,92.66000366210938,92.8499984741211,92.19000244140624,92.6999969482422,2106
2026-03-19 19:19:00,92.72000122070312,93.26000213623048,92.4499969482422,92.66000366210938,1396
2026-03-19 19:20:00,93.12000274658205,93.18000030517578,92.61000061035156,92.73999786376952,868
2026-03-19 19:21:00,93.0500030517578,93.3000030517578,92.88999938964844,93.0999984741211,885
2026-03-19 19:22:00,92.8499984741211,93.08999633789062,92.75,93.05999755859376,615
2026-03-19 19:23:00,92.87000274658205,92.93000030517578,92.31999969482422,92.9000015258789,928
2026-03-19 19:24:00,93.08999633789062,93.1999969482422,92.87000274658205,92.88999938964844,713
2026-03-19 19:25:00,93.36000061035156,93.37999725341795,92.97000122070312,93.06999969482422,669
2026-03-19 19:26:00,93.70999908447266,93.76000213623048,93.3499984741211,93.37000274658205,1421
2026-03-19 19:27:00,93.75,93.8499984741211,93.5,93.7300033569336,760
2026-03-19 19:28:00,93.7300033569336,93.91999816894533,93.69000244140624,93.76000213623048,668
2026-03-19 19:29:00,93.91999816894533,94.0,93.68000030517578,93.75,974
2026-03-19 19:30:00,93.68000030517578,94.1500015258789,93.62999725341795,93.93000030517578,875
2026-03-19 19:31:00,93.75,93.83999633789062,93.62000274658205,93.66999816894533,541
2026-03-19 19:32:00,93.75,93.83999633789062,93.66000366210938,93.76000213623048,254
2026-03-19 19:33:00,93.83999633789062,93.93000030517578,93.62999725341795,93.7699966430664,435
2026-03-19 19:34:00,94.16000366210938,94.33000183105467,93.77999877929688,93.83000183105467,591
2026-03-19 19:35:00,94.33000183105467,94.43000030517578,94.0199966430664,94.18000030517578,590
2026-03-19 19:36:00,94.19000244140624,94.43000030517578,94.1500015258789,94.33000183105467,1025
2026-03-19 19:37:00,94.04000091552734,94.20999908447266,93.97000122070312,94.19000244140624,669
2026-03-19 19:38:00,94.01000213623048,94.06999969482422,93.61000061035156,94.05999755859376,729
2026-03-19 19:39:00,93.88999938964844,94.11000061035156,93.87000274658205,94.04000091552734,266
2026-03-19 19:40:00,94.0500030517578,94.0500030517578,93.80999755859376,93.86000061035156,260
2026-03-19 19:41:00,94.08000183105467,94.23999786376952,94.01000213623048,94.08000183105467,262
2026-03-19 19:42:00,94.02999877929688,94.0999984741211,93.91999816894533,94.0999984741211,181
2026-03-19 19:43:00,93.77999877929688,94.0199966430664,93.73999786376952,94.0199966430664,420
2026-03-19 19:44:00,93.93000030517578,93.98999786376952,93.6500015258789,93.7699966430664,513
2026-03-19 19:45:00,94.16000366210938,94.20999908447266,93.9499969482422,93.9499969482422,399
2026-03-19 19:46:00,94.12999725341795,94.22000122070312,94.04000091552734,94.1500015258789,189
2026-03-19 19:47:00,94.08999633789062,94.12000274658205,93.98999786376952,94.11000061035156,91
2026-03-19 19:48:00,94.0500030517578,94.12000274658205,93.95999908447266,94.08999633789062,103
2026-03-19 19:49:00,94.13999938964844,94.13999938964844,93.9800033569336,94.04000091552734,154
2026-03-19 19:50:00,94.1500015258789,94.27999877929688,94.08000183105467,94.12999725341795,173
2026-03-19 19:51:00,94.30999755859376,94.31999969482422,94.1500015258789,94.18000030517578,205
2026-03-19 19:52:00,94.19000244140624,94.33000183105467,94.12999725341795,94.29000091552734,286
2026-03-19 19:53:00,94.25,94.29000091552734,94.13999938964844,94.1999969482422,170
2026-03-19 19:54:00,94.27999877929688,94.33000183105467,94.16000366210938,94.23999786376952,127
2026-03-19 19:55:00,94.37000274658205,94.41999816894533,94.29000091552734,94.29000091552734,255
2026-03-19 19:56:00,94.31999969482422,94.38999938964844,94.23999786376952,94.37000274658205,233
2026-03-19 19:57:00,94.45999908447266,94.5500030517578,94.3000030517578,94.33999633789062,360
2026-03-19 19:58:00,94.2699966430664,94.45999908447266,94.2300033569336,94.45999908447266,344
2026-03-19 19:59:00,94.2300033569336,94.27999877929688,94.0999984741211,94.2699966430664,534
2026-03-19 20:00:00,94.36000061035156,94.38999938964844,94.20999908447266,94.22000122070312,130
2026-03-19 20:01:00,94.62000274658205,94.66000366210938,94.33999633789062,94.36000061035156,470
2026-03-19 20:02:00,94.48999786376952,94.7699966430664,94.44000244140624,94.5999984741211,393
2026-03-19 20:03:00,94.51000213623048,94.56999969482422,94.4000015258789,94.5,130
2026-03-19 20:04:00,94.33999633789062,94.55999755859376,94.3000030517578,94.5,307
2026-03-19 20:05:00,94.3000030517578,94.38999938964844,94.26000213623048,94.31999969482422,182
2026-03-19 20:06:00,94.36000061035156,94.36000061035156,94.18000030517578,94.26000213623048,280
2026-03-19 20:07:00,94.37000274658205,94.37999725341795,94.29000091552734,94.3499984741211,106
2026-03-19 20:08:00,94.44000244140624,94.47000122070312,94.33999633789062,94.37000274658205,203
2026-03-19 20:09:00,94.5,94.55999755859376,94.36000061035156,94.47000122070312,357
2026-03-19 20:10:00,94.62999725341795,94.66000366210938,94.5,94.51000213623048,183
2026-03-19 20:11:00,94.51000213623048,94.5999984741211,94.4000015258789,94.5999984741211,110
2026-03-19 20:12:00,94.4499969482422,94.52999877929688,94.41000366210938,94.48999786376952,120
2026-03-19 20:13:00,94.51000213623048,94.58999633789062,94.37000274658205,94.45999908447266,138
2026-03-19 20:14:00,94.52999877929688,94.54000091552734,94.4499969482422,94.5199966430664,62
2026-03-19 20:15:00,94.45999908447266,94.5199966430664,94.41999816894533,94.51000213623048,68
2026-03-19 20:16:00,94.3499984741211,94.47000122070312,94.3000030517578,94.43000030517578,256
2026-03-19 20:17:00,94.31999969482422,94.43000030517578,94.29000091552734,94.4000015258789,99
2026-03-19 20:18:00,94.22000122070312,94.33000183105467,94.1500015258789,94.29000091552734,153
2026-03-19 20:19:00,94.23999786376952,94.3000030517578,94.18000030517578,94.23999786376952,475
2026-03-19 20:20:00,94.27999877929688,94.4000015258789,94.2300033569336,94.23999786376952,126
2026-03-19 20:21:00,94.30999755859376,94.33999633789062,94.23999786376952,94.30999755859376,101
2026-03-19 20:22:00,94.29000091552734,94.3499984741211,94.2300033569336,94.27999877929688,80
2026-03-19 20:23:00,94.33999633789062,94.3499984741211,94.2699966430664,94.27999877929688,194
2026-03-19 20:24:00,94.36000061035156,94.4499969482422,94.31999969482422,94.31999969482422,129
2026-03-19 20:25:00,94.33999633789062,94.44000244140624,94.33999633789062,94.37000274658205,49
2026-03-19 20:26:00,94.33999633789062,94.37000274658205,94.3000030517578,94.33999633789062,50
2026-03-19 20:27:00,94.3499984741211,94.37000274658205,94.31999969482422,94.3499984741211,52
2026-03-19 20:28:00,94.36000061035156,94.37999725341795,94.29000091552734,94.3499984741211,82
2026-03-19 20:29:00,94.31999969482422,94.43000030517578,94.31999969482422,94.38999938964844,143
2026-03-19 20:30:00,94.30999755859376,94.3499984741211,94.29000091552734,94.33999633789062,73
2026-03-19 20:31:00,94.27999877929688,94.3499984741211,94.23999786376952,94.3000030517578,83
2026-03-19 20:32:00,94.30999755859376,94.33000183105467,94.2699966430664,94.2699966430664,61
2026-03-19 20:33:00,94.05999755859376,94.3499984741211,94.05999755859376,94.33000183105467,195
2026-03-19 20:34:00,94.01000213623048,94.16000366210938,93.97000122070312,94.08000183105467,172
2026-03-19 20:35:00,94.12000274658205,94.12000274658205,94.04000091552734,94.04000091552734,47
2026-03-19 20:36:00,94.16000366210938,94.16999816894533,94.05999755859376,94.12000274658205,65
2026-03-19 20:37:00,94.2300033569336,94.23999786376952,94.12999725341795,94.1500015258789,93
2026-03-19 20:38:00,94.23999786376952,94.26000213623048,94.20999908447266,94.2300033569336,61
2026-03-19 20:39:00,94.55999755859376,94.58999633789062,94.25,94.2699966430664,635
2026-03-19 20:40:00,94.66000366210938,94.69000244140624,94.52999877929688,94.55999755859376,339
2026-03-19 20:41:00,94.5999984741211,94.7699966430664,94.5999984741211,94.66000366210938,483
2026-03-19 20:42:00,94.66000366210938,94.6999969482422,94.5500030517578,94.61000061035156,195
2026-03-19 20:43:00,94.69000244140624,94.69000244140624,94.56999969482422,94.63999938964844,153
2026-03-19 20:44:00,94.7300033569336,94.7699966430664,94.68000030517578,94.6999969482422,191
2026-03-19 20:45:00,94.55999755859376,94.72000122070312,94.52999877929688,94.72000122070312,139
2026-03-19 20:46:00,94.44000244140624,94.58000183105467,94.44000244140624,94.56999969482422,136
2026-03-19 20:47:00,94.45999908447266,94.5999984741211,94.45999908447266,94.4800033569336,77
2026-03-19 20:48:00,94.48999786376952,94.5500030517578,94.4499969482422,94.4800033569336,89
2026-03-19 20:49:00,94.52999877929688,94.54000091552734,94.47000122070312,94.4800033569336,125
2026-03-19 20:50:00,94.48999786376952,94.55999755859376,94.4499969482422,94.48999786376952,76
2026-03-19 20:51:00,94.4800033569336,94.5199966430664,94.43000030517578,94.47000122070312,63
2026-03-19 20:52:00,94.5999984741211,94.62000274658205,94.48999786376952,94.5,367
2026-03-19 20:53:00,94.5500030517578,94.63999938964844,94.52999877929688,94.58999633789062,90
2026-03-19 20:54:00,94.66000366210938,94.72000122070312,94.48999786376952,94.52999877929688,312
2026-03-19 20:55:00,94.70999908447266,94.76000213623048,94.6500015258789,94.6500015258789,116
2026-03-19 20:56:00,94.72000122070312,94.76000213623048,94.66999816894533,94.7300033569336,107
2026-03-19 20:57:00,94.6500015258789,94.72000122070312,94.63999938964844,94.72000122070312,202
2026-03-19 20:58:00,94.6500015258789,94.68000030517578,94.62000274658205,94.66999816894533,71
2026-03-19 20:59:00,94.58999633789062,94.63999938964844,94.5,94.63999938964844,162
2026-03-19 22:00:00,94.61000061035156,94.63999938964844,94.30999755859376,94.45999908447266,0
2026-03-19 22:01:00,94.30999755859376,94.62999725341795,94.30999755859376,94.62999725341795,62
2026-03-19 22:02:00,94.19000244140624,94.3499984741211,94.08000183105467,94.3000030517578,92
2026-03-19 22:03:00,94.08999633789062,94.29000091552734,94.08000183105467,94.20999908447266,57
2026-03-19 22:04:00,94.22000122070312,94.2699966430664,94.06999969482422,94.08000183105467,57
2026-03-19 22:05:00,94.20999908447266,94.27999877929688,94.11000061035156,94.25,47
2026-03-19 22:06:00,94.23999786376952,94.26000213623048,94.19000244140624,94.23999786376952,46
2026-03-19 22:07:00,94.56999969482422,94.61000061035156,94.22000122070312,94.2300033569336,103
2026-03-19 22:08:00,94.58000183105467,94.58999633789062,94.45999908447266,94.56999969482422,55
2026-03-19 22:09:00,94.79000091552734,94.8000030517578,94.5199966430664,94.55999755859376,88
2026-03-19 22:10:00,94.58000183105467,94.76000213623048,94.55999755859376,94.76000213623048,60
2026-03-19 22:11:00,94.63999938964844,94.63999938964844,94.5999984741211,94.5999984741211,8
2026-03-19 22:12:00,94.68000030517578,94.69000244140624,94.58999633789062,94.6500015258789,37
2026-03-19 22:13:00,94.62999725341795,94.68000030517578,94.62999725341795,94.68000030517578,11
2026-03-19 22:14:00,94.5999984741211,94.62000274658205,94.58999633789062,94.61000061035156,30
2026-03-19 22:15:00,94.62999725341795,94.62999725341795,94.56999969482422,94.5999984741211,17
2026-03-19 22:16:00,94.33999633789062,94.62000274658205,94.33999633789062,94.62000274658205,113
2026-03-19 22:17:00,94.38999938964844,94.38999938964844,94.33999633789062,94.33999633789062,42
2026-03-19 22:18:00,94.37999725341795,94.41000366210938,94.31999969482422,94.38999938964844,67
2026-03-19 22:19:00,94.3000030517578,94.45999908447266,94.3000030517578,94.37999725341795,79
2026-03-19 22:20:00,94.51000213623048,94.54000091552734,94.29000091552734,94.29000091552734,169
2026-03-19 22:21:00,94.38999938964844,94.55999755859376,94.37000274658205,94.5199966430664,51
2026-03-19 22:22:00,94.41999816894533,94.43000030517578,94.38999938964844,94.38999938964844,22
2026-03-19 22:23:00,94.4000015258789,94.4499969482422,94.37999725341795,94.44000244140624,9
2026-03-19 22:24:00,94.37000274658205,94.41999816894533,94.37000274658205,94.4000015258789,12
2026-03-19 22:25:00,94.37000274658205,94.45999908447266,94.37000274658205,94.38999938964844,38
2026-03-19 22:26:00,94.22000122070312,94.36000061035156,94.22000122070312,94.36000061035156,58
2026-03-19 22:27:00,94.31999969482422,94.31999969482422,94.23999786376952,94.26000213623048,17
2026-03-19 22:28:00,94.29000091552734,94.33000183105467,94.26000213623048,94.33000183105467,14
2026-03-19 22:29:00,94.25,94.29000091552734,94.25,94.29000091552734,11
2026-03-19 22:30:00,94.27999877929688,94.30999755859376,94.2699966430664,94.2699966430664,14
2026-03-19 22:31:00,94.25,94.3000030517578,94.25,94.3000030517578,5
2026-03-19 22:32:00,94.2300033569336,94.25,94.19000244140624,94.22000122070312,35
2026-03-19 22:33:00,94.0,94.1999969482422,93.9499969482422,94.1999969482422,216
2026-03-19 22:34:00,93.97000122070312,94.04000091552734,93.9499969482422,93.97000122070312,25
2026-03-19 22:35:00,94.11000061035156,94.13999938964844,93.9800033569336,94.0,62
2026-03-19 22:36:00,94.12999725341795,94.18000030517578,94.08000183105467,94.13999938964844,47
2026-03-19 22:37:00,94.08000183105467,94.12000274658205,94.02999877929688,94.11000061035156,77
2026-03-19 22:38:00,94.11000061035156,94.12000274658205,94.08999633789062,94.08999633789062,11
2026-03-19 22:39:00,94.08000183105467,94.11000061035156,94.04000091552734,94.11000061035156,25
2026-03-19 22:40:00,94.0500030517578,94.0999984741211,94.04000091552734,94.05999755859376,22
2026-03-19 22:41:00,94.08999633789062,94.08999633789062,94.0,94.0199966430664,32
2026-03-19 22:42:00,94.01000213623048,94.0999984741211,94.0,94.08999633789062,28
2026-03-19 22:43:00,94.04000091552734,94.06999969482422,93.95999908447266,94.02999877929688,39
2026-03-19 22:44:00,94.05999755859376,94.05999755859376,93.98999786376952,94.04000091552734,13
2026-03-19 22:45:00,94.11000061035156,94.1500015258789,94.0500030517578,94.05999755859376,39
2026-03-19 22:46:00,94.08999633789062,94.08999633789062,94.05999755859376,94.08999633789062,13
2026-03-19 22:47:00,93.95999908447266,94.06999969482422,93.95999908447266,94.05999755859376,30
2026-03-19 22:48:00,94.02999877929688,94.06999969482422,93.98999786376952,93.98999786376952,27
2026-03-19 22:49:00,94.0500030517578,94.0500030517578,94.04000091552734,94.0500030517578,19
2026-03-19 22:50:00,94.0999984741211,94.12000274658205,94.0500030517578,94.0500030517578,56
2026-03-19 22:51:00,94.13999938964844,94.13999938964844,94.12000274658205,94.12000274658205,5
2026-03-19 22:52:00,94.08999633789062,94.12000274658205,94.05999755859376,94.12000274658205,16
2026-03-19 22:53:00,94.08999633789062,94.0999984741211,94.06999969482422,94.0999984741211,13
2026-03-19 22:54:00,94.08999633789062,94.11000061035156,94.08999633789062,94.0999984741211,5
2026-03-19 22:55:00,94.0,94.08000183105467,93.9800033569336,94.08000183105467,21
2026-03-19 22:56:00,94.05999755859376,94.05999755859376,93.9499969482422,93.98999786376952,45
2026-03-19 22:57:00,94.08000183105467,94.08000183105467,94.04000091552734,94.0500030517578,17
2026-03-19 22:58:00,94.02999877929688,94.0500030517578,94.0199966430664,94.04000091552734,19
2026-03-19 22:59:00,93.98999786376952,94.02999877929688,93.9800033569336,94.0,19
2026-03-19 23:00:00,93.6999969482422,93.95999908447266,93.69000244140624,93.9499969482422,262
2026-03-19 23:01:00,93.80999755859376,93.86000061035156,93.68000030517578,93.70999908447266,119
2026-03-19 23:02:00,93.66000366210938,93.83000183105467,93.62999725341795,93.83000183105467,216
2026-03-19 23:03:00,93.73999786376952,93.73999786376952,93.62999725341795,93.6500015258789,57
2026-03-19 23:04:00,93.76000213623048,93.76000213623048,93.69000244140624,93.70999908447266,18
2026-03-19 23:05:00,93.77999877929688,93.79000091552734,93.72000122070312,93.79000091552734,27
2026-03-19 23:06:00,93.76000213623048,93.8000030517578,93.69000244140624,93.7699966430664,38
2026-03-19 23:07:00,93.73999786376952,93.77999877929688,93.69000244140624,93.76000213623048,43
2026-03-19 23:08:00,93.6500015258789,93.7699966430664,93.62000274658205,93.75,99
2026-03-19 23:09:00,93.70999908447266,93.7300033569336,93.62000274658205,93.62000274658205,68
2026-03-19 23:10:00,93.72000122070312,93.79000091552734,93.69000244140624,93.72000122070312,26
2026-03-19 23:11:00,93.79000091552734,93.79000091552734,93.7300033569336,93.7300033569336,17
2026-03-19 23:12:00,93.9499969482422,93.97000122070312,93.76000213623048,93.77999877929688,59
2026-03-19 23:13:00,93.83999633789062,93.95999908447266,93.77999877929688,93.94000244140624,69
2026-03-19 23:14:00,93.83000183105467,93.88999938964844,93.81999969482422,93.83999633789062,17
2026-03-19 23:15:00,93.87999725341795,93.88999938964844,93.81999969482422,93.81999969482422,10
2026-03-19 23:16:00,93.83000183105467,93.88999938964844,93.79000091552734,93.8499984741211,29
2026-03-19 23:17:00,93.91000366210938,93.91000366210938,93.8000030517578,93.83999633789062,34
2026-03-19 23:18:00,93.81999969482422,93.94000244140624,93.81999969482422,93.91000366210938,26
2026-03-19 23:19:00,93.94000244140624,93.94000244140624,93.80999755859376,93.81999969482422,25
2026-03-19 23:20:00,93.9000015258789,93.9499969482422,93.87999725341795,93.9499969482422,10
2026-03-19 23:21:00,93.9499969482422,93.9499969482422,93.87000274658205,93.87000274658205,22
2026-03-19 23:22:00,93.91999816894533,94.02999877929688,93.91999816894533,93.95999908447266,37
2026-03-19 23:23:00,93.9499969482422,93.97000122070312,93.9000015258789,93.9499969482422,20
2026-03-19 23:24:00,94.0,94.01000213623048,93.9499969482422,93.9499969482422,15
2026-03-19 23:25:00,93.94000244140624,94.0,93.91000366210938,94.0,25
2026-03-19 23:26:00,94.01000213623048,94.02999877929688,93.95999908447266,94.0,21
2026-03-19 23:27:00,93.9800033569336,94.0,93.95999908447266,93.98999786376952,20
2026-03-19 23:28:00,93.94000244140624,93.9800033569336,93.91999816894533,93.9800033569336,22
2026-03-19 23:29:00,93.93000030517578,93.9499969482422,93.87000274658205,93.9499969482422,44
2026-03-19 23:30:00,93.83000183105467,93.91999816894533,93.8000030517578,93.91999816894533,30
2026-03-19 23:31:00,93.77999877929688,93.86000061035156,93.7699966430664,93.86000061035156,49
2026-03-19 23:32:00,93.80999755859376,93.83999633789062,93.76000213623048,93.8000030517578,25
2026-03-19 23:33:00,93.81999969482422,93.88999938964844,93.77999877929688,93.80999755859376,51
2026-03-19 23:34:00,93.91000366210938,93.93000030517578,93.81999969482422,93.83999633789062,33
2026-03-19 23:35:00,93.93000030517578,93.9499969482422,93.91999816894533,93.91999816894533,14
2026-03-19 23:36:00,93.87000274658205,93.9800033569336,93.83999633789062,93.93000030517578,54
2026-03-19 23:37:00,93.93000030517578,93.93000030517578,93.86000061035156,93.88999938964844,14
2026-03-19 23:38:00,93.97000122070312,93.97000122070312,93.94000244140624,93.9499969482422,16
2026-03-19 23:39:00,93.83999633789062,93.98999786376952,93.83999633789062,93.9800033569336,40
2026-03-19 23:40:00,93.87999725341795,93.88999938964844,93.83999633789062,93.83999633789062,6
2026-03-19 23:41:00,93.88999938964844,93.9000015258789,93.88999938964844,93.9000015258789,5
2026-03-19 23:42:00,93.87999725341795,93.9000015258789,93.8499984741211,93.9000015258789,7
2026-03-19 23:43:00,93.83999633789062,93.87000274658205,93.80999755859376,93.83999633789062,42
2026-03-19 23:44:00,93.87999725341795,93.93000030517578,93.83999633789062,93.83999633789062,23
2026-03-19 23:45:00,93.94000244140624,93.9499969482422,93.91000366210938,93.91000366210938,14
2026-03-19 23:46:00,93.9499969482422,93.98999786376952,93.93000030517578,93.94000244140624,49
2026-03-19 23:47:00,94.01000213623048,94.0500030517578,93.9499969482422,93.95999908447266,61
2026-03-19 23:48:00,94.0199966430664,94.04000091552734,93.95999908447266,94.0,44
2026-03-19 23:49:00,94.0500030517578,94.1500015258789,94.01000213623048,94.0199966430664,175
2026-03-19 23:50:00,94.08999633789062,94.08999633789062,94.01000213623048,94.02999877929688,23
2026-03-19 23:51:00,94.12999725341795,94.12999725341795,94.06999969482422,94.06999969482422,42
2026-03-19 23:52:00,94.12999725341795,94.13999938964844,94.11000061035156,94.12999725341795,12
2026-03-19 23:53:00,94.06999969482422,94.12000274658205,94.06999969482422,94.12000274658205,29
2026-03-19 23:54:00,93.9000015258789,94.06999969482422,93.9000015258789,94.06999969482422,84
2026-03-19 23:55:00,93.9499969482422,93.97000122070312,93.91000366210938,93.91000366210938,21
2026-03-19 23:56:00,93.93000030517578,93.9800033569336,93.9000015258789,93.94000244140624,41
2026-03-19 23:57:00,93.93000030517578,93.94000244140624,93.87999725341795,93.93000030517578,46
2026-03-19 23:58:00,93.97000122070312,93.98999786376952,93.91999816894533,93.91999816894533,22
2026-03-19 23:59:00,93.95999908447266,94.08000183105467,93.95999908447266,93.9800033569336,63
2026-03-20 00:00:00,93.6500015258789,93.97000122070312,93.5199966430664,93.95999908447266,670
2026-03-20 00:01:00,93.51000213623048,93.72000122070312,93.51000213623048,93.62999725341795,280
2026-03-20 00:02:00,93.58000183105467,93.62000274658205,93.4000015258789,93.51000213623048,284
2026-03-20 00:03:00,93.62000274658205,93.62999725341795,93.54000091552734,93.58999633789062,113
2026-03-20 00:04:00,93.58999633789062,93.6500015258789,93.52999877929688,93.6500015258789,159
2026-03-20 00:05:00,93.56999969482422,93.5999984741211,93.54000091552734,93.56999969482422,37
2026-03-20 00:06:00,93.58000183105467,93.63999938964844,93.55999755859376,93.56999969482422,35
2026-03-20 00:07:00,93.61000061035156,93.61000061035156,93.5500030517578,93.58999633789062,29
2026-03-20 00:08:00,93.58000183105467,93.69000244140624,93.58000183105467,93.58999633789062,221
2026-03-20 00:09:00,93.62999725341795,93.62999725341795,93.58000183105467,93.5999984741211,27
2026-03-20 00:10:00,93.58000183105467,93.62999725341795,93.55999755859376,93.58999633789062,30
2026-03-20 00:11:00,93.63999938964844,93.63999938964844,93.5500030517578,93.56999969482422,35
2026-03-20 00:12:00,93.58999633789062,93.62999725341795,93.58000183105467,93.62999725341795,24
2026-03-20 00:13:00,93.55999755859376,93.58000183105467,93.47000122070312,93.58000183105467,163
2026-03-20 00:14:00,93.5999984741211,93.68000030517578,93.56999969482422,93.56999969482422,172
2026-03-20 00:15:00,93.58999633789062,93.5999984741211,93.5500030517578,93.5999984741211,139
2026-03-20 00:16:00,93.6500015258789,93.66000366210938,93.58000183105467,93.58999633789062,74
2026-03-20 00:17:00,93.6500015258789,93.6500015258789,93.56999969482422,93.63999938964844,85
2026-03-20 00:18:00,93.62999725341795,93.66999816894533,93.5999984741211,93.63999938964844,114
2026-03-20 00:19:00,93.62000274658205,93.66000366210938,93.61000061035156,93.61000061035156,46
2026-03-20 00:20:00,93.5999984741211,93.63999938964844,93.55999755859376,93.61000061035156,58
2026-03-20 00:21:00,93.69000244140624,93.6999969482422,93.58999633789062,93.58999633789062,75
2026-03-20 00:22:00,93.98999786376952,93.98999786376952,93.63999938964844,93.6999969482422,321
2026-03-20 00:23:00,94.0,94.08999633789062,93.83999633789062,93.98999786376952,384
2026-03-20 00:24:00,93.98999786376952,94.05999755859376,93.93000030517578,94.01000213623048,129
2026-03-20 00:25:00,93.91000366210938,94.02999877929688,93.9000015258789,93.95999908447266,133
2026-03-20 00:26:00,94.01000213623048,94.01000213623048,93.87999725341795,93.88999938964844,71
2026-03-20 00:27:00,93.93000030517578,93.98999786376952,93.93000030517578,93.97000122070312,35
2026-03-20 00:28:00,93.8499984741211,93.94000244140624,93.83999633789062,93.91999816894533,80
2026-03-20 00:29:00,93.94000244140624,93.95999908447266,93.87999725341795,93.87999725341795,78
2026-03-20 00:30:00,93.94000244140624,93.98999786376952,93.91999816894533,93.9499969482422,54
2026-03-20 00:31:00,94.23999786376952,94.3000030517578,93.94000244140624,93.94000244140624,209
2026-03-20 00:32:00,94.33999633789062,94.38999938964844,94.22000122070312,94.23999786376952,233
2026-03-20 00:33:00,94.2300033569336,94.36000061035156,94.20999908447266,94.3499984741211,95
2026-03-20 00:34:00,94.26000213623048,94.30999755859376,94.22000122070312,94.22000122070312,48
2026-03-20 00:35:00,94.19000244140624,94.25,94.16000366210938,94.2300033569336,42
2026-03-20 00:36:00,94.26000213623048,94.29000091552734,94.18000030517578,94.20999908447266,91
2026-03-20 00:37:00,94.2300033569336,94.3000030517578,94.1999969482422,94.25,224
2026-03-20 00:38:00,94.25,94.2699966430664,94.1999969482422,94.20999908447266,42
2026-03-20 00:39:00,94.25,94.29000091552734,94.25,94.2699966430664,47
2026-03-20 00:40:00,94.27999877929688,94.3000030517578,94.2300033569336,94.23999786376952,43
2026-03-20 00:41:00,94.30999755859376,94.37999725341795,94.26000213623048,94.3000030517578,150
2026-03-20 00:42:00,94.31999969482422,94.31999969482422,94.2300033569336,94.30999755859376,128
2026-03-20 00:43:00,94.33999633789062,94.33999633789062,94.3000030517578,94.31999969482422,27
2026-03-20 00:44:00,94.33999633789062,94.4499969482422,94.30999755859376,94.33999633789062,136
2026-03-20 00:45:00,94.23999786376952,94.36000061035156,94.2300033569336,94.33000183105467,94
2026-03-20 00:46:00,94.23999786376952,94.2699966430664,94.22000122070312,94.2300033569336,37
2026-03-20 00:47:00,94.1500015258789,94.3000030517578,94.1500015258789,94.2300033569336,106
2026-03-20 00:48:00,94.11000061035156,94.16000366210938,93.98999786376952,94.16000366210938,168
2026-03-20 00:49:00,94.04000091552734,94.12999725341795,94.02999877929688,94.12999725341795,71
2026-03-20 00:50:00,94.05999755859376,94.08999633789062,94.0,94.04000091552734,44
2026-03-20 00:51:00,94.19000244140624,94.20999908447266,94.0500030517578,94.05999755859376,123
2026-03-20 00:52:00,94.06999969482422,94.19000244140624,94.0500030517578,94.18000030517578,21
2026-03-20 00:53:00,94.08999633789062,94.0999984741211,94.05999755859376,94.05999755859376,10
2026-03-20 00:54:00,94.06999969482422,94.08999633789062,94.06999969482422,94.08000183105467,5
2026-03-20 00:55:00,94.0500030517578,94.08000183105467,94.04000091552734,94.08000183105467,11
2026-03-20 00:56:00,94.08999633789062,94.0999984741211,94.04000091552734,94.04000091552734,25
2026-03-20 00:57:00,94.1500015258789,94.16000366210938,94.0999984741211,94.0999984741211,67
2026-03-20 00:58:00,94.12000274658205,94.20999908447266,94.11000061035156,94.1500015258789,65
2026-03-20 00:59:00,94.1999969482422,94.25,94.04000091552734,94.16000366210938,127
2026-03-20 01:00:00,94.05999755859376,94.31999969482422,93.77999877929688,94.16999816894533,1467
2026-03-20 01:01:00,94.27999877929688,94.3499984741211,94.08999633789062,94.0999984741211,222
2026-03-20 01:02:00,94.16999816894533,94.27999877929688,94.0999984741211,94.2699966430664,107
2026-03-20 01:03:00,94.22000122070312,94.2300033569336,94.12000274658205,94.1500015258789,104
2026-03-20 01:04:00,94.1500015258789,94.26000213623048,94.12000274658205,94.23999786376952,154
2026-03-20 01:05:00,93.9800033569336,94.16000366210938,93.9499969482422,94.16000366210938,158
2026-03-20 01:06:00,93.80999755859376,94.01000213623048,93.80999755859376,93.95999908447266,152
2026-03-20 01:07:00,93.73999786376952,93.87999725341795,93.61000061035156,93.8000030517578,204
2026-03-20 01:08:00,93.58999633789062,93.7300033569336,93.5500030517578,93.72000122070312,157
2026-03-20 01:09:00,93.63999938964844,93.6999969482422,93.5500030517578,93.5999984741211,172
2026-03-20 01:10:00,93.5999984741211,93.7300033569336,93.5500030517578,93.6500015258789,235
2026-03-20 01:11:00,93.4000015258789,93.63999938964844,93.33999633789062,93.61000061035156,240
2026-03-20 01:12:00,92.91000366210938,93.38999938964844,92.83999633789062,93.38999938964844,585
2026-03-20 01:13:00,92.93000030517578,93.0500030517578,92.86000061035156,92.9000015258789,334
2026-03-20 01:14:00,92.87999725341795,93.04000091552734,92.79000091552734,92.94000244140624,264
2026-03-20 01:15:00,92.8000030517578,93.06999969482422,92.75,92.86000061035156,745
2026-03-20 01:16:00,92.66999816894533,92.8499984741211,92.63999938964844,92.80999755859376,340
2026-03-20 01:17:00,92.98999786376952,93.02999877929688,92.6999969482422,92.6999969482422,314
2026-03-20 01:18:00,92.94000244140624,93.08999633789062,92.9000015258789,93.0,251
2026-03-20 01:19:00,92.8499984741211,92.93000030517578,92.81999969482422,92.91000366210938,190
2026-03-20 01:20:00,92.62000274658205,92.87999725341795,92.5999984741211,92.8499984741211,341
2026-03-20 01:21:00,92.8499984741211,92.88999938964844,92.62000274658205,92.62000274658205,252
2026-03-20 01:22:00,92.9499969482422,92.9800033569336,92.8000030517578,92.87000274658205,117
2026-03-20 01:23:00,92.91000366210938,93.02999877929688,92.88999938964844,92.9499969482422,261
2026-03-20 01:24:00,92.95999908447266,92.95999908447266,92.81999969482422,92.91999816894533,158
2026-03-20 01:25:00,92.91999816894533,93.0,92.86000061035156,92.9499969482422,189
2026-03-20 01:26:00,93.0,93.0,92.9000015258789,92.91000366210938,132
2026-03-20 01:27:00,92.94000244140624,93.02999877929688,92.93000030517578,93.0,94
2026-03-20 01:28:00,92.9800033569336,93.01000213623048,92.93000030517578,92.95999908447266,82
2026-03-20 01:29:00,92.91000366210938,93.01000213623048,92.9000015258789,92.98999786376952,109
2026-03-20 01:30:00,92.9000015258789,93.01000213623048,92.79000091552734,92.91999816894533,149
2026-03-20 01:31:00,92.88999938964844,92.9499969482422,92.86000061035156,92.91000366210938,88
2026-03-20 01:32:00,92.81999969482422,92.88999938964844,92.76000213623048,92.88999938964844,127
2026-03-20 01:33:00,92.79000091552734,92.83999633789062,92.7699966430664,92.83999633789062,89
2026-03-20 01:34:00,92.91000366210938,92.9499969482422,92.7699966430664,92.8000030517578,147
2026-03-20 01:35:00,92.95999908447266,93.06999969482422,92.91000366210938,92.93000030517578,318
2026-03-20 01:36:00,92.94000244140624,92.95999908447266,92.83000183105467,92.9499969482422,219
2026-03-20 01:37:00,92.8499984741211,93.11000061035156,92.83999633789062,92.9499969482422,311
2026-03-20 01:38:00,92.73999786376952,92.87999725341795,92.6999969482422,92.86000061035156,234
2026-03-20 01:39:00,92.62999725341795,92.73999786376952,92.52999877929688,92.72000122070312,184
2026-03-20 01:40:00,92.62000274658205,92.66000366210938,92.5,92.62999725341795,233
2026-03-20 01:41:00,92.56999969482422,92.66999816894533,92.55999755859376,92.5999984741211,83
2026-03-20 01:42:00,92.83000183105467,92.87000274658205,92.47000122070312,92.58999633789062,426
2026-03-20 01:43:00,92.58999633789062,92.8499984741211,92.5500030517578,92.83999633789062,217
2026-03-20 01:44:00,92.58000183105467,92.62000274658205,92.55999755859376,92.56999969482422,71
2026-03-20 01:45:00,92.66000366210938,92.72000122070312,92.55999755859376,92.58000183105467,101
2026-03-20 01:46:00,92.70999908447266,92.73999786376952,92.62000274658205,92.68000030517578,122
2026-03-20 01:47:00,92.66000366210938,92.73999786376952,92.6500015258789,92.72000122070312,73
2026-03-20 01:48:00,92.69000244140624,92.72000122070312,92.5999984741211,92.6500015258789,106
2026-03-20 01:49:00,92.72000122070312,92.72000122070312,92.63999938964844,92.69000244140624,78
2026-03-20 01:50:00,92.6999969482422,92.76000213623048,92.69000244140624,92.73999786376952,66
2026-03-20 01:51:00,92.58000183105467,92.73999786376952,92.58000183105467,92.68000030517578,99
2026-03-20 01:52:00,92.72000122070312,92.72000122070312,92.58999633789062,92.58999633789062,94
2026-03-20 01:53:00,92.91999816894533,92.93000030517578,92.72000122070312,92.7300033569336,205
2026-03-20 01:54:00,92.83999633789062,92.95999908447266,92.83000183105467,92.9000015258789,230
2026-03-20 01:55:00,92.98999786376952,93.0,92.81999969482422,92.8499984741211,152
2026-03-20 01:56:00,93.0199966430664,93.04000091552734,92.91000366210938,93.01000213623048,181
2026-03-20 01:57:00,92.9499969482422,93.01000213623048,92.93000030517578,93.01000213623048,102
2026-03-20 01:58:00,92.95999908447266,92.97000122070312,92.93000030517578,92.93000030517578,95
2026-03-20 01:59:00,92.97000122070312,93.0500030517578,92.9000015258789,92.97000122070312,231
2026-03-20 02:00:00,93.22000122070312,93.26000213623048,92.95999908447266,92.95999908447266,344
2026-03-20 02:01:00,93.2699966430664,93.31999969482422,93.11000061035156,93.2300033569336,452
2026-03-20 02:02:00,93.23999786376952,93.33000183105467,93.22000122070312,93.25,217
2026-03-20 02:03:00,93.41999816894533,93.43000030517578,93.2300033569336,93.23999786376952,219
2026-03-20 02:04:00,93.36000061035156,93.43000030517578,93.3499984741211,93.41999816894533,165
2026-03-20 02:05:00,93.19000244140624,93.36000061035156,93.16000366210938,93.3499984741211,389
2026-03-20 02:06:00,93.11000061035156,93.1999969482422,93.0999984741211,93.18000030517578,69
2026-03-20 02:07:00,93.12999725341795,93.1999969482422,93.11000061035156,93.11000061035156,85
2026-03-20 02:08:00,93.0500030517578,93.12000274658205,92.98999786376952,93.12000274658205,155
2026-03-20 02:09:00,93.12000274658205,93.12999725341795,93.01000213623048,93.05999755859376,78
2026-03-20 02:10:00,93.08000183105467,93.16999816894533,93.0500030517578,93.12999725341795,129
2026-03-20 02:11:00,93.16999816894533,93.19000244140624,93.06999969482422,93.08000183105467,107
2026-03-20 02:12:00,93.13999938964844,93.2300033569336,93.12000274658205,93.19000244140624,190
2026-03-20 02:13:00,93.08000183105467,93.1500015258789,93.0199966430664,93.1500015258789,260
2026-03-20 02:14:00,93.0999984741211,93.16000366210938,93.08000183105467,93.08999633789062,116
2026-03-20 02:15:00,93.02999877929688,93.12000274658205,93.01000213623048,93.08999633789062,97
2026-03-20 02:16:00,93.0,93.04000091552734,93.0,93.0199966430664,56
2026-03-20 02:17:00,93.0500030517578,93.08000183105467,93.0,93.0199966430664,104
2026-03-20 02:18:00,93.0500030517578,93.05999755859376,92.98999786376952,93.0500030517578,65
2026-03-20 02:19:00,93.12000274658205,93.16000366210938,93.0500030517578,93.05999755859376,72
2026-03-20 02:20:00,92.95999908447266,93.11000061035156,92.94000244140624,93.11000061035156,185
2026-03-20 02:21:00,93.0,93.02999877929688,92.95999908447266,92.95999908447266,67
2026-03-20 02:22:00,92.93000030517578,93.0199966430664,92.91999816894533,93.01000213623048,43
2026-03-20 02:23:00,93.0999984741211,93.11000061035156,92.86000061035156,92.94000244140624,245
2026-03-20 02:24:00,93.25,93.25,93.11000061035156,93.11000061035156,268
2026-03-20 02:25:00,93.16000366210938,93.2699966430664,93.1500015258789,93.25,178
2026-03-20 02:26:00,93.20999908447266,93.22000122070312,93.13999938964844,93.18000030517578,64
2026-03-20 02:27:00,93.23999786376952,93.3000030517578,93.19000244140624,93.1999969482422,85
2026-03-20 02:28:00,93.2699966430664,93.27999877929688,93.18000030517578,93.25,106
2026-03-20 02:29:00,93.23999786376952,93.2699966430664,93.2300033569336,93.2699966430664,38
2026-03-20 02:30:00,93.1999969482422,93.2699966430664,93.16999816894533,93.2699966430664,114
2026-03-20 02:31:00,93.18000030517578,93.20999908447266,93.1500015258789,93.1999969482422,57
2026-03-20 02:32:00,93.16999816894533,93.20999908447266,93.16000366210938,93.18000030517578,66
2026-03-20 02:33:00,93.31999969482422,93.33000183105467,93.16999816894533,93.18000030517578,129
2026-03-20 02:34:00,93.31999969482422,93.36000061035156,93.2699966430664,93.31999969482422,98
2026-03-20 02:35:00,93.47000122070312,93.5199966430664,93.30999755859376,93.33999633789062,441
2026-03-20 02:36:00,93.5999984741211,93.5999984741211,93.41999816894533,93.45999908447266,226
2026-03-20 02:37:00,93.62999725341795,93.72000122070312,93.58000183105467,93.5999984741211,186
2026-03-20 02:38:00,93.61000061035156,93.66000366210938,93.5199966430664,93.62000274658205,145
2026-03-20 02:39:00,93.5500030517578,93.63999938964844,93.51000213623048,93.63999938964844,106
2026-03-20 02:40:00,93.55999755859376,93.61000061035156,93.5,93.54000091552734,148
2026-03-20 02:41:00,93.47000122070312,93.5999984741211,93.41999816894533,93.54000091552734,298
2026-03-20 02:42:00,93.58000183105467,93.58999633789062,93.4499969482422,93.45999908447266,77
2026-03-20 02:43:00,93.5500030517578,93.5999984741211,93.5,93.56999969482422,46
2026-03-20 02:44:00,93.5199966430664,93.56999969482422,93.48999786376952,93.54000091552734,46
2026-03-20 02:45:00,93.43000030517578,93.56999969482422,93.41000366210938,93.5199966430664,101
2026-03-20 02:46:00,93.44000244140624,93.44000244140624,93.37999725341795,93.41999816894533,64
2026-03-20 02:47:00,93.47000122070312,93.48999786376952,93.43000030517578,93.43000030517578,70
2026-03-20 02:48:00,93.52999877929688,93.55999755859376,93.45999908447266,93.45999908447266,58
2026-03-20 02:49:00,93.66000366210938,93.66999816894533,93.5199966430664,93.5199966430664,95
2026-03-20 02:50:00,93.58000183105467,93.66000366210938,93.54000091552734,93.6500015258789,97
2026-03-20 02:51:00,93.58000183105467,93.6500015258789,93.5500030517578,93.58000183105467,67
2026-03-20 02:52:00,93.51000213623048,93.58999633789062,93.51000213623048,93.58000183105467,47
2026-03-20 02:53:00,93.5999984741211,93.62000274658205,93.4800033569336,93.5,45
2026-03-20 02:54:00,93.61000061035156,93.66000366210938,93.58999633789062,93.58999633789062,42
2026-03-20 02:55:00,93.58000183105467,93.62000274658205,93.56999969482422,93.61000061035156,25
2026-03-20 02:56:00,93.54000091552734,93.58999633789062,93.54000091552734,93.58999633789062,27
2026-03-20 02:57:00,93.63999938964844,93.63999938964844,93.54000091552734,93.5500030517578,38
2026-03-20 02:58:00,93.62999725341795,93.66999816894533,93.61000061035156,93.62999725341795,58
2026-03-20 02:59:00,93.66000366210938,93.69000244140624,93.62999725341795,93.62999725341795,46
2026-03-20 03:00:00,93.56999969482422,93.6500015258789,93.5199966430664,93.6500015258789,78
2026-03-20 03:01:00,93.58000183105467,93.61000061035156,93.55999755859376,93.55999755859376,58
2026-03-20 03:02:00,93.62000274658205,93.62000274658205,93.58999633789062,93.62000274658205,31
2026-03-20 03:03:00,93.58000183105467,93.62000274658205,93.55999755859376,93.61000061035156,49
2026-03-20 03:04:00,93.56999969482422,93.63999938964844,93.5199966430664,93.61000061035156,50
2026-03-20 03:05:00,93.61000061035156,93.61000061035156,93.5500030517578,93.56999969482422,39
2026-03-20 03:06:00,93.58999633789062,93.62000274658205,93.56999969482422,93.62000274658205,22
2026-03-20 03:07:00,93.62999725341795,93.66000366210938,93.58999633789062,93.58999633789062,50
2026-03-20 03:08:00,93.54000091552734,93.62000274658205,93.52999877929688,93.62000274658205,109
2026-03-20 03:09:00,93.51000213623048,93.56999969482422,93.51000213623048,93.55999755859376,121
2026-03-20 03:10:00,93.58999633789062,93.58999633789062,93.5,93.51000213623048,208
2026-03-20 03:11:00,93.38999938964844,93.58999633789062,93.38999938964844,93.55999755859376,180
2026-03-20 03:12:00,93.52999877929688,93.56999969482422,93.37999725341795,93.44000244140624,159
2026-03-20 03:13:00,93.52999877929688,93.52999877929688,93.51000213623048,93.5199966430664,7
2026-03-20 03:14:00,93.62000274658205,93.6500015258789,93.55999755859376,93.55999755859376,84
2026-03-20 03:15:00,93.61000061035156,93.62000274658205,93.56999969482422,93.61000061035156,56
2026-03-20 03:16:00,93.51000213623048,93.68000030517578,93.51000213623048,93.62000274658205,163
2026-03-20 03:17:00,93.61000061035156,93.63999938964844,93.44000244140624,93.5,108
2026-03-20 03:18:00,93.61000061035156,93.62000274658205,93.58999633789062,93.61000061035156,20
2026-03-20 03:19:00,93.5999984741211,93.62000274658205,93.58000183105467,93.62000274658205,20
2026-03-20 03:20:00,93.6500015258789,93.6500015258789,93.58999633789062,93.62000274658205,49
2026-03-20 03:21:00,93.79000091552734,93.8000030517578,93.62999725341795,93.6500015258789,131
2026-03-20 03:22:00,93.7300033569336,93.8000030517578,93.70999908447266,93.8000030517578,91
2026-03-20 03:23:00,93.86000061035156,93.9000015258789,93.72000122070312,93.75,160
2026-03-20 03:24:00,93.83999633789062,93.88999938964844,93.81999969482422,93.86000061035156,180
2026-03-20 03:25:00,93.95999908447266,93.98999786376952,93.8000030517578,93.83000183105467,159
2026-03-20 03:26:00,94.02999877929688,94.08999633789062,93.91999816894533,93.95999908447266,388
2026-03-20 03:27:00,94.13999938964844,94.1500015258789,94.0,94.04000091552734,124
2026-03-20 03:28:00,94.04000091552734,94.16000366210938,94.0199966430664,94.16000366210938,89
2026-03-20 03:29:00,93.9800033569336,94.06999969482422,93.93000030517578,94.0500030517578,114
2026-03-20 03:30:00,93.91999816894533,93.97000122070312,93.87999725341795,93.97000122070312,179
2026-03-20 03:31:00,93.75,93.91999816894533,93.75,93.91999816894533,117
2026-03-20 03:32:00,93.69000244140624,93.7300033569336,93.62000274658205,93.7300033569336,181
2026-03-20 03:33:00,93.6500015258789,93.6999969482422,93.63999938964844,93.66999816894533,58
2026-03-20 03:34:00,93.5999984741211,93.66000366210938,93.58000183105467,93.66000366210938,41
2026-03-20 03:35:00,93.62999725341795,93.66000366210938,93.55999755859376,93.61000061035156,52
2026-03-20 03:36:00,93.62000274658205,93.63999938964844,93.58999633789062,93.63999938964844,43
2026-03-20 03:37:00,93.55999755859376,93.62000274658205,93.55999755859376,93.62000274658205,23
2026-03-20 03:38:00,93.58000183105467,93.61000061035156,93.48999786376952,93.56999969482422,92
2026-03-20 03:39:00,93.58999633789062,93.62000274658205,93.56999969482422,93.58000183105467,59
2026-03-20 03:40:00,93.61000061035156,93.63999938964844,93.56999969482422,93.56999969482422,35
2026-03-20 03:41:00,93.62000274658205,93.63999938964844,93.62000274658205,93.62999725341795,14
2026-03-20 03:42:00,93.6999969482422,93.6999969482422,93.5999984741211,93.5999984741211,57
2026-03-20 03:43:00,93.72000122070312,93.72000122070312,93.66999816894533,93.68000030517578,46
2026-03-20 03:44:00,93.62999725341795,93.7300033569336,93.58999633789062,93.7300033569336,53
2026-03-20 03:45:00,93.56999969482422,93.62999725341795,93.55999755859376,93.62999725341795,70
2026-03-20 03:46:00,93.58999633789062,93.62000274658205,93.55999755859376,93.56999969482422,46
2026-03-20 03:47:00,93.56999969482422,93.58999633789062,93.55999755859376,93.58999633789062,14
2026-03-20 03:48:00,93.5999984741211,93.5999984741211,93.5500030517578,93.55999755859376,24
2026-03-20 03:49:00,93.58999633789062,93.61000061035156,93.58000183105467,93.58000183105467,16
2026-03-20 03:50:00,93.56999969482422,93.58000183105467,93.5500030517578,93.58000183105467,14
2026-03-20 03:51:00,93.63999938964844,93.63999938964844,93.58000183105467,93.58000183105467,23
2026-03-20 03:52:00,93.58000183105467,93.62000274658205,93.58000183105467,93.61000061035156,29
2026-03-20 03:53:00,93.63999938964844,93.6500015258789,93.5999984741211,93.62000274658205,32
2026-03-20 03:54:00,93.61000061035156,93.66000366210938,93.61000061035156,93.6500015258789,25
2026-03-20 03:55:00,93.6500015258789,93.66000366210938,93.63999938964844,93.6500015258789,11
2026-03-20 03:56:00,93.68000030517578,93.69000244140624,93.6500015258789,93.66999816894533,16
2026-03-20 03:57:00,93.73999786376952,93.77999877929688,93.66999816894533,93.68000030517578,151
2026-03-20 03:58:00,93.81999969482422,93.87000274658205,93.73999786376952,93.75,98
2026-03-20 04:00:00,93.77999877929688,93.8499984741211,93.76000213623048,93.8499984741211,80
2026-03-20 04:01:00,93.70999908447266,93.79000091552734,93.6999969482422,93.7699966430664,105
2026-03-20 04:02:00,93.62000274658205,93.70999908447266,93.62000274658205,93.70999908447266,40
2026-03-20 04:03:00,93.62999725341795,93.66000366210938,93.61000061035156,93.62000274658205,37
2026-03-20 04:04:00,93.58000183105467,93.62999725341795,93.5199966430664,93.62999725341795,117
2026-03-20 04:05:00,93.5999984741211,93.5999984741211,93.56999969482422,93.56999969482422,11
2026-03-20 04:06:00,93.5199966430664,93.5999984741211,93.5199966430664,93.58000183105467,31
2026-03-20 04:07:00,93.5199966430664,93.5199966430664,93.47000122070312,93.51000213623048,59
2026-03-20 04:08:00,93.4800033569336,93.51000213623048,93.4499969482422,93.51000213623048,30
2026-03-20 04:09:00,93.4800033569336,93.5,93.47000122070312,93.48999786376952,12
2026-03-20 04:10:00,93.45999908447266,93.51000213623048,93.4499969482422,93.51000213623048,37
2026-03-20 04:11:00,93.44000244140624,93.5,93.41000366210938,93.45999908447266,39
2026-03-20 04:12:00,93.43000030517578,93.43000030517578,93.41000366210938,93.43000030517578,16
2026-03-20 04:13:00,93.48999786376952,93.51000213623048,93.43000030517578,93.43000030517578,21
2026-03-20 04:14:00,93.4800033569336,93.51000213623048,93.4800033569336,93.51000213623048,12
2026-03-20 04:15:00,93.5199966430664,93.54000091552734,93.41000366210938,93.45999908447266,94
2026-03-20 04:16:00,93.62999725341795,93.63999938964844,93.5,93.5,63
2026-03-20 04:17:00,93.5999984741211,93.62000274658205,93.58999633789062,93.5999984741211,25
2026-03-20 04:18:00,93.62000274658205,93.62999725341795,93.5999984741211,93.61000061035156,23
2026-03-20 04:19:00,93.55999755859376,93.62999725341795,93.55999755859376,93.62000274658205,40
2026-03-20 04:20:00,93.55999755859376,93.61000061035156,93.54000091552734,93.56999969482422,52
2026-03-20 04:21:00,93.5500030517578,93.58000183105467,93.52999877929688,93.52999877929688,44
2026-03-20 04:22:00,93.5999984741211,93.61000061035156,93.54000091552734,93.5500030517578,21
2026-03-20 04:23:00,93.51000213623048,93.58999633789062,93.51000213623048,93.58999633789062,73
2026-03-20 04:24:00,93.62000274658205,93.62000274658205,93.54000091552734,93.54000091552734,16
2026-03-20 04:25:00,93.63999938964844,93.6500015258789,93.62000274658205,93.62000274658205,38
2026-03-20 04:26:00,93.5999984741211,93.6500015258789,93.58999633789062,93.62000274658205,26
2026-03-20 04:27:00,93.62000274658205,93.62999725341795,93.5999984741211,93.5999984741211,14
2026-03-20 04:28:00,93.62000274658205,93.66999816894533,93.5500030517578,93.63999938964844,240
2026-03-20 04:29:00,93.62000274658205,93.66999816894533,93.5999984741211,93.62999725341795,176
2026-03-20 04:30:00,93.73999786376952,93.76000213623048,93.61000061035156,93.62000274658205,81
2026-03-20 04:31:00,93.7300033569336,93.83000183105467,93.7300033569336,93.75,84
2026-03-20 04:32:00,93.75,93.75,93.68000030517578,93.72000122070312,32
2026-03-20 04:33:00,93.72000122070312,93.77999877929688,93.72000122070312,93.75,22
2026-03-20 04:34:00,93.7300033569336,93.73999786376952,93.72000122070312,93.72000122070312,14
2026-03-20 04:35:00,93.63999938964844,93.7300033569336,93.63999938964844,93.7300033569336,30
2026-03-20 04:36:00,93.66999816894533,93.68000030517578,93.63999938964844,93.6500015258789,26
2026-03-20 04:37:00,93.77999877929688,93.77999877929688,93.66999816894533,93.66999816894533,35
2026-03-20 04:38:00,93.80999755859376,93.83999633789062,93.7699966430664,93.7699966430664,25
2026-03-20 04:39:00,93.8000030517578,93.83999633789062,93.77999877929688,93.80999755859376,37
2026-03-20 04:40:00,93.75,93.8000030517578,93.75,93.77999877929688,36
2026-03-20 04:41:00,93.7699966430664,93.8000030517578,93.6999969482422,93.79000091552734,27
2026-03-20 04:42:00,93.76000213623048,93.77999877929688,93.75,93.77999877929688,14
2026-03-20 04:43:00,93.7300033569336,93.73999786376952,93.7300033569336,93.7300033569336,6
2026-03-20 04:44:00,93.76000213623048,93.83000183105467,93.7300033569336,93.73999786376952,31
2026-03-20 04:45:00,93.8499984741211,93.86000061035156,93.76000213623048,93.76000213623048,43
2026-03-20 04:46:00,93.83000183105467,93.8499984741211,93.80999755859376,93.8499984741211,21
2026-03-20 04:47:00,93.81999969482422,93.83999633789062,93.8000030517578,93.83000183105467,35
2026-03-20 04:48:00,93.88999938964844,93.9000015258789,93.83000183105467,93.83000183105467,48
2026-03-20 04:49:00,93.9499969482422,93.95999908447266,93.87999725341795,93.87999725341795,148
2026-03-20 04:50:00,93.97000122070312,94.0199966430664,93.91999816894533,93.9499969482422,94
2026-03-20 04:51:00,94.01000213623048,94.0199966430664,93.95999908447266,93.95999908447266,40
2026-03-20 04:52:00,93.9800033569336,94.04000091552734,93.94000244140624,93.98999786376952,81
2026-03-20 04:53:00,94.04000091552734,94.04000091552734,93.9499969482422,93.97000122070312,37
2026-03-20 04:54:00,94.0,94.04000091552734,93.9499969482422,94.02999877929688,71
2026-03-20 04:55:00,93.98999786376952,94.01000213623048,93.97000122070312,93.98999786376952,23
2026-03-20 04:56:00,93.9499969482422,93.98999786376952,93.93000030517578,93.9800033569336,47
2026-03-20 04:57:00,93.98999786376952,94.01000213623048,93.91000366210938,93.9499969482422,66
2026-03-20 04:58:00,94.01000213623048,94.02999877929688,93.98999786376952,94.0,29
2026-03-20 04:59:00,94.0500030517578,94.06999969482422,94.01000213623048,94.01000213623048,39
2026-03-20 05:00:00,94.0,94.06999969482422,93.93000030517578,94.05999755859376,87
2026-03-20 05:01:00,93.98999786376952,94.0199966430664,93.94000244140624,94.0199966430664,29
2026-03-20 05:02:00,93.94000244140624,94.0,93.93000030517578,93.9800033569336,60
2026-03-20 05:03:00,93.97000122070312,94.0,93.91999816894533,93.93000030517578,49
2026-03-20 05:04:00,93.87999725341795,93.97000122070312,93.8000030517578,93.97000122070312,136
2026-03-20 05:05:00,93.8000030517578,93.87000274658205,93.73999786376952,93.87000274658205,102
2026-03-20 05:06:00,93.73999786376952,93.80999755859376,93.73999786376952,93.79000091552734,50
2026-03-20 05:07:00,93.88999938964844,93.9000015258789,93.7300033569336,93.73999786376952,124
2026-03-20 05:08:00,93.8499984741211,93.9000015258789,93.83999633789062,93.9000015258789,89
2026-03-20 05:09:00,93.81999969482422,93.91000366210938,93.80999755859376,93.8499984741211,48
2026-03-20 05:10:00,93.83000183105467,93.83999633789062,93.8000030517578,93.80999755859376,17
2026-03-20 05:11:00,93.91000366210938,93.93000030517578,93.81999969482422,93.83999633789062,127
2026-03-20 05:12:00,93.87999725341795,93.9000015258789,93.80999755859376,93.88999938964844,59
2026-03-20 05:13:00,93.91000366210938,93.9499969482422,93.87000274658205,93.87999725341795,38
2026-03-20 05:14:00,93.9499969482422,93.9499969482422,93.87999725341795,93.91000366210938,84
2026-03-20 05:15:00,93.88999938964844,93.97000122070312,93.88999938964844,93.95999908447266,37
2026-03-20 05:16:00,93.94000244140624,93.9499969482422,93.87999725341795,93.87999725341795,15
2026-03-20 05:17:00,94.0,94.0,93.91999816894533,93.94000244140624,27
2026-03-20 05:18:00,93.94000244140624,94.0199966430664,93.93000030517578,94.0199966430664,26
2026-03-20 05:19:00,93.87000274658205,93.9800033569336,93.87000274658205,93.94000244140624,59
2026-03-20 05:20:00,93.8499984741211,93.9499969482422,93.83999633789062,93.91000366210938,45
2026-03-20 05:21:00,93.94000244140624,93.94000244140624,93.8499984741211,93.8499984741211,21
2026-03-20 05:22:00,93.91999816894533,93.94000244140624,93.91999816894533,93.94000244140624,5
2026-03-20 05:23:00,93.9499969482422,93.9499969482422,93.9000015258789,93.91999816894533,17
2026-03-20 05:24:00,93.9499969482422,93.9499969482422,93.94000244140624,93.94000244140624,4
2026-03-20 05:25:00,93.9800033569336,93.98999786376952,93.9499969482422,93.9499969482422,22
2026-03-20 05:26:00,93.88999938964844,93.97000122070312,93.80999755859376,93.97000122070312,213
2026-03-20 05:27:00,93.95999908447266,93.95999908447266,93.81999969482422,93.9000015258789,128
2026-03-20 05:28:00,93.87000274658205,93.9800033569336,93.83999633789062,93.97000122070312,70
2026-03-20 05:29:00,93.87000274658205,93.9000015258789,93.8499984741211,93.88999938964844,62
2026-03-20 05:30:00,93.9800033569336,93.9800033569336,93.81999969482422,93.8499984741211,267
2026-03-20 05:31:00,93.9800033569336,94.2300033569336,93.9499969482422,93.97000122070312,347
2026-03-20 05:32:00,94.08999633789062,94.08999633789062,94.0,94.02999877929688,101
2026-03-20 05:33:00,94.0999984741211,94.11000061035156,94.02999877929688,94.08999633789062,92
2026-03-20 05:34:00,94.0999984741211,94.22000122070312,94.08999633789062,94.12000274658205,258
2026-03-20 05:35:00,94.04000091552734,94.08999633789062,93.9800033569336,94.08999633789062,108
2026-03-20 05:36:00,94.0,94.12000274658205,93.9800033569336,94.04000091552734,81
2026-03-20 05:37:00,93.94000244140624,94.0199966430664,93.93000030517578,94.0,44
2026-03-20 05:38:00,94.0,94.1500015258789,93.93000030517578,93.94000244140624,112
2026-03-20 05:39:00,93.9499969482422,94.0,93.91999816894533,94.0,18
2026-03-20 05:40:00,93.87000274658205,93.91999816894533,93.8000030517578,93.91999816894533,136
2026-03-20 05:41:00,93.87999725341795,93.9499969482422,93.8000030517578,93.8499984741211,72
2026-03-20 05:42:00,93.83999633789062,93.87000274658205,93.8000030517578,93.87000274658205,45
2026-03-20 05:43:00,93.80999755859376,93.88999938964844,93.79000091552734,93.8499984741211,52
2026-03-20 05:44:00,93.75,93.81999969482422,93.69000244140624,93.81999969482422,120
2026-03-20 05:45:00,93.54000091552734,93.73999786376952,93.51000213623048,93.73999786376952,182
2026-03-20 05:46:00,93.58000183105467,93.5999984741211,93.47000122070312,93.52999877929688,147
2026-03-20 05:47:00,93.51000213623048,93.5999984741211,93.47000122070312,93.5999984741211,54
2026-03-20 05:48:00,93.58999633789062,93.61000061035156,93.44000244140624,93.51000213623048,333
2026-03-20 05:49:00,93.54000091552734,93.58000183105467,93.5,93.58000183105467,58
2026-03-20 05:50:00,93.36000061035156,93.56999969482422,93.36000061035156,93.5199966430664,167
2026-03-20 05:51:00,93.44000244140624,93.47000122070312,93.37999725341795,93.38999938964844,83
2026-03-20 05:52:00,93.43000030517578,93.45999908447266,93.38999938964844,93.43000030517578,42
2026-03-20 05:53:00,93.44000244140624,93.47000122070312,93.41999816894533,93.43000030517578,53
2026-03-20 05:54:00,93.4000015258789,93.45999908447266,93.37999725341795,93.45999908447266,48
2026-03-20 05:55:00,93.33000183105467,93.4000015258789,93.29000091552734,93.38999938964844,115
2026-03-20 05:56:00,93.3499984741211,93.36000061035156,93.30999755859376,93.31999969482422,58
2026-03-20 05:57:00,93.31999969482422,93.3499984741211,93.30999755859376,93.33000183105467,36
2026-03-20 05:58:00,93.41000366210938,93.41000366210938,93.33999633789062,93.33999633789062,64
2026-03-20 05:59:00,93.44000244140624,93.4499969482422,93.37000274658205,93.38999938964844,95
2026-03-20 06:00:00,93.4499969482422,93.5199966430664,93.43000030517578,93.44000244140624,166
2026-03-20 06:01:00,93.58999633789062,93.62999725341795,93.45999908447266,93.4800033569336,205
2026-03-20 06:02:00,93.52999877929688,93.62000274658205,93.5199966430664,93.58000183105467,117
2026-03-20 06:03:00,93.5199966430664,93.5500030517578,93.48999786376952,93.54000091552734,44
2026-03-20 06:04:00,93.54000091552734,93.55999755859376,93.47000122070312,93.51000213623048,109
2026-03-20 06:05:00,93.5999984741211,93.66000366210938,93.5500030517578,93.5500030517578,72
2026-03-20 06:06:00,93.5999984741211,93.62000274658205,93.52999877929688,93.5999984741211,66
2026-03-20 06:07:00,93.48999786376952,93.5999984741211,93.4800033569336,93.5999984741211,59
2026-03-20 06:08:00,93.5199966430664,93.5199966430664,93.4499969482422,93.48999786376952,91
2026-03-20 06:09:00,93.51000213623048,93.58000183105467,93.5,93.5,61
2026-03-20 06:10:00,93.62999725341795,93.62999725341795,93.47000122070312,93.5,60
2026-03-20 06:11:00,93.61000061035156,93.6999969482422,93.58000183105467,93.63999938964844,188
2026-03-20 06:12:00,93.58999633789062,93.62999725341795,93.55999755859376,93.58999633789062,58
2026-03-20 06:13:00,93.56999969482422,93.5999984741211,93.52999877929688,93.58999633789062,64
2026-03-20 06:14:00,93.56999969482422,93.58999633789062,93.5,93.55999755859376,83
2026-03-20 06:15:00,93.55999755859376,93.58999633789062,93.5500030517578,93.56999969482422,30
2026-03-20 06:16:00,93.5999984741211,93.5999984741211,93.5,93.5500030517578,60
2026-03-20 06:17:00,93.62000274658205,93.62000274658205,93.52999877929688,93.56999969482422,74
2026-03-20 06:18:00,93.7300033569336,93.7300033569336,93.62000274658205,93.62000274658205,101
2026-03-20 06:19:00,93.63999938964844,93.72000122070312,93.63999938964844,93.72000122070312,107
2026-03-20 06:20:00,93.66999816894533,93.7300033569336,93.66000366210938,93.66999816894533,65
2026-03-20 06:21:00,93.68000030517578,93.69000244140624,93.62999725341795,93.66999816894533,46
2026-03-20 06:22:00,93.87000274658205,93.87000274658205,93.66000366210938,93.68000030517578,125
2026-03-20 06:23:00,93.87000274658205,93.91999816894533,93.8499984741211,93.88999938964844,99
2026-03-20 06:24:00,93.91999816894533,93.97000122070312,93.8499984741211,93.87999725341795,70
2026-03-20 06:25:00,94.0,94.02999877929688,93.87000274658205,93.91999816894533,144
2026-03-20 06:26:00,94.06999969482422,94.11000061035156,93.94000244140624,94.0,90
2026-03-20 06:27:00,94.04000091552734,94.13999938964844,94.02999877929688,94.05999755859376,77
2026-03-20 06:28:00,93.95999908447266,94.0999984741211,93.91999816894533,94.0500030517578,141
2026-03-20 06:29:00,93.88999938964844,93.95999908447266,93.81999969482422,93.9499969482422,165
2026-03-20 06:30:00,93.9499969482422,94.0199966430664,93.88999938964844,93.88999938964844,99
2026-03-20 06:31:00,94.0500030517578,94.0500030517578,93.9499969482422,93.95999908447266,69
2026-03-20 06:32:00,93.98999786376952,94.0500030517578,93.9800033569336,94.02999877929688,78
2026-03-20 06:33:00,93.9499969482422,94.0,93.86000061035156,93.9800033569336,171
2026-03-20 06:34:00,93.9499969482422,93.98999786376952,93.91999816894533,93.95999908447266,27
2026-03-20 06:35:00,93.94000244140624,93.97000122070312,93.88999938964844,93.9499969482422,69
2026-03-20 06:36:00,93.9800033569336,93.9800033569336,93.93000030517578,93.94000244140624,42
2026-03-20 06:37:00,93.97000122070312,94.0500030517578,93.91000366210938,93.98999786376952,79
2026-03-20 06:38:00,94.05999755859376,94.08999633789062,93.9800033569336,93.98999786376952,66
2026-03-20 06:39:00,94.19000244140624,94.20999908447266,94.01000213623048,94.0500030517578,159
2026-03-20 06:40:00,94.20999908447266,94.20999908447266,94.13999938964844,94.16000366210938,82
2026-03-20 06:41:00,94.30999755859376,94.30999755859376,94.16999816894533,94.20999908447266,131
2026-03-20 06:42:00,94.38999938964844,94.45999908447266,94.25,94.29000091552734,249
2026-03-20 06:43:00,94.27999877929688,94.4000015258789,94.25,94.4000015258789,109
2026-03-20 06:44:00,94.13999938964844,94.26000213623048,94.12999725341795,94.25,145
2026-03-20 06:45:00,94.23999786376952,94.3000030517578,94.13999938964844,94.1500015258789,190
2026-03-20 06:46:00,94.25,94.29000091552734,94.1999969482422,94.25,100
2026-03-20 06:47:00,94.3000030517578,94.33000183105467,94.22000122070312,94.2300033569336,94
2026-03-20 06:48:00,94.33999633789062,94.36000061035156,94.3000030517578,94.30999755859376,51
2026-03-20 06:49:00,94.33999633789062,94.33999633789062,94.25,94.30999755859376,119
2026-03-20 06:50:00,94.37000274658205,94.4000015258789,94.27999877929688,94.31999969482422,118
2026-03-20 06:51:00,94.51000213623048,94.58999633789062,94.37000274658205,94.37999725341795,368
2026-03-20 06:52:00,94.44000244140624,94.5500030517578,94.44000244140624,94.5,98
2026-03-20 06:53:00,94.56999969482422,94.58999633789062,94.37000274658205,94.43000030517578,167
2026-03-20 06:54:00,94.66999816894533,94.75,94.5500030517578,94.58999633789062,422
2026-03-20 06:55:00,94.61000061035156,94.72000122070312,94.61000061035156,94.68000030517578,244
2026-03-20 06:56:00,94.5500030517578,94.62999725341795,94.52999877929688,94.61000061035156,84
2026-03-20 06:57:00,94.5,94.54000091552734,94.45999908447266,94.52999877929688,79
2026-03-20 06:58:00,94.4800033569336,94.5,94.4000015258789,94.5,104
2026-03-20 06:59:00,94.51000213623048,94.54000091552734,94.47000122070312,94.4800033569336,29
2026-03-20 07:00:00,94.58000183105467,94.61000061035156,94.47000122070312,94.51000213623048,137
2026-03-20 07:01:00,94.52999877929688,94.62000274658205,94.44000244140624,94.5999984741211,168
2026-03-20 07:02:00,94.5500030517578,94.62999725341795,94.5,94.5199966430664,158
2026-03-20 07:03:00,94.37999725341795,94.52999877929688,94.3499984741211,94.52999877929688,102
2026-03-20 07:04:00,94.4800033569336,94.48999786376952,94.30999755859376,94.37999725341795,209
2026-03-20 07:05:00,94.47000122070312,94.51000213623048,94.41000366210938,94.48999786376952,145
2026-03-20 07:06:00,94.56999969482422,94.68000030517578,94.47000122070312,94.4800033569336,183
2026-03-20 07:07:00,94.55999755859376,94.61000061035156,94.5199966430664,94.55999755859376,120
2026-03-20 07:08:00,94.62999725341795,94.6500015258789,94.5199966430664,94.56999969482422,109
2026-03-20 07:09:00,94.55999755859376,94.66000366210938,94.55999755859376,94.63999938964844,125
2026-03-20 07:10:00,94.58000183105467,94.62000274658205,94.52999877929688,94.56999969482422,98
2026-03-20 07:11:00,94.68000030517578,94.75,94.55999755859376,94.55999755859376,154
2026-03-20 07:12:00,94.73999786376952,94.77999877929688,94.63999938964844,94.66999816894533,259
2026-03-20 07:13:00,94.61000061035156,94.75,94.61000061035156,94.75,158
2026-03-20 07:14:00,94.7300033569336,94.73999786376952,94.61000061035156,94.61000061035156,136
2026-03-20 07:15:00,94.54000091552734,94.73999786376952,94.5199966430664,94.6999969482422,278
2026-03-20 07:16:00,94.55999755859376,94.56999969482422,94.48999786376952,94.54000091552734,165
2026-03-20 07:17:00,94.4499969482422,94.61000061035156,94.44000244140624,94.56999969482422,139
2026-03-20 07:18:00,94.51000213623048,94.58000183105467,94.4499969482422,94.45999908447266,109
2026-03-20 07:19:00,94.4499969482422,94.52999877929688,94.43000030517578,94.5199966430664,130
2026-03-20 07:20:00,94.44000244140624,94.5,94.44000244140624,94.4499969482422,103
2026-03-20 07:21:00,94.38999938964844,94.44000244140624,94.36000061035156,94.44000244140624,104
2026-03-20 07:22:00,94.38999938964844,94.41000366210938,94.33999633789062,94.37999725341795,143
2026-03-20 07:23:00,94.33000183105467,94.4000015258789,94.33000183105467,94.4000015258789,145
2026-03-20 07:24:00,94.33999633789062,94.41999816894533,94.31999969482422,94.33000183105467,166
2026-03-20 07:25:00,94.3499984741211,94.38999938964844,94.27999877929688,94.31999969482422,161
2026-03-20 07:26:00,94.4800033569336,94.4800033569336,94.3000030517578,94.33999633789062,140
2026-03-20 07:27:00,94.43000030517578,94.47000122070312,94.38999938964844,94.4499969482422,130
2026-03-20 07:28:00,94.37999725341795,94.4499969482422,94.37000274658205,94.43000030517578,62
2026-03-20 07:29:00,94.43000030517578,94.43000030517578,94.3499984741211,94.37000274658205,113
2026-03-20 07:30:00,94.4000015258789,94.43000030517578,94.37000274658205,94.43000030517578,84
2026-03-20 07:31:00,94.37999725341795,94.47000122070312,94.37000274658205,94.4000015258789,159
2026-03-20 07:32:00,94.27999877929688,94.38999938964844,94.2699966430664,94.38999938964844,108
2026-03-20 07:33:00,94.0999984741211,94.3000030517578,94.0199966430664,94.2699966430664,324
2026-03-20 07:34:00,93.98999786376952,94.0999984741211,93.95999908447266,94.0999984741211,214
2026-03-20 07:35:00,94.01000213623048,94.02999877929688,93.91999816894533,94.0,167
2026-03-20 07:36:00,94.0,94.05999755859376,93.9499969482422,94.01000213623048,129
2026-03-20 07:37:00,94.11000061035156,94.16999816894533,94.0,94.0199966430664,179
2026-03-20 07:38:00,94.06999969482422,94.13999938964844,94.06999969482422,94.11000061035156,71
2026-03-20 07:39:00,94.0500030517578,94.0999984741211,94.04000091552734,94.08000183105467,79
2026-03-20 07:40:00,94.0500030517578,94.06999969482422,94.0199966430664,94.04000091552734,34
2026-03-20 07:41:00,93.9800033569336,94.0500030517578,93.94000244140624,94.0500030517578,84
2026-03-20 07:42:00,93.97000122070312,94.0199966430664,93.97000122070312,94.0,42
2026-03-20 07:43:00,93.87000274658205,93.97000122070312,93.83000183105467,93.97000122070312,147
2026-03-20 07:44:00,93.9000015258789,93.9000015258789,93.83999633789062,93.87999725341795,56
2026-03-20 07:45:00,93.7699966430664,93.91000366210938,93.76000213623048,93.91000366210938,261
2026-03-20 07:46:00,93.72000122070312,93.83000183105467,93.6500015258789,93.77999877929688,304
2026-03-20 07:47:00,93.6999969482422,93.7300033569336,93.66000366210938,93.6999969482422,96
2026-03-20 07:48:00,93.62999725341795,93.77999877929688,93.55999755859376,93.69000244140624,244
2026-03-20 07:49:00,93.76000213623048,93.77999877929688,93.62999725341795,93.6500015258789,151
2026-03-20 07:50:00,93.5999984741211,93.75,93.5999984741211,93.75,335
2026-03-20 07:51:00,93.58000183105467,93.62000274658205,93.54000091552734,93.58000183105467,113
2026-03-20 07:52:00,93.62999725341795,93.69000244140624,93.5500030517578,93.56999969482422,195
2026-03-20 07:53:00,93.63999938964844,93.6500015258789,93.58000183105467,93.5999984741211,46
2026-03-20 07:54:00,93.63999938964844,93.66999816894533,93.5999984741211,93.63999938964844,84
2026-03-20 07:55:00,93.5999984741211,93.66000366210938,93.58999633789062,93.62000274658205,93
2026-03-20 07:56:00,93.62000274658205,93.6500015258789,93.5999984741211,93.5999984741211,61
2026-03-20 07:57:00,93.70999908447266,93.72000122070312,93.5999984741211,93.5999984741211,129
2026-03-20 07:58:00,93.66000366210938,93.7699966430664,93.6500015258789,93.72000122070312,149
2026-03-20 07:59:00,93.69000244140624,93.76000213623048,93.5999984741211,93.68000030517578,307
2026-03-20 08:00:00,93.7699966430664,93.83999633789062,93.56999969482422,93.66000366210938,400
2026-03-20 08:01:00,93.86000061035156,93.88999938964844,93.73999786376952,93.7699966430664,152
2026-03-20 08:02:00,93.7699966430664,93.98999786376952,93.6999969482422,93.8499984741211,368
2026-03-20 08:03:00,93.69000244140624,93.79000091552734,93.5999984741211,93.73999786376952,294
2026-03-20 08:04:00,93.66999816894533,93.69000244140624,93.61000061035156,93.69000244140624,168
2026-03-20 08:05:00,93.62000274658205,93.7300033569336,93.61000061035156,93.68000030517578,129
2026-03-20 08:06:00,93.70999908447266,93.76000213623048,93.61000061035156,93.61000061035156,155
2026-03-20 08:07:00,93.58999633789062,93.70999908447266,93.56999969482422,93.6999969482422,155
2026-03-20 08:08:00,93.38999938964844,93.61000061035156,93.33999633789062,93.58000183105467,478
2026-03-20 08:09:00,93.4000015258789,93.5199966430664,93.3499984741211,93.41000366210938,364
2026-03-20 08:10:00,93.37000274658205,93.47000122070312,93.33000183105467,93.41000366210938,484
2026-03-20 08:11:00,93.47000122070312,93.48999786376952,93.29000091552734,93.38999938964844,256
2026-03-20 08:12:00,93.4499969482422,93.5,93.41999816894533,93.45999908447266,291
2026-03-20 08:13:00,93.61000061035156,93.66999816894533,93.4000015258789,93.44000244140624,474
2026-03-20 08:14:00,93.6999969482422,93.72000122070312,93.58000183105467,93.58999633789062,266
2026-03-20 08:15:00,93.5,93.70999908447266,93.48999786376952,93.69000244140624,232
2026-03-20 08:16:00,93.56999969482422,93.58000183105467,93.44000244140624,93.5,450
2026-03-20 08:17:00,93.56999969482422,93.66000366210938,93.5500030517578,93.5500030517578,248
2026-03-20 08:18:00,93.5199966430664,93.5999984741211,93.5,93.58999633789062,130
2026-03-20 08:19:00,93.6500015258789,93.6999969482422,93.47000122070312,93.51000213623048,329
2026-03-20 08:20:00,93.75,93.81999969482422,93.66999816894533,93.66999816894533,428
2026-03-20 08:21:00,93.8499984741211,93.8499984741211,93.6999969482422,93.73999786376952,283
2026-03-20 08:22:00,94.02999877929688,94.02999877929688,93.8499984741211,93.86000061035156,563
2026-03-20 08:23:00,93.94000244140624,94.12000274658205,93.88999938964844,94.0500030517578,375
2026-03-20 08:24:00,94.22000122070312,94.25,93.91999816894533,93.94000244140624,387
2026-03-20 08:25:00,94.27999877929688,94.31999969482422,94.16000366210938,94.22000122070312,476
2026-03-20 08:26:00,94.26000213623048,94.29000091552734,94.16999816894533,94.29000091552734,176
2026-03-20 08:27:00,94.31999969482422,94.37999725341795,94.23999786376952,94.2699966430664,281
2026-03-20 08:28:00,94.41999816894533,94.5199966430664,94.3000030517578,94.31999969482422,563
2026-03-20 08:29:00,94.54000091552734,94.58000183105467,94.22000122070312,94.4000015258789,1218
2026-03-20 08:30:00,94.33999633789062,94.68000030517578,94.33000183105467,94.55999755859376,637
2026-03-20 08:31:00,94.12000274658205,94.36000061035156,94.0999984741211,94.33000183105467,602
2026-03-20 08:32:00,94.2300033569336,94.27999877929688,94.05999755859376,94.12000274658205,354
2026-03-20 08:33:00,94.3499984741211,94.48999786376952,94.1500015258789,94.22000122070312,930
2026-03-20 08:34:00,94.30999755859376,94.44000244140624,94.16999816894533,94.33999633789062,588
2026-03-20 08:35:00,94.3000030517578,94.43000030517578,94.1999969482422,94.29000091552734,378
2026-03-20 08:36:00,94.5199966430664,94.56999969482422,94.27999877929688,94.27999877929688,258
2026-03-20 08:37:00,94.45999908447266,94.54000091552734,94.45999908447266,94.5199966430664,219
2026-03-20 08:38:00,94.6999969482422,94.75,94.41999816894533,94.47000122070312,486
2026-03-20 08:39:00,94.73999786376952,94.7699966430664,94.6500015258789,94.6999969482422,297
2026-03-20 08:40:00,94.83999633789062,94.9000015258789,94.72000122070312,94.75,432
2026-03-20 08:41:00,94.68000030517578,94.8499984741211,94.56999969482422,94.83000183105467,582
2026-03-20 08:42:00,94.80999755859376,94.86000061035156,94.63999938964844,94.68000030517578,313
2026-03-20 08:43:00,94.95999908447266,94.97000122070312,94.8000030517578,94.8000030517578,374
2026-03-20 08:44:00,95.0999984741211,95.12999725341795,94.94000244140624,94.95999908447266,615
2026-03-20 08:45:00,95.38999938964844,95.41999816894533,95.0999984741211,95.0999984741211,872
2026-03-20 08:46:00,95.27999877929688,95.5,95.2699966430664,95.37000274658205,602
2026-03-20 08:47:00,95.20999908447266,95.33000183105467,95.16999816894533,95.29000091552734,589
2026-03-20 08:48:00,95.13999938964844,95.23999786376952,95.06999969482422,95.20999908447266,561
2026-03-20 08:49:00,95.0999984741211,95.19000244140624,95.05999755859376,95.13999938964844,279
2026-03-20 08:50:00,95.16999816894533,95.19000244140624,95.0500030517578,95.08999633789062,185
2026-03-20 08:51:00,95.2699966430664,95.29000091552734,95.08999633789062,95.16000366210938,406
2026-03-20 08:52:00,95.25,95.4499969482422,95.25,95.3000030517578,404
2026-03-20 08:53:00,95.41999816894533,95.43000030517578,95.2300033569336,95.25,181
2026-03-20 08:54:00,95.44000244140624,95.4499969482422,95.37999725341795,95.43000030517578,135
2026-03-20 08:55:00,95.47000122070312,95.47000122070312,95.41000366210938,95.41999816894533,133
2026-03-20 08:56:00,95.38999938964844,95.47000122070312,95.37000274658205,95.45999908447266,249
2026-03-20 08:57:00,95.44000244140624,95.5199966430664,95.36000061035156,95.37999725341795,279
2026-03-20 08:58:00,95.4800033569336,95.51000213623048,95.4499969482422,95.45999908447266,66
2026-03-20 08:59:00,95.48999786376952,95.5,95.44000244140624,95.4800033569336,207
2026-03-20 09:00:00,95.4000015258789,95.4800033569336,95.22000122070312,95.47000122070312,515
2026-03-20 09:01:00,95.33999633789062,95.45999908447266,95.33000183105467,95.4000015258789,183
2026-03-20 09:02:00,95.3499984741211,95.37000274658205,95.27999877929688,95.33000183105467,157
2026-03-20 09:03:00,95.3000030517578,95.44000244140624,95.2300033569336,95.33999633789062,303
2026-03-20 09:04:00,95.30999755859376,95.3499984741211,95.25,95.3000030517578,154
2026-03-20 09:05:00,95.38999938964844,95.54000091552734,95.33000183105467,95.33000183105467,291
2026-03-20 09:06:00,95.37999725341795,95.41000366210938,95.33000183105467,95.4000015258789,150
2026-03-20 09:07:00,95.37000274658205,95.5,95.36000061035156,95.37999725341795,191
2026-03-20 09:08:00,95.44000244140624,95.58000183105467,95.33999633789062,95.37000274658205,322
2026-03-20 09:09:00,95.41000366210938,95.5500030517578,95.36000061035156,95.43000030517578,250
2026-03-20 09:10:00,95.43000030517578,95.45999908447266,95.3499984741211,95.38999938964844,180
2026-03-20 09:11:00,95.43000030517578,95.4499969482422,95.33999633789062,95.41000366210938,148
2026-03-20 09:12:00,95.66999816894533,95.68000030517578,95.45999908447266,95.45999908447266,484
2026-03-20 09:13:00,95.66000366210938,95.66000366210938,95.5,95.6500015258789,238
2026-03-20 09:14:00,95.6999969482422,95.7300033569336,95.58999633789062,95.63999938964844,432
2026-03-20 09:15:00,95.62999725341795,95.81999969482422,95.58000183105467,95.72000122070312,722
2026-03-20 09:16:00,95.58999633789062,95.66999816894533,95.55999755859376,95.62000274658205,149
2026-03-20 09:17:00,95.47000122070312,95.6500015258789,95.47000122070312,95.61000061035156,199
2026-03-20 09:18:00,95.55999755859376,95.61000061035156,95.48999786376952,95.5,88
2026-03-20 09:19:00,95.66000366210938,95.66999816894533,95.5199966430664,95.56999969482422,124
2026-03-20 09:20:00,95.5,95.63999938964844,95.4499969482422,95.63999938964844,268
2026-03-20 09:21:00,95.66000366210938,95.69000244140624,95.48999786376952,95.5199966430664,555
2026-03-20 09:22:00,95.63999938964844,95.69000244140624,95.58999633789062,95.66000366210938,180
2026-03-20 09:23:00,95.70999908447266,95.70999908447266,95.61000061035156,95.62999725341795,101
2026-03-20 09:24:00,95.5999984741211,95.75,95.5999984741211,95.70999908447266,142
2026-03-20 09:25:00,95.52999877929688,95.66000366210938,95.5,95.5999984741211,207
2026-03-20 09:26:00,95.6500015258789,95.6500015258789,95.51000213623048,95.52999877929688,148
2026-03-20 09:27:00,95.52999877929688,95.66000366210938,95.4800033569336,95.6500015258789,151
2026-03-20 09:28:00,95.66999816894533,95.69000244140624,95.52999877929688,95.5500030517578,211
2026-03-20 09:29:00,95.7300033569336,95.77999877929688,95.62999725341795,95.66000366210938,125
2026-03-20 09:30:00,95.66999816894533,95.83999633789062,95.66999816894533,95.6999969482422,203
2026-03-20 09:31:00,95.43000030517578,95.69000244140624,95.37000274658205,95.69000244140624,443
2026-03-20 09:32:00,95.31999969482422,95.47000122070312,95.20999908447266,95.4499969482422,472
2026-03-20 09:33:00,95.47000122070312,95.52999877929688,95.2300033569336,95.33999633789062,400
2026-03-20 09:34:00,95.47000122070312,95.52999877929688,95.41999816894533,95.4800033569336,106
2026-03-20 09:35:00,95.3499984741211,95.47000122070312,95.30999755859376,95.47000122070312,165
2026-03-20 09:36:00,95.38999938964844,95.38999938964844,95.26000213623048,95.31999969482422,162
2026-03-20 09:37:00,95.3499984741211,95.38999938964844,95.3000030517578,95.38999938964844,125
2026-03-20 09:38:00,95.33999633789062,95.54000091552734,95.27999877929688,95.37000274658205,452
2026-03-20 09:39:00,95.41999816894533,95.5,95.33999633789062,95.33999633789062,199
2026-03-20 09:40:00,95.5,95.51000213623048,95.4000015258789,95.43000030517578,111
2026-03-20 09:41:00,95.5199966430664,95.56999969482422,95.4800033569336,95.5199966430664,167
2026-03-20 09:42:00,95.4800033569336,95.55999755859376,95.41999816894533,95.52999877929688,223
2026-03-20 09:43:00,95.45999908447266,95.51000213623048,95.44000244140624,95.45999908447266,85
2026-03-20 09:44:00,95.4800033569336,95.75,95.08000183105467,95.4499969482422,1253
2026-03-20 09:45:00,95.45999908447266,95.66999816894533,95.3000030517578,95.4800033569336,635
2026-03-20 09:46:00,95.4800033569336,95.58000183105467,95.37999725341795,95.44000244140624,531
2026-03-20 09:47:00,95.55999755859376,95.6999969482422,95.47000122070312,95.4800033569336,283
2026-03-20 09:48:00,95.51000213623048,95.6500015258789,95.4000015258789,95.52999877929688,381
2026-03-20 09:49:00,95.43000030517578,95.5999984741211,95.37000274658205,95.52999877929688,179
2026-03-20 09:50:00,95.44000244140624,95.45999908447266,95.1999969482422,95.41999816894533,417
2026-03-20 09:51:00,95.4499969482422,95.51000213623048,95.37999725341795,95.43000030517578,147
2026-03-20 09:52:00,95.70999908447266,95.70999908447266,95.43000030517578,95.4499969482422,327
2026-03-20 09:53:00,95.81999969482422,95.93000030517578,95.70999908447266,95.70999908447266,561
2026-03-20 09:54:00,95.95999908447266,96.0199966430664,95.75,95.80999755859376,479
2026-03-20 09:55:00,95.9499969482422,96.0,95.87999725341795,95.94000244140624,353
2026-03-20 09:56:00,95.95999908447266,96.16000366210938,95.91999816894533,95.9499969482422,828
2026-03-20 09:57:00,96.11000061035156,96.16000366210938,95.97000122070312,95.97000122070312,273
2026-03-20 09:58:00,96.01000213623048,96.12999725341795,95.97000122070312,96.12000274658205,300
2026-03-20 09:59:00,95.87999725341795,96.05999755859376,95.86000061035156,96.0,242
2026-03-20 10:00:00,96.1500015258789,96.18000030517578,95.87999725341795,95.87999725341795,232
2026-03-20 10:01:00,96.33999633789062,96.38999938964844,96.1500015258789,96.16999816894533,752
2026-03-20 10:02:00,96.13999938964844,96.3499984741211,96.12999725341795,96.33000183105467,228
2026-03-20 10:03:00,96.11000061035156,96.1999969482422,96.06999969482422,96.13999938964844,126
2026-03-20 10:04:00,96.12999725341795,96.19000244140624,96.06999969482422,96.12000274658205,187
2026-03-20 10:05:00,96.20999908447266,96.25,96.12000274658205,96.12999725341795,213
2026-03-20 10:06:00,96.25,96.26000213623048,96.16999816894533,96.2300033569336,252
2026-03-20 10:07:00,96.30999755859376,96.4499969482422,96.20999908447266,96.25,561
2026-03-20 10:08:00,96.37999725341795,96.4000015258789,96.26000213623048,96.29000091552734,195
2026-03-20 10:09:00,96.25,96.37000274658205,96.20999908447266,96.37000274658205,112
2026-03-20 10:10:00,96.19000244140624,96.3000030517578,96.13999938964844,96.25,156
2026-03-20 10:11:00,96.23999786376952,96.33000183105467,96.18000030517578,96.1999969482422,134
2026-03-20 10:12:00,96.01000213623048,96.2699966430664,95.91000366210938,96.23999786376952,347
2026-03-20 10:13:00,96.0500030517578,96.06999969482422,95.81999969482422,96.0,346
2026-03-20 10:14:00,95.9000015258789,96.08000183105467,95.8499984741211,96.04000091552734,240
2026-03-20 10:15:00,95.8499984741211,96.01000213623048,95.83000183105467,95.88999938964844,181
2026-03-20 10:16:00,95.88999938964844,95.97000122070312,95.76000213623048,95.83999633789062,196
2026-03-20 10:17:00,95.98999786376952,96.0,95.87999725341795,95.87999725341795,115
2026-03-20 10:18:00,96.06999969482422,96.08000183105467,95.91999816894533,96.0,368
2026-03-20 10:19:00,96.0,96.08000183105467,95.91999816894533,96.06999969482422,146
2026-03-20 10:20:00,96.08000183105467,96.11000061035156,95.95999908447266,96.0,244
2026-03-20 10:21:00,96.08000183105467,96.0999984741211,96.01000213623048,96.06999969482422,99
2026-03-20 10:22:00,96.0,96.11000061035156,95.95999908447266,96.06999969482422,321
2026-03-20 10:23:00,96.02999877929688,96.0500030517578,95.88999938964844,95.9800033569336,329
2026-03-20 10:24:00,95.93000030517578,96.0199966430664,95.91999816894533,96.0199966430664,79
2026-03-20 10:25:00,95.83999633789062,95.97000122070312,95.72000122070312,95.91999816894533,350
2026-03-20 10:26:00,95.87000274658205,95.87999725341795,95.79000091552734,95.81999969482422,157
2026-03-20 10:27:00,95.8499984741211,95.93000030517578,95.8000030517578,95.86000061035156,150
2026-03-20 10:28:00,95.9000015258789,95.91999816894533,95.83999633789062,95.83999633789062,44
2026-03-20 10:29:00,95.98999786376952,96.0,95.87999725341795,95.9000015258789,93
2026-03-20 10:30:00,95.88999938964844,96.02999877929688,95.86000061035156,96.0,186
2026-03-20 10:31:00,95.93000030517578,95.95999908447266,95.87000274658205,95.88999938964844,70
2026-03-20 10:32:00,96.0199966430664,96.0199966430664,95.7300033569336,95.93000030517578,415
2026-03-20 10:33:00,96.08000183105467,96.08999633789062,95.97000122070312,96.0199966430664,188
2026-03-20 10:34:00,96.0500030517578,96.08000183105467,95.9800033569336,96.08000183105467,111
2026-03-20 10:35:00,96.0999984741211,96.13999938964844,96.0500030517578,96.08000183105467,181
2026-03-20 10:36:00,95.98999786376952,96.08999633789062,95.95999908447266,96.08999633789062,81
2026-03-20 10:37:00,95.91999816894533,95.9800033569336,95.91999816894533,95.9800033569336,74
2026-03-20 10:38:00,95.93000030517578,95.95999908447266,95.9000015258789,95.94000244140624,88
2026-03-20 10:39:00,95.91000366210938,95.93000030517578,95.73999786376952,95.91000366210938,210
2026-03-20 10:40:00,95.80999755859376,95.97000122070312,95.8000030517578,95.93000030517578,139
2026-03-20 10:41:00,95.80999755859376,95.9000015258789,95.79000091552734,95.8000030517578,82
2026-03-20 10:42:00,95.6500015258789,95.83000183105467,95.61000061035156,95.8000030517578,787
2026-03-20 10:43:00,95.63999938964844,95.7699966430664,95.62000274658205,95.6500015258789,239
2026-03-20 10:44:00,95.6500015258789,95.6999969482422,95.62999725341795,95.66000366210938,95
2026-03-20 10:45:00,95.79000091552734,95.79000091552734,95.63999938964844,95.6500015258789,177
2026-03-20 10:46:00,95.9000015258789,95.9000015258789,95.73999786376952,95.79000091552734,189
2026-03-20 10:47:00,95.91999816894533,95.97000122070312,95.86000061035156,95.91000366210938,142
2026-03-20 10:48:00,96.0,96.01000213623048,95.87000274658205,95.91000366210938,181
2026-03-20 10:49:00,95.86000061035156,96.02999877929688,95.83999633789062,95.98999786376952,230
2026-03-20 10:50:00,95.80999755859376,95.91999816894533,95.80999755859376,95.87999725341795,106
2026-03-20 10:51:00,95.73999786376952,95.9000015258789,95.7300033569336,95.81999969482422,173
2026-03-20 10:52:00,95.54000091552734,95.7300033569336,95.4800033569336,95.7300033569336,318
2026-03-20 10:53:00,95.52999877929688,95.56999969482422,95.3000030517578,95.54000091552734,653
2026-03-20 10:54:00,95.62999725341795,95.6500015258789,95.51000213623048,95.54000091552734,192
2026-03-20 10:55:00,95.55999755859376,95.6500015258789,95.55999755859376,95.62999725341795,121
2026-03-20 10:56:00,95.4499969482422,95.56999969482422,95.44000244140624,95.56999969482422,166
2026-03-20 10:57:00,95.37000274658205,95.44000244140624,95.3499984741211,95.44000244140624,153
2026-03-20 10:58:00,95.44000244140624,95.44000244140624,95.36000061035156,95.37999725341795,110
2026-03-20 10:59:00,95.44000244140624,95.4800033569336,95.37999725341795,95.45999908447266,102
2026-03-20 11:00:00,95.48999786376952,95.5,95.33999633789062,95.43000030517578,182
2026-03-20 11:01:00,95.4000015258789,95.51000213623048,95.37000274658205,95.5,160
2026-03-20 11:02:00,95.33999633789062,95.41999816894533,95.2699966430664,95.41000366210938,198
2026-03-20 11:03:00,95.16000366210938,95.3499984741211,95.12999725341795,95.33999633789062,203
2026-03-20 11:04:00,95.18000030517578,95.2300033569336,95.12000274658205,95.16999816894533,353
2026-03-20 11:05:00,95.1999969482422,95.3000030517578,95.1500015258789,95.18000030517578,157
2026-03-20 11:06:00,95.30999755859376,95.37999725341795,95.12999725341795,95.22000122070312,374
2026-03-20 11:07:00,95.37999725341795,95.4499969482422,95.27999877929688,95.31999969482422,162
2026-03-20 11:08:00,95.4000015258789,95.47000122070312,95.38999938964844,95.4000015258789,93
2026-03-20 11:09:00,95.36000061035156,95.4000015258789,95.3499984741211,95.37000274658205,86
2026-03-20 11:10:00,95.16999816894533,95.3499984741211,95.16999816894533,95.33999633789062,524
2026-03-20 11:11:00,95.25,95.2699966430664,95.0999984741211,95.18000030517578,183
2026-03-20 11:12:00,95.16000366210938,95.25,95.08000183105467,95.23999786376952,168
2026-03-20 11:13:00,95.0999984741211,95.16000366210938,95.0999984741211,95.13999938964844,182
2026-03-20 11:14:00,95.12000274658205,95.16999816894533,94.97000122070312,95.12000274658205,391
2026-03-20 11:15:00,95.0999984741211,95.13999938964844,95.06999969482422,95.11000061035156,85
2026-03-20 11:16:00,95.02999877929688,95.1500015258789,94.95999908447266,95.08999633789062,345
2026-03-20 11:17:00,94.87999725341795,95.04000091552734,94.83000183105467,95.04000091552734,354
2026-03-20 11:18:00,94.83000183105467,94.91999816894533,94.5,94.87000274658205,928
2026-03-20 11:19:00,94.97000122070312,95.0999984741211,94.70999908447266,94.81999969482422,428
2026-03-20 11:20:00,94.6999969482422,94.98999786376952,94.68000030517578,94.95999908447266,465
2026-03-20 11:21:00,94.5199966430664,94.79000091552734,94.45999908447266,94.7300033569336,513
2026-03-20 11:22:00,94.62999725341795,94.73999786376952,94.47000122070312,94.5,707
2026-03-20 11:23:00,94.66999816894533,94.77999877929688,94.5199966430664,94.6500015258789,343
2026-03-20 11:24:00,94.87000274658205,94.87000274658205,94.55999755859376,94.68000030517578,278
2026-03-20 11:25:00,94.7300033569336,94.9800033569336,94.7300033569336,94.88999938964844,510
2026-03-20 11:26:00,94.83000183105467,94.83000183105467,94.68000030517578,94.73999786376952,126
2026-03-20 11:27:00,94.63999938964844,94.8499984741211,94.63999938964844,94.8499984741211,712
2026-03-20 11:28:00,94.6500015258789,94.6500015258789,94.5500030517578,94.63999938964844,182
2026-03-20 11:29:00,94.61000061035156,94.66000366210938,94.56999969482422,94.66000366210938,160
2026-03-20 11:30:00,94.4499969482422,94.61000061035156,94.37999725341795,94.5999984741211,374
2026-03-20 11:31:00,94.4000015258789,94.5199966430664,94.30999755859376,94.47000122070312,245
2026-03-20 11:32:00,94.48999786376952,94.52999877929688,94.33000183105467,94.41999816894533,406
2026-03-20 11:33:00,94.62000274658205,94.66000366210938,94.45999908447266,94.48999786376952,432
2026-03-20 11:34:00,94.5,94.62000274658205,94.4499969482422,94.61000061035156,255
2026-03-20 11:35:00,94.52999877929688,94.55999755859376,94.47000122070312,94.5,341
2026-03-20 11:36:00,94.73999786376952,94.77999877929688,94.5199966430664,94.52999877929688,217
2026-03-20 11:37:00,94.66999816894533,94.76000213623048,94.6500015258789,94.7300033569336,404
2026-03-20 11:38:00,94.69000244140624,94.70999908447266,94.61000061035156,94.68000030517578,109
2026-03-20 11:39:00,94.72000122070312,94.7699966430664,94.69000244140624,94.6999969482422,176
2026-03-20 11:40:00,94.62999725341795,94.75,94.54000091552734,94.72000122070312,179
2026-03-20 11:41:00,94.5999984741211,94.6999969482422,94.55999755859376,94.62000274658205,142
2026-03-20 11:42:00,94.54000091552734,94.61000061035156,94.5199966430664,94.61000061035156,219
2026-03-20 11:43:00,94.4800033569336,94.5999984741211,94.37999725341795,94.52999877929688,268
2026-03-20 11:44:00,94.36000061035156,94.51000213623048,94.33999633789062,94.47000122070312,117
2026-03-20 11:45:00,94.55999755859376,94.58999633789062,94.37000274658205,94.38999938964844,295
2026-03-20 11:46:00,94.58999633789062,94.5999984741211,94.47000122070312,94.5500030517578,163
2026-03-20 11:47:00,94.5,94.61000061035156,94.4800033569336,94.5999984741211,249
2026-03-20 11:48:00,94.37999725341795,94.5,94.37000274658205,94.5,274
2026-03-20 11:49:00,94.37999725341795,94.45999908447266,94.30999755859376,94.38999938964844,236
2026-03-20 11:50:00,94.47000122070312,94.47000122070312,94.36000061035156,94.37999725341795,71
2026-03-20 11:51:00,94.47000122070312,94.54000091552734,94.44000244140624,94.48999786376952,92
2026-03-20 11:52:00,94.45999908447266,94.51000213623048,94.44000244140624,94.48999786376952,51
2026-03-20 11:53:00,94.44000244140624,94.45999908447266,94.41000366210938,94.4499969482422,46
2026-03-20 11:54:00,94.12999725341795,94.4499969482422,94.08000183105467,94.41000366210938,569
2026-03-20 11:55:00,94.4000015258789,94.47000122070312,94.11000061035156,94.1500015258789,345
2026-03-20 11:56:00,94.45999908447266,94.4800033569336,94.33999633789062,94.4000015258789,124
2026-03-20 11:57:00,94.27999877929688,94.45999908447266,94.23999786376952,94.4499969482422,120
2026-03-20 11:58:00,94.22000122070312,94.30999755859376,94.19000244140624,94.30999755859376,323
2026-03-20 11:59:00,94.19000244140624,94.23999786376952,94.08000183105467,94.23999786376952,236
2026-03-20 12:00:00,94.05999755859376,94.2300033569336,93.9000015258789,94.18000030517578,414
2026-03-20 12:01:00,94.27999877929688,94.37999725341795,93.97000122070312,94.05999755859376,468
2026-03-20 12:02:00,94.2300033569336,94.36000061035156,94.08999633789062,94.29000091552734,639
2026-03-20 12:03:00,94.29000091552734,94.33999633789062,94.0999984741211,94.22000122070312,516
2026-03-20 12:04:00,94.56999969482422,94.6500015258789,94.3000030517578,94.3000030517578,705
2026-03-20 12:05:00,94.43000030517578,94.56999969482422,94.23999786376952,94.56999969482422,373
2026-03-20 12:06:00,94.4000015258789,94.4800033569336,94.38999938964844,94.45999908447266,223
2026-03-20 12:07:00,94.33000183105467,94.44000244140624,94.25,94.4000015258789,215
2026-03-20 12:08:00,94.36000061035156,94.44000244140624,94.27999877929688,94.31999969482422,180
2026-03-20 12:09:00,94.05999755859376,94.33999633789062,93.97000122070312,94.33000183105467,505
2026-03-20 12:10:00,94.0500030517578,94.16999816894533,93.91000366210938,94.0500030517578,796
2026-03-20 12:11:00,94.18000030517578,94.20999908447266,93.9800033569336,94.04000091552734,420
2026-03-20 12:12:00,94.19000244140624,94.2300033569336,94.01000213623048,94.16999816894533,729
2026-03-20 12:13:00,94.26000213623048,94.30999755859376,94.13999938964844,94.16999816894533,294
2026-03-20 12:14:00,94.22000122070312,94.37999725341795,94.20999908447266,94.29000091552734,202
2026-03-20 12:15:00,94.31999969482422,94.41000366210938,94.19000244140624,94.19000244140624,165
2026-03-20 12:16:00,94.4800033569336,94.62000274658205,94.26000213623048,94.3000030517578,723
2026-03-20 12:17:00,94.31999969482422,94.45999908447266,94.29000091552734,94.45999908447266,279
2026-03-20 12:18:00,94.45999908447266,94.5199966430664,94.22000122070312,94.33000183105467,421
2026-03-20 12:19:00,94.33000183105467,94.47000122070312,94.31999969482422,94.47000122070312,164
2026-03-20 12:20:00,94.41000366210938,94.41000366210938,94.26000213623048,94.33999633789062,253
2026-03-20 12:21:00,94.37999725341795,94.43000030517578,94.36000061035156,94.41999816894533,193
2026-03-20 12:22:00,94.51000213623048,94.52999877929688,94.37999725341795,94.38999938964844,224
2026-03-20 12:23:00,94.4800033569336,94.52999877929688,94.44000244140624,94.51000213623048,129
2026-03-20 12:24:00,94.52999877929688,94.56999969482422,94.44000244140624,94.48999786376952,366
2026-03-20 12:25:00,94.54000091552734,94.56999969482422,94.45999908447266,94.52999877929688,303
2026-03-20 12:26:00,94.6500015258789,94.6500015258789,94.52999877929688,94.54000091552734,222
2026-03-20 12:27:00,94.52999877929688,94.7300033569336,94.52999877929688,94.63999938964844,298
2026-03-20 12:28:00,94.33999633789062,94.52999877929688,94.18000030517578,94.52999877929688,700
2026-03-20 12:29:00,94.1999969482422,94.37999725341795,94.19000244140624,94.37000274658205,350
2026-03-20 12:30:00,94.41000366210938,94.41999816894533,94.20999908447266,94.22000122070312,541
2026-03-20 12:31:00,94.58000183105467,94.58000183105467,94.41999816894533,94.41999816894533,229
2026-03-20 12:32:00,94.62999725341795,94.7300033569336,94.5500030517578,94.5999984741211,524
2026-03-20 12:33:00,94.58999633789062,94.70999908447266,94.5500030517578,94.62000274658205,472
2026-03-20 12:34:00,94.5999984741211,94.63999938964844,94.51000213623048,94.56999969482422,235
2026-03-20 12:35:00,94.63999938964844,94.6500015258789,94.55999755859376,94.61000061035156,129
2026-03-20 12:36:00,94.55999755859376,94.68000030517578,94.47000122070312,94.63999938964844,340
2026-03-20 12:37:00,94.55999755859376,94.62000274658205,94.51000213623048,94.55999755859376,76
2026-03-20 12:38:00,94.70999908447266,94.72000122070312,94.56999969482422,94.56999969482422,191
2026-03-20 12:39:00,94.86000061035156,94.87999725341795,94.69000244140624,94.72000122070312,519
2026-03-20 12:40:00,94.83999633789062,94.91999816894533,94.7699966430664,94.87999725341795,446
2026-03-20 12:41:00,94.87000274658205,94.98999786376952,94.80999755859376,94.83000183105467,285
2026-03-20 12:42:00,94.80999755859376,94.87999725341795,94.6999969482422,94.87000274658205,383
2026-03-20 12:43:00,94.7300033569336,94.8499984741211,94.66000366210938,94.81999969482422,211
2026-03-20 12:44:00,94.83000183105467,94.87000274658205,94.72000122070312,94.72000122070312,362
2026-03-20 12:45:00,94.93000030517578,94.94000244140624,94.79000091552734,94.8499984741211,291
2026-03-20 12:46:00,94.87000274658205,94.93000030517578,94.8000030517578,94.91000366210938,852
2026-03-20 12:47:00,95.0,95.02999877929688,94.87000274658205,94.88999938964844,457
2026-03-20 12:48:00,95.0,95.05999755859376,94.97000122070312,94.98999786376952,401
2026-03-20 12:49:00,94.87000274658205,94.98999786376952,94.81999969482422,94.98999786376952,564
2026-03-20 12:50:00,94.88999938964844,94.91999816894533,94.80999755859376,94.83999633789062,183
2026-03-20 12:51:00,94.88999938964844,94.95999908447266,94.87999725341795,94.88999938964844,184
2026-03-20 12:52:00,94.94000244140624,94.97000122070312,94.86000061035156,94.9000015258789,223
2026-03-20 12:53:00,94.9499969482422,95.02999877929688,94.91000366210938,94.94000244140624,246
2026-03-20 12:54:00,95.05999755859376,95.08000183105467,94.88999938964844,94.95999908447266,261
2026-03-20 12:55:00,95.12000274658205,95.12000274658205,95.0199966430664,95.05999755859376,446
2026-03-20 12:56:00,95.1500015258789,95.1500015258789,95.01000213623048,95.08999633789062,310
2026-03-20 12:57:00,95.12000274658205,95.1999969482422,95.08999633789062,95.13999938964844,472
2026-03-20 12:58:00,95.02999877929688,95.1500015258789,94.93000030517578,95.12999725341795,517
2026-03-20 12:59:00,95.0,95.12000274658205,95.0,95.0500030517578,417
2026-03-20 13:00:00,94.9499969482422,95.05999755859376,94.86000061035156,95.0,1447
2026-03-20 13:01:00,94.83999633789062,95.0500030517578,94.79000091552734,94.9499969482422,708
2026-03-20 13:02:00,95.01000213623048,95.0500030517578,94.77999877929688,94.8499984741211,354
2026-03-20 13:03:00,94.93000030517578,95.08999633789062,94.87000274658205,95.01000213623048,415
2026-03-20 13:04:00,94.95999908447266,95.05999755859376,94.9000015258789,94.91999816894533,209
2026-03-20 13:05:00,95.12999725341795,95.19000244140624,94.93000030517578,94.93000030517578,294
2026-03-20 13:06:00,95.2300033569336,95.25,95.04000091552734,95.13999938964844,391
2026-03-20 13:07:00,95.26000213623048,95.33000183105467,95.18000030517578,95.2300033569336,739
2026-03-20 13:08:00,95.12999725341795,95.27999877929688,95.08000183105467,95.2699966430664,341
2026-03-20 13:09:00,95.05999755859376,95.11000061035156,94.97000122070312,95.11000061035156,365
2026-03-20 13:10:00,95.08000183105467,95.08000183105467,94.94000244140624,95.04000091552734,691
2026-03-20 13:11:00,95.37999725341795,95.44000244140624,95.08999633789062,95.0999984741211,685
2026-03-20 13:12:00,95.27999877929688,95.44000244140624,95.2699966430664,95.37000274658205,488
2026-03-20 13:13:00,95.3499984741211,95.36000061035156,95.22000122070312,95.25,245
2026-03-20 13:14:00,95.2699966430664,95.3499984741211,95.20999908447266,95.33999633789062,249
2026-03-20 13:15:00,95.37000274658205,95.37999725341795,95.16000366210938,95.2699966430664,480
2026-03-20 13:16:00,95.26000213623048,95.4499969482422,95.26000213623048,95.36000061035156,320
2026-03-20 13:17:00,95.4000015258789,95.4499969482422,95.22000122070312,95.26000213623048,512
2026-03-20 13:18:00,95.43000030517578,95.47000122070312,95.29000091552734,95.4000015258789,407
2026-03-20 13:19:00,95.43000030517578,95.44000244140624,95.33999633789062,95.38999938964844,174
2026-03-20 13:20:00,95.33999633789062,95.4800033569336,95.3000030517578,95.41999816894533,558
2026-03-20 13:21:00,95.23999786376952,95.33000183105467,95.1999969482422,95.33000183105467,393
2026-03-20 13:22:00,95.30999755859376,95.31999969482422,95.05999755859376,95.2300033569336,521
2026-03-20 13:23:00,95.4499969482422,95.48999786376952,95.2699966430664,95.31999969482422,492
2026-03-20 13:24:00,95.37999725341795,95.47000122070312,95.3000030517578,95.4499969482422,213
2026-03-20 13:25:00,95.36000061035156,95.41999816894533,95.30999755859376,95.36000061035156,763
2026-03-20 13:26:00,95.52999877929688,95.5500030517578,95.33999633789062,95.37999725341795,581
2026-03-20 13:27:00,95.4800033569336,95.62999725341795,95.4800033569336,95.52999877929688,489
2026-03-20 13:28:00,95.4800033569336,95.5,95.4000015258789,95.5,270
2026-03-20 13:29:00,95.54000091552734,95.54000091552734,95.41999816894533,95.48999786376952,314
2026-03-20 13:30:00,95.33999633789062,95.52999877929688,95.31999969482422,95.52999877929688,668
2026-03-20 13:31:00,95.47000122070312,95.5500030517578,95.30999755859376,95.33999633789062,541
2026-03-20 13:32:00,95.5,95.61000061035156,95.44000244140624,95.4800033569336,587
2026-03-20 13:33:00,95.5199966430664,95.58999633789062,95.4000015258789,95.51000213623048,647
2026-03-20 13:34:00,95.5199966430664,95.55999755859376,95.4499969482422,95.5199966430664,268
2026-03-20 13:35:00,95.51000213623048,95.5500030517578,95.37000274658205,95.52999877929688,475
2026-03-20 13:36:00,95.55999755859376,95.62000274658205,95.47000122070312,95.52999877929688,257
2026-03-20 13:37:00,95.58000183105467,95.63999938964844,95.48999786376952,95.56999969482422,427
2026-03-20 13:38:00,95.52999877929688,95.61000061035156,95.47000122070312,95.5999984741211,320
2026-03-20 13:39:00,95.36000061035156,95.5500030517578,95.33000183105467,95.5199966430664,548
2026-03-20 13:40:00,95.04000091552734,95.4000015258789,95.0,95.36000061035156,1123
2026-03-20 13:41:00,95.20999908447266,95.2699966430664,95.02999877929688,95.04000091552734,579
2026-03-20 13:42:00,95.44000244140624,95.4499969482422,95.18000030517578,95.19000244140624,928
2026-03-20 13:43:00,95.51000213623048,95.5999984741211,95.38999938964844,95.43000030517578,836
2026-03-20 13:44:00,95.48999786376952,95.5199966430664,95.44000244140624,95.5199966430664,511
2026-03-20 13:45:00,95.37000274658205,95.51000213623048,95.19000244140624,95.5,888
2026-03-20 13:46:00,95.4000015258789,95.48999786376952,95.26000213623048,95.37000274658205,661
2026-03-20 13:47:00,95.31999969482422,95.4000015258789,95.0500030517578,95.4000015258789,755
2026-03-20 13:48:00,95.12999725341795,95.33999633789062,95.0999984741211,95.33999633789062,436
2026-03-20 13:49:00,95.44000244140624,95.44000244140624,95.04000091552734,95.13999938964844,568
2026-03-20 13:50:00,95.83999633789062,95.91000366210938,95.41999816894533,95.4499969482422,1993
2026-03-20 13:51:00,95.83999633789062,95.94000244140624,95.76000213623048,95.83000183105467,487
2026-03-20 13:52:00,95.77999877929688,96.04000091552734,95.76000213623048,95.83999633789062,888
2026-03-20 13:53:00,95.72000122070312,95.87000274658205,95.66000366210938,95.77999877929688,621
2026-03-20 13:54:00,95.68000030517578,95.7699966430664,95.58999633789062,95.70999908447266,320
2026-03-20 13:55:00,95.6500015258789,95.7300033569336,95.54000091552734,95.66999816894533,719
2026-03-20 13:56:00,95.76000213623048,95.81999969482422,95.66999816894533,95.68000030517578,265
2026-03-20 13:57:00,95.81999969482422,95.88999938964844,95.77999877929688,95.77999877929688,506
2026-03-20 13:58:00,96.12000274658205,96.12999725341795,95.77999877929688,95.80999755859376,796
2026-03-20 13:59:00,96.02999877929688,96.22000122070312,96.01000213623048,96.12000274658205,746
2026-03-20 14:00:00,95.69000244140624,96.01000213623048,95.6500015258789,96.01000213623048,550
2026-03-20 14:01:00,95.66000366210938,95.6999969482422,95.51000213623048,95.68000030517578,630
2026-03-20 14:02:00,95.62999725341795,95.75,95.58000183105467,95.6500015258789,347
2026-03-20 14:03:00,95.68000030517578,95.68000030517578,95.52999877929688,95.6500015258789,370
2026-03-20 14:04:00,95.54000091552734,95.75,95.43000030517578,95.69000244140624,615
2026-03-20 14:05:00,95.31999969482422,95.52999877929688,95.27999877929688,95.52999877929688,558
2026-03-20 14:06:00,95.51000213623048,95.58000183105467,95.3000030517578,95.33000183105467,473
2026-03-20 14:07:00,95.56999969482422,95.61000061035156,95.45999908447266,95.5,456
2026-03-20 14:08:00,95.47000122070312,95.68000030517578,95.45999908447266,95.5500030517578,508
2026-03-20 14:09:00,95.63999938964844,95.6500015258789,95.44000244140624,95.45999908447266,328
2026-03-20 14:10:00,95.5199966430664,95.6500015258789,95.51000213623048,95.62000274658205,290
2026-03-20 14:11:00,95.83000183105467,95.8499984741211,95.47000122070312,95.5,385
2026-03-20 14:12:00,95.77999877929688,95.86000061035156,95.63999938964844,95.83000183105467,360
2026-03-20 14:13:00,95.88999938964844,95.91999816894533,95.76000213623048,95.77999877929688,248
2026-03-20 14:14:00,95.9499969482422,95.97000122070312,95.87000274658205,95.87999725341795,428
2026-03-20 14:15:00,95.87999725341795,96.0,95.81999969482422,95.94000244140624,361
2026-03-20 14:16:00,95.81999969482422,95.9499969482422,95.7300033569336,95.87000274658205,376
2026-03-20 14:17:00,95.83999633789062,96.0199966430664,95.73999786376952,95.83999633789062,512
2026-03-20 14:18:00,95.9499969482422,95.97000122070312,95.80999755859376,95.83000183105467,507
2026-03-20 14:19:00,96.08000183105467,96.1500015258789,95.93000030517578,95.95999908447266,722
2026-03-20 14:20:00,96.05999755859376,96.18000030517578,96.01000213623048,96.06999969482422,599
2026-03-20 14:21:00,95.9499969482422,96.08000183105467,95.8000030517578,96.0500030517578,675
2026-03-20 14:22:00,95.91999816894533,96.02999877929688,95.9000015258789,95.9499969482422,353
2026-03-20 14:23:00,95.83000183105467,95.93000030517578,95.8000030517578,95.91999816894533,209
2026-03-20 14:24:00,95.8499984741211,95.8499984741211,95.70999908447266,95.8000030517578,312
2026-03-20 14:25:00,95.77999877929688,95.87000274658205,95.76000213623048,95.8499984741211,251
2026-03-20 14:26:00,95.66999816894533,95.77999877929688,95.58999633789062,95.77999877929688,326
2026-03-20 14:27:00,95.81999969482422,95.83999633789062,95.51000213623048,95.68000030517578,511
2026-03-20 14:28:00,95.77999877929688,95.88999938964844,95.7699966430664,95.81999969482422,275
2026-03-20 14:29:00,95.86000061035156,95.88999938964844,95.72000122070312,95.7699966430664,320
2026-03-20 14:30:00,95.83999633789062,95.91000366210938,95.7699966430664,95.87000274658205,410
2026-03-20 14:31:00,95.91000366210938,95.93000030517578,95.81999969482422,95.83999633789062,260
2026-03-20 14:32:00,96.01000213623048,96.01000213623048,95.9000015258789,95.91999816894533,288
2026-03-20 14:33:00,95.97000122070312,96.04000091552734,95.91000366210938,96.01000213623048,420
2026-03-20 14:34:00,95.87999725341795,95.98999786376952,95.83999633789062,95.9800033569336,200
2026-03-20 14:35:00,95.83999633789062,95.93000030517578,95.83999633789062,95.87000274658205,243
2026-03-20 14:36:00,96.0199966430664,96.0500030517578,95.83000183105467,95.83999633789062,438
2026-03-20 14:37:00,96.30999755859376,96.3499984741211,96.0199966430664,96.0199966430664,1133
2026-03-20 14:38:00,96.37999725341795,96.43000030517578,96.3000030517578,96.30999755859376,949
2026-03-20 14:39:00,96.3499984741211,96.41999816894533,96.22000122070312,96.37999725341795,496
2026-03-20 14:40:00,96.38999938964844,96.51000213623048,96.33999633789062,96.33999633789062,770
2026-03-20 14:41:00,96.45999908447266,96.4800033569336,96.37000274658205,96.37999725341795,325
2026-03-20 14:42:00,96.5,96.6500015258789,96.37999725341795,96.4499969482422,782
2026-03-20 14:43:00,96.5500030517578,96.58000183105467,96.47000122070312,96.4800033569336,242
2026-03-20 14:44:00,96.66000366210938,96.66999816894533,96.54000091552734,96.54000091552734,336
2026-03-20 14:45:00,96.70999908447266,96.73999786376952,96.62999725341795,96.6500015258789,857
2026-03-20 14:46:00,96.81999969482422,96.91000366210938,96.68000030517578,96.70999908447266,801
2026-03-20 14:47:00,96.68000030517578,96.81999969482422,96.63999938964844,96.80999755859376,524
2026-03-20 14:48:00,96.55999755859376,96.68000030517578,96.41000366210938,96.68000030517578,924
2026-03-20 14:49:00,96.69000244140624,96.6999969482422,96.5,96.5500030517578,409
2026-03-20 14:50:00,96.62999725341795,96.73999786376952,96.5999984741211,96.6999969482422,541
2026-03-20 14:51:00,96.9000015258789,96.91999816894533,96.62000274658205,96.63999938964844,487
2026-03-20 14:52:00,96.91000366210938,96.95999908447266,96.8499984741211,96.88999938964844,685
2026-03-20 14:53:00,96.76000213623048,96.93000030517578,96.72000122070312,96.91000366210938,610
2026-03-20 14:54:00,96.95999908447266,96.98999786376952,96.7699966430664,96.7699966430664,656
2026-03-20 14:55:00,96.91000366210938,97.02999877929688,96.6999969482422,96.9499969482422,1060
2026-03-20 14:56:00,96.97000122070312,97.06999969482422,96.88999938964844,96.91000366210938,772
2026-03-20 14:57:00,96.77999877929688,97.02999877929688,96.76000213623048,96.94000244140624,562
2026-03-20 14:58:00,96.83000183105467,96.86000061035156,96.6999969482422,96.8000030517578,655
2026-03-20 14:59:00,96.8499984741211,96.9000015258789,96.81999969482422,96.83999633789062,466
2026-03-20 15:00:00,96.5,96.8499984741211,96.30999755859376,96.83999633789062,2565
2026-03-20 15:01:00,96.70999908447266,96.7300033569336,96.4800033569336,96.51000213623048,656
2026-03-20 15:02:00,96.83000183105467,96.87000274658205,96.63999938964844,96.72000122070312,439
2026-03-20 15:03:00,96.93000030517578,97.04000091552734,96.8000030517578,96.81999969482422,790
2026-03-20 15:04:00,96.86000061035156,97.04000091552734,96.81999969482422,96.91000366210938,513
2026-03-20 15:05:00,96.81999969482422,96.91999816894533,96.7300033569336,96.86000061035156,327
2026-03-20 15:06:00,96.87000274658205,96.87000274658205,96.70999908447266,96.80999755859376,273
2026-03-20 15:07:00,96.88999938964844,96.97000122070312,96.87000274658205,96.87999725341795,350
2026-03-20 15:08:00,96.93000030517578,96.9499969482422,96.87000274658205,96.88999938964844,238
2026-03-20 15:09:00,96.86000061035156,96.93000030517578,96.79000091552734,96.91000366210938,220
2026-03-20 15:10:00,96.75,96.86000061035156,96.70999908447266,96.86000061035156,313
2026-03-20 15:11:00,96.68000030517578,96.77999877929688,96.62999725341795,96.73999786376952,451
2026-03-20 15:12:00,96.5500030517578,96.6999969482422,96.45999908447266,96.6500015258789,592
2026-03-20 15:13:00,96.4499969482422,96.61000061035156,96.44000244140624,96.55999755859376,704
2026-03-20 15:14:00,96.38999938964844,96.51000213623048,96.33999633789062,96.45999908447266,421
2026-03-20 15:15:00,96.25,96.5,96.19000244140624,96.38999938964844,630
2026-03-20 15:16:00,96.63999938964844,96.68000030517578,96.23999786376952,96.26000213623048,986
2026-03-20 15:17:00,96.44000244140624,96.68000030517578,96.38999938964844,96.62000274658205,418
2026-03-20 15:18:00,96.41000366210938,96.48999786376952,96.36000061035156,96.4499969482422,708
2026-03-20 15:19:00,96.38999938964844,96.4800033569336,96.33000183105467,96.41000366210938,298
2026-03-20 15:20:00,96.3499984741211,96.44000244140624,96.3000030517578,96.37999725341795,418
2026-03-20 15:21:00,96.38999938964844,96.41999816894533,96.25,96.36000061035156,481
2026-03-20 15:22:00,96.51000213623048,96.56999969482422,96.38999938964844,96.38999938964844,452
2026-03-20 15:23:00,96.16000366210938,96.61000061035156,95.69000244140624,96.5199966430664,2900
2026-03-20 15:24:00,96.4800033569336,96.5,96.12999725341795,96.18000030517578,1014
2026-03-20 15:25:00,96.45999908447266,96.51000213623048,96.2300033569336,96.4800033569336,774
2026-03-20 15:26:00,96.5500030517578,96.83000183105467,96.37000274658205,96.4499969482422,899
2026-03-20 15:27:00,96.51000213623048,96.66000366210938,96.4499969482422,96.55999755859376,471
2026-03-20 15:28:00,96.58999633789062,96.62999725341795,96.4800033569336,96.5,288
2026-03-20 15:29:00,96.6999969482422,96.75,96.5500030517578,96.58000183105467,455
2026-03-20 15:30:00,96.75,96.8000030517578,96.58999633789062,96.6999969482422,700
2026-03-20 15:31:00,96.6999969482422,96.79000091552734,96.6500015258789,96.7300033569336,728
2026-03-20 15:32:00,96.80999755859376,96.81999969482422,96.69000244140624,96.70999908447266,455
2026-03-20 15:33:00,96.7300033569336,96.80999755859376,96.66000366210938,96.80999755859376,386
2026-03-20 15:34:00,96.66000366210938,96.79000091552734,96.62999725341795,96.7300033569336,352
2026-03-20 15:35:00,96.66999816894533,96.77999877929688,96.62000274658205,96.63999938964844,420
2026-03-20 15:36:00,96.66000366210938,96.77999877929688,96.62000274658205,96.69000244140624,462
2026-03-20 15:37:00,96.70999908447266,96.88999938964844,96.66000366210938,96.66000366210938,460
2026-03-20 15:38:00,96.66000366210938,96.77999877929688,96.63999938964844,96.6999969482422,442
2026-03-20 15:39:00,96.61000061035156,96.66000366210938,96.58000183105467,96.66000366210938,460
2026-03-20 15:40:00,96.62000274658205,96.69000244140624,96.51000213623048,96.5999984741211,590
2026-03-20 15:41:00,96.66000366210938,96.68000030517578,96.52999877929688,96.62999725341795,728
2026-03-20 15:42:00,96.62000274658205,96.69000244140624,96.58000183105467,96.66999816894533,413
2026-03-20 15:43:00,96.5,96.6500015258789,96.43000030517578,96.62999725341795,550
2026-03-20 15:44:00,96.4000015258789,96.5199966430664,96.3499984741211,96.48999786376952,350
2026-03-20 15:45:00,96.4800033569336,96.4800033569336,96.38999938964844,96.41000366210938,329
2026-03-20 15:46:00,96.48999786376952,96.61000061035156,96.4800033569336,96.48999786376952,717
2026-03-20 15:47:00,96.4000015258789,96.5500030517578,96.3499984741211,96.5,385
2026-03-20 15:48:00,96.38999938964844,96.43000030517578,96.23999786376952,96.38999938964844,625
2026-03-20 15:49:00,96.5,96.54000091552734,96.3499984741211,96.4000015258789,490
2026-03-20 15:50:00,96.69000244140624,96.6999969482422,96.48999786376952,96.48999786376952,496
2026-03-20 15:51:00,96.66000366210938,96.6999969482422,96.55999755859376,96.6999969482422,308
2026-03-20 15:52:00,96.54000091552734,96.66000366210938,96.43000030517578,96.66000366210938,474
2026-03-20 15:53:00,96.68000030517578,96.6999969482422,96.5,96.54000091552734,303
2026-03-20 15:54:00,96.63999938964844,96.69000244140624,96.58000183105467,96.66999816894533,301
2026-03-20 15:55:00,96.5999984741211,96.68000030517578,96.58999633789062,96.63999938964844,304
2026-03-20 15:56:00,96.62999725341795,96.66000366210938,96.56999969482422,96.62000274658205,355
2026-03-20 15:57:00,96.52999877929688,96.63999938964844,96.52999877929688,96.62000274658205,254
2026-03-20 15:58:00,96.5199966430664,96.55999755859376,96.51000213623048,96.55999755859376,261
2026-03-20 15:59:00,96.55999755859376,96.56999969482422,96.5,96.5199966430664,166
2026-03-20 16:00:00,96.61000061035156,96.6999969482422,96.55999755859376,96.55999755859376,485
2026-03-20 16:01:00,96.5199966430664,96.63999938964844,96.4800033569336,96.62999725341795,332
2026-03-20 16:02:00,96.52999877929688,96.56999969482422,96.38999938964844,96.5199966430664,557
2026-03-20 16:03:00,96.43000030517578,96.54000091552734,96.41999816894533,96.54000091552734,355
2026-03-20 16:04:00,96.27999877929688,96.4499969482422,96.2300033569336,96.41999816894533,681
2026-03-20 16:05:00,96.43000030517578,96.5199966430664,96.23999786376952,96.27999877929688,457
2026-03-20 16:06:00,96.58999633789062,96.62000274658205,96.38999938964844,96.43000030517578,710
2026-03-20 16:07:00,96.7300033569336,96.81999969482422,96.55999755859376,96.5999984741211,588
2026-03-20 16:08:00,96.9000015258789,96.95999908447266,96.72000122070312,96.7300033569336,407
2026-03-20 16:09:00,96.93000030517578,96.93000030517578,96.77999877929688,96.91000366210938,605
2026-03-20 16:10:00,97.01000213623048,97.04000091552734,96.93000030517578,96.94000244140624,558
2026-03-20 16:11:00,96.95999908447266,97.12999725341795,96.95999908447266,97.0199966430664,494
2026-03-20 16:12:00,97.12000274658205,97.1500015258789,96.9000015258789,96.9499969482422,474
2026-03-20 16:13:00,97.12999725341795,97.22000122070312,97.11000061035156,97.12000274658205,450
2026-03-20 16:14:00,97.27999877929688,97.3499984741211,97.12999725341795,97.12999725341795,1118
2026-03-20 16:15:00,97.30999755859376,97.33999633789062,97.25,97.26000213623048,838
2026-03-20 16:16:00,97.27999877929688,97.3499984741211,97.26000213623048,97.30999755859376,648
2026-03-20 16:17:00,97.27999877929688,97.31999969482422,97.23999786376952,97.29000091552734,482
2026-03-20 16:18:00,97.41000366210938,97.41000366210938,97.22000122070312,97.2699966430664,726
2026-03-20 16:19:00,97.37000274658205,97.41999816894533,97.33999633789062,97.41999816894533,239
2026-03-20 16:20:00,97.37999725341795,97.43000030517578,97.29000091552734,97.37999725341795,590
2026-03-20 16:21:00,97.29000091552734,97.37999725341795,97.18000030517578,97.37000274658205,571
2026-03-20 16:22:00,97.1999969482422,97.33000183105467,97.16999816894533,97.27999877929688,372
2026-03-20 16:23:00,97.18000030517578,97.23999786376952,97.08999633789062,97.1999969482422,551
2026-03-20 16:24:00,97.16999816894533,97.19000244140624,97.0,97.18000030517578,546
2026-03-20 16:25:00,97.12000274658205,97.19000244140624,97.0500030517578,97.19000244140624,327
2026-03-20 16:26:00,97.33000183105467,97.36000061035156,97.13999938964844,97.13999938964844,654
2026-03-20 16:27:00,97.27999877929688,97.3499984741211,97.16000366210938,97.33000183105467,339
2026-03-20 16:28:00,97.12999725341795,97.30999755859376,97.11000061035156,97.27999877929688,292
2026-03-20 16:29:00,97.16999816894533,97.18000030517578,97.05999755859376,97.12000274658205,643
2026-03-20 16:30:00,97.08999633789062,97.16000366210938,97.02999877929688,97.16000366210938,466
2026-03-20 16:31:00,97.1999969482422,97.2699966430664,97.06999969482422,97.08000183105467,338
2026-03-20 16:32:00,97.29000091552734,97.37999725341795,97.12999725341795,97.1999969482422,454
2026-03-20 16:33:00,97.3499984741211,97.41999816894533,97.27999877929688,97.29000091552734,354
2026-03-20 16:34:00,97.37999725341795,97.41000366210938,97.3000030517578,97.37999725341795,275
2026-03-20 16:35:00,97.38999938964844,97.38999938964844,97.3000030517578,97.37000274658205,211
2026-03-20 16:36:00,97.3000030517578,97.5,97.27999877929688,97.4000015258789,744
2026-03-20 16:37:00,97.3000030517578,97.37999725341795,97.29000091552734,97.30999755859376,293
2026-03-20 16:38:00,97.41000366210938,97.4800033569336,97.3000030517578,97.31999969482422,472
2026-03-20 16:39:00,97.5,97.52999877929688,97.4000015258789,97.41000366210938,484
2026-03-20 16:40:00,97.5,97.55999755859376,97.44000244140624,97.5,749
2026-03-20 16:41:00,97.37000274658205,97.56999969482422,97.33999633789062,97.4800033569336,422
2026-03-20 16:42:00,97.29000091552734,97.37000274658205,97.25,97.37000274658205,582
2026-03-20 16:43:00,97.33999633789062,97.43000030517578,97.3000030517578,97.30999755859376,281
2026-03-20 16:44:00,97.3000030517578,97.36000061035156,97.23999786376952,97.33999633789062,171
2026-03-20 16:45:00,97.4000015258789,97.4000015258789,97.2699966430664,97.27999877929688,819
2026-03-20 16:46:00,97.41000366210938,97.52999877929688,97.33999633789062,97.37999725341795,767
2026-03-20 16:47:00,97.4800033569336,97.48999786376952,97.37999725341795,97.41999816894533,245
2026-03-20 16:48:00,97.68000030517578,97.69000244140624,97.47000122070312,97.4800033569336,629
2026-03-20 16:49:00,97.66000366210938,97.72000122070312,97.62000274658205,97.69000244140624,660
2026-03-20 16:50:00,97.68000030517578,97.70999908447266,97.62000274658205,97.66999816894533,590
2026-03-20 16:51:00,97.7300033569336,97.73999786376952,97.66000366210938,97.66999816894533,497
2026-03-20 16:52:00,97.68000030517578,97.7300033569336,97.62999725341795,97.7300033569336,480
2026-03-20 16:53:00,97.66999816894533,97.77999877929688,97.62999725341795,97.66999816894533,671
2026-03-20 16:54:00,97.58999633789062,97.68000030517578,97.5500030517578,97.68000030517578,422
2026-03-20 16:55:00,97.48999786376952,97.62000274658205,97.4800033569336,97.58999633789062,617
2026-03-20 16:56:00,97.41000366210938,97.52999877929688,97.37000274658205,97.48999786376952,802
2026-03-20 16:57:00,97.41999816894533,97.4499969482422,97.3499984741211,97.41000366210938,400
2026-03-20 16:58:00,97.5500030517578,97.55999755859376,97.38999938964844,97.41999816894533,283
2026-03-20 16:59:00,97.54000091552734,97.63999938964844,97.5199966430664,97.5500030517578,768
2026-03-20 17:00:00,97.5199966430664,97.58000183105467,97.5,97.54000091552734,464
2026-03-20 17:01:00,97.5,97.58999633789062,97.4800033569336,97.55999755859376,272
2026-03-20 17:02:00,97.45999908447266,97.61000061035156,97.4499969482422,97.51000213623048,315
2026-03-20 17:03:00,97.43000030517578,97.4800033569336,97.37999725341795,97.4499969482422,673
2026-03-20 17:04:00,97.4800033569336,97.51000213623048,97.41999816894533,97.41999816894533,389
2026-03-20 17:05:00,98.0,98.18000030517578,97.38999938964844,97.47000122070312,3972
2026-03-20 17:06:00,97.87000274658205,98.06999969482422,97.62000274658205,97.9800033569336,1324
2026-03-20 17:07:00,97.87000274658205,97.9800033569336,97.7699966430664,97.88999938964844,625
2026-03-20 17:08:00,97.9000015258789,98.0,97.81999969482422,97.88999938964844,665
2026-03-20 17:09:00,97.95999908447266,98.12999725341795,97.88999938964844,97.88999938964844,823
2026-03-20 17:10:00,97.9800033569336,98.0199966430664,97.8000030517578,97.97000122070312,630
2026-03-20 17:11:00,98.0500030517578,98.0999984741211,97.9800033569336,97.98999786376952,980
2026-03-20 17:12:00,98.12000274658205,98.13999938964844,97.98999786376952,98.05999755859376,597
2026-03-20 17:13:00,98.01000213623048,98.11000061035156,97.98999786376952,98.0999984741211,502
2026-03-20 17:14:00,97.86000061035156,98.0500030517578,97.86000061035156,98.0,564
2026-03-20 17:15:00,97.83000183105467,97.94000244140624,97.75,97.87999725341795,666
2026-03-20 17:16:00,97.87999725341795,97.97000122070312,97.83999633789062,97.83999633789062,809
2026-03-20 17:17:00,97.8499984741211,97.9000015258789,97.80999755859376,97.87000274658205,776
2026-03-20 17:18:00,98.0999984741211,98.11000061035156,97.76000213623048,97.83999633789062,1187
2026-03-20 17:19:00,98.1999969482422,98.2699966430664,98.08000183105467,98.08999633789062,1211
2026-03-20 17:20:00,98.1500015258789,98.25,98.11000061035156,98.18000030517578,914
2026-03-20 17:21:00,98.1999969482422,98.26000213623048,98.05999755859376,98.13999938964844,694
2026-03-20 17:22:00,97.9800033569336,98.22000122070312,97.94000244140624,98.20999908447266,466
2026-03-20 17:23:00,97.91000366210938,98.0,97.83999633789062,97.97000122070312,541
2026-03-20 17:24:00,97.9000015258789,97.95999908447266,97.81999969482422,97.88999938964844,397
2026-03-20 17:25:00,97.98999786376952,98.0,97.86000061035156,97.87999725341795,355
2026-03-20 17:26:00,98.01000213623048,98.13999938964844,97.8499984741211,97.9800033569336,1040
2026-03-20 17:27:00,98.22000122070312,98.2300033569336,98.0,98.01000213623048,1549
2026-03-20 17:28:00,98.13999938964844,98.20999908447266,98.08999633789062,98.20999908447266,647
2026-03-20 17:29:00,98.16000366210938,98.31999969482422,98.11000061035156,98.13999938964844,852
2026-03-20 17:30:00,98.13999938964844,98.2300033569336,98.04000091552734,98.16000366210938,555
2026-03-20 17:31:00,98.12000274658205,98.16999816894533,98.0199966430664,98.1500015258789,481
2026-03-20 17:32:00,98.18000030517578,98.2699966430664,98.08999633789062,98.12000274658205,459
2026-03-20 17:33:00,98.22000122070312,98.25,98.1500015258789,98.18000030517578,476
2026-03-20 17:34:00,98.12000274658205,98.25,98.11000061035156,98.22000122070312,671
2026-03-20 17:35:00,98.01000213623048,98.16000366210938,97.95999908447266,98.11000061035156,553
2026-03-20 17:36:00,98.29000091552734,98.33000183105467,98.0199966430664,98.0199966430664,452
2026-03-20 17:37:00,98.1500015258789,98.30999755859376,98.0999984741211,98.27999877929688,466
2026-03-20 17:38:00,98.18000030517578,98.2699966430664,98.0999984741211,98.16999816894533,634
2026-03-20 17:39:00,98.22000122070312,98.23999786376952,98.13999938964844,98.18000030517578,208
2026-03-20 17:40:00,98.26000213623048,98.30999755859376,98.16999816894533,98.2300033569336,370
2026-03-20 17:41:00,98.2699966430664,98.36000061035156,98.16999816894533,98.26000213623048,408
2026-03-20 17:42:00,98.20999908447266,98.33000183105467,98.1500015258789,98.25,412
2026-03-20 17:43:00,98.29000091552734,98.31999969482422,98.19000244140624,98.1999969482422,231
2026-03-20 17:44:00,98.33999633789062,98.41000366210938,98.23999786376952,98.3000030517578,481
2026-03-20 17:45:00,98.25,98.43000030517578,98.2300033569336,98.33000183105467,441
2026-03-20 17:46:00,98.33999633789062,98.3499984741211,98.2300033569336,98.2300033569336,244
2026-03-20 17:47:00,98.38999938964844,98.41000366210938,98.31999969482422,98.33000183105467,545
2026-03-20 17:48:00,98.48999786376952,98.5,98.3499984741211,98.37999725341795,1031
2026-03-20 17:49:00,98.47000122070312,98.51000213623048,98.41000366210938,98.48999786376952,1300
2026-03-20 17:50:00,98.2699966430664,98.5,98.2699966430664,98.4800033569336,1165
2026-03-20 17:51:00,98.29000091552734,98.33000183105467,98.1999969482422,98.26000213623048,638
2026-03-20 17:52:00,98.3000030517578,98.33000183105467,98.2300033569336,98.3000030517578,338
2026-03-20 17:53:00,98.16999816894533,98.33000183105467,98.0500030517578,98.30999755859376,754
2026-03-20 17:54:00,98.0500030517578,98.2699966430664,97.91999816894533,98.16999816894533,952
2026-03-20 17:55:00,98.0,98.0999984741211,97.83000183105467,98.0500030517578,1350
2026-03-20 17:56:00,98.0199966430664,98.02999877929688,97.87999725341795,98.01000213623048,618
2026-03-20 17:57:00,98.01000213623048,98.0199966430664,97.81999969482422,98.01000213623048,623
2026-03-20 17:58:00,98.06999969482422,98.16000366210938,97.9800033569336,98.01000213623048,755
2026-03-20 17:59:00,98.0199966430664,98.0999984741211,97.95999908447266,98.06999969482422,375
2026-03-20 18:00:00,97.69000244140624,98.04000091552734,97.55999755859376,98.0199966430664,1361
2026-03-20 18:01:00,97.7699966430664,98.05999755859376,97.61000061035156,97.69000244140624,1289
2026-03-20 18:02:00,97.6999969482422,97.7699966430664,97.55999755859376,97.75,1150
2026-03-20 18:03:00,97.62999725341795,97.73999786376952,97.56999969482422,97.6999969482422,769
2026-03-20 18:04:00,97.38999938964844,97.62999725341795,97.37000274658205,97.62999725341795,1110
2026-03-20 18:05:00,97.38999938964844,97.47000122070312,97.3000030517578,97.38999938964844,1195
2026-03-20 18:06:00,97.30999755859376,97.41999816894533,97.19000244140624,97.41000366210938,1233
2026-03-20 18:07:00,97.1500015258789,97.3000030517578,96.94000244140624,97.3000030517578,1452
2026-03-20 18:08:00,97.2699966430664,97.38999938964844,97.02999877929688,97.13999938964844,1481
2026-03-20 18:09:00,97.3000030517578,97.5,97.1500015258789,97.2699966430664,1080
2026-03-20 18:10:00,97.51000213623048,97.52999877929688,97.26000213623048,97.30999755859376,943
2026-03-20 18:11:00,97.29000091552734,97.55999755859376,97.29000091552734,97.54000091552734,929
2026-03-20 18:12:00,97.37999725341795,97.41000366210938,97.26000213623048,97.30999755859376,484
2026-03-20 18:13:00,97.38999938964844,97.38999938964844,97.26000213623048,97.36000061035156,681
2026-03-20 18:14:00,97.36000061035156,97.45999908447266,97.26000213623048,97.37999725341795,647
2026-03-20 18:15:00,97.5,97.55999755859376,97.3499984741211,97.37999725341795,888
2026-03-20 18:16:00,97.68000030517578,97.70999908447266,97.4499969482422,97.4800033569336,1246
2026-03-20 18:17:00,97.4800033569336,97.68000030517578,97.33000183105467,97.68000030517578,924
2026-03-20 18:18:00,97.27999877929688,97.48999786376952,97.22000122070312,97.4800033569336,1120
2026-03-20 18:19:00,97.1500015258789,97.37000274658205,97.12000274658205,97.27999877929688,876
2026-03-20 18:20:00,97.33999633789062,97.54000091552734,97.0999984741211,97.13999938964844,1307
2026-03-20 18:21:00,97.63999938964844,97.68000030517578,97.16000366210938,97.33999633789062,1516
2026-03-20 18:22:00,97.73999786376952,97.87999725341795,97.44000244140624,97.62000274658205,1716
2026-03-20 18:23:00,97.91999816894533,98.02999877929688,97.68000030517578,97.75,1973
2026-03-20 18:24:00,98.16999816894533,98.20999908447266,97.88999938964844,97.91000366210938,1951
2026-03-20 18:25:00,98.20999908447266,98.36000061035156,98.05999755859376,98.16000366210938,3375
2026-03-20 18:26:00,97.97000122070312,98.22000122070312,97.8499984741211,98.22000122070312,1900
2026-03-20 18:27:00,98.06999969482422,98.26000213623048,97.9499969482422,97.95999908447266,1928
2026-03-20 18:28:00,98.22000122070312,98.36000061035156,97.94000244140624,98.06999969482422,5313
2026-03-20 18:29:00,98.12000274658205,98.31999969482422,98.04000091552734,98.2300033569336,4218
2026-03-20 18:30:00,98.1999969482422,98.22000122070312,97.98999786376952,98.11000061035156,1525
2026-03-20 18:31:00,98.26000213623048,98.3499984741211,98.0,98.22000122070312,1207
2026-03-20 18:32:00,98.1999969482422,98.2699966430664,98.11000061035156,98.26000213623048,512
2026-03-20 18:33:00,98.1500015258789,98.25,98.06999969482422,98.20999908447266,468
2026-03-20 18:34:00,98.29000091552734,98.36000061035156,98.1500015258789,98.1500015258789,562
2026-03-20 18:35:00,98.3499984741211,98.4000015258789,98.26000213623048,98.26000213623048,318
2026-03-20 18:36:00,98.37000274658205,98.41999816894533,98.27999877929688,98.3499984741211,473
2026-03-20 18:37:00,98.29000091552734,98.37999725341795,98.2699966430664,98.33999633789062,469
2026-03-20 18:38:00,98.11000061035156,98.33999633789062,98.0999984741211,98.29000091552734,594
2026-03-20 18:39:00,98.37999725341795,98.43000030517578,98.0999984741211,98.11000061035156,487
2026-03-20 18:40:00,98.41999816894533,98.5199966430664,98.36000061035156,98.4000015258789,866
2026-03-20 18:41:00,98.41999816894533,98.44000244140624,98.2699966430664,98.41000366210938,396
2026-03-20 18:42:00,98.47000122070312,98.4800033569336,98.4000015258789,98.41999816894533,298
2026-03-20 18:43:00,98.51000213623048,98.58000183105467,98.43000030517578,98.45999908447266,732
2026-03-20 18:44:00,98.68000030517578,98.75,98.47000122070312,98.48999786376952,568
2026-03-20 18:45:00,98.69000244140624,98.6999969482422,98.58999633789062,98.66000366210938,433
2026-03-20 18:46:00,98.63999938964844,98.6999969482422,98.58999633789062,98.69000244140624,361
2026-03-20 18:47:00,98.62000274658205,98.66000366210938,98.5999984741211,98.62999725341795,357
2026-03-20 18:48:00,98.66000366210938,98.66999816894533,98.58999633789062,98.5999984741211,678
2026-03-20 18:49:00,98.5199966430664,98.6500015258789,98.47000122070312,98.6500015258789,354
2026-03-20 18:50:00,98.44000244140624,98.52999877929688,98.41000366210938,98.5199966430664,575
2026-03-20 18:51:00,98.16000366210938,98.44000244140624,98.08000183105467,98.44000244140624,1110
2026-03-20 18:52:00,98.20999908447266,98.27999877929688,98.1500015258789,98.16999816894533,438
2026-03-20 18:53:00,98.36000061035156,98.37000274658205,98.18000030517578,98.2300033569336,404
2026-03-20 18:54:00,98.54000091552734,98.55999755859376,98.3499984741211,98.37000274658205,778
2026-03-20 18:55:00,98.61000061035156,98.62999725341795,98.43000030517578,98.52999877929688,598
2026-03-20 18:56:00,98.6999969482422,98.72000122070312,98.58999633789062,98.62000274658205,630
2026-03-20 18:57:00,98.5999984741211,98.73999786376952,98.56999969482422,98.69000244140624,240
2026-03-20 18:58:00,98.54000091552734,98.62999725341795,98.5,98.61000061035156,260
2026-03-20 18:59:00,98.58999633789062,98.62000274658205,98.41999816894533,98.52999877929688,315
2026-03-20 19:00:00,98.36000061035156,98.61000061035156,98.36000061035156,98.58999633789062,210
2026-03-20 19:01:00,98.36000061035156,98.37999725341795,98.26000213623048,98.36000061035156,258
2026-03-20 19:02:00,98.37999725341795,98.4499969482422,98.36000061035156,98.36000061035156,236
2026-03-20 19:03:00,98.43000030517578,98.5999984741211,98.36000061035156,98.37000274658205,417
2026-03-20 19:04:00,98.45999908447266,98.48999786376952,98.37999725341795,98.41999816894533,138
2026-03-20 19:05:00,98.55999755859376,98.5999984741211,98.41999816894533,98.4800033569336,191
2026-03-20 19:06:00,98.5999984741211,98.62000274658205,98.51000213623048,98.5500030517578,311
2026-03-20 19:07:00,98.61000061035156,98.6500015258789,98.54000091552734,98.58999633789062,357
2026-03-20 19:08:00,98.61000061035156,98.6500015258789,98.54000091552734,98.5999984741211,317
2026-03-20 19:09:00,98.58000183105467,98.63999938964844,98.5500030517578,98.61000061035156,290
2026-03-20 19:10:00,98.52999877929688,98.62000274658205,98.51000213623048,98.56999969482422,418
2026-03-20 19:11:00,98.5999984741211,98.62000274658205,98.48999786376952,98.54000091552734,437
2026-03-20 19:12:00,98.5500030517578,98.61000061035156,98.51000213623048,98.58999633789062,301
2026-03-20 19:13:00,98.72000122070312,98.75,98.5500030517578,98.5500030517578,382
2026-03-20 19:14:00,98.66999816894533,98.73999786376952,98.58999633789062,98.72000122070312,347
2026-03-20 19:15:00,98.52999877929688,98.68000030517578,98.48999786376952,98.66999816894533,344
2026-03-20 19:16:00,98.55999755859376,98.56999969482422,98.48999786376952,98.5199966430664,183
2026-03-20 19:17:00,98.4000015258789,98.56999969482422,98.30999755859376,98.55999755859376,331
2026-03-20 19:18:00,98.4000015258789,98.44000244140624,98.33000183105467,98.38999938964844,181
2026-03-20 19:19:00,98.20999908447266,98.4800033569336,98.13999938964844,98.41999816894533,818
2026-03-20 19:20:00,98.13999938964844,98.33999633789062,98.0999984741211,98.2300033569336,641
2026-03-20 19:21:00,98.12999725341795,98.1500015258789,97.9000015258789,98.1500015258789,820
2026-03-20 19:22:00,98.19000244140624,98.20999908447266,98.0199966430664,98.0999984741211,276
2026-03-20 19:23:00,98.25,98.2699966430664,98.12999725341795,98.18000030517578,126
2026-03-20 19:24:00,98.3499984741211,98.38999938964844,98.23999786376952,98.25,269
2026-03-20 19:25:00,98.36000061035156,98.41999816894533,98.27999877929688,98.36000061035156,226
2026-03-20 19:26:00,98.33999633789062,98.3499984741211,98.2699966430664,98.3499984741211,277
2026-03-20 19:27:00,98.1500015258789,98.4000015258789,98.13999938964844,98.33999633789062,238
2026-03-20 19:28:00,98.1999969482422,98.23999786376952,98.08999633789062,98.1500015258789,239
2026-03-20 19:29:00,98.26000213623048,98.30999755859376,98.16000366210938,98.19000244140624,201
2026-03-20 19:30:00,98.20999908447266,98.29000091552734,98.16000366210938,98.25,156
2026-03-20 19:31:00,98.25,98.25,98.19000244140624,98.22000122070312,81
2026-03-20 19:32:00,98.31999969482422,98.41000366210938,98.25,98.25,225
2026-03-20 19:33:00,98.3499984741211,98.38999938964844,98.31999969482422,98.33000183105467,177
2026-03-20 19:34:00,98.4499969482422,98.4800033569336,98.37000274658205,98.37999725341795,103
2026-03-20 19:35:00,98.4499969482422,98.45999908447266,98.3499984741211,98.4499969482422,180
2026-03-20 19:36:00,98.37000274658205,98.47000122070312,98.37000274658205,98.44000244140624,84
2026-03-20 19:37:00,98.36000061035156,98.37999725341795,98.31999969482422,98.37000274658205,118
2026-03-20 19:38:00,98.44000244140624,98.45999908447266,98.36000061035156,98.36000061035156,524
2026-03-20 19:39:00,98.43000030517578,98.48999786376952,98.38999938964844,98.44000244140624,122
2026-03-20 19:40:00,98.36000061035156,98.4499969482422,98.33999633789062,98.4499969482422,216
2026-03-20 19:41:00,98.3000030517578,98.52999877929688,98.2300033569336,98.36000061035156,412
2026-03-20 19:42:00,98.26000213623048,98.33000183105467,98.23999786376952,98.27999877929688,241
2026-03-20 19:43:00,98.0999984741211,98.36000061035156,98.02999877929688,98.25,575
2026-03-20 19:44:00,97.94000244140624,98.0999984741211,97.79000091552734,98.08999633789062,625
2026-03-20 19:45:00,98.16000366210938,98.1999969482422,97.86000061035156,97.93000030517578,382
2026-03-20 19:46:00,97.98999786376952,98.1500015258789,97.9499969482422,98.13999938964844,274
2026-03-20 19:47:00,98.0199966430664,98.0500030517578,97.93000030517578,98.0199966430664,530
2026-03-20 19:48:00,98.23999786376952,98.23999786376952,97.9499969482422,98.02999877929688,630
2026-03-20 19:49:00,98.22000122070312,98.31999969482422,98.08999633789062,98.23999786376952,479
2026-03-20 19:50:00,98.02999877929688,98.23999786376952,97.9800033569336,98.23999786376952,609
2026-03-20 19:51:00,97.9499969482422,98.06999969482422,97.9499969482422,98.02999877929688,376
2026-03-20 19:52:00,98.0,98.11000061035156,97.87999725341795,97.93000030517578,341
2026-03-20 19:53:00,97.91999816894533,98.08000183105467,97.86000061035156,98.0,570
2026-03-20 19:54:00,97.69000244140624,97.98999786376952,97.4000015258789,97.93000030517578,1783
2026-03-20 19:55:00,97.54000091552734,97.6999969482422,97.51000213623048,97.68000030517578,695
2026-03-20 19:56:00,97.61000061035156,97.68000030517578,97.48999786376952,97.5199966430664,402
2026-03-20 19:57:00,97.58000183105467,97.68000030517578,97.44000244140624,97.62000274658205,503
2026-03-20 19:58:00,97.58000183105467,97.61000061035156,97.51000213623048,97.58999633789062,307
2026-03-20 19:59:00,97.4800033569336,97.56999969482422,97.43000030517578,97.56999969482422,591
2026-03-20 20:00:00,97.68000030517578,97.6999969482422,97.44000244140624,97.48999786376952,448
2026-03-20 20:01:00,97.73999786376952,97.8000030517578,97.63999938964844,97.66000366210938,226
2026-03-20 20:02:00,97.86000061035156,97.86000061035156,97.6999969482422,97.75,351
2026-03-20 20:03:00,98.01000213623048,98.0199966430664,97.77999877929688,97.83000183105467,627
2026-03-20 20:04:00,97.9800033569336,97.98999786376952,97.87999725341795,97.98999786376952,496
2026-03-20 20:05:00,97.95999908447266,98.01000213623048,97.93000030517578,97.97000122070312,229
2026-03-20 20:06:00,97.98999786376952,98.01000213623048,97.95999908447266,97.95999908447266,127
2026-03-20 20:07:00,97.97000122070312,98.01000213623048,97.91999816894533,98.0,217
2026-03-20 20:08:00,97.94000244140624,98.06999969482422,97.94000244140624,97.9800033569336,197
2026-03-20 20:09:00,97.91999816894533,97.98999786376952,97.87999725341795,97.9499969482422,308
2026-03-20 20:10:00,97.88999938964844,97.93000030517578,97.80999755859376,97.91999816894533,643
2026-03-20 20:11:00,97.73999786376952,97.91000366210938,97.72000122070312,97.87999725341795,213
2026-03-20 20:12:00,97.72000122070312,97.79000091552734,97.72000122070312,97.73999786376952,187
2026-03-20 20:13:00,97.5999984741211,97.7300033569336,97.52999877929688,97.72000122070312,285
2026-03-20 20:14:00,97.52999877929688,97.61000061035156,97.48999786376952,97.5999984741211,317
2026-03-20 20:15:00,97.56999969482422,97.62000274658205,97.48999786376952,97.5199966430664,233
2026-03-20 20:16:00,97.62999725341795,97.66000366210938,97.5500030517578,97.55999755859376,252
2026-03-20 20:17:00,97.63999938964844,97.66000366210938,97.56999969482422,97.62000274658205,104
2026-03-20 20:18:00,97.76000213623048,97.79000091552734,97.62999725341795,97.6500015258789,116
2026-03-20 20:19:00,97.7699966430664,97.77999877929688,97.6999969482422,97.75,67
2026-03-20 20:20:00,97.62000274658205,97.76000213623048,97.56999969482422,97.76000213623048,114
2026-03-20 20:21:00,97.79000091552734,97.8499984741211,97.63999938964844,97.63999938964844,390
2026-03-20 20:22:00,97.87000274658205,97.91999816894533,97.79000091552734,97.79000091552734,119
2026-03-20 20:23:00,97.87999725341795,97.93000030517578,97.8499984741211,97.87999725341795,117
2026-03-20 20:24:00,97.83000183105467,97.8499984741211,97.75,97.8499984741211,129
2026-03-20 20:25:00,97.70999908447266,97.83000183105467,97.68000030517578,97.83000183105467,168
2026-03-20 20:26:00,97.81999969482422,97.83000183105467,97.68000030517578,97.70999908447266,132
2026-03-20 20:27:00,97.83000183105467,97.87999725341795,97.79000091552734,97.8000030517578,101
2026-03-20 20:28:00,97.87000274658205,97.9000015258789,97.77999877929688,97.83000183105467,159
2026-03-20 20:29:00,97.8499984741211,97.86000061035156,97.81999969482422,97.86000061035156,79
2026-03-20 20:30:00,97.8499984741211,97.9000015258789,97.83000183105467,97.86000061035156,80
2026-03-20 20:31:00,97.9000015258789,97.95999908447266,97.8000030517578,97.86000061035156,139
2026-03-20 20:32:00,97.8499984741211,97.9000015258789,97.83999633789062,97.88999938964844,56
2026-03-20 20:33:00,97.87999725341795,97.9000015258789,97.80999755859376,97.83999633789062,57
2026-03-20 20:34:00,97.9499969482422,97.97000122070312,97.83999633789062,97.88999938964844,76
2026-03-20 20:35:00,97.80999755859376,97.9800033569336,97.8000030517578,97.94000244140624,92
2026-03-20 20:36:00,97.79000091552734,97.8499984741211,97.7699966430664,97.81999969482422,94
2026-03-20 20:37:00,97.79000091552734,97.80999755859376,97.75,97.8000030517578,75
2026-03-20 20:38:00,97.80999755859376,97.81999969482422,97.7300033569336,97.79000091552734,89
2026-03-20 20:39:00,97.73999786376952,97.83000183105467,97.73999786376952,97.81999969482422,61
2026-03-20 20:40:00,97.81999969482422,97.81999969482422,97.7300033569336,97.76000213623048,37
2026-03-20 20:41:00,97.88999938964844,97.88999938964844,97.8000030517578,97.8000030517578,55
2026-03-20 20:42:00,97.91999816894533,97.95999908447266,97.88999938964844,97.9000015258789,101
2026-03-20 20:43:00,97.95999908447266,97.98999786376952,97.91000366210938,97.91999816894533,237
2026-03-20 20:44:00,97.94000244140624,97.98999786376952,97.9000015258789,97.95999908447266,152
2026-03-20 20:45:00,97.97000122070312,97.97000122070312,97.91999816894533,97.93000030517578,46
2026-03-20 20:46:00,97.86000061035156,97.9800033569336,97.83999633789062,97.95999908447266,132
2026-03-20 20:47:00,97.9499969482422,97.98999786376952,97.83000183105467,97.83999633789062,83
2026-03-20 20:48:00,97.9000015258789,97.9800033569336,97.88999938964844,97.94000244140624,99
2026-03-20 20:49:00,97.94000244140624,97.97000122070312,97.88999938964844,97.91999816894533,88
2026-03-20 20:50:00,97.91999816894533,97.93000030517578,97.87999725341795,97.93000030517578,69
2026-03-20 20:51:00,98.06999969482422,98.0999984741211,97.93000030517578,97.93000030517578,258
2026-03-20 20:52:00,98.12000274658205,98.16000366210938,98.05999755859376,98.0999984741211,85
2026-03-20 20:53:00,98.08999633789062,98.12000274658205,98.04000091552734,98.12000274658205,104
2026-03-20 20:54:00,98.02999877929688,98.12000274658205,97.95999908447266,98.0999984741211,146
2026-03-20 20:55:00,98.0199966430664,98.0500030517578,97.98999786376952,98.04000091552734,132
2026-03-20 20:56:00,98.01000213623048,98.02999877929688,97.98999786376952,98.0,120
2026-03-20 20:57:00,98.01000213623048,98.08000183105467,98.0,98.0199966430664,129
2026-03-20 20:58:00,98.08000183105467,98.13999938964844,97.98999786376952,98.02999877929688,342
2026-03-20 20:59:00,98.08999633789062,98.08999633789062,98.08999633789062,98.08999633789062,0
