Datetime,Close,High,Low,Open,Volume
2026-03-12 00:00:00,1.158900022506714,1.158900022506714,1.158900022506714,1.158900022506714,0
2026-03-12 00:02:00,1.1588000059127808,1.1588000059127808,1.1588000059127808,1.1588000059127808,0
2026-03-12 00:04:00,1.158900022506714,1.158900022506714,1.158900022506714,1.158900022506714,0
2026-03-12 00:06:00,1.1588000059127808,1.1588000059127808,1.1588000059127808,1.1588000059127808,0
2026-03-12 00:08:00,1.1585999727249146,1.1585999727249146,1.1585999727249146,1.1585999727249146,0
2026-03-12 00:10:00,1.1586999893188477,1.1586999893188477,1.1586999893188477,1.1586999893188477,0
2026-03-12 00:12:00,1.1588000059127808,1.1588000059127808,1.1588000059127808,1.1588000059127808,0
2026-03-12 00:14:00,1.1586999893188477,1.1586999893188477,1.1586999893188477,1.1586999893188477,0
2026-03-12 00:16:00,1.1586999893188477,1.1586999893188477,1.1586999893188477,1.1586999893188477,0
2026-03-12 00:18:00,1.1586999893188477,1.1586999893188477,1.1586999893188477,1.1586999893188477,0
2026-03-12 00:20:00,1.1588000059127808,1.1588000059127808,1.1588000059127808,1.1588000059127808,0
2026-03-12 00:22:00,1.1588000059127808,1.1588000059127808,1.1588000059127808,1.1588000059127808,0
2026-03-12 00:24:00,1.1588000059127808,1.1588000059127808,1.1588000059127808,1.1588000059127808,0
2026-03-12 00:26:00,1.1586999893188477,1.1586999893188477,1.1586999893188477,1.1586999893188477,0
2026-03-12 00:28:00,1.1588000059127808,1.1588000059127808,1.1588000059127808,1.1588000059127808,0
2026-03-12 00:30:00,1.1588000059127808,1.1588000059127808,1.1588000059127808,1.1588000059127808,0
2026-03-12 00:32:00,1.158900022506714,1.158900022506714,1.158900022506714,1.158900022506714,0
2026-03-12 00:34:00,1.158900022506714,1.158900022506714,1.158900022506714,1.158900022506714,0
2026-03-12 00:36:00,1.158900022506714,1.158900022506714,1.158900022506714,1.158900022506714,0
2026-03-12 00:38:00,1.158900022506714,1.158900022506714,1.158900022506714,1.158900022506714,0
2026-03-12 00:40:00,1.159000039100647,1.159000039100647,1.159000039100647,1.159000039100647,0
2026-03-12 00:42:00,1.159000039100647,1.159000039100647,1.159000039100647,1.159000039100647,0
2026-03-12 00:44:00,1.159000039100647,1.159000039100647,1.159000039100647,1.159000039100647,0
2026-03-12 00:46:00,1.159000039100647,1.159000039100647,1.159000039100647,1.159000039100647,0
2026-03-12 00:48:00,1.15910005569458,1.15910005569458,1.15910005569458,1.15910005569458,0
2026-03-12 00:50:00,1.158900022506714,1.158900022506714,1.158900022506714,1.158900022506714,0
2026-03-12 00:52:00,1.1588000059127808,1.1588000059127808,1.1588000059127808,1.1588000059127808,0
2026-03-12 00:54:00,1.159000039100647,1.159000039100647,1.159000039100647,1.159000039100647,0
2026-03-12 00:56:00,1.1588000059127808,1.1588000059127808,1.1588000059127808,1.1588000059127808,0
2026-03-12 00:58:00,1.1586999893188477,1.1586999893188477,1.1586999893188477,1.1586999893188477,0
2026-03-12 01:00:00,1.1586999893188477,1.1586999893188477,1.1586999893188477,1.1586999893188477,0
2026-03-12 01:02:00,1.1584999561309814,1.1584999561309814,1.1584999561309814,1.1584999561309814,0
2026-03-12 01:04:00,1.158400058746338,1.158400058746338,1.158400058746338,1.158400058746338,0
2026-03-12 01:06:00,1.1584999561309814,1.1584999561309814,1.1584999561309814,1.1584999561309814,0
2026-03-12 01:08:00,1.1584999561309814,1.1584999561309814,1.1584999561309814,1.1584999561309814,0
2026-03-12 01:10:00,1.1584999561309814,1.1584999561309814,1.1584999561309814,1.1584999561309814,0
2026-03-12 01:12:00,1.1584999561309814,1.1584999561309814,1.1584999561309814,1.1584999561309814,0
2026-03-12 01:14:00,1.1585999727249146,1.1585999727249146,1.1585999727249146,1.1585999727249146,0
2026-03-12 01:16:00,1.1586999893188477,1.1586999893188477,1.1586999893188477,1.1586999893188477,0
2026-03-12 01:18:00,1.1585999727249146,1.1585999727249146,1.1585999727249146,1.1585999727249146,0
2026-03-12 01:20:00,1.1585999727249146,1.1585999727249146,1.1585999727249146,1.1585999727249146,0
2026-03-12 01:22:00,1.1585999727249146,1.1585999727249146,1.1585999727249146,1.1585999727249146,0
2026-03-12 01:24:00,1.1586999893188477,1.1586999893188477,1.1586999893188477,1.1586999893188477,0
2026-03-12 01:26:00,1.1586999893188477,1.1586999893188477,1.1586999893188477,1.1586999893188477,0
2026-03-12 01:28:00,1.1586999893188477,1.1586999893188477,1.1586999893188477,1.1586999893188477,0
2026-03-12 01:30:00,1.1588000059127808,1.1588000059127808,1.1588000059127808,1.1588000059127808,0
2026-03-12 01:32:00,1.1588000059127808,1.1588000059127808,1.1588000059127808,1.1588000059127808,0
2026-03-12 01:34:00,1.1588000059127808,1.1588000059127808,1.1588000059127808,1.1588000059127808,0
2026-03-12 01:36:00,1.1588000059127808,1.1588000059127808,1.1588000059127808,1.1588000059127808,0
2026-03-12 01:38:00,1.1588000059127808,1.1588000059127808,1.1588000059127808,1.1588000059127808,0
2026-03-12 01:40:00,1.1588000059127808,1.1588000059127808,1.1588000059127808,1.1588000059127808,0
2026-03-12 01:42:00,1.1588000059127808,1.1588000059127808,1.1588000059127808,1.1588000059127808,0
2026-03-12 01:44:00,1.1586999893188477,1.1586999893188477,1.1586999893188477,1.1586999893188477,0
2026-03-12 01:46:00,1.1586999893188477,1.1586999893188477,1.1586999893188477,1.1586999893188477,0
2026-03-12 01:48:00,1.1586999893188477,1.1586999893188477,1.1586999893188477,1.1586999893188477,0
2026-03-12 01:50:00,1.1586999893188477,1.1586999893188477,1.1586999893188477,1.1586999893188477,0
2026-03-12 01:52:00,1.1586999893188477,1.1586999893188477,1.1586999893188477,1.1586999893188477,0
2026-03-12 01:54:00,1.1585999727249146,1.1585999727249146,1.1585999727249146,1.1585999727249146,0
2026-03-12 01:56:00,1.1585999727249146,1.1585999727249146,1.1585999727249146,1.1585999727249146,0
2026-03-12 01:58:00,1.1585999727249146,1.1585999727249146,1.1585999727249146,1.1585999727249146,0
2026-03-12 02:00:00,1.1586999893188477,1.1586999893188477,1.1586999893188477,1.1586999893188477,0
2026-03-12 02:02:00,1.1586999893188477,1.1586999893188477,1.1586999893188477,1.1586999893188477,0
2026-03-12 02:04:00,1.1586999893188477,1.1586999893188477,1.1586999893188477,1.1586999893188477,0
2026-03-12 02:06:00,1.1586999893188477,1.1586999893188477,1.1586999893188477,1.1586999893188477,0
2026-03-12 02:08:00,1.1586999893188477,1.1586999893188477,1.1586999893188477,1.1586999893188477,0
2026-03-12 02:10:00,1.1586999893188477,1.1586999893188477,1.1586999893188477,1.1586999893188477,0
2026-03-12 02:12:00,1.1586999893188477,1.1586999893188477,1.1586999893188477,1.1586999893188477,0
2026-03-12 02:14:00,1.1585999727249146,1.1585999727249146,1.1585999727249146,1.1585999727249146,0
2026-03-12 02:16:00,1.1585999727249146,1.1585999727249146,1.1585999727249146,1.1585999727249146,0
2026-03-12 02:18:00,1.1586999893188477,1.1586999893188477,1.1586999893188477,1.1586999893188477,0
2026-03-12 02:20:00,1.1586999893188477,1.1586999893188477,1.1586999893188477,1.1586999893188477,0
2026-03-12 02:22:00,1.1586999893188477,1.1586999893188477,1.1586999893188477,1.1586999893188477,0
2026-03-12 02:24:00,1.1586999893188477,1.1586999893188477,1.1586999893188477,1.1586999893188477,0
2026-03-12 02:26:00,1.1586999893188477,1.1586999893188477,1.1586999893188477,1.1586999893188477,0
2026-03-12 02:28:00,1.1586999893188477,1.1586999893188477,1.1586999893188477,1.1586999893188477,0
2026-03-12 02:30:00,1.1586999893188477,1.1586999893188477,1.1586999893188477,1.1586999893188477,0
2026-03-12 02:32:00,1.1586999893188477,1.1586999893188477,1.1586999893188477,1.1586999893188477,0
2026-03-12 02:34:00,1.1586999893188477,1.1586999893188477,1.1586999893188477,1.1586999893188477,0
2026-03-12 02:36:00,1.1584999561309814,1.1584999561309814,1.1584999561309814,1.1584999561309814,0
2026-03-12 02:38:00,1.1584999561309814,1.1584999561309814,1.1584999561309814,1.1584999561309814,0
2026-03-12 02:40:00,1.1584999561309814,1.1584999561309814,1.1584999561309814,1.1584999561309814,0
2026-03-12 02:42:00,1.1584999561309814,1.1584999561309814,1.1584999561309814,1.1584999561309814,0
2026-03-12 02:44:00,1.158400058746338,1.158400058746338,1.158400058746338,1.158400058746338,0
2026-03-12 02:46:00,1.158400058746338,1.158400058746338,1.158400058746338,1.158400058746338,0
2026-03-12 02:48:00,1.158400058746338,1.158400058746338,1.158400058746338,1.158400058746338,0
2026-03-12 02:50:00,1.158400058746338,1.158400058746338,1.158400058746338,1.158400058746338,0
2026-03-12 02:52:00,1.158400058746338,1.158400058746338,1.158400058746338,1.158400058746338,0
2026-03-12 02:54:00,1.158400058746338,1.158400058746338,1.158400058746338,1.158400058746338,0
2026-03-12 02:56:00,1.1583000421524048,1.1583000421524048,1.1583000421524048,1.1583000421524048,0
2026-03-12 02:58:00,1.1583000421524048,1.1583000421524048,1.1583000421524048,1.1583000421524048,0
2026-03-12 03:00:00,1.1583000421524048,1.1583000421524048,1.1583000421524048,1.1583000421524048,0
2026-03-12 03:02:00,1.1583000421524048,1.1583000421524048,1.1583000421524048,1.1583000421524048,0
2026-03-12 03:04:00,1.158400058746338,1.158400058746338,1.158400058746338,1.158400058746338,0
2026-03-12 03:06:00,1.158400058746338,1.158400058746338,1.158400058746338,1.158400058746338,0
2026-03-12 03:08:00,1.1584999561309814,1.1584999561309814,1.1584999561309814,1.1584999561309814,0
2026-03-12 03:10:00,1.1584999561309814,1.1584999561309814,1.1584999561309814,1.1584999561309814,0
2026-03-12 03:12:00,1.158400058746338,1.158400058746338,1.158400058746338,1.158400058746338,0
2026-03-12 03:14:00,1.1584999561309814,1.1584999561309814,1.1584999561309814,1.1584999561309814,0
2026-03-12 03:16:00,1.158400058746338,1.158400058746338,1.158400058746338,1.158400058746338,0
2026-03-12 03:18:00,1.158400058746338,1.158400058746338,1.158400058746338,1.158400058746338,0
2026-03-12 03:20:00,1.158400058746338,1.158400058746338,1.158400058746338,1.158400058746338,0
2026-03-12 03:22:00,1.158400058746338,1.158400058746338,1.158400058746338,1.158400058746338,0
2026-03-12 03:24:00,1.1583000421524048,1.1583000421524048,1.1583000421524048,1.1583000421524048,0
2026-03-12 03:26:00,1.1583000421524048,1.1583000421524048,1.1583000421524048,1.1583000421524048,0
2026-03-12 03:28:00,1.1583000421524048,1.1583000421524048,1.1583000421524048,1.1583000421524048,0
2026-03-12 03:30:00,1.1583000421524048,1.1583000421524048,1.1583000421524048,1.1583000421524048,0
2026-03-12 03:32:00,1.1583000421524048,1.1583000421524048,1.1583000421524048,1.1583000421524048,0
2026-03-12 03:34:00,1.1583000421524048,1.1583000421524048,1.1583000421524048,1.1583000421524048,0
2026-03-12 03:36:00,1.158400058746338,1.158400058746338,1.158400058746338,1.158400058746338,0
2026-03-12 03:38:00,1.158400058746338,1.158400058746338,1.158400058746338,1.158400058746338,0
2026-03-12 03:40:00,1.1583000421524048,1.1583000421524048,1.1583000421524048,1.1583000421524048,0
2026-03-12 03:42:00,1.158400058746338,1.158400058746338,1.158400058746338,1.158400058746338,0
2026-03-12 03:44:00,1.158400058746338,1.158400058746338,1.158400058746338,1.158400058746338,0
2026-03-12 03:46:00,1.158400058746338,1.158400058746338,1.158400058746338,1.158400058746338,0
2026-03-12 03:48:00,1.1583000421524048,1.1583000421524048,1.1583000421524048,1.1583000421524048,0
2026-03-12 03:50:00,1.1583000421524048,1.1583000421524048,1.1583000421524048,1.1583000421524048,0
2026-03-12 03:52:00,1.1582000255584717,1.1582000255584717,1.1582000255584717,1.1582000255584717,0
2026-03-12 03:54:00,1.1583000421524048,1.1583000421524048,1.1583000421524048,1.1583000421524048,0
2026-03-12 03:56:00,1.158400058746338,1.158400058746338,1.158400058746338,1.158400058746338,0
2026-03-12 03:58:00,1.1583000421524048,1.1583000421524048,1.1583000421524048,1.1583000421524048,0
2026-03-12 04:00:00,1.1583000421524048,1.1583000421524048,1.1583000421524048,1.1583000421524048,0
2026-03-12 04:02:00,1.1583000421524048,1.1583000421524048,1.1583000421524048,1.1583000421524048,0
2026-03-12 04:04:00,1.1583000421524048,1.1583000421524048,1.1583000421524048,1.1583000421524048,0
2026-03-12 04:06:00,1.158400058746338,1.158400058746338,1.158400058746338,1.158400058746338,0
2026-03-12 04:08:00,1.1583000421524048,1.1583000421524048,1.1583000421524048,1.1583000421524048,0
2026-03-12 04:10:00,1.1583000421524048,1.1583000421524048,1.1583000421524048,1.1583000421524048,0
2026-03-12 04:12:00,1.1583000421524048,1.1583000421524048,1.1583000421524048,1.1583000421524048,0
2026-03-12 04:14:00,1.1583000421524048,1.1583000421524048,1.1583000421524048,1.1583000421524048,0
2026-03-12 04:16:00,1.1583000421524048,1.1583000421524048,1.1583000421524048,1.1583000421524048,0
2026-03-12 04:18:00,1.1583000421524048,1.1583000421524048,1.1583000421524048,1.1583000421524048,0
2026-03-12 04:20:00,1.1583000421524048,1.1583000421524048,1.1583000421524048,1.1583000421524048,0
2026-03-12 04:22:00,1.1582000255584717,1.1582000255584717,1.1582000255584717,1.1582000255584717,0
2026-03-12 04:24:00,1.1583000421524048,1.1583000421524048,1.1583000421524048,1.1583000421524048,0
2026-03-12 04:26:00,1.1583000421524048,1.1583000421524048,1.1583000421524048,1.1583000421524048,0
2026-03-12 04:28:00,1.1583000421524048,1.1583000421524048,1.1583000421524048,1.1583000421524048,0
2026-03-12 04:30:00,1.1582000255584717,1.1582000255584717,1.1582000255584717,1.1582000255584717,0
2026-03-12 04:32:00,1.1582000255584717,1.1582000255584717,1.1582000255584717,1.1582000255584717,0
2026-03-12 04:34:00,1.1582000255584717,1.1582000255584717,1.1582000255584717,1.1582000255584717,0
2026-03-12 04:36:00,1.1582000255584717,1.1582000255584717,1.1582000255584717,1.1582000255584717,0
2026-03-12 04:38:00,1.1583000421524048,1.1583000421524048,1.1583000421524048,1.1583000421524048,0
2026-03-12 04:40:00,1.1583000421524048,1.1583000421524048,1.1583000421524048,1.1583000421524048,0
2026-03-12 04:42:00,1.158400058746338,1.158400058746338,1.158400058746338,1.158400058746338,0
2026-03-12 04:44:00,1.158400058746338,1.158400058746338,1.158400058746338,1.158400058746338,0
2026-03-12 04:46:00,1.1583000421524048,1.1583000421524048,1.1583000421524048,1.1583000421524048,0
2026-03-12 04:48:00,1.1582000255584717,1.1582000255584717,1.1582000255584717,1.1582000255584717,0
2026-03-12 04:50:00,1.1582000255584717,1.1582000255584717,1.1582000255584717,1.1582000255584717,0
2026-03-12 04:52:00,1.1581000089645386,1.1581000089645386,1.1581000089645386,1.1581000089645386,0
2026-03-12 04:54:00,1.1583000421524048,1.1583000421524048,1.1583000421524048,1.1583000421524048,0
2026-03-12 04:56:00,1.1582000255584717,1.1582000255584717,1.1582000255584717,1.1582000255584717,0
2026-03-12 04:58:00,1.1581000089645386,1.1581000089645386,1.1581000089645386,1.1581000089645386,0
2026-03-12 05:00:00,1.1582000255584717,1.1582000255584717,1.1582000255584717,1.1582000255584717,0
2026-03-12 05:02:00,1.1581000089645386,1.1581000089645386,1.1581000089645386,1.1581000089645386,0
2026-03-12 05:04:00,1.1579999923706057,1.1579999923706057,1.1579999923706057,1.1579999923706057,0
2026-03-12 05:06:00,1.1579999923706057,1.1579999923706057,1.1579999923706057,1.1579999923706057,0
2026-03-12 05:08:00,1.1579999923706057,1.1579999923706057,1.1579999923706057,1.1579999923706057,0
2026-03-12 05:10:00,1.1579999923706057,1.1579999923706057,1.1579999923706057,1.1579999923706057,0
2026-03-12 05:12:00,1.1579999923706057,1.1579999923706057,1.1579999923706057,1.1579999923706057,0
2026-03-12 05:14:00,1.1579999923706057,1.1579999923706057,1.1579999923706057,1.1579999923706057,0
2026-03-12 05:16:00,1.1582000255584717,1.1582000255584717,1.1582000255584717,1.1582000255584717,0
2026-03-12 05:18:00,1.1579999923706057,1.1579999923706057,1.1579999923706057,1.1579999923706057,0
2026-03-12 05:20:00,1.1581000089645386,1.1581000089645386,1.1581000089645386,1.1581000089645386,0
2026-03-12 05:22:00,1.1582000255584717,1.1582000255584717,1.1582000255584717,1.1582000255584717,0
2026-03-12 05:24:00,1.1583000421524048,1.1583000421524048,1.1583000421524048,1.1583000421524048,0
2026-03-12 05:26:00,1.1583000421524048,1.1583000421524048,1.1583000421524048,1.1583000421524048,0
2026-03-12 05:28:00,1.1583000421524048,1.1583000421524048,1.1583000421524048,1.1583000421524048,0
2026-03-12 05:30:00,1.1583000421524048,1.1583000421524048,1.1583000421524048,1.1583000421524048,0
2026-03-12 05:32:00,1.1583000421524048,1.1583000421524048,1.1583000421524048,1.1583000421524048,0
2026-03-12 05:34:00,1.1583000421524048,1.1583000421524048,1.1583000421524048,1.1583000421524048,0
2026-03-12 05:36:00,1.1582000255584717,1.1582000255584717,1.1582000255584717,1.1582000255584717,0
2026-03-12 05:38:00,1.1582000255584717,1.1582000255584717,1.1582000255584717,1.1582000255584717,0
2026-03-12 05:40:00,1.1582000255584717,1.1582000255584717,1.1582000255584717,1.1582000255584717,0
2026-03-12 05:42:00,1.1581000089645386,1.1581000089645386,1.1581000089645386,1.1581000089645386,0
2026-03-12 05:44:00,1.1579999923706057,1.1579999923706057,1.1579999923706057,1.1579999923706057,0
2026-03-12 05:46:00,1.1578999757766724,1.1578999757766724,1.1578999757766724,1.1578999757766724,0
2026-03-12 05:48:00,1.1579999923706057,1.1579999923706057,1.1579999923706057,1.1579999923706057,0
2026-03-12 05:50:00,1.1578999757766724,1.1578999757766724,1.1578999757766724,1.1578999757766724,0
2026-03-12 05:52:00,1.1579999923706057,1.1579999923706057,1.1579999923706057,1.1579999923706057,0
2026-03-12 05:54:00,1.1579999923706057,1.1579999923706057,1.1579999923706057,1.1579999923706057,0
2026-03-12 05:56:00,1.1578999757766724,1.1578999757766724,1.1578999757766724,1.1578999757766724,0
2026-03-12 05:58:00,1.1578999757766724,1.1578999757766724,1.1578999757766724,1.1578999757766724,0
2026-03-12 06:00:00,1.1579999923706057,1.1579999923706057,1.1579999923706057,1.1579999923706057,0
2026-03-12 06:02:00,1.1578999757766724,1.1578999757766724,1.1578999757766724,1.1578999757766724,0
2026-03-12 06:04:00,1.1578999757766724,1.1578999757766724,1.1578999757766724,1.1578999757766724,0
2026-03-12 06:06:00,1.1578999757766724,1.1578999757766724,1.1578999757766724,1.1578999757766724,0
2026-03-12 06:08:00,1.1576999425888062,1.1576999425888062,1.1576999425888062,1.1576999425888062,0
2026-03-12 06:10:00,1.1576000452041626,1.1576000452041626,1.1576000452041626,1.1576000452041626,0
2026-03-12 06:12:00,1.1577999591827393,1.1577999591827393,1.1577999591827393,1.1577999591827393,0
2026-03-12 06:14:00,1.1575000286102295,1.1575000286102295,1.1575000286102295,1.1575000286102295,0
2026-03-12 06:16:00,1.1572999954223633,1.1572999954223633,1.1572999954223633,1.1572999954223633,0
2026-03-12 06:18:00,1.1574000120162964,1.1574000120162964,1.1574000120162964,1.1574000120162964,0
2026-03-12 06:20:00,1.1572999954223633,1.1572999954223633,1.1572999954223633,1.1572999954223633,0
2026-03-12 06:22:00,1.1575000286102295,1.1575000286102295,1.1575000286102295,1.1575000286102295,0
2026-03-12 06:24:00,1.1575000286102295,1.1575000286102295,1.1575000286102295,1.1575000286102295,0
2026-03-12 06:26:00,1.1576999425888062,1.1576999425888062,1.1576999425888062,1.1576999425888062,0
2026-03-12 06:28:00,1.1576999425888062,1.1576999425888062,1.1576999425888062,1.1576999425888062,0
2026-03-12 06:30:00,1.1577999591827393,1.1577999591827393,1.1577999591827393,1.1577999591827393,0
2026-03-12 06:32:00,1.1577999591827393,1.1577999591827393,1.1577999591827393,1.1577999591827393,0
2026-03-12 06:34:00,1.1577999591827393,1.1577999591827393,1.1577999591827393,1.1577999591827393,0
2026-03-12 06:36:00,1.1578999757766724,1.1578999757766724,1.1578999757766724,1.1578999757766724,0
2026-03-12 06:38:00,1.1578999757766724,1.1578999757766724,1.1578999757766724,1.1578999757766724,0
2026-03-12 06:40:00,1.1578999757766724,1.1578999757766724,1.1578999757766724,1.1578999757766724,0
2026-03-12 06:42:00,1.1579999923706057,1.1579999923706057,1.1579999923706057,1.1579999923706057,0
2026-03-12 06:44:00,1.1579999923706057,1.1579999923706057,1.1579999923706057,1.1579999923706057,0
2026-03-12 06:46:00,1.1579999923706057,1.1579999923706057,1.1579999923706057,1.1579999923706057,0
2026-03-12 06:48:00,1.1581000089645386,1.1581000089645386,1.1581000089645386,1.1581000089645386,0
2026-03-12 06:50:00,1.1581000089645386,1.1581000089645386,1.1581000089645386,1.1581000089645386,0
2026-03-12 06:52:00,1.1581000089645386,1.1581000089645386,1.1581000089645386,1.1581000089645386,0
2026-03-12 06:54:00,1.1582000255584717,1.1582000255584717,1.1582000255584717,1.1582000255584717,0
2026-03-12 06:56:00,1.1582000255584717,1.1582000255584717,1.1582000255584717,1.1582000255584717,0
2026-03-12 06:58:00,1.1582000255584717,1.1582000255584717,1.1582000255584717,1.1582000255584717,0
2026-03-12 07:00:00,1.158400058746338,1.158400058746338,1.158400058746338,1.158400058746338,0
2026-03-12 07:02:00,1.158400058746338,1.158400058746338,1.158400058746338,1.158400058746338,0
2026-03-12 07:04:00,1.1583000421524048,1.1583000421524048,1.1583000421524048,1.1583000421524048,0
2026-03-12 07:06:00,1.1584999561309814,1.1584999561309814,1.1584999561309814,1.1584999561309814,0
2026-03-12 07:08:00,1.158400058746338,1.158400058746338,1.158400058746338,1.158400058746338,0
2026-03-12 07:10:00,1.1583000421524048,1.1583000421524048,1.1583000421524048,1.1583000421524048,0
2026-03-12 07:12:00,1.158400058746338,1.158400058746338,1.158400058746338,1.158400058746338,0
2026-03-12 07:14:00,1.1583000421524048,1.1583000421524048,1.1583000421524048,1.1583000421524048,0
2026-03-12 07:16:00,1.1583000421524048,1.1583000421524048,1.1583000421524048,1.1583000421524048,0
2026-03-12 07:18:00,1.1581000089645386,1.1581000089645386,1.1581000089645386,1.1581000089645386,0
2026-03-12 07:20:00,1.1582000255584717,1.1582000255584717,1.1582000255584717,1.1582000255584717,0
2026-03-12 07:22:00,1.1583000421524048,1.1583000421524048,1.1583000421524048,1.1583000421524048,0
2026-03-12 07:24:00,1.1582000255584717,1.1582000255584717,1.1582000255584717,1.1582000255584717,0
2026-03-12 07:26:00,1.1583000421524048,1.1583000421524048,1.1583000421524048,1.1583000421524048,0
2026-03-12 07:28:00,1.158400058746338,1.158400058746338,1.158400058746338,1.158400058746338,0
2026-03-12 07:30:00,1.1583000421524048,1.1583000421524048,1.1583000421524048,1.1583000421524048,0
2026-03-12 07:32:00,1.158400058746338,1.158400058746338,1.158400058746338,1.158400058746338,0
2026-03-12 07:34:00,1.158400058746338,1.158400058746338,1.158400058746338,1.158400058746338,0
2026-03-12 07:36:00,1.1584999561309814,1.1584999561309814,1.1584999561309814,1.1584999561309814,0
2026-03-12 07:38:00,1.158400058746338,1.158400058746338,1.158400058746338,1.158400058746338,0
2026-03-12 07:40:00,1.1584999561309814,1.1584999561309814,1.1584999561309814,1.1584999561309814,0
2026-03-12 07:42:00,1.1588000059127808,1.1588000059127808,1.1588000059127808,1.1588000059127808,0
2026-03-12 07:44:00,1.1588000059127808,1.1588000059127808,1.1588000059127808,1.1588000059127808,0
2026-03-12 07:46:00,1.1585999727249146,1.1585999727249146,1.1585999727249146,1.1585999727249146,0
2026-03-12 07:48:00,1.1586999893188477,1.1586999893188477,1.1586999893188477,1.1586999893188477,0
2026-03-12 07:50:00,1.1584999561309814,1.1584999561309814,1.1584999561309814,1.1584999561309814,0
2026-03-12 07:52:00,1.1585999727249146,1.1585999727249146,1.1585999727249146,1.1585999727249146,0
2026-03-12 07:54:00,1.1585999727249146,1.1585999727249146,1.1585999727249146,1.1585999727249146,0
2026-03-12 07:56:00,1.1585999727249146,1.1585999727249146,1.1585999727249146,1.1585999727249146,0
2026-03-12 07:58:00,1.1586999893188477,1.1586999893188477,1.1586999893188477,1.1586999893188477,0
2026-03-12 08:00:00,1.159000039100647,1.159000039100647,1.159000039100647,1.159000039100647,0
2026-03-12 08:02:00,1.158900022506714,1.158900022506714,1.158900022506714,1.158900022506714,0
2026-03-12 08:04:00,1.1588000059127808,1.1588000059127808,1.1588000059127808,1.1588000059127808,0
2026-03-12 08:06:00,1.158900022506714,1.158900022506714,1.158900022506714,1.158900022506714,0
2026-03-12 08:08:00,1.1588000059127808,1.1588000059127808,1.1588000059127808,1.1588000059127808,0
2026-03-12 08:10:00,1.1586999893188477,1.1586999893188477,1.1586999893188477,1.1586999893188477,0
2026-03-12 08:12:00,1.1585999727249146,1.1585999727249146,1.1585999727249146,1.1585999727249146,0
2026-03-12 08:14:00,1.158400058746338,1.158400058746338,1.158400058746338,1.158400058746338,0
2026-03-12 08:16:00,1.1583000421524048,1.1583000421524048,1.1583000421524048,1.1583000421524048,0
2026-03-12 08:18:00,1.158400058746338,1.158400058746338,1.158400058746338,1.158400058746338,0
2026-03-12 08:20:00,1.1582000255584717,1.1582000255584717,1.1582000255584717,1.1582000255584717,0
2026-03-12 08:22:00,1.1582000255584717,1.1582000255584717,1.1582000255584717,1.1582000255584717,0
2026-03-12 08:24:00,1.1583000421524048,1.1583000421524048,1.1583000421524048,1.1583000421524048,0
2026-03-12 08:26:00,1.158400058746338,1.158400058746338,1.158400058746338,1.158400058746338,0
2026-03-12 08:28:00,1.1583000421524048,1.1583000421524048,1.1583000421524048,1.1583000421524048,0
2026-03-12 08:30:00,1.158400058746338,1.158400058746338,1.158400058746338,1.158400058746338,0
2026-03-12 08:32:00,1.158400058746338,1.158400058746338,1.158400058746338,1.158400058746338,0
2026-03-12 08:34:00,1.1583000421524048,1.1583000421524048,1.1583000421524048,1.1583000421524048,0
2026-03-12 08:36:00,1.1583000421524048,1.1583000421524048,1.1583000421524048,1.1583000421524048,0
2026-03-12 08:38:00,1.1584999561309814,1.1584999561309814,1.1584999561309814,1.1584999561309814,0
2026-03-12 08:40:00,1.1583000421524048,1.1583000421524048,1.1583000421524048,1.1583000421524048,0
2026-03-12 08:42:00,1.1582000255584717,1.1582000255584717,1.1582000255584717,1.1582000255584717,0
2026-03-12 08:44:00,1.1583000421524048,1.1583000421524048,1.1583000421524048,1.1583000421524048,0
2026-03-12 08:46:00,1.158400058746338,1.158400058746338,1.158400058746338,1.158400058746338,0
2026-03-12 08:48:00,1.1585999727249146,1.1585999727249146,1.1585999727249146,1.1585999727249146,0
2026-03-12 08:50:00,1.1584999561309814,1.1584999561309814,1.1584999561309814,1.1584999561309814,0
2026-03-12 08:52:00,1.1583000421524048,1.1583000421524048,1.1583000421524048,1.1583000421524048,0
2026-03-12 08:54:00,1.1581000089645386,1.1581000089645386,1.1581000089645386,1.1581000089645386,0
2026-03-12 08:56:00,1.1578999757766724,1.1578999757766724,1.1578999757766724,1.1578999757766724,0
2026-03-12 08:58:00,1.1579999923706057,1.1579999923706057,1.1579999923706057,1.1579999923706057,0
2026-03-12 09:00:00,1.1581000089645386,1.1581000089645386,1.1581000089645386,1.1581000089645386,0
2026-03-12 09:02:00,1.1581000089645386,1.1581000089645386,1.1581000089645386,1.1581000089645386,0
2026-03-12 09:04:00,1.1582000255584717,1.1582000255584717,1.1582000255584717,1.1582000255584717,0
2026-03-12 09:06:00,1.1582000255584717,1.1582000255584717,1.1582000255584717,1.1582000255584717,0
2026-03-12 09:08:00,1.1583000421524048,1.1583000421524048,1.1583000421524048,1.1583000421524048,0
2026-03-12 09:10:00,1.1582000255584717,1.1582000255584717,1.1582000255584717,1.1582000255584717,0
2026-03-12 09:12:00,1.1582000255584717,1.1582000255584717,1.1582000255584717,1.1582000255584717,0
2026-03-12 09:14:00,1.1578999757766724,1.1578999757766724,1.1578999757766724,1.1578999757766724,0
2026-03-12 09:16:00,1.1579999923706057,1.1579999923706057,1.1579999923706057,1.1579999923706057,0
2026-03-12 09:18:00,1.1578999757766724,1.1578999757766724,1.1578999757766724,1.1578999757766724,0
2026-03-12 09:20:00,1.1577999591827393,1.1577999591827393,1.1577999591827393,1.1577999591827393,0
2026-03-12 09:22:00,1.1576000452041626,1.1576000452041626,1.1576000452041626,1.1576000452041626,0
2026-03-12 09:24:00,1.1576000452041626,1.1576000452041626,1.1576000452041626,1.1576000452041626,0
2026-03-12 09:26:00,1.1576999425888062,1.1576999425888062,1.1576999425888062,1.1576999425888062,0
2026-03-12 09:28:00,1.1577999591827393,1.1577999591827393,1.1577999591827393,1.1577999591827393,0
2026-03-12 09:30:00,1.1578999757766724,1.1578999757766724,1.1578999757766724,1.1578999757766724,0
2026-03-12 09:32:00,1.1577999591827393,1.1577999591827393,1.1577999591827393,1.1577999591827393,0
2026-03-12 09:34:00,1.1578999757766724,1.1578999757766724,1.1578999757766724,1.1578999757766724,0
2026-03-12 09:36:00,1.1578999757766724,1.1578999757766724,1.1578999757766724,1.1578999757766724,0
2026-03-12 09:38:00,1.1579999923706057,1.1579999923706057,1.1579999923706057,1.1579999923706057,0
2026-03-12 09:40:00,1.1579999923706057,1.1579999923706057,1.1579999923706057,1.1579999923706057,0
2026-03-12 09:42:00,1.1581000089645386,1.1581000089645386,1.1581000089645386,1.1581000089645386,0
2026-03-12 09:44:00,1.1582000255584717,1.1582000255584717,1.1582000255584717,1.1582000255584717,0
2026-03-12 09:46:00,1.1582000255584717,1.1582000255584717,1.1582000255584717,1.1582000255584717,0
2026-03-12 09:48:00,1.1581000089645386,1.1581000089645386,1.1581000089645386,1.1581000089645386,0
2026-03-12 09:50:00,1.1582000255584717,1.1582000255584717,1.1582000255584717,1.1582000255584717,0
2026-03-12 09:52:00,1.1581000089645386,1.1581000089645386,1.1581000089645386,1.1581000089645386,0
2026-03-12 09:54:00,1.1579999923706057,1.1579999923706057,1.1579999923706057,1.1579999923706057,0
2026-03-12 09:56:00,1.1582000255584717,1.1582000255584717,1.1582000255584717,1.1582000255584717,0
2026-03-12 09:58:00,1.1581000089645386,1.1581000089645386,1.1581000089645386,1.1581000089645386,0
2026-03-12 10:00:00,1.1581000089645386,1.1581000089645386,1.1581000089645386,1.1581000089645386,0
2026-03-12 10:02:00,1.1582000255584717,1.1582000255584717,1.1582000255584717,1.1582000255584717,0
2026-03-12 10:04:00,1.1578999757766724,1.1578999757766724,1.1578999757766724,1.1578999757766724,0
2026-03-12 10:06:00,1.1577999591827393,1.1577999591827393,1.1577999591827393,1.1577999591827393,0
2026-03-12 10:08:00,1.1576999425888062,1.1576999425888062,1.1576999425888062,1.1576999425888062,0
2026-03-12 10:10:00,1.1577999591827393,1.1577999591827393,1.1577999591827393,1.1577999591827393,0
2026-03-12 10:12:00,1.1576999425888062,1.1576999425888062,1.1576999425888062,1.1576999425888062,0
2026-03-12 10:14:00,1.1579999923706057,1.1579999923706057,1.1579999923706057,1.1579999923706057,0
2026-03-12 10:16:00,1.1578999757766724,1.1578999757766724,1.1578999757766724,1.1578999757766724,0
2026-03-12 10:18:00,1.1578999757766724,1.1578999757766724,1.1578999757766724,1.1578999757766724,0
2026-03-12 10:20:00,1.1581000089645386,1.1581000089645386,1.1581000089645386,1.1581000089645386,0
2026-03-12 10:22:00,1.1582000255584717,1.1582000255584717,1.1582000255584717,1.1582000255584717,0
2026-03-12 10:24:00,1.1583000421524048,1.1583000421524048,1.1583000421524048,1.1583000421524048,0
2026-03-12 10:26:00,1.1583000421524048,1.1583000421524048,1.1583000421524048,1.1583000421524048,0
2026-03-12 10:28:00,1.1583000421524048,1.1583000421524048,1.1583000421524048,1.1583000421524048,0
2026-03-12 10:30:00,1.158400058746338,1.158400058746338,1.158400058746338,1.158400058746338,0
2026-03-12 10:32:00,1.1583000421524048,1.1583000421524048,1.1583000421524048,1.1583000421524048,0
2026-03-12 10:34:00,1.1583000421524048,1.1583000421524048,1.1583000421524048,1.1583000421524048,0
2026-03-12 10:36:00,1.1582000255584717,1.1582000255584717,1.1582000255584717,1.1582000255584717,0
2026-03-12 10:38:00,1.1582000255584717,1.1582000255584717,1.1582000255584717,1.1582000255584717,0
2026-03-12 10:40:00,1.1583000421524048,1.1583000421524048,1.1583000421524048,1.1583000421524048,0
2026-03-12 10:42:00,1.1583000421524048,1.1583000421524048,1.1583000421524048,1.1583000421524048,0
2026-03-12 10:44:00,1.1582000255584717,1.1582000255584717,1.1582000255584717,1.1582000255584717,0
2026-03-12 10:46:00,1.1582000255584717,1.1582000255584717,1.1582000255584717,1.1582000255584717,0
2026-03-12 10:48:00,1.1581000089645386,1.1581000089645386,1.1581000089645386,1.1581000089645386,0
2026-03-12 10:50:00,1.1582000255584717,1.1582000255584717,1.1582000255584717,1.1582000255584717,0
2026-03-12 10:52:00,1.1583000421524048,1.1583000421524048,1.1583000421524048,1.1583000421524048,0
2026-03-12 10:54:00,1.1581000089645386,1.1581000089645386,1.1581000089645386,1.1581000089645386,0
2026-03-12 10:56:00,1.1583000421524048,1.1583000421524048,1.1583000421524048,1.1583000421524048,0
2026-03-12 10:58:00,1.158400058746338,1.158400058746338,1.158400058746338,1.158400058746338,0
2026-03-12 11:00:00,1.1582000255584717,1.1582000255584717,1.1582000255584717,1.1582000255584717,0
2026-03-12 11:02:00,1.1583000421524048,1.1583000421524048,1.1583000421524048,1.1583000421524048,0
2026-03-12 11:04:00,1.158400058746338,1.158400058746338,1.158400058746338,1.158400058746338,0
2026-03-12 11:06:00,1.1582000255584717,1.1582000255584717,1.1582000255584717,1.1582000255584717,0
2026-03-12 11:08:00,1.158400058746338,1.158400058746338,1.158400058746338,1.158400058746338,0
2026-03-12 11:10:00,1.1583000421524048,1.1583000421524048,1.1583000421524048,1.1583000421524048,0
2026-03-12 11:12:00,1.158400058746338,1.158400058746338,1.158400058746338,1.158400058746338,0
2026-03-12 11:14:00,1.1583000421524048,1.1583000421524048,1.1583000421524048,1.1583000421524048,0
2026-03-12 11:16:00,1.1582000255584717,1.1582000255584717,1.1582000255584717,1.1582000255584717,0
2026-03-12 11:18:00,1.1583000421524048,1.1583000421524048,1.1583000421524048,1.1583000421524048,0
2026-03-12 11:20:00,1.1582000255584717,1.1582000255584717,1.1582000255584717,1.1582000255584717,0
2026-03-12 11:22:00,1.1583000421524048,1.1583000421524048,1.1583000421524048,1.1583000421524048,0
2026-03-12 11:24:00,1.1584999561309814,1.1584999561309814,1.1584999561309814,1.1584999561309814,0
2026-03-12 11:26:00,1.1584999561309814,1.1584999561309814,1.1584999561309814,1.1584999561309814,0
2026-03-12 11:28:00,1.158400058746338,1.158400058746338,1.158400058746338,1.158400058746338,0
2026-03-12 11:30:00,1.1585999727249146,1.1585999727249146,1.1585999727249146,1.1585999727249146,0
2026-03-12 11:32:00,1.1588000059127808,1.1588000059127808,1.1588000059127808,1.1588000059127808,0
2026-03-12 11:34:00,1.1588000059127808,1.1588000059127808,1.1588000059127808,1.1588000059127808,0
2026-03-12 11:36:00,1.1588000059127808,1.1588000059127808,1.1588000059127808,1.1588000059127808,0
2026-03-12 11:38:00,1.158900022506714,1.158900022506714,1.158900022506714,1.158900022506714,0
2026-03-12 11:40:00,1.159000039100647,1.159000039100647,1.159000039100647,1.159000039100647,0
2026-03-12 11:42:00,1.158900022506714,1.158900022506714,1.158900022506714,1.158900022506714,0
2026-03-12 11:44:00,1.159000039100647,1.159000039100647,1.159000039100647,1.159000039100647,0
2026-03-12 11:46:00,1.15910005569458,1.15910005569458,1.15910005569458,1.15910005569458,0
2026-03-12 11:48:00,1.1591999530792236,1.1591999530792236,1.1591999530792236,1.1591999530792236,0
2026-03-12 11:50:00,1.15910005569458,1.15910005569458,1.15910005569458,1.15910005569458,0
2026-03-12 11:52:00,1.15910005569458,1.15910005569458,1.15910005569458,1.15910005569458,0
2026-03-12 11:54:00,1.159000039100647,1.159000039100647,1.159000039100647,1.159000039100647,0
2026-03-12 11:56:00,1.158900022506714,1.158900022506714,1.158900022506714,1.158900022506714,0
2026-03-12 11:58:00,1.158900022506714,1.158900022506714,1.158900022506714,1.158900022506714,0
2026-03-12 12:00:00,1.1586999893188477,1.1586999893188477,1.1586999893188477,1.1586999893188477,0
2026-03-12 12:02:00,1.1588000059127808,1.1588000059127808,1.1588000059127808,1.1588000059127808,0
2026-03-12 12:04:00,1.158900022506714,1.158900022506714,1.158900022506714,1.158900022506714,0
2026-03-12 12:06:00,1.1588000059127808,1.1588000059127808,1.1588000059127808,1.1588000059127808,0
2026-03-12 12:08:00,1.1588000059127808,1.1588000059127808,1.1588000059127808,1.1588000059127808,0
2026-03-12 12:10:00,1.158900022506714,1.158900022506714,1.158900022506714,1.158900022506714,0
2026-03-12 12:12:00,1.158900022506714,1.158900022506714,1.158900022506714,1.158900022506714,0
2026-03-12 12:14:00,1.1588000059127808,1.1588000059127808,1.1588000059127808,1.1588000059127808,0
2026-03-12 12:16:00,1.1584999561309814,1.1584999561309814,1.1584999561309814,1.1584999561309814,0
2026-03-12 12:18:00,1.158400058746338,1.158400058746338,1.158400058746338,1.158400058746338,0
2026-03-12 12:20:00,1.158400058746338,1.158400058746338,1.158400058746338,1.158400058746338,0
2026-03-12 12:22:00,1.158400058746338,1.158400058746338,1.158400058746338,1.158400058746338,0
2026-03-12 12:24:00,1.1585999727249146,1.1585999727249146,1.1585999727249146,1.1585999727249146,0
2026-03-12 12:26:00,1.158400058746338,1.158400058746338,1.158400058746338,1.158400058746338,0
2026-03-12 12:28:00,1.1584999561309814,1.1584999561309814,1.1584999561309814,1.1584999561309814,0
2026-03-12 12:30:00,1.1584999561309814,1.1584999561309814,1.1584999561309814,1.1584999561309814,0
2026-03-12 12:32:00,1.1585999727249146,1.1585999727249146,1.1585999727249146,1.1585999727249146,0
2026-03-12 12:34:00,1.1586999893188477,1.1586999893188477,1.1586999893188477,1.1586999893188477,0
2026-03-12 12:36:00,1.1586999893188477,1.1586999893188477,1.1586999893188477,1.1586999893188477,0
2026-03-12 12:38:00,1.1586999893188477,1.1586999893188477,1.1586999893188477,1.1586999893188477,0
2026-03-12 12:40:00,1.1586999893188477,1.1586999893188477,1.1586999893188477,1.1586999893188477,0
2026-03-12 12:42:00,1.1588000059127808,1.1588000059127808,1.1588000059127808,1.1588000059127808,0
2026-03-12 12:44:00,1.159000039100647,1.159000039100647,1.159000039100647,1.159000039100647,0
2026-03-12 12:46:00,1.15910005569458,1.15910005569458,1.15910005569458,1.15910005569458,0
2026-03-12 12:48:00,1.159000039100647,1.159000039100647,1.159000039100647,1.159000039100647,0
2026-03-12 12:50:00,1.158900022506714,1.158900022506714,1.158900022506714,1.158900022506714,0
2026-03-12 12:52:00,1.158900022506714,1.158900022506714,1.158900022506714,1.158900022506714,0
2026-03-12 12:54:00,1.158900022506714,1.158900022506714,1.158900022506714,1.158900022506714,0
2026-03-12 12:56:00,1.158900022506714,1.158900022506714,1.158900022506714,1.158900022506714,0
2026-03-12 12:58:00,1.1588000059127808,1.1588000059127808,1.1588000059127808,1.1588000059127808,0
2026-03-12 13:00:00,1.1588000059127808,1.1588000059127808,1.1588000059127808,1.1588000059127808,0
2026-03-12 13:02:00,1.158900022506714,1.158900022506714,1.158900022506714,1.158900022506714,0
2026-03-12 13:04:00,1.158900022506714,1.158900022506714,1.158900022506714,1.158900022506714,0
2026-03-12 13:06:00,1.158900022506714,1.158900022506714,1.158900022506714,1.158900022506714,0
2026-03-12 13:08:00,1.158900022506714,1.158900022506714,1.158900022506714,1.158900022506714,0
2026-03-12 13:10:00,1.15910005569458,1.15910005569458,1.15910005569458,1.15910005569458,0
2026-03-12 13:12:00,1.1591999530792236,1.1591999530792236,1.1591999530792236,1.1591999530792236,0
2026-03-12 13:14:00,1.1592999696731567,1.1592999696731567,1.1592999696731567,1.1592999696731567,0
2026-03-12 13:16:00,1.159500002861023,1.159500002861023,1.159500002861023,1.159500002861023,0
2026-03-12 13:18:00,1.1593999862670898,1.1593999862670898,1.1593999862670898,1.1593999862670898,0
2026-03-12 13:20:00,1.1597000360488892,1.1597000360488892,1.1597000360488892,1.1597000360488892,0
2026-03-12 13:22:00,1.159600019454956,1.159600019454956,1.159600019454956,1.159600019454956,0
2026-03-12 13:24:00,1.159500002861023,1.159500002861023,1.159500002861023,1.159500002861023,0
2026-03-12 13:26:00,1.1592999696731567,1.1592999696731567,1.1592999696731567,1.1592999696731567,0
2026-03-12 13:28:00,1.1592999696731567,1.1592999696731567,1.1592999696731567,1.1592999696731567,0
2026-03-12 13:30:00,1.1592999696731567,1.1592999696731567,1.1592999696731567,1.1592999696731567,0
2026-03-12 13:32:00,1.1592999696731567,1.1592999696731567,1.1592999696731567,1.1592999696731567,0
2026-03-12 13:34:00,1.159500002861023,1.159500002861023,1.159500002861023,1.159500002861023,0
2026-03-12 13:36:00,1.159500002861023,1.159500002861023,1.159500002861023,1.159500002861023,0
2026-03-12 13:38:00,1.159500002861023,1.159500002861023,1.159500002861023,1.159500002861023,0
2026-03-12 13:40:00,1.1593999862670898,1.1593999862670898,1.1593999862670898,1.1593999862670898,0
2026-03-12 13:42:00,1.1593999862670898,1.1593999862670898,1.1593999862670898,1.1593999862670898,0
2026-03-12 13:44:00,1.1592999696731567,1.1592999696731567,1.1592999696731567,1.1592999696731567,0
2026-03-12 13:46:00,1.1592999696731567,1.1592999696731567,1.1592999696731567,1.1592999696731567,0
2026-03-12 13:48:00,1.1597000360488892,1.1597000360488892,1.1597000360488892,1.1597000360488892,0
2026-03-12 13:50:00,1.159600019454956,1.159600019454956,1.159600019454956,1.159600019454956,0
2026-03-12 13:52:00,1.1598000526428225,1.1598000526428225,1.1598000526428225,1.1598000526428225,0
2026-03-12 13:54:00,1.159600019454956,1.159600019454956,1.159600019454956,1.159600019454956,0
2026-03-12 13:56:00,1.1592999696731567,1.1592999696731567,1.1592999696731567,1.1592999696731567,0
2026-03-12 13:58:00,1.1593999862670898,1.1593999862670898,1.1593999862670898,1.1593999862670898,0
2026-03-12 14:00:00,1.1591999530792236,1.1591999530792236,1.1591999530792236,1.1591999530792236,0
2026-03-12 14:02:00,1.1592999696731567,1.1592999696731567,1.1592999696731567,1.1592999696731567,0
2026-03-12 14:04:00,1.1592999696731567,1.1592999696731567,1.1592999696731567,1.1592999696731567,0
2026-03-12 14:06:00,1.1593999862670898,1.1593999862670898,1.1593999862670898,1.1593999862670898,0
2026-03-12 14:08:00,1.1592999696731567,1.1592999696731567,1.1592999696731567,1.1592999696731567,0
2026-03-12 14:10:00,1.1591999530792236,1.1591999530792236,1.1591999530792236,1.1591999530792236,0
2026-03-12 14:12:00,1.15910005569458,1.15910005569458,1.15910005569458,1.15910005569458,0
2026-03-12 14:14:00,1.1591999530792236,1.1591999530792236,1.1591999530792236,1.1591999530792236,0
2026-03-12 14:16:00,1.1592999696731567,1.1592999696731567,1.1592999696731567,1.1592999696731567,0
2026-03-12 14:18:00,1.1591999530792236,1.1591999530792236,1.1591999530792236,1.1591999530792236,0
2026-03-12 14:20:00,1.1591999530792236,1.1591999530792236,1.1591999530792236,1.1591999530792236,0
2026-03-12 14:22:00,1.15910005569458,1.15910005569458,1.15910005569458,1.15910005569458,0
2026-03-12 14:24:00,1.159000039100647,1.159000039100647,1.159000039100647,1.159000039100647,0
2026-03-12 14:26:00,1.159000039100647,1.159000039100647,1.159000039100647,1.159000039100647,0
2026-03-12 14:28:00,1.159000039100647,1.159000039100647,1.159000039100647,1.159000039100647,0
2026-03-12 14:30:00,1.159000039100647,1.159000039100647,1.159000039100647,1.159000039100647,0
2026-03-12 14:32:00,1.159000039100647,1.159000039100647,1.159000039100647,1.159000039100647,0
2026-03-12 14:34:00,1.1588000059127808,1.1588000059127808,1.1588000059127808,1.1588000059127808,0
2026-03-12 14:36:00,1.158900022506714,1.158900022506714,1.158900022506714,1.158900022506714,0
2026-03-12 14:38:00,1.159000039100647,1.159000039100647,1.159000039100647,1.159000039100647,0
2026-03-12 14:40:00,1.1588000059127808,1.1588000059127808,1.1588000059127808,1.1588000059127808,0
2026-03-12 14:42:00,1.158900022506714,1.158900022506714,1.158900022506714,1.158900022506714,0
2026-03-12 14:44:00,1.1586999893188477,1.1586999893188477,1.1586999893188477,1.1586999893188477,0
2026-03-12 14:46:00,1.158900022506714,1.158900022506714,1.158900022506714,1.158900022506714,0
2026-03-12 14:48:00,1.159000039100647,1.159000039100647,1.159000039100647,1.159000039100647,0
2026-03-12 14:50:00,1.1588000059127808,1.1588000059127808,1.1588000059127808,1.1588000059127808,0
2026-03-12 14:52:00,1.1588000059127808,1.1588000059127808,1.1588000059127808,1.1588000059127808,0
2026-03-12 14:54:00,1.1588000059127808,1.1588000059127808,1.1588000059127808,1.1588000059127808,0
2026-03-12 14:56:00,1.1588000059127808,1.1588000059127808,1.1588000059127808,1.1588000059127808,0
2026-03-12 14:58:00,1.158900022506714,1.158900022506714,1.158900022506714,1.158900022506714,0
2026-03-12 15:00:00,1.158900022506714,1.158900022506714,1.158900022506714,1.158900022506714,0
2026-03-12 15:02:00,1.1588000059127808,1.1588000059127808,1.1588000059127808,1.1588000059127808,0
2026-03-12 15:04:00,1.1585999727249146,1.1585999727249146,1.1585999727249146,1.1585999727249146,0
2026-03-12 15:06:00,1.1585999727249146,1.1585999727249146,1.1585999727249146,1.1585999727249146,0
2026-03-12 15:08:00,1.1584999561309814,1.1584999561309814,1.1584999561309814,1.1584999561309814,0
2026-03-12 15:10:00,1.1585999727249146,1.1585999727249146,1.1585999727249146,1.1585999727249146,0
2026-03-12 15:12:00,1.158400058746338,1.158400058746338,1.158400058746338,1.158400058746338,0
2026-03-12 15:14:00,1.158400058746338,1.158400058746338,1.158400058746338,1.158400058746338,0
2026-03-12 15:16:00,1.158400058746338,1.158400058746338,1.158400058746338,1.158400058746338,0
2026-03-12 15:18:00,1.158400058746338,1.158400058746338,1.158400058746338,1.158400058746338,0
2026-03-12 15:20:00,1.1585999727249146,1.1585999727249146,1.1585999727249146,1.1585999727249146,0
2026-03-12 15:22:00,1.1585999727249146,1.1585999727249146,1.1585999727249146,1.1585999727249146,0
2026-03-12 15:24:00,1.1584999561309814,1.1584999561309814,1.1584999561309814,1.1584999561309814,0
2026-03-12 15:26:00,1.1584999561309814,1.1584999561309814,1.1584999561309814,1.1584999561309814,0
2026-03-12 15:28:00,1.158400058746338,1.158400058746338,1.158400058746338,1.158400058746338,0
2026-03-12 15:30:00,1.1583000421524048,1.1583000421524048,1.1583000421524048,1.1583000421524048,0
2026-03-12 15:32:00,1.1582000255584717,1.1582000255584717,1.1582000255584717,1.1582000255584717,0
2026-03-12 15:34:00,1.1581000089645386,1.1581000089645386,1.1581000089645386,1.1581000089645386,0
2026-03-12 15:36:00,1.1582000255584717,1.1582000255584717,1.1582000255584717,1.1582000255584717,0
2026-03-12 15:38:00,1.1581000089645386,1.1581000089645386,1.1581000089645386,1.1581000089645386,0
2026-03-12 15:40:00,1.1582000255584717,1.1582000255584717,1.1582000255584717,1.1582000255584717,0
2026-03-12 15:42:00,1.158400058746338,1.158400058746338,1.158400058746338,1.158400058746338,0
2026-03-12 15:44:00,1.1584999561309814,1.1584999561309814,1.1584999561309814,1.1584999561309814,0
2026-03-12 15:46:00,1.1585999727249146,1.1585999727249146,1.1585999727249146,1.1585999727249146,0
2026-03-12 15:48:00,1.1583000421524048,1.1583000421524048,1.1583000421524048,1.1583000421524048,0
2026-03-12 15:50:00,1.1583000421524048,1.1583000421524048,1.1583000421524048,1.1583000421524048,0
2026-03-12 15:52:00,1.1581000089645386,1.1581000089645386,1.1581000089645386,1.1581000089645386,0
2026-03-12 15:54:00,1.1579999923706057,1.1579999923706057,1.1579999923706057,1.1579999923706057,0
2026-03-12 15:56:00,1.1583000421524048,1.1583000421524048,1.1583000421524048,1.1583000421524048,0
2026-03-12 15:58:00,1.1579999923706057,1.1579999923706057,1.1579999923706057,1.1579999923706057,0
2026-03-12 16:00:00,1.1579999923706057,1.1579999923706057,1.1579999923706057,1.1579999923706057,0
2026-03-12 16:02:00,1.1579999923706057,1.1579999923706057,1.1579999923706057,1.1579999923706057,0
2026-03-12 16:04:00,1.1582000255584717,1.1582000255584717,1.1582000255584717,1.1582000255584717,0
2026-03-12 16:06:00,1.1581000089645386,1.1581000089645386,1.1581000089645386,1.1581000089645386,0
2026-03-12 16:08:00,1.1579999923706057,1.1579999923706057,1.1579999923706057,1.1579999923706057,0
2026-03-12 16:10:00,1.1579999923706057,1.1579999923706057,1.1579999923706057,1.1579999923706057,0
2026-03-12 16:12:00,1.1578999757766724,1.1578999757766724,1.1578999757766724,1.1578999757766724,0
2026-03-12 16:14:00,1.1579999923706057,1.1579999923706057,1.1579999923706057,1.1579999923706057,0
2026-03-12 16:16:00,1.1581000089645386,1.1581000089645386,1.1581000089645386,1.1581000089645386,0
2026-03-12 16:18:00,1.1581000089645386,1.1581000089645386,1.1581000089645386,1.1581000089645386,0
2026-03-12 16:20:00,1.1583000421524048,1.1583000421524048,1.1583000421524048,1.1583000421524048,0
2026-03-12 16:22:00,1.1584999561309814,1.1584999561309814,1.1584999561309814,1.1584999561309814,0
2026-03-12 16:24:00,1.1582000255584717,1.1582000255584717,1.1582000255584717,1.1582000255584717,0
2026-03-12 16:26:00,1.158400058746338,1.158400058746338,1.158400058746338,1.158400058746338,0
2026-03-12 16:28:00,1.1584999561309814,1.1584999561309814,1.1584999561309814,1.1584999561309814,0
2026-03-12 16:30:00,1.1584999561309814,1.1584999561309814,1.1584999561309814,1.1584999561309814,0
2026-03-12 16:32:00,1.1584999561309814,1.1584999561309814,1.1584999561309814,1.1584999561309814,0
2026-03-12 16:34:00,1.158400058746338,1.158400058746338,1.158400058746338,1.158400058746338,0
2026-03-12 16:36:00,1.1583000421524048,1.1583000421524048,1.1583000421524048,1.1583000421524048,0
2026-03-12 16:38:00,1.1583000421524048,1.1583000421524048,1.1583000421524048,1.1583000421524048,0
2026-03-12 16:40:00,1.1583000421524048,1.1583000421524048,1.1583000421524048,1.1583000421524048,0
2026-03-12 16:42:00,1.1582000255584717,1.1582000255584717,1.1582000255584717,1.1582000255584717,0
2026-03-12 16:44:00,1.1582000255584717,1.1582000255584717,1.1582000255584717,1.1582000255584717,0
2026-03-12 16:46:00,1.1578999757766724,1.1578999757766724,1.1578999757766724,1.1578999757766724,0
2026-03-12 16:48:00,1.1577999591827393,1.1577999591827393,1.1577999591827393,1.1577999591827393,0
2026-03-12 16:50:00,1.1578999757766724,1.1578999757766724,1.1578999757766724,1.1578999757766724,0
2026-03-12 16:52:00,1.1578999757766724,1.1578999757766724,1.1578999757766724,1.1578999757766724,0
2026-03-12 16:54:00,1.1577999591827393,1.1577999591827393,1.1577999591827393,1.1577999591827393,0
2026-03-12 16:56:00,1.1579999923706057,1.1579999923706057,1.1579999923706057,1.1579999923706057,0
2026-03-12 16:58:00,1.1579999923706057,1.1579999923706057,1.1579999923706057,1.1579999923706057,0
2026-03-12 17:00:00,1.1578999757766724,1.1578999757766724,1.1578999757766724,1.1578999757766724,0
2026-03-12 17:02:00,1.1581000089645386,1.1581000089645386,1.1581000089645386,1.1581000089645386,0
2026-03-12 17:04:00,1.1582000255584717,1.1582000255584717,1.1582000255584717,1.1582000255584717,0
2026-03-12 17:06:00,1.1581000089645386,1.1581000089645386,1.1581000089645386,1.1581000089645386,0
2026-03-12 17:08:00,1.1582000255584717,1.1582000255584717,1.1582000255584717,1.1582000255584717,0
2026-03-12 17:10:00,1.1583000421524048,1.1583000421524048,1.1583000421524048,1.1583000421524048,0
2026-03-12 17:12:00,1.1584999561309814,1.1584999561309814,1.1584999561309814,1.1584999561309814,0
2026-03-12 17:14:00,1.1583000421524048,1.1583000421524048,1.1583000421524048,1.1583000421524048,0
2026-03-12 17:16:00,1.1581000089645386,1.1581000089645386,1.1581000089645386,1.1581000089645386,0
2026-03-12 17:18:00,1.1579999923706057,1.1579999923706057,1.1579999923706057,1.1579999923706057,0
2026-03-12 17:20:00,1.1579999923706057,1.1579999923706057,1.1579999923706057,1.1579999923706057,0
2026-03-12 17:22:00,1.1581000089645386,1.1581000089645386,1.1581000089645386,1.1581000089645386,0
2026-03-12 17:24:00,1.1579999923706057,1.1579999923706057,1.1579999923706057,1.1579999923706057,0
2026-03-12 17:26:00,1.1579999923706057,1.1579999923706057,1.1579999923706057,1.1579999923706057,0
2026-03-12 17:28:00,1.1581000089645386,1.1581000089645386,1.1581000089645386,1.1581000089645386,0
2026-03-12 17:30:00,1.1582000255584717,1.1582000255584717,1.1582000255584717,1.1582000255584717,0
2026-03-12 17:32:00,1.1584999561309814,1.1584999561309814,1.1584999561309814,1.1584999561309814,0
2026-03-12 17:34:00,1.1584999561309814,1.1584999561309814,1.1584999561309814,1.1584999561309814,0
2026-03-12 17:36:00,1.1585999727249146,1.1585999727249146,1.1585999727249146,1.1585999727249146,0
2026-03-12 17:38:00,1.1584999561309814,1.1584999561309814,1.1584999561309814,1.1584999561309814,0
2026-03-12 17:40:00,1.1584999561309814,1.1584999561309814,1.1584999561309814,1.1584999561309814,0
2026-03-12 17:42:00,1.1583000421524048,1.1583000421524048,1.1583000421524048,1.1583000421524048,0
2026-03-12 17:44:00,1.1584999561309814,1.1584999561309814,1.1584999561309814,1.1584999561309814,0
2026-03-12 17:46:00,1.1584999561309814,1.1584999561309814,1.1584999561309814,1.1584999561309814,0
2026-03-12 17:48:00,1.1586999893188477,1.1586999893188477,1.1586999893188477,1.1586999893188477,0
2026-03-12 17:50:00,1.1586999893188477,1.1586999893188477,1.1586999893188477,1.1586999893188477,0
2026-03-12 17:52:00,1.1585999727249146,1.1585999727249146,1.1585999727249146,1.1585999727249146,0
2026-03-12 17:54:00,1.1584999561309814,1.1584999561309814,1.1584999561309814,1.1584999561309814,0
2026-03-12 17:56:00,1.1585999727249146,1.1585999727249146,1.1585999727249146,1.1585999727249146,0
2026-03-12 17:58:00,1.1586999893188477,1.1586999893188477,1.1586999893188477,1.1586999893188477,0
2026-03-12 18:00:00,1.1586999893188477,1.1586999893188477,1.1586999893188477,1.1586999893188477,0
2026-03-12 18:02:00,1.1586999893188477,1.1586999893188477,1.1586999893188477,1.1586999893188477,0
2026-03-12 18:04:00,1.1585999727249146,1.1585999727249146,1.1585999727249146,1.1585999727249146,0
2026-03-12 18:06:00,1.1585999727249146,1.1585999727249146,1.1585999727249146,1.1585999727249146,0
2026-03-12 18:08:00,1.1586999893188477,1.1586999893188477,1.1586999893188477,1.1586999893188477,0
2026-03-12 18:10:00,1.1586999893188477,1.1586999893188477,1.1586999893188477,1.1586999893188477,0
2026-03-12 18:12:00,1.1586999893188477,1.1586999893188477,1.1586999893188477,1.1586999893188477,0
2026-03-12 18:14:00,1.1588000059127808,1.1588000059127808,1.1588000059127808,1.1588000059127808,0
2026-03-12 18:16:00,1.158900022506714,1.158900022506714,1.158900022506714,1.158900022506714,0
2026-03-12 18:18:00,1.1585999727249146,1.1585999727249146,1.1585999727249146,1.1585999727249146,0
2026-03-12 18:20:00,1.1585999727249146,1.1585999727249146,1.1585999727249146,1.1585999727249146,0
2026-03-12 18:22:00,1.1584999561309814,1.1584999561309814,1.1584999561309814,1.1584999561309814,0
2026-03-12 18:24:00,1.1585999727249146,1.1585999727249146,1.1585999727249146,1.1585999727249146,0
2026-03-12 18:26:00,1.1584999561309814,1.1584999561309814,1.1584999561309814,1.1584999561309814,0
2026-03-12 18:28:00,1.1584999561309814,1.1584999561309814,1.1584999561309814,1.1584999561309814,0
2026-03-12 18:30:00,1.1585999727249146,1.1585999727249146,1.1585999727249146,1.1585999727249146,0
2026-03-12 18:32:00,1.1585999727249146,1.1585999727249146,1.1585999727249146,1.1585999727249146,0
2026-03-12 18:34:00,1.1588000059127808,1.1588000059127808,1.1588000059127808,1.1588000059127808,0
2026-03-12 18:36:00,1.158900022506714,1.158900022506714,1.158900022506714,1.158900022506714,0
2026-03-12 18:38:00,1.158900022506714,1.158900022506714,1.158900022506714,1.158900022506714,0
2026-03-12 18:40:00,1.1586999893188477,1.1586999893188477,1.1586999893188477,1.1586999893188477,0
2026-03-12 18:42:00,1.1588000059127808,1.1588000059127808,1.1588000059127808,1.1588000059127808,0
2026-03-12 18:44:00,1.1586999893188477,1.1586999893188477,1.1586999893188477,1.1586999893188477,0
2026-03-12 18:46:00,1.1586999893188477,1.1586999893188477,1.1586999893188477,1.1586999893188477,0
2026-03-12 18:48:00,1.1584999561309814,1.1584999561309814,1.1584999561309814,1.1584999561309814,0
2026-03-12 18:50:00,1.1584999561309814,1.1584999561309814,1.1584999561309814,1.1584999561309814,0
2026-03-12 18:52:00,1.1584999561309814,1.1584999561309814,1.1584999561309814,1.1584999561309814,0
2026-03-12 18:54:00,1.1584999561309814,1.1584999561309814,1.1584999561309814,1.1584999561309814,0
2026-03-12 18:56:00,1.158400058746338,1.158400058746338,1.158400058746338,1.158400058746338,0
2026-03-12 18:58:00,1.1584999561309814,1.1584999561309814,1.1584999561309814,1.1584999561309814,0
2026-03-12 19:00:00,1.1584999561309814,1.1584999561309814,1.1584999561309814,1.1584999561309814,0
2026-03-12 19:02:00,1.158400058746338,1.158400058746338,1.158400058746338,1.158400058746338,0
2026-03-12 19:04:00,1.158400058746338,1.158400058746338,1.158400058746338,1.158400058746338,0
2026-03-12 19:06:00,1.158400058746338,1.158400058746338,1.158400058746338,1.158400058746338,0
2026-03-12 19:08:00,1.158400058746338,1.158400058746338,1.158400058746338,1.158400058746338,0
2026-03-12 19:10:00,1.1583000421524048,1.1583000421524048,1.1583000421524048,1.1583000421524048,0
2026-03-12 19:12:00,1.1583000421524048,1.1583000421524048,1.1583000421524048,1.1583000421524048,0
2026-03-12 19:14:00,1.158400058746338,1.158400058746338,1.158400058746338,1.158400058746338,0
2026-03-12 19:16:00,1.158400058746338,1.158400058746338,1.158400058746338,1.158400058746338,0
2026-03-12 19:18:00,1.1583000421524048,1.1583000421524048,1.1583000421524048,1.1583000421524048,0
2026-03-12 19:20:00,1.1583000421524048,1.1583000421524048,1.1583000421524048,1.1583000421524048,0
2026-03-12 19:22:00,1.1583000421524048,1.1583000421524048,1.1583000421524048,1.1583000421524048,0
2026-03-12 19:24:00,1.1583000421524048,1.1583000421524048,1.1583000421524048,1.1583000421524048,0
2026-03-12 19:26:00,1.1583000421524048,1.1583000421524048,1.1583000421524048,1.1583000421524048,0
2026-03-12 19:28:00,1.1583000421524048,1.1583000421524048,1.1583000421524048,1.1583000421524048,0
2026-03-12 19:30:00,1.158400058746338,1.158400058746338,1.158400058746338,1.158400058746338,0
2026-03-12 19:32:00,1.158400058746338,1.158400058746338,1.158400058746338,1.158400058746338,0
2026-03-12 19:34:00,1.158400058746338,1.158400058746338,1.158400058746338,1.158400058746338,0
2026-03-12 19:36:00,1.1584999561309814,1.1584999561309814,1.1584999561309814,1.1584999561309814,0
2026-03-12 19:38:00,1.158400058746338,1.158400058746338,1.158400058746338,1.158400058746338,0
2026-03-12 19:40:00,1.158400058746338,1.158400058746338,1.158400058746338,1.158400058746338,0
2026-03-12 19:42:00,1.158400058746338,1.158400058746338,1.158400058746338,1.158400058746338,0
2026-03-12 19:44:00,1.158400058746338,1.158400058746338,1.158400058746338,1.158400058746338,0
2026-03-12 19:46:00,1.158400058746338,1.158400058746338,1.158400058746338,1.158400058746338,0
2026-03-12 19:48:00,1.158400058746338,1.158400058746338,1.158400058746338,1.158400058746338,0
2026-03-12 19:50:00,1.158400058746338,1.158400058746338,1.158400058746338,1.158400058746338,0
2026-03-12 19:52:00,1.158400058746338,1.158400058746338,1.158400058746338,1.158400058746338,0
2026-03-12 19:54:00,1.158400058746338,1.158400058746338,1.158400058746338,1.158400058746338,0
2026-03-12 19:56:00,1.1584999561309814,1.1584999561309814,1.1584999561309814,1.1584999561309814,0
2026-03-12 19:58:00,1.1585999727249146,1.1585999727249146,1.1585999727249146,1.1585999727249146,0
2026-03-12 20:00:00,1.1585999727249146,1.1585999727249146,1.1585999727249146,1.1585999727249146,0
2026-03-12 20:02:00,1.1585999727249146,1.1585999727249146,1.1585999727249146,1.1585999727249146,0
2026-03-12 20:04:00,1.1586999893188477,1.1586999893188477,1.1586999893188477,1.1586999893188477,0
2026-03-12 20:06:00,1.1586999893188477,1.1586999893188477,1.1586999893188477,1.1586999893188477,0
2026-03-12 20:08:00,1.1586999893188477,1.1586999893188477,1.1586999893188477,1.1586999893188477,0
2026-03-12 20:10:00,1.1586999893188477,1.1586999893188477,1.1586999893188477,1.1586999893188477,0
2026-03-12 20:12:00,1.1586999893188477,1.1586999893188477,1.1586999893188477,1.1586999893188477,0
2026-03-12 20:14:00,1.1586999893188477,1.1586999893188477,1.1586999893188477,1.1586999893188477,0
2026-03-12 20:16:00,1.1586999893188477,1.1586999893188477,1.1586999893188477,1.1586999893188477,0
2026-03-12 20:18:00,1.1586999893188477,1.1586999893188477,1.1586999893188477,1.1586999893188477,0
2026-03-12 20:20:00,1.1586999893188477,1.1586999893188477,1.1586999893188477,1.1586999893188477,0
2026-03-12 20:22:00,1.1586999893188477,1.1586999893188477,1.1586999893188477,1.1586999893188477,0
2026-03-12 20:24:00,1.1586999893188477,1.1586999893188477,1.1586999893188477,1.1586999893188477,0
2026-03-12 20:26:00,1.1586999893188477,1.1586999893188477,1.1586999893188477,1.1586999893188477,0
2026-03-12 20:28:00,1.1586999893188477,1.1586999893188477,1.1586999893188477,1.1586999893188477,0
2026-03-12 20:30:00,1.1585999727249146,1.1585999727249146,1.1585999727249146,1.1585999727249146,0
2026-03-12 20:32:00,1.1584999561309814,1.1584999561309814,1.1584999561309814,1.1584999561309814,0
2026-03-12 20:34:00,1.1585999727249146,1.1585999727249146,1.1585999727249146,1.1585999727249146,0
2026-03-12 20:36:00,1.1585999727249146,1.1585999727249146,1.1585999727249146,1.1585999727249146,0
2026-03-12 20:38:00,1.1586999893188477,1.1586999893188477,1.1586999893188477,1.1586999893188477,0
2026-03-12 20:40:00,1.1586999893188477,1.1586999893188477,1.1586999893188477,1.1586999893188477,0
2026-03-12 20:42:00,1.158900022506714,1.158900022506714,1.158900022506714,1.158900022506714,0
2026-03-12 20:44:00,1.1588000059127808,1.1588000059127808,1.1588000059127808,1.1588000059127808,0
2026-03-12 20:46:00,1.158900022506714,1.158900022506714,1.158900022506714,1.158900022506714,0
2026-03-12 20:48:00,1.1588000059127808,1.1588000059127808,1.1588000059127808,1.1588000059127808,0
2026-03-12 20:50:00,1.158900022506714,1.158900022506714,1.158900022506714,1.158900022506714,0
2026-03-12 20:52:00,1.159000039100647,1.159000039100647,1.159000039100647,1.159000039100647,0
2026-03-12 20:54:00,1.159000039100647,1.159000039100647,1.159000039100647,1.159000039100647,0
2026-03-12 20:56:00,1.158900022506714,1.158900022506714,1.158900022506714,1.158900022506714,0
2026-03-12 20:58:00,1.1586999893188477,1.1586999893188477,1.1586999893188477,1.1586999893188477,0
2026-03-12 21:00:00,1.1583000421524048,1.1583000421524048,1.1583000421524048,1.1583000421524048,0
2026-03-12 21:02:00,1.1581000089645386,1.1581000089645386,1.1581000089645386,1.1581000089645386,0
2026-03-12 21:04:00,1.1581000089645386,1.1581000089645386,1.1581000089645386,1.1581000089645386,0
2026-03-12 21:06:00,1.1582000255584717,1.1582000255584717,1.1582000255584717,1.1582000255584717,0
2026-03-12 21:08:00,1.1584999561309814,1.1584999561309814,1.1584999561309814,1.1584999561309814,0
2026-03-12 21:10:00,1.1584999561309814,1.1584999561309814,1.1584999561309814,1.1584999561309814,0
2026-03-12 21:12:00,1.1588000059127808,1.1588000059127808,1.1588000059127808,1.1588000059127808,0
2026-03-12 21:14:00,1.1586999893188477,1.1586999893188477,1.1586999893188477,1.1586999893188477,0
2026-03-12 21:16:00,1.1585999727249146,1.1585999727249146,1.1585999727249146,1.1585999727249146,0
2026-03-12 21:18:00,1.1584999561309814,1.1584999561309814,1.1584999561309814,1.1584999561309814,0
2026-03-12 21:20:00,1.1586999893188477,1.1586999893188477,1.1586999893188477,1.1586999893188477,0
2026-03-12 21:22:00,1.1588000059127808,1.1588000059127808,1.1588000059127808,1.1588000059127808,0
2026-03-12 21:24:00,1.1586999893188477,1.1586999893188477,1.1586999893188477,1.1586999893188477,0
2026-03-12 21:26:00,1.1588000059127808,1.1588000059127808,1.1588000059127808,1.1588000059127808,0
2026-03-12 21:28:00,1.1588000059127808,1.1588000059127808,1.1588000059127808,1.1588000059127808,0
2026-03-12 21:30:00,1.159000039100647,1.159000039100647,1.159000039100647,1.159000039100647,0
2026-03-12 21:32:00,1.158900022506714,1.158900022506714,1.158900022506714,1.158900022506714,0
2026-03-12 21:34:00,1.1588000059127808,1.1588000059127808,1.1588000059127808,1.1588000059127808,0
2026-03-12 21:36:00,1.1586999893188477,1.1586999893188477,1.1586999893188477,1.1586999893188477,0
2026-03-12 21:38:00,1.158400058746338,1.158400058746338,1.158400058746338,1.158400058746338,0
2026-03-12 21:40:00,1.158900022506714,1.158900022506714,1.158900022506714,1.158900022506714,0
2026-03-12 21:42:00,1.158900022506714,1.158900022506714,1.158900022506714,1.158900022506714,0
2026-03-12 21:44:00,1.159000039100647,1.159000039100647,1.159000039100647,1.159000039100647,0
2026-03-12 21:46:00,1.158900022506714,1.158900022506714,1.158900022506714,1.158900022506714,0
2026-03-12 21:50:00,1.1585999727249146,1.1585999727249146,1.1585999727249146,1.1585999727249146,0
2026-03-12 21:52:00,1.1584999561309814,1.1584999561309814,1.1584999561309814,1.1584999561309814,0
2026-03-12 21:54:00,1.158900022506714,1.158900022506714,1.158900022506714,1.158900022506714,0
2026-03-12 21:56:00,1.1585999727249146,1.1585999727249146,1.1585999727249146,1.1585999727249146,0
2026-03-12 21:58:00,1.158900022506714,1.158900022506714,1.158900022506714,1.158900022506714,0
2026-03-12 22:00:00,1.1583000421524048,1.1583000421524048,1.1583000421524048,1.1583000421524048,0
2026-03-12 22:02:00,1.1584999561309814,1.1584999561309814,1.1584999561309814,1.1584999561309814,0
2026-03-12 22:04:00,1.158400058746338,1.158400058746338,1.158400058746338,1.158400058746338,0
2026-03-12 22:06:00,1.158400058746338,1.158400058746338,1.158400058746338,1.158400058746338,0
2026-03-12 22:08:00,1.158400058746338,1.158400058746338,1.158400058746338,1.158400058746338,0
2026-03-12 22:10:00,1.1584999561309814,1.1584999561309814,1.1584999561309814,1.1584999561309814,0
2026-03-12 22:12:00,1.158400058746338,1.158400058746338,1.158400058746338,1.158400058746338,0
2026-03-12 22:14:00,1.158400058746338,1.158400058746338,1.158400058746338,1.158400058746338,0
2026-03-12 22:16:00,1.1583000421524048,1.1583000421524048,1.1583000421524048,1.1583000421524048,0
2026-03-12 22:18:00,1.1582000255584717,1.1582000255584717,1.1582000255584717,1.1582000255584717,0
2026-03-12 22:20:00,1.1582000255584717,1.1582000255584717,1.1582000255584717,1.1582000255584717,0
2026-03-12 22:22:00,1.1582000255584717,1.1582000255584717,1.1582000255584717,1.1582000255584717,0
2026-03-12 22:24:00,1.1583000421524048,1.1583000421524048,1.1583000421524048,1.1583000421524048,0
2026-03-12 22:26:00,1.158400058746338,1.158400058746338,1.158400058746338,1.158400058746338,0
2026-03-12 22:28:00,1.1583000421524048,1.1583000421524048,1.1583000421524048,1.1583000421524048,0
2026-03-12 22:30:00,1.1583000421524048,1.1583000421524048,1.1583000421524048,1.1583000421524048,0
2026-03-12 22:32:00,1.1583000421524048,1.1583000421524048,1.1583000421524048,1.1583000421524048,0
2026-03-12 22:34:00,1.1582000255584717,1.1582000255584717,1.1582000255584717,1.1582000255584717,0
2026-03-12 22:36:00,1.1583000421524048,1.1583000421524048,1.1583000421524048,1.1583000421524048,0
2026-03-12 22:38:00,1.1583000421524048,1.1583000421524048,1.1583000421524048,1.1583000421524048,0
2026-03-12 22:40:00,1.1583000421524048,1.1583000421524048,1.1583000421524048,1.1583000421524048,0
2026-03-12 22:42:00,1.1584999561309814,1.1584999561309814,1.1584999561309814,1.1584999561309814,0
2026-03-12 22:44:00,1.158400058746338,1.158400058746338,1.158400058746338,1.158400058746338,0
2026-03-12 22:46:00,1.1584999561309814,1.1584999561309814,1.1584999561309814,1.1584999561309814,0
2026-03-12 22:48:00,1.1584999561309814,1.1584999561309814,1.1584999561309814,1.1584999561309814,0
2026-03-12 22:50:00,1.1584999561309814,1.1584999561309814,1.1584999561309814,1.1584999561309814,0
2026-03-12 22:52:00,1.1584999561309814,1.1584999561309814,1.1584999561309814,1.1584999561309814,0
2026-03-12 22:54:00,1.1584999561309814,1.1584999561309814,1.1584999561309814,1.1584999561309814,0
2026-03-12 22:56:00,1.158400058746338,1.158400058746338,1.158400058746338,1.158400058746338,0
2026-03-12 22:58:00,1.1584999561309814,1.1584999561309814,1.1584999561309814,1.1584999561309814,0
2026-03-12 23:00:00,1.1584999561309814,1.1584999561309814,1.1584999561309814,1.1584999561309814,0
2026-03-12 23:02:00,1.158400058746338,1.158400058746338,1.158400058746338,1.158400058746338,0
2026-03-12 23:04:00,1.1583000421524048,1.1583000421524048,1.1583000421524048,1.1583000421524048,0
2026-03-12 23:06:00,1.158400058746338,1.158400058746338,1.158400058746338,1.158400058746338,0
2026-03-12 23:08:00,1.1583000421524048,1.1583000421524048,1.1583000421524048,1.1583000421524048,0
2026-03-12 23:10:00,1.1583000421524048,1.1583000421524048,1.1583000421524048,1.1583000421524048,0
2026-03-12 23:12:00,1.1583000421524048,1.1583000421524048,1.1583000421524048,1.1583000421524048,0
2026-03-12 23:14:00,1.158400058746338,1.158400058746338,1.158400058746338,1.158400058746338,0
2026-03-12 23:16:00,1.1583000421524048,1.1583000421524048,1.1583000421524048,1.1583000421524048,0
2026-03-12 23:18:00,1.1584999561309814,1.1584999561309814,1.1584999561309814,1.1584999561309814,0
2026-03-12 23:20:00,1.158400058746338,1.158400058746338,1.158400058746338,1.158400058746338,0
2026-03-12 23:22:00,1.158400058746338,1.158400058746338,1.158400058746338,1.158400058746338,0
2026-03-12 23:24:00,1.1584999561309814,1.1584999561309814,1.1584999561309814,1.1584999561309814,0
2026-03-12 23:26:00,1.1585999727249146,1.1585999727249146,1.1585999727249146,1.1585999727249146,0
2026-03-12 23:28:00,1.1584999561309814,1.1584999561309814,1.1584999561309814,1.1584999561309814,0
2026-03-12 23:30:00,1.1584999561309814,1.1584999561309814,1.1584999561309814,1.1584999561309814,0
2026-03-12 23:32:00,1.1585999727249146,1.1585999727249146,1.1585999727249146,1.1585999727249146,0
2026-03-12 23:34:00,1.1585999727249146,1.1585999727249146,1.1585999727249146,1.1585999727249146,0
2026-03-12 23:36:00,1.1585999727249146,1.1585999727249146,1.1585999727249146,1.1585999727249146,0
2026-03-12 23:38:00,1.1585999727249146,1.1585999727249146,1.1585999727249146,1.1585999727249146,0
2026-03-12 23:40:00,1.1585999727249146,1.1585999727249146,1.1585999727249146,1.1585999727249146,0
2026-03-12 23:42:00,1.1585999727249146,1.1585999727249146,1.1585999727249146,1.1585999727249146,0
2026-03-12 23:44:00,1.1585999727249146,1.1585999727249146,1.1585999727249146,1.1585999727249146,0
2026-03-12 23:46:00,1.1584999561309814,1.1584999561309814,1.1584999561309814,1.1584999561309814,0
2026-03-12 23:48:00,1.1584999561309814,1.1584999561309814,1.1584999561309814,1.1584999561309814,0
2026-03-12 23:50:00,1.1584999561309814,1.1584999561309814,1.1584999561309814,1.1584999561309814,0
2026-03-12 23:52:00,1.158400058746338,1.158400058746338,1.158400058746338,1.158400058746338,0
2026-03-12 23:54:00,1.1584999561309814,1.1584999561309814,1.1584999561309814,1.1584999561309814,0
2026-03-12 23:56:00,1.1584999561309814,1.1584999561309814,1.1584999561309814,1.1584999561309814,0
2026-03-12 23:58:00,1.158400058746338,1.158400058746338,1.158400058746338,1.158400058746338,0
2026-03-13 00:00:00,1.158400058746338,1.158400058746338,1.158400058746338,1.158400058746338,0
2026-03-13 00:02:00,1.158400058746338,1.158400058746338,1.158400058746338,1.158400058746338,0
2026-03-13 00:04:00,1.1585999727249146,1.1585999727249146,1.1585999727249146,1.1585999727249146,0
2026-03-13 00:06:00,1.1586999893188477,1.1586999893188477,1.1586999893188477,1.1586999893188477,0
2026-03-13 00:08:00,1.1586999893188477,1.1586999893188477,1.1586999893188477,1.1586999893188477,0
2026-03-13 00:10:00,1.1586999893188477,1.1586999893188477,1.1586999893188477,1.1586999893188477,0
2026-03-13 00:12:00,1.1586999893188477,1.1586999893188477,1.1586999893188477,1.1586999893188477,0
2026-03-13 00:14:00,1.1588000059127808,1.1588000059127808,1.1588000059127808,1.1588000059127808,0
2026-03-13 00:16:00,1.1586999893188477,1.1586999893188477,1.1586999893188477,1.1586999893188477,0
2026-03-13 00:18:00,1.1586999893188477,1.1586999893188477,1.1586999893188477,1.1586999893188477,0
2026-03-13 00:20:00,1.1586999893188477,1.1586999893188477,1.1586999893188477,1.1586999893188477,0
2026-03-13 00:22:00,1.1586999893188477,1.1586999893188477,1.1586999893188477,1.1586999893188477,0
2026-03-13 00:24:00,1.1586999893188477,1.1586999893188477,1.1586999893188477,1.1586999893188477,0
2026-03-13 00:26:00,1.1586999893188477,1.1586999893188477,1.1586999893188477,1.1586999893188477,0
2026-03-13 00:28:00,1.1588000059127808,1.1588000059127808,1.1588000059127808,1.1588000059127808,0
2026-03-13 00:30:00,1.1588000059127808,1.1588000059127808,1.1588000059127808,1.1588000059127808,0
2026-03-13 00:32:00,1.1588000059127808,1.1588000059127808,1.1588000059127808,1.1588000059127808,0
2026-03-13 00:34:00,1.1588000059127808,1.1588000059127808,1.1588000059127808,1.1588000059127808,0
2026-03-13 00:36:00,1.1588000059127808,1.1588000059127808,1.1588000059127808,1.1588000059127808,0
2026-03-13 00:38:00,1.159000039100647,1.159000039100647,1.159000039100647,1.159000039100647,0
2026-03-13 00:40:00,1.158900022506714,1.158900022506714,1.158900022506714,1.158900022506714,0
2026-03-13 00:42:00,1.158900022506714,1.158900022506714,1.158900022506714,1.158900022506714,0
2026-03-13 00:44:00,1.158900022506714,1.158900022506714,1.158900022506714,1.158900022506714,0
2026-03-13 00:46:00,1.158900022506714,1.158900022506714,1.158900022506714,1.158900022506714,0
2026-03-13 00:48:00,1.159000039100647,1.159000039100647,1.159000039100647,1.159000039100647,0
2026-03-13 00:50:00,1.159000039100647,1.159000039100647,1.159000039100647,1.159000039100647,0
2026-03-13 00:52:00,1.159000039100647,1.159000039100647,1.159000039100647,1.159000039100647,0
2026-03-13 00:54:00,1.158900022506714,1.158900022506714,1.158900022506714,1.158900022506714,0
2026-03-13 00:56:00,1.15910005569458,1.15910005569458,1.15910005569458,1.15910005569458,0
2026-03-13 00:58:00,1.159000039100647,1.159000039100647,1.159000039100647,1.159000039100647,0
2026-03-13 01:00:00,1.15910005569458,1.15910005569458,1.15910005569458,1.15910005569458,0
2026-03-13 01:02:00,1.15910005569458,1.15910005569458,1.15910005569458,1.15910005569458,0
2026-03-13 01:04:00,1.1591999530792236,1.1591999530792236,1.1591999530792236,1.1591999530792236,0
2026-03-13 01:06:00,1.1591999530792236,1.1591999530792236,1.1591999530792236,1.1591999530792236,0
2026-03-13 01:08:00,1.1591999530792236,1.1591999530792236,1.1591999530792236,1.1591999530792236,0
2026-03-13 01:10:00,1.1591999530792236,1.1591999530792236,1.1591999530792236,1.1591999530792236,0
2026-03-13 01:12:00,1.15910005569458,1.15910005569458,1.15910005569458,1.15910005569458,0
2026-03-13 01:14:00,1.15910005569458,1.15910005569458,1.15910005569458,1.15910005569458,0
2026-03-13 01:16:00,1.15910005569458,1.15910005569458,1.15910005569458,1.15910005569458,0
2026-03-13 01:18:00,1.1591999530792236,1.1591999530792236,1.1591999530792236,1.1591999530792236,0
2026-03-13 01:20:00,1.1591999530792236,1.1591999530792236,1.1591999530792236,1.1591999530792236,0
2026-03-13 01:22:00,1.1591999530792236,1.1591999530792236,1.1591999530792236,1.1591999530792236,0
2026-03-13 01:24:00,1.1591999530792236,1.1591999530792236,1.1591999530792236,1.1591999530792236,0
2026-03-13 01:26:00,1.1592999696731567,1.1592999696731567,1.1592999696731567,1.1592999696731567,0
2026-03-13 01:28:00,1.1592999696731567,1.1592999696731567,1.1592999696731567,1.1592999696731567,0
2026-03-13 01:30:00,1.1592999696731567,1.1592999696731567,1.1592999696731567,1.1592999696731567,0
2026-03-13 01:32:00,1.1592999696731567,1.1592999696731567,1.1592999696731567,1.1592999696731567,0
2026-03-13 01:34:00,1.1591999530792236,1.1591999530792236,1.1591999530792236,1.1591999530792236,0
2026-03-13 01:36:00,1.1592999696731567,1.1592999696731567,1.1592999696731567,1.1592999696731567,0
2026-03-13 01:38:00,1.1592999696731567,1.1592999696731567,1.1592999696731567,1.1592999696731567,0
2026-03-13 01:40:00,1.1592999696731567,1.1592999696731567,1.1592999696731567,1.1592999696731567,0
2026-03-13 01:42:00,1.1592999696731567,1.1592999696731567,1.1592999696731567,1.1592999696731567,0
2026-03-13 01:44:00,1.1592999696731567,1.1592999696731567,1.1592999696731567,1.1592999696731567,0
2026-03-13 01:46:00,1.1593999862670898,1.1593999862670898,1.1593999862670898,1.1593999862670898,0
2026-03-13 01:48:00,1.1592999696731567,1.1592999696731567,1.1592999696731567,1.1592999696731567,0
2026-03-13 01:50:00,1.1592999696731567,1.1592999696731567,1.1592999696731567,1.1592999696731567,0
2026-03-13 01:52:00,1.1591999530792236,1.1591999530792236,1.1591999530792236,1.1591999530792236,0
2026-03-13 01:54:00,1.1592999696731567,1.1592999696731567,1.1592999696731567,1.1592999696731567,0
2026-03-13 01:56:00,1.1592999696731567,1.1592999696731567,1.1592999696731567,1.1592999696731567,0
2026-03-13 01:58:00,1.1592999696731567,1.1592999696731567,1.1592999696731567,1.1592999696731567,0
2026-03-13 02:00:00,1.1592999696731567,1.1592999696731567,1.1592999696731567,1.1592999696731567,0
2026-03-13 02:02:00,1.1591999530792236,1.1591999530792236,1.1591999530792236,1.1591999530792236,0
2026-03-13 02:04:00,1.1593999862670898,1.1593999862670898,1.1593999862670898,1.1593999862670898,0
2026-03-13 02:06:00,1.1591999530792236,1.1591999530792236,1.1591999530792236,1.1591999530792236,0
2026-03-13 02:08:00,1.1591999530792236,1.1591999530792236,1.1591999530792236,1.1591999530792236,0
2026-03-13 02:10:00,1.15910005569458,1.15910005569458,1.15910005569458,1.15910005569458,0
2026-03-13 02:12:00,1.15910005569458,1.15910005569458,1.15910005569458,1.15910005569458,0
2026-03-13 02:14:00,1.159000039100647,1.159000039100647,1.159000039100647,1.159000039100647,0
2026-03-13 02:16:00,1.15910005569458,1.15910005569458,1.15910005569458,1.15910005569458,0
2026-03-13 02:18:00,1.15910005569458,1.15910005569458,1.15910005569458,1.15910005569458,0
2026-03-13 02:20:00,1.1591999530792236,1.1591999530792236,1.1591999530792236,1.1591999530792236,0
2026-03-13 02:22:00,1.15910005569458,1.15910005569458,1.15910005569458,1.15910005569458,0
2026-03-13 02:24:00,1.1591999530792236,1.1591999530792236,1.1591999530792236,1.1591999530792236,0
2026-03-13 02:26:00,1.1591999530792236,1.1591999530792236,1.1591999530792236,1.1591999530792236,0
2026-03-13 02:28:00,1.1591999530792236,1.1591999530792236,1.1591999530792236,1.1591999530792236,0
2026-03-13 02:30:00,1.1591999530792236,1.1591999530792236,1.1591999530792236,1.1591999530792236,0
2026-03-13 02:32:00,1.15910005569458,1.15910005569458,1.15910005569458,1.15910005569458,0
2026-03-13 02:34:00,1.1591999530792236,1.1591999530792236,1.1591999530792236,1.1591999530792236,0
2026-03-13 02:36:00,1.1591999530792236,1.1591999530792236,1.1591999530792236,1.1591999530792236,0
2026-03-13 02:38:00,1.15910005569458,1.15910005569458,1.15910005569458,1.15910005569458,0
2026-03-13 02:40:00,1.15910005569458,1.15910005569458,1.15910005569458,1.15910005569458,0
2026-03-13 02:42:00,1.15910005569458,1.15910005569458,1.15910005569458,1.15910005569458,0
2026-03-13 02:44:00,1.15910005569458,1.15910005569458,1.15910005569458,1.15910005569458,0
2026-03-13 02:46:00,1.15910005569458,1.15910005569458,1.15910005569458,1.15910005569458,0
2026-03-13 02:48:00,1.15910005569458,1.15910005569458,1.15910005569458,1.15910005569458,0
2026-03-13 02:50:00,1.159000039100647,1.159000039100647,1.159000039100647,1.159000039100647,0
2026-03-13 02:52:00,1.159000039100647,1.159000039100647,1.159000039100647,1.159000039100647,0
2026-03-13 02:54:00,1.159000039100647,1.159000039100647,1.159000039100647,1.159000039100647,0
2026-03-13 02:56:00,1.1591999530792236,1.1591999530792236,1.1591999530792236,1.1591999530792236,0
2026-03-13 02:58:00,1.15910005569458,1.15910005569458,1.15910005569458,1.15910005569458,0
2026-03-13 03:00:00,1.1591999530792236,1.1591999530792236,1.1591999530792236,1.1591999530792236,0
2026-03-13 03:02:00,1.1591999530792236,1.1591999530792236,1.1591999530792236,1.1591999530792236,0
2026-03-13 03:04:00,1.15910005569458,1.15910005569458,1.15910005569458,1.15910005569458,0
2026-03-13 03:06:00,1.159000039100647,1.159000039100647,1.159000039100647,1.159000039100647,0
2026-03-13 03:08:00,1.159000039100647,1.159000039100647,1.159000039100647,1.159000039100647,0
2026-03-13 03:10:00,1.159000039100647,1.159000039100647,1.159000039100647,1.159000039100647,0
2026-03-13 03:12:00,1.158900022506714,1.158900022506714,1.158900022506714,1.158900022506714,0
2026-03-13 03:14:00,1.158900022506714,1.158900022506714,1.158900022506714,1.158900022506714,0
2026-03-13 03:16:00,1.159000039100647,1.159000039100647,1.159000039100647,1.159000039100647,0
2026-03-13 03:18:00,1.158900022506714,1.158900022506714,1.158900022506714,1.158900022506714,0
2026-03-13 03:20:00,1.159000039100647,1.159000039100647,1.159000039100647,1.159000039100647,0
2026-03-13 03:22:00,1.159000039100647,1.159000039100647,1.159000039100647,1.159000039100647,0
2026-03-13 03:24:00,1.159000039100647,1.159000039100647,1.159000039100647,1.159000039100647,0
2026-03-13 03:26:00,1.159000039100647,1.159000039100647,1.159000039100647,1.159000039100647,0
2026-03-13 03:28:00,1.159000039100647,1.159000039100647,1.159000039100647,1.159000039100647,0
2026-03-13 03:30:00,1.159000039100647,1.159000039100647,1.159000039100647,1.159000039100647,0
2026-03-13 03:32:00,1.159000039100647,1.159000039100647,1.159000039100647,1.159000039100647,0
2026-03-13 03:34:00,1.159000039100647,1.159000039100647,1.159000039100647,1.159000039100647,0
2026-03-13 03:36:00,1.159000039100647,1.159000039100647,1.159000039100647,1.159000039100647,0
2026-03-13 03:38:00,1.159000039100647,1.159000039100647,1.159000039100647,1.159000039100647,0
2026-03-13 03:40:00,1.159000039100647,1.159000039100647,1.159000039100647,1.159000039100647,0
2026-03-13 03:42:00,1.15910005569458,1.15910005569458,1.15910005569458,1.15910005569458,0
2026-03-13 03:44:00,1.15910005569458,1.15910005569458,1.15910005569458,1.15910005569458,0
2026-03-13 03:46:00,1.15910005569458,1.15910005569458,1.15910005569458,1.15910005569458,0
2026-03-13 03:48:00,1.15910005569458,1.15910005569458,1.15910005569458,1.15910005569458,0
2026-03-13 03:50:00,1.1591999530792236,1.1591999530792236,1.1591999530792236,1.1591999530792236,0
2026-03-13 03:52:00,1.1591999530792236,1.1591999530792236,1.1591999530792236,1.1591999530792236,0
2026-03-13 03:54:00,1.1591999530792236,1.1591999530792236,1.1591999530792236,1.1591999530792236,0
2026-03-13 03:56:00,1.1592999696731567,1.1592999696731567,1.1592999696731567,1.1592999696731567,0
2026-03-13 03:58:00,1.1591999530792236,1.1591999530792236,1.1591999530792236,1.1591999530792236,0
2026-03-13 04:00:00,1.15910005569458,1.15910005569458,1.15910005569458,1.15910005569458,0
2026-03-13 04:02:00,1.15910005569458,1.15910005569458,1.15910005569458,1.15910005569458,0
2026-03-13 04:04:00,1.15910005569458,1.15910005569458,1.15910005569458,1.15910005569458,0
2026-03-13 04:06:00,1.15910005569458,1.15910005569458,1.15910005569458,1.15910005569458,0
2026-03-13 04:08:00,1.15910005569458,1.15910005569458,1.15910005569458,1.15910005569458,0
2026-03-13 04:10:00,1.15910005569458,1.15910005569458,1.15910005569458,1.15910005569458,0
2026-03-13 04:12:00,1.15910005569458,1.15910005569458,1.15910005569458,1.15910005569458,0
2026-03-13 04:14:00,1.15910005569458,1.15910005569458,1.15910005569458,1.15910005569458,0
2026-03-13 04:16:00,1.15910005569458,1.15910005569458,1.15910005569458,1.15910005569458,0
2026-03-13 04:18:00,1.15910005569458,1.15910005569458,1.15910005569458,1.15910005569458,0
2026-03-13 04:20:00,1.159000039100647,1.159000039100647,1.159000039100647,1.159000039100647,0
2026-03-13 04:22:00,1.159000039100647,1.159000039100647,1.159000039100647,1.159000039100647,0
2026-03-13 04:24:00,1.158900022506714,1.158900022506714,1.158900022506714,1.158900022506714,0
2026-03-13 04:26:00,1.158900022506714,1.158900022506714,1.158900022506714,1.158900022506714,0
2026-03-13 04:28:00,1.158900022506714,1.158900022506714,1.158900022506714,1.158900022506714,0
2026-03-13 04:30:00,1.158900022506714,1.158900022506714,1.158900022506714,1.158900022506714,0
2026-03-13 04:32:00,1.1588000059127808,1.1588000059127808,1.1588000059127808,1.1588000059127808,0
2026-03-13 04:34:00,1.1586999893188477,1.1586999893188477,1.1586999893188477,1.1586999893188477,0
2026-03-13 04:36:00,1.1586999893188477,1.1586999893188477,1.1586999893188477,1.1586999893188477,0
2026-03-13 04:38:00,1.1585999727249146,1.1585999727249146,1.1585999727249146,1.1585999727249146,0
2026-03-13 04:40:00,1.1585999727249146,1.1585999727249146,1.1585999727249146,1.1585999727249146,0
2026-03-13 04:42:00,1.1585999727249146,1.1585999727249146,1.1585999727249146,1.1585999727249146,0
2026-03-13 04:44:00,1.1585999727249146,1.1585999727249146,1.1585999727249146,1.1585999727249146,0
2026-03-13 04:46:00,1.1585999727249146,1.1585999727249146,1.1585999727249146,1.1585999727249146,0
2026-03-13 04:48:00,1.1586999893188477,1.1586999893188477,1.1586999893188477,1.1586999893188477,0
2026-03-13 04:50:00,1.1586999893188477,1.1586999893188477,1.1586999893188477,1.1586999893188477,0
2026-03-13 04:52:00,1.1585999727249146,1.1585999727249146,1.1585999727249146,1.1585999727249146,0
2026-03-13 04:54:00,1.1585999727249146,1.1585999727249146,1.1585999727249146,1.1585999727249146,0
2026-03-13 04:56:00,1.1584999561309814,1.1584999561309814,1.1584999561309814,1.1584999561309814,0
2026-03-13 04:58:00,1.1584999561309814,1.1584999561309814,1.1584999561309814,1.1584999561309814,0
2026-03-13 05:00:00,1.1584999561309814,1.1584999561309814,1.1584999561309814,1.1584999561309814,0
2026-03-13 05:02:00,1.1584999561309814,1.1584999561309814,1.1584999561309814,1.1584999561309814,0
2026-03-13 05:04:00,1.1584999561309814,1.1584999561309814,1.1584999561309814,1.1584999561309814,0
2026-03-13 05:06:00,1.158400058746338,1.158400058746338,1.158400058746338,1.158400058746338,0
2026-03-13 05:08:00,1.158400058746338,1.158400058746338,1.158400058746338,1.158400058746338,0
2026-03-13 05:10:00,1.158400058746338,1.158400058746338,1.158400058746338,1.158400058746338,0
2026-03-13 05:12:00,1.1583000421524048,1.1583000421524048,1.1583000421524048,1.1583000421524048,0
2026-03-13 05:14:00,1.1584999561309814,1.1584999561309814,1.1584999561309814,1.1584999561309814,0
2026-03-13 05:16:00,1.158400058746338,1.158400058746338,1.158400058746338,1.158400058746338,0
2026-03-13 05:18:00,1.158400058746338,1.158400058746338,1.158400058746338,1.158400058746338,0
2026-03-13 05:20:00,1.158400058746338,1.158400058746338,1.158400058746338,1.158400058746338,0
2026-03-13 05:22:00,1.1584999561309814,1.1584999561309814,1.1584999561309814,1.1584999561309814,0
2026-03-13 05:24:00,1.1584999561309814,1.1584999561309814,1.1584999561309814,1.1584999561309814,0
2026-03-13 05:26:00,1.1585999727249146,1.1585999727249146,1.1585999727249146,1.1585999727249146,0
2026-03-13 05:28:00,1.1584999561309814,1.1584999561309814,1.1584999561309814,1.1584999561309814,0
2026-03-13 05:30:00,1.1585999727249146,1.1585999727249146,1.1585999727249146,1.1585999727249146,0
2026-03-13 05:32:00,1.1585999727249146,1.1585999727249146,1.1585999727249146,1.1585999727249146,0
2026-03-13 05:34:00,1.1586999893188477,1.1586999893188477,1.1586999893188477,1.1586999893188477,0
2026-03-13 05:36:00,1.1585999727249146,1.1585999727249146,1.1585999727249146,1.1585999727249146,0
2026-03-13 05:38:00,1.1585999727249146,1.1585999727249146,1.1585999727249146,1.1585999727249146,0
2026-03-13 05:40:00,1.1585999727249146,1.1585999727249146,1.1585999727249146,1.1585999727249146,0
2026-03-13 05:42:00,1.1585999727249146,1.1585999727249146,1.1585999727249146,1.1585999727249146,0
2026-03-13 05:44:00,1.1585999727249146,1.1585999727249146,1.1585999727249146,1.1585999727249146,0
2026-03-13 05:46:00,1.1585999727249146,1.1585999727249146,1.1585999727249146,1.1585999727249146,0
2026-03-13 05:48:00,1.1585999727249146,1.1585999727249146,1.1585999727249146,1.1585999727249146,0
2026-03-13 05:50:00,1.1585999727249146,1.1585999727249146,1.1585999727249146,1.1585999727249146,0
2026-03-13 05:52:00,1.1585999727249146,1.1585999727249146,1.1585999727249146,1.1585999727249146,0
2026-03-13 05:54:00,1.1585999727249146,1.1585999727249146,1.1585999727249146,1.1585999727249146,0
2026-03-13 05:56:00,1.1586999893188477,1.1586999893188477,1.1586999893188477,1.1586999893188477,0
2026-03-13 05:58:00,1.1586999893188477,1.1586999893188477,1.1586999893188477,1.1586999893188477,0
2026-03-13 06:00:00,1.1586999893188477,1.1586999893188477,1.1586999893188477,1.1586999893188477,0
2026-03-13 06:02:00,1.1586999893188477,1.1586999893188477,1.1586999893188477,1.1586999893188477,0
2026-03-13 06:04:00,1.1585999727249146,1.1585999727249146,1.1585999727249146,1.1585999727249146,0
2026-03-13 06:06:00,1.1585999727249146,1.1585999727249146,1.1585999727249146,1.1585999727249146,0
2026-03-13 06:08:00,1.1584999561309814,1.1584999561309814,1.1584999561309814,1.1584999561309814,0
2026-03-13 06:10:00,1.158400058746338,1.158400058746338,1.158400058746338,1.158400058746338,0
2026-03-13 06:12:00,1.1584999561309814,1.1584999561309814,1.1584999561309814,1.1584999561309814,0
2026-03-13 06:14:00,1.1584999561309814,1.1584999561309814,1.1584999561309814,1.1584999561309814,0
2026-03-13 06:16:00,1.1583000421524048,1.1583000421524048,1.1583000421524048,1.1583000421524048,0
2026-03-13 06:18:00,1.158400058746338,1.158400058746338,1.158400058746338,1.158400058746338,0
2026-03-13 06:20:00,1.158400058746338,1.158400058746338,1.158400058746338,1.158400058746338,0
2026-03-13 06:22:00,1.158400058746338,1.158400058746338,1.158400058746338,1.158400058746338,0
2026-03-13 06:24:00,1.158400058746338,1.158400058746338,1.158400058746338,1.158400058746338,0
2026-03-13 06:26:00,1.1583000421524048,1.1583000421524048,1.1583000421524048,1.1583000421524048,0
2026-03-13 06:28:00,1.1583000421524048,1.1583000421524048,1.1583000421524048,1.1583000421524048,0
2026-03-13 06:30:00,1.158400058746338,1.158400058746338,1.158400058746338,1.158400058746338,0
2026-03-13 06:32:00,1.1583000421524048,1.1583000421524048,1.1583000421524048,1.1583000421524048,0
2026-03-13 06:34:00,1.1584999561309814,1.1584999561309814,1.1584999561309814,1.1584999561309814,0
2026-03-13 06:36:00,1.1583000421524048,1.1583000421524048,1.1583000421524048,1.1583000421524048,0
2026-03-13 06:38:00,1.1584999561309814,1.1584999561309814,1.1584999561309814,1.1584999561309814,0
2026-03-13 06:40:00,1.1584999561309814,1.1584999561309814,1.1584999561309814,1.1584999561309814,0
2026-03-13 06:42:00,1.158400058746338,1.158400058746338,1.158400058746338,1.158400058746338,0
2026-03-13 06:44:00,1.1583000421524048,1.1583000421524048,1.1583000421524048,1.1583000421524048,0
2026-03-13 06:46:00,1.1583000421524048,1.1583000421524048,1.1583000421524048,1.1583000421524048,0
2026-03-13 06:48:00,1.158400058746338,1.158400058746338,1.158400058746338,1.158400058746338,0
2026-03-13 06:50:00,1.1584999561309814,1.1584999561309814,1.1584999561309814,1.1584999561309814,0
2026-03-13 06:52:00,1.1586999893188477,1.1586999893188477,1.1586999893188477,1.1586999893188477,0
2026-03-13 06:54:00,1.1586999893188477,1.1586999893188477,1.1586999893188477,1.1586999893188477,0
2026-03-13 06:56:00,1.1586999893188477,1.1586999893188477,1.1586999893188477,1.1586999893188477,0
2026-03-13 06:58:00,1.159000039100647,1.159000039100647,1.159000039100647,1.159000039100647,0
2026-03-13 07:00:00,1.1588000059127808,1.1588000059127808,1.1588000059127808,1.1588000059127808,0
2026-03-13 07:02:00,1.158400058746338,1.158400058746338,1.158400058746338,1.158400058746338,0
2026-03-13 07:04:00,1.1582000255584717,1.1582000255584717,1.1582000255584717,1.1582000255584717,0
2026-03-13 07:06:00,1.1579999923706057,1.1579999923706057,1.1579999923706057,1.1579999923706057,0
2026-03-13 07:08:00,1.1582000255584717,1.1582000255584717,1.1582000255584717,1.1582000255584717,0
2026-03-13 07:10:00,1.158400058746338,1.158400058746338,1.158400058746338,1.158400058746338,0
2026-03-13 07:12:00,1.158400058746338,1.158400058746338,1.158400058746338,1.158400058746338,0
2026-03-13 07:14:00,1.1581000089645386,1.1581000089645386,1.1581000089645386,1.1581000089645386,0
2026-03-13 07:16:00,1.1583000421524048,1.1583000421524048,1.1583000421524048,1.1583000421524048,0
2026-03-13 07:18:00,1.1579999923706057,1.1579999923706057,1.1579999923706057,1.1579999923706057,0
2026-03-13 07:20:00,1.1581000089645386,1.1581000089645386,1.1581000089645386,1.1581000089645386,0
2026-03-13 07:22:00,1.1582000255584717,1.1582000255584717,1.1582000255584717,1.1582000255584717,0
2026-03-13 07:24:00,1.1581000089645386,1.1581000089645386,1.1581000089645386,1.1581000089645386,0
2026-03-13 07:26:00,1.1578999757766724,1.1578999757766724,1.1578999757766724,1.1578999757766724,0
2026-03-13 07:28:00,1.1582000255584717,1.1582000255584717,1.1582000255584717,1.1582000255584717,0
2026-03-13 07:30:00,1.1583000421524048,1.1583000421524048,1.1583000421524048,1.1583000421524048,0
2026-03-13 07:32:00,1.1582000255584717,1.1582000255584717,1.1582000255584717,1.1582000255584717,0
2026-03-13 07:34:00,1.1583000421524048,1.1583000421524048,1.1583000421524048,1.1583000421524048,0
2026-03-13 07:36:00,1.1582000255584717,1.1582000255584717,1.1582000255584717,1.1582000255584717,0
2026-03-13 07:38:00,1.1583000421524048,1.1583000421524048,1.1583000421524048,1.1583000421524048,0
2026-03-13 07:40:00,1.1582000255584717,1.1582000255584717,1.1582000255584717,1.1582000255584717,0
2026-03-13 07:42:00,1.1584999561309814,1.1584999561309814,1.1584999561309814,1.1584999561309814,0
2026-03-13 07:44:00,1.1582000255584717,1.1582000255584717,1.1582000255584717,1.1582000255584717,0
2026-03-13 07:46:00,1.1583000421524048,1.1583000421524048,1.1583000421524048,1.1583000421524048,0
2026-03-13 07:48:00,1.1586999893188477,1.1586999893188477,1.1586999893188477,1.1586999893188477,0
2026-03-13 07:50:00,1.1586999893188477,1.1586999893188477,1.1586999893188477,1.1586999893188477,0
2026-03-13 07:52:00,1.158900022506714,1.158900022506714,1.158900022506714,1.158900022506714,0
2026-03-13 07:54:00,1.1586999893188477,1.1586999893188477,1.1586999893188477,1.1586999893188477,0
2026-03-13 07:56:00,1.158400058746338,1.158400058746338,1.158400058746338,1.158400058746338,0
2026-03-13 07:58:00,1.158400058746338,1.158400058746338,1.158400058746338,1.158400058746338,0
2026-03-13 08:00:00,1.158400058746338,1.158400058746338,1.158400058746338,1.158400058746338,0
2026-03-13 08:02:00,1.1583000421524048,1.1583000421524048,1.1583000421524048,1.1583000421524048,0
2026-03-13 08:04:00,1.1583000421524048,1.1583000421524048,1.1583000421524048,1.1583000421524048,0
2026-03-13 08:06:00,1.1585999727249146,1.1585999727249146,1.1585999727249146,1.1585999727249146,0
2026-03-13 08:08:00,1.1586999893188477,1.1586999893188477,1.1586999893188477,1.1586999893188477,0
2026-03-13 08:10:00,1.1592999696731567,1.1592999696731567,1.1592999696731567,1.1592999696731567,0
2026-03-13 08:12:00,1.1591999530792236,1.1591999530792236,1.1591999530792236,1.1591999530792236,0
2026-03-13 08:14:00,1.1592999696731567,1.1592999696731567,1.1592999696731567,1.1592999696731567,0
2026-03-13 08:16:00,1.1592999696731567,1.1592999696731567,1.1592999696731567,1.1592999696731567,0
2026-03-13 08:18:00,1.1593999862670898,1.1593999862670898,1.1593999862670898,1.1593999862670898,0
2026-03-13 08:20:00,1.1591999530792236,1.1591999530792236,1.1591999530792236,1.1591999530792236,0
2026-03-13 08:22:00,1.15910005569458,1.15910005569458,1.15910005569458,1.15910005569458,0
2026-03-13 08:24:00,1.159000039100647,1.159000039100647,1.159000039100647,1.159000039100647,0
2026-03-13 08:26:00,1.1588000059127808,1.1588000059127808,1.1588000059127808,1.1588000059127808,0
2026-03-13 08:28:00,1.1585999727249146,1.1585999727249146,1.1585999727249146,1.1585999727249146,0
2026-03-13 08:30:00,1.158400058746338,1.158400058746338,1.158400058746338,1.158400058746338,0
2026-03-13 08:32:00,1.1586999893188477,1.1586999893188477,1.1586999893188477,1.1586999893188477,0
2026-03-13 08:34:00,1.1584999561309814,1.1584999561309814,1.1584999561309814,1.1584999561309814,0
2026-03-13 08:36:00,1.1586999893188477,1.1586999893188477,1.1586999893188477,1.1586999893188477,0
2026-03-13 08:38:00,1.1584999561309814,1.1584999561309814,1.1584999561309814,1.1584999561309814,0
2026-03-13 08:40:00,1.1585999727249146,1.1585999727249146,1.1585999727249146,1.1585999727249146,0
2026-03-13 08:42:00,1.158400058746338,1.158400058746338,1.158400058746338,1.158400058746338,0
2026-03-13 08:44:00,1.1585999727249146,1.1585999727249146,1.1585999727249146,1.1585999727249146,0
2026-03-13 08:46:00,1.1585999727249146,1.1585999727249146,1.1585999727249146,1.1585999727249146,0
2026-03-13 08:48:00,1.1585999727249146,1.1585999727249146,1.1585999727249146,1.1585999727249146,0
2026-03-13 08:50:00,1.1588000059127808,1.1588000059127808,1.1588000059127808,1.1588000059127808,0
2026-03-13 08:52:00,1.158400058746338,1.158400058746338,1.158400058746338,1.158400058746338,0
2026-03-13 08:54:00,1.158400058746338,1.158400058746338,1.158400058746338,1.158400058746338,0
2026-03-13 08:56:00,1.1584999561309814,1.1584999561309814,1.1584999561309814,1.1584999561309814,0
2026-03-13 08:58:00,1.1583000421524048,1.1583000421524048,1.1583000421524048,1.1583000421524048,0
2026-03-13 09:00:00,1.1581000089645386,1.1581000089645386,1.1581000089645386,1.1581000089645386,0
2026-03-13 09:02:00,1.1581000089645386,1.1581000089645386,1.1581000089645386,1.1581000089645386,0
2026-03-13 09:04:00,1.1582000255584717,1.1582000255584717,1.1582000255584717,1.1582000255584717,0
2026-03-13 09:06:00,1.1579999923706057,1.1579999923706057,1.1579999923706057,1.1579999923706057,0
2026-03-13 09:08:00,1.1578999757766724,1.1578999757766724,1.1578999757766724,1.1578999757766724,0
2026-03-13 09:10:00,1.1577999591827393,1.1577999591827393,1.1577999591827393,1.1577999591827393,0
2026-03-13 09:12:00,1.1579999923706057,1.1579999923706057,1.1579999923706057,1.1579999923706057,0
2026-03-13 09:14:00,1.1582000255584717,1.1582000255584717,1.1582000255584717,1.1582000255584717,0
2026-03-13 09:16:00,1.1582000255584717,1.1582000255584717,1.1582000255584717,1.1582000255584717,0
2026-03-13 09:18:00,1.1583000421524048,1.1583000421524048,1.1583000421524048,1.1583000421524048,0
2026-03-13 09:20:00,1.1582000255584717,1.1582000255584717,1.1582000255584717,1.1582000255584717,0
2026-03-13 09:22:00,1.1579999923706057,1.1579999923706057,1.1579999923706057,1.1579999923706057,0
2026-03-13 09:24:00,1.1579999923706057,1.1579999923706057,1.1579999923706057,1.1579999923706057,0
2026-03-13 09:26:00,1.1581000089645386,1.1581000089645386,1.1581000089645386,1.1581000089645386,0
2026-03-13 09:28:00,1.1579999923706057,1.1579999923706057,1.1579999923706057,1.1579999923706057,0
2026-03-13 09:30:00,1.1583000421524048,1.1583000421524048,1.1583000421524048,1.1583000421524048,0
2026-03-13 09:32:00,1.1581000089645386,1.1581000089645386,1.1581000089645386,1.1581000089645386,0
2026-03-13 09:34:00,1.1581000089645386,1.1581000089645386,1.1581000089645386,1.1581000089645386,0
2026-03-13 09:36:00,1.1581000089645386,1.1581000089645386,1.1581000089645386,1.1581000089645386,0
2026-03-13 09:38:00,1.1581000089645386,1.1581000089645386,1.1581000089645386,1.1581000089645386,0
2026-03-13 09:40:00,1.1576999425888062,1.1576999425888062,1.1576999425888062,1.1576999425888062,0
2026-03-13 09:42:00,1.1578999757766724,1.1578999757766724,1.1578999757766724,1.1578999757766724,0
2026-03-13 09:44:00,1.1572999954223633,1.1572999954223633,1.1572999954223633,1.1572999954223633,0
2026-03-13 09:46:00,1.1576000452041626,1.1576000452041626,1.1576000452041626,1.1576000452041626,0
2026-03-13 09:48:00,1.1575000286102295,1.1575000286102295,1.1575000286102295,1.1575000286102295,0
2026-03-13 09:50:00,1.1576000452041626,1.1576000452041626,1.1576000452041626,1.1576000452041626,0
2026-03-13 09:52:00,1.1576999425888062,1.1576999425888062,1.1576999425888062,1.1576999425888062,0
2026-03-13 09:54:00,1.1577999591827393,1.1577999591827393,1.1577999591827393,1.1577999591827393,0
2026-03-13 09:56:00,1.1575000286102295,1.1575000286102295,1.1575000286102295,1.1575000286102295,0
2026-03-13 09:58:00,1.1575000286102295,1.1575000286102295,1.1575000286102295,1.1575000286102295,0
2026-03-13 10:00:00,1.1574000120162964,1.1574000120162964,1.1574000120162964,1.1574000120162964,0
2026-03-13 10:02:00,1.1572999954223633,1.1572999954223633,1.1572999954223633,1.1572999954223633,0
2026-03-13 10:04:00,1.1571999788284302,1.1571999788284302,1.1571999788284302,1.1571999788284302,0
2026-03-13 10:06:00,1.1574000120162964,1.1574000120162964,1.1574000120162964,1.1574000120162964,0
2026-03-13 10:08:00,1.1574000120162964,1.1574000120162964,1.1574000120162964,1.1574000120162964,0
2026-03-13 10:10:00,1.1572999954223633,1.1572999954223633,1.1572999954223633,1.1572999954223633,0
2026-03-13 10:12:00,1.1571999788284302,1.1571999788284302,1.1571999788284302,1.1571999788284302,0
2026-03-13 10:14:00,1.1571999788284302,1.1571999788284302,1.1571999788284302,1.1571999788284302,0
2026-03-13 10:16:00,1.156999945640564,1.156999945640564,1.156999945640564,1.156999945640564,0
2026-03-13 10:18:00,1.1568000316619873,1.1568000316619873,1.1568000316619873,1.1568000316619873,0
2026-03-13 10:20:00,1.1568000316619873,1.1568000316619873,1.1568000316619873,1.1568000316619873,0
2026-03-13 10:22:00,1.1568000316619873,1.1568000316619873,1.1568000316619873,1.1568000316619873,0
2026-03-13 10:24:00,1.1568000316619873,1.1568000316619873,1.1568000316619873,1.1568000316619873,0
2026-03-13 10:26:00,1.1569000482559204,1.1569000482559204,1.1569000482559204,1.1569000482559204,0
2026-03-13 10:28:00,1.1568000316619873,1.1568000316619873,1.1568000316619873,1.1568000316619873,0
2026-03-13 10:30:00,1.1569000482559204,1.1569000482559204,1.1569000482559204,1.1569000482559204,0
2026-03-13 10:32:00,1.1569000482559204,1.1569000482559204,1.1569000482559204,1.1569000482559204,0
2026-03-13 10:34:00,1.1567000150680542,1.1567000150680542,1.1567000150680542,1.1567000150680542,0
2026-03-13 10:36:00,1.1567000150680542,1.1567000150680542,1.1567000150680542,1.1567000150680542,0
2026-03-13 10:38:00,1.1567000150680542,1.1567000150680542,1.1567000150680542,1.1567000150680542,0
2026-03-13 10:40:00,1.1567000150680542,1.1567000150680542,1.1567000150680542,1.1567000150680542,0
2026-03-13 10:42:00,1.1567000150680542,1.1567000150680542,1.1567000150680542,1.1567000150680542,0
2026-03-13 10:44:00,1.156599998474121,1.156599998474121,1.156599998474121,1.156599998474121,0
2026-03-13 10:46:00,1.1567000150680542,1.1567000150680542,1.1567000150680542,1.1567000150680542,0
2026-03-13 10:48:00,1.156499981880188,1.156499981880188,1.156499981880188,1.156499981880188,0
2026-03-13 10:50:00,1.156599998474121,1.156599998474121,1.156599998474121,1.156599998474121,0
2026-03-13 10:52:00,1.1567000150680542,1.1567000150680542,1.1567000150680542,1.1567000150680542,0
2026-03-13 10:54:00,1.156499981880188,1.156499981880188,1.156499981880188,1.156499981880188,0
2026-03-13 10:56:00,1.1567000150680542,1.1567000150680542,1.1567000150680542,1.1567000150680542,0
2026-03-13 10:58:00,1.1568000316619873,1.1568000316619873,1.1568000316619873,1.1568000316619873,0
2026-03-13 11:00:00,1.156499981880188,1.156499981880188,1.156499981880188,1.156499981880188,0
2026-03-13 11:02:00,1.156599998474121,1.156599998474121,1.156599998474121,1.156599998474121,0
2026-03-13 11:04:00,1.1563999652862549,1.1563999652862549,1.1563999652862549,1.1563999652862549,0
2026-03-13 11:06:00,1.1561000347137451,1.1561000347137451,1.1561000347137451,1.1561000347137451,0
2026-03-13 11:08:00,1.156000018119812,1.156000018119812,1.156000018119812,1.156000018119812,0
2026-03-13 11:10:00,1.155900001525879,1.155900001525879,1.155900001525879,1.155900001525879,0
2026-03-13 11:12:00,1.1561000347137451,1.1561000347137451,1.1561000347137451,1.1561000347137451,0
2026-03-13 11:14:00,1.156000018119812,1.156000018119812,1.156000018119812,1.156000018119812,0
2026-03-13 11:16:00,1.1556999683380127,1.1556999683380127,1.1556999683380127,1.1556999683380127,0
2026-03-13 11:18:00,1.1555999517440796,1.1555999517440796,1.1555999517440796,1.1555999517440796,0
2026-03-13 11:20:00,1.1556999683380127,1.1556999683380127,1.1556999683380127,1.1556999683380127,0
2026-03-13 11:22:00,1.1556999683380127,1.1556999683380127,1.1556999683380127,1.1556999683380127,0
2026-03-13 11:24:00,1.1556999683380127,1.1556999683380127,1.1556999683380127,1.1556999683380127,0
2026-03-13 11:26:00,1.1557999849319458,1.1557999849319458,1.1557999849319458,1.1557999849319458,0
2026-03-13 11:28:00,1.1557999849319458,1.1557999849319458,1.1557999849319458,1.1557999849319458,0
2026-03-13 11:30:00,1.155900001525879,1.155900001525879,1.155900001525879,1.155900001525879,0
2026-03-13 11:32:00,1.155900001525879,1.155900001525879,1.155900001525879,1.155900001525879,0
2026-03-13 11:34:00,1.1562999486923218,1.1562999486923218,1.1562999486923218,1.1562999486923218,0
2026-03-13 11:36:00,1.1561000347137451,1.1561000347137451,1.1561000347137451,1.1561000347137451,0
2026-03-13 11:38:00,1.1562000513076782,1.1562000513076782,1.1562000513076782,1.1562000513076782,0
2026-03-13 11:40:00,1.1562000513076782,1.1562000513076782,1.1562000513076782,1.1562000513076782,0
2026-03-13 11:42:00,1.156000018119812,1.156000018119812,1.156000018119812,1.156000018119812,0
2026-03-13 11:44:00,1.155900001525879,1.155900001525879,1.155900001525879,1.155900001525879,0
2026-03-13 11:46:00,1.156000018119812,1.156000018119812,1.156000018119812,1.156000018119812,0
2026-03-13 11:48:00,1.156000018119812,1.156000018119812,1.156000018119812,1.156000018119812,0
2026-03-13 11:50:00,1.1557999849319458,1.1557999849319458,1.1557999849319458,1.1557999849319458,0
2026-03-13 11:52:00,1.1556999683380127,1.1556999683380127,1.1556999683380127,1.1556999683380127,0
2026-03-13 11:54:00,1.1556999683380127,1.1556999683380127,1.1556999683380127,1.1556999683380127,0
2026-03-13 11:56:00,1.155400037765503,1.155400037765503,1.155400037765503,1.155400037765503,0
2026-03-13 11:58:00,1.1553000211715698,1.1553000211715698,1.1553000211715698,1.1553000211715698,0
2026-03-13 12:00:00,1.155400037765503,1.155400037765503,1.155400037765503,1.155400037765503,0
2026-03-13 12:02:00,1.1553000211715698,1.1553000211715698,1.1553000211715698,1.1553000211715698,0
2026-03-13 12:04:00,1.155400037765503,1.155400037765503,1.155400037765503,1.155400037765503,0
2026-03-13 12:06:00,1.1553000211715698,1.1553000211715698,1.1553000211715698,1.1553000211715698,0
2026-03-13 12:08:00,1.155400037765503,1.155400037765503,1.155400037765503,1.155400037765503,0
2026-03-13 12:10:00,1.1553000211715698,1.1553000211715698,1.1553000211715698,1.1553000211715698,0
2026-03-13 12:12:00,1.1555999517440796,1.1555999517440796,1.1555999517440796,1.1555999517440796,0
2026-03-13 12:14:00,1.1557999849319458,1.1557999849319458,1.1557999849319458,1.1557999849319458,0
2026-03-13 12:16:00,1.155900001525879,1.155900001525879,1.155900001525879,1.155900001525879,0
2026-03-13 12:18:00,1.155900001525879,1.155900001525879,1.155900001525879,1.155900001525879,0
2026-03-13 12:20:00,1.1557999849319458,1.1557999849319458,1.1557999849319458,1.1557999849319458,0
2026-03-13 12:22:00,1.156000018119812,1.156000018119812,1.156000018119812,1.156000018119812,0
2026-03-13 12:24:00,1.1557999849319458,1.1557999849319458,1.1557999849319458,1.1557999849319458,0
2026-03-13 12:26:00,1.1557999849319458,1.1557999849319458,1.1557999849319458,1.1557999849319458,0
2026-03-13 12:28:00,1.155900001525879,1.155900001525879,1.155900001525879,1.155900001525879,0
2026-03-13 12:30:00,1.1562999486923218,1.1562999486923218,1.1562999486923218,1.1562999486923218,0
2026-03-13 12:32:00,1.1561000347137451,1.1561000347137451,1.1561000347137451,1.1561000347137451,0
2026-03-13 12:34:00,1.1562000513076782,1.1562000513076782,1.1562000513076782,1.1562000513076782,0
2026-03-13 12:36:00,1.1562000513076782,1.1562000513076782,1.1562000513076782,1.1562000513076782,0
2026-03-13 12:38:00,1.1562000513076782,1.1562000513076782,1.1562000513076782,1.1562000513076782,0
2026-03-13 12:40:00,1.1561000347137451,1.1561000347137451,1.1561000347137451,1.1561000347137451,0
2026-03-13 12:42:00,1.156000018119812,1.156000018119812,1.156000018119812,1.156000018119812,0
2026-03-13 12:44:00,1.156000018119812,1.156000018119812,1.156000018119812,1.156000018119812,0
2026-03-13 12:46:00,1.156000018119812,1.156000018119812,1.156000018119812,1.156000018119812,0
2026-03-13 12:48:00,1.155900001525879,1.155900001525879,1.155900001525879,1.155900001525879,0
2026-03-13 12:50:00,1.1556999683380127,1.1556999683380127,1.1556999683380127,1.1556999683380127,0
2026-03-13 12:52:00,1.1556999683380127,1.1556999683380127,1.1556999683380127,1.1556999683380127,0
2026-03-13 12:54:00,1.1555999517440796,1.1555999517440796,1.1555999517440796,1.1555999517440796,0
2026-03-13 12:56:00,1.1556999683380127,1.1556999683380127,1.1556999683380127,1.1556999683380127,0
2026-03-13 12:58:00,1.1555999517440796,1.1555999517440796,1.1555999517440796,1.1555999517440796,0
2026-03-13 13:00:00,1.1556999683380127,1.1556999683380127,1.1556999683380127,1.1556999683380127,0
2026-03-13 13:02:00,1.156000018119812,1.156000018119812,1.156000018119812,1.156000018119812,0
2026-03-13 13:04:00,1.1556999683380127,1.1556999683380127,1.1556999683380127,1.1556999683380127,0
2026-03-13 13:06:00,1.1556999683380127,1.1556999683380127,1.1556999683380127,1.1556999683380127,0
2026-03-13 13:08:00,1.155500054359436,1.155500054359436,1.155500054359436,1.155500054359436,0
2026-03-13 13:10:00,1.155500054359436,1.155500054359436,1.155500054359436,1.155500054359436,0
2026-03-13 13:12:00,1.1552000045776367,1.1552000045776367,1.1552000045776367,1.1552000045776367,0
2026-03-13 13:14:00,1.155400037765503,1.155400037765503,1.155400037765503,1.155400037765503,0
2026-03-13 13:16:00,1.1557999849319458,1.1557999849319458,1.1557999849319458,1.1557999849319458,0
2026-03-13 13:18:00,1.1557999849319458,1.1557999849319458,1.1557999849319458,1.1557999849319458,0
2026-03-13 13:20:00,1.155900001525879,1.155900001525879,1.155900001525879,1.155900001525879,0
2026-03-13 13:22:00,1.155900001525879,1.155900001525879,1.155900001525879,1.155900001525879,0
2026-03-13 13:24:00,1.1557999849319458,1.1557999849319458,1.1557999849319458,1.1557999849319458,0
2026-03-13 13:26:00,1.1556999683380127,1.1556999683380127,1.1556999683380127,1.1556999683380127,0
2026-03-13 13:28:00,1.1556999683380127,1.1556999683380127,1.1556999683380127,1.1556999683380127,0
2026-03-13 13:30:00,1.155500054359436,1.155500054359436,1.155500054359436,1.155500054359436,0
2026-03-13 13:32:00,1.1555999517440796,1.1555999517440796,1.1555999517440796,1.1555999517440796,0
2026-03-13 13:34:00,1.155500054359436,1.155500054359436,1.155500054359436,1.155500054359436,0
2026-03-13 13:36:00,1.1555999517440796,1.1555999517440796,1.1555999517440796,1.1555999517440796,0
2026-03-13 13:38:00,1.1555999517440796,1.1555999517440796,1.1555999517440796,1.1555999517440796,0
2026-03-13 13:40:00,1.1555999517440796,1.1555999517440796,1.1555999517440796,1.1555999517440796,0
2026-03-13 13:42:00,1.155900001525879,1.155900001525879,1.155900001525879,1.155900001525879,0
2026-03-13 13:44:00,1.155900001525879,1.155900001525879,1.155900001525879,1.155900001525879,0
2026-03-13 13:46:00,1.155900001525879,1.155900001525879,1.155900001525879,1.155900001525879,0
2026-03-13 13:48:00,1.156000018119812,1.156000018119812,1.156000018119812,1.156000018119812,0
2026-03-13 13:50:00,1.1562000513076782,1.1562000513076782,1.1562000513076782,1.1562000513076782,0
2026-03-13 13:52:00,1.1562000513076782,1.1562000513076782,1.1562000513076782,1.1562000513076782,0
2026-03-13 13:54:00,1.1563999652862549,1.1563999652862549,1.1563999652862549,1.1563999652862549,0
2026-03-13 13:56:00,1.156499981880188,1.156499981880188,1.156499981880188,1.156499981880188,0
2026-03-13 13:58:00,1.1563999652862549,1.1563999652862549,1.1563999652862549,1.1563999652862549,0
2026-03-13 14:00:00,1.156499981880188,1.156499981880188,1.156499981880188,1.156499981880188,0
2026-03-13 14:02:00,1.1562000513076782,1.1562000513076782,1.1562000513076782,1.1562000513076782,0
2026-03-13 14:04:00,1.1563999652862549,1.1563999652862549,1.1563999652862549,1.1563999652862549,0
2026-03-13 14:06:00,1.1563999652862549,1.1563999652862549,1.1563999652862549,1.1563999652862549,0
2026-03-13 14:08:00,1.156000018119812,1.156000018119812,1.156000018119812,1.156000018119812,0
2026-03-13 14:10:00,1.1561000347137451,1.1561000347137451,1.1561000347137451,1.1561000347137451,0
2026-03-13 14:12:00,1.1561000347137451,1.1561000347137451,1.1561000347137451,1.1561000347137451,0
2026-03-13 14:14:00,1.155900001525879,1.155900001525879,1.155900001525879,1.155900001525879,0
2026-03-13 14:16:00,1.156000018119812,1.156000018119812,1.156000018119812,1.156000018119812,0
2026-03-13 14:18:00,1.1556999683380127,1.1556999683380127,1.1556999683380127,1.1556999683380127,0
2026-03-13 14:20:00,1.1556999683380127,1.1556999683380127,1.1556999683380127,1.1556999683380127,0
2026-03-13 14:22:00,1.155900001525879,1.155900001525879,1.155900001525879,1.155900001525879,0
2026-03-13 14:24:00,1.155900001525879,1.155900001525879,1.155900001525879,1.155900001525879,0
2026-03-13 14:26:00,1.1557999849319458,1.1557999849319458,1.1557999849319458,1.1557999849319458,0
2026-03-13 14:28:00,1.1557999849319458,1.1557999849319458,1.1557999849319458,1.1557999849319458,0
2026-03-13 14:30:00,1.156000018119812,1.156000018119812,1.156000018119812,1.156000018119812,0
2026-03-13 14:32:00,1.1562000513076782,1.1562000513076782,1.1562000513076782,1.1562000513076782,0
2026-03-13 14:34:00,1.1562000513076782,1.1562000513076782,1.1562000513076782,1.1562000513076782,0
2026-03-13 14:36:00,1.1562000513076782,1.1562000513076782,1.1562000513076782,1.1562000513076782,0
2026-03-13 14:38:00,1.1563999652862549,1.1563999652862549,1.1563999652862549,1.1563999652862549,0
2026-03-13 14:40:00,1.1563999652862549,1.1563999652862549,1.1563999652862549,1.1563999652862549,0
2026-03-13 14:42:00,1.1563999652862549,1.1563999652862549,1.1563999652862549,1.1563999652862549,0
2026-03-13 14:44:00,1.156499981880188,1.156499981880188,1.156499981880188,1.156499981880188,0
2026-03-13 14:46:00,1.156499981880188,1.156499981880188,1.156499981880188,1.156499981880188,0
2026-03-13 14:48:00,1.1563999652862549,1.1563999652862549,1.1563999652862549,1.1563999652862549,0
2026-03-13 14:50:00,1.156499981880188,1.156499981880188,1.156499981880188,1.156499981880188,0
2026-03-13 14:52:00,1.156499981880188,1.156499981880188,1.156499981880188,1.156499981880188,0
2026-03-13 14:54:00,1.156599998474121,1.156599998474121,1.156599998474121,1.156599998474121,0
2026-03-13 14:56:00,1.156499981880188,1.156499981880188,1.156499981880188,1.156499981880188,0
2026-03-13 14:58:00,1.156499981880188,1.156499981880188,1.156499981880188,1.156499981880188,0
2026-03-13 15:00:00,1.1563999652862549,1.1563999652862549,1.1563999652862549,1.1563999652862549,0
2026-03-13 15:02:00,1.1562999486923218,1.1562999486923218,1.1562999486923218,1.1562999486923218,0
2026-03-13 15:04:00,1.1563999652862549,1.1563999652862549,1.1563999652862549,1.1563999652862549,0
2026-03-13 15:06:00,1.1567000150680542,1.1567000150680542,1.1567000150680542,1.1567000150680542,0
2026-03-13 15:08:00,1.1567000150680542,1.1567000150680542,1.1567000150680542,1.1567000150680542,0
2026-03-13 15:10:00,1.1567000150680542,1.1567000150680542,1.1567000150680542,1.1567000150680542,0
2026-03-13 15:12:00,1.156499981880188,1.156499981880188,1.156499981880188,1.156499981880188,0
2026-03-13 15:14:00,1.156499981880188,1.156499981880188,1.156499981880188,1.156499981880188,0
2026-03-13 15:16:00,1.1563999652862549,1.1563999652862549,1.1563999652862549,1.1563999652862549,0
2026-03-13 15:18:00,1.1563999652862549,1.1563999652862549,1.1563999652862549,1.1563999652862549,0
2026-03-13 15:20:00,1.1563999652862549,1.1563999652862549,1.1563999652862549,1.1563999652862549,0
2026-03-13 15:22:00,1.1563999652862549,1.1563999652862549,1.1563999652862549,1.1563999652862549,0
2026-03-13 15:24:00,1.1562000513076782,1.1562000513076782,1.1562000513076782,1.1562000513076782,0
2026-03-13 15:26:00,1.1562000513076782,1.1562000513076782,1.1562000513076782,1.1562000513076782,0
2026-03-13 15:28:00,1.1563999652862549,1.1563999652862549,1.1563999652862549,1.1563999652862549,0
2026-03-13 15:30:00,1.1562999486923218,1.1562999486923218,1.1562999486923218,1.1562999486923218,0
2026-03-13 15:32:00,1.156499981880188,1.156499981880188,1.156499981880188,1.156499981880188,0
2026-03-13 15:34:00,1.1567000150680542,1.1567000150680542,1.1567000150680542,1.1567000150680542,0
2026-03-13 15:36:00,1.156599998474121,1.156599998474121,1.156599998474121,1.156599998474121,0
2026-03-13 15:38:00,1.156499981880188,1.156499981880188,1.156499981880188,1.156499981880188,0
2026-03-13 15:40:00,1.1563999652862549,1.1563999652862549,1.1563999652862549,1.1563999652862549,0
2026-03-13 15:42:00,1.1563999652862549,1.1563999652862549,1.1563999652862549,1.1563999652862549,0
2026-03-13 15:44:00,1.1567000150680542,1.1567000150680542,1.1567000150680542,1.1567000150680542,0
2026-03-13 15:46:00,1.1563999652862549,1.1563999652862549,1.1563999652862549,1.1563999652862549,0
2026-03-13 15:48:00,1.156599998474121,1.156599998474121,1.156599998474121,1.156599998474121,0
2026-03-13 15:50:00,1.156499981880188,1.156499981880188,1.156499981880188,1.156499981880188,0
2026-03-13 15:52:00,1.1563999652862549,1.1563999652862549,1.1563999652862549,1.1563999652862549,0
2026-03-13 15:54:00,1.156499981880188,1.156499981880188,1.156499981880188,1.156499981880188,0
2026-03-13 15:56:00,1.1563999652862549,1.1563999652862549,1.1563999652862549,1.1563999652862549,0
2026-03-13 15:58:00,1.1563999652862549,1.1563999652862549,1.1563999652862549,1.1563999652862549,0
2026-03-13 16:00:00,1.1562999486923218,1.1562999486923218,1.1562999486923218,1.1562999486923218,0
2026-03-13 16:02:00,1.1563999652862549,1.1563999652862549,1.1563999652862549,1.1563999652862549,0
2026-03-13 16:04:00,1.1562999486923218,1.1562999486923218,1.1562999486923218,1.1562999486923218,0
2026-03-13 16:06:00,1.1562000513076782,1.1562000513076782,1.1562000513076782,1.1562000513076782,0
2026-03-13 16:08:00,1.1562999486923218,1.1562999486923218,1.1562999486923218,1.1562999486923218,0
2026-03-13 16:10:00,1.1562999486923218,1.1562999486923218,1.1562999486923218,1.1562999486923218,0
2026-03-13 16:12:00,1.1563999652862549,1.1563999652862549,1.1563999652862549,1.1563999652862549,0
2026-03-13 16:14:00,1.1563999652862549,1.1563999652862549,1.1563999652862549,1.1563999652862549,0
2026-03-13 16:16:00,1.1562999486923218,1.1562999486923218,1.1562999486923218,1.1562999486923218,0
2026-03-13 16:18:00,1.156499981880188,1.156499981880188,1.156499981880188,1.156499981880188,0
2026-03-13 16:20:00,1.1563999652862549,1.1563999652862549,1.1563999652862549,1.1563999652862549,0
2026-03-13 16:22:00,1.156499981880188,1.156499981880188,1.156499981880188,1.156499981880188,0
2026-03-13 16:24:00,1.156499981880188,1.156499981880188,1.156499981880188,1.156499981880188,0
2026-03-13 16:26:00,1.156599998474121,1.156599998474121,1.156599998474121,1.156599998474121,0
2026-03-13 16:28:00,1.156599998474121,1.156599998474121,1.156599998474121,1.156599998474121,0
2026-03-13 16:30:00,1.156499981880188,1.156499981880188,1.156499981880188,1.156499981880188,0
2026-03-13 16:32:00,1.1563999652862549,1.1563999652862549,1.1563999652862549,1.1563999652862549,0
2026-03-13 16:34:00,1.156499981880188,1.156499981880188,1.156499981880188,1.156499981880188,0
2026-03-13 16:36:00,1.156599998474121,1.156599998474121,1.156599998474121,1.156599998474121,0
2026-03-13 16:38:00,1.1567000150680542,1.1567000150680542,1.1567000150680542,1.1567000150680542,0
2026-03-13 16:40:00,1.156499981880188,1.156499981880188,1.156499981880188,1.156499981880188,0
2026-03-13 16:42:00,1.1567000150680542,1.1567000150680542,1.1567000150680542,1.1567000150680542,0
2026-03-13 16:44:00,1.156499981880188,1.156499981880188,1.156499981880188,1.156499981880188,0
2026-03-13 16:46:00,1.1563999652862549,1.1563999652862549,1.1563999652862549,1.1563999652862549,0
2026-03-13 16:48:00,1.156599998474121,1.156599998474121,1.156599998474121,1.156599998474121,0
2026-03-13 16:50:00,1.156599998474121,1.156599998474121,1.156599998474121,1.156599998474121,0
2026-03-13 16:52:00,1.1567000150680542,1.1567000150680542,1.1567000150680542,1.1567000150680542,0
2026-03-13 16:54:00,1.1568000316619873,1.1568000316619873,1.1568000316619873,1.1568000316619873,0
2026-03-13 16:56:00,1.1568000316619873,1.1568000316619873,1.1568000316619873,1.1568000316619873,0
2026-03-13 16:58:00,1.1569000482559204,1.1569000482559204,1.1569000482559204,1.1569000482559204,0
2026-03-13 17:00:00,1.1569000482559204,1.1569000482559204,1.1569000482559204,1.1569000482559204,0
2026-03-13 17:02:00,1.156999945640564,1.156999945640564,1.156999945640564,1.156999945640564,0
2026-03-13 17:04:00,1.156999945640564,1.156999945640564,1.156999945640564,1.156999945640564,0
2026-03-13 17:06:00,1.1571999788284302,1.1571999788284302,1.1571999788284302,1.1571999788284302,0
2026-03-13 17:08:00,1.1572999954223633,1.1572999954223633,1.1572999954223633,1.1572999954223633,0
2026-03-13 17:10:00,1.1571999788284302,1.1571999788284302,1.1571999788284302,1.1571999788284302,0
2026-03-13 17:12:00,1.1572999954223633,1.1572999954223633,1.1572999954223633,1.1572999954223633,0
2026-03-13 17:14:00,1.1572999954223633,1.1572999954223633,1.1572999954223633,1.1572999954223633,0
2026-03-13 17:16:00,1.1572999954223633,1.1572999954223633,1.1572999954223633,1.1572999954223633,0
2026-03-13 17:18:00,1.157099962234497,1.157099962234497,1.157099962234497,1.157099962234497,0
2026-03-13 17:20:00,1.1572999954223633,1.1572999954223633,1.1572999954223633,1.1572999954223633,0
2026-03-13 17:22:00,1.1572999954223633,1.1572999954223633,1.1572999954223633,1.1572999954223633,0
2026-03-13 17:24:00,1.1574000120162964,1.1574000120162964,1.1574000120162964,1.1574000120162964,0
2026-03-13 17:26:00,1.1572999954223633,1.1572999954223633,1.1572999954223633,1.1572999954223633,0
2026-03-13 17:28:00,1.1574000120162964,1.1574000120162964,1.1574000120162964,1.1574000120162964,0
2026-03-13 17:30:00,1.1571999788284302,1.1571999788284302,1.1571999788284302,1.1571999788284302,0
2026-03-13 17:32:00,1.1572999954223633,1.1572999954223633,1.1572999954223633,1.1572999954223633,0
2026-03-13 17:34:00,1.1574000120162964,1.1574000120162964,1.1574000120162964,1.1574000120162964,0
2026-03-13 17:36:00,1.1574000120162964,1.1574000120162964,1.1574000120162964,1.1574000120162964,0
2026-03-13 17:38:00,1.1574000120162964,1.1574000120162964,1.1574000120162964,1.1574000120162964,0
2026-03-13 17:40:00,1.1574000120162964,1.1574000120162964,1.1574000120162964,1.1574000120162964,0
2026-03-13 17:42:00,1.1572999954223633,1.1572999954223633,1.1572999954223633,1.1572999954223633,0
2026-03-13 17:44:00,1.1571999788284302,1.1571999788284302,1.1571999788284302,1.1571999788284302,0
2026-03-13 17:46:00,1.1571999788284302,1.1571999788284302,1.1571999788284302,1.1571999788284302,0
2026-03-13 17:48:00,1.157099962234497,1.157099962234497,1.157099962234497,1.157099962234497,0
2026-03-13 17:50:00,1.157099962234497,1.157099962234497,1.157099962234497,1.157099962234497,0
2026-03-13 17:52:00,1.1571999788284302,1.1571999788284302,1.1571999788284302,1.1571999788284302,0
2026-03-13 17:54:00,1.1571999788284302,1.1571999788284302,1.1571999788284302,1.1571999788284302,0
2026-03-13 17:56:00,1.1571999788284302,1.1571999788284302,1.1571999788284302,1.1571999788284302,0
2026-03-13 17:58:00,1.157099962234497,1.157099962234497,1.157099962234497,1.157099962234497,0
2026-03-13 18:00:00,1.1571999788284302,1.1571999788284302,1.1571999788284302,1.1571999788284302,0
2026-03-13 18:02:00,1.1571999788284302,1.1571999788284302,1.1571999788284302,1.1571999788284302,0
2026-03-13 18:04:00,1.1572999954223633,1.1572999954223633,1.1572999954223633,1.1572999954223633,0
2026-03-13 18:06:00,1.1574000120162964,1.1574000120162964,1.1574000120162964,1.1574000120162964,0
2026-03-13 18:08:00,1.1572999954223633,1.1572999954223633,1.1572999954223633,1.1572999954223633,0
2026-03-13 18:10:00,1.1572999954223633,1.1572999954223633,1.1572999954223633,1.1572999954223633,0
2026-03-13 18:12:00,1.1572999954223633,1.1572999954223633,1.1572999954223633,1.1572999954223633,0
2026-03-13 18:14:00,1.1571999788284302,1.1571999788284302,1.1571999788284302,1.1571999788284302,0
2026-03-13 18:16:00,1.157099962234497,1.157099962234497,1.157099962234497,1.157099962234497,0
2026-03-13 18:18:00,1.157099962234497,1.157099962234497,1.157099962234497,1.157099962234497,0
2026-03-13 18:20:00,1.157099962234497,1.157099962234497,1.157099962234497,1.157099962234497,0
2026-03-13 18:22:00,1.1571999788284302,1.1571999788284302,1.1571999788284302,1.1571999788284302,0
2026-03-13 18:24:00,1.1572999954223633,1.1572999954223633,1.1572999954223633,1.1572999954223633,0
2026-03-13 18:26:00,1.1571999788284302,1.1571999788284302,1.1571999788284302,1.1571999788284302,0
2026-03-13 18:28:00,1.1572999954223633,1.1572999954223633,1.1572999954223633,1.1572999954223633,0
2026-03-13 18:30:00,1.1571999788284302,1.1571999788284302,1.1571999788284302,1.1571999788284302,0
2026-03-13 18:32:00,1.1572999954223633,1.1572999954223633,1.1572999954223633,1.1572999954223633,0
2026-03-13 18:34:00,1.1572999954223633,1.1572999954223633,1.1572999954223633,1.1572999954223633,0
2026-03-13 18:36:00,1.1575000286102295,1.1575000286102295,1.1575000286102295,1.1575000286102295,0
2026-03-13 18:38:00,1.1574000120162964,1.1574000120162964,1.1574000120162964,1.1574000120162964,0
2026-03-13 18:40:00,1.1574000120162964,1.1574000120162964,1.1574000120162964,1.1574000120162964,0
2026-03-13 18:42:00,1.1575000286102295,1.1575000286102295,1.1575000286102295,1.1575000286102295,0
2026-03-13 18:44:00,1.1575000286102295,1.1575000286102295,1.1575000286102295,1.1575000286102295,0
2026-03-13 18:46:00,1.1575000286102295,1.1575000286102295,1.1575000286102295,1.1575000286102295,0
2026-03-13 18:48:00,1.1576000452041626,1.1576000452041626,1.1576000452041626,1.1576000452041626,0
2026-03-13 18:50:00,1.1575000286102295,1.1575000286102295,1.1575000286102295,1.1575000286102295,0
2026-03-13 18:52:00,1.1575000286102295,1.1575000286102295,1.1575000286102295,1.1575000286102295,0
2026-03-13 18:54:00,1.1575000286102295,1.1575000286102295,1.1575000286102295,1.1575000286102295,0
2026-03-13 18:56:00,1.1575000286102295,1.1575000286102295,1.1575000286102295,1.1575000286102295,0
2026-03-13 18:58:00,1.1575000286102295,1.1575000286102295,1.1575000286102295,1.1575000286102295,0
2026-03-13 19:00:00,1.1576000452041626,1.1576000452041626,1.1576000452041626,1.1576000452041626,0
2026-03-13 19:02:00,1.1575000286102295,1.1575000286102295,1.1575000286102295,1.1575000286102295,0
2026-03-13 19:04:00,1.1575000286102295,1.1575000286102295,1.1575000286102295,1.1575000286102295,0
2026-03-13 19:06:00,1.1575000286102295,1.1575000286102295,1.1575000286102295,1.1575000286102295,0
2026-03-13 19:08:00,1.1576999425888062,1.1576999425888062,1.1576999425888062,1.1576999425888062,0
2026-03-13 19:10:00,1.1577999591827393,1.1577999591827393,1.1577999591827393,1.1577999591827393,0
2026-03-13 19:12:00,1.1576999425888062,1.1576999425888062,1.1576999425888062,1.1576999425888062,0
2026-03-13 19:14:00,1.1576000452041626,1.1576000452041626,1.1576000452041626,1.1576000452041626,0
2026-03-13 19:16:00,1.1576999425888062,1.1576999425888062,1.1576999425888062,1.1576999425888062,0
2026-03-13 19:18:00,1.1576000452041626,1.1576000452041626,1.1576000452041626,1.1576000452041626,0
2026-03-13 19:20:00,1.1575000286102295,1.1575000286102295,1.1575000286102295,1.1575000286102295,0
2026-03-13 19:22:00,1.1576000452041626,1.1576000452041626,1.1576000452041626,1.1576000452041626,0
2026-03-13 19:24:00,1.1576000452041626,1.1576000452041626,1.1576000452041626,1.1576000452041626,0
2026-03-13 19:26:00,1.1575000286102295,1.1575000286102295,1.1575000286102295,1.1575000286102295,0
2026-03-13 19:28:00,1.1576000452041626,1.1576000452041626,1.1576000452041626,1.1576000452041626,0
2026-03-13 19:30:00,1.1576000452041626,1.1576000452041626,1.1576000452041626,1.1576000452041626,0
2026-03-13 19:32:00,1.1575000286102295,1.1575000286102295,1.1575000286102295,1.1575000286102295,0
2026-03-13 19:34:00,1.1575000286102295,1.1575000286102295,1.1575000286102295,1.1575000286102295,0
2026-03-13 19:36:00,1.1575000286102295,1.1575000286102295,1.1575000286102295,1.1575000286102295,0
2026-03-13 19:38:00,1.1575000286102295,1.1575000286102295,1.1575000286102295,1.1575000286102295,0
2026-03-13 19:40:00,1.1574000120162964,1.1574000120162964,1.1574000120162964,1.1574000120162964,0
2026-03-13 19:42:00,1.1575000286102295,1.1575000286102295,1.1575000286102295,1.1575000286102295,0
2026-03-13 19:44:00,1.1575000286102295,1.1575000286102295,1.1575000286102295,1.1575000286102295,0
2026-03-13 19:46:00,1.1574000120162964,1.1574000120162964,1.1574000120162964,1.1574000120162964,0
2026-03-13 19:48:00,1.1574000120162964,1.1574000120162964,1.1574000120162964,1.1574000120162964,0
2026-03-13 19:50:00,1.1575000286102295,1.1575000286102295,1.1575000286102295,1.1575000286102295,0
2026-03-13 19:52:00,1.1576000452041626,1.1576000452041626,1.1576000452041626,1.1576000452041626,0
2026-03-13 19:54:00,1.1575000286102295,1.1575000286102295,1.1575000286102295,1.1575000286102295,0
2026-03-13 19:56:00,1.1576000452041626,1.1576000452041626,1.1576000452041626,1.1576000452041626,0
2026-03-13 19:58:00,1.1576000452041626,1.1576000452041626,1.1576000452041626,1.1576000452041626,0
2026-03-13 20:00:00,1.1576000452041626,1.1576000452041626,1.1576000452041626,1.1576000452041626,0
2026-03-13 20:02:00,1.1575000286102295,1.1575000286102295,1.1575000286102295,1.1575000286102295,0
2026-03-13 20:04:00,1.1576000452041626,1.1576000452041626,1.1576000452041626,1.1576000452041626,0
2026-03-13 20:06:00,1.1575000286102295,1.1575000286102295,1.1575000286102295,1.1575000286102295,0
2026-03-13 20:08:00,1.1576000452041626,1.1576000452041626,1.1576000452041626,1.1576000452041626,0
2026-03-13 20:10:00,1.1575000286102295,1.1575000286102295,1.1575000286102295,1.1575000286102295,0
2026-03-13 20:12:00,1.1576000452041626,1.1576000452041626,1.1576000452041626,1.1576000452041626,0
2026-03-13 20:14:00,1.1576000452041626,1.1576000452041626,1.1576000452041626,1.1576000452041626,0
2026-03-13 20:16:00,1.1576999425888062,1.1576999425888062,1.1576999425888062,1.1576999425888062,0
2026-03-13 20:18:00,1.1576999425888062,1.1576999425888062,1.1576999425888062,1.1576999425888062,0
2026-03-13 20:20:00,1.1577999591827393,1.1577999591827393,1.1577999591827393,1.1577999591827393,0
2026-03-13 20:22:00,1.1577999591827393,1.1577999591827393,1.1577999591827393,1.1577999591827393,0
2026-03-13 20:24:00,1.1578999757766724,1.1578999757766724,1.1578999757766724,1.1578999757766724,0
2026-03-13 20:26:00,1.1577999591827393,1.1577999591827393,1.1577999591827393,1.1577999591827393,0
2026-03-13 20:28:00,1.1577999591827393,1.1577999591827393,1.1577999591827393,1.1577999591827393,0
2026-03-13 20:30:00,1.1576999425888062,1.1576999425888062,1.1576999425888062,1.1576999425888062,0
2026-03-13 20:32:00,1.1579999923706057,1.1579999923706057,1.1579999923706057,1.1579999923706057,0
2026-03-13 20:34:00,1.1579999923706057,1.1579999923706057,1.1579999923706057,1.1579999923706057,0
2026-03-13 20:36:00,1.1582000255584717,1.1582000255584717,1.1582000255584717,1.1582000255584717,0
2026-03-13 20:38:00,1.1582000255584717,1.1582000255584717,1.1582000255584717,1.1582000255584717,0
2026-03-13 20:40:00,1.1582000255584717,1.1582000255584717,1.1582000255584717,1.1582000255584717,0
2026-03-13 20:42:00,1.1581000089645386,1.1581000089645386,1.1581000089645386,1.1581000089645386,0
2026-03-13 20:44:00,1.1578999757766724,1.1578999757766724,1.1578999757766724,1.1578999757766724,0
2026-03-13 20:46:00,1.1581000089645386,1.1581000089645386,1.1581000089645386,1.1581000089645386,0
2026-03-13 20:48:00,1.1581000089645386,1.1581000089645386,1.1581000089645386,1.1581000089645386,0
2026-03-13 20:50:00,1.1579999923706057,1.1579999923706057,1.1579999923706057,1.1579999923706057,0
2026-03-13 20:52:00,1.1578999757766724,1.1578999757766724,1.1578999757766724,1.1578999757766724,0
2026-03-13 20:54:00,1.1578999757766724,1.1578999757766724,1.1578999757766724,1.1578999757766724,0
2026-03-13 20:56:00,1.1577999591827393,1.1577999591827393,1.1577999591827393,1.1577999591827393,0
2026-03-13 20:58:00,1.1576999425888062,1.1576999425888062,1.1576999425888062,1.1576999425888062,0
2026-03-13 21:00:00,1.1576999425888062,1.1576999425888062,1.1576999425888062,1.1576999425888062,0
2026-03-13 21:02:00,1.1578999757766724,1.1578999757766724,1.1578999757766724,1.1578999757766724,0
2026-03-13 21:04:00,1.1578999757766724,1.1578999757766724,1.1578999757766724,1.1578999757766724,0
2026-03-13 21:06:00,1.1578999757766724,1.1578999757766724,1.1578999757766724,1.1578999757766724,0
2026-03-13 21:08:00,1.1578999757766724,1.1578999757766724,1.1578999757766724,1.1578999757766724,0
2026-03-13 21:10:00,1.1578999757766724,1.1578999757766724,1.1578999757766724,1.1578999757766724,0
2026-03-13 21:12:00,1.1578999757766724,1.1578999757766724,1.1578999757766724,1.1578999757766724,0
2026-03-13 21:14:00,1.1578999757766724,1.1578999757766724,1.1578999757766724,1.1578999757766724,0
2026-03-13 21:16:00,1.1578999757766724,1.1578999757766724,1.1578999757766724,1.1578999757766724,0
2026-03-13 21:18:00,1.1578999757766724,1.1578999757766724,1.1578999757766724,1.1578999757766724,0
2026-03-13 21:20:00,1.1578999757766724,1.1578999757766724,1.1578999757766724,1.1578999757766724,0
2026-03-13 21:22:00,1.1578999757766724,1.1578999757766724,1.1578999757766724,1.1578999757766724,0
2026-03-13 21:24:00,1.1578999757766724,1.1578999757766724,1.1578999757766724,1.1578999757766724,0
2026-03-13 21:26:00,1.1578999757766724,1.1578999757766724,1.1578999757766724,1.1578999757766724,0
2026-03-13 21:28:00,1.1578999757766724,1.1578999757766724,1.1578999757766724,1.1578999757766724,0
2026-03-13 21:30:00,1.1578999757766724,1.1578999757766724,1.1578999757766724,1.1578999757766724,0
2026-03-13 21:32:00,1.1578999757766724,1.1578999757766724,1.1578999757766724,1.1578999757766724,0
2026-03-13 21:34:00,1.1578999757766724,1.1578999757766724,1.1578999757766724,1.1578999757766724,0
2026-03-13 21:36:00,1.1578999757766724,1.1578999757766724,1.1578999757766724,1.1578999757766724,0
2026-03-13 21:38:00,1.1578999757766724,1.1578999757766724,1.1578999757766724,1.1578999757766724,0
2026-03-13 21:40:00,1.1578999757766724,1.1578999757766724,1.1578999757766724,1.1578999757766724,0
2026-03-13 21:42:00,1.1578999757766724,1.1578999757766724,1.1578999757766724,1.1578999757766724,0
2026-03-13 21:44:00,1.1578999757766724,1.1578999757766724,1.1578999757766724,1.1578999757766724,0
2026-03-13 21:46:00,1.1578999757766724,1.1578999757766724,1.1578999757766724,1.1578999757766724,0
2026-03-13 21:48:00,1.1578999757766724,1.1578999757766724,1.1578999757766724,1.1578999757766724,0
2026-03-13 21:50:00,1.1578999757766724,1.1578999757766724,1.1578999757766724,1.1578999757766724,0
2026-03-13 21:52:00,1.1578999757766724,1.1578999757766724,1.1578999757766724,1.1578999757766724,0
2026-03-13 21:54:00,1.1578999757766724,1.1578999757766724,1.1578999757766724,1.1578999757766724,0
2026-03-13 21:56:00,1.1578999757766724,1.1578999757766724,1.1578999757766724,1.1578999757766724,0
2026-03-13 21:58:00,1.1578999757766724,1.1578999757766724,1.1578999757766724,1.1578999757766724,0
2026-03-13 22:00:00,1.1578999757766724,1.1578999757766724,1.1578999757766724,1.1578999757766724,0
2026-03-13 22:02:00,1.1578999757766724,1.1578999757766724,1.1578999757766724,1.1578999757766724,0
2026-03-13 22:04:00,1.1578999757766724,1.1578999757766724,1.1578999757766724,1.1578999757766724,0
2026-03-13 22:06:00,1.1578999757766724,1.1578999757766724,1.1578999757766724,1.1578999757766724,0
2026-03-13 22:08:00,1.1578999757766724,1.1578999757766724,1.1578999757766724,1.1578999757766724,0
2026-03-13 22:10:00,1.1578999757766724,1.1578999757766724,1.1578999757766724,1.1578999757766724,0
2026-03-13 22:12:00,1.1578999757766724,1.1578999757766724,1.1578999757766724,1.1578999757766724,0
2026-03-13 22:14:00,1.1578999757766724,1.1578999757766724,1.1578999757766724,1.1578999757766724,0
2026-03-13 22:16:00,1.1578999757766724,1.1578999757766724,1.1578999757766724,1.1578999757766724,0
2026-03-13 22:18:00,1.1578999757766724,1.1578999757766724,1.1578999757766724,1.1578999757766724,0
2026-03-13 22:20:00,1.1578999757766724,1.1578999757766724,1.1578999757766724,1.1578999757766724,0
2026-03-13 22:22:00,1.1578999757766724,1.1578999757766724,1.1578999757766724,1.1578999757766724,0
2026-03-13 22:24:00,1.1578999757766724,1.1578999757766724,1.1578999757766724,1.1578999757766724,0
2026-03-13 22:26:00,1.1578999757766724,1.1578999757766724,1.1578999757766724,1.1578999757766724,0
2026-03-13 22:28:00,1.1578999757766724,1.1578999757766724,1.1578999757766724,1.1578999757766724,0
2026-03-16 00:01:00,1.158308982849121,1.158308982849121,1.158308982849121,1.158308982849121,0
2026-03-16 00:03:00,1.1581809520721436,1.1581809520721436,1.1581809520721436,1.1581809520721436,0
2026-03-16 00:05:00,1.1581950187683103,1.1581950187683103,1.1581950187683103,1.1581950187683103,0
2026-03-16 00:07:00,1.1582159996032717,1.1582159996032717,1.1582159996032717,1.1582159996032717,0
2026-03-16 00:09:00,1.158221960067749,1.158221960067749,1.158221960067749,1.158221960067749,0
2026-03-16 00:11:00,1.1581549644470217,1.1581549644470217,1.1581549644470217,1.1581549644470217,0
2026-03-16 00:13:00,1.158259034156799,1.158259034156799,1.158259034156799,1.158259034156799,0
2026-03-16 00:15:00,1.1581079959869385,1.1581079959869385,1.1581079959869385,1.1581079959869385,0
2026-03-16 00:17:00,1.1581820249557495,1.1581820249557495,1.1581820249557495,1.1581820249557495,0
2026-03-16 00:19:00,1.1581560373306274,1.1581560373306274,1.1581560373306274,1.1581560373306274,0
2026-03-16 00:21:00,1.1582579612731934,1.1582579612731934,1.1582579612731934,1.1582579612731934,0
2026-03-16 00:23:00,1.1581759452819824,1.1581759452819824,1.1581759452819824,1.1581759452819824,0
2026-03-16 00:25:00,1.1581130027770996,1.1581130027770996,1.1581130027770996,1.1581130027770996,0
2026-03-16 00:27:00,1.1579359769821167,1.1579359769821167,1.1579359769821167,1.1579359769821167,0
2026-03-16 00:29:00,1.1579580307006836,1.1579580307006836,1.1579580307006836,1.1579580307006836,0
2026-03-16 00:31:00,1.158007025718689,1.158007025718689,1.158007025718689,1.158007025718689,0
2026-03-16 00:33:00,1.157973051071167,1.157973051071167,1.157973051071167,1.157973051071167,0
2026-03-16 00:35:00,1.157920002937317,1.157920002937317,1.157920002937317,1.157920002937317,0
2026-03-16 00:37:00,1.157886981964111,1.157886981964111,1.157886981964111,1.157886981964111,0
2026-03-16 00:39:00,1.1579149961471558,1.1579149961471558,1.1579149961471558,1.1579149961471558,0
2026-03-16 00:41:00,1.1578880548477173,1.1578880548477173,1.1578880548477173,1.1578880548477173,0
2026-03-16 00:43:00,1.1579339504241943,1.1579339504241943,1.1579339504241943,1.1579339504241943,0
2026-03-16 00:45:00,1.1578600406646729,1.1578600406646729,1.1578600406646729,1.1578600406646729,0
2026-03-16 00:47:00,1.1578210592269895,1.1578210592269895,1.1578210592269895,1.1578210592269895,0
2026-03-16 00:49:00,1.1578229665756226,1.1578229665756226,1.1578229665756226,1.1578229665756226,0
2026-03-16 00:51:00,1.1578229665756226,1.1578229665756226,1.1578229665756226,1.1578229665756226,0
2026-03-16 00:53:00,1.1578680276870728,1.1578680276870728,1.1578680276870728,1.1578680276870728,0
2026-03-16 00:55:00,1.157917022705078,1.157917022705078,1.157917022705078,1.157917022705078,0
2026-03-16 00:57:00,1.1578550338745115,1.1578550338745115,1.1578550338745115,1.1578550338745115,0
2026-03-16 00:59:00,1.1579090356826782,1.1579090356826782,1.1579090356826782,1.1579090356826782,0
2026-03-16 01:01:00,1.1580849885940552,1.1580849885940552,1.1580849885940552,1.1580849885940552,0
2026-03-16 01:03:00,1.1581740379333496,1.1581740379333496,1.1581740379333496,1.1581740379333496,0
2026-03-16 01:05:00,1.158260941505432,1.158260941505432,1.158260941505432,1.158260941505432,0
2026-03-16 01:07:00,1.1582930088043213,1.1582930088043213,1.1582930088043213,1.1582930088043213,0
2026-03-16 01:09:00,1.158344030380249,1.158344030380249,1.158344030380249,1.158344030380249,0
2026-03-16 01:11:00,1.158337950706482,1.158337950706482,1.158337950706482,1.158337950706482,0
2026-03-16 01:13:00,1.1583009958267212,1.1583009958267212,1.1583009958267212,1.1583009958267212,0
2026-03-16 01:15:00,1.1583579778671265,1.1583579778671265,1.1583579778671265,1.1583579778671265,0
2026-03-16 01:17:00,1.158308029174805,1.158308029174805,1.158308029174805,1.158308029174805,0
2026-03-16 01:19:00,1.1581439971923828,1.1581439971923828,1.1581439971923828,1.1581439971923828,0
2026-03-16 01:21:00,1.1581870317459106,1.1581870317459106,1.1581870317459106,1.1581870317459106,0
2026-03-16 01:23:00,1.15823495388031,1.15823495388031,1.15823495388031,1.15823495388031,0
2026-03-16 01:25:00,1.1580649614334106,1.1580649614334106,1.1580649614334106,1.1580649614334106,0
2026-03-16 01:27:00,1.158053994178772,1.158053994178772,1.158053994178772,1.158053994178772,0
2026-03-16 01:29:00,1.1580369472503662,1.1580369472503662,1.1580369472503662,1.1580369472503662,0
2026-03-16 01:31:00,1.158018946647644,1.158018946647644,1.158018946647644,1.158018946647644,0
2026-03-16 01:33:00,1.158030986785889,1.158030986785889,1.158030986785889,1.158030986785889,0
2026-03-16 01:35:00,1.1579840183258057,1.1579840183258057,1.1579840183258057,1.1579840183258057,0
2026-03-16 01:37:00,1.1579519510269165,1.1579519510269165,1.1579519510269165,1.1579519510269165,0
2026-03-16 01:39:00,1.157958984375,1.157958984375,1.157958984375,1.157958984375,0
2026-03-16 01:41:00,1.1579209566116333,1.1579209566116333,1.1579209566116333,1.1579209566116333,0
2026-03-16 01:43:00,1.1579179763793943,1.1579179763793943,1.1579179763793943,1.1579179763793943,0
2026-03-16 01:45:00,1.1579569578170776,1.1579569578170776,1.1579569578170776,1.1579569578170776,0
2026-03-16 01:47:00,1.157978057861328,1.157978057861328,1.157978057861328,1.157978057861328,0
2026-03-16 01:49:00,1.158092021942139,1.158092021942139,1.158092021942139,1.158092021942139,0
2026-03-16 01:51:00,1.1579970121383667,1.1579970121383667,1.1579970121383667,1.1579970121383667,0
2026-03-16 01:53:00,1.1580610275268557,1.1580610275268557,1.1580610275268557,1.1580610275268557,0
2026-03-16 01:55:00,1.1579949855804443,1.1579949855804443,1.1579949855804443,1.1579949855804443,0
2026-03-16 01:57:00,1.158128023147583,1.158128023147583,1.158128023147583,1.158128023147583,0
2026-03-16 01:59:00,1.158074975013733,1.158074975013733,1.158074975013733,1.158074975013733,0
2026-03-16 02:01:00,1.1580660343170166,1.1580660343170166,1.1580660343170166,1.1580660343170166,0
2026-03-16 02:03:00,1.1581380367279053,1.1581380367279053,1.1581380367279053,1.1581380367279053,0
2026-03-16 02:05:00,1.1580430269241333,1.1580430269241333,1.1580430269241333,1.1580430269241333,0
2026-03-16 02:07:00,1.157986044883728,1.157986044883728,1.157986044883728,1.157986044883728,0
2026-03-16 02:09:00,1.1580079793930054,1.1580079793930054,1.1580079793930054,1.1580079793930054,0
2026-03-16 02:11:00,1.157938003540039,1.157938003540039,1.157938003540039,1.157938003540039,0
2026-03-16 02:13:00,1.157920002937317,1.157920002937317,1.157920002937317,1.157920002937317,0
2026-03-16 02:15:00,1.1579149961471558,1.1579149961471558,1.1579149961471558,1.1579149961471558,0
2026-03-16 02:17:00,1.1579899787902832,1.1579899787902832,1.1579899787902832,1.1579899787902832,0
2026-03-16 02:19:00,1.157837986946106,1.157837986946106,1.157837986946106,1.157837986946106,0
2026-03-16 02:21:00,1.1577939987182615,1.1577939987182615,1.1577939987182615,1.1577939987182615,0
2026-03-16 02:23:00,1.1577969789505005,1.1577969789505005,1.1577969789505005,1.1577969789505005,0
2026-03-16 02:25:00,1.1578439474105835,1.1578439474105835,1.1578439474105835,1.1578439474105835,0
2026-03-16 02:27:00,1.1578049659729004,1.1578049659729004,1.1578049659729004,1.1578049659729004,0
2026-03-16 02:29:00,1.1578179597854614,1.1578179597854614,1.1578179597854614,1.1578179597854614,0
2026-03-16 02:31:00,1.1577889919281006,1.1577889919281006,1.1577889919281006,1.1577889919281006,0
2026-03-16 02:33:00,1.1578669548034668,1.1578669548034668,1.1578669548034668,1.1578669548034668,0
2026-03-16 02:35:00,1.157842993736267,1.157842993736267,1.157842993736267,1.157842993736267,0
2026-03-16 02:37:00,1.1578680276870728,1.1578680276870728,1.1578680276870728,1.1578680276870728,0
2026-03-16 02:39:00,1.1578550338745115,1.1578550338745115,1.1578550338745115,1.1578550338745115,0
2026-03-16 02:41:00,1.157917022705078,1.157917022705078,1.157917022705078,1.157917022705078,0
2026-03-16 02:43:00,1.1578580141067505,1.1578580141067505,1.1578580141067505,1.1578580141067505,0
2026-03-16 02:45:00,1.1578539609909058,1.1578539609909058,1.1578539609909058,1.1578539609909058,0
2026-03-16 02:47:00,1.1578600406646729,1.1578600406646729,1.1578600406646729,1.1578600406646729,0
2026-03-16 02:49:00,1.1578030586242676,1.1578030586242676,1.1578030586242676,1.1578030586242676,0
2026-03-16 02:51:00,1.1577939987182615,1.1577939987182615,1.1577939987182615,1.1577939987182615,0
2026-03-16 02:53:00,1.1577889919281006,1.1577889919281006,1.1577889919281006,1.1577889919281006,0
2026-03-16 02:55:00,1.1577850580215454,1.1577850580215454,1.1577850580215454,1.1577850580215454,0
2026-03-16 02:57:00,1.157793045043945,1.157793045043945,1.157793045043945,1.157793045043945,0
2026-03-16 02:59:00,1.157732009887695,1.157732009887695,1.157732009887695,1.157732009887695,0
2026-03-16 03:01:00,1.1577030420303345,1.1577030420303345,1.1577030420303345,1.1577030420303345,0
2026-03-16 03:03:00,1.1577980518341064,1.1577980518341064,1.1577980518341064,1.1577980518341064,0
2026-03-16 03:05:00,1.157762050628662,1.157762050628662,1.157762050628662,1.157762050628662,0
2026-03-16 03:07:00,1.1578270196914673,1.1578270196914673,1.1578270196914673,1.1578270196914673,0
2026-03-16 03:09:00,1.157910943031311,1.157910943031311,1.157910943031311,1.157910943031311,0
2026-03-16 03:11:00,1.1578940153121948,1.1578940153121948,1.1578940153121948,1.1578940153121948,0
2026-03-16 03:13:00,1.157891035079956,1.157891035079956,1.157891035079956,1.157891035079956,0
2026-03-16 03:15:00,1.1578580141067505,1.1578580141067505,1.1578580141067505,1.1578580141067505,0
2026-03-16 03:17:00,1.157850980758667,1.157850980758667,1.157850980758667,1.157850980758667,0
2026-03-16 03:19:00,1.157920002937317,1.157920002937317,1.157920002937317,1.157920002937317,0
2026-03-16 03:21:00,1.157968044281006,1.157968044281006,1.157968044281006,1.157968044281006,0
2026-03-16 03:23:00,1.1579669713974,1.1579669713974,1.1579669713974,1.1579669713974,0
2026-03-16 03:25:00,1.1579660177230835,1.1579660177230835,1.1579660177230835,1.1579660177230835,0
2026-03-16 03:27:00,1.1579669713974,1.1579669713974,1.1579669713974,1.1579669713974,0
2026-03-16 03:29:00,1.1579760313034058,1.1579760313034058,1.1579760313034058,1.1579760313034058,0
2026-03-16 03:31:00,1.158066987991333,1.158066987991333,1.158066987991333,1.158066987991333,0
2026-03-16 03:33:00,1.1580899953842163,1.1580899953842163,1.1580899953842163,1.1580899953842163,0
2026-03-16 03:35:00,1.158041000366211,1.158041000366211,1.158041000366211,1.158041000366211,0
2026-03-16 03:37:00,1.1580909490585327,1.1580909490585327,1.1580909490585327,1.1580909490585327,0
2026-03-16 03:39:00,1.1581170558929443,1.1581170558929443,1.1581170558929443,1.1581170558929443,0
2026-03-16 03:41:00,1.158102035522461,1.158102035522461,1.158102035522461,1.158102035522461,0
2026-03-16 03:43:00,1.1580979824066162,1.1580979824066162,1.1580979824066162,1.1580979824066162,0
2026-03-16 03:45:00,1.158092975616455,1.158092975616455,1.158092975616455,1.158092975616455,0
2026-03-16 03:47:00,1.1581130027770996,1.1581130027770996,1.1581130027770996,1.1581130027770996,0
2026-03-16 03:49:00,1.1581050157546997,1.1581050157546997,1.1581050157546997,1.1581050157546997,0
2026-03-16 03:51:00,1.1581939458847046,1.1581939458847046,1.1581939458847046,1.1581939458847046,0
2026-03-16 03:53:00,1.1582740545272827,1.1582740545272827,1.1582740545272827,1.1582740545272827,0
2026-03-16 03:55:00,1.1581710577011108,1.1581710577011108,1.1581710577011108,1.1581710577011108,0
2026-03-16 03:57:00,1.158154010772705,1.158154010772705,1.158154010772705,1.158154010772705,0
2026-03-16 03:59:00,1.1581189632415771,1.1581189632415771,1.1581189632415771,1.1581189632415771,0
2026-03-16 04:01:00,1.1581469774246216,1.1581469774246216,1.1581469774246216,1.1581469774246216,0
2026-03-16 04:03:00,1.1581259965896606,1.1581259965896606,1.1581259965896606,1.1581259965896606,0
2026-03-16 04:05:00,1.1581120491027832,1.1581120491027832,1.1581120491027832,1.1581120491027832,0
2026-03-16 04:07:00,1.1581649780273438,1.1581649780273438,1.1581649780273438,1.1581649780273438,0
2026-03-16 04:09:00,1.1580790281295776,1.1580790281295776,1.1580790281295776,1.1580790281295776,0
2026-03-16 04:11:00,1.1581130027770996,1.1581130027770996,1.1581130027770996,1.1581130027770996,0
2026-03-16 04:13:00,1.158141016960144,1.158141016960144,1.158141016960144,1.158141016960144,0
2026-03-16 04:15:00,1.1581920385360718,1.1581920385360718,1.1581920385360718,1.1581920385360718,0
2026-03-16 04:17:00,1.1581519842147827,1.1581519842147827,1.1581519842147827,1.1581519842147827,0
2026-03-16 04:19:00,1.1580710411071775,1.1580710411071775,1.1580710411071775,1.1580710411071775,0
2026-03-16 04:21:00,1.1580640077590942,1.1580640077590942,1.1580640077590942,1.1580640077590942,0
2026-03-16 04:23:00,1.1580899953842163,1.1580899953842163,1.1580899953842163,1.1580899953842163,0
2026-03-16 04:25:00,1.1580660343170166,1.1580660343170166,1.1580660343170166,1.1580660343170166,0
2026-03-16 04:27:00,1.1580250263214111,1.1580250263214111,1.1580250263214111,1.1580250263214111,0
2026-03-16 04:29:00,1.1580699682235718,1.1580699682235718,1.1580699682235718,1.1580699682235718,0
2026-03-16 04:31:00,1.1580079793930054,1.1580079793930054,1.1580079793930054,1.1580079793930054,0
2026-03-16 04:33:00,1.1580350399017334,1.1580350399017334,1.1580350399017334,1.1580350399017334,0
2026-03-16 04:35:00,1.1579910516738892,1.1579910516738892,1.1579910516738892,1.1579910516738892,0
2026-03-16 04:37:00,1.158059000968933,1.158059000968933,1.158059000968933,1.158059000968933,0
2026-03-16 04:39:00,1.1580649614334106,1.1580649614334106,1.1580649614334106,1.1580649614334106,0
2026-03-16 04:41:00,1.1580170392990112,1.1580170392990112,1.1580170392990112,1.1580170392990112,0
2026-03-16 04:43:00,1.1580770015716553,1.1580770015716553,1.1580770015716553,1.1580770015716553,0
2026-03-16 04:45:00,1.1580990552902222,1.1580990552902222,1.1580990552902222,1.1580990552902222,0
2026-03-16 04:47:00,1.1580770015716553,1.1580770015716553,1.1580770015716553,1.1580770015716553,0
2026-03-16 04:49:00,1.158074975013733,1.158074975013733,1.158074975013733,1.158074975013733,0
2026-03-16 04:51:00,1.1580660343170166,1.1580660343170166,1.1580660343170166,1.1580660343170166,0
2026-03-16 04:53:00,1.158139944076538,1.158139944076538,1.158139944076538,1.158139944076538,0
2026-03-16 04:55:00,1.1581239700317385,1.1581239700317385,1.1581239700317385,1.1581239700317385,0
2026-03-16 04:57:00,1.158149003982544,1.158149003982544,1.158149003982544,1.158149003982544,0
2026-03-16 04:59:00,1.158149003982544,1.158149003982544,1.158149003982544,1.158149003982544,0
2026-03-16 05:01:00,1.1582210063934326,1.1582210063934326,1.1582210063934326,1.1582210063934326,0
2026-03-16 05:03:00,1.1582549810409546,1.1582549810409546,1.1582549810409546,1.1582549810409546,0
2026-03-16 05:05:00,1.158270001411438,1.158270001411438,1.158270001411438,1.158270001411438,0
2026-03-16 05:07:00,1.158228039741516,1.158228039741516,1.158228039741516,1.158228039741516,0
2026-03-16 05:09:00,1.1582599878311155,1.1582599878311155,1.1582599878311155,1.1582599878311155,0
2026-03-16 05:11:00,1.158355951309204,1.158355951309204,1.158355951309204,1.158355951309204,0
2026-03-16 05:13:00,1.1583199501037598,1.1583199501037598,1.1583199501037598,1.1583199501037598,0
2026-03-16 05:15:00,1.15836501121521,1.15836501121521,1.15836501121521,1.15836501121521,0
2026-03-16 05:17:00,1.1584060192108154,1.1584060192108154,1.1584060192108154,1.1584060192108154,0
2026-03-16 05:19:00,1.158370018005371,1.158370018005371,1.158370018005371,1.158370018005371,0
2026-03-16 05:21:00,1.1583820581436155,1.1583820581436155,1.1583820581436155,1.1583820581436155,0
2026-03-16 05:23:00,1.15836501121521,1.15836501121521,1.15836501121521,1.15836501121521,0
2026-03-16 05:25:00,1.1584420204162598,1.1584420204162598,1.1584420204162598,1.1584420204162598,0
2026-03-16 05:27:00,1.1583919525146484,1.1583919525146484,1.1583919525146484,1.1583919525146484,0
2026-03-16 05:29:00,1.158432960510254,1.158432960510254,1.158432960510254,1.158432960510254,0
2026-03-16 05:31:00,1.1585500240325928,1.1585500240325928,1.1585500240325928,1.1585500240325928,0
2026-03-16 05:33:00,1.158619046211243,1.158619046211243,1.158619046211243,1.158619046211243,0
2026-03-16 05:35:00,1.1585520505905151,1.1585520505905151,1.1585520505905151,1.1585520505905151,0
2026-03-16 05:37:00,1.1584700345993042,1.1584700345993042,1.1584700345993042,1.1584700345993042,0
2026-03-16 05:39:00,1.1585359573364258,1.1585359573364258,1.1585359573364258,1.1585359573364258,0
2026-03-16 05:41:00,1.1585190296173096,1.1585190296173096,1.1585190296173096,1.1585190296173096,0
2026-03-16 05:43:00,1.1585370302200315,1.1585370302200315,1.1585370302200315,1.1585370302200315,0
2026-03-16 05:45:00,1.1585639715194702,1.1585639715194702,1.1585639715194702,1.1585639715194702,0
2026-03-16 05:47:00,1.158725023269653,1.158725023269653,1.158725023269653,1.158725023269653,0
2026-03-16 05:49:00,1.1586990356445312,1.1586990356445312,1.1586990356445312,1.1586990356445312,0
2026-03-16 05:51:00,1.1587029695510864,1.1587029695510864,1.1587029695510864,1.1587029695510864,0
2026-03-16 05:53:00,1.158797025680542,1.158797025680542,1.158797025680542,1.158797025680542,0
2026-03-16 05:55:00,1.158805012702942,1.158805012702942,1.158805012702942,1.158805012702942,0
2026-03-16 05:57:00,1.158818006515503,1.158818006515503,1.158818006515503,1.158818006515503,0
2026-03-16 05:59:00,1.1588330268859863,1.1588330268859863,1.1588330268859863,1.1588330268859863,0
2026-03-16 06:01:00,1.1588959693908691,1.1588959693908691,1.1588959693908691,1.1588959693908691,0
2026-03-16 06:03:00,1.15897798538208,1.15897798538208,1.15897798538208,1.15897798538208,0
2026-03-16 06:05:00,1.159024000167847,1.159024000167847,1.159024000167847,1.159024000167847,0
2026-03-16 06:07:00,1.1590310335159302,1.1590310335159302,1.1590310335159302,1.1590310335159302,0
2026-03-16 06:09:00,1.1590909957885742,1.1590909957885742,1.1590909957885742,1.1590909957885742,0
2026-03-16 06:11:00,1.1590759754180908,1.1590759754180908,1.1590759754180908,1.1590759754180908,0
2026-03-16 06:13:00,1.1591479778289795,1.1591479778289795,1.1591479778289795,1.1591479778289795,0
2026-03-16 06:15:00,1.1591030359268188,1.1591030359268188,1.1591030359268188,1.1591030359268188,0
2026-03-16 06:17:00,1.1591140031814575,1.1591140031814575,1.1591140031814575,1.1591140031814575,0
2026-03-16 06:19:00,1.15905499458313,1.15905499458313,1.15905499458313,1.15905499458313,0
2026-03-16 06:21:00,1.159060001373291,1.159060001373291,1.159060001373291,1.159060001373291,0
2026-03-16 06:23:00,1.159006953239441,1.159006953239441,1.159006953239441,1.159006953239441,0
2026-03-16 06:25:00,1.1590429544448853,1.1590429544448853,1.1590429544448853,1.1590429544448853,0
2026-03-16 06:27:00,1.158962965011597,1.158962965011597,1.158962965011597,1.158962965011597,0
2026-03-16 06:29:00,1.1588770151138306,1.1588770151138306,1.1588770151138306,1.1588770151138306,0
2026-03-16 06:31:00,1.158898949623108,1.158898949623108,1.158898949623108,1.158898949623108,0
2026-03-16 06:33:00,1.1588209867477417,1.1588209867477417,1.1588209867477417,1.1588209867477417,0
2026-03-16 06:35:00,1.1588189601898191,1.1588189601898191,1.1588189601898191,1.1588189601898191,0
2026-03-16 06:37:00,1.159000039100647,1.159000039100647,1.159000039100647,1.159000039100647,0
2026-03-16 06:39:00,1.1590420007705688,1.1590420007705688,1.1590420007705688,1.1590420007705688,0
2026-03-16 06:41:00,1.158979058265686,1.158979058265686,1.158979058265686,1.158979058265686,0
2026-03-16 06:43:00,1.1590139865875244,1.1590139865875244,1.1590139865875244,1.1590139865875244,0
2026-03-16 06:45:00,1.1590420007705688,1.1590420007705688,1.1590420007705688,1.1590420007705688,0
2026-03-16 06:47:00,1.158979058265686,1.158979058265686,1.158979058265686,1.158979058265686,0
2026-03-16 06:49:00,1.1590460538864136,1.1590460538864136,1.1590460538864136,1.1590460538864136,0
2026-03-16 06:51:00,1.1591190099716189,1.1591190099716189,1.1591190099716189,1.1591190099716189,0
2026-03-16 06:53:00,1.1590969562530518,1.1590969562530518,1.1590969562530518,1.1590969562530518,0
2026-03-16 06:55:00,1.1591249704360962,1.1591249704360962,1.1591249704360962,1.1591249704360962,0
2026-03-16 06:57:00,1.15911602973938,1.15911602973938,1.15911602973938,1.15911602973938,0
2026-03-16 06:59:00,1.1591110229492188,1.1591110229492188,1.1591110229492188,1.1591110229492188,0
2026-03-16 07:01:00,1.1591240167617798,1.1591240167617798,1.1591240167617798,1.1591240167617798,0
2026-03-16 07:03:00,1.15905499458313,1.15905499458313,1.15905499458313,1.15905499458313,0
2026-03-16 07:05:00,1.158972978591919,1.158972978591919,1.158972978591919,1.158972978591919,0
2026-03-16 07:07:00,1.1589670181274414,1.1589670181274414,1.1589670181274414,1.1589670181274414,0
2026-03-16 07:09:00,1.1589549779891968,1.1589549779891968,1.1589549779891968,1.1589549779891968,0
2026-03-16 07:11:00,1.159021019935608,1.159021019935608,1.159021019935608,1.159021019935608,0
2026-03-16 07:13:00,1.1589200496673584,1.1589200496673584,1.1589200496673584,1.1589200496673584,0
2026-03-16 07:15:00,1.158838987350464,1.158838987350464,1.158838987350464,1.158838987350464,0
2026-03-16 07:17:00,1.158821940422058,1.158821940422058,1.158821940422058,1.158821940422058,0
2026-03-16 07:19:00,1.1589820384979248,1.1589820384979248,1.1589820384979248,1.1589820384979248,0
2026-03-16 07:21:00,1.1589829921722412,1.1589829921722412,1.1589829921722412,1.1589829921722412,0
2026-03-16 07:23:00,1.1589640378952026,1.1589640378952026,1.1589640378952026,1.1589640378952026,0
2026-03-16 07:25:00,1.1590219736099243,1.1590219736099243,1.1590219736099243,1.1590219736099243,0
2026-03-16 07:27:00,1.1590310335159302,1.1590310335159302,1.1590310335159302,1.1590310335159302,0
2026-03-16 07:29:00,1.158882975578308,1.158882975578308,1.158882975578308,1.158882975578308,0
2026-03-16 07:31:00,1.1587719917297363,1.1587719917297363,1.1587719917297363,1.1587719917297363,0
2026-03-16 07:33:00,1.1589590311050415,1.1589590311050415,1.1589590311050415,1.1589590311050415,0
2026-03-16 07:35:00,1.1588820219039917,1.1588820219039917,1.1588820219039917,1.1588820219039917,0
2026-03-16 07:37:00,1.1590189933776855,1.1590189933776855,1.1590189933776855,1.1590189933776855,0
2026-03-16 07:39:00,1.1593480110168457,1.1593480110168457,1.1593480110168457,1.1593480110168457,0
2026-03-16 07:41:00,1.159345030784607,1.159345030784607,1.159345030784607,1.159345030784607,0
2026-03-16 07:43:00,1.159345030784607,1.159345030784607,1.159345030784607,1.159345030784607,0
2026-03-16 07:45:00,1.159255027770996,1.159255027770996,1.159255027770996,1.159255027770996,0
2026-03-16 07:47:00,1.1588890552520752,1.1588890552520752,1.1588890552520752,1.1588890552520752,0
2026-03-16 07:49:00,1.1589770317077637,1.1589770317077637,1.1589770317077637,1.1589770317077637,0
2026-03-16 07:51:00,1.1588770151138306,1.1588770151138306,1.1588770151138306,1.1588770151138306,0
2026-03-16 07:53:00,1.1588820219039917,1.1588820219039917,1.1588820219039917,1.1588820219039917,0
2026-03-16 07:55:00,1.1589670181274414,1.1589670181274414,1.1589670181274414,1.1589670181274414,0
2026-03-16 07:57:00,1.159021019935608,1.159021019935608,1.159021019935608,1.159021019935608,0
2026-03-16 07:59:00,1.1591479778289795,1.1591479778289795,1.1591479778289795,1.1591479778289795,0
2026-03-16 08:01:00,1.1590410470962524,1.1590410470962524,1.1590410470962524,1.1590410470962524,0
2026-03-16 08:03:00,1.158787965774536,1.158787965774536,1.158787965774536,1.158787965774536,0
2026-03-16 08:05:00,1.1588679552078247,1.1588679552078247,1.1588679552078247,1.1588679552078247,0
2026-03-16 08:07:00,1.1588679552078247,1.1588679552078247,1.1588679552078247,1.1588679552078247,0
2026-03-16 08:09:00,1.1586699485778809,1.1586699485778809,1.1586699485778809,1.1586699485778809,0
2026-03-16 08:11:00,1.1586320400238037,1.1586320400238037,1.1586320400238037,1.1586320400238037,0
2026-03-16 08:13:00,1.1584270000457764,1.1584270000457764,1.1584270000457764,1.1584270000457764,0
2026-03-16 08:15:00,1.1582770347595217,1.1582770347595217,1.1582770347595217,1.1582770347595217,0
2026-03-16 08:17:00,1.1583939790725708,1.1583939790725708,1.1583939790725708,1.1583939790725708,0
2026-03-16 08:19:00,1.158450961112976,1.158450961112976,1.158450961112976,1.158450961112976,0
2026-03-16 08:21:00,1.1582180261611938,1.1582180261611938,1.1582180261611938,1.1582180261611938,0
2026-03-16 08:23:00,1.1581120491027832,1.1581120491027832,1.1581120491027832,1.1581120491027832,0
2026-03-16 08:25:00,1.157852053642273,1.157852053642273,1.157852053642273,1.157852053642273,0
2026-03-16 08:27:00,1.157904028892517,1.157904028892517,1.157904028892517,1.157904028892517,0
2026-03-16 08:29:00,1.158061981201172,1.158061981201172,1.158061981201172,1.158061981201172,0
2026-03-16 08:31:00,1.1581790447235107,1.1581790447235107,1.1581790447235107,1.1581790447235107,0
2026-03-16 08:33:00,1.1578880548477173,1.1578880548477173,1.1578880548477173,1.1578880548477173,0
2026-03-16 08:35:00,1.1579300165176392,1.1579300165176392,1.1579300165176392,1.1579300165176392,0
2026-03-16 08:37:00,1.1578240394592283,1.1578240394592283,1.1578240394592283,1.1578240394592283,0
2026-03-16 08:39:00,1.1579129695892334,1.1579129695892334,1.1579129695892334,1.1579129695892334,0
2026-03-16 08:41:00,1.1579420566558838,1.1579420566558838,1.1579420566558838,1.1579420566558838,0
2026-03-16 08:43:00,1.1577190160751345,1.1577190160751345,1.1577190160751345,1.1577190160751345,0
2026-03-16 08:45:00,1.157623052597046,1.157623052597046,1.157623052597046,1.157623052597046,0
2026-03-16 08:47:00,1.1576110124588013,1.1576110124588013,1.1576110124588013,1.1576110124588013,0
2026-03-16 08:49:00,1.1576249599456787,1.1576249599456787,1.1576249599456787,1.1576249599456787,0
2026-03-16 08:51:00,1.157845973968506,1.157845973968506,1.157845973968506,1.157845973968506,0
2026-03-16 08:53:00,1.1577630043029783,1.1577630043029783,1.1577630043029783,1.1577630043029783,0
2026-03-16 08:55:00,1.1577869653701782,1.1577869653701782,1.1577869653701782,1.1577869653701782,0
2026-03-16 08:57:00,1.1577370166778564,1.1577370166778564,1.1577370166778564,1.1577370166778564,0
2026-03-16 08:59:00,1.1579289436340332,1.1579289436340332,1.1579289436340332,1.1579289436340332,0
2026-03-16 09:01:00,1.1578099727630615,1.1578099727630615,1.1578099727630615,1.1578099727630615,0
2026-03-16 09:03:00,1.157770037651062,1.157770037651062,1.157770037651062,1.157770037651062,0
2026-03-16 09:05:00,1.1578160524368286,1.1578160524368286,1.1578160524368286,1.1578160524368286,0
2026-03-16 09:07:00,1.157719969749451,1.157719969749451,1.157719969749451,1.157719969749451,0
2026-03-16 09:09:00,1.15766704082489,1.15766704082489,1.15766704082489,1.15766704082489,0
2026-03-16 09:11:00,1.1576299667358398,1.1576299667358398,1.1576299667358398,1.1576299667358398,0
2026-03-16 09:13:00,1.1576639413833618,1.1576639413833618,1.1576639413833618,1.1576639413833618,0
2026-03-16 09:15:00,1.1575169563293457,1.1575169563293457,1.1575169563293457,1.1575169563293457,0
2026-03-16 09:17:00,1.1575700044631958,1.1575700044631958,1.1575700044631958,1.1575700044631958,0
2026-03-16 09:19:00,1.1575499773025513,1.1575499773025513,1.1575499773025513,1.1575499773025513,0
2026-03-16 09:21:00,1.1576019525527954,1.1576019525527954,1.1576019525527954,1.1576019525527954,0
2026-03-16 09:23:00,1.1575770378112793,1.1575770378112793,1.1575770378112793,1.1575770378112793,0
2026-03-16 09:25:00,1.157457947731018,1.157457947731018,1.157457947731018,1.157457947731018,0
2026-03-16 09:27:00,1.1574499607086182,1.1574499607086182,1.1574499607086182,1.1574499607086182,0
2026-03-16 09:29:00,1.157423973083496,1.157423973083496,1.157423973083496,1.157423973083496,0
2026-03-16 09:31:00,1.1572630405426023,1.1572630405426023,1.1572630405426023,1.1572630405426023,0
2026-03-16 09:33:00,1.157099962234497,1.157099962234497,1.157099962234497,1.157099962234497,0
2026-03-16 09:35:00,1.157075047492981,1.157075047492981,1.157075047492981,1.157075047492981,0
2026-03-16 09:37:00,1.157204031944275,1.157204031944275,1.157204031944275,1.157204031944275,0
2026-03-16 09:39:00,1.1573209762573242,1.1573209762573242,1.1573209762573242,1.1573209762573242,0
2026-03-16 09:41:00,1.1573879718780518,1.1573879718780518,1.1573879718780518,1.1573879718780518,0
2026-03-16 09:43:00,1.1573230028152466,1.1573230028152466,1.1573230028152466,1.1573230028152466,0
2026-03-16 09:45:00,1.1573790311813354,1.1573790311813354,1.1573790311813354,1.1573790311813354,0
2026-03-16 09:47:00,1.1575239896774292,1.1575239896774292,1.1575239896774292,1.1575239896774292,0
2026-03-16 09:49:00,1.157623052597046,1.157623052597046,1.157623052597046,1.157623052597046,0
2026-03-16 09:51:00,1.157433032989502,1.157433032989502,1.157433032989502,1.157433032989502,0
2026-03-16 09:53:00,1.1572619676589966,1.1572619676589966,1.1572619676589966,1.1572619676589966,0
2026-03-16 09:55:00,1.1572190523147583,1.1572190523147583,1.1572190523147583,1.1572190523147583,0
2026-03-16 09:57:00,1.1569570302963257,1.1569570302963257,1.1569570302963257,1.1569570302963257,0
2026-03-16 09:59:00,1.156955003738403,1.156955003738403,1.156955003738403,1.156955003738403,0
2026-03-16 10:01:00,1.1571459770202637,1.1571459770202637,1.1571459770202637,1.1571459770202637,0
2026-03-16 10:03:00,1.157235026359558,1.157235026359558,1.157235026359558,1.157235026359558,0
2026-03-16 10:05:00,1.1573200225830078,1.1573200225830078,1.1573200225830078,1.1573200225830078,0
2026-03-16 10:07:00,1.157323956489563,1.157323956489563,1.157323956489563,1.157323956489563,0
2026-03-16 10:09:00,1.157088041305542,1.157088041305542,1.157088041305542,1.157088041305542,0
2026-03-16 10:11:00,1.1570169925689695,1.1570169925689695,1.1570169925689695,1.1570169925689695,0
2026-03-16 10:13:00,1.156798005104065,1.156798005104065,1.156798005104065,1.156798005104065,0
2026-03-16 10:15:00,1.156730055809021,1.156730055809021,1.156730055809021,1.156730055809021,0
2026-03-16 10:17:00,1.156723976135254,1.156723976135254,1.156723976135254,1.156723976135254,0
2026-03-16 10:19:00,1.1566059589385986,1.1566059589385986,1.1566059589385986,1.1566059589385986,0
2026-03-16 10:21:00,1.1564830541610718,1.1564830541610718,1.1564830541610718,1.1564830541610718,0
2026-03-16 10:23:00,1.15630304813385,1.15630304813385,1.15630304813385,1.15630304813385,0
2026-03-16 10:25:00,1.1562819480895996,1.1562819480895996,1.1562819480895996,1.1562819480895996,0
2026-03-16 10:27:00,1.1561670303344729,1.1561670303344729,1.1561670303344729,1.1561670303344729,0
2026-03-16 10:29:00,1.1562639474868774,1.1562639474868774,1.1562639474868774,1.1562639474868774,0
2026-03-16 10:31:00,1.156559944152832,1.156559944152832,1.156559944152832,1.156559944152832,0
2026-03-16 10:33:00,1.1565569639205933,1.1565569639205933,1.1565569639205933,1.1565569639205933,0
2026-03-16 10:35:00,1.1567189693450928,1.1567189693450928,1.1567189693450928,1.1567189693450928,0
2026-03-16 10:37:00,1.1565680503845217,1.1565680503845217,1.1565680503845217,1.1565680503845217,0
2026-03-16 10:39:00,1.1566319465637207,1.1566319465637207,1.1566319465637207,1.1566319465637207,0
2026-03-16 10:41:00,1.1566720008850098,1.1566720008850098,1.1566720008850098,1.1566720008850098,0
2026-03-16 10:43:00,1.15664803981781,1.15664803981781,1.15664803981781,1.15664803981781,0
2026-03-16 10:45:00,1.156682014465332,1.156682014465332,1.156682014465332,1.156682014465332,0
2026-03-16 10:47:00,1.1566410064697266,1.1566410064697266,1.1566410064697266,1.1566410064697266,0
2026-03-16 10:49:00,1.1566590070724487,1.1566590070724487,1.1566590070724487,1.1566590070724487,0
2026-03-16 10:51:00,1.156690001487732,1.156690001487732,1.156690001487732,1.156690001487732,0
2026-03-16 10:53:00,1.1567150354385376,1.1567150354385376,1.1567150354385376,1.1567150354385376,0
2026-03-16 10:55:00,1.1566410064697266,1.1566410064697266,1.1566410064697266,1.1566410064697266,0
2026-03-16 10:57:00,1.1566410064697266,1.1566410064697266,1.1566410064697266,1.1566410064697266,0
2026-03-16 10:59:00,1.1566050052642822,1.1566050052642822,1.1566050052642822,1.1566050052642822,0
2026-03-16 11:01:00,1.156607985496521,1.156607985496521,1.156607985496521,1.156607985496521,0
2026-03-16 11:03:00,1.1565959453582764,1.1565959453582764,1.1565959453582764,1.1565959453582764,0
2026-03-16 11:05:00,1.156641960144043,1.156641960144043,1.156641960144043,1.156641960144043,0
2026-03-16 11:07:00,1.1566460132598877,1.1566460132598877,1.1566460132598877,1.1566460132598877,0
2026-03-16 11:09:00,1.1564819812774658,1.1564819812774658,1.1564819812774658,1.1564819812774658,0
2026-03-16 11:11:00,1.1564500331878662,1.1564500331878662,1.1564500331878662,1.1564500331878662,0
2026-03-16 11:13:00,1.156438946723938,1.156438946723938,1.156438946723938,1.156438946723938,0
2026-03-16 11:15:00,1.156458020210266,1.156458020210266,1.156458020210266,1.156458020210266,0
2026-03-16 11:17:00,1.1565150022506714,1.1565150022506714,1.1565150022506714,1.1565150022506714,0
2026-03-16 11:19:00,1.1564990282058716,1.1564990282058716,1.1564990282058716,1.1564990282058716,0
2026-03-16 11:21:00,1.1564420461654663,1.1564420461654663,1.1564420461654663,1.1564420461654663,0
2026-03-16 11:23:00,1.156322956085205,1.156322956085205,1.156322956085205,1.156322956085205,0
2026-03-16 11:25:00,1.1564489603042605,1.1564489603042605,1.1564489603042605,1.1564489603042605,0
2026-03-16 11:27:00,1.1564379930496216,1.1564379930496216,1.1564379930496216,1.1564379930496216,0
2026-03-16 11:29:00,1.156337022781372,1.156337022781372,1.156337022781372,1.156337022781372,0
2026-03-16 11:31:00,1.1564589738845823,1.1564589738845823,1.1564589738845823,1.1564589738845823,0
2026-03-16 11:33:00,1.1563639640808103,1.1563639640808103,1.1563639640808103,1.1563639640808103,0
2026-03-16 11:35:00,1.1565300226211548,1.1565300226211548,1.1565300226211548,1.1565300226211548,0
2026-03-16 11:37:00,1.156569004058838,1.156569004058838,1.156569004058838,1.156569004058838,0
2026-03-16 11:39:00,1.1565170288085938,1.1565170288085938,1.1565170288085938,1.1565170288085938,0
2026-03-16 11:41:00,1.1564710140228271,1.1564710140228271,1.1564710140228271,1.1564710140228271,0
2026-03-16 11:43:00,1.156574010848999,1.156574010848999,1.156574010848999,1.156574010848999,0
2026-03-16 11:45:00,1.15658700466156,1.15658700466156,1.15658700466156,1.15658700466156,0
2026-03-16 11:47:00,1.1564379930496216,1.1564379930496216,1.1564379930496216,1.1564379930496216,0
2026-03-16 11:49:00,1.1562989950180054,1.1562989950180054,1.1562989950180054,1.1562989950180054,0
2026-03-16 11:51:00,1.156551957130432,1.156551957130432,1.156551957130432,1.156551957130432,0
2026-03-16 11:53:00,1.1565979719161987,1.1565979719161987,1.1565979719161987,1.1565979719161987,0
2026-03-16 11:55:00,1.15660297870636,1.15660297870636,1.15660297870636,1.15660297870636,0
2026-03-16 11:57:00,1.156766057014465,1.156766057014465,1.156766057014465,1.156766057014465,0
2026-03-16 11:59:00,1.1568360328674316,1.1568360328674316,1.1568360328674316,1.1568360328674316,0
2026-03-16 12:01:00,1.1567920446395874,1.1567920446395874,1.1567920446395874,1.1567920446395874,0
2026-03-16 12:03:00,1.1568989753723145,1.1568989753723145,1.1568989753723145,1.1568989753723145,0
2026-03-16 12:05:00,1.157112956047058,1.157112956047058,1.157112956047058,1.157112956047058,0
2026-03-16 12:07:00,1.1571170091629028,1.1571170091629028,1.1571170091629028,1.1571170091629028,0
2026-03-16 12:09:00,1.1570240259170532,1.1570240259170532,1.1570240259170532,1.1570240259170532,0
2026-03-16 12:11:00,1.1571099758148191,1.1571099758148191,1.1571099758148191,1.1571099758148191,0
2026-03-16 12:13:00,1.1570509672164917,1.1570509672164917,1.1570509672164917,1.1570509672164917,0
2026-03-16 12:15:00,1.1569360494613647,1.1569360494613647,1.1569360494613647,1.1569360494613647,0
2026-03-16 12:17:00,1.1570219993591309,1.1570219993591309,1.1570219993591309,1.1570219993591309,0
2026-03-16 12:19:00,1.156919002532959,1.156919002532959,1.156919002532959,1.156919002532959,0
2026-03-16 12:21:00,1.1569509506225586,1.1569509506225586,1.1569509506225586,1.1569509506225586,0
2026-03-16 12:23:00,1.1568620204925537,1.1568620204925537,1.1568620204925537,1.1568620204925537,0
2026-03-16 12:25:00,1.1568599939346311,1.1568599939346311,1.1568599939346311,1.1568599939346311,0
2026-03-16 12:27:00,1.1568690538406372,1.1568690538406372,1.1568690538406372,1.1568690538406372,0
2026-03-16 12:29:00,1.1569689512252808,1.1569689512252808,1.1569689512252808,1.1569689512252808,0
2026-03-16 12:31:00,1.1567070484161377,1.1567070484161377,1.1567070484161377,1.1567070484161377,0
2026-03-16 12:33:00,1.156893014907837,1.156893014907837,1.156893014907837,1.156893014907837,0
2026-03-16 12:35:00,1.1570589542388916,1.1570589542388916,1.1570589542388916,1.1570589542388916,0
2026-03-16 12:37:00,1.157039999961853,1.157039999961853,1.157039999961853,1.157039999961853,0
2026-03-16 12:39:00,1.157142996788025,1.157142996788025,1.157142996788025,1.157142996788025,0
2026-03-16 12:41:00,1.1570860147476196,1.1570860147476196,1.1570860147476196,1.1570860147476196,0
2026-03-16 12:43:00,1.1572649478912354,1.1572649478912354,1.1572649478912354,1.1572649478912354,0
2026-03-16 12:45:00,1.1573879718780518,1.1573879718780518,1.1573879718780518,1.1573879718780518,0
2026-03-16 12:47:00,1.157457947731018,1.157457947731018,1.157457947731018,1.157457947731018,0
2026-03-16 12:49:00,1.1573200225830078,1.1573200225830078,1.1573200225830078,1.1573200225830078,0
2026-03-16 12:51:00,1.1571500301361084,1.1571500301361084,1.1571500301361084,1.1571500301361084,0
2026-03-16 12:53:00,1.1571890115737915,1.1571890115737915,1.1571890115737915,1.1571890115737915,0
2026-03-16 12:55:00,1.1571019887924194,1.1571019887924194,1.1571019887924194,1.1571019887924194,0
2026-03-16 12:57:00,1.1572500467300415,1.1572500467300415,1.1572500467300415,1.1572500467300415,0
2026-03-16 12:59:00,1.15728497505188,1.15728497505188,1.15728497505188,1.15728497505188,0
2026-03-16 13:01:00,1.1571340560913086,1.1571340560913086,1.1571340560913086,1.1571340560913086,0
2026-03-16 13:03:00,1.1571420431137085,1.1571420431137085,1.1571420431137085,1.1571420431137085,0
2026-03-16 13:05:00,1.1571530103683472,1.1571530103683472,1.1571530103683472,1.1571530103683472,0
2026-03-16 13:07:00,1.157173991203308,1.157173991203308,1.157173991203308,1.157173991203308,0
2026-03-16 13:09:00,1.1572699546813965,1.1572699546813965,1.1572699546813965,1.1572699546813965,0
2026-03-16 13:11:00,1.1572109460830688,1.1572109460830688,1.1572109460830688,1.1572109460830688,0
2026-03-16 13:13:00,1.1572120189666748,1.1572120189666748,1.1572120189666748,1.1572120189666748,0
2026-03-16 13:15:00,1.1573079824447632,1.1573079824447632,1.1573079824447632,1.1573079824447632,0
2026-03-16 13:17:00,1.157181978225708,1.157181978225708,1.157181978225708,1.157181978225708,0
2026-03-16 13:19:00,1.1573400497436523,1.1573400497436523,1.1573400497436523,1.1573400497436523,0
2026-03-16 13:21:00,1.1573309898376465,1.1573309898376465,1.1573309898376465,1.1573309898376465,0
2026-03-16 13:23:00,1.1572550535202026,1.1572550535202026,1.1572550535202026,1.1572550535202026,0
2026-03-16 13:25:00,1.157194972038269,1.157194972038269,1.157194972038269,1.157194972038269,0
2026-03-16 13:27:00,1.1571650505065918,1.1571650505065918,1.1571650505065918,1.1571650505065918,0
2026-03-16 13:29:00,1.1572699546813965,1.1572699546813965,1.1572699546813965,1.1572699546813965,0
2026-03-16 13:31:00,1.157457947731018,1.157457947731018,1.157457947731018,1.157457947731018,0
2026-03-16 13:33:00,1.1571489572525024,1.1571489572525024,1.1571489572525024,1.1571489572525024,0
2026-03-16 13:35:00,1.1573779582977295,1.1573779582977295,1.1573779582977295,1.1573779582977295,0
2026-03-16 13:37:00,1.1572309732437134,1.1572309732437134,1.1572309732437134,1.1572309732437134,0
2026-03-16 13:39:00,1.1571940183639526,1.1571940183639526,1.1571940183639526,1.1571940183639526,0
2026-03-16 13:41:00,1.157451033592224,1.157451033592224,1.157451033592224,1.157451033592224,0
2026-03-16 13:43:00,1.1576299667358398,1.1576299667358398,1.1576299667358398,1.1576299667358398,0
2026-03-16 13:45:00,1.1576600074768066,1.1576600074768066,1.1576600074768066,1.1576600074768066,0
2026-03-16 13:47:00,1.1576030254364014,1.1576030254364014,1.1576030254364014,1.1576030254364014,0
2026-03-16 13:49:00,1.1575469970703125,1.1575469970703125,1.1575469970703125,1.1575469970703125,0
2026-03-16 13:51:00,1.157302975654602,1.157302975654602,1.157302975654602,1.157302975654602,0
2026-03-16 13:53:00,1.157312035560608,1.157312035560608,1.157312035560608,1.157312035560608,0
2026-03-16 13:55:00,1.1573619842529297,1.1573619842529297,1.1573619842529297,1.1573619842529297,0
2026-03-16 13:57:00,1.1572799682617188,1.1572799682617188,1.1572799682617188,1.1572799682617188,0
2026-03-16 13:59:00,1.1571919918060305,1.1571919918060305,1.1571919918060305,1.1571919918060305,0
2026-03-16 14:01:00,1.1573220491409302,1.1573220491409302,1.1573220491409302,1.1573220491409302,0
2026-03-16 14:03:00,1.1574009656906128,1.1574009656906128,1.1574009656906128,1.1574009656906128,0
2026-03-16 14:05:00,1.1573970317840576,1.1573970317840576,1.1573970317840576,1.1573970317840576,0
2026-03-16 14:07:00,1.15733802318573,1.15733802318573,1.15733802318573,1.15733802318573,0
2026-03-16 14:09:00,1.1573530435562134,1.1573530435562134,1.1573530435562134,1.1573530435562134,0
2026-03-16 14:11:00,1.1573179960250854,1.1573179960250854,1.1573179960250854,1.1573179960250854,0
2026-03-16 14:13:00,1.157073974609375,1.157073974609375,1.157073974609375,1.157073974609375,0
2026-03-16 14:15:00,1.1571999788284302,1.1571999788284302,1.1571999788284302,1.1571999788284302,0
2026-03-16 14:17:00,1.1574499607086182,1.1574499607086182,1.1574499607086182,1.1574499607086182,0
2026-03-16 14:19:00,1.1574499607086182,1.1574499607086182,1.1574499607086182,1.1574499607086182,0
2026-03-16 14:21:00,1.1576639413833618,1.1576639413833618,1.1576639413833618,1.1576639413833618,0
2026-03-16 14:23:00,1.157485008239746,1.157485008239746,1.157485008239746,1.157485008239746,0
2026-03-16 14:25:00,1.157444953918457,1.157444953918457,1.157444953918457,1.157444953918457,0
2026-03-16 14:27:00,1.1575030088424685,1.1575030088424685,1.1575030088424685,1.1575030088424685,0
2026-03-16 14:29:00,1.1573909521102903,1.1573909521102903,1.1573909521102903,1.1573909521102903,0
2026-03-16 14:31:00,1.1575740575790403,1.1575740575790403,1.1575740575790403,1.1575740575790403,0
2026-03-16 14:33:00,1.1575089693069458,1.1575089693069458,1.1575089693069458,1.1575089693069458,0
2026-03-16 14:35:00,1.1574499607086182,1.1574499607086182,1.1574499607086182,1.1574499607086182,0
2026-03-16 14:37:00,1.1577160358428955,1.1577160358428955,1.1577160358428955,1.1577160358428955,0
2026-03-16 14:39:00,1.1577060222625732,1.1577060222625732,1.1577060222625732,1.1577060222625732,0
2026-03-16 14:41:00,1.157732009887695,1.157732009887695,1.157732009887695,1.157732009887695,0
2026-03-16 14:43:00,1.1576889753341677,1.1576889753341677,1.1576889753341677,1.1576889753341677,0
2026-03-16 14:45:00,1.1576850414276123,1.1576850414276123,1.1576850414276123,1.1576850414276123,0
2026-03-16 14:47:00,1.1578220129013062,1.1578220129013062,1.1578220129013062,1.1578220129013062,0
2026-03-16 14:49:00,1.157750964164734,1.157750964164734,1.157750964164734,1.157750964164734,0
2026-03-16 14:51:00,1.1575130224227903,1.1575130224227903,1.1575130224227903,1.1575130224227903,0
2026-03-16 14:53:00,1.157623052597046,1.157623052597046,1.157623052597046,1.157623052597046,0
2026-03-16 14:55:00,1.157441020011902,1.157441020011902,1.157441020011902,1.157441020011902,0
2026-03-16 14:57:00,1.157472014427185,1.157472014427185,1.157472014427185,1.157472014427185,0
2026-03-16 14:59:00,1.1574980020523071,1.1574980020523071,1.1574980020523071,1.1574980020523071,0
2026-03-16 15:01:00,1.1574350595474243,1.1574350595474243,1.1574350595474243,1.1574350595474243,0
2026-03-16 15:03:00,1.1573389768600464,1.1573389768600464,1.1573389768600464,1.1573389768600464,0
2026-03-16 15:05:00,1.1572480201721191,1.1572480201721191,1.1572480201721191,1.1572480201721191,0
2026-03-16 15:07:00,1.1574469804763794,1.1574469804763794,1.1574469804763794,1.1574469804763794,0
2026-03-16 15:09:00,1.157520055770874,1.157520055770874,1.157520055770874,1.157520055770874,0
2026-03-16 15:11:00,1.1574469804763794,1.1574469804763794,1.1574469804763794,1.1574469804763794,0
2026-03-16 15:13:00,1.157317042350769,1.157317042350769,1.157317042350769,1.157317042350769,0
2026-03-16 15:15:00,1.157459020614624,1.157459020614624,1.157459020614624,1.157459020614624,0
2026-03-16 15:17:00,1.1574939489364624,1.1574939489364624,1.1574939489364624,1.1574939489364624,0
2026-03-16 15:19:00,1.1575429439544678,1.1575429439544678,1.1575429439544678,1.1575429439544678,0
2026-03-16 15:21:00,1.1575629711151123,1.1575629711151123,1.1575629711151123,1.1575629711151123,0
2026-03-16 15:23:00,1.1576429605484009,1.1576429605484009,1.1576429605484009,1.1576429605484009,0
2026-03-16 15:25:00,1.1576050519943235,1.1576050519943235,1.1576050519943235,1.1576050519943235,0
2026-03-16 15:27:00,1.157626032829285,1.157626032829285,1.157626032829285,1.157626032829285,0
2026-03-16 15:29:00,1.157641053199768,1.157641053199768,1.157641053199768,1.157641053199768,0
2026-03-16 15:31:00,1.1577290296554563,1.1577290296554563,1.1577290296554563,1.1577290296554563,0
2026-03-16 15:33:00,1.1578179597854614,1.1578179597854614,1.1578179597854614,1.1578179597854614,0
2026-03-16 15:35:00,1.157829999923706,1.157829999923706,1.157829999923706,1.157829999923706,0
2026-03-16 15:37:00,1.1578409671783447,1.1578409671783447,1.1578409671783447,1.1578409671783447,0
2026-03-16 15:39:00,1.1579300165176392,1.1579300165176392,1.1579300165176392,1.1579300165176392,0
2026-03-16 15:41:00,1.1579550504684448,1.1579550504684448,1.1579550504684448,1.1579550504684448,0
2026-03-16 15:43:00,1.1578630208969116,1.1578630208969116,1.1578630208969116,1.1578630208969116,0
2026-03-16 15:45:00,1.1578960418701172,1.1578960418701172,1.1578960418701172,1.1578960418701172,0
2026-03-16 15:47:00,1.1580630540847778,1.1580630540847778,1.1580630540847778,1.1580630540847778,0
2026-03-16 15:49:00,1.1581799983978271,1.1581799983978271,1.1581799983978271,1.1581799983978271,0
2026-03-16 15:51:00,1.1580790281295776,1.1580790281295776,1.1580790281295776,1.1580790281295776,0
2026-03-16 15:53:00,1.1581100225448608,1.1581100225448608,1.1581100225448608,1.1581100225448608,0
2026-03-16 15:55:00,1.1580239534378052,1.1580239534378052,1.1580239534378052,1.1580239534378052,0
2026-03-16 15:57:00,1.158010959625244,1.158010959625244,1.158010959625244,1.158010959625244,0
2026-03-16 15:59:00,1.1580679416656494,1.1580679416656494,1.1580679416656494,1.1580679416656494,0
2026-03-16 16:01:00,1.1580259799957275,1.1580259799957275,1.1580259799957275,1.1580259799957275,0
2026-03-16 16:03:00,1.1580890417099,1.1580890417099,1.1580890417099,1.1580890417099,0
2026-03-16 16:05:00,1.1580229997634888,1.1580229997634888,1.1580229997634888,1.1580229997634888,0
2026-03-16 16:07:00,1.1577919721603394,1.1577919721603394,1.1577919721603394,1.1577919721603394,0
2026-03-16 16:09:00,1.1578210592269895,1.1578210592269895,1.1578210592269895,1.1578210592269895,0
2026-03-16 16:11:00,1.1577750444412231,1.1577750444412231,1.1577750444412231,1.1577750444412231,0
2026-03-16 16:13:00,1.157794952392578,1.157794952392578,1.157794952392578,1.157794952392578,0
2026-03-16 16:15:00,1.1578760147094729,1.1578760147094729,1.1578760147094729,1.1578760147094729,0
2026-03-16 16:17:00,1.1577759981155396,1.1577759981155396,1.1577759981155396,1.1577759981155396,0
2026-03-16 16:19:00,1.157716989517212,1.157716989517212,1.157716989517212,1.157716989517212,0
2026-03-16 16:21:00,1.1577520370483398,1.1577520370483398,1.1577520370483398,1.1577520370483398,0
2026-03-16 16:23:00,1.1578630208969116,1.1578630208969116,1.1578630208969116,1.1578630208969116,0
2026-03-16 16:25:00,1.1579270362854004,1.1579270362854004,1.1579270362854004,1.1579270362854004,0
2026-03-16 16:27:00,1.1578149795532229,1.1578149795532229,1.1578149795532229,1.1578149795532229,0
2026-03-16 16:29:00,1.1578290462493896,1.1578290462493896,1.1578290462493896,1.1578290462493896,0
2026-03-16 16:31:00,1.1578019857406616,1.1578019857406616,1.1578019857406616,1.1578019857406616,0
2026-03-16 16:33:00,1.1578099727630615,1.1578099727630615,1.1578099727630615,1.1578099727630615,0
2026-03-16 16:35:00,1.157696008682251,1.157696008682251,1.157696008682251,1.157696008682251,0
2026-03-16 16:37:00,1.1575690507888794,1.1575690507888794,1.1575690507888794,1.1575690507888794,0
2026-03-16 16:39:00,1.1575779914855957,1.1575779914855957,1.1575779914855957,1.1575779914855957,0
2026-03-16 16:41:00,1.1574809551239014,1.1574809551239014,1.1574809551239014,1.1574809551239014,0
2026-03-16 16:43:00,1.1574560403823853,1.1574560403823853,1.1574560403823853,1.1574560403823853,0
2026-03-16 16:45:00,1.1572819948196411,1.1572819948196411,1.1572819948196411,1.1572819948196411,0
2026-03-16 16:47:00,1.1572879552841189,1.1572879552841189,1.1572879552841189,1.1572879552841189,0
2026-03-16 16:49:00,1.1571439504623413,1.1571439504623413,1.1571439504623413,1.1571439504623413,0
2026-03-16 16:51:00,1.1572829484939575,1.1572829484939575,1.1572829484939575,1.1572829484939575,0
2026-03-16 16:53:00,1.157241940498352,1.157241940498352,1.157241940498352,1.157241940498352,0
2026-03-16 16:55:00,1.15740704536438,1.15740704536438,1.15740704536438,1.15740704536438,0
2026-03-16 16:57:00,1.157315969467163,1.157315969467163,1.157315969467163,1.157315969467163,0
2026-03-16 16:59:00,1.1574749946594238,1.1574749946594238,1.1574749946594238,1.1574749946594238,0
2026-03-16 17:01:00,1.1574729681015017,1.1574729681015017,1.1574729681015017,1.1574729681015017,0
2026-03-16 17:03:00,1.1575629711151123,1.1575629711151123,1.1575629711151123,1.1575629711151123,0
2026-03-16 17:05:00,1.157639980316162,1.157639980316162,1.157639980316162,1.157639980316162,0
2026-03-16 17:07:00,1.1575889587402344,1.1575889587402344,1.1575889587402344,1.1575889587402344,0
2026-03-16 17:09:00,1.1576319932937622,1.1576319932937622,1.1576319932937622,1.1576319932937622,0
2026-03-16 17:11:00,1.1577060222625732,1.1577060222625732,1.1577060222625732,1.1577060222625732,0
2026-03-16 17:13:00,1.1575939655303955,1.1575939655303955,1.1575939655303955,1.1575939655303955,0
2026-03-16 17:15:00,1.1576100587844849,1.1576100587844849,1.1576100587844849,1.1576100587844849,0
2026-03-16 17:17:00,1.1577240228652954,1.1577240228652954,1.1577240228652954,1.1577240228652954,0
2026-03-16 17:19:00,1.157701015472412,1.157701015472412,1.157701015472412,1.157701015472412,0
2026-03-16 17:21:00,1.1576429605484009,1.1576429605484009,1.1576429605484009,1.1576429605484009,0
2026-03-16 17:23:00,1.1576379537582395,1.1576379537582395,1.1576379537582395,1.1576379537582395,0
2026-03-16 17:25:00,1.1576080322265625,1.1576080322265625,1.1576080322265625,1.1576080322265625,0
2026-03-16 17:27:00,1.1574629545211792,1.1574629545211792,1.1574629545211792,1.1574629545211792,0
2026-03-16 17:29:00,1.157410979270935,1.157410979270935,1.157410979270935,1.157410979270935,0
2026-03-16 17:31:00,1.1576169729232788,1.1576169729232788,1.1576169729232788,1.1576169729232788,0
2026-03-16 17:33:00,1.157480001449585,1.157480001449585,1.157480001449585,1.157480001449585,0
2026-03-16 17:35:00,1.1573820114135742,1.1573820114135742,1.1573820114135742,1.1573820114135742,0
2026-03-16 17:37:00,1.1573619842529297,1.1573619842529297,1.1573619842529297,1.1573619842529297,0
2026-03-16 17:39:00,1.1574389934539795,1.1574389934539795,1.1574389934539795,1.1574389934539795,0
2026-03-16 17:41:00,1.157539963722229,1.157539963722229,1.157539963722229,1.157539963722229,0
2026-03-16 17:43:00,1.157505989074707,1.157505989074707,1.157505989074707,1.157505989074707,0
2026-03-16 17:45:00,1.1576080322265625,1.1576080322265625,1.1576080322265625,1.1576080322265625,0
2026-03-16 17:47:00,1.157526969909668,1.157526969909668,1.157526969909668,1.157526969909668,0
2026-03-16 17:49:00,1.1574889421463013,1.1574889421463013,1.1574889421463013,1.1574889421463013,0
2026-03-16 17:51:00,1.1575770378112793,1.1575770378112793,1.1575770378112793,1.1575770378112793,0
2026-03-16 17:53:00,1.1575299501419067,1.1575299501419067,1.1575299501419067,1.1575299501419067,0
2026-03-16 17:55:00,1.1575169563293457,1.1575169563293457,1.1575169563293457,1.1575169563293457,0
2026-03-16 17:57:00,1.1574939489364624,1.1574939489364624,1.1574939489364624,1.1574939489364624,0
2026-03-16 17:59:00,1.1574519872665403,1.1574519872665403,1.1574519872665403,1.1574519872665403,0
2026-03-16 18:01:00,1.1574980020523071,1.1574980020523071,1.1574980020523071,1.1574980020523071,0
2026-03-16 18:03:00,1.157502055168152,1.157502055168152,1.157502055168152,1.157502055168152,0
2026-03-16 18:05:00,1.157417058944702,1.157417058944702,1.157417058944702,1.157417058944702,0
2026-03-16 18:07:00,1.1575100421905518,1.1575100421905518,1.1575100421905518,1.1575100421905518,0
2026-03-16 18:09:00,1.157567024230957,1.157567024230957,1.157567024230957,1.157567024230957,0
2026-03-16 18:11:00,1.157503962516785,1.157503962516785,1.157503962516785,1.157503962516785,0
2026-03-16 18:13:00,1.157526969909668,1.157526969909668,1.157526969909668,1.157526969909668,0
2026-03-16 18:15:00,1.1575900316238403,1.1575900316238403,1.1575900316238403,1.1575900316238403,0
2026-03-16 18:17:00,1.1575590372085571,1.1575590372085571,1.1575590372085571,1.1575590372085571,0
2026-03-16 18:19:00,1.15755295753479,1.15755295753479,1.15755295753479,1.15755295753479,0
2026-03-16 18:21:00,1.157457947731018,1.157457947731018,1.157457947731018,1.157457947731018,0
2026-03-16 18:23:00,1.1574759483337402,1.1574759483337402,1.1574759483337402,1.1574759483337402,0
2026-03-16 18:25:00,1.1571600437164309,1.1571600437164309,1.1571600437164309,1.1571600437164309,0
2026-03-16 18:27:00,1.157222032546997,1.157222032546997,1.157222032546997,1.157222032546997,0
2026-03-16 18:29:00,1.1572810411453247,1.1572810411453247,1.1572810411453247,1.1572810411453247,0
2026-03-16 18:31:00,1.1573840379714966,1.1573840379714966,1.1573840379714966,1.1573840379714966,0
2026-03-16 18:33:00,1.1571869850158691,1.1571869850158691,1.1571869850158691,1.1571869850158691,0
2026-03-16 18:35:00,1.1572519540786743,1.1572519540786743,1.1572519540786743,1.1572519540786743,0
2026-03-16 18:37:00,1.1572710275650024,1.1572710275650024,1.1572710275650024,1.1572710275650024,0
2026-03-16 18:39:00,1.1573359966278076,1.1573359966278076,1.1573359966278076,1.1573359966278076,0
2026-03-16 18:41:00,1.1572099924087524,1.1572099924087524,1.1572099924087524,1.1572099924087524,0
2026-03-16 18:43:00,1.1573389768600464,1.1573389768600464,1.1573389768600464,1.1573389768600464,0
2026-03-16 18:45:00,1.1573489904403689,1.1573489904403689,1.1573489904403689,1.1573489904403689,0
2026-03-16 18:47:00,1.157482028007507,1.157482028007507,1.157482028007507,1.157482028007507,0
2026-03-16 18:49:00,1.157420039176941,1.157420039176941,1.157420039176941,1.157420039176941,0
2026-03-16 18:51:00,1.1573569774627686,1.1573569774627686,1.1573569774627686,1.1573569774627686,0
2026-03-16 18:53:00,1.1573870182037354,1.1573870182037354,1.1573870182037354,1.1573870182037354,0
2026-03-16 18:55:00,1.1574269533157349,1.1574269533157349,1.1574269533157349,1.1574269533157349,0
2026-03-16 18:57:00,1.1574369668960571,1.1574369668960571,1.1574369668960571,1.1574369668960571,0
2026-03-16 18:59:00,1.1574809551239014,1.1574809551239014,1.1574809551239014,1.1574809551239014,0
2026-03-16 19:01:00,1.1575089693069458,1.1575089693069458,1.1575089693069458,1.1575089693069458,0
2026-03-16 19:03:00,1.157518982887268,1.157518982887268,1.157518982887268,1.157518982887268,0
2026-03-16 19:05:00,1.157539963722229,1.157539963722229,1.157539963722229,1.157539963722229,0
2026-03-16 19:07:00,1.1575230360031128,1.1575230360031128,1.1575230360031128,1.1575230360031128,0
2026-03-16 19:09:00,1.1574259996414185,1.1574259996414185,1.1574259996414185,1.1574259996414185,0
2026-03-16 19:11:00,1.1575219631195068,1.1575219631195068,1.1575219631195068,1.1575219631195068,0
2026-03-16 19:13:00,1.157457947731018,1.157457947731018,1.157457947731018,1.157457947731018,0
2026-03-16 19:15:00,1.1574139595031738,1.1574139595031738,1.1574139595031738,1.1574139595031738,0
2026-03-16 19:17:00,1.1574779748916626,1.1574779748916626,1.1574779748916626,1.1574779748916626,0
2026-03-16 19:19:00,1.157600998878479,1.157600998878479,1.157600998878479,1.157600998878479,0
2026-03-16 19:21:00,1.1575230360031128,1.1575230360031128,1.1575230360031128,1.1575230360031128,0
2026-03-16 19:23:00,1.1575889587402344,1.1575889587402344,1.1575889587402344,1.1575889587402344,0
2026-03-16 19:25:00,1.157595992088318,1.157595992088318,1.157595992088318,1.157595992088318,0
2026-03-16 19:27:00,1.1575700044631958,1.1575700044631958,1.1575700044631958,1.1575700044631958,0
2026-03-16 19:29:00,1.1574660539627075,1.1574660539627075,1.1574660539627075,1.1574660539627075,0
2026-03-16 19:31:00,1.1575130224227903,1.1575130224227903,1.1575130224227903,1.1575130224227903,0
2026-03-16 19:33:00,1.1575549840927124,1.1575549840927124,1.1575549840927124,1.1575549840927124,0
2026-03-16 19:35:00,1.1576119661331177,1.1576119661331177,1.1576119661331177,1.1576119661331177,0
2026-03-16 19:37:00,1.1576340198516846,1.1576340198516846,1.1576340198516846,1.1576340198516846,0
2026-03-16 19:39:00,1.1576459407806396,1.1576459407806396,1.1576459407806396,1.1576459407806396,0
2026-03-16 19:41:00,1.1576440334320068,1.1576440334320068,1.1576440334320068,1.1576440334320068,0
2026-03-16 19:43:00,1.1576379537582395,1.1576379537582395,1.1576379537582395,1.1576379537582395,0
2026-03-16 19:45:00,1.1578240394592283,1.1578240394592283,1.1578240394592283,1.1578240394592283,0
2026-03-16 19:47:00,1.157863974571228,1.157863974571228,1.157863974571228,1.157863974571228,0
2026-03-16 19:49:00,1.157948017120361,1.157948017120361,1.157948017120361,1.157948017120361,0
2026-03-16 19:51:00,1.1579649448394775,1.1579649448394775,1.1579649448394775,1.1579649448394775,0
2026-03-16 19:53:00,1.1579669713974,1.1579669713974,1.1579669713974,1.1579669713974,0
2026-03-16 19:55:00,1.1580259799957275,1.1580259799957275,1.1580259799957275,1.1580259799957275,0
2026-03-16 19:57:00,1.1580159664154053,1.1580159664154053,1.1580159664154053,1.1580159664154053,0
2026-03-16 19:59:00,1.1580229997634888,1.1580229997634888,1.1580229997634888,1.1580229997634888,0
2026-03-16 20:01:00,1.1578739881515503,1.1578739881515503,1.1578739881515503,1.1578739881515503,0
2026-03-16 20:03:00,1.1579630374908447,1.1579630374908447,1.1579630374908447,1.1579630374908447,0
2026-03-16 20:05:00,1.1579129695892334,1.1579129695892334,1.1579129695892334,1.1579129695892334,0
2026-03-16 20:07:00,1.1579259634017944,1.1579259634017944,1.1579259634017944,1.1579259634017944,0
2026-03-16 20:09:00,1.1577869653701782,1.1577869653701782,1.1577869653701782,1.1577869653701782,0
2026-03-16 20:11:00,1.1576950550079346,1.1576950550079346,1.1576950550079346,1.1576950550079346,0
2026-03-16 20:13:00,1.1576980352401731,1.1576980352401731,1.1576980352401731,1.1576980352401731,0
2026-03-16 20:15:00,1.157696008682251,1.157696008682251,1.157696008682251,1.157696008682251,0
2026-03-16 20:17:00,1.157731056213379,1.157731056213379,1.157731056213379,1.157731056213379,0
2026-03-16 20:19:00,1.1577980518341064,1.1577980518341064,1.1577980518341064,1.1577980518341064,0
2026-03-16 20:21:00,1.1579190492630005,1.1579190492630005,1.1579190492630005,1.1579190492630005,0
2026-03-16 20:23:00,1.157842040061951,1.157842040061951,1.157842040061951,1.157842040061951,0
2026-03-16 20:25:00,1.1578409671783447,1.1578409671783447,1.1578409671783447,1.1578409671783447,0
2026-03-16 20:27:00,1.1578960418701172,1.1578960418701172,1.1578960418701172,1.1578960418701172,0
2026-03-16 20:29:00,1.1579630374908447,1.1579630374908447,1.1579630374908447,1.1579630374908447,0
2026-03-16 20:31:00,1.157969951629639,1.157969951629639,1.157969951629639,1.157969951629639,0
2026-03-16 20:33:00,1.1579140424728394,1.1579140424728394,1.1579140424728394,1.1579140424728394,0
2026-03-16 20:35:00,1.158031940460205,1.158031940460205,1.158031940460205,1.158031940460205,0
2026-03-16 20:37:00,1.158041000366211,1.158041000366211,1.158041000366211,1.158041000366211,0
2026-03-16 20:39:00,1.1579519510269165,1.1579519510269165,1.1579519510269165,1.1579519510269165,0
2026-03-16 20:41:00,1.1578789949417114,1.1578789949417114,1.1578789949417114,1.1578789949417114,0
2026-03-16 20:43:00,1.1578999757766724,1.1578999757766724,1.1578999757766724,1.1578999757766724,0
2026-03-16 20:45:00,1.158018946647644,1.158018946647644,1.158018946647644,1.158018946647644,0
2026-03-16 20:47:00,1.1579619646072388,1.1579619646072388,1.1579619646072388,1.1579619646072388,0
2026-03-16 20:49:00,1.157917022705078,1.157917022705078,1.157917022705078,1.157917022705078,0
2026-03-16 20:51:00,1.1578789949417114,1.1578789949417114,1.1578789949417114,1.1578789949417114,0
2026-03-16 20:53:00,1.1578710079193115,1.1578710079193115,1.1578710079193115,1.1578710079193115,0
2026-03-16 20:55:00,1.1577279567718506,1.1577279567718506,1.1577279567718506,1.1577279567718506,0
2026-03-16 20:57:00,1.1576149463653564,1.1576149463653564,1.1576149463653564,1.1576149463653564,0
2026-03-16 20:59:00,1.1576759815216064,1.1576759815216064,1.1576759815216064,1.1576759815216064,0
2026-03-16 21:01:00,1.1576590538024902,1.1576590538024902,1.1576590538024902,1.1576590538024902,0
2026-03-16 21:03:00,1.157641053199768,1.157641053199768,1.157641053199768,1.157641053199768,0
2026-03-16 21:05:00,1.1573870182037354,1.1573870182037354,1.1573870182037354,1.1573870182037354,0
2026-03-16 21:07:00,1.1576499938964844,1.1576499938964844,1.1576499938964844,1.1576499938964844,0
2026-03-16 21:09:00,1.157688021659851,1.157688021659851,1.157688021659851,1.157688021659851,0
2026-03-16 21:11:00,1.1576169729232788,1.1576169729232788,1.1576169729232788,1.1576169729232788,0
2026-03-16 21:13:00,1.157562017440796,1.157562017440796,1.157562017440796,1.157562017440796,0
2026-03-16 21:15:00,1.1575560569763184,1.1575560569763184,1.1575560569763184,1.1575560569763184,0
2026-03-16 21:17:00,1.157420992851257,1.157420992851257,1.157420992851257,1.157420992851257,0
2026-03-16 21:19:00,1.1574699878692627,1.1574699878692627,1.1574699878692627,1.1574699878692627,0
2026-03-16 21:21:00,1.1574480533599854,1.1574480533599854,1.1574480533599854,1.1574480533599854,0
2026-03-16 21:23:00,1.1574480533599854,1.1574480533599854,1.1574480533599854,1.1574480533599854,0
2026-03-16 21:25:00,1.157379984855652,1.157379984855652,1.157379984855652,1.157379984855652,0
2026-03-16 21:27:00,1.1572190523147583,1.1572190523147583,1.1572190523147583,1.1572190523147583,0
2026-03-16 21:29:00,1.1572209596633911,1.1572209596633911,1.1572209596633911,1.1572209596633911,0
2026-03-16 21:31:00,1.1573870182037354,1.1573870182037354,1.1573870182037354,1.1573870182037354,0
2026-03-16 21:33:00,1.1573539972305298,1.1573539972305298,1.1573539972305298,1.1573539972305298,0
2026-03-16 21:35:00,1.1573699712753296,1.1573699712753296,1.1573699712753296,1.1573699712753296,0
2026-03-16 21:37:00,1.1574050188064575,1.1574050188064575,1.1574050188064575,1.1574050188064575,0
2026-03-16 21:39:00,1.1574620008468628,1.1574620008468628,1.1574620008468628,1.1574620008468628,0
2026-03-16 21:41:00,1.1573829650878906,1.1573829650878906,1.1573829650878906,1.1573829650878906,0
2026-03-16 21:43:00,1.1574640274047852,1.1574640274047852,1.1574640274047852,1.1574640274047852,0
2026-03-16 21:45:00,1.1573649644851685,1.1573649644851685,1.1573649644851685,1.1573649644851685,0
2026-03-16 21:47:00,1.1573539972305298,1.1573539972305298,1.1573539972305298,1.1573539972305298,0
2026-03-16 21:49:00,1.1573690176010132,1.1573690176010132,1.1573690176010132,1.1573690176010132,0
2026-03-16 21:51:00,1.157472014427185,1.157472014427185,1.157472014427185,1.157472014427185,0
2026-03-16 21:53:00,1.157451033592224,1.157451033592224,1.157451033592224,1.157451033592224,0
2026-03-16 21:55:00,1.1573439836502075,1.1573439836502075,1.1573439836502075,1.1573439836502075,0
2026-03-16 21:57:00,1.157384991645813,1.157384991645813,1.157384991645813,1.157384991645813,0
2026-03-16 21:59:00,1.1575859785079956,1.1575859785079956,1.1575859785079956,1.1575859785079956,0
2026-03-16 22:01:00,1.1578099727630615,1.1578099727630615,1.1578099727630615,1.1578099727630615,0
2026-03-16 22:03:00,1.1578480005264282,1.1578480005264282,1.1578480005264282,1.1578480005264282,0
2026-03-16 22:05:00,1.1577340364456177,1.1577340364456177,1.1577340364456177,1.1577340364456177,0
2026-03-16 22:07:00,1.157763957977295,1.157763957977295,1.157763957977295,1.157763957977295,0
2026-03-16 22:09:00,1.157655954360962,1.157655954360962,1.157655954360962,1.157655954360962,0
2026-03-16 22:11:00,1.1575679779052734,1.1575679779052734,1.1575679779052734,1.1575679779052734,0
2026-03-16 22:13:00,1.1575510501861572,1.1575510501861572,1.1575510501861572,1.1575510501861572,0
2026-03-16 22:15:00,1.157547950744629,1.157547950744629,1.157547950744629,1.157547950744629,0
2026-03-16 22:17:00,1.1575590372085571,1.1575590372085571,1.1575590372085571,1.1575590372085571,0
2026-03-16 22:19:00,1.1575850248336792,1.1575850248336792,1.1575850248336792,1.1575850248336792,0
2026-03-16 22:21:00,1.157626986503601,1.157626986503601,1.157626986503601,1.157626986503601,0
2026-03-16 22:23:00,1.1576310396194458,1.1576310396194458,1.1576310396194458,1.1576310396194458,0
2026-03-16 22:25:00,1.157636046409607,1.157636046409607,1.157636046409607,1.157636046409607,0
2026-03-16 22:27:00,1.1576290130615234,1.1576290130615234,1.1576290130615234,1.1576290130615234,0
2026-03-16 22:29:00,1.1576999425888062,1.1576999425888062,1.1576999425888062,1.1576999425888062,0
2026-03-16 22:31:00,1.1577210426330566,1.1577210426330566,1.1577210426330566,1.1577210426330566,0
2026-03-16 22:33:00,1.1577019691467283,1.1577019691467283,1.1577019691467283,1.1577019691467283,0
2026-03-16 22:35:00,1.1576629877090454,1.1576629877090454,1.1576629877090454,1.1576629877090454,0
2026-03-16 22:37:00,1.1576939821243286,1.1576939821243286,1.1576939821243286,1.1576939821243286,0
2026-03-16 22:39:00,1.1577270030975342,1.1577270030975342,1.1577270030975342,1.1577270030975342,0
2026-03-16 22:41:00,1.1577420234680176,1.1577420234680176,1.1577420234680176,1.1577420234680176,0
2026-03-16 22:43:00,1.1576859951019287,1.1576859951019287,1.1576859951019287,1.1576859951019287,0
2026-03-16 22:45:00,1.1577550172805786,1.1577550172805786,1.1577550172805786,1.1577550172805786,0
2026-03-16 22:47:00,1.15774405002594,1.15774405002594,1.15774405002594,1.15774405002594,0
2026-03-16 22:49:00,1.1578190326690674,1.1578190326690674,1.1578190326690674,1.1578190326690674,0
2026-03-16 22:51:00,1.15774405002594,1.15774405002594,1.15774405002594,1.15774405002594,0
2026-03-16 22:53:00,1.1577869653701782,1.1577869653701782,1.1577869653701782,1.1577869653701782,0
2026-03-16 22:55:00,1.1577990055084229,1.1577990055084229,1.1577990055084229,1.1577990055084229,0
2026-03-16 22:57:00,1.1578060388565063,1.1578060388565063,1.1578060388565063,1.1578060388565063,0
2026-03-16 22:59:00,1.157770037651062,1.157770037651062,1.157770037651062,1.157770037651062,0
2026-03-16 23:01:00,1.1578060388565063,1.1578060388565063,1.1578060388565063,1.1578060388565063,0
2026-03-16 23:03:00,1.157776951789856,1.157776951789856,1.157776951789856,1.157776951789856,0
2026-03-16 23:05:00,1.1578090190887451,1.1578090190887451,1.1578090190887451,1.1578090190887451,0
2026-03-16 23:07:00,1.1577800512313845,1.1577800512313845,1.1577800512313845,1.1577800512313845,0
2026-03-16 23:09:00,1.1578190326690674,1.1578190326690674,1.1578190326690674,1.1578190326690674,0
2026-03-16 23:11:00,1.157811999320984,1.157811999320984,1.157811999320984,1.157811999320984,0
2026-03-16 23:13:00,1.157793045043945,1.157793045043945,1.157793045043945,1.157793045043945,0
2026-03-16 23:15:00,1.1577459573745728,1.1577459573745728,1.1577459573745728,1.1577459573745728,0
2026-03-16 23:17:00,1.1576319932937622,1.1576319932937622,1.1576319932937622,1.1576319932937622,0
2026-03-16 23:19:00,1.1577329635620115,1.1577329635620115,1.1577329635620115,1.1577329635620115,0
2026-03-16 23:21:00,1.1578350067138672,1.1578350067138672,1.1578350067138672,1.1578350067138672,0
2026-03-16 23:23:00,1.1578309535980225,1.1578309535980225,1.1578309535980225,1.1578309535980225,0
2026-03-16 23:25:00,1.1577730178833008,1.1577730178833008,1.1577730178833008,1.1577730178833008,0
2026-03-16 23:27:00,1.1577359437942505,1.1577359437942505,1.1577359437942505,1.1577359437942505,0
2026-03-16 23:29:00,1.1577240228652954,1.1577240228652954,1.1577240228652954,1.1577240228652954,0
2026-03-16 23:31:00,1.1577229499816897,1.1577229499816897,1.1577229499816897,1.1577229499816897,0
2026-03-16 23:33:00,1.157817006111145,1.157817006111145,1.157817006111145,1.157817006111145,0
2026-03-16 23:35:00,1.1578140258789062,1.1578140258789062,1.1578140258789062,1.1578140258789062,0
2026-03-16 23:37:00,1.1578010320663452,1.1578010320663452,1.1578010320663452,1.1578010320663452,0
2026-03-16 23:39:00,1.1578760147094729,1.1578760147094729,1.1578760147094729,1.1578760147094729,0
2026-03-16 23:41:00,1.1578830480575562,1.1578830480575562,1.1578830480575562,1.1578830480575562,0
2026-03-16 23:43:00,1.1579079627990725,1.1579079627990725,1.1579079627990725,1.1579079627990725,0
2026-03-16 23:45:00,1.1577529907226562,1.1577529907226562,1.1577529907226562,1.1577529907226562,0
2026-03-16 23:47:00,1.1578450202941897,1.1578450202941897,1.1578450202941897,1.1578450202941897,0
2026-03-16 23:49:00,1.1578370332717896,1.1578370332717896,1.1578370332717896,1.1578370332717896,0
2026-03-16 23:51:00,1.1578220129013062,1.1578220129013062,1.1578220129013062,1.1578220129013062,0
2026-03-16 23:53:00,1.1578290462493896,1.1578290462493896,1.1578290462493896,1.1578290462493896,0
2026-03-16 23:55:00,1.157845973968506,1.157845973968506,1.157845973968506,1.157845973968506,0
2026-03-16 23:57:00,1.1578240394592283,1.1578240394592283,1.1578240394592283,1.1578240394592283,0
2026-03-17 00:01:00,1.1578940153121948,1.1578940153121948,1.1578940153121948,1.1578940153121948,0
2026-03-17 00:03:00,1.1578569412231443,1.1578569412231443,1.1578569412231443,1.1578569412231443,0
2026-03-17 00:05:00,1.1578539609909058,1.1578539609909058,1.1578539609909058,1.1578539609909058,0
2026-03-17 00:07:00,1.15788996219635,1.15788996219635,1.15788996219635,1.15788996219635,0
2026-03-17 00:09:00,1.157858967781067,1.157858967781067,1.157858967781067,1.157858967781067,0
2026-03-17 00:11:00,1.1578409671783447,1.1578409671783447,1.1578409671783447,1.1578409671783447,0
2026-03-17 00:13:00,1.1578710079193115,1.1578710079193115,1.1578710079193115,1.1578710079193115,0
2026-03-17 00:15:00,1.1579029560089111,1.1579029560089111,1.1579029560089111,1.1579029560089111,0
2026-03-17 00:17:00,1.157850980758667,1.157850980758667,1.157850980758667,1.157850980758667,0
2026-03-17 00:19:00,1.1579179763793943,1.1579179763793943,1.1579179763793943,1.1579179763793943,0
2026-03-17 00:21:00,1.157886028289795,1.157886028289795,1.157886028289795,1.157886028289795,0
2026-03-17 00:23:00,1.157884955406189,1.157884955406189,1.157884955406189,1.157884955406189,0
2026-03-17 00:25:00,1.157876968383789,1.157876968383789,1.157876968383789,1.157876968383789,0
2026-03-17 00:27:00,1.157886028289795,1.157886028289795,1.157886028289795,1.157886028289795,0
2026-03-17 00:29:00,1.157855987548828,1.157855987548828,1.157855987548828,1.157855987548828,0
2026-03-17 00:31:00,1.1579350233078003,1.1579350233078003,1.1579350233078003,1.1579350233078003,0
2026-03-17 00:33:00,1.1578680276870728,1.1578680276870728,1.1578680276870728,1.1578680276870728,0
2026-03-17 00:35:00,1.1579240560531616,1.1579240560531616,1.1579240560531616,1.1579240560531616,0
2026-03-17 00:37:00,1.1579320430755615,1.1579320430755615,1.1579320430755615,1.1579320430755615,0
2026-03-17 00:39:00,1.1578880548477173,1.1578880548477173,1.1578880548477173,1.1578880548477173,0
2026-03-17 00:41:00,1.1578370332717896,1.1578370332717896,1.1578370332717896,1.1578370332717896,0
2026-03-17 00:43:00,1.1577860116958618,1.1577860116958618,1.1577860116958618,1.1577860116958618,0
2026-03-17 00:45:00,1.1578129529953003,1.1578129529953003,1.1578129529953003,1.1578129529953003,0
2026-03-17 00:47:00,1.1578160524368286,1.1578160524368286,1.1578160524368286,1.1578160524368286,0
2026-03-17 00:49:00,1.1578580141067505,1.1578580141067505,1.1578580141067505,1.1578580141067505,0
2026-03-17 00:51:00,1.1577140092849731,1.1577140092849731,1.1577140092849731,1.1577140092849731,0
2026-03-17 00:53:00,1.1571710109710691,1.1571710109710691,1.1571710109710691,1.1571710109710691,0
2026-03-17 00:55:00,1.157588005065918,1.157588005065918,1.157588005065918,1.157588005065918,0
2026-03-17 00:57:00,1.1575289964675903,1.1575289964675903,1.1575289964675903,1.1575289964675903,0
2026-03-17 00:59:00,1.157500982284546,1.157500982284546,1.157500982284546,1.157500982284546,0
2026-03-17 01:01:00,1.1575230360031128,1.1575230360031128,1.1575230360031128,1.1575230360031128,0
2026-03-17 01:03:00,1.157505989074707,1.157505989074707,1.157505989074707,1.157505989074707,0
2026-03-17 01:05:00,1.15754497051239,1.15754497051239,1.15754497051239,1.15754497051239,0
2026-03-17 01:07:00,1.1575369834899902,1.1575369834899902,1.1575369834899902,1.1575369834899902,0
2026-03-17 01:09:00,1.157451033592224,1.157451033592224,1.157451033592224,1.157451033592224,0
2026-03-17 01:11:00,1.1573829650878906,1.1573829650878906,1.1573829650878906,1.1573829650878906,0
2026-03-17 01:13:00,1.1573549509048462,1.1573549509048462,1.1573549509048462,1.1573549509048462,0
2026-03-17 01:15:00,1.1572890281677246,1.1572890281677246,1.1572890281677246,1.1572890281677246,0
2026-03-17 01:17:00,1.157410979270935,1.157410979270935,1.157410979270935,1.157410979270935,0
2026-03-17 01:19:00,1.1574809551239014,1.1574809551239014,1.1574809551239014,1.1574809551239014,0
2026-03-17 01:21:00,1.1574369668960571,1.1574369668960571,1.1574369668960571,1.1574369668960571,0
2026-03-17 01:23:00,1.1573410034179688,1.1573410034179688,1.1573410034179688,1.1573410034179688,0
2026-03-17 01:25:00,1.1573100090026855,1.1573100090026855,1.1573100090026855,1.1573100090026855,0
2026-03-17 01:27:00,1.1573630571365356,1.1573630571365356,1.1573630571365356,1.1573630571365356,0
2026-03-17 01:29:00,1.1574180126190186,1.1574180126190186,1.1574180126190186,1.1574180126190186,0
2026-03-17 01:31:00,1.157482028007507,1.157482028007507,1.157482028007507,1.157482028007507,0
2026-03-17 01:33:00,1.1574660539627075,1.1574660539627075,1.1574660539627075,1.1574660539627075,0
2026-03-17 01:35:00,1.1574879884719849,1.1574879884719849,1.1574879884719849,1.1574879884719849,0
2026-03-17 01:37:00,1.157580018043518,1.157580018043518,1.157580018043518,1.157580018043518,0
2026-03-17 01:39:00,1.1576149463653564,1.1576149463653564,1.1576149463653564,1.1576149463653564,0
2026-03-17 01:41:00,1.1576850414276123,1.1576850414276123,1.1576850414276123,1.1576850414276123,0
2026-03-17 01:43:00,1.1576520204544067,1.1576520204544067,1.1576520204544067,1.1576520204544067,0
2026-03-17 01:45:00,1.1576679944992063,1.1576679944992063,1.1576679944992063,1.1576679944992063,0
2026-03-17 01:47:00,1.1577789783477783,1.1577789783477783,1.1577789783477783,1.1577789783477783,0
2026-03-17 01:49:00,1.1577800512313845,1.1577800512313845,1.1577800512313845,1.1577800512313845,0
2026-03-17 01:51:00,1.1577420234680176,1.1577420234680176,1.1577420234680176,1.1577420234680176,0
2026-03-17 01:53:00,1.1577999591827393,1.1577999591827393,1.1577999591827393,1.1577999591827393,0
2026-03-17 01:55:00,1.157794952392578,1.157794952392578,1.157794952392578,1.157794952392578,0
2026-03-17 01:57:00,1.1578149795532229,1.1578149795532229,1.1578149795532229,1.1578149795532229,0
2026-03-17 01:59:00,1.1578569412231443,1.1578569412231443,1.1578569412231443,1.1578569412231443,0
2026-03-17 02:01:00,1.1578149795532229,1.1578149795532229,1.1578149795532229,1.1578149795532229,0
2026-03-17 02:03:00,1.157852053642273,1.157852053642273,1.157852053642273,1.157852053642273,0
2026-03-17 02:05:00,1.1578270196914673,1.1578270196914673,1.1578270196914673,1.1578270196914673,0
2026-03-17 02:07:00,1.1577800512313845,1.1577800512313845,1.1577800512313845,1.1577800512313845,0
2026-03-17 02:09:00,1.1578609943389893,1.1578609943389893,1.1578609943389893,1.1578609943389893,0
2026-03-17 02:11:00,1.1578069925308228,1.1578069925308228,1.1578069925308228,1.1578069925308228,0
2026-03-17 02:13:00,1.1578309535980225,1.1578309535980225,1.1578309535980225,1.1578309535980225,0
2026-03-17 02:15:00,1.1578329801559448,1.1578329801559448,1.1578329801559448,1.1578329801559448,0
2026-03-17 02:17:00,1.1578320264816284,1.1578320264816284,1.1578320264816284,1.1578320264816284,0
2026-03-17 02:19:00,1.157907009124756,1.157907009124756,1.157907009124756,1.157907009124756,0
2026-03-17 02:21:00,1.157994031906128,1.157994031906128,1.157994031906128,1.157994031906128,0
2026-03-17 02:23:00,1.1578689813613892,1.1578689813613892,1.1578689813613892,1.1578689813613892,0
2026-03-17 02:25:00,1.1578049659729004,1.1578049659729004,1.1578049659729004,1.1578049659729004,0
2026-03-17 02:27:00,1.1576859951019287,1.1576859951019287,1.1576859951019287,1.1576859951019287,0
2026-03-17 02:29:00,1.1577149629592896,1.1577149629592896,1.1577149629592896,1.1577149629592896,0
2026-03-17 02:31:00,1.1577650308609009,1.1577650308609009,1.1577650308609009,1.1577650308609009,0
2026-03-17 02:33:00,1.1576770544052124,1.1576770544052124,1.1576770544052124,1.1576770544052124,0
2026-03-17 02:35:00,1.157673954963684,1.157673954963684,1.157673954963684,1.157673954963684,0
2026-03-17 02:37:00,1.1576780080795288,1.1576780080795288,1.1576780080795288,1.1576780080795288,0
2026-03-17 02:39:00,1.1576290130615234,1.1576290130615234,1.1576290130615234,1.1576290130615234,0
2026-03-17 02:41:00,1.1576069593429563,1.1576069593429563,1.1576069593429563,1.1576069593429563,0
2026-03-17 02:43:00,1.1575180292129517,1.1575180292129517,1.1575180292129517,1.1575180292129517,0
2026-03-17 02:45:00,1.157518982887268,1.157518982887268,1.157518982887268,1.157518982887268,0
2026-03-17 02:47:00,1.1575080156326294,1.1575080156326294,1.1575080156326294,1.1575080156326294,0
2026-03-17 02:49:00,1.157547950744629,1.157547950744629,1.157547950744629,1.157547950744629,0
2026-03-17 02:51:00,1.1575440168380735,1.1575440168380735,1.1575440168380735,1.1575440168380735,0
2026-03-17 02:53:00,1.1575859785079956,1.1575859785079956,1.1575859785079956,1.1575859785079956,0
2026-03-17 02:55:00,1.1575360298156738,1.1575360298156738,1.1575360298156738,1.1575360298156738,0
2026-03-17 02:57:00,1.1576039791107178,1.1576039791107178,1.1576039791107178,1.1576039791107178,0
2026-03-17 02:59:00,1.1575510501861572,1.1575510501861572,1.1575510501861572,1.1575510501861572,0
2026-03-17 03:01:00,1.1575560569763184,1.1575560569763184,1.1575560569763184,1.1575560569763184,0
2026-03-17 03:03:00,1.1575900316238403,1.1575900316238403,1.1575900316238403,1.1575900316238403,0
2026-03-17 03:05:00,1.1576659679412842,1.1576659679412842,1.1576659679412842,1.1576659679412842,0
2026-03-17 03:07:00,1.157641053199768,1.157641053199768,1.157641053199768,1.157641053199768,0
2026-03-17 03:09:00,1.1576310396194458,1.1576310396194458,1.1576310396194458,1.1576310396194458,0
2026-03-17 03:11:00,1.1575560569763184,1.1575560569763184,1.1575560569763184,1.1575560569763184,0
2026-03-17 03:13:00,1.1576160192489624,1.1576160192489624,1.1576160192489624,1.1576160192489624,0
2026-03-17 03:15:00,1.1575820446014404,1.1575820446014404,1.1575820446014404,1.1575820446014404,0
2026-03-17 03:17:00,1.1576629877090454,1.1576629877090454,1.1576629877090454,1.1576629877090454,0
2026-03-17 03:19:00,1.1576889753341677,1.1576889753341677,1.1576889753341677,1.1576889753341677,0
2026-03-17 03:21:00,1.157608985900879,1.157608985900879,1.157608985900879,1.157608985900879,0
2026-03-17 03:23:00,1.1576429605484009,1.1576429605484009,1.1576429605484009,1.1576429605484009,0
2026-03-17 03:25:00,1.157554030418396,1.157554030418396,1.157554030418396,1.157554030418396,0
2026-03-17 03:27:00,1.157547950744629,1.157547950744629,1.157547950744629,1.157547950744629,0
2026-03-17 03:29:00,1.157526969909668,1.157526969909668,1.157526969909668,1.157526969909668,0
2026-03-17 03:31:00,1.1575299501419067,1.1575299501419067,1.1575299501419067,1.1575299501419067,0
2026-03-17 03:33:00,1.1574440002441406,1.1574440002441406,1.1574440002441406,1.1574440002441406,0
2026-03-17 03:35:00,1.1574020385742188,1.1574020385742188,1.1574020385742188,1.1574020385742188,0
2026-03-17 03:37:00,1.1574029922485352,1.1574029922485352,1.1574029922485352,1.1574029922485352,0
2026-03-17 03:39:00,1.1575289964675903,1.1575289964675903,1.1575289964675903,1.1575289964675903,0
2026-03-17 03:41:00,1.157420039176941,1.157420039176941,1.157420039176941,1.157420039176941,0
2026-03-17 03:43:00,1.1574050188064575,1.1574050188064575,1.1574050188064575,1.1574050188064575,0
2026-03-17 03:45:00,1.157452940940857,1.157452940940857,1.157452940940857,1.157452940940857,0
2026-03-17 03:47:00,1.1575230360031128,1.1575230360031128,1.1575230360031128,1.1575230360031128,0
2026-03-17 03:49:00,1.1574549674987793,1.1574549674987793,1.1574549674987793,1.1574549674987793,0
2026-03-17 03:51:00,1.157528042793274,1.157528042793274,1.157528042793274,1.157528042793274,0
2026-03-17 03:53:00,1.1574889421463013,1.1574889421463013,1.1574889421463013,1.1574889421463013,0
2026-03-17 03:55:00,1.1575169563293457,1.1575169563293457,1.1575169563293457,1.1575169563293457,0
2026-03-17 03:57:00,1.1575130224227903,1.1575130224227903,1.1575130224227903,1.1575130224227903,0
2026-03-17 03:59:00,1.1574950218200684,1.1574950218200684,1.1574950218200684,1.1574950218200684,0
2026-03-17 04:01:00,1.1574809551239014,1.1574809551239014,1.1574809551239014,1.1574809551239014,0
2026-03-17 04:03:00,1.1575299501419067,1.1575299501419067,1.1575299501419067,1.1575299501419067,0
2026-03-17 04:05:00,1.1576440334320068,1.1576440334320068,1.1576440334320068,1.1576440334320068,0
2026-03-17 04:07:00,1.1575770378112793,1.1575770378112793,1.1575770378112793,1.1575770378112793,0
2026-03-17 04:09:00,1.1575759649276731,1.1575759649276731,1.1575759649276731,1.1575759649276731,0
2026-03-17 04:11:00,1.1575809717178345,1.1575809717178345,1.1575809717178345,1.1575809717178345,0
2026-03-17 04:13:00,1.157636046409607,1.157636046409607,1.157636046409607,1.157636046409607,0
2026-03-17 04:15:00,1.1575770378112793,1.1575770378112793,1.1575770378112793,1.1575770378112793,0
2026-03-17 04:17:00,1.1575969457626345,1.1575969457626345,1.1575969457626345,1.1575969457626345,0
2026-03-17 04:19:00,1.1576249599456787,1.1576249599456787,1.1576249599456787,1.1576249599456787,0
2026-03-17 04:21:00,1.1575820446014404,1.1575820446014404,1.1575820446014404,1.1575820446014404,0
2026-03-17 04:23:00,1.1575499773025513,1.1575499773025513,1.1575499773025513,1.1575499773025513,0
2026-03-17 04:25:00,1.1575239896774292,1.1575239896774292,1.1575239896774292,1.1575239896774292,0
2026-03-17 04:27:00,1.1575770378112793,1.1575770378112793,1.1575770378112793,1.1575770378112793,0
2026-03-17 04:29:00,1.157562017440796,1.157562017440796,1.157562017440796,1.157562017440796,0
2026-03-17 04:31:00,1.1575230360031128,1.1575230360031128,1.1575230360031128,1.1575230360031128,0
2026-03-17 04:33:00,1.157547950744629,1.157547950744629,1.157547950744629,1.157547950744629,0
2026-03-17 04:35:00,1.157565951347351,1.157565951347351,1.157565951347351,1.157565951347351,0
2026-03-17 04:37:00,1.1576290130615234,1.1576290130615234,1.1576290130615234,1.1576290130615234,0
2026-03-17 04:39:00,1.1575629711151123,1.1575629711151123,1.1575629711151123,1.1575629711151123,0
2026-03-17 04:41:00,1.1575720310211182,1.1575720310211182,1.1575720310211182,1.1575720310211182,0
2026-03-17 04:43:00,1.1575980186462402,1.1575980186462402,1.1575980186462402,1.1575980186462402,0
2026-03-17 04:45:00,1.1576249599456787,1.1576249599456787,1.1576249599456787,1.1576249599456787,0
2026-03-17 04:47:00,1.1577730178833008,1.1577730178833008,1.1577730178833008,1.1577730178833008,0
2026-03-17 04:49:00,1.1577990055084229,1.1577990055084229,1.1577990055084229,1.1577990055084229,0
2026-03-17 04:51:00,1.1579060554504397,1.1579060554504397,1.1579060554504397,1.1579060554504397,0
2026-03-17 04:53:00,1.157781958580017,1.157781958580017,1.157781958580017,1.157781958580017,0
2026-03-17 04:55:00,1.157829999923706,1.157829999923706,1.157829999923706,1.157829999923706,0
2026-03-17 04:57:00,1.1577990055084229,1.1577990055084229,1.1577990055084229,1.1577990055084229,0
2026-03-17 04:59:00,1.1578409671783447,1.1578409671783447,1.1578409671783447,1.1578409671783447,0
2026-03-17 05:01:00,1.1578630208969116,1.1578630208969116,1.1578630208969116,1.1578630208969116,0
2026-03-17 05:03:00,1.1578179597854614,1.1578179597854614,1.1578179597854614,1.1578179597854614,0
2026-03-17 05:05:00,1.157837986946106,1.157837986946106,1.157837986946106,1.157837986946106,0
2026-03-17 05:07:00,1.1578060388565063,1.1578060388565063,1.1578060388565063,1.1578060388565063,0
2026-03-17 05:09:00,1.1578689813613892,1.1578689813613892,1.1578689813613892,1.1578689813613892,0
2026-03-17 05:11:00,1.1578069925308228,1.1578069925308228,1.1578069925308228,1.1578069925308228,0
2026-03-17 05:13:00,1.157873034477234,1.157873034477234,1.157873034477234,1.157873034477234,0
2026-03-17 05:15:00,1.157778024673462,1.157778024673462,1.157778024673462,1.157778024673462,0
2026-03-17 05:17:00,1.1578810214996338,1.1578810214996338,1.1578810214996338,1.1578810214996338,0
2026-03-17 05:19:00,1.1578340530395508,1.1578340530395508,1.1578340530395508,1.1578340530395508,0
2026-03-17 05:21:00,1.1578619480133057,1.1578619480133057,1.1578619480133057,1.1578619480133057,0
2026-03-17 05:23:00,1.1578840017318726,1.1578840017318726,1.1578840017318726,1.1578840017318726,0
2026-03-17 05:25:00,1.1579639911651611,1.1579639911651611,1.1579639911651611,1.1579639911651611,0
2026-03-17 05:27:00,1.1578329801559448,1.1578329801559448,1.1578329801559448,1.1578329801559448,0
2026-03-17 05:29:00,1.1577990055084229,1.1577990055084229,1.1577990055084229,1.1577990055084229,0
2026-03-17 05:31:00,1.1576720476150513,1.1576720476150513,1.1576720476150513,1.1576720476150513,0
2026-03-17 05:33:00,1.1577359437942505,1.1577359437942505,1.1577359437942505,1.1577359437942505,0
2026-03-17 05:35:00,1.1577539443969729,1.1577539443969729,1.1577539443969729,1.1577539443969729,0
2026-03-17 05:37:00,1.1578480005264282,1.1578480005264282,1.1578480005264282,1.1578480005264282,0
2026-03-17 05:39:00,1.1577359437942505,1.1577359437942505,1.1577359437942505,1.1577359437942505,0
2026-03-17 05:41:00,1.15789794921875,1.15789794921875,1.15789794921875,1.15789794921875,0
2026-03-17 05:43:00,1.157886981964111,1.157886981964111,1.157886981964111,1.157886981964111,0
2026-03-17 05:45:00,1.1578350067138672,1.1578350067138672,1.1578350067138672,1.1578350067138672,0
2026-03-17 05:47:00,1.157770037651062,1.157770037651062,1.157770037651062,1.157770037651062,0
2026-03-17 05:49:00,1.157716989517212,1.157716989517212,1.157716989517212,1.157716989517212,0
2026-03-17 05:51:00,1.1577869653701782,1.1577869653701782,1.1577869653701782,1.1577869653701782,0
2026-03-17 05:53:00,1.1576850414276123,1.1576850414276123,1.1576850414276123,1.1576850414276123,0
2026-03-17 05:55:00,1.157595992088318,1.157595992088318,1.157595992088318,1.157595992088318,0
2026-03-17 05:57:00,1.157439947128296,1.157439947128296,1.157439947128296,1.157439947128296,0
2026-03-17 05:59:00,1.1574610471725464,1.1574610471725464,1.1574610471725464,1.1574610471725464,0
2026-03-17 06:01:00,1.1574829816818235,1.1574829816818235,1.1574829816818235,1.1574829816818235,0
2026-03-17 06:03:00,1.157209038734436,1.157209038734436,1.157209038734436,1.157209038734436,0
2026-03-17 06:05:00,1.1572190523147583,1.1572190523147583,1.1572190523147583,1.1572190523147583,0
2026-03-17 06:07:00,1.1573690176010132,1.1573690176010132,1.1573690176010132,1.1573690176010132,0
2026-03-17 06:09:00,1.1573610305786133,1.1573610305786133,1.1573610305786133,1.1573610305786133,0
2026-03-17 06:11:00,1.157297968864441,1.157297968864441,1.157297968864441,1.157297968864441,0
2026-03-17 06:13:00,1.1575950384140017,1.1575950384140017,1.1575950384140017,1.1575950384140017,0
2026-03-17 06:15:00,1.1576119661331177,1.1576119661331177,1.1576119661331177,1.1576119661331177,0
2026-03-17 06:17:00,1.1576449871063232,1.1576449871063232,1.1576449871063232,1.1576449871063232,0
2026-03-17 06:19:00,1.1576429605484009,1.1576429605484009,1.1576429605484009,1.1576429605484009,0
2026-03-17 06:21:00,1.1576110124588013,1.1576110124588013,1.1576110124588013,1.1576110124588013,0
2026-03-17 06:23:00,1.15761399269104,1.15761399269104,1.15761399269104,1.15761399269104,0
2026-03-17 06:25:00,1.1576919555664062,1.1576919555664062,1.1576919555664062,1.1576919555664062,0
2026-03-17 06:27:00,1.1579190492630005,1.1579190492630005,1.1579190492630005,1.1579190492630005,0
2026-03-17 06:29:00,1.1577589511871338,1.1577589511871338,1.1577589511871338,1.1577589511871338,0
2026-03-17 06:31:00,1.157688021659851,1.157688021659851,1.157688021659851,1.157688021659851,0
2026-03-17 06:33:00,1.157796025276184,1.157796025276184,1.157796025276184,1.157796025276184,0
2026-03-17 06:35:00,1.1577370166778564,1.1577370166778564,1.1577370166778564,1.1577370166778564,0
2026-03-17 06:37:00,1.1577839851379397,1.1577839851379397,1.1577839851379397,1.1577839851379397,0
2026-03-17 06:39:00,1.157796025276184,1.157796025276184,1.157796025276184,1.157796025276184,0
2026-03-17 06:41:00,1.1577140092849731,1.1577140092849731,1.1577140092849731,1.1577140092849731,0
2026-03-17 06:43:00,1.1577459573745728,1.1577459573745728,1.1577459573745728,1.1577459573745728,0
2026-03-17 06:45:00,1.1576679944992063,1.1576679944992063,1.1576679944992063,1.1576679944992063,0
2026-03-17 06:47:00,1.157649040222168,1.157649040222168,1.157649040222168,1.157649040222168,0
2026-03-17 06:49:00,1.157547950744629,1.157547950744629,1.157547950744629,1.157547950744629,0
2026-03-17 06:51:00,1.1574989557266235,1.1574989557266235,1.1574989557266235,1.1574989557266235,0
2026-03-17 06:53:00,1.157513976097107,1.157513976097107,1.157513976097107,1.157513976097107,0
2026-03-17 06:55:00,1.157502055168152,1.157502055168152,1.157502055168152,1.157502055168152,0
2026-03-17 06:57:00,1.1575900316238403,1.1575900316238403,1.1575900316238403,1.1575900316238403,0
2026-03-17 06:59:00,1.1575419902801514,1.1575419902801514,1.1575419902801514,1.1575419902801514,0
2026-03-17 07:01:00,1.1574159860610962,1.1574159860610962,1.1574159860610962,1.1574159860610962,0
2026-03-17 07:03:00,1.157515048980713,1.157515048980713,1.157515048980713,1.157515048980713,0
2026-03-17 07:05:00,1.1574440002441406,1.1574440002441406,1.1574440002441406,1.1574440002441406,0
2026-03-17 07:07:00,1.157256007194519,1.157256007194519,1.157256007194519,1.157256007194519,0
2026-03-17 07:09:00,1.1571849584579468,1.1571849584579468,1.1571849584579468,1.1571849584579468,0
2026-03-17 07:11:00,1.1571999788284302,1.1571999788284302,1.1571999788284302,1.1571999788284302,0
2026-03-17 07:13:00,1.157359004020691,1.157359004020691,1.157359004020691,1.157359004020691,0
2026-03-17 07:15:00,1.1571799516677856,1.1571799516677856,1.1571799516677856,1.1571799516677856,0
2026-03-17 07:17:00,1.157304048538208,1.157304048538208,1.157304048538208,1.157304048538208,0
2026-03-17 07:19:00,1.1573410034179688,1.1573410034179688,1.1573410034179688,1.1573410034179688,0
2026-03-17 07:21:00,1.1573489904403689,1.1573489904403689,1.1573489904403689,1.1573489904403689,0
2026-03-17 07:23:00,1.1574729681015017,1.1574729681015017,1.1574729681015017,1.1574729681015017,0
2026-03-17 07:25:00,1.1574499607086182,1.1574499607086182,1.1574499607086182,1.1574499607086182,0
2026-03-17 07:27:00,1.1575549840927124,1.1575549840927124,1.1575549840927124,1.1575549840927124,0
2026-03-17 07:29:00,1.1579049825668335,1.1579049825668335,1.1579049825668335,1.1579049825668335,0
2026-03-17 07:31:00,1.1579910516738892,1.1579910516738892,1.1579910516738892,1.1579910516738892,0
2026-03-17 07:33:00,1.1580779552459717,1.1580779552459717,1.1580779552459717,1.1580779552459717,0
2026-03-17 07:35:00,1.1579530239105225,1.1579530239105225,1.1579530239105225,1.1579530239105225,0
2026-03-17 07:37:00,1.1578539609909058,1.1578539609909058,1.1578539609909058,1.1578539609909058,0
2026-03-17 07:39:00,1.1577999591827393,1.1577999591827393,1.1577999591827393,1.1577999591827393,0
2026-03-17 07:41:00,1.1577759981155396,1.1577759981155396,1.1577759981155396,1.1577759981155396,0
2026-03-17 07:43:00,1.1576809883117676,1.1576809883117676,1.1576809883117676,1.1576809883117676,0
2026-03-17 07:45:00,1.1577110290527344,1.1577110290527344,1.1577110290527344,1.1577110290527344,0
2026-03-17 07:47:00,1.1576520204544067,1.1576520204544067,1.1576520204544067,1.1576520204544067,0
2026-03-17 07:49:00,1.1577359437942505,1.1577359437942505,1.1577359437942505,1.1577359437942505,0
2026-03-17 07:51:00,1.1576210260391235,1.1576210260391235,1.1576210260391235,1.1576210260391235,0
2026-03-17 07:53:00,1.157539963722229,1.157539963722229,1.157539963722229,1.157539963722229,0
2026-03-17 07:55:00,1.157405972480774,1.157405972480774,1.157405972480774,1.157405972480774,0
2026-03-17 07:57:00,1.1576189994812012,1.1576189994812012,1.1576189994812012,1.1576189994812012,0
2026-03-17 07:59:00,1.157505989074707,1.157505989074707,1.157505989074707,1.157505989074707,0
2026-03-17 08:01:00,1.1574629545211792,1.1574629545211792,1.1574629545211792,1.1574629545211792,0
2026-03-17 08:03:00,1.1575599908828735,1.1575599908828735,1.1575599908828735,1.1575599908828735,0
2026-03-17 08:05:00,1.1575380563735962,1.1575380563735962,1.1575380563735962,1.1575380563735962,0
2026-03-17 08:07:00,1.1574980020523071,1.1574980020523071,1.1574980020523071,1.1574980020523071,0
2026-03-17 08:09:00,1.1573920249938965,1.1573920249938965,1.1573920249938965,1.1573920249938965,0
2026-03-17 08:11:00,1.157351016998291,1.157351016998291,1.157351016998291,1.157351016998291,0
2026-03-17 08:13:00,1.157520055770874,1.157520055770874,1.157520055770874,1.157520055770874,0
2026-03-17 08:15:00,1.1577539443969729,1.1577539443969729,1.1577539443969729,1.1577539443969729,0
2026-03-17 08:17:00,1.157541036605835,1.157541036605835,1.157541036605835,1.157541036605835,0
2026-03-17 08:19:00,1.1577999591827393,1.1577999591827393,1.1577999591827393,1.1577999591827393,0
2026-03-17 08:21:00,1.157668948173523,1.157668948173523,1.157668948173523,1.157668948173523,0
2026-03-17 08:23:00,1.1577290296554563,1.1577290296554563,1.1577290296554563,1.1577290296554563,0
2026-03-17 08:25:00,1.1577190160751345,1.1577190160751345,1.1577190160751345,1.1577190160751345,0
2026-03-17 08:27:00,1.1577919721603394,1.1577919721603394,1.1577919721603394,1.1577919721603394,0
2026-03-17 08:29:00,1.1578710079193115,1.1578710079193115,1.1578710079193115,1.1578710079193115,0
2026-03-17 08:31:00,1.1580779552459717,1.1580779552459717,1.1580779552459717,1.1580779552459717,0
2026-03-17 08:33:00,1.158030986785889,1.158030986785889,1.158030986785889,1.158030986785889,0
2026-03-17 08:35:00,1.1579339504241943,1.1579339504241943,1.1579339504241943,1.1579339504241943,0
2026-03-17 08:37:00,1.1579430103302002,1.1579430103302002,1.1579430103302002,1.1579430103302002,0
2026-03-17 08:39:00,1.1578270196914673,1.1578270196914673,1.1578270196914673,1.1578270196914673,0
2026-03-17 08:41:00,1.1578760147094729,1.1578760147094729,1.1578760147094729,1.1578760147094729,0
2026-03-17 08:43:00,1.1578389406204224,1.1578389406204224,1.1578389406204224,1.1578389406204224,0
2026-03-17 08:45:00,1.1576679944992063,1.1576679944992063,1.1576679944992063,1.1576679944992063,0
2026-03-17 08:47:00,1.1576659679412842,1.1576659679412842,1.1576659679412842,1.1576659679412842,0
2026-03-17 08:49:00,1.1575570106506348,1.1575570106506348,1.1575570106506348,1.1575570106506348,0
2026-03-17 08:51:00,1.1574050188064575,1.1574050188064575,1.1574050188064575,1.1574050188064575,0
2026-03-17 08:53:00,1.1573530435562134,1.1573530435562134,1.1573530435562134,1.1573530435562134,0
2026-03-17 08:55:00,1.1575429439544678,1.1575429439544678,1.1575429439544678,1.1575429439544678,0
2026-03-17 08:57:00,1.157647967338562,1.157647967338562,1.157647967338562,1.157647967338562,0
2026-03-17 08:59:00,1.1579430103302002,1.1579430103302002,1.1579430103302002,1.1579430103302002,0
2026-03-17 09:01:00,1.1579439640045166,1.1579439640045166,1.1579439640045166,1.1579439640045166,0
2026-03-17 09:03:00,1.1580079793930054,1.1580079793930054,1.1580079793930054,1.1580079793930054,0
2026-03-17 09:05:00,1.1578840017318726,1.1578840017318726,1.1578840017318726,1.1578840017318726,0
2026-03-17 09:07:00,1.1578359603881836,1.1578359603881836,1.1578359603881836,1.1578359603881836,0
2026-03-17 09:09:00,1.1577379703521729,1.1577379703521729,1.1577379703521729,1.1577379703521729,0
2026-03-17 09:11:00,1.1577730178833008,1.1577730178833008,1.1577730178833008,1.1577730178833008,0
2026-03-17 09:13:00,1.157825946807861,1.157825946807861,1.157825946807861,1.157825946807861,0
2026-03-17 09:15:00,1.1577340364456177,1.1577340364456177,1.1577340364456177,1.1577340364456177,0
2026-03-17 09:17:00,1.1577370166778564,1.1577370166778564,1.1577370166778564,1.1577370166778564,0
2026-03-17 09:19:00,1.1578030586242676,1.1578030586242676,1.1578030586242676,1.1578030586242676,0
2026-03-17 09:21:00,1.1578049659729004,1.1578049659729004,1.1578049659729004,1.1578049659729004,0
2026-03-17 09:23:00,1.157649040222168,1.157649040222168,1.157649040222168,1.157649040222168,0
2026-03-17 09:25:00,1.1576730012893677,1.1576730012893677,1.1576730012893677,1.1576730012893677,0
2026-03-17 09:27:00,1.1573079824447632,1.1573079824447632,1.1573079824447632,1.1573079824447632,0
2026-03-17 09:29:00,1.1572599411010742,1.1572599411010742,1.1572599411010742,1.1572599411010742,0
2026-03-17 09:31:00,1.1575130224227903,1.1575130224227903,1.1575130224227903,1.1575130224227903,0
2026-03-17 09:33:00,1.157837986946106,1.157837986946106,1.157837986946106,1.157837986946106,0
2026-03-17 09:35:00,1.1580480337142944,1.1580480337142944,1.1580480337142944,1.1580480337142944,0
2026-03-17 09:37:00,1.1581109762191772,1.1581109762191772,1.1581109762191772,1.1581109762191772,0
2026-03-17 09:39:00,1.1583460569381714,1.1583460569381714,1.1583460569381714,1.1583460569381714,0
2026-03-17 09:41:00,1.158344030380249,1.158344030380249,1.158344030380249,1.158344030380249,0
2026-03-17 09:43:00,1.1581950187683103,1.1581950187683103,1.1581950187683103,1.1581950187683103,0
2026-03-17 09:45:00,1.1581929922103882,1.1581929922103882,1.1581929922103882,1.1581929922103882,0
2026-03-17 09:47:00,1.1581189632415771,1.1581189632415771,1.1581189632415771,1.1581189632415771,0
2026-03-17 09:49:00,1.1582180261611938,1.1582180261611938,1.1582180261611938,1.1582180261611938,0
2026-03-17 09:51:00,1.1581809520721436,1.1581809520721436,1.1581809520721436,1.1581809520721436,0
2026-03-17 09:53:00,1.1579689979553225,1.1579689979553225,1.1579689979553225,1.1579689979553225,0
2026-03-17 09:55:00,1.1578470468521118,1.1578470468521118,1.1578470468521118,1.1578470468521118,0
2026-03-17 09:57:00,1.1579660177230835,1.1579660177230835,1.1579660177230835,1.1579660177230835,0
2026-03-17 09:59:00,1.1579999923706057,1.1579999923706057,1.1579999923706057,1.1579999923706057,0
2026-03-17 10:01:00,1.1583189964294434,1.1583189964294434,1.1583189964294434,1.1583189964294434,0
2026-03-17 10:03:00,1.1581590175628662,1.1581590175628662,1.1581590175628662,1.1581590175628662,0
2026-03-17 10:05:00,1.158189058303833,1.158189058303833,1.158189058303833,1.158189058303833,0
2026-03-17 10:07:00,1.1582390069961548,1.1582390069961548,1.1582390069961548,1.1582390069961548,0
2026-03-17 10:09:00,1.1580840349197388,1.1580840349197388,1.1580840349197388,1.1580840349197388,0
2026-03-17 10:11:00,1.1580950021743774,1.1580950021743774,1.1580950021743774,1.1580950021743774,0
2026-03-17 10:13:00,1.1583240032196045,1.1583240032196045,1.1583240032196045,1.1583240032196045,0
2026-03-17 10:15:00,1.1582030057907104,1.1582030057907104,1.1582030057907104,1.1582030057907104,0
2026-03-17 10:17:00,1.1581900119781494,1.1581900119781494,1.1581900119781494,1.1581900119781494,0
2026-03-17 10:19:00,1.1581300497055054,1.1581300497055054,1.1581300497055054,1.1581300497055054,0
2026-03-17 10:21:00,1.1581259965896606,1.1581259965896606,1.1581259965896606,1.1581259965896606,0
2026-03-17 10:23:00,1.1581770181655884,1.1581770181655884,1.1581770181655884,1.1581770181655884,0
2026-03-17 10:25:00,1.1581480503082275,1.1581480503082275,1.1581480503082275,1.1581480503082275,0
2026-03-17 10:27:00,1.1580640077590942,1.1580640077590942,1.1580640077590942,1.1580640077590942,0
2026-03-17 10:29:00,1.1580890417099,1.1580890417099,1.1580890417099,1.1580890417099,0
2026-03-17 10:31:00,1.157978057861328,1.157978057861328,1.157978057861328,1.157978057861328,0
2026-03-17 10:33:00,1.1580079793930054,1.1580079793930054,1.1580079793930054,1.1580079793930054,0
2026-03-17 10:35:00,1.1580170392990112,1.1580170392990112,1.1580170392990112,1.1580170392990112,0
2026-03-17 10:37:00,1.1580170392990112,1.1580170392990112,1.1580170392990112,1.1580170392990112,0
2026-03-17 10:39:00,1.1578919887542725,1.1578919887542725,1.1578919887542725,1.1578919887542725,0
2026-03-17 10:41:00,1.1578830480575562,1.1578830480575562,1.1578830480575562,1.1578830480575562,0
2026-03-17 10:43:00,1.1578010320663452,1.1578010320663452,1.1578010320663452,1.1578010320663452,0
2026-03-17 10:45:00,1.1578810214996338,1.1578810214996338,1.1578810214996338,1.1578810214996338,0
2026-03-17 10:47:00,1.1580259799957275,1.1580259799957275,1.1580259799957275,1.1580259799957275,0
2026-03-17 10:49:00,1.1580710411071775,1.1580710411071775,1.1580710411071775,1.1580710411071775,0
2026-03-17 10:51:00,1.1579920053482056,1.1579920053482056,1.1579920053482056,1.1579920053482056,0
2026-03-17 10:53:00,1.1579639911651611,1.1579639911651611,1.1579639911651611,1.1579639911651611,0
2026-03-17 10:55:00,1.1579159498214722,1.1579159498214722,1.1579159498214722,1.1579159498214722,0
2026-03-17 10:57:00,1.1579639911651611,1.1579639911651611,1.1579639911651611,1.1579639911651611,0
2026-03-17 10:59:00,1.1579309701919556,1.1579309701919556,1.1579309701919556,1.1579309701919556,0
2026-03-17 11:01:00,1.1579819917678833,1.1579819917678833,1.1579819917678833,1.1579819917678833,0
2026-03-17 11:03:00,1.1580690145492554,1.1580690145492554,1.1580690145492554,1.1580690145492554,0
2026-03-17 11:05:00,1.157979965209961,1.157979965209961,1.157979965209961,1.157979965209961,0
2026-03-17 11:07:00,1.157907009124756,1.157907009124756,1.157907009124756,1.157907009124756,0
2026-03-17 11:09:00,1.1579630374908447,1.1579630374908447,1.1579630374908447,1.1579630374908447,0
2026-03-17 11:11:00,1.1581089496612549,1.1581089496612549,1.1581089496612549,1.1581089496612549,0
2026-03-17 11:13:00,1.1582109928131104,1.1582109928131104,1.1582109928131104,1.1582109928131104,0
2026-03-17 11:15:00,1.1579539775848389,1.1579539775848389,1.1579539775848389,1.1579539775848389,0
2026-03-17 11:17:00,1.1580229997634888,1.1580229997634888,1.1580229997634888,1.1580229997634888,0
2026-03-17 11:19:00,1.1578110456466677,1.1578110456466677,1.1578110456466677,1.1578110456466677,0
2026-03-17 11:21:00,1.157891035079956,1.157891035079956,1.157891035079956,1.157891035079956,0
2026-03-17 11:23:00,1.1579060554504397,1.1579060554504397,1.1579060554504397,1.1579060554504397,0
2026-03-17 11:25:00,1.1580450534820557,1.1580450534820557,1.1580450534820557,1.1580450534820557,0
2026-03-17 11:27:00,1.1580229997634888,1.1580229997634888,1.1580229997634888,1.1580229997634888,0
2026-03-17 11:29:00,1.1579869985580444,1.1579869985580444,1.1579869985580444,1.1579869985580444,0
2026-03-17 11:31:00,1.1580729484558103,1.1580729484558103,1.1580729484558103,1.1580729484558103,0
2026-03-17 11:33:00,1.1580599546432495,1.1580599546432495,1.1580599546432495,1.1580599546432495,0
2026-03-17 11:35:00,1.1579300165176392,1.1579300165176392,1.1579300165176392,1.1579300165176392,0
2026-03-17 11:37:00,1.157971978187561,1.157971978187561,1.157971978187561,1.157971978187561,0
2026-03-17 11:39:00,1.1581989526748655,1.1581989526748655,1.1581989526748655,1.1581989526748655,0
2026-03-17 11:41:00,1.1582950353622437,1.1582950353622437,1.1582950353622437,1.1582950353622437,0
2026-03-17 11:43:00,1.1582859754562378,1.1582859754562378,1.1582859754562378,1.1582859754562378,0
2026-03-17 11:45:00,1.1581950187683103,1.1581950187683103,1.1581950187683103,1.1581950187683103,0
2026-03-17 11:47:00,1.1578229665756226,1.1578229665756226,1.1578229665756226,1.1578229665756226,0
2026-03-17 11:49:00,1.157433032989502,1.157433032989502,1.157433032989502,1.157433032989502,0
2026-03-17 11:51:00,1.1573920249938965,1.1573920249938965,1.1573920249938965,1.1573920249938965,0
2026-03-17 11:53:00,1.157359004020691,1.157359004020691,1.157359004020691,1.157359004020691,0
2026-03-17 11:55:00,1.1571060419082642,1.1571060419082642,1.1571060419082642,1.1571060419082642,0
2026-03-17 11:57:00,1.1572109460830688,1.1572109460830688,1.1572109460830688,1.1572109460830688,0
2026-03-17 11:59:00,1.1573200225830078,1.1573200225830078,1.1573200225830078,1.1573200225830078,0
2026-03-17 12:01:00,1.1573179960250854,1.1573179960250854,1.1573179960250854,1.1573179960250854,0
2026-03-17 12:03:00,1.1571099758148191,1.1571099758148191,1.1571099758148191,1.1571099758148191,0
2026-03-17 12:05:00,1.1572140455245972,1.1572140455245972,1.1572140455245972,1.1572140455245972,0
2026-03-17 12:07:00,1.1571420431137085,1.1571420431137085,1.1571420431137085,1.1571420431137085,0
2026-03-17 12:09:00,1.157075047492981,1.157075047492981,1.157075047492981,1.157075047492981,0
2026-03-17 12:11:00,1.1571530103683472,1.1571530103683472,1.1571530103683472,1.1571530103683472,0
2026-03-17 12:13:00,1.157302975654602,1.157302975654602,1.157302975654602,1.157302975654602,0
2026-03-17 12:15:00,1.1571789979934692,1.1571789979934692,1.1571789979934692,1.1571789979934692,0
2026-03-17 12:17:00,1.1573450565338137,1.1573450565338137,1.1573450565338137,1.1573450565338137,0
2026-03-17 12:19:00,1.157263994216919,1.157263994216919,1.157263994216919,1.157263994216919,0
2026-03-17 12:21:00,1.1573050022125244,1.1573050022125244,1.1573050022125244,1.1573050022125244,0
2026-03-17 12:23:00,1.15728497505188,1.15728497505188,1.15728497505188,1.15728497505188,0
2026-03-17 12:25:00,1.1572840213775637,1.1572840213775637,1.1572840213775637,1.1572840213775637,0
2026-03-17 12:27:00,1.1573359966278076,1.1573359966278076,1.1573359966278076,1.1573359966278076,0
2026-03-17 12:29:00,1.157417058944702,1.157417058944702,1.157417058944702,1.157417058944702,0
2026-03-17 12:31:00,1.157452940940857,1.157452940940857,1.157452940940857,1.157452940940857,0
2026-03-17 12:33:00,1.1575980186462402,1.1575980186462402,1.1575980186462402,1.1575980186462402,0
2026-03-17 12:35:00,1.1574139595031738,1.1574139595031738,1.1574139595031738,1.1574139595031738,0
2026-03-17 12:37:00,1.1574009656906128,1.1574009656906128,1.1574009656906128,1.1574009656906128,0
2026-03-17 12:39:00,1.157379984855652,1.157379984855652,1.157379984855652,1.157379984855652,0
2026-03-17 12:41:00,1.157364010810852,1.157364010810852,1.157364010810852,1.157364010810852,0
2026-03-17 12:43:00,1.1573630571365356,1.1573630571365356,1.1573630571365356,1.1573630571365356,0
2026-03-17 12:45:00,1.1571639776229858,1.1571639776229858,1.1571639776229858,1.1571639776229858,0
2026-03-17 12:47:00,1.1571340560913086,1.1571340560913086,1.1571340560913086,1.1571340560913086,0
2026-03-17 12:49:00,1.157194972038269,1.157194972038269,1.157194972038269,1.157194972038269,0
2026-03-17 12:51:00,1.157173991203308,1.157173991203308,1.157173991203308,1.157173991203308,0
2026-03-17 12:53:00,1.1571320295333862,1.1571320295333862,1.1571320295333862,1.1571320295333862,0
2026-03-17 12:55:00,1.1569980382919312,1.1569980382919312,1.1569980382919312,1.1569980382919312,0
2026-03-17 12:57:00,1.1569210290908811,1.1569210290908811,1.1569210290908811,1.1569210290908811,0
2026-03-17 12:59:00,1.156823992729187,1.156823992729187,1.156823992729187,1.156823992729187,0
2026-03-17 13:01:00,1.156798005104065,1.156798005104065,1.156798005104065,1.156798005104065,0
2026-03-17 13:03:00,1.156885027885437,1.156885027885437,1.156885027885437,1.156885027885437,0
2026-03-17 13:05:00,1.1569099426269531,1.1569099426269531,1.1569099426269531,1.1569099426269531,0
2026-03-17 13:07:00,1.1569210290908811,1.1569210290908811,1.1569210290908811,1.1569210290908811,0
2026-03-17 13:09:00,1.1570730209350586,1.1570730209350586,1.1570730209350586,1.1570730209350586,0
2026-03-17 13:11:00,1.1570899486541748,1.1570899486541748,1.1570899486541748,1.1570899486541748,0
2026-03-17 13:13:00,1.157294988632202,1.157294988632202,1.157294988632202,1.157294988632202,0
2026-03-17 13:15:00,1.1572589874267578,1.1572589874267578,1.1572589874267578,1.1572589874267578,0
2026-03-17 13:17:00,1.1573270559310913,1.1573270559310913,1.1573270559310913,1.1573270559310913,0
2026-03-17 13:19:00,1.1572550535202026,1.1572550535202026,1.1572550535202026,1.1572550535202026,0
2026-03-17 13:21:00,1.157073974609375,1.157073974609375,1.157073974609375,1.157073974609375,0
2026-03-17 13:23:00,1.1568759679794312,1.1568759679794312,1.1568759679794312,1.1568759679794312,0
2026-03-17 13:25:00,1.1571099758148191,1.1571099758148191,1.1571099758148191,1.1571099758148191,0
2026-03-17 13:27:00,1.1571789979934692,1.1571789979934692,1.1571789979934692,1.1571789979934692,0
2026-03-17 13:29:00,1.1572860479354858,1.1572860479354858,1.1572860479354858,1.1572860479354858,0
2026-03-17 13:31:00,1.1573179960250854,1.1573179960250854,1.1573179960250854,1.1573179960250854,0
2026-03-17 13:33:00,1.1575239896774292,1.1575239896774292,1.1575239896774292,1.1575239896774292,0
2026-03-17 13:35:00,1.1574920415878296,1.1574920415878296,1.1574920415878296,1.1574920415878296,0
2026-03-17 13:37:00,1.1573220491409302,1.1573220491409302,1.1573220491409302,1.1573220491409302,0
2026-03-17 13:39:00,1.157420039176941,1.157420039176941,1.157420039176941,1.157420039176941,0
2026-03-17 13:41:00,1.157379984855652,1.157379984855652,1.157379984855652,1.157379984855652,0
2026-03-17 13:43:00,1.1572450399398804,1.1572450399398804,1.1572450399398804,1.1572450399398804,0
2026-03-17 13:45:00,1.1573020219802856,1.1573020219802856,1.1573020219802856,1.1573020219802856,0
2026-03-17 13:47:00,1.1572179794311523,1.1572179794311523,1.1572179794311523,1.1572179794311523,0
2026-03-17 13:49:00,1.157318949699402,1.157318949699402,1.157318949699402,1.157318949699402,0
2026-03-17 13:51:00,1.1574130058288574,1.1574130058288574,1.1574130058288574,1.1574130058288574,0
2026-03-17 13:53:00,1.157518982887268,1.157518982887268,1.157518982887268,1.157518982887268,0
2026-03-17 13:55:00,1.1576149463653564,1.1576149463653564,1.1576149463653564,1.1576149463653564,0
2026-03-17 13:57:00,1.157315015792847,1.157315015792847,1.157315015792847,1.157315015792847,0
2026-03-17 13:59:00,1.1575249433517456,1.1575249433517456,1.1575249433517456,1.1575249433517456,0
2026-03-17 14:01:00,1.1573649644851685,1.1573649644851685,1.1573649644851685,1.1573649644851685,0
2026-03-17 14:03:00,1.157371997833252,1.157371997833252,1.157371997833252,1.157371997833252,0
2026-03-17 14:05:00,1.1574959754943848,1.1574959754943848,1.1574959754943848,1.1574959754943848,0
2026-03-17 14:07:00,1.1571999788284302,1.1571999788284302,1.1571999788284302,1.1571999788284302,0
2026-03-17 14:09:00,1.1573410034179688,1.1573410034179688,1.1573410034179688,1.1573410034179688,0
2026-03-17 14:11:00,1.1572359800338743,1.1572359800338743,1.1572359800338743,1.1572359800338743,0
2026-03-17 14:13:00,1.157454013824463,1.157454013824463,1.157454013824463,1.157454013824463,0
2026-03-17 14:15:00,1.1575720310211182,1.1575720310211182,1.1575720310211182,1.1575720310211182,0
2026-03-17 14:17:00,1.157588005065918,1.157588005065918,1.157588005065918,1.157588005065918,0
2026-03-17 14:19:00,1.1577999591827393,1.1577999591827393,1.1577999591827393,1.1577999591827393,0
2026-03-17 14:21:00,1.157958984375,1.157958984375,1.157958984375,1.157958984375,0
2026-03-17 14:23:00,1.1581120491027832,1.1581120491027832,1.1581120491027832,1.1581120491027832,0
2026-03-17 14:25:00,1.1579509973526,1.1579509973526,1.1579509973526,1.1579509973526,0
2026-03-17 14:27:00,1.1579309701919556,1.1579309701919556,1.1579309701919556,1.1579309701919556,0
2026-03-17 14:29:00,1.1579610109329224,1.1579610109329224,1.1579610109329224,1.1579610109329224,0
2026-03-17 14:31:00,1.1580450534820557,1.1580450534820557,1.1580450534820557,1.1580450534820557,0
2026-03-17 14:33:00,1.1580430269241333,1.1580430269241333,1.1580430269241333,1.1580430269241333,0
2026-03-17 14:35:00,1.1580690145492554,1.1580690145492554,1.1580690145492554,1.1580690145492554,0
2026-03-17 14:37:00,1.1580239534378052,1.1580239534378052,1.1580239534378052,1.1580239534378052,0
2026-03-17 14:39:00,1.157969951629639,1.157969951629639,1.157969951629639,1.157969951629639,0
2026-03-17 14:41:00,1.1580029726028442,1.1580029726028442,1.1580029726028442,1.1580029726028442,0
2026-03-17 14:43:00,1.157920002937317,1.157920002937317,1.157920002937317,1.157920002937317,0
2026-03-17 14:45:00,1.1578760147094729,1.1578760147094729,1.1578760147094729,1.1578760147094729,0
2026-03-17 14:47:00,1.1578090190887451,1.1578090190887451,1.1578090190887451,1.1578090190887451,0
2026-03-17 14:49:00,1.1576379537582395,1.1576379537582395,1.1576379537582395,1.1576379537582395,0
2026-03-17 14:51:00,1.1574920415878296,1.1574920415878296,1.1574920415878296,1.1574920415878296,0
2026-03-17 14:53:00,1.1575560569763184,1.1575560569763184,1.1575560569763184,1.1575560569763184,0
2026-03-17 14:55:00,1.1574289798736572,1.1574289798736572,1.1574289798736572,1.1574289798736572,0
2026-03-17 14:57:00,1.1573209762573242,1.1573209762573242,1.1573209762573242,1.1573209762573242,0
2026-03-17 14:59:00,1.1572959423065186,1.1572959423065186,1.1572959423065186,1.1572959423065186,0
2026-03-17 15:01:00,1.1575169563293457,1.1575169563293457,1.1575169563293457,1.1575169563293457,0
2026-03-17 15:03:00,1.157567024230957,1.157567024230957,1.157567024230957,1.157567024230957,0
2026-03-17 15:05:00,1.157384991645813,1.157384991645813,1.157384991645813,1.157384991645813,0
2026-03-17 15:07:00,1.1573569774627686,1.1573569774627686,1.1573569774627686,1.1573569774627686,0
2026-03-17 15:09:00,1.157323956489563,1.157323956489563,1.157323956489563,1.157323956489563,0
2026-03-17 15:11:00,1.1573469638824463,1.1573469638824463,1.1573469638824463,1.1573469638824463,0
2026-03-17 15:13:00,1.1573950052261353,1.1573950052261353,1.1573950052261353,1.1573950052261353,0
2026-03-17 15:15:00,1.1576210260391235,1.1576210260391235,1.1576210260391235,1.1576210260391235,0
2026-03-17 15:17:00,1.1573740243911743,1.1573740243911743,1.1573740243911743,1.1573740243911743,0
2026-03-17 15:19:00,1.1575939655303955,1.1575939655303955,1.1575939655303955,1.1575939655303955,0
2026-03-17 15:21:00,1.157600998878479,1.157600998878479,1.157600998878479,1.157600998878479,0
2026-03-17 15:23:00,1.1576379537582395,1.1576379537582395,1.1576379537582395,1.1576379537582395,0
2026-03-17 15:25:00,1.1574939489364624,1.1574939489364624,1.1574939489364624,1.1574939489364624,0
2026-03-17 15:27:00,1.1575030088424685,1.1575030088424685,1.1575030088424685,1.1575030088424685,0
2026-03-17 15:29:00,1.157423973083496,1.157423973083496,1.157423973083496,1.157423973083496,0
2026-03-17 15:31:00,1.1575119495391846,1.1575119495391846,1.1575119495391846,1.1575119495391846,0
2026-03-17 15:33:00,1.1576039791107178,1.1576039791107178,1.1576039791107178,1.1576039791107178,0
2026-03-17 15:35:00,1.1575230360031128,1.1575230360031128,1.1575230360031128,1.1575230360031128,0
2026-03-17 15:37:00,1.1574809551239014,1.1574809551239014,1.1574809551239014,1.1574809551239014,0
2026-03-17 15:39:00,1.1574699878692627,1.1574699878692627,1.1574699878692627,1.1574699878692627,0
2026-03-17 15:41:00,1.1575629711151123,1.1575629711151123,1.1575629711151123,1.1575629711151123,0
2026-03-17 15:43:00,1.1575629711151123,1.1575629711151123,1.1575629711151123,1.1575629711151123,0
2026-03-17 15:45:00,1.1576789617538452,1.1576789617538452,1.1576789617538452,1.1576789617538452,0
2026-03-17 15:47:00,1.157628059387207,1.157628059387207,1.157628059387207,1.157628059387207,0
2026-03-17 15:49:00,1.1576149463653564,1.1576149463653564,1.1576149463653564,1.1576149463653564,0
2026-03-17 15:51:00,1.1576290130615234,1.1576290130615234,1.1576290130615234,1.1576290130615234,0
2026-03-17 15:53:00,1.1577860116958618,1.1577860116958618,1.1577860116958618,1.1577860116958618,0
2026-03-17 15:55:00,1.157731056213379,1.157731056213379,1.157731056213379,1.157731056213379,0
2026-03-17 15:57:00,1.1577500104904177,1.1577500104904177,1.1577500104904177,1.1577500104904177,0
2026-03-17 15:59:00,1.1576889753341677,1.1576889753341677,1.1576889753341677,1.1576889753341677,0
2026-03-17 16:01:00,1.157662034034729,1.157662034034729,1.157662034034729,1.157662034034729,0
2026-03-17 16:03:00,1.1576000452041626,1.1576000452041626,1.1576000452041626,1.1576000452041626,0
2026-03-17 16:05:00,1.157580018043518,1.157580018043518,1.157580018043518,1.157580018043518,0
2026-03-17 16:07:00,1.1576299667358398,1.1576299667358398,1.1576299667358398,1.1576299667358398,0
2026-03-17 16:09:00,1.1576449871063232,1.1576449871063232,1.1576449871063232,1.1576449871063232,0
2026-03-17 16:11:00,1.157533049583435,1.157533049583435,1.157533049583435,1.157533049583435,0
2026-03-17 16:13:00,1.157595992088318,1.157595992088318,1.157595992088318,1.157595992088318,0
2026-03-17 16:15:00,1.1577060222625732,1.1577060222625732,1.1577060222625732,1.1577060222625732,0
2026-03-17 16:17:00,1.157776951789856,1.157776951789856,1.157776951789856,1.157776951789856,0
2026-03-17 16:19:00,1.1575429439544678,1.1575429439544678,1.1575429439544678,1.1575429439544678,0
2026-03-17 16:21:00,1.1575980186462402,1.1575980186462402,1.1575980186462402,1.1575980186462402,0
2026-03-17 16:23:00,1.1576080322265625,1.1576080322265625,1.1576080322265625,1.1576080322265625,0
2026-03-17 16:25:00,1.157681941986084,1.157681941986084,1.157681941986084,1.157681941986084,0
2026-03-17 16:27:00,1.157608985900879,1.157608985900879,1.157608985900879,1.157608985900879,0
2026-03-17 16:29:00,1.1575560569763184,1.1575560569763184,1.1575560569763184,1.1575560569763184,0
2026-03-17 16:31:00,1.1574980020523071,1.1574980020523071,1.1574980020523071,1.1574980020523071,0
2026-03-17 16:33:00,1.1575520038604736,1.1575520038604736,1.1575520038604736,1.1575520038604736,0
2026-03-17 16:35:00,1.157547950744629,1.157547950744629,1.157547950744629,1.157547950744629,0
2026-03-17 16:37:00,1.1574749946594238,1.1574749946594238,1.1574749946594238,1.1574749946594238,0
2026-03-17 16:39:00,1.1573790311813354,1.1573790311813354,1.1573790311813354,1.1573790311813354,0
2026-03-17 16:41:00,1.1574569940567017,1.1574569940567017,1.1574569940567017,1.1574569940567017,0
2026-03-17 16:43:00,1.1573909521102903,1.1573909521102903,1.1573909521102903,1.1573909521102903,0
2026-03-17 16:45:00,1.1574440002441406,1.1574440002441406,1.1574440002441406,1.1574440002441406,0
2026-03-17 16:47:00,1.157520055770874,1.157520055770874,1.157520055770874,1.157520055770874,0
2026-03-17 16:49:00,1.1574790477752686,1.1574790477752686,1.1574790477752686,1.1574790477752686,0
2026-03-17 16:51:00,1.1575839519500732,1.1575839519500732,1.1575839519500732,1.1575839519500732,0
2026-03-17 16:53:00,1.1575870513916016,1.1575870513916016,1.1575870513916016,1.1575870513916016,0
2026-03-17 16:55:00,1.1575829982757568,1.1575829982757568,1.1575829982757568,1.1575829982757568,0
2026-03-17 16:57:00,1.1577479839324951,1.1577479839324951,1.1577479839324951,1.1577479839324951,0
2026-03-17 16:59:00,1.1578019857406616,1.1578019857406616,1.1578019857406616,1.1578019857406616,0
2026-03-17 17:01:00,1.1578500270843506,1.1578500270843506,1.1578500270843506,1.1578500270843506,0
2026-03-17 17:03:00,1.1579550504684448,1.1579550504684448,1.1579550504684448,1.1579550504684448,0
2026-03-17 17:05:00,1.1579029560089111,1.1579029560089111,1.1579029560089111,1.1579029560089111,0
2026-03-17 17:07:00,1.1579509973526,1.1579509973526,1.1579509973526,1.1579509973526,0
2026-03-17 17:09:00,1.1578220129013062,1.1578220129013062,1.1578220129013062,1.1578220129013062,0
2026-03-17 17:11:00,1.1576889753341677,1.1576889753341677,1.1576889753341677,1.1576889753341677,0
2026-03-17 17:13:00,1.1577759981155396,1.1577759981155396,1.1577759981155396,1.1577759981155396,0
2026-03-17 17:15:00,1.1578400135040283,1.1578400135040283,1.1578400135040283,1.1578400135040283,0
2026-03-17 17:17:00,1.1578049659729004,1.1578049659729004,1.1578049659729004,1.1578049659729004,0
2026-03-17 17:19:00,1.1576980352401731,1.1576980352401731,1.1576980352401731,1.1576980352401731,0
2026-03-17 17:21:00,1.1576509475708008,1.1576509475708008,1.1576509475708008,1.1576509475708008,0
2026-03-17 17:23:00,1.1576800346374512,1.1576800346374512,1.1576800346374512,1.1576800346374512,0
2026-03-17 17:25:00,1.1577399969100952,1.1577399969100952,1.1577399969100952,1.1577399969100952,0
2026-03-17 17:27:00,1.157688021659851,1.157688021659851,1.157688021659851,1.157688021659851,0
2026-03-17 17:29:00,1.1575640439987185,1.1575640439987185,1.1575640439987185,1.1575640439987185,0
2026-03-17 17:31:00,1.1574970483779907,1.1574970483779907,1.1574970483779907,1.1574970483779907,0
2026-03-17 17:33:00,1.1572829484939575,1.1572829484939575,1.1572829484939575,1.1572829484939575,0
2026-03-17 17:35:00,1.1572699546813965,1.1572699546813965,1.1572699546813965,1.1572699546813965,0
2026-03-17 17:37:00,1.1573339700698853,1.1573339700698853,1.1573339700698853,1.1573339700698853,0
2026-03-17 17:39:00,1.157328963279724,1.157328963279724,1.157328963279724,1.157328963279724,0
2026-03-17 17:41:00,1.157379984855652,1.157379984855652,1.157379984855652,1.157379984855652,0
2026-03-17 17:43:00,1.1574350595474243,1.1574350595474243,1.1574350595474243,1.1574350595474243,0
2026-03-17 17:45:00,1.1573959589004517,1.1573959589004517,1.1573959589004517,1.1573959589004517,0
2026-03-17 17:47:00,1.1575579643249512,1.1575579643249512,1.1575579643249512,1.1575579643249512,0
2026-03-17 17:49:00,1.1575440168380735,1.1575440168380735,1.1575440168380735,1.1575440168380735,0
2026-03-17 17:51:00,1.1575340032577517,1.1575340032577517,1.1575340032577517,1.1575340032577517,0
2026-03-17 17:53:00,1.1576069593429563,1.1576069593429563,1.1576069593429563,1.1576069593429563,0
2026-03-17 17:55:00,1.1575889587402344,1.1575889587402344,1.1575889587402344,1.1575889587402344,0
2026-03-17 17:57:00,1.1576520204544067,1.1576520204544067,1.1576520204544067,1.1576520204544067,0
2026-03-17 17:59:00,1.1576759815216064,1.1576759815216064,1.1576759815216064,1.1576759815216064,0
2026-03-17 18:01:00,1.1577370166778564,1.1577370166778564,1.1577370166778564,1.1577370166778564,0
2026-03-17 18:03:00,1.1576110124588013,1.1576110124588013,1.1576110124588013,1.1576110124588013,0
2026-03-17 18:05:00,1.15756094455719,1.15756094455719,1.15756094455719,1.15756094455719,0
2026-03-17 18:07:00,1.1574699878692627,1.1574699878692627,1.1574699878692627,1.1574699878692627,0
2026-03-17 18:09:00,1.1573959589004517,1.1573959589004517,1.1573959589004517,1.1573959589004517,0
2026-03-17 18:11:00,1.1573280096054075,1.1573280096054075,1.1573280096054075,1.1573280096054075,0
2026-03-17 18:13:00,1.1574759483337402,1.1574759483337402,1.1574759483337402,1.1574759483337402,0
2026-03-17 18:15:00,1.1574740409851074,1.1574740409851074,1.1574740409851074,1.1574740409851074,0
2026-03-17 18:17:00,1.1574389934539795,1.1574389934539795,1.1574389934539795,1.1574389934539795,0
2026-03-17 18:19:00,1.157323956489563,1.157323956489563,1.157323956489563,1.157323956489563,0
2026-03-17 18:21:00,1.1573519706726074,1.1573519706726074,1.1573519706726074,1.1573519706726074,0
2026-03-17 18:23:00,1.1572740077972412,1.1572740077972412,1.1572740077972412,1.1572740077972412,0
2026-03-17 18:25:00,1.1572400331497192,1.1572400331497192,1.1572400331497192,1.1572400331497192,0
2026-03-17 18:27:00,1.157263994216919,1.157263994216919,1.157263994216919,1.157263994216919,0
2026-03-17 18:29:00,1.1572519540786743,1.1572519540786743,1.1572519540786743,1.1572519540786743,0
2026-03-17 18:31:00,1.1574490070343018,1.1574490070343018,1.1574490070343018,1.1574490070343018,0
2026-03-17 18:33:00,1.1574569940567017,1.1574569940567017,1.1574569940567017,1.1574569940567017,0
2026-03-17 18:35:00,1.1574640274047852,1.1574640274047852,1.1574640274047852,1.1574640274047852,0
2026-03-17 18:37:00,1.1575160026550293,1.1575160026550293,1.1575160026550293,1.1575160026550293,0
2026-03-17 18:39:00,1.157526969909668,1.157526969909668,1.157526969909668,1.157526969909668,0
2026-03-17 18:41:00,1.157480001449585,1.157480001449585,1.157480001449585,1.157480001449585,0
2026-03-17 18:43:00,1.1574729681015017,1.1574729681015017,1.1574729681015017,1.1574729681015017,0
2026-03-17 18:45:00,1.1574889421463013,1.1574889421463013,1.1574889421463013,1.1574889421463013,0
2026-03-17 18:47:00,1.1574879884719849,1.1574879884719849,1.1574879884719849,1.1574879884719849,0
2026-03-17 18:49:00,1.1574950218200684,1.1574950218200684,1.1574950218200684,1.1574950218200684,0
2026-03-17 18:51:00,1.157480001449585,1.157480001449585,1.157480001449585,1.157480001449585,0
2026-03-17 18:53:00,1.1575089693069458,1.1575089693069458,1.1575089693069458,1.1575089693069458,0
2026-03-17 18:55:00,1.157513976097107,1.157513976097107,1.157513976097107,1.157513976097107,0
2026-03-17 18:57:00,1.157485008239746,1.157485008239746,1.157485008239746,1.157485008239746,0
2026-03-17 18:59:00,1.157547950744629,1.157547950744629,1.157547950744629,1.157547950744629,0
2026-03-17 19:01:00,1.1574909687042236,1.1574909687042236,1.1574909687042236,1.1574909687042236,0
2026-03-17 19:03:00,1.157410979270935,1.157410979270935,1.157410979270935,1.157410979270935,0
2026-03-17 19:05:00,1.1575340032577517,1.1575340032577517,1.1575340032577517,1.1575340032577517,0
2026-03-17 19:07:00,1.1574690341949463,1.1574690341949463,1.1574690341949463,1.1574690341949463,0
2026-03-17 19:09:00,1.1574909687042236,1.1574909687042236,1.1574909687042236,1.1574909687042236,0
2026-03-17 19:11:00,1.1574970483779907,1.1574970483779907,1.1574970483779907,1.1574970483779907,0
2026-03-17 19:13:00,1.1576600074768066,1.1576600074768066,1.1576600074768066,1.1576600074768066,0
2026-03-17 19:15:00,1.157688021659851,1.157688021659851,1.157688021659851,1.157688021659851,0
2026-03-17 19:17:00,1.1578199863433838,1.1578199863433838,1.1578199863433838,1.1578199863433838,0
2026-03-17 19:19:00,1.157858967781067,1.157858967781067,1.157858967781067,1.157858967781067,0
2026-03-17 19:21:00,1.157958984375,1.157958984375,1.157958984375,1.157958984375,0
2026-03-17 19:23:00,1.1578199863433838,1.1578199863433838,1.1578199863433838,1.1578199863433838,0
2026-03-17 19:25:00,1.1577860116958618,1.1577860116958618,1.1577860116958618,1.1577860116958618,0
2026-03-17 19:27:00,1.157763957977295,1.157763957977295,1.157763957977295,1.157763957977295,0
2026-03-17 19:29:00,1.157750964164734,1.157750964164734,1.157750964164734,1.157750964164734,0
2026-03-17 19:31:00,1.1578030586242676,1.1578030586242676,1.1578030586242676,1.1578030586242676,0
2026-03-17 19:33:00,1.1578270196914673,1.1578270196914673,1.1578270196914673,1.1578270196914673,0
2026-03-17 19:35:00,1.1578190326690674,1.1578190326690674,1.1578190326690674,1.1578190326690674,0
2026-03-17 19:37:00,1.1578489542007446,1.1578489542007446,1.1578489542007446,1.1578489542007446,0
2026-03-17 19:39:00,1.1578229665756226,1.1578229665756226,1.1578229665756226,1.1578229665756226,0
2026-03-17 19:41:00,1.157762050628662,1.157762050628662,1.157762050628662,1.157762050628662,0
2026-03-17 19:43:00,1.15774405002594,1.15774405002594,1.15774405002594,1.15774405002594,0
2026-03-17 19:45:00,1.157783031463623,1.157783031463623,1.157783031463623,1.157783031463623,0
2026-03-17 19:47:00,1.1578439474105835,1.1578439474105835,1.1578439474105835,1.1578439474105835,0
2026-03-17 19:49:00,1.1578340530395508,1.1578340530395508,1.1578340530395508,1.1578340530395508,0
2026-03-17 19:51:00,1.1577739715576172,1.1577739715576172,1.1577739715576172,1.1577739715576172,0
2026-03-17 19:53:00,1.1577190160751345,1.1577190160751345,1.1577190160751345,1.1577190160751345,0
2026-03-17 19:55:00,1.1577520370483398,1.1577520370483398,1.1577520370483398,1.1577520370483398,0
2026-03-17 19:57:00,1.1576249599456787,1.1576249599456787,1.1576249599456787,1.1576249599456787,0
2026-03-17 19:59:00,1.1575570106506348,1.1575570106506348,1.1575570106506348,1.1575570106506348,0
2026-03-17 20:01:00,1.1575740575790403,1.1575740575790403,1.1575740575790403,1.1575740575790403,0
2026-03-17 20:03:00,1.157580018043518,1.157580018043518,1.157580018043518,1.157580018043518,0
2026-03-17 20:05:00,1.1575709581375122,1.1575709581375122,1.1575709581375122,1.1575709581375122,0
2026-03-17 20:07:00,1.15756094455719,1.15756094455719,1.15756094455719,1.15756094455719,0
2026-03-17 20:09:00,1.15756094455719,1.15756094455719,1.15756094455719,1.15756094455719,0
2026-03-17 20:11:00,1.15755295753479,1.15755295753479,1.15755295753479,1.15755295753479,0
2026-03-17 20:13:00,1.157451033592224,1.157451033592224,1.157451033592224,1.157451033592224,0
2026-03-17 20:15:00,1.1574620008468628,1.1574620008468628,1.1574620008468628,1.1574620008468628,0
2026-03-17 20:17:00,1.1573669910430908,1.1573669910430908,1.1573669910430908,1.1573669910430908,0
2026-03-17 20:19:00,1.1574749946594238,1.1574749946594238,1.1574749946594238,1.1574749946594238,0
2026-03-17 20:21:00,1.1574280261993408,1.1574280261993408,1.1574280261993408,1.1574280261993408,0
2026-03-17 20:23:00,1.157410979270935,1.157410979270935,1.157410979270935,1.157410979270935,0
2026-03-17 20:25:00,1.1574180126190186,1.1574180126190186,1.1574180126190186,1.1574180126190186,0
2026-03-17 20:27:00,1.157418966293335,1.157418966293335,1.157418966293335,1.157418966293335,0
2026-03-17 20:29:00,1.157349944114685,1.157349944114685,1.157349944114685,1.157349944114685,0
2026-03-17 20:31:00,1.157379984855652,1.157379984855652,1.157379984855652,1.157379984855652,0
2026-03-17 20:33:00,1.1574180126190186,1.1574180126190186,1.1574180126190186,1.1574180126190186,0
2026-03-17 20:35:00,1.157441020011902,1.157441020011902,1.157441020011902,1.157441020011902,0
2026-03-17 20:37:00,1.1574549674987793,1.1574549674987793,1.1574549674987793,1.1574549674987793,0
2026-03-17 20:39:00,1.157389998435974,1.157389998435974,1.157389998435974,1.157389998435974,0
2026-03-17 20:41:00,1.157377004623413,1.157377004623413,1.157377004623413,1.157377004623413,0
2026-03-17 20:43:00,1.1574000120162964,1.1574000120162964,1.1574000120162964,1.1574000120162964,0
2026-03-17 20:45:00,1.1573090553283691,1.1573090553283691,1.1573090553283691,1.1573090553283691,0
2026-03-17 20:47:00,1.1572810411453247,1.1572810411453247,1.1572810411453247,1.1572810411453247,0
2026-03-17 20:49:00,1.1572610139846802,1.1572610139846802,1.1572610139846802,1.1572610139846802,0
2026-03-17 20:51:00,1.1572860479354858,1.1572860479354858,1.1572860479354858,1.1572860479354858,0
2026-03-17 20:53:00,1.157304048538208,1.157304048538208,1.157304048538208,1.157304048538208,0
2026-03-17 20:55:00,1.1573439836502075,1.1573439836502075,1.1573439836502075,1.1573439836502075,0
2026-03-17 20:57:00,1.1574749946594238,1.1574749946594238,1.1574749946594238,1.1574749946594238,0
2026-03-17 20:59:00,1.15726900100708,1.15726900100708,1.15726900100708,1.15726900100708,0
2026-03-17 21:01:00,1.1575740575790403,1.1575740575790403,1.1575740575790403,1.1575740575790403,0
2026-03-17 21:03:00,1.1575870513916016,1.1575870513916016,1.1575870513916016,1.1575870513916016,0
2026-03-17 21:05:00,1.1575590372085571,1.1575590372085571,1.1575590372085571,1.1575590372085571,0
2026-03-17 21:07:00,1.15760600566864,1.15760600566864,1.15760600566864,1.15760600566864,0
2026-03-17 21:09:00,1.1573840379714966,1.1573840379714966,1.1573840379714966,1.1573840379714966,0
2026-03-17 21:11:00,1.158079981803894,1.158079981803894,1.158079981803894,1.158079981803894,0
2026-03-17 21:13:00,1.157907009124756,1.157907009124756,1.157907009124756,1.157907009124756,0
2026-03-17 21:15:00,1.1577939987182615,1.1577939987182615,1.1577939987182615,1.1577939987182615,0
2026-03-17 21:17:00,1.1577730178833008,1.1577730178833008,1.1577730178833008,1.1577730178833008,0
2026-03-17 21:19:00,1.1579020023345947,1.1579020023345947,1.1579020023345947,1.1579020023345947,0
2026-03-17 21:21:00,1.157910943031311,1.157910943031311,1.157910943031311,1.157910943031311,0
2026-03-17 21:23:00,1.1579560041427612,1.1579560041427612,1.1579560041427612,1.1579560041427612,0
2026-03-17 21:25:00,1.157873034477234,1.157873034477234,1.157873034477234,1.157873034477234,0
2026-03-17 21:27:00,1.1577340364456177,1.1577340364456177,1.1577340364456177,1.1577340364456177,0
2026-03-17 21:29:00,1.1577119827270508,1.1577119827270508,1.1577119827270508,1.1577119827270508,0
2026-03-17 21:31:00,1.1577579975128174,1.1577579975128174,1.1577579975128174,1.1577579975128174,0
2026-03-17 21:33:00,1.1577149629592896,1.1577149629592896,1.1577149629592896,1.1577149629592896,0
2026-03-17 21:35:00,1.1578470468521118,1.1578470468521118,1.1578470468521118,1.1578470468521118,0
2026-03-17 21:37:00,1.1578480005264282,1.1578480005264282,1.1578480005264282,1.1578480005264282,0
2026-03-17 21:39:00,1.157878041267395,1.157878041267395,1.157878041267395,1.157878041267395,0
2026-03-17 21:41:00,1.157910943031311,1.157910943031311,1.157910943031311,1.157910943031311,0
2026-03-17 21:43:00,1.157948017120361,1.157948017120361,1.157948017120361,1.157948017120361,0
2026-03-17 21:45:00,1.157884955406189,1.157884955406189,1.157884955406189,1.157884955406189,0
2026-03-17 21:47:00,1.1579010486602783,1.1579010486602783,1.1579010486602783,1.1579010486602783,0
2026-03-17 21:49:00,1.1578760147094729,1.1578760147094729,1.1578760147094729,1.1578760147094729,0
2026-03-17 21:51:00,1.1579259634017944,1.1579259634017944,1.1579259634017944,1.1579259634017944,0
2026-03-17 21:53:00,1.157855987548828,1.157855987548828,1.157855987548828,1.157855987548828,0
2026-03-17 21:55:00,1.157884955406189,1.157884955406189,1.157884955406189,1.157884955406189,0
2026-03-17 21:57:00,1.1576629877090454,1.1576629877090454,1.1576629877090454,1.1576629877090454,0
2026-03-17 21:59:00,1.1579500436782837,1.1579500436782837,1.1579500436782837,1.1579500436782837,0
2026-03-17 22:01:00,1.1577719449996948,1.1577719449996948,1.1577719449996948,1.1577719449996948,0
2026-03-17 22:03:00,1.1577399969100952,1.1577399969100952,1.1577399969100952,1.1577399969100952,0
2026-03-17 22:05:00,1.1576850414276123,1.1576850414276123,1.1576850414276123,1.1576850414276123,0
2026-03-17 22:07:00,1.1577860116958618,1.1577860116958618,1.1577860116958618,1.1577860116958618,0
2026-03-17 22:09:00,1.1576730012893677,1.1576730012893677,1.1576730012893677,1.1576730012893677,0
2026-03-17 22:11:00,1.1575299501419067,1.1575299501419067,1.1575299501419067,1.1575299501419067,0
2026-03-17 22:13:00,1.157418966293335,1.157418966293335,1.157418966293335,1.157418966293335,0
2026-03-17 22:15:00,1.1574089527130127,1.1574089527130127,1.1574089527130127,1.1574089527130127,0
2026-03-17 22:17:00,1.1573950052261353,1.1573950052261353,1.1573950052261353,1.1573950052261353,0
2026-03-17 22:19:00,1.1573909521102903,1.1573909521102903,1.1573909521102903,1.1573909521102903,0
2026-03-17 22:21:00,1.1574360132217407,1.1574360132217407,1.1574360132217407,1.1574360132217407,0
2026-03-17 22:23:00,1.1573710441589355,1.1573710441589355,1.1573710441589355,1.1573710441589355,0
2026-03-17 22:25:00,1.1574039459228516,1.1574039459228516,1.1574039459228516,1.1574039459228516,0
2026-03-17 22:27:00,1.157485008239746,1.157485008239746,1.157485008239746,1.157485008239746,0
2026-03-17 22:29:00,1.157539963722229,1.157539963722229,1.157539963722229,1.157539963722229,0
2026-03-17 22:31:00,1.15754497051239,1.15754497051239,1.15754497051239,1.15754497051239,0
2026-03-17 22:33:00,1.157670974731445,1.157670974731445,1.157670974731445,1.157670974731445,0
2026-03-17 22:35:00,1.157660961151123,1.157660961151123,1.157660961151123,1.157660961151123,0
2026-03-17 22:37:00,1.1577670574188232,1.1577670574188232,1.1577670574188232,1.1577670574188232,0
2026-03-17 22:39:00,1.1576980352401731,1.1576980352401731,1.1576980352401731,1.1576980352401731,0
2026-03-17 22:41:00,1.157626032829285,1.157626032829285,1.157626032829285,1.157626032829285,0
2026-03-17 22:43:00,1.157657027244568,1.157657027244568,1.157657027244568,1.157657027244568,0
2026-03-17 22:45:00,1.1577030420303345,1.1577030420303345,1.1577030420303345,1.1577030420303345,0
2026-03-17 22:47:00,1.1576889753341677,1.1576889753341677,1.1576889753341677,1.1576889753341677,0
2026-03-17 22:49:00,1.157670974731445,1.157670974731445,1.157670974731445,1.157670974731445,0
2026-03-17 22:51:00,1.157768964767456,1.157768964767456,1.157768964767456,1.157768964767456,0
2026-03-17 22:53:00,1.1577359437942505,1.1577359437942505,1.1577359437942505,1.1577359437942505,0
2026-03-17 22:55:00,1.1577080488204956,1.1577080488204956,1.1577080488204956,1.1577080488204956,0
2026-03-17 22:57:00,1.15774405002594,1.15774405002594,1.15774405002594,1.15774405002594,0
2026-03-17 22:59:00,1.157647967338562,1.157647967338562,1.157647967338562,1.157647967338562,0
2026-03-17 23:01:00,1.157688021659851,1.157688021659851,1.157688021659851,1.157688021659851,0
2026-03-17 23:03:00,1.1577069759368896,1.1577069759368896,1.1577069759368896,1.1577069759368896,0
2026-03-17 23:05:00,1.1577709913253784,1.1577709913253784,1.1577709913253784,1.1577709913253784,0
2026-03-17 23:07:00,1.157768964767456,1.157768964767456,1.157768964767456,1.157768964767456,0
2026-03-17 23:09:00,1.157639980316162,1.157639980316162,1.157639980316162,1.157639980316162,0
2026-03-17 23:11:00,1.157662034034729,1.157662034034729,1.157662034034729,1.157662034034729,0
2026-03-17 23:13:00,1.1576509475708008,1.1576509475708008,1.1576509475708008,1.1576509475708008,0
2026-03-17 23:15:00,1.157729983329773,1.157729983329773,1.157729983329773,1.157729983329773,0
2026-03-17 23:17:00,1.1576969623565674,1.1576969623565674,1.1576969623565674,1.1576969623565674,0
2026-03-17 23:19:00,1.1576189994812012,1.1576189994812012,1.1576189994812012,1.1576189994812012,0
2026-03-17 23:21:00,1.1576499938964844,1.1576499938964844,1.1576499938964844,1.1576499938964844,0
2026-03-17 23:23:00,1.157639980316162,1.157639980316162,1.157639980316162,1.157639980316162,0
2026-03-17 23:25:00,1.157639980316162,1.157639980316162,1.157639980316162,1.157639980316162,0
2026-03-17 23:27:00,1.1576379537582395,1.1576379537582395,1.1576379537582395,1.1576379537582395,0
2026-03-17 23:29:00,1.157562017440796,1.157562017440796,1.157562017440796,1.157562017440796,0
2026-03-17 23:31:00,1.1576310396194458,1.1576310396194458,1.1576310396194458,1.1576310396194458,0
2026-03-17 23:33:00,1.157539963722229,1.157539963722229,1.157539963722229,1.157539963722229,0
2026-03-17 23:35:00,1.1576590538024902,1.1576590538024902,1.1576590538024902,1.1576590538024902,0
2026-03-17 23:37:00,1.1575599908828735,1.1575599908828735,1.1575599908828735,1.1575599908828735,0
2026-03-17 23:39:00,1.1574749946594238,1.1574749946594238,1.1574749946594238,1.1574749946594238,0
2026-03-17 23:41:00,1.15756094455719,1.15756094455719,1.15756094455719,1.15756094455719,0
2026-03-17 23:43:00,1.1575720310211182,1.1575720310211182,1.1575720310211182,1.1575720310211182,0
2026-03-17 23:45:00,1.1576149463653564,1.1576149463653564,1.1576149463653564,1.1576149463653564,0
2026-03-17 23:47:00,1.1575590372085571,1.1575590372085571,1.1575590372085571,1.1575590372085571,0
2026-03-17 23:49:00,1.157575011253357,1.157575011253357,1.157575011253357,1.157575011253357,0
2026-03-17 23:51:00,1.1575440168380735,1.1575440168380735,1.1575440168380735,1.1575440168380735,0
2026-03-17 23:53:00,1.157565951347351,1.157565951347351,1.157565951347351,1.157565951347351,0
2026-03-17 23:55:00,1.1576249599456787,1.1576249599456787,1.1576249599456787,1.1576249599456787,0
2026-03-17 23:57:00,1.1577149629592896,1.1577149629592896,1.1577149629592896,1.1577149629592896,0
2026-03-18 00:01:00,1.1577680110931396,1.1577680110931396,1.1577680110931396,1.1577680110931396,0
2026-03-18 00:03:00,1.1576939821243286,1.1576939821243286,1.1576939821243286,1.1576939821243286,0
2026-03-18 00:05:00,1.1576550006866455,1.1576550006866455,1.1576550006866455,1.1576550006866455,0
2026-03-18 00:07:00,1.1576720476150513,1.1576720476150513,1.1576720476150513,1.1576720476150513,0
2026-03-18 00:09:00,1.1576030254364014,1.1576030254364014,1.1576030254364014,1.1576030254364014,0
2026-03-18 00:11:00,1.157655954360962,1.157655954360962,1.157655954360962,1.157655954360962,0
2026-03-18 00:13:00,1.1576900482177734,1.1576900482177734,1.1576900482177734,1.1576900482177734,0
2026-03-18 00:15:00,1.157628059387207,1.157628059387207,1.157628059387207,1.157628059387207,0
2026-03-18 00:17:00,1.1575429439544678,1.1575429439544678,1.1575429439544678,1.1575429439544678,0
2026-03-18 00:19:00,1.157485008239746,1.157485008239746,1.157485008239746,1.157485008239746,0
2026-03-18 00:21:00,1.157454013824463,1.157454013824463,1.157454013824463,1.157454013824463,0
2026-03-18 00:23:00,1.157539963722229,1.157539963722229,1.157539963722229,1.157539963722229,0
2026-03-18 00:25:00,1.1576180458068848,1.1576180458068848,1.1576180458068848,1.1576180458068848,0
2026-03-18 00:27:00,1.157533049583435,1.157533049583435,1.157533049583435,1.157533049583435,0
2026-03-18 00:29:00,1.1575889587402344,1.1575889587402344,1.1575889587402344,1.1575889587402344,0
2026-03-18 00:31:00,1.1576509475708008,1.1576509475708008,1.1576509475708008,1.1576509475708008,0
2026-03-18 00:33:00,1.157709002494812,1.157709002494812,1.157709002494812,1.157709002494812,0
2026-03-18 00:35:00,1.157791018486023,1.157791018486023,1.157791018486023,1.157791018486023,0
2026-03-18 00:37:00,1.1577119827270508,1.1577119827270508,1.1577119827270508,1.1577119827270508,0
2026-03-18 00:39:00,1.1577060222625732,1.1577060222625732,1.1577060222625732,1.1577060222625732,0
2026-03-18 00:41:00,1.15768301486969,1.15768301486969,1.15768301486969,1.15768301486969,0
2026-03-18 00:43:00,1.1576100587844849,1.1576100587844849,1.1576100587844849,1.1576100587844849,0
2026-03-18 00:45:00,1.1577140092849731,1.1577140092849731,1.1577140092849731,1.1577140092849731,0
2026-03-18 00:47:00,1.157749056816101,1.157749056816101,1.157749056816101,1.157749056816101,0
2026-03-18 00:49:00,1.1577030420303345,1.1577030420303345,1.1577030420303345,1.1577030420303345,0
2026-03-18 00:51:00,1.1576370000839231,1.1576370000839231,1.1576370000839231,1.1576370000839231,0
2026-03-18 00:53:00,1.157709002494812,1.157709002494812,1.157709002494812,1.157709002494812,0
2026-03-18 00:55:00,1.1577479839324951,1.1577479839324951,1.1577479839324951,1.1577479839324951,0
2026-03-18 00:57:00,1.157670974731445,1.157670974731445,1.157670974731445,1.157670974731445,0
2026-03-18 00:59:00,1.157696008682251,1.157696008682251,1.157696008682251,1.157696008682251,0
2026-03-18 01:01:00,1.157776951789856,1.157776951789856,1.157776951789856,1.157776951789856,0
2026-03-18 01:03:00,1.1577650308609009,1.1577650308609009,1.1577650308609009,1.1577650308609009,0
2026-03-18 01:05:00,1.157878041267395,1.157878041267395,1.157878041267395,1.157878041267395,0
2026-03-18 01:07:00,1.1578060388565063,1.1578060388565063,1.1578060388565063,1.1578060388565063,0
2026-03-18 01:09:00,1.1578400135040283,1.1578400135040283,1.1578400135040283,1.1578400135040283,0
2026-03-18 01:11:00,1.1578409671783447,1.1578409671783447,1.1578409671783447,1.1578409671783447,0
2026-03-18 01:13:00,1.1577529907226562,1.1577529907226562,1.1577529907226562,1.1577529907226562,0
2026-03-18 01:15:00,1.1577210426330566,1.1577210426330566,1.1577210426330566,1.1577210426330566,0
2026-03-18 01:17:00,1.1577650308609009,1.1577650308609009,1.1577650308609009,1.1577650308609009,0
2026-03-18 01:19:00,1.157768964767456,1.157768964767456,1.157768964767456,1.157768964767456,0
2026-03-18 01:21:00,1.1577650308609009,1.1577650308609009,1.1577650308609009,1.1577650308609009,0
2026-03-18 01:23:00,1.1577750444412231,1.1577750444412231,1.1577750444412231,1.1577750444412231,0
2026-03-18 01:25:00,1.1577739715576172,1.1577739715576172,1.1577739715576172,1.1577739715576172,0
2026-03-18 01:27:00,1.1578110456466677,1.1578110456466677,1.1578110456466677,1.1578110456466677,0
2026-03-18 01:29:00,1.157750964164734,1.157750964164734,1.157750964164734,1.157750964164734,0
2026-03-18 01:31:00,1.157721996307373,1.157721996307373,1.157721996307373,1.157721996307373,0
2026-03-18 01:33:00,1.1577359437942505,1.1577359437942505,1.1577359437942505,1.1577359437942505,0
2026-03-18 01:35:00,1.157762050628662,1.157762050628662,1.157762050628662,1.157762050628662,0
2026-03-18 01:37:00,1.1576550006866455,1.1576550006866455,1.1576550006866455,1.1576550006866455,0
2026-03-18 01:39:00,1.1576800346374512,1.1576800346374512,1.1576800346374512,1.1576800346374512,0
2026-03-18 01:41:00,1.1577149629592896,1.1577149629592896,1.1577149629592896,1.1577149629592896,0
2026-03-18 01:43:00,1.1577650308609009,1.1577650308609009,1.1577650308609009,1.1577650308609009,0
2026-03-18 01:45:00,1.1577329635620115,1.1577329635620115,1.1577329635620115,1.1577329635620115,0
2026-03-18 01:47:00,1.1577099561691284,1.1577099561691284,1.1577099561691284,1.1577099561691284,0
2026-03-18 01:49:00,1.157662034034729,1.157662034034729,1.157662034034729,1.157662034034729,0
2026-03-18 01:51:00,1.157662034034729,1.157662034034729,1.157662034034729,1.157662034034729,0
2026-03-18 01:53:00,1.1577110290527344,1.1577110290527344,1.1577110290527344,1.1577110290527344,0
2026-03-18 01:55:00,1.157670021057129,1.157670021057129,1.157670021057129,1.157670021057129,0
2026-03-18 01:57:00,1.1577240228652954,1.1577240228652954,1.1577240228652954,1.1577240228652954,0
2026-03-18 01:59:00,1.1577370166778564,1.1577370166778564,1.1577370166778564,1.1577370166778564,0
2026-03-18 02:01:00,1.1578099727630615,1.1578099727630615,1.1578099727630615,1.1578099727630615,0
2026-03-18 02:03:00,1.1577240228652954,1.1577240228652954,1.1577240228652954,1.1577240228652954,0
2026-03-18 02:05:00,1.1577149629592896,1.1577149629592896,1.1577149629592896,1.1577149629592896,0
2026-03-18 02:07:00,1.1576889753341677,1.1576889753341677,1.1576889753341677,1.1576889753341677,0
2026-03-18 02:09:00,1.1576130390167236,1.1576130390167236,1.1576130390167236,1.1576130390167236,0
2026-03-18 02:11:00,1.1576130390167236,1.1576130390167236,1.1576130390167236,1.1576130390167236,0
2026-03-18 02:13:00,1.1576379537582395,1.1576379537582395,1.1576379537582395,1.1576379537582395,0
2026-03-18 02:15:00,1.157588005065918,1.157588005065918,1.157588005065918,1.157588005065918,0
2026-03-18 02:17:00,1.1576509475708008,1.1576509475708008,1.1576509475708008,1.1576509475708008,0
2026-03-18 02:19:00,1.1576290130615234,1.1576290130615234,1.1576290130615234,1.1576290130615234,0
2026-03-18 02:21:00,1.15766704082489,1.15766704082489,1.15766704082489,1.15766704082489,0
2026-03-18 02:23:00,1.157636046409607,1.157636046409607,1.157636046409607,1.157636046409607,0
2026-03-18 02:25:00,1.1576420068740845,1.1576420068740845,1.1576420068740845,1.1576420068740845,0
2026-03-18 02:27:00,1.1576390266418457,1.1576390266418457,1.1576390266418457,1.1576390266418457,0
2026-03-18 02:29:00,1.1576449871063232,1.1576449871063232,1.1576449871063232,1.1576449871063232,0
2026-03-18 02:31:00,1.1576470136642456,1.1576470136642456,1.1576470136642456,1.1576470136642456,0
2026-03-18 02:33:00,1.1577080488204956,1.1577080488204956,1.1577080488204956,1.1577080488204956,0
2026-03-18 02:35:00,1.157709002494812,1.157709002494812,1.157709002494812,1.157709002494812,0
2026-03-18 02:37:00,1.1577709913253784,1.1577709913253784,1.1577709913253784,1.1577709913253784,0
2026-03-18 02:39:00,1.1577980518341064,1.1577980518341064,1.1577980518341064,1.1577980518341064,0
2026-03-18 02:41:00,1.1578149795532229,1.1578149795532229,1.1578149795532229,1.1578149795532229,0
2026-03-18 02:43:00,1.157791018486023,1.157791018486023,1.157791018486023,1.157791018486023,0
2026-03-18 02:45:00,1.157824993133545,1.157824993133545,1.157824993133545,1.157824993133545,0
2026-03-18 02:47:00,1.1578110456466677,1.1578110456466677,1.1578110456466677,1.1578110456466677,0
2026-03-18 02:49:00,1.1577789783477783,1.1577789783477783,1.1577789783477783,1.1577789783477783,0
2026-03-18 02:51:00,1.1577670574188232,1.1577670574188232,1.1577670574188232,1.1577670574188232,0
2026-03-18 02:53:00,1.157804012298584,1.157804012298584,1.157804012298584,1.157804012298584,0
2026-03-18 02:55:00,1.157768964767456,1.157768964767456,1.157768964767456,1.157768964767456,0
2026-03-18 02:57:00,1.1578010320663452,1.1578010320663452,1.1578010320663452,1.1578010320663452,0
2026-03-18 02:59:00,1.1578290462493896,1.1578290462493896,1.1578290462493896,1.1578290462493896,0
2026-03-18 03:01:00,1.1577880382537842,1.1577880382537842,1.1577880382537842,1.1577880382537842,0
2026-03-18 03:03:00,1.1577520370483398,1.1577520370483398,1.1577520370483398,1.1577520370483398,0
2026-03-18 03:05:00,1.1577459573745728,1.1577459573745728,1.1577459573745728,1.1577459573745728,0
2026-03-18 03:07:00,1.1577069759368896,1.1577069759368896,1.1577069759368896,1.1577069759368896,0
2026-03-18 03:09:00,1.15774405002594,1.15774405002594,1.15774405002594,1.15774405002594,0
2026-03-18 03:11:00,1.1577260494232178,1.1577260494232178,1.1577260494232178,1.1577260494232178,0
2026-03-18 03:13:00,1.1577550172805786,1.1577550172805786,1.1577550172805786,1.1577550172805786,0
2026-03-18 03:15:00,1.157757043838501,1.157757043838501,1.157757043838501,1.157757043838501,0
2026-03-18 03:17:00,1.1577420234680176,1.1577420234680176,1.1577420234680176,1.1577420234680176,0
2026-03-18 03:19:00,1.157778024673462,1.157778024673462,1.157778024673462,1.157778024673462,0
2026-03-18 03:21:00,1.1577860116958618,1.1577860116958618,1.1577860116958618,1.1577860116958618,0
2026-03-18 03:23:00,1.1578329801559448,1.1578329801559448,1.1578329801559448,1.1578329801559448,0
2026-03-18 03:25:00,1.1578140258789062,1.1578140258789062,1.1578140258789062,1.1578140258789062,0
2026-03-18 03:27:00,1.1578060388565063,1.1578060388565063,1.1578060388565063,1.1578060388565063,0
2026-03-18 03:29:00,1.157789945602417,1.157789945602417,1.157789945602417,1.157789945602417,0
2026-03-18 03:31:00,1.157791018486023,1.157791018486023,1.157791018486023,1.157791018486023,0
2026-03-18 03:33:00,1.157796025276184,1.157796025276184,1.157796025276184,1.157796025276184,0
2026-03-18 03:35:00,1.1577889919281006,1.1577889919281006,1.1577889919281006,1.1577889919281006,0
2026-03-18 03:37:00,1.157781004905701,1.157781004905701,1.157781004905701,1.157781004905701,0
2026-03-18 03:39:00,1.1578210592269895,1.1578210592269895,1.1578210592269895,1.1578210592269895,0
2026-03-18 03:41:00,1.1578019857406616,1.1578019857406616,1.1578019857406616,1.1578019857406616,0
2026-03-18 03:43:00,1.1578030586242676,1.1578030586242676,1.1578030586242676,1.1578030586242676,0
2026-03-18 03:45:00,1.1578110456466677,1.1578110456466677,1.1578110456466677,1.1578110456466677,0
2026-03-18 03:47:00,1.1579010486602783,1.1579010486602783,1.1579010486602783,1.1579010486602783,0
2026-03-18 03:49:00,1.1579129695892334,1.1579129695892334,1.1579129695892334,1.1579129695892334,0
2026-03-18 03:51:00,1.1578969955444336,1.1578969955444336,1.1578969955444336,1.1578969955444336,0
2026-03-18 03:53:00,1.1579060554504397,1.1579060554504397,1.1579060554504397,1.1579060554504397,0
2026-03-18 03:55:00,1.1578969955444336,1.1578969955444336,1.1578969955444336,1.1578969955444336,0
2026-03-18 03:57:00,1.1579539775848389,1.1579539775848389,1.1579539775848389,1.1579539775848389,0
2026-03-18 03:59:00,1.1579740047454834,1.1579740047454834,1.1579740047454834,1.1579740047454834,0
2026-03-18 04:01:00,1.1580400466918943,1.1580400466918943,1.1580400466918943,1.1580400466918943,0
2026-03-18 04:03:00,1.1580029726028442,1.1580029726028442,1.1580029726028442,1.1580029726028442,0
2026-03-18 04:05:00,1.1579869985580444,1.1579869985580444,1.1579869985580444,1.1579869985580444,0
2026-03-18 04:07:00,1.15788996219635,1.15788996219635,1.15788996219635,1.15788996219635,0
2026-03-18 04:09:00,1.1578530073165894,1.1578530073165894,1.1578530073165894,1.1578530073165894,0
2026-03-18 04:11:00,1.1578530073165894,1.1578530073165894,1.1578530073165894,1.1578530073165894,0
2026-03-18 04:13:00,1.1578669548034668,1.1578669548034668,1.1578669548034668,1.1578669548034668,0
2026-03-18 04:15:00,1.1578550338745115,1.1578550338745115,1.1578550338745115,1.1578550338745115,0
2026-03-18 04:17:00,1.1578969955444336,1.1578969955444336,1.1578969955444336,1.1578969955444336,0
2026-03-18 04:19:00,1.15788996219635,1.15788996219635,1.15788996219635,1.15788996219635,0
2026-03-18 04:21:00,1.1579489707946775,1.1579489707946775,1.1579489707946775,1.1579489707946775,0
2026-03-18 04:23:00,1.1579060554504397,1.1579060554504397,1.1579060554504397,1.1579060554504397,0
2026-03-18 04:25:00,1.157938003540039,1.157938003540039,1.157938003540039,1.157938003540039,0
2026-03-18 04:27:00,1.1579519510269165,1.1579519510269165,1.1579519510269165,1.1579519510269165,0
2026-03-18 04:29:00,1.1580380201339722,1.1580380201339722,1.1580380201339722,1.1580380201339722,0
2026-03-18 04:31:00,1.1579439640045166,1.1579439640045166,1.1579439640045166,1.1579439640045166,0
2026-03-18 04:33:00,1.1579569578170776,1.1579569578170776,1.1579569578170776,1.1579569578170776,0
2026-03-18 04:35:00,1.1579790115356443,1.1579790115356443,1.1579790115356443,1.1579790115356443,0
2026-03-18 04:37:00,1.157945990562439,1.157945990562439,1.157945990562439,1.157945990562439,0
2026-03-18 04:39:00,1.157960057258606,1.157960057258606,1.157960057258606,1.157960057258606,0
2026-03-18 04:41:00,1.1579300165176392,1.1579300165176392,1.1579300165176392,1.1579300165176392,0
2026-03-18 04:43:00,1.157907009124756,1.157907009124756,1.157907009124756,1.157907009124756,0
2026-03-18 04:45:00,1.1578840017318726,1.1578840017318726,1.1578840017318726,1.1578840017318726,0
2026-03-18 04:47:00,1.157865047454834,1.157865047454834,1.157865047454834,1.157865047454834,0
2026-03-18 04:49:00,1.157858967781067,1.157858967781067,1.157858967781067,1.157858967781067,0
2026-03-18 04:51:00,1.1579060554504397,1.1579060554504397,1.1579060554504397,1.1579060554504397,0
2026-03-18 04:53:00,1.1579309701919556,1.1579309701919556,1.1579309701919556,1.1579309701919556,0
2026-03-18 04:55:00,1.1579129695892334,1.1579129695892334,1.1579129695892334,1.1579129695892334,0
2026-03-18 04:57:00,1.1578609943389893,1.1578609943389893,1.1578609943389893,1.1578609943389893,0
2026-03-18 04:59:00,1.1578840017318726,1.1578840017318726,1.1578840017318726,1.1578840017318726,0
2026-03-18 05:01:00,1.1578969955444336,1.1578969955444336,1.1578969955444336,1.1578969955444336,0
2026-03-18 05:03:00,1.157986044883728,1.157986044883728,1.157986044883728,1.157986044883728,0
2026-03-18 05:05:00,1.1579619646072388,1.1579619646072388,1.1579619646072388,1.1579619646072388,0
2026-03-18 05:07:00,1.1580640077590942,1.1580640077590942,1.1580640077590942,1.1580640077590942,0
2026-03-18 05:09:00,1.1580679416656494,1.1580679416656494,1.1580679416656494,1.1580679416656494,0
2026-03-18 05:11:00,1.158153057098389,1.158153057098389,1.158153057098389,1.158153057098389,0
2026-03-18 05:13:00,1.158105969429016,1.158105969429016,1.158105969429016,1.158105969429016,0
2026-03-18 05:15:00,1.158139944076538,1.158139944076538,1.158139944076538,1.158139944076538,0
2026-03-18 05:17:00,1.1580209732055664,1.1580209732055664,1.1580209732055664,1.1580209732055664,0
2026-03-18 05:19:00,1.1580990552902222,1.1580990552902222,1.1580990552902222,1.1580990552902222,0
2026-03-18 05:21:00,1.1581419706344604,1.1581419706344604,1.1581419706344604,1.1581419706344604,0
2026-03-18 05:23:00,1.1581380367279053,1.1581380367279053,1.1581380367279053,1.1581380367279053,0
2026-03-18 05:25:00,1.1581820249557495,1.1581820249557495,1.1581820249557495,1.1581820249557495,0
2026-03-18 05:27:00,1.1580560207366943,1.1580560207366943,1.1580560207366943,1.1580560207366943,0
2026-03-18 05:29:00,1.158092021942139,1.158092021942139,1.158092021942139,1.158092021942139,0
2026-03-18 05:31:00,1.1580699682235718,1.1580699682235718,1.1580699682235718,1.1580699682235718,0
2026-03-18 05:33:00,1.1580829620361328,1.1580829620361328,1.1580829620361328,1.1580829620361328,0
2026-03-18 05:35:00,1.1580400466918943,1.1580400466918943,1.1580400466918943,1.1580400466918943,0
2026-03-18 05:37:00,1.1580469608306885,1.1580469608306885,1.1580469608306885,1.1580469608306885,0
2026-03-18 05:39:00,1.1579669713974,1.1579669713974,1.1579669713974,1.1579669713974,0
2026-03-18 05:41:00,1.158066987991333,1.158066987991333,1.158066987991333,1.158066987991333,0
2026-03-18 05:43:00,1.158010959625244,1.158010959625244,1.158010959625244,1.158010959625244,0
2026-03-18 05:45:00,1.1580159664154053,1.1580159664154053,1.1580159664154053,1.1580159664154053,0
2026-03-18 05:47:00,1.1579339504241943,1.1579339504241943,1.1579339504241943,1.1579339504241943,0
2026-03-18 05:49:00,1.1579279899597168,1.1579279899597168,1.1579279899597168,1.1579279899597168,0
2026-03-18 05:51:00,1.1579409837722778,1.1579409837722778,1.1579409837722778,1.1579409837722778,0
2026-03-18 05:53:00,1.1580469608306885,1.1580469608306885,1.1580469608306885,1.1580469608306885,0
2026-03-18 05:55:00,1.158123016357422,1.158123016357422,1.158123016357422,1.158123016357422,0
2026-03-18 05:57:00,1.1582250595092771,1.1582250595092771,1.1582250595092771,1.1582250595092771,0
2026-03-18 05:59:00,1.1581900119781494,1.1581900119781494,1.1581900119781494,1.1581900119781494,0
2026-03-18 06:01:00,1.158066987991333,1.158066987991333,1.158066987991333,1.158066987991333,0
2026-03-18 06:03:00,1.1580439805984497,1.1580439805984497,1.1580439805984497,1.1580439805984497,0
2026-03-18 06:05:00,1.1579890251159668,1.1579890251159668,1.1579890251159668,1.1579890251159668,0
2026-03-18 06:07:00,1.1580480337142944,1.1580480337142944,1.1580480337142944,1.1580480337142944,0
2026-03-18 06:09:00,1.1580549478530884,1.1580549478530884,1.1580549478530884,1.1580549478530884,0
2026-03-18 06:11:00,1.1580660343170166,1.1580660343170166,1.1580660343170166,1.1580660343170166,0
2026-03-18 06:13:00,1.1580209732055664,1.1580209732055664,1.1580209732055664,1.1580209732055664,0
2026-03-18 06:15:00,1.158010959625244,1.158010959625244,1.158010959625244,1.158010959625244,0
2026-03-18 06:17:00,1.1579560041427612,1.1579560041427612,1.1579560041427612,1.1579560041427612,0
2026-03-18 06:19:00,1.1580469608306885,1.1580469608306885,1.1580469608306885,1.1580469608306885,0
2026-03-18 06:21:00,1.1580790281295776,1.1580790281295776,1.1580790281295776,1.1580790281295776,0
2026-03-18 06:23:00,1.158018946647644,1.158018946647644,1.158018946647644,1.158018946647644,0
2026-03-18 06:25:00,1.1580220460891724,1.1580220460891724,1.1580220460891724,1.1580220460891724,0
2026-03-18 06:27:00,1.1581319570541382,1.1581319570541382,1.1581319570541382,1.1581319570541382,0
2026-03-18 06:29:00,1.1581439971923828,1.1581439971923828,1.1581439971923828,1.1581439971923828,0
2026-03-18 06:31:00,1.1581180095672607,1.1581180095672607,1.1581180095672607,1.1581180095672607,0
2026-03-18 06:33:00,1.1581209897994995,1.1581209897994995,1.1581209897994995,1.1581209897994995,0
2026-03-18 06:35:00,1.1582109928131104,1.1582109928131104,1.1582109928131104,1.1582109928131104,0
2026-03-18 06:37:00,1.1581900119781494,1.1581900119781494,1.1581900119781494,1.1581900119781494,0
2026-03-18 06:39:00,1.1581050157546997,1.1581050157546997,1.1581050157546997,1.1581050157546997,0
2026-03-18 06:41:00,1.1581660509109497,1.1581660509109497,1.1581660509109497,1.1581660509109497,0
2026-03-18 06:43:00,1.1581350564956665,1.1581350564956665,1.1581350564956665,1.1581350564956665,0
2026-03-18 06:45:00,1.1581180095672607,1.1581180095672607,1.1581180095672607,1.1581180095672607,0
2026-03-18 06:47:00,1.1580129861831665,1.1580129861831665,1.1580129861831665,1.1580129861831665,0
2026-03-18 06:49:00,1.157981038093567,1.157981038093567,1.157981038093567,1.157981038093567,0
2026-03-18 06:51:00,1.158000946044922,1.158000946044922,1.158000946044922,1.158000946044922,0
2026-03-18 06:53:00,1.1579949855804443,1.1579949855804443,1.1579949855804443,1.1579949855804443,0
2026-03-18 06:55:00,1.1579519510269165,1.1579519510269165,1.1579519510269165,1.1579519510269165,0
2026-03-18 06:57:00,1.157904028892517,1.157904028892517,1.157904028892517,1.157904028892517,0
2026-03-18 06:59:00,1.1578969955444336,1.1578969955444336,1.1578969955444336,1.1578969955444336,0
2026-03-18 07:01:00,1.1579129695892334,1.1579129695892334,1.1579129695892334,1.1579129695892334,0
2026-03-18 07:03:00,1.157855987548828,1.157855987548828,1.157855987548828,1.157855987548828,0
2026-03-18 07:05:00,1.157825946807861,1.157825946807861,1.157825946807861,1.157825946807861,0
2026-03-18 07:07:00,1.1579099893569946,1.1579099893569946,1.1579099893569946,1.1579099893569946,0
2026-03-18 07:09:00,1.157938003540039,1.157938003540039,1.157938003540039,1.157938003540039,0
2026-03-18 07:11:00,1.1580300331115725,1.1580300331115725,1.1580300331115725,1.1580300331115725,0
2026-03-18 07:13:00,1.1580740213394165,1.1580740213394165,1.1580740213394165,1.1580740213394165,0
2026-03-18 07:15:00,1.1580740213394165,1.1580740213394165,1.1580740213394165,1.1580740213394165,0
2026-03-18 07:17:00,1.1580810546875,1.1580810546875,1.1580810546875,1.1580810546875,0
2026-03-18 07:19:00,1.1582119464874268,1.1582119464874268,1.1582119464874268,1.1582119464874268,0
2026-03-18 07:21:00,1.1578890085220337,1.1578890085220337,1.1578890085220337,1.1578890085220337,0
2026-03-18 07:23:00,1.157945990562439,1.157945990562439,1.157945990562439,1.157945990562439,0
2026-03-18 07:25:00,1.1579099893569946,1.1579099893569946,1.1579099893569946,1.1579099893569946,0
2026-03-18 07:27:00,1.1580849885940552,1.1580849885940552,1.1580849885940552,1.1580849885940552,0
2026-03-18 07:29:00,1.1581189632415771,1.1581189632415771,1.1581189632415771,1.1581189632415771,0
2026-03-18 07:31:00,1.1580480337142944,1.1580480337142944,1.1580480337142944,1.1580480337142944,0
2026-03-18 07:33:00,1.1580250263214111,1.1580250263214111,1.1580250263214111,1.1580250263214111,0
2026-03-18 07:35:00,1.158087968826294,1.158087968826294,1.158087968826294,1.158087968826294,0
2026-03-18 07:37:00,1.1581579446792605,1.1581579446792605,1.1581579446792605,1.1581579446792605,0
2026-03-18 07:39:00,1.1582900285720823,1.1582900285720823,1.1582900285720823,1.1582900285720823,0
2026-03-18 07:41:00,1.158493995666504,1.158493995666504,1.158493995666504,1.158493995666504,0
2026-03-18 07:43:00,1.1583969593048096,1.1583969593048096,1.1583969593048096,1.1583969593048096,0
2026-03-18 07:45:00,1.158352971076965,1.158352971076965,1.158352971076965,1.158352971076965,0
2026-03-18 07:47:00,1.1582330465316772,1.1582330465316772,1.1582330465316772,1.1582330465316772,0
2026-03-18 07:49:00,1.1581799983978271,1.1581799983978271,1.1581799983978271,1.1581799983978271,0
2026-03-18 07:51:00,1.1581310033798218,1.1581310033798218,1.1581310033798218,1.1581310033798218,0
2026-03-18 07:53:00,1.1582740545272827,1.1582740545272827,1.1582740545272827,1.1582740545272827,0
2026-03-18 07:55:00,1.1582939624786377,1.1582939624786377,1.1582939624786377,1.1582939624786377,0
2026-03-18 07:57:00,1.1585630178451538,1.1585630178451538,1.1585630178451538,1.1585630178451538,0
2026-03-18 07:59:00,1.1586240530014038,1.1586240530014038,1.1586240530014038,1.1586240530014038,0
2026-03-18 08:01:00,1.158607006072998,1.158607006072998,1.158607006072998,1.158607006072998,0
2026-03-18 08:03:00,1.1587289571762085,1.1587289571762085,1.1587289571762085,1.1587289571762085,0
2026-03-18 08:05:00,1.1586979627609253,1.1586979627609253,1.1586979627609253,1.1586979627609253,0
2026-03-18 08:07:00,1.1587140560150146,1.1587140560150146,1.1587140560150146,1.1587140560150146,0
2026-03-18 08:09:00,1.1587480306625366,1.1587480306625366,1.1587480306625366,1.1587480306625366,0
2026-03-18 08:11:00,1.1589590311050415,1.1589590311050415,1.1589590311050415,1.1589590311050415,0
2026-03-18 08:13:00,1.1586699485778809,1.1586699485778809,1.1586699485778809,1.1586699485778809,0
2026-03-18 08:15:00,1.158787965774536,1.158787965774536,1.158787965774536,1.158787965774536,0
2026-03-18 08:17:00,1.1587469577789309,1.1587469577789309,1.1587469577789309,1.1587469577789309,0
2026-03-18 08:19:00,1.158566951751709,1.158566951751709,1.158566951751709,1.158566951751709,0
2026-03-18 08:21:00,1.158398985862732,1.158398985862732,1.158398985862732,1.158398985862732,0
2026-03-18 08:23:00,1.1583369970321655,1.1583369970321655,1.1583369970321655,1.1583369970321655,0
2026-03-18 08:25:00,1.1584609746932983,1.1584609746932983,1.1584609746932983,1.1584609746932983,0
2026-03-18 08:27:00,1.1583189964294434,1.1583189964294434,1.1583189964294434,1.1583189964294434,0
2026-03-18 08:29:00,1.15830397605896,1.15830397605896,1.15830397605896,1.15830397605896,0
2026-03-18 08:31:00,1.158308029174805,1.158308029174805,1.158308029174805,1.158308029174805,0
2026-03-18 08:33:00,1.158215045928955,1.158215045928955,1.158215045928955,1.158215045928955,0
2026-03-18 08:35:00,1.1580229997634888,1.1580229997634888,1.1580229997634888,1.1580229997634888,0
2026-03-18 08:37:00,1.1581480503082275,1.1581480503082275,1.1581480503082275,1.1581480503082275,0
2026-03-18 08:39:00,1.158087968826294,1.158087968826294,1.158087968826294,1.158087968826294,0
2026-03-18 08:41:00,1.158115029335022,1.158115029335022,1.158115029335022,1.158115029335022,0
2026-03-18 08:43:00,1.15788996219635,1.15788996219635,1.15788996219635,1.15788996219635,0
2026-03-18 08:45:00,1.157781958580017,1.157781958580017,1.157781958580017,1.157781958580017,0
2026-03-18 08:47:00,1.1576310396194458,1.1576310396194458,1.1576310396194458,1.1576310396194458,0
2026-03-18 08:49:00,1.1576080322265625,1.1576080322265625,1.1576080322265625,1.1576080322265625,0
2026-03-18 08:51:00,1.1576930284500122,1.1576930284500122,1.1576930284500122,1.1576930284500122,0
2026-03-18 08:53:00,1.1576629877090454,1.1576629877090454,1.1576629877090454,1.1576629877090454,0
2026-03-18 08:55:00,1.1576050519943235,1.1576050519943235,1.1576050519943235,1.1576050519943235,0
2026-03-18 08:57:00,1.1575759649276731,1.1575759649276731,1.1575759649276731,1.1575759649276731,0
2026-03-18 08:59:00,1.1576069593429563,1.1576069593429563,1.1576069593429563,1.1576069593429563,0
2026-03-18 09:01:00,1.1575000286102295,1.1575000286102295,1.1575000286102295,1.1575000286102295,0
2026-03-18 09:03:00,1.1574259996414185,1.1574259996414185,1.1574259996414185,1.1574259996414185,0
2026-03-18 09:05:00,1.157431960105896,1.157431960105896,1.157431960105896,1.157431960105896,0
2026-03-18 09:07:00,1.1574419736862185,1.1574419736862185,1.1574419736862185,1.1574419736862185,0
2026-03-18 09:09:00,1.1575560569763184,1.1575560569763184,1.1575560569763184,1.1575560569763184,0
2026-03-18 09:11:00,1.1575499773025513,1.1575499773025513,1.1575499773025513,1.1575499773025513,0
2026-03-18 09:13:00,1.1575499773025513,1.1575499773025513,1.1575499773025513,1.1575499773025513,0
2026-03-18 09:15:00,1.1576329469680786,1.1576329469680786,1.1576329469680786,1.1576329469680786,0
2026-03-18 09:17:00,1.157578945159912,1.157578945159912,1.157578945159912,1.157578945159912,0
2026-03-18 09:19:00,1.1575629711151123,1.1575629711151123,1.1575629711151123,1.1575629711151123,0
2026-03-18 09:21:00,1.1576299667358398,1.1576299667358398,1.1576299667358398,1.1576299667358398,0
2026-03-18 09:23:00,1.1575549840927124,1.1575549840927124,1.1575549840927124,1.1575549840927124,0
2026-03-18 09:25:00,1.1575779914855957,1.1575779914855957,1.1575779914855957,1.1575779914855957,0
2026-03-18 09:27:00,1.1576299667358398,1.1576299667358398,1.1576299667358398,1.1576299667358398,0
2026-03-18 09:29:00,1.157634973526001,1.157634973526001,1.157634973526001,1.157634973526001,0
2026-03-18 09:31:00,1.157719969749451,1.157719969749451,1.157719969749451,1.157719969749451,0
2026-03-18 09:33:00,1.1577340364456177,1.1577340364456177,1.1577340364456177,1.1577340364456177,0
2026-03-18 09:35:00,1.1577850580215454,1.1577850580215454,1.1577850580215454,1.1577850580215454,0
2026-03-18 09:37:00,1.157794952392578,1.157794952392578,1.157794952392578,1.157794952392578,0
2026-03-18 09:39:00,1.1577479839324951,1.1577479839324951,1.1577479839324951,1.1577479839324951,0
2026-03-18 09:41:00,1.1577860116958618,1.1577860116958618,1.1577860116958618,1.1577860116958618,0
2026-03-18 09:43:00,1.1577750444412231,1.1577750444412231,1.1577750444412231,1.1577750444412231,0
2026-03-18 09:45:00,1.1578049659729004,1.1578049659729004,1.1578049659729004,1.1578049659729004,0
2026-03-18 09:47:00,1.1578500270843506,1.1578500270843506,1.1578500270843506,1.1578500270843506,0
2026-03-18 09:49:00,1.1578190326690674,1.1578190326690674,1.1578190326690674,1.1578190326690674,0
2026-03-18 09:51:00,1.1578140258789062,1.1578140258789062,1.1578140258789062,1.1578140258789062,0
2026-03-18 09:53:00,1.1576869487762451,1.1576869487762451,1.1576869487762451,1.1576869487762451,0
2026-03-18 09:55:00,1.1577739715576172,1.1577739715576172,1.1577739715576172,1.1577739715576172,0
2026-03-18 09:57:00,1.1576869487762451,1.1576869487762451,1.1576869487762451,1.1576869487762451,0
2026-03-18 09:59:00,1.1577470302581787,1.1577470302581787,1.1577470302581787,1.1577470302581787,0
2026-03-18 10:01:00,1.1577149629592896,1.1577149629592896,1.1577149629592896,1.1577149629592896,0
2026-03-18 10:03:00,1.1576770544052124,1.1576770544052124,1.1576770544052124,1.1576770544052124,0
2026-03-18 10:05:00,1.157626032829285,1.157626032829285,1.157626032829285,1.157626032829285,0
2026-03-18 10:07:00,1.157600998878479,1.157600998878479,1.157600998878479,1.157600998878479,0
2026-03-18 10:09:00,1.1575469970703125,1.1575469970703125,1.1575469970703125,1.1575469970703125,0
2026-03-18 10:11:00,1.1574029922485352,1.1574029922485352,1.1574029922485352,1.1574029922485352,0
2026-03-18 10:13:00,1.1574389934539795,1.1574389934539795,1.1574389934539795,1.1574389934539795,0
2026-03-18 10:15:00,1.1573950052261353,1.1573950052261353,1.1573950052261353,1.1573950052261353,0
2026-03-18 10:17:00,1.1574130058288574,1.1574130058288574,1.1574130058288574,1.1574130058288574,0
2026-03-18 10:19:00,1.157418966293335,1.157418966293335,1.157418966293335,1.157418966293335,0
2026-03-18 10:21:00,1.157431960105896,1.157431960105896,1.157431960105896,1.157431960105896,0
2026-03-18 10:23:00,1.1574079990386963,1.1574079990386963,1.1574079990386963,1.1574079990386963,0
2026-03-18 10:25:00,1.157417058944702,1.157417058944702,1.157417058944702,1.157417058944702,0
2026-03-18 10:27:00,1.157418966293335,1.157418966293335,1.157418966293335,1.157418966293335,0
2026-03-18 10:29:00,1.1573669910430908,1.1573669910430908,1.1573669910430908,1.1573669910430908,0
2026-03-18 10:31:00,1.1573469638824463,1.1573469638824463,1.1573469638824463,1.1573469638824463,0
2026-03-18 10:33:00,1.1573469638824463,1.1573469638824463,1.1573469638824463,1.1573469638824463,0
2026-03-18 10:35:00,1.1572829484939575,1.1572829484939575,1.1572829484939575,1.1572829484939575,0
2026-03-18 10:37:00,1.1573339700698853,1.1573339700698853,1.1573339700698853,1.1573339700698853,0
2026-03-18 10:39:00,1.1573350429534912,1.1573350429534912,1.1573350429534912,1.1573350429534912,0
2026-03-18 10:41:00,1.1573100090026855,1.1573100090026855,1.1573100090026855,1.1573100090026855,0
2026-03-18 10:43:00,1.157315015792847,1.157315015792847,1.157315015792847,1.157315015792847,0
2026-03-18 10:45:00,1.1572619676589966,1.1572619676589966,1.1572619676589966,1.1572619676589966,0
2026-03-18 10:47:00,1.1572589874267578,1.1572589874267578,1.1572589874267578,1.1572589874267578,0
2026-03-18 10:49:00,1.1570760011672974,1.1570760011672974,1.1570760011672974,1.1570760011672974,0
2026-03-18 10:51:00,1.157168984413147,1.157168984413147,1.157168984413147,1.157168984413147,0
2026-03-18 10:53:00,1.1572400331497192,1.1572400331497192,1.1572400331497192,1.1572400331497192,0
2026-03-18 10:55:00,1.157196044921875,1.157196044921875,1.157196044921875,1.157196044921875,0
2026-03-18 10:57:00,1.1573200225830078,1.1573200225830078,1.1573200225830078,1.1573200225830078,0
2026-03-18 10:59:00,1.157304048538208,1.157304048538208,1.157304048538208,1.157304048538208,0
2026-03-18 11:01:00,1.157351016998291,1.157351016998291,1.157351016998291,1.157351016998291,0
2026-03-18 11:03:00,1.157364010810852,1.157364010810852,1.157364010810852,1.157364010810852,0
2026-03-18 11:05:00,1.157349944114685,1.157349944114685,1.157349944114685,1.157349944114685,0
2026-03-18 11:07:00,1.157379984855652,1.157379984855652,1.157379984855652,1.157379984855652,0
2026-03-18 11:09:00,1.1574039459228516,1.1574039459228516,1.1574039459228516,1.1574039459228516,0
2026-03-18 11:11:00,1.1575219631195068,1.1575219631195068,1.1575219631195068,1.1575219631195068,0
2026-03-18 11:13:00,1.1573209762573242,1.1573209762573242,1.1573209762573242,1.1573209762573242,0
2026-03-18 11:15:00,1.1572719812393188,1.1572719812393188,1.1572719812393188,1.1572719812393188,0
2026-03-18 11:17:00,1.1573489904403689,1.1573489904403689,1.1573489904403689,1.1573489904403689,0
2026-03-18 11:19:00,1.157263994216919,1.157263994216919,1.157263994216919,1.157263994216919,0
2026-03-18 11:21:00,1.1571630239486694,1.1571630239486694,1.1571630239486694,1.1571630239486694,0
2026-03-18 11:23:00,1.1571919918060305,1.1571919918060305,1.1571919918060305,1.1571919918060305,0
2026-03-18 11:25:00,1.1572149991989136,1.1572149991989136,1.1572149991989136,1.1572149991989136,0
2026-03-18 11:27:00,1.1574310064315796,1.1574310064315796,1.1574310064315796,1.1574310064315796,0
2026-03-18 11:29:00,1.1574440002441406,1.1574440002441406,1.1574440002441406,1.1574440002441406,0
2026-03-18 11:31:00,1.1573129892349243,1.1573129892349243,1.1573129892349243,1.1573129892349243,0
2026-03-18 11:33:00,1.1572120189666748,1.1572120189666748,1.1572120189666748,1.1572120189666748,0
2026-03-18 11:35:00,1.157183051109314,1.157183051109314,1.157183051109314,1.157183051109314,0
2026-03-18 11:37:00,1.1572810411453247,1.1572810411453247,1.1572810411453247,1.1572810411453247,0
2026-03-18 11:39:00,1.1572870016098022,1.1572870016098022,1.1572870016098022,1.1572870016098022,0
2026-03-18 11:41:00,1.1572380065917969,1.1572380065917969,1.1572380065917969,1.1572380065917969,0
2026-03-18 11:43:00,1.1572400331497192,1.1572400331497192,1.1572400331497192,1.1572400331497192,0
2026-03-18 11:45:00,1.157034993171692,1.157034993171692,1.157034993171692,1.157034993171692,0
2026-03-18 11:47:00,1.1571340560913086,1.1571340560913086,1.1571340560913086,1.1571340560913086,0
2026-03-18 11:49:00,1.1571650505065918,1.1571650505065918,1.1571650505065918,1.1571650505065918,0
2026-03-18 11:51:00,1.1571190357208252,1.1571190357208252,1.1571190357208252,1.1571190357208252,0
2026-03-18 11:53:00,1.1572779417037964,1.1572779417037964,1.1572779417037964,1.1572779417037964,0
2026-03-18 11:55:00,1.1572530269622805,1.1572530269622805,1.1572530269622805,1.1572530269622805,0
2026-03-18 11:57:00,1.156952977180481,1.156952977180481,1.156952977180481,1.156952977180481,0
2026-03-18 11:59:00,1.157099962234497,1.157099962234497,1.157099962234497,1.157099962234497,0
2026-03-18 12:01:00,1.1570889949798584,1.1570889949798584,1.1570889949798584,1.1570889949798584,0
2026-03-18 12:03:00,1.1570910215377808,1.1570910215377808,1.1570910215377808,1.1570910215377808,0
2026-03-18 12:05:00,1.1572669744491575,1.1572669744491575,1.1572669744491575,1.1572669744491575,0
2026-03-18 12:07:00,1.1572060585021973,1.1572060585021973,1.1572060585021973,1.1572060585021973,0
2026-03-18 12:09:00,1.1573959589004517,1.1573959589004517,1.1573959589004517,1.1573959589004517,0
2026-03-18 12:11:00,1.157317042350769,1.157317042350769,1.157317042350769,1.157317042350769,0
2026-03-18 12:13:00,1.157204031944275,1.157204031944275,1.157204031944275,1.157204031944275,0
2026-03-18 12:15:00,1.157130002975464,1.157130002975464,1.157130002975464,1.157130002975464,0
2026-03-18 12:17:00,1.1570719480514526,1.1570719480514526,1.1570719480514526,1.1570719480514526,0
2026-03-18 12:19:00,1.1571619510650637,1.1571619510650637,1.1571619510650637,1.1571619510650637,0
2026-03-18 12:21:00,1.1569830179214478,1.1569830179214478,1.1569830179214478,1.1569830179214478,0
2026-03-18 12:23:00,1.156944990158081,1.156944990158081,1.156944990158081,1.156944990158081,0
2026-03-18 12:25:00,1.156891942024231,1.156891942024231,1.156891942024231,1.156891942024231,0
2026-03-18 12:27:00,1.1569819450378418,1.1569819450378418,1.1569819450378418,1.1569819450378418,0
2026-03-18 12:29:00,1.1571680307388306,1.1571680307388306,1.1571680307388306,1.1571680307388306,0
2026-03-18 12:31:00,1.156954050064087,1.156954050064087,1.156954050064087,1.156954050064087,0
2026-03-18 12:33:00,1.1567230224609375,1.1567230224609375,1.1567230224609375,1.1567230224609375,0
2026-03-18 12:35:00,1.1567389965057373,1.1567389965057373,1.1567389965057373,1.1567389965057373,0
2026-03-18 12:37:00,1.156674027442932,1.156674027442932,1.156674027442932,1.156674027442932,0
2026-03-18 12:39:00,1.1567920446395874,1.1567920446395874,1.1567920446395874,1.1567920446395874,0
2026-03-18 12:41:00,1.1568440198898315,1.1568440198898315,1.1568440198898315,1.1568440198898315,0
2026-03-18 12:43:00,1.1568679809570312,1.1568679809570312,1.1568679809570312,1.1568679809570312,0
2026-03-18 12:45:00,1.156911015510559,1.156911015510559,1.156911015510559,1.156911015510559,0
2026-03-18 12:47:00,1.1569570302963257,1.1569570302963257,1.1569570302963257,1.1569570302963257,0
2026-03-18 12:49:00,1.1568830013275146,1.1568830013275146,1.1568830013275146,1.1568830013275146,0
2026-03-18 12:51:00,1.1568310260772705,1.1568310260772705,1.1568310260772705,1.1568310260772705,0
2026-03-18 12:53:00,1.1572500467300415,1.1572500467300415,1.1572500467300415,1.1572500467300415,0
2026-03-18 12:55:00,1.1570639610290527,1.1570639610290527,1.1570639610290527,1.1570639610290527,0
2026-03-18 12:57:00,1.1571069955825806,1.1571069955825806,1.1571069955825806,1.1571069955825806,0
2026-03-18 12:59:00,1.1570680141448977,1.1570680141448977,1.1570680141448977,1.1570680141448977,0
2026-03-18 13:01:00,1.1570570468902588,1.1570570468902588,1.1570570468902588,1.1570570468902588,0
2026-03-18 13:03:00,1.15740704536438,1.15740704536438,1.15740704536438,1.15740704536438,0
2026-03-18 13:05:00,1.1573259830474854,1.1573259830474854,1.1573259830474854,1.1573259830474854,0
2026-03-18 13:07:00,1.157636046409607,1.157636046409607,1.157636046409607,1.157636046409607,0
2026-03-18 13:09:00,1.1575239896774292,1.1575239896774292,1.1575239896774292,1.1575239896774292,0
2026-03-18 13:11:00,1.1574959754943848,1.1574959754943848,1.1574959754943848,1.1574959754943848,0
2026-03-18 13:13:00,1.15755295753479,1.15755295753479,1.15755295753479,1.15755295753479,0
2026-03-18 13:15:00,1.1577030420303345,1.1577030420303345,1.1577030420303345,1.1577030420303345,0
2026-03-18 13:17:00,1.1579129695892334,1.1579129695892334,1.1579129695892334,1.1579129695892334,0
2026-03-18 13:19:00,1.157796025276184,1.157796025276184,1.157796025276184,1.157796025276184,0
2026-03-18 13:21:00,1.1577409505844116,1.1577409505844116,1.1577409505844116,1.1577409505844116,0
2026-03-18 13:23:00,1.1577279567718506,1.1577279567718506,1.1577279567718506,1.1577279567718506,0
2026-03-18 13:25:00,1.1577060222625732,1.1577060222625732,1.1577060222625732,1.1577060222625732,0
2026-03-18 13:27:00,1.1577529907226562,1.1577529907226562,1.1577529907226562,1.1577529907226562,0
2026-03-18 13:29:00,1.1576210260391235,1.1576210260391235,1.1576210260391235,1.1576210260391235,0
2026-03-18 13:31:00,1.1576529741287231,1.1576529741287231,1.1576529741287231,1.1576529741287231,0
2026-03-18 13:33:00,1.1575599908828735,1.1575599908828735,1.1575599908828735,1.1575599908828735,0
2026-03-18 13:35:00,1.1575089693069458,1.1575089693069458,1.1575089693069458,1.1575089693069458,0
2026-03-18 13:37:00,1.157446026802063,1.157446026802063,1.157446026802063,1.157446026802063,0
2026-03-18 13:39:00,1.1573699712753296,1.1573699712753296,1.1573699712753296,1.1573699712753296,0
2026-03-18 13:41:00,1.1574900150299072,1.1574900150299072,1.1574900150299072,1.1574900150299072,0
2026-03-18 13:43:00,1.1573829650878906,1.1573829650878906,1.1573829650878906,1.1573829650878906,0
2026-03-18 13:45:00,1.1574079990386963,1.1574079990386963,1.1574079990386963,1.1574079990386963,0
2026-03-18 13:47:00,1.157425045967102,1.157425045967102,1.157425045967102,1.157425045967102,0
2026-03-18 13:49:00,1.1574219465255735,1.1574219465255735,1.1574219465255735,1.1574219465255735,0
2026-03-18 13:51:00,1.157392978668213,1.157392978668213,1.157392978668213,1.157392978668213,0
2026-03-18 13:53:00,1.1576080322265625,1.1576080322265625,1.1576080322265625,1.1576080322265625,0
2026-03-18 13:55:00,1.1575560569763184,1.1575560569763184,1.1575560569763184,1.1575560569763184,0
2026-03-18 13:57:00,1.157452940940857,1.157452940940857,1.157452940940857,1.157452940940857,0
2026-03-18 13:59:00,1.157222032546997,1.157222032546997,1.157222032546997,1.157222032546997,0
2026-03-18 14:01:00,1.1571340560913086,1.1571340560913086,1.1571340560913086,1.1571340560913086,0
2026-03-18 14:03:00,1.1569609642028809,1.1569609642028809,1.1569609642028809,1.1569609642028809,0
2026-03-18 14:05:00,1.1569390296936035,1.1569390296936035,1.1569390296936035,1.1569390296936035,0
2026-03-18 14:07:00,1.157173991203308,1.157173991203308,1.157173991203308,1.157173991203308,0
2026-03-18 14:09:00,1.1571589708328247,1.1571589708328247,1.1571589708328247,1.1571589708328247,0
2026-03-18 14:11:00,1.1568050384521484,1.1568050384521484,1.1568050384521484,1.1568050384521484,0
2026-03-18 14:13:00,1.1562579870224,1.1562579870224,1.1562579870224,1.1562579870224,0
2026-03-18 14:15:00,1.156041979789734,1.156041979789734,1.156041979789734,1.156041979789734,0
2026-03-18 14:17:00,1.1560189723968506,1.1560189723968506,1.1560189723968506,1.1560189723968506,0
2026-03-18 14:19:00,1.1560430526733398,1.1560430526733398,1.1560430526733398,1.1560430526733398,0
2026-03-18 14:21:00,1.1562800407409668,1.1562800407409668,1.1562800407409668,1.1562800407409668,0
2026-03-18 14:23:00,1.1563149690628052,1.1563149690628052,1.1563149690628052,1.1563149690628052,0
2026-03-18 14:25:00,1.1562789678573608,1.1562789678573608,1.1562789678573608,1.1562789678573608,0
2026-03-18 14:27:00,1.1563440561294556,1.1563440561294556,1.1563440561294556,1.1563440561294556,0
2026-03-18 14:29:00,1.1564209461212158,1.1564209461212158,1.1564209461212158,1.1564209461212158,0
2026-03-18 14:31:00,1.1563390493392944,1.1563390493392944,1.1563390493392944,1.1563390493392944,0
2026-03-18 14:33:00,1.1563800573349,1.1563800573349,1.1563800573349,1.1563800573349,0
2026-03-18 14:35:00,1.1563800573349,1.1563800573349,1.1563800573349,1.1563800573349,0
2026-03-18 14:37:00,1.156324028968811,1.156324028968811,1.156324028968811,1.156324028968811,0
2026-03-18 14:39:00,1.1563600301742554,1.1563600301742554,1.1563600301742554,1.1563600301742554,0
2026-03-18 14:41:00,1.1565860509872437,1.1565860509872437,1.1565860509872437,1.1565860509872437,0
2026-03-18 14:43:00,1.156574010848999,1.156574010848999,1.156574010848999,1.156574010848999,0
2026-03-18 14:45:00,1.156491994857788,1.156491994857788,1.156491994857788,1.156491994857788,0
2026-03-18 14:47:00,1.1567620038986206,1.1567620038986206,1.1567620038986206,1.1567620038986206,0
2026-03-18 14:49:00,1.1568269729614258,1.1568269729614258,1.1568269729614258,1.1568269729614258,0
2026-03-18 14:51:00,1.156965970993042,1.156965970993042,1.156965970993042,1.156965970993042,0
2026-03-18 14:53:00,1.1572409868240356,1.1572409868240356,1.1572409868240356,1.1572409868240356,0
2026-03-18 14:55:00,1.1570390462875366,1.1570390462875366,1.1570390462875366,1.1570390462875366,0
2026-03-18 14:57:00,1.1571539640426636,1.1571539640426636,1.1571539640426636,1.1571539640426636,0
2026-03-18 14:59:00,1.1572200059890747,1.1572200059890747,1.1572200059890747,1.1572200059890747,0
2026-03-18 15:01:00,1.1571890115737915,1.1571890115737915,1.1571890115737915,1.1571890115737915,0
2026-03-18 15:03:00,1.157109022140503,1.157109022140503,1.157109022140503,1.157109022140503,0
2026-03-18 15:05:00,1.15687894821167,1.15687894821167,1.15687894821167,1.15687894821167,0
2026-03-18 15:07:00,1.1567330360412598,1.1567330360412598,1.1567330360412598,1.1567330360412598,0
2026-03-18 15:09:00,1.156754970550537,1.156754970550537,1.156754970550537,1.156754970550537,0
2026-03-18 15:11:00,1.1567720174789429,1.1567720174789429,1.1567720174789429,1.1567720174789429,0
2026-03-18 15:13:00,1.1567529439926147,1.1567529439926147,1.1567529439926147,1.1567529439926147,0
2026-03-18 15:15:00,1.1567569971084597,1.1567569971084597,1.1567569971084597,1.1567569971084597,0
2026-03-18 15:17:00,1.156723976135254,1.156723976135254,1.156723976135254,1.156723976135254,0
2026-03-18 15:19:00,1.1565489768981934,1.1565489768981934,1.1565489768981934,1.1565489768981934,0
2026-03-18 15:21:00,1.156622052192688,1.156622052192688,1.156622052192688,1.156622052192688,0
2026-03-18 15:23:00,1.156633973121643,1.156633973121643,1.156633973121643,1.156633973121643,0
2026-03-18 15:25:00,1.156599044799805,1.156599044799805,1.156599044799805,1.156599044799805,0
2026-03-18 15:27:00,1.1564819812774658,1.1564819812774658,1.1564819812774658,1.1564819812774658,0
2026-03-18 15:29:00,1.1565040349960327,1.1565040349960327,1.1565040349960327,1.1565040349960327,0
2026-03-18 15:31:00,1.1564669609069824,1.1564669609069824,1.1564669609069824,1.1564669609069824,0
2026-03-18 15:33:00,1.1565589904785156,1.1565589904785156,1.1565589904785156,1.1565589904785156,0
2026-03-18 15:35:00,1.156406044960022,1.156406044960022,1.156406044960022,1.156406044960022,0
2026-03-18 15:37:00,1.156438946723938,1.156438946723938,1.156438946723938,1.156438946723938,0
2026-03-18 15:39:00,1.156345009803772,1.156345009803772,1.156345009803772,1.156345009803772,0
2026-03-18 15:41:00,1.1563600301742554,1.1563600301742554,1.1563600301742554,1.1563600301742554,0
2026-03-18 15:43:00,1.156438946723938,1.156438946723938,1.156438946723938,1.156438946723938,0
2026-03-18 15:45:00,1.1564879417419434,1.1564879417419434,1.1564879417419434,1.1564879417419434,0
2026-03-18 15:47:00,1.1566330194473269,1.1566330194473269,1.1566330194473269,1.1566330194473269,0
2026-03-18 15:49:00,1.1566150188446045,1.1566150188446045,1.1566150188446045,1.1566150188446045,0
2026-03-18 15:51:00,1.156520962715149,1.156520962715149,1.156520962715149,1.156520962715149,0
2026-03-18 15:53:00,1.1566009521484375,1.1566009521484375,1.1566009521484375,1.1566009521484375,0
2026-03-18 15:55:00,1.156857967376709,1.156857967376709,1.156857967376709,1.156857967376709,0
2026-03-18 15:57:00,1.1569559574127195,1.1569559574127195,1.1569559574127195,1.1569559574127195,0
2026-03-18 15:59:00,1.157112956047058,1.157112956047058,1.157112956047058,1.157112956047058,0
2026-03-18 16:01:00,1.1571600437164309,1.1571600437164309,1.1571600437164309,1.1571600437164309,0
2026-03-18 16:03:00,1.15706205368042,1.15706205368042,1.15706205368042,1.15706205368042,0
2026-03-18 16:05:00,1.1571340560913086,1.1571340560913086,1.1571340560913086,1.1571340560913086,0
2026-03-18 16:07:00,1.157256007194519,1.157256007194519,1.157256007194519,1.157256007194519,0
2026-03-18 16:09:00,1.1572400331497192,1.1572400331497192,1.1572400331497192,1.1572400331497192,0
2026-03-18 16:11:00,1.15740704536438,1.15740704536438,1.15740704536438,1.15740704536438,0
2026-03-18 16:13:00,1.157670021057129,1.157670021057129,1.157670021057129,1.157670021057129,0
2026-03-18 16:15:00,1.157482028007507,1.157482028007507,1.157482028007507,1.157482028007507,0
2026-03-18 16:17:00,1.157649040222168,1.157649040222168,1.157649040222168,1.157649040222168,0
2026-03-18 16:19:00,1.1576839685440063,1.1576839685440063,1.1576839685440063,1.1576839685440063,0
2026-03-18 16:21:00,1.1575809717178345,1.1575809717178345,1.1575809717178345,1.1575809717178345,0
2026-03-18 16:23:00,1.157482028007507,1.157482028007507,1.157482028007507,1.157482028007507,0
2026-03-18 16:25:00,1.1575579643249512,1.1575579643249512,1.1575579643249512,1.1575579643249512,0
2026-03-18 16:27:00,1.157554030418396,1.157554030418396,1.157554030418396,1.157554030418396,0
2026-03-18 16:29:00,1.1575989723205566,1.1575989723205566,1.1575989723205566,1.1575989723205566,0
2026-03-18 16:31:00,1.1577080488204956,1.1577080488204956,1.1577080488204956,1.1577080488204956,0
2026-03-18 16:33:00,1.1576869487762451,1.1576869487762451,1.1576869487762451,1.1576869487762451,0
2026-03-18 16:35:00,1.1577609777450562,1.1577609777450562,1.1577609777450562,1.1577609777450562,0
2026-03-18 16:37:00,1.1577579975128174,1.1577579975128174,1.1577579975128174,1.1577579975128174,0
2026-03-18 16:39:00,1.1577520370483398,1.1577520370483398,1.1577520370483398,1.1577520370483398,0
2026-03-18 16:41:00,1.1577270030975342,1.1577270030975342,1.1577270030975342,1.1577270030975342,0
2026-03-18 16:43:00,1.1577719449996948,1.1577719449996948,1.1577719449996948,1.1577719449996948,0
2026-03-18 16:45:00,1.157845973968506,1.157845973968506,1.157845973968506,1.157845973968506,0
2026-03-18 16:47:00,1.1578279733657837,1.1578279733657837,1.1578279733657837,1.1578279733657837,0
2026-03-18 16:49:00,1.1578470468521118,1.1578470468521118,1.1578470468521118,1.1578470468521118,0
2026-03-18 16:51:00,1.1580220460891724,1.1580220460891724,1.1580220460891724,1.1580220460891724,0
2026-03-18 16:53:00,1.1581380367279053,1.1581380367279053,1.1581380367279053,1.1581380367279053,0
2026-03-18 16:55:00,1.1581710577011108,1.1581710577011108,1.1581710577011108,1.1581710577011108,0
2026-03-18 16:57:00,1.1582870483398438,1.1582870483398438,1.1582870483398438,1.1582870483398438,0
2026-03-18 16:59:00,1.1584850549697876,1.1584850549697876,1.1584850549697876,1.1584850549697876,0
2026-03-18 17:01:00,1.1584450006484983,1.1584450006484983,1.1584450006484983,1.1584450006484983,0
2026-03-18 17:03:00,1.158439040184021,1.158439040184021,1.158439040184021,1.158439040184021,0
2026-03-18 17:05:00,1.1583869457244873,1.1583869457244873,1.1583869457244873,1.1583869457244873,0
2026-03-18 17:07:00,1.158414006233215,1.158414006233215,1.158414006233215,1.158414006233215,0
2026-03-18 17:09:00,1.1582980155944824,1.1582980155944824,1.1582980155944824,1.1582980155944824,0
2026-03-18 17:11:00,1.1583340167999268,1.1583340167999268,1.1583340167999268,1.1583340167999268,0
2026-03-18 17:13:00,1.1583820581436155,1.1583820581436155,1.1583820581436155,1.1583820581436155,0
2026-03-18 17:15:00,1.1582950353622437,1.1582950353622437,1.1582950353622437,1.1582950353622437,0
2026-03-18 17:17:00,1.158321976661682,1.158321976661682,1.158321976661682,1.158321976661682,0
2026-03-18 17:19:00,1.158321976661682,1.158321976661682,1.158321976661682,1.158321976661682,0
2026-03-18 17:21:00,1.1582319736480713,1.1582319736480713,1.1582319736480713,1.1582319736480713,0
2026-03-18 17:23:00,1.158154010772705,1.158154010772705,1.158154010772705,1.158154010772705,0
2026-03-18 17:25:00,1.1582640409469604,1.1582640409469604,1.1582640409469604,1.1582640409469604,0
2026-03-18 17:27:00,1.1583689451217651,1.1583689451217651,1.1583689451217651,1.1583689451217651,0
2026-03-18 17:29:00,1.1585739850997925,1.1585739850997925,1.1585739850997925,1.1585739850997925,0
2026-03-18 17:31:00,1.1587409973144531,1.1587409973144531,1.1587409973144531,1.1587409973144531,0
2026-03-18 17:33:00,1.1587159633636477,1.1587159633636477,1.1587159633636477,1.1587159633636477,0
2026-03-18 17:35:00,1.1587719917297363,1.1587719917297363,1.1587719917297363,1.1587719917297363,0
2026-03-18 17:37:00,1.1588200330734253,1.1588200330734253,1.1588200330734253,1.1588200330734253,0
2026-03-18 17:39:00,1.1589089632034302,1.1589089632034302,1.1589089632034302,1.1589089632034302,0
2026-03-18 17:41:00,1.158668041229248,1.158668041229248,1.158668041229248,1.158668041229248,0
2026-03-18 17:43:00,1.158642053604126,1.158642053604126,1.158642053604126,1.158642053604126,0
2026-03-18 17:45:00,1.1588380336761477,1.1588380336761477,1.1588380336761477,1.1588380336761477,0
2026-03-18 17:47:00,1.1586359739303589,1.1586359739303589,1.1586359739303589,1.1586359739303589,0
2026-03-18 17:49:00,1.1586159467697144,1.1586159467697144,1.1586159467697144,1.1586159467697144,0
2026-03-18 17:51:00,1.1584960222244265,1.1584960222244265,1.1584960222244265,1.1584960222244265,0
2026-03-18 17:53:00,1.158496975898743,1.158496975898743,1.158496975898743,1.158496975898743,0
2026-03-18 17:55:00,1.1584190130233765,1.1584190130233765,1.1584190130233765,1.1584190130233765,0
2026-03-18 17:57:00,1.158473014831543,1.158473014831543,1.158473014831543,1.158473014831543,0
2026-03-18 17:59:00,1.1585450172424316,1.1585450172424316,1.1585450172424316,1.1585450172424316,0
2026-03-18 18:01:00,1.1583629846572876,1.1583629846572876,1.1583629846572876,1.1583629846572876,0
2026-03-18 18:03:00,1.1583620309829712,1.1583620309829712,1.1583620309829712,1.1583620309829712,0
2026-03-18 18:05:00,1.1583470106124878,1.1583470106124878,1.1583470106124878,1.1583470106124878,0
2026-03-18 18:07:00,1.1583939790725708,1.1583939790725708,1.1583939790725708,1.1583939790725708,0
2026-03-18 18:09:00,1.158378005027771,1.158378005027771,1.158378005027771,1.158378005027771,0
2026-03-18 18:11:00,1.1584739685058594,1.1584739685058594,1.1584739685058594,1.1584739685058594,0
2026-03-18 18:13:00,1.158473014831543,1.158473014831543,1.158473014831543,1.158473014831543,0
2026-03-18 18:15:00,1.1584659814834597,1.1584659814834597,1.1584659814834597,1.1584659814834597,0
2026-03-18 18:17:00,1.1582820415496826,1.1582820415496826,1.1582820415496826,1.1582820415496826,0
2026-03-18 18:19:00,1.1582529544830322,1.1582529544830322,1.1582529544830322,1.1582529544830322,0
2026-03-18 18:21:00,1.1582529544830322,1.1582529544830322,1.1582529544830322,1.1582529544830322,0
2026-03-18 18:23:00,1.1580959558486938,1.1580959558486938,1.1580959558486938,1.1580959558486938,0
2026-03-18 18:25:00,1.1580569744110107,1.1580569744110107,1.1580569744110107,1.1580569744110107,0
2026-03-18 18:27:00,1.158149003982544,1.158149003982544,1.158149003982544,1.158149003982544,0
2026-03-18 18:29:00,1.158215045928955,1.158215045928955,1.158215045928955,1.158215045928955,0
2026-03-18 18:31:00,1.1583009958267212,1.1583009958267212,1.1583009958267212,1.1583009958267212,0
2026-03-18 18:33:00,1.1583369970321655,1.1583369970321655,1.1583369970321655,1.1583369970321655,0
2026-03-18 18:35:00,1.1583019495010376,1.1583019495010376,1.1583019495010376,1.1583019495010376,0
2026-03-18 18:37:00,1.1583770513534546,1.1583770513534546,1.1583770513534546,1.1583770513534546,0
2026-03-18 18:39:00,1.1583490371704102,1.1583490371704102,1.1583490371704102,1.1583490371704102,0
2026-03-18 18:41:00,1.1583019495010376,1.1583019495010376,1.1583019495010376,1.1583019495010376,0
2026-03-18 18:43:00,1.1586370468139648,1.1586370468139648,1.1586370468139648,1.1586370468139648,0
2026-03-18 18:45:00,1.158277988433838,1.158277988433838,1.158277988433838,1.158277988433838,0
2026-03-18 18:47:00,1.1580439805984497,1.1580439805984497,1.1580439805984497,1.1580439805984497,0
2026-03-18 18:49:00,1.1579840183258057,1.1579840183258057,1.1579840183258057,1.1579840183258057,0
2026-03-18 18:51:00,1.1580220460891724,1.1580220460891724,1.1580220460891724,1.1580220460891724,0
2026-03-18 18:53:00,1.1581560373306274,1.1581560373306274,1.1581560373306274,1.1581560373306274,0
2026-03-18 18:55:00,1.158061981201172,1.158061981201172,1.158061981201172,1.158061981201172,0
2026-03-18 18:57:00,1.1580679416656494,1.1580679416656494,1.1580679416656494,1.1580679416656494,0
2026-03-18 18:59:00,1.1578919887542725,1.1578919887542725,1.1578919887542725,1.1578919887542725,0
2026-03-18 19:01:00,1.1578710079193115,1.1578710079193115,1.1578710079193115,1.1578710079193115,0
2026-03-18 19:03:00,1.1578409671783447,1.1578409671783447,1.1578409671783447,1.1578409671783447,0
2026-03-18 19:05:00,1.1578389406204224,1.1578389406204224,1.1578389406204224,1.1578389406204224,0
2026-03-18 19:07:00,1.1578470468521118,1.1578470468521118,1.1578470468521118,1.1578470468521118,0
2026-03-18 19:09:00,1.1577470302581787,1.1577470302581787,1.1577470302581787,1.1577470302581787,0
2026-03-18 19:11:00,1.157655954360962,1.157655954360962,1.157655954360962,1.157655954360962,0
2026-03-18 19:13:00,1.1576000452041626,1.1576000452041626,1.1576000452041626,1.1576000452041626,0
2026-03-18 19:15:00,1.1577379703521729,1.1577379703521729,1.1577379703521729,1.1577379703521729,0
2026-03-18 19:17:00,1.1578069925308228,1.1578069925308228,1.1578069925308228,1.1578069925308228,0
2026-03-18 19:19:00,1.1578409671783447,1.1578409671783447,1.1578409671783447,1.1578409671783447,0
2026-03-18 19:21:00,1.1577839851379397,1.1577839851379397,1.1577839851379397,1.1577839851379397,0
2026-03-18 19:23:00,1.1579140424728394,1.1579140424728394,1.1579140424728394,1.1579140424728394,0
2026-03-18 19:25:00,1.1578550338745115,1.1578550338745115,1.1578550338745115,1.1578550338745115,0
2026-03-18 19:27:00,1.1578489542007446,1.1578489542007446,1.1578489542007446,1.1578489542007446,0
2026-03-18 19:29:00,1.1578470468521118,1.1578470468521118,1.1578470468521118,1.1578470468521118,0
2026-03-18 19:31:00,1.157731056213379,1.157731056213379,1.157731056213379,1.157731056213379,0
2026-03-18 19:33:00,1.1577739715576172,1.1577739715576172,1.1577739715576172,1.1577739715576172,0
2026-03-18 19:35:00,1.1576759815216064,1.1576759815216064,1.1576759815216064,1.1576759815216064,0
2026-03-18 19:37:00,1.157721996307373,1.157721996307373,1.157721996307373,1.157721996307373,0
2026-03-18 19:39:00,1.1577630043029783,1.1577630043029783,1.1577630043029783,1.1577630043029783,0
2026-03-18 19:41:00,1.157634973526001,1.157634973526001,1.157634973526001,1.157634973526001,0
2026-03-18 19:43:00,1.1576600074768066,1.1576600074768066,1.1576600074768066,1.1576600074768066,0
2026-03-18 19:45:00,1.1576470136642456,1.1576470136642456,1.1576470136642456,1.1576470136642456,0
2026-03-18 19:47:00,1.1576759815216064,1.1576759815216064,1.1576759815216064,1.1576759815216064,0
2026-03-18 19:49:00,1.1576499938964844,1.1576499938964844,1.1576499938964844,1.1576499938964844,0
2026-03-18 19:51:00,1.1574469804763794,1.1574469804763794,1.1574469804763794,1.1574469804763794,0
2026-03-18 19:53:00,1.157454013824463,1.157454013824463,1.157454013824463,1.157454013824463,0
2026-03-18 19:55:00,1.1573660373687744,1.1573660373687744,1.1573660373687744,1.1573660373687744,0
2026-03-18 19:57:00,1.157433032989502,1.157433032989502,1.157433032989502,1.157433032989502,0
2026-03-18 19:59:00,1.1576189994812012,1.1576189994812012,1.1576189994812012,1.1576189994812012,0
2026-03-18 20:01:00,1.1576249599456787,1.1576249599456787,1.1576249599456787,1.1576249599456787,0
2026-03-18 20:03:00,1.1576370000839231,1.1576370000839231,1.1576370000839231,1.1576370000839231,0
2026-03-18 20:05:00,1.157688021659851,1.157688021659851,1.157688021659851,1.157688021659851,0
2026-03-18 20:07:00,1.1577459573745728,1.1577459573745728,1.1577459573745728,1.1577459573745728,0
2026-03-18 20:09:00,1.1577149629592896,1.1577149629592896,1.1577149629592896,1.1577149629592896,0
2026-03-18 20:11:00,1.1574660539627075,1.1574660539627075,1.1574660539627075,1.1574660539627075,0
2026-03-18 20:13:00,1.1572860479354858,1.1572860479354858,1.1572860479354858,1.1572860479354858,0
2026-03-18 20:15:00,1.157127022743225,1.157127022743225,1.157127022743225,1.157127022743225,0
2026-03-18 20:17:00,1.1572409868240356,1.1572409868240356,1.1572409868240356,1.1572409868240356,0
2026-03-18 20:19:00,1.1574569940567017,1.1574569940567017,1.1574569940567017,1.1574569940567017,0
2026-03-18 20:21:00,1.15733802318573,1.15733802318573,1.15733802318573,1.15733802318573,0
2026-03-18 20:23:00,1.1574699878692627,1.1574699878692627,1.1574699878692627,1.1574699878692627,0
2026-03-18 20:25:00,1.1574900150299072,1.1574900150299072,1.1574900150299072,1.1574900150299072,0
2026-03-18 20:27:00,1.1573909521102903,1.1573909521102903,1.1573909521102903,1.1573909521102903,0
2026-03-18 20:29:00,1.1574649810791016,1.1574649810791016,1.1574649810791016,1.1574649810791016,0
2026-03-18 20:31:00,1.157520055770874,1.157520055770874,1.157520055770874,1.157520055770874,0
2026-03-18 20:33:00,1.1574770212173462,1.1574770212173462,1.1574770212173462,1.1574770212173462,0
2026-03-18 20:35:00,1.157389998435974,1.157389998435974,1.157389998435974,1.157389998435974,0
2026-03-18 20:37:00,1.157433032989502,1.157433032989502,1.157433032989502,1.157433032989502,0
2026-03-18 20:39:00,1.157513976097107,1.157513976097107,1.157513976097107,1.157513976097107,0
2026-03-18 20:41:00,1.1574519872665403,1.1574519872665403,1.1574519872665403,1.1574519872665403,0
2026-03-18 20:43:00,1.157425045967102,1.157425045967102,1.157425045967102,1.157425045967102,0
2026-03-18 20:45:00,1.157359004020691,1.157359004020691,1.157359004020691,1.157359004020691,0
2026-03-18 20:47:00,1.1574020385742188,1.1574020385742188,1.1574020385742188,1.1574020385742188,0
2026-03-18 20:49:00,1.15740704536438,1.15740704536438,1.15740704536438,1.15740704536438,0
2026-03-18 20:51:00,1.1573330163955688,1.1573330163955688,1.1573330163955688,1.1573330163955688,0
2026-03-18 20:53:00,1.1573660373687744,1.1573660373687744,1.1573660373687744,1.1573660373687744,0
2026-03-18 20:55:00,1.1574419736862185,1.1574419736862185,1.1574419736862185,1.1574419736862185,0
2026-03-18 20:57:00,1.1577019691467283,1.1577019691467283,1.1577019691467283,1.1577019691467283,0
2026-03-18 20:59:00,1.1576529741287231,1.1576529741287231,1.1576529741287231,1.1576529741287231,0
2026-03-18 21:01:00,1.1576420068740845,1.1576420068740845,1.1576420068740845,1.1576420068740845,0
2026-03-18 21:03:00,1.1577869653701782,1.1577869653701782,1.1577869653701782,1.1577869653701782,0
2026-03-18 21:05:00,1.157438039779663,1.157438039779663,1.157438039779663,1.157438039779663,0
2026-03-18 21:07:00,1.1575239896774292,1.1575239896774292,1.1575239896774292,1.1575239896774292,0
2026-03-18 21:09:00,1.1575950384140017,1.1575950384140017,1.1575950384140017,1.1575950384140017,0
2026-03-18 21:11:00,1.157541036605835,1.157541036605835,1.157541036605835,1.157541036605835,0
2026-03-18 21:13:00,1.1575709581375122,1.1575709581375122,1.1575709581375122,1.1575709581375122,0
2026-03-18 21:15:00,1.157485008239746,1.157485008239746,1.157485008239746,1.157485008239746,0
2026-03-18 21:17:00,1.1573020219802856,1.1573020219802856,1.1573020219802856,1.1573020219802856,0
2026-03-18 21:19:00,1.1574180126190186,1.1574180126190186,1.1574180126190186,1.1574180126190186,0
2026-03-18 21:21:00,1.1571179628372192,1.1571179628372192,1.1571179628372192,1.1571179628372192,0
2026-03-18 21:23:00,1.1572550535202026,1.1572550535202026,1.1572550535202026,1.1572550535202026,0
2026-03-18 21:25:00,1.157209038734436,1.157209038734436,1.157209038734436,1.157209038734436,0
2026-03-18 21:27:00,1.157148003578186,1.157148003578186,1.157148003578186,1.157148003578186,0
2026-03-18 21:29:00,1.1568180322647097,1.1568180322647097,1.1568180322647097,1.1568180322647097,0
2026-03-18 21:31:00,1.1567959785461426,1.1567959785461426,1.1567959785461426,1.1567959785461426,0
2026-03-18 21:33:00,1.1569819450378418,1.1569819450378418,1.1569819450378418,1.1569819450378418,0
2026-03-18 21:35:00,1.156775951385498,1.156775951385498,1.156775951385498,1.156775951385498,0
2026-03-18 21:37:00,1.157130002975464,1.157130002975464,1.157130002975464,1.157130002975464,0
2026-03-18 21:39:00,1.1570899486541748,1.1570899486541748,1.1570899486541748,1.1570899486541748,0
2026-03-18 21:41:00,1.1571309566497805,1.1571309566497805,1.1571309566497805,1.1571309566497805,0
2026-03-18 21:43:00,1.1570500135421753,1.1570500135421753,1.1570500135421753,1.1570500135421753,0
2026-03-18 21:45:00,1.1567970514297483,1.1567970514297483,1.1567970514297483,1.1567970514297483,0
2026-03-18 21:47:00,1.1568559408187866,1.1568559408187866,1.1568559408187866,1.1568559408187866,0
2026-03-18 21:49:00,1.1567950248718262,1.1567950248718262,1.1567950248718262,1.1567950248718262,0
2026-03-18 21:51:00,1.1574079990386963,1.1574079990386963,1.1574079990386963,1.1574079990386963,0
2026-03-18 21:53:00,1.1573009490966797,1.1573009490966797,1.1573009490966797,1.1573009490966797,0
2026-03-18 21:55:00,1.1572990417480469,1.1572990417480469,1.1572990417480469,1.1572990417480469,0
2026-03-18 21:57:00,1.1574560403823853,1.1574560403823853,1.1574560403823853,1.1574560403823853,0
2026-03-18 21:59:00,1.1571719646453855,1.1571719646453855,1.1571719646453855,1.1571719646453855,0
2026-03-18 22:01:00,1.1570379734039309,1.1570379734039309,1.1570379734039309,1.1570379734039309,0
2026-03-18 22:03:00,1.1570409536361694,1.1570409536361694,1.1570409536361694,1.1570409536361694,0
2026-03-18 22:05:00,1.1572109460830688,1.1572109460830688,1.1572109460830688,1.1572109460830688,0
2026-03-18 22:07:00,1.1568540334701538,1.1568540334701538,1.1568540334701538,1.1568540334701538,0
2026-03-18 22:09:00,1.1569130420684814,1.1569130420684814,1.1569130420684814,1.1569130420684814,0
2026-03-18 22:11:00,1.1570279598236084,1.1570279598236084,1.1570279598236084,1.1570279598236084,0
2026-03-18 22:13:00,1.1569149494171145,1.1569149494171145,1.1569149494171145,1.1569149494171145,0
2026-03-18 22:15:00,1.157189965248108,1.157189965248108,1.157189965248108,1.157189965248108,0
2026-03-18 22:17:00,1.157142996788025,1.157142996788025,1.157142996788025,1.157142996788025,0
2026-03-18 22:19:00,1.1571240425109863,1.1571240425109863,1.1571240425109863,1.1571240425109863,0
2026-03-18 22:21:00,1.1572209596633911,1.1572209596633911,1.1572209596633911,1.1572209596633911,0
2026-03-18 22:23:00,1.1573660373687744,1.1573660373687744,1.1573660373687744,1.1573660373687744,0
2026-03-18 22:25:00,1.1572120189666748,1.1572120189666748,1.1572120189666748,1.1572120189666748,0
2026-03-18 22:27:00,1.1571940183639526,1.1571940183639526,1.1571940183639526,1.1571940183639526,0
2026-03-18 22:29:00,1.1572680473327637,1.1572680473327637,1.1572680473327637,1.1572680473327637,0
2026-03-18 22:31:00,1.1572749614715576,1.1572749614715576,1.1572749614715576,1.1572749614715576,0
2026-03-18 22:33:00,1.1573179960250854,1.1573179960250854,1.1573179960250854,1.1573179960250854,0
2026-03-18 22:35:00,1.157241940498352,1.157241940498352,1.157241940498352,1.157241940498352,0
2026-03-18 22:37:00,1.157209038734436,1.157209038734436,1.157209038734436,1.157209038734436,0
2026-03-18 22:39:00,1.1571680307388306,1.1571680307388306,1.1571680307388306,1.1571680307388306,0
2026-03-18 22:41:00,1.1572389602661133,1.1572389602661133,1.1572389602661133,1.1572389602661133,0
2026-03-18 22:43:00,1.157191038131714,1.157191038131714,1.157191038131714,1.157191038131714,0
2026-03-18 22:45:00,1.1571990251541138,1.1571990251541138,1.1571990251541138,1.1571990251541138,0
2026-03-18 22:47:00,1.1571999788284302,1.1571999788284302,1.1571999788284302,1.1571999788284302,0
2026-03-18 22:49:00,1.157189965248108,1.157189965248108,1.157189965248108,1.157189965248108,0
2026-03-18 22:51:00,1.1572250127792358,1.1572250127792358,1.1572250127792358,1.1572250127792358,0
2026-03-18 22:53:00,1.1572459936141968,1.1572459936141968,1.1572459936141968,1.1572459936141968,0
2026-03-18 22:55:00,1.1572400331497192,1.1572400331497192,1.1572400331497192,1.1572400331497192,0
2026-03-18 22:57:00,1.157331943511963,1.157331943511963,1.157331943511963,1.157331943511963,0
2026-03-18 22:59:00,1.157323956489563,1.157323956489563,1.157323956489563,1.157323956489563,0
2026-03-18 23:01:00,1.1571719646453855,1.1571719646453855,1.1571719646453855,1.1571719646453855,0
2026-03-18 23:03:00,1.157228946685791,1.157228946685791,1.157228946685791,1.157228946685791,0
2026-03-18 23:05:00,1.1572480201721191,1.1572480201721191,1.1572480201721191,1.1572480201721191,0
2026-03-18 23:07:00,1.157127022743225,1.157127022743225,1.157127022743225,1.157127022743225,0
2026-03-18 23:09:00,1.157148003578186,1.157148003578186,1.157148003578186,1.157148003578186,0
2026-03-18 23:11:00,1.1572270393371582,1.1572270393371582,1.1572270393371582,1.1572270393371582,0
2026-03-18 23:13:00,1.1572250127792358,1.1572250127792358,1.1572250127792358,1.1572250127792358,0
2026-03-18 23:15:00,1.1571990251541138,1.1571990251541138,1.1571990251541138,1.1571990251541138,0
2026-03-18 23:17:00,1.1572680473327637,1.1572680473327637,1.1572680473327637,1.1572680473327637,0
2026-03-18 23:19:00,1.1572099924087524,1.1572099924087524,1.1572099924087524,1.1572099924087524,0
2026-03-18 23:21:00,1.1571719646453855,1.1571719646453855,1.1571719646453855,1.1571719646453855,0
2026-03-18 23:23:00,1.157233953475952,1.157233953475952,1.157233953475952,1.157233953475952,0
2026-03-18 23:25:00,1.1571680307388306,1.1571680307388306,1.1571680307388306,1.1571680307388306,0
2026-03-18 23:27:00,1.157099962234497,1.157099962234497,1.157099962234497,1.157099962234497,0
2026-03-18 23:29:00,1.1571060419082642,1.1571060419082642,1.1571060419082642,1.1571060419082642,0
2026-03-18 23:31:00,1.1570969820022583,1.1570969820022583,1.1570969820022583,1.1570969820022583,0
2026-03-18 23:33:00,1.1570760011672974,1.1570760011672974,1.1570760011672974,1.1570760011672974,0
2026-03-18 23:35:00,1.1571340560913086,1.1571340560913086,1.1571340560913086,1.1571340560913086,0
2026-03-18 23:37:00,1.1570539474487305,1.1570539474487305,1.1570539474487305,1.1570539474487305,0
2026-03-18 23:39:00,1.1571060419082642,1.1571060419082642,1.1571060419082642,1.1571060419082642,0
2026-03-18 23:41:00,1.157078981399536,1.157078981399536,1.157078981399536,1.157078981399536,0
2026-03-18 23:43:00,1.157081961631775,1.157081961631775,1.157081961631775,1.157081961631775,0
2026-03-18 23:45:00,1.1570980548858645,1.1570980548858645,1.1570980548858645,1.1570980548858645,0
2026-03-18 23:47:00,1.157086968421936,1.157086968421936,1.157086968421936,1.157086968421936,0
2026-03-18 23:49:00,1.1570760011672974,1.1570760011672974,1.1570760011672974,1.1570760011672974,0
2026-03-18 23:51:00,1.1571019887924194,1.1571019887924194,1.1571019887924194,1.1571019887924194,0
2026-03-18 23:53:00,1.1571029424667358,1.1571029424667358,1.1571029424667358,1.1571029424667358,0
2026-03-18 23:55:00,1.1571359634399414,1.1571359634399414,1.1571359634399414,1.1571359634399414,0
2026-03-18 23:57:00,1.1571029424667358,1.1571029424667358,1.1571029424667358,1.1571029424667358,0
2026-03-19 00:01:00,1.157078981399536,1.157078981399536,1.157078981399536,1.157078981399536,0
2026-03-19 00:03:00,1.1571630239486694,1.1571630239486694,1.1571630239486694,1.1571630239486694,0
2026-03-19 00:05:00,1.157253980636597,1.157253980636597,1.157253980636597,1.157253980636597,0
2026-03-19 00:07:00,1.157253980636597,1.157253980636597,1.157253980636597,1.157253980636597,0
2026-03-19 00:09:00,1.1572760343551636,1.1572760343551636,1.1572760343551636,1.1572760343551636,0
2026-03-19 00:11:00,1.157431960105896,1.157431960105896,1.157431960105896,1.157431960105896,0
2026-03-19 00:13:00,1.1574840545654297,1.1574840545654297,1.1574840545654297,1.1574840545654297,0
2026-03-19 00:15:00,1.1574870347976685,1.1574870347976685,1.1574870347976685,1.1574870347976685,0
2026-03-19 00:17:00,1.1573950052261353,1.1573950052261353,1.1573950052261353,1.1573950052261353,0
2026-03-19 00:19:00,1.1573699712753296,1.1573699712753296,1.1573699712753296,1.1573699712753296,0
2026-03-19 00:21:00,1.1572940349578855,1.1572940349578855,1.1572940349578855,1.1572940349578855,0
2026-03-19 00:23:00,1.1573059558868408,1.1573059558868408,1.1573059558868408,1.1573059558868408,0
2026-03-19 00:25:00,1.1573059558868408,1.1573059558868408,1.1573059558868408,1.1573059558868408,0
2026-03-19 00:27:00,1.157263994216919,1.157263994216919,1.157263994216919,1.157263994216919,0
2026-03-19 00:29:00,1.1572829484939575,1.1572829484939575,1.1572829484939575,1.1572829484939575,0
2026-03-19 00:31:00,1.1571619510650637,1.1571619510650637,1.1571619510650637,1.1571619510650637,0
2026-03-19 00:33:00,1.1571229696273804,1.1571229696273804,1.1571229696273804,1.1571229696273804,0
2026-03-19 00:35:00,1.1572550535202026,1.1572550535202026,1.1572550535202026,1.1572550535202026,0
2026-03-19 00:37:00,1.1572749614715576,1.1572749614715576,1.1572749614715576,1.1572749614715576,0
2026-03-19 00:39:00,1.1572190523147583,1.1572190523147583,1.1572190523147583,1.1572190523147583,0
2026-03-19 00:41:00,1.1572669744491575,1.1572669744491575,1.1572669744491575,1.1572669744491575,0
2026-03-19 00:43:00,1.1572229862213137,1.1572229862213137,1.1572229862213137,1.1572229862213137,0
2026-03-19 00:45:00,1.1572099924087524,1.1572099924087524,1.1572099924087524,1.1572099924087524,0
2026-03-19 00:47:00,1.1572619676589966,1.1572619676589966,1.1572619676589966,1.1572619676589966,0
2026-03-19 00:49:00,1.157222032546997,1.157222032546997,1.157222032546997,1.157222032546997,0
2026-03-19 00:51:00,1.1572129726409912,1.1572129726409912,1.1572129726409912,1.1572129726409912,0
2026-03-19 00:53:00,1.157204031944275,1.157204031944275,1.157204031944275,1.157204031944275,0
2026-03-19 00:55:00,1.1573959589004517,1.1573959589004517,1.1573959589004517,1.1573959589004517,0
2026-03-19 00:57:00,1.1576050519943235,1.1576050519943235,1.1576050519943235,1.1576050519943235,0
2026-03-19 00:59:00,1.157824993133545,1.157824993133545,1.157824993133545,1.157824993133545,0
2026-03-19 01:01:00,1.1578019857406616,1.1578019857406616,1.1578019857406616,1.1578019857406616,0
2026-03-19 01:03:00,1.1575850248336792,1.1575850248336792,1.1575850248336792,1.1575850248336792,0
2026-03-19 01:05:00,1.157626986503601,1.157626986503601,1.157626986503601,1.157626986503601,0
2026-03-19 01:07:00,1.157628059387207,1.157628059387207,1.157628059387207,1.157628059387207,0
2026-03-19 01:09:00,1.1575440168380735,1.1575440168380735,1.1575440168380735,1.1575440168380735,0
2026-03-19 01:11:00,1.1575599908828735,1.1575599908828735,1.1575599908828735,1.1575599908828735,0
2026-03-19 01:13:00,1.1575859785079956,1.1575859785079956,1.1575859785079956,1.1575859785079956,0
2026-03-19 01:15:00,1.1576100587844849,1.1576100587844849,1.1576100587844849,1.1576100587844849,0
2026-03-19 01:17:00,1.1576440334320068,1.1576440334320068,1.1576440334320068,1.1576440334320068,0
2026-03-19 01:19:00,1.1576030254364014,1.1576030254364014,1.1576030254364014,1.1576030254364014,0
2026-03-19 01:21:00,1.157641053199768,1.157641053199768,1.157641053199768,1.157641053199768,0
2026-03-19 01:23:00,1.1576780080795288,1.1576780080795288,1.1576780080795288,1.1576780080795288,0
2026-03-19 01:25:00,1.157696008682251,1.157696008682251,1.157696008682251,1.157696008682251,0
2026-03-19 01:27:00,1.1577390432357788,1.1577390432357788,1.1577390432357788,1.1577390432357788,0
2026-03-19 01:29:00,1.1576550006866455,1.1576550006866455,1.1576550006866455,1.1576550006866455,0
2026-03-19 01:31:00,1.1575520038604736,1.1575520038604736,1.1575520038604736,1.1575520038604736,0
2026-03-19 01:33:00,1.1574549674987793,1.1574549674987793,1.1574549674987793,1.1574549674987793,0
2026-03-19 01:35:00,1.157513976097107,1.157513976097107,1.157513976097107,1.157513976097107,0
2026-03-19 01:37:00,1.1575109958648682,1.1575109958648682,1.1575109958648682,1.1575109958648682,0
2026-03-19 01:39:00,1.1574560403823853,1.1574560403823853,1.1574560403823853,1.1574560403823853,0
2026-03-19 01:41:00,1.1574269533157349,1.1574269533157349,1.1574269533157349,1.1574269533157349,0
2026-03-19 01:43:00,1.1575289964675903,1.1575289964675903,1.1575289964675903,1.1575289964675903,0
2026-03-19 01:45:00,1.1575299501419067,1.1575299501419067,1.1575299501419067,1.1575299501419067,0
2026-03-19 01:47:00,1.1574870347976685,1.1574870347976685,1.1574870347976685,1.1574870347976685,0
2026-03-19 01:49:00,1.157541036605835,1.157541036605835,1.157541036605835,1.157541036605835,0
2026-03-19 01:51:00,1.157515048980713,1.157515048980713,1.157515048980713,1.157515048980713,0
2026-03-19 01:53:00,1.1575289964675903,1.1575289964675903,1.1575289964675903,1.1575289964675903,0
2026-03-19 01:55:00,1.1575419902801514,1.1575419902801514,1.1575419902801514,1.1575419902801514,0
2026-03-19 01:57:00,1.1574649810791016,1.1574649810791016,1.1574649810791016,1.1574649810791016,0
2026-03-19 01:59:00,1.1574660539627075,1.1574660539627075,1.1574660539627075,1.1574660539627075,0
2026-03-19 02:01:00,1.157513976097107,1.157513976097107,1.157513976097107,1.157513976097107,0
2026-03-19 02:03:00,1.1574989557266235,1.1574989557266235,1.1574989557266235,1.1574989557266235,0
2026-03-19 02:05:00,1.157412052154541,1.157412052154541,1.157412052154541,1.157412052154541,0
2026-03-19 02:07:00,1.1572459936141968,1.1572459936141968,1.1572459936141968,1.1572459936141968,0
2026-03-19 02:09:00,1.1575239896774292,1.1575239896774292,1.1575239896774292,1.1575239896774292,0
2026-03-19 02:11:00,1.157289981842041,1.157289981842041,1.157289981842041,1.157289981842041,0
2026-03-19 02:13:00,1.1572120189666748,1.1572120189666748,1.1572120189666748,1.1572120189666748,0
2026-03-19 02:15:00,1.1571379899978638,1.1571379899978638,1.1571379899978638,1.1571379899978638,0
2026-03-19 02:17:00,1.157201051712036,1.157201051712036,1.157201051712036,1.157201051712036,0
2026-03-19 02:19:00,1.1571320295333862,1.1571320295333862,1.1571320295333862,1.1571320295333862,0
2026-03-19 02:21:00,1.157191038131714,1.157191038131714,1.157191038131714,1.157191038131714,0
2026-03-19 02:23:00,1.1572829484939575,1.1572829484939575,1.1572829484939575,1.1572829484939575,0
2026-03-19 02:25:00,1.157173991203308,1.157173991203308,1.157173991203308,1.157173991203308,0
2026-03-19 02:27:00,1.1571600437164309,1.1571600437164309,1.1571600437164309,1.1571600437164309,0
2026-03-19 02:29:00,1.1571669578552246,1.1571669578552246,1.1571669578552246,1.1571669578552246,0
2026-03-19 02:31:00,1.1571580171585083,1.1571580171585083,1.1571580171585083,1.1571580171585083,0
2026-03-19 02:33:00,1.1571869850158691,1.1571869850158691,1.1571869850158691,1.1571869850158691,0
2026-03-19 02:35:00,1.157336950302124,1.157336950302124,1.157336950302124,1.157336950302124,0
2026-03-19 02:37:00,1.1572760343551636,1.1572760343551636,1.1572760343551636,1.1572760343551636,0
2026-03-19 02:39:00,1.1572400331497192,1.1572400331497192,1.1572400331497192,1.1572400331497192,0
2026-03-19 02:41:00,1.157222032546997,1.157222032546997,1.157222032546997,1.157222032546997,0
2026-03-19 02:43:00,1.1570229530334473,1.1570229530334473,1.1570229530334473,1.1570229530334473,0
2026-03-19 02:45:00,1.1571120023727417,1.1571120023727417,1.1571120023727417,1.1571120023727417,0
2026-03-19 02:47:00,1.1571580171585083,1.1571580171585083,1.1571580171585083,1.1571580171585083,0
2026-03-19 02:49:00,1.1570969820022583,1.1570969820022583,1.1570969820022583,1.1570969820022583,0
2026-03-19 02:51:00,1.157086968421936,1.157086968421936,1.157086968421936,1.157086968421936,0
2026-03-19 02:53:00,1.1571669578552246,1.1571669578552246,1.1571669578552246,1.1571669578552246,0
2026-03-19 02:55:00,1.1571170091629028,1.1571170091629028,1.1571170091629028,1.1571170091629028,0
2026-03-19 02:57:00,1.157107949256897,1.157107949256897,1.157107949256897,1.157107949256897,0
2026-03-19 02:59:00,1.1572049856185913,1.1572049856185913,1.1572049856185913,1.1572049856185913,0
2026-03-19 03:01:00,1.157359957695007,1.157359957695007,1.157359957695007,1.157359957695007,0
2026-03-19 03:03:00,1.1573810577392578,1.1573810577392578,1.1573810577392578,1.1573810577392578,0
2026-03-19 03:05:00,1.1573740243911743,1.1573740243911743,1.1573740243911743,1.1573740243911743,0
2026-03-19 03:07:00,1.1573400497436523,1.1573400497436523,1.1573400497436523,1.1573400497436523,0
2026-03-19 03:09:00,1.157420992851257,1.157420992851257,1.157420992851257,1.157420992851257,0
2026-03-19 03:11:00,1.1574009656906128,1.1574009656906128,1.1574009656906128,1.1574009656906128,0
2026-03-19 03:13:00,1.157431960105896,1.157431960105896,1.157431960105896,1.157431960105896,0
2026-03-19 03:15:00,1.1574280261993408,1.1574280261993408,1.1574280261993408,1.1574280261993408,0
2026-03-19 03:17:00,1.157485008239746,1.157485008239746,1.157485008239746,1.157485008239746,0
2026-03-19 03:19:00,1.157412052154541,1.157412052154541,1.157412052154541,1.157412052154541,0
2026-03-19 03:21:00,1.157454013824463,1.157454013824463,1.157454013824463,1.157454013824463,0
2026-03-19 03:23:00,1.1574959754943848,1.1574959754943848,1.1574959754943848,1.1574959754943848,0
2026-03-19 03:25:00,1.157513976097107,1.157513976097107,1.157513976097107,1.157513976097107,0
2026-03-19 03:27:00,1.1576039791107178,1.1576039791107178,1.1576039791107178,1.1576039791107178,0
2026-03-19 03:29:00,1.1576440334320068,1.1576440334320068,1.1576440334320068,1.1576440334320068,0
2026-03-19 03:31:00,1.1576110124588013,1.1576110124588013,1.1576110124588013,1.1576110124588013,0
2026-03-19 03:33:00,1.1575829982757568,1.1575829982757568,1.1575829982757568,1.1575829982757568,0
2026-03-19 03:35:00,1.157593011856079,1.157593011856079,1.157593011856079,1.157593011856079,0
2026-03-19 03:37:00,1.157580018043518,1.157580018043518,1.157580018043518,1.157580018043518,0
2026-03-19 03:39:00,1.1576149463653564,1.1576149463653564,1.1576149463653564,1.1576149463653564,0
2026-03-19 03:41:00,1.157647967338562,1.157647967338562,1.157647967338562,1.157647967338562,0
2026-03-19 03:43:00,1.1576319932937622,1.1576319932937622,1.1576319932937622,1.1576319932937622,0
2026-03-19 03:45:00,1.1576499938964844,1.1576499938964844,1.1576499938964844,1.1576499938964844,0
2026-03-19 03:47:00,1.1576759815216064,1.1576759815216064,1.1576759815216064,1.1576759815216064,0
2026-03-19 03:49:00,1.1576550006866455,1.1576550006866455,1.1576550006866455,1.1576550006866455,0
2026-03-19 03:51:00,1.157641053199768,1.157641053199768,1.157641053199768,1.157641053199768,0
2026-03-19 03:53:00,1.1576039791107178,1.1576039791107178,1.1576039791107178,1.1576039791107178,0
2026-03-19 03:55:00,1.1575130224227903,1.1575130224227903,1.1575130224227903,1.1575130224227903,0
2026-03-19 03:57:00,1.157503962516785,1.157503962516785,1.157503962516785,1.157503962516785,0
2026-03-19 03:59:00,1.1574939489364624,1.1574939489364624,1.1574939489364624,1.1574939489364624,0
2026-03-19 04:01:00,1.157452940940857,1.157452940940857,1.157452940940857,1.157452940940857,0
2026-03-19 04:03:00,1.1573820114135742,1.1573820114135742,1.1573820114135742,1.1573820114135742,0
2026-03-19 04:05:00,1.1573790311813354,1.1573790311813354,1.1573790311813354,1.1573790311813354,0
2026-03-19 04:07:00,1.1573259830474854,1.1573259830474854,1.1573259830474854,1.1573259830474854,0
2026-03-19 04:09:00,1.1572970151901243,1.1572970151901243,1.1572970151901243,1.1572970151901243,0
2026-03-19 04:11:00,1.1572329998016355,1.1572329998016355,1.1572329998016355,1.1572329998016355,0
2026-03-19 04:13:00,1.1572790145874023,1.1572790145874023,1.1572790145874023,1.1572790145874023,0
2026-03-19 04:15:00,1.1572760343551636,1.1572760343551636,1.1572760343551636,1.1572760343551636,0
2026-03-19 04:17:00,1.15726900100708,1.15726900100708,1.15726900100708,1.15726900100708,0
2026-03-19 04:19:00,1.1571019887924194,1.1571019887924194,1.1571019887924194,1.1571019887924194,0
2026-03-19 04:21:00,1.157107949256897,1.157107949256897,1.157107949256897,1.157107949256897,0
2026-03-19 04:23:00,1.1570299863815308,1.1570299863815308,1.1570299863815308,1.1570299863815308,0
2026-03-19 04:25:00,1.1570669412612915,1.1570669412612915,1.1570669412612915,1.1570669412612915,0
2026-03-19 04:27:00,1.1571069955825806,1.1571069955825806,1.1571069955825806,1.1571069955825806,0
2026-03-19 04:29:00,1.1571040153503418,1.1571040153503418,1.1571040153503418,1.1571040153503418,0
2026-03-19 04:31:00,1.1571149826049805,1.1571149826049805,1.1571149826049805,1.1571149826049805,0
2026-03-19 04:33:00,1.1570969820022583,1.1570969820022583,1.1570969820022583,1.1570969820022583,0
2026-03-19 04:35:00,1.157052993774414,1.157052993774414,1.157052993774414,1.157052993774414,0
2026-03-19 04:37:00,1.1570130586624146,1.1570130586624146,1.1570130586624146,1.1570130586624146,0
2026-03-19 04:39:00,1.1570550203323364,1.1570550203323364,1.1570550203323364,1.1570550203323364,0
2026-03-19 04:41:00,1.1570969820022583,1.1570969820022583,1.1570969820022583,1.1570969820022583,0
2026-03-19 04:43:00,1.157120943069458,1.157120943069458,1.157120943069458,1.157120943069458,0
2026-03-19 04:45:00,1.1571279764175415,1.1571279764175415,1.1571279764175415,1.1571279764175415,0
2026-03-19 04:47:00,1.157099962234497,1.157099962234497,1.157099962234497,1.157099962234497,0
2026-03-19 04:49:00,1.1571199893951416,1.1571199893951416,1.1571199893951416,1.1571199893951416,0
2026-03-19 04:51:00,1.1571320295333862,1.1571320295333862,1.1571320295333862,1.1571320295333862,0
2026-03-19 04:53:00,1.157142996788025,1.157142996788025,1.157142996788025,1.157142996788025,0
2026-03-19 04:55:00,1.157194972038269,1.157194972038269,1.157194972038269,1.157194972038269,0
2026-03-19 04:57:00,1.1572380065917969,1.1572380065917969,1.1572380065917969,1.1572380065917969,0
2026-03-19 04:59:00,1.157230019569397,1.157230019569397,1.157230019569397,1.157230019569397,0
2026-03-19 05:01:00,1.1571749448776243,1.1571749448776243,1.1571749448776243,1.1571749448776243,0
2026-03-19 05:03:00,1.1571799516677856,1.1571799516677856,1.1571799516677856,1.1571799516677856,0
2026-03-19 05:05:00,1.1571530103683472,1.1571530103683472,1.1571530103683472,1.1571530103683472,0
2026-03-19 05:07:00,1.1571789979934692,1.1571789979934692,1.1571789979934692,1.1571789979934692,0
2026-03-19 05:09:00,1.157086968421936,1.157086968421936,1.157086968421936,1.157086968421936,0
2026-03-19 05:11:00,1.1570969820022583,1.1570969820022583,1.1570969820022583,1.1570969820022583,0
2026-03-19 05:13:00,1.1571370363235474,1.1571370363235474,1.1571370363235474,1.1571370363235474,0
2026-03-19 05:15:00,1.1570709943771362,1.1570709943771362,1.1570709943771362,1.1570709943771362,0
2026-03-19 05:17:00,1.1571589708328247,1.1571589708328247,1.1571589708328247,1.1571589708328247,0
2026-03-19 05:19:00,1.1572099924087524,1.1572099924087524,1.1572099924087524,1.1572099924087524,0
2026-03-19 05:21:00,1.1571979522705078,1.1571979522705078,1.1571979522705078,1.1571979522705078,0
2026-03-19 05:23:00,1.157135009765625,1.157135009765625,1.157135009765625,1.157135009765625,0
2026-03-19 05:25:00,1.1571179628372192,1.1571179628372192,1.1571179628372192,1.1571179628372192,0
2026-03-19 05:27:00,1.1571240425109863,1.1571240425109863,1.1571240425109863,1.1571240425109863,0
2026-03-19 05:29:00,1.157073974609375,1.157073974609375,1.157073974609375,1.157073974609375,0
2026-03-19 05:31:00,1.1571170091629028,1.1571170091629028,1.1571170091629028,1.1571170091629028,0
2026-03-19 05:33:00,1.1570769548416138,1.1570769548416138,1.1570769548416138,1.1570769548416138,0
2026-03-19 05:35:00,1.157086968421936,1.157086968421936,1.157086968421936,1.157086968421936,0
2026-03-19 05:37:00,1.157088041305542,1.157088041305542,1.157088041305542,1.157088041305542,0
2026-03-19 05:39:00,1.1569019556045532,1.1569019556045532,1.1569019556045532,1.1569019556045532,0
2026-03-19 05:41:00,1.1569019556045532,1.1569019556045532,1.1569019556045532,1.1569019556045532,0
2026-03-19 05:43:00,1.1569969654083252,1.1569969654083252,1.1569969654083252,1.1569969654083252,0
2026-03-19 05:45:00,1.1569620370864868,1.1569620370864868,1.1569620370864868,1.1569620370864868,0
2026-03-19 05:47:00,1.1569600105285645,1.1569600105285645,1.1569600105285645,1.1569600105285645,0
2026-03-19 05:49:00,1.1570099592208862,1.1570099592208862,1.1570099592208862,1.1570099592208862,0
2026-03-19 05:51:00,1.1570760011672974,1.1570760011672974,1.1570760011672974,1.1570760011672974,0
2026-03-19 05:53:00,1.1570930480957031,1.1570930480957031,1.1570930480957031,1.1570930480957031,0
2026-03-19 05:55:00,1.1570760011672974,1.1570760011672974,1.1570760011672974,1.1570760011672974,0
2026-03-19 05:57:00,1.1569099426269531,1.1569099426269531,1.1569099426269531,1.1569099426269531,0
2026-03-19 05:59:00,1.156754970550537,1.156754970550537,1.156754970550537,1.156754970550537,0
2026-03-19 06:01:00,1.156838059425354,1.156838059425354,1.156838059425354,1.156838059425354,0
2026-03-19 06:03:00,1.156849980354309,1.156849980354309,1.156849980354309,1.156849980354309,0
2026-03-19 06:05:00,1.1569249629974363,1.1569249629974363,1.1569249629974363,1.1569249629974363,0
2026-03-19 06:07:00,1.156919002532959,1.156919002532959,1.156919002532959,1.156919002532959,0
2026-03-19 06:09:00,1.1568729877471924,1.1568729877471924,1.1568729877471924,1.1568729877471924,0
2026-03-19 06:11:00,1.156836986541748,1.156836986541748,1.156836986541748,1.156836986541748,0
2026-03-19 06:13:00,1.1569260358810425,1.1569260358810425,1.1569260358810425,1.1569260358810425,0
2026-03-19 06:15:00,1.1568859815597534,1.1568859815597534,1.1568859815597534,1.1568859815597534,0
2026-03-19 06:17:00,1.1569069623947144,1.1569069623947144,1.1569069623947144,1.1569069623947144,0
2026-03-19 06:19:00,1.1568219661712646,1.1568219661712646,1.1568219661712646,1.1568219661712646,0
2026-03-19 06:21:00,1.1567330360412598,1.1567330360412598,1.1567330360412598,1.1567330360412598,0
2026-03-19 06:23:00,1.156836986541748,1.156836986541748,1.156836986541748,1.156836986541748,0
2026-03-19 06:25:00,1.15693998336792,1.15693998336792,1.15693998336792,1.15693998336792,0
2026-03-19 06:27:00,1.1569730043411257,1.1569730043411257,1.1569730043411257,1.1569730043411257,0
2026-03-19 06:29:00,1.157014012336731,1.157014012336731,1.157014012336731,1.157014012336731,0
2026-03-19 06:31:00,1.1570600271224976,1.1570600271224976,1.1570600271224976,1.1570600271224976,0
2026-03-19 06:33:00,1.157019019126892,1.157019019126892,1.157019019126892,1.157019019126892,0
2026-03-19 06:35:00,1.1571309566497805,1.1571309566497805,1.1571309566497805,1.1571309566497805,0
2026-03-19 06:37:00,1.1571719646453855,1.1571719646453855,1.1571719646453855,1.1571719646453855,0
2026-03-19 06:39:00,1.1573179960250854,1.1573179960250854,1.1573179960250854,1.1573179960250854,0
2026-03-19 06:41:00,1.1572799682617188,1.1572799682617188,1.1572799682617188,1.1572799682617188,0
2026-03-19 06:43:00,1.1572680473327637,1.1572680473327637,1.1572680473327637,1.1572680473327637,0
2026-03-19 06:45:00,1.157230019569397,1.157230019569397,1.157230019569397,1.157230019569397,0
2026-03-19 06:47:00,1.1571749448776243,1.1571749448776243,1.1571749448776243,1.1571749448776243,0
2026-03-19 06:49:00,1.1571060419082642,1.1571060419082642,1.1571060419082642,1.1571060419082642,0
2026-03-19 06:51:00,1.1571799516677856,1.1571799516677856,1.1571799516677856,1.1571799516677856,0
2026-03-19 06:53:00,1.157202959060669,1.157202959060669,1.157202959060669,1.157202959060669,0
2026-03-19 06:55:00,1.1572669744491575,1.1572669744491575,1.1572669744491575,1.1572669744491575,0
2026-03-19 06:57:00,1.157189965248108,1.157189965248108,1.157189965248108,1.157189965248108,0
2026-03-19 06:59:00,1.1571489572525024,1.1571489572525024,1.1571489572525024,1.1571489572525024,0
2026-03-19 07:01:00,1.157075047492981,1.157075047492981,1.157075047492981,1.157075047492981,0
2026-03-19 07:03:00,1.1570290327072144,1.1570290327072144,1.1570290327072144,1.1570290327072144,0
2026-03-19 07:05:00,1.1568180322647097,1.1568180322647097,1.1568180322647097,1.1568180322647097,0
2026-03-19 07:07:00,1.1566879749298096,1.1566879749298096,1.1566879749298096,1.1566879749298096,0
2026-03-19 07:09:00,1.1564170122146606,1.1564170122146606,1.1564170122146606,1.1564170122146606,0
2026-03-19 07:11:00,1.156674027442932,1.156674027442932,1.156674027442932,1.156674027442932,0
2026-03-19 07:13:00,1.1567829847335815,1.1567829847335815,1.1567829847335815,1.1567829847335815,0
2026-03-19 07:15:00,1.1566499471664429,1.1566499471664429,1.1566499471664429,1.1566499471664429,0
2026-03-19 07:17:00,1.156499981880188,1.156499981880188,1.156499981880188,1.156499981880188,0
2026-03-19 07:19:00,1.156741976737976,1.156741976737976,1.156741976737976,1.156741976737976,0
2026-03-19 07:21:00,1.156764030456543,1.156764030456543,1.156764030456543,1.156764030456543,0
2026-03-19 07:23:00,1.156715989112854,1.156715989112854,1.156715989112854,1.156715989112854,0
2026-03-19 07:25:00,1.1568759679794312,1.1568759679794312,1.1568759679794312,1.1568759679794312,0
2026-03-19 07:27:00,1.1569160223007202,1.1569160223007202,1.1569160223007202,1.1569160223007202,0
2026-03-19 07:29:00,1.1569830179214478,1.1569830179214478,1.1569830179214478,1.1569830179214478,0
2026-03-19 07:31:00,1.1574039459228516,1.1574039459228516,1.1574039459228516,1.1574039459228516,0
2026-03-19 07:33:00,1.1574560403823853,1.1574560403823853,1.1574560403823853,1.1574560403823853,0
2026-03-19 07:35:00,1.1575210094451904,1.1575210094451904,1.1575210094451904,1.1575210094451904,0
2026-03-19 07:37:00,1.1575499773025513,1.1575499773025513,1.1575499773025513,1.1575499773025513,0
2026-03-19 07:39:00,1.157623052597046,1.157623052597046,1.157623052597046,1.157623052597046,0
2026-03-19 07:41:00,1.1576999425888062,1.1576999425888062,1.1576999425888062,1.1576999425888062,0
2026-03-19 07:43:00,1.157811999320984,1.157811999320984,1.157811999320984,1.157811999320984,0
2026-03-19 07:45:00,1.15767502784729,1.15767502784729,1.15767502784729,1.15767502784729,0
2026-03-19 07:47:00,1.1576459407806396,1.1576459407806396,1.1576459407806396,1.1576459407806396,0
2026-03-19 07:49:00,1.1575360298156738,1.1575360298156738,1.1575360298156738,1.1575360298156738,0
2026-03-19 07:51:00,1.1575770378112793,1.1575770378112793,1.1575770378112793,1.1575770378112793,0
2026-03-19 07:53:00,1.1575870513916016,1.1575870513916016,1.1575870513916016,1.1575870513916016,0
2026-03-19 07:55:00,1.1578389406204224,1.1578389406204224,1.1578389406204224,1.1578389406204224,0
2026-03-19 07:57:00,1.1578840017318726,1.1578840017318726,1.1578840017318726,1.1578840017318726,0
2026-03-19 07:59:00,1.1581770181655884,1.1581770181655884,1.1581770181655884,1.1581770181655884,0
2026-03-19 08:01:00,1.157817006111145,1.157817006111145,1.157817006111145,1.157817006111145,0
2026-03-19 08:03:00,1.157688021659851,1.157688021659851,1.157688021659851,1.157688021659851,0
2026-03-19 08:05:00,1.1577470302581787,1.1577470302581787,1.1577470302581787,1.1577470302581787,0
2026-03-19 08:07:00,1.1578630208969116,1.1578630208969116,1.1578630208969116,1.1578630208969116,0
2026-03-19 08:09:00,1.1579630374908447,1.1579630374908447,1.1579630374908447,1.1579630374908447,0
2026-03-19 08:11:00,1.158009052276611,1.158009052276611,1.158009052276611,1.158009052276611,0
2026-03-19 08:13:00,1.158216953277588,1.158216953277588,1.158216953277588,1.158216953277588,0
2026-03-19 08:15:00,1.1582930088043213,1.1582930088043213,1.1582930088043213,1.1582930088043213,0
2026-03-19 08:17:00,1.1583290100097656,1.1583290100097656,1.1583290100097656,1.1583290100097656,0
2026-03-19 08:19:00,1.1578279733657837,1.1578279733657837,1.1578279733657837,1.1578279733657837,0
2026-03-19 08:21:00,1.157526969909668,1.157526969909668,1.157526969909668,1.157526969909668,0
2026-03-19 08:23:00,1.1576520204544067,1.1576520204544067,1.1576520204544067,1.1576520204544067,0
2026-03-19 08:25:00,1.157716989517212,1.157716989517212,1.157716989517212,1.157716989517212,0
2026-03-19 08:27:00,1.157595992088318,1.157595992088318,1.157595992088318,1.157595992088318,0
2026-03-19 08:29:00,1.1575859785079956,1.1575859785079956,1.1575859785079956,1.1575859785079956,0
2026-03-19 08:31:00,1.1576249599456787,1.1576249599456787,1.1576249599456787,1.1576249599456787,0
2026-03-19 08:33:00,1.157467007637024,1.157467007637024,1.157467007637024,1.157467007637024,0
2026-03-19 08:35:00,1.1573940515518188,1.1573940515518188,1.1573940515518188,1.1573940515518188,0
2026-03-19 08:37:00,1.1572999954223633,1.1572999954223633,1.1572999954223633,1.1572999954223633,0
2026-03-19 08:39:00,1.1573920249938965,1.1573920249938965,1.1573920249938965,1.1573920249938965,0
2026-03-19 08:41:00,1.1574900150299072,1.1574900150299072,1.1574900150299072,1.1574900150299072,0
2026-03-19 08:43:00,1.1574519872665403,1.1574519872665403,1.1574519872665403,1.1574519872665403,0
2026-03-19 08:45:00,1.157389998435974,1.157389998435974,1.157389998435974,1.157389998435974,0
2026-03-19 08:47:00,1.157626032829285,1.157626032829285,1.157626032829285,1.157626032829285,0
2026-03-19 08:49:00,1.1573729515075684,1.1573729515075684,1.1573729515075684,1.1573729515075684,0
2026-03-19 08:51:00,1.1572489738464355,1.1572489738464355,1.1572489738464355,1.1572489738464355,0
2026-03-19 08:53:00,1.1571760177612305,1.1571760177612305,1.1571760177612305,1.1571760177612305,0
2026-03-19 08:55:00,1.1571710109710691,1.1571710109710691,1.1571710109710691,1.1571710109710691,0
2026-03-19 08:57:00,1.1571589708328247,1.1571589708328247,1.1571589708328247,1.1571589708328247,0
2026-03-19 08:59:00,1.1573569774627686,1.1573569774627686,1.1573569774627686,1.1573569774627686,0
2026-03-19 09:01:00,1.1573450565338137,1.1573450565338137,1.1573450565338137,1.1573450565338137,0
2026-03-19 09:03:00,1.1574499607086182,1.1574499607086182,1.1574499607086182,1.1574499607086182,0
2026-03-19 09:05:00,1.1574339866638184,1.1574339866638184,1.1574339866638184,1.1574339866638184,0
2026-03-19 09:07:00,1.1573729515075684,1.1573729515075684,1.1573729515075684,1.1573729515075684,0
2026-03-19 09:09:00,1.157073974609375,1.157073974609375,1.157073974609375,1.157073974609375,0
2026-03-19 09:11:00,1.1571019887924194,1.1571019887924194,1.1571019887924194,1.1571019887924194,0
2026-03-19 09:13:00,1.1570650339126587,1.1570650339126587,1.1570650339126587,1.1570650339126587,0
2026-03-19 09:15:00,1.1570639610290527,1.1570639610290527,1.1570639610290527,1.1570639610290527,0
2026-03-19 09:17:00,1.1571190357208252,1.1571190357208252,1.1571190357208252,1.1571190357208252,0
2026-03-19 09:19:00,1.1572329998016355,1.1572329998016355,1.1572329998016355,1.1572329998016355,0
2026-03-19 09:21:00,1.1571550369262695,1.1571550369262695,1.1571550369262695,1.1571550369262695,0
2026-03-19 09:23:00,1.1571539640426636,1.1571539640426636,1.1571539640426636,1.1571539640426636,0
2026-03-19 09:25:00,1.1572760343551636,1.1572760343551636,1.1572760343551636,1.1572760343551636,0
2026-03-19 09:27:00,1.1571660041809082,1.1571660041809082,1.1571660041809082,1.1571660041809082,0
2026-03-19 09:29:00,1.157181978225708,1.157181978225708,1.157181978225708,1.157181978225708,0
2026-03-19 09:31:00,1.1572320461273191,1.1572320461273191,1.1572320461273191,1.1572320461273191,0
2026-03-19 09:33:00,1.1571919918060305,1.1571919918060305,1.1571919918060305,1.1571919918060305,0
2026-03-19 09:35:00,1.1570849418640137,1.1570849418640137,1.1570849418640137,1.1570849418640137,0
2026-03-19 09:37:00,1.157191038131714,1.157191038131714,1.157191038131714,1.157191038131714,0
2026-03-19 09:39:00,1.1571450233459473,1.1571450233459473,1.1571450233459473,1.1571450233459473,0
2026-03-19 09:41:00,1.1572810411453247,1.1572810411453247,1.1572810411453247,1.1572810411453247,0
2026-03-19 09:43:00,1.1573410034179688,1.1573410034179688,1.1573410034179688,1.1573410034179688,0
2026-03-19 09:45:00,1.1573270559310913,1.1573270559310913,1.1573270559310913,1.1573270559310913,0
2026-03-19 09:47:00,1.157336950302124,1.157336950302124,1.157336950302124,1.157336950302124,0
2026-03-19 09:49:00,1.1573280096054075,1.1573280096054075,1.1573280096054075,1.1573280096054075,0
2026-03-19 09:51:00,1.1571249961853027,1.1571249961853027,1.1571249961853027,1.1571249961853027,0
2026-03-19 09:53:00,1.157114028930664,1.157114028930664,1.157114028930664,1.157114028930664,0
2026-03-19 09:55:00,1.1575219631195068,1.1575219631195068,1.1575219631195068,1.1575219631195068,0
2026-03-19 09:57:00,1.1574020385742188,1.1574020385742188,1.1574020385742188,1.1574020385742188,0
2026-03-19 09:59:00,1.1571890115737915,1.1571890115737915,1.1571890115737915,1.1571890115737915,0
2026-03-19 10:01:00,1.1573530435562134,1.1573530435562134,1.1573530435562134,1.1573530435562134,0
2026-03-19 10:03:00,1.157412052154541,1.157412052154541,1.157412052154541,1.157412052154541,0
2026-03-19 10:05:00,1.157457947731018,1.157457947731018,1.157457947731018,1.157457947731018,0
2026-03-19 10:07:00,1.1575770378112793,1.1575770378112793,1.1575770378112793,1.1575770378112793,0
2026-03-19 10:09:00,1.1576199531555176,1.1576199531555176,1.1576199531555176,1.1576199531555176,0
2026-03-19 10:11:00,1.157789945602417,1.157789945602417,1.157789945602417,1.157789945602417,0
2026-03-19 10:13:00,1.1578190326690674,1.1578190326690674,1.1578190326690674,1.1578190326690674,0
2026-03-19 10:15:00,1.1576759815216064,1.1576759815216064,1.1576759815216064,1.1576759815216064,0
2026-03-19 10:17:00,1.1576420068740845,1.1576420068740845,1.1576420068740845,1.1576420068740845,0
2026-03-19 10:19:00,1.157595992088318,1.157595992088318,1.157595992088318,1.157595992088318,0
2026-03-19 10:21:00,1.1576509475708008,1.1576509475708008,1.1576509475708008,1.1576509475708008,0
2026-03-19 10:23:00,1.1577500104904177,1.1577500104904177,1.1577500104904177,1.1577500104904177,0
2026-03-19 10:25:00,1.1576629877090454,1.1576629877090454,1.1576629877090454,1.1576629877090454,0
2026-03-19 10:27:00,1.1573400497436523,1.1573400497436523,1.1573400497436523,1.1573400497436523,0
2026-03-19 10:29:00,1.1573439836502075,1.1573439836502075,1.1573439836502075,1.1573439836502075,0
2026-03-19 10:31:00,1.1574749946594238,1.1574749946594238,1.1574749946594238,1.1574749946594238,0
2026-03-19 10:33:00,1.1574230194091797,1.1574230194091797,1.1574230194091797,1.1574230194091797,0
2026-03-19 10:35:00,1.1574360132217407,1.1574360132217407,1.1574360132217407,1.1574360132217407,0
2026-03-19 10:37:00,1.1574020385742188,1.1574020385742188,1.1574020385742188,1.1574020385742188,0
2026-03-19 10:39:00,1.1573580503463743,1.1573580503463743,1.1573580503463743,1.1573580503463743,0
2026-03-19 10:41:00,1.1571170091629028,1.1571170091629028,1.1571170091629028,1.1571170091629028,0
2026-03-19 10:43:00,1.1571359634399414,1.1571359634399414,1.1571359634399414,1.1571359634399414,0
2026-03-19 10:45:00,1.157016038894653,1.157016038894653,1.157016038894653,1.157016038894653,0
2026-03-19 10:47:00,1.1570069789886477,1.1570069789886477,1.1570069789886477,1.1570069789886477,0
2026-03-19 10:49:00,1.1571849584579468,1.1571849584579468,1.1571849584579468,1.1571849584579468,0
2026-03-19 10:51:00,1.1572799682617188,1.1572799682617188,1.1572799682617188,1.1572799682617188,0
2026-03-19 10:53:00,1.15740704536438,1.15740704536438,1.15740704536438,1.15740704536438,0
2026-03-19 10:55:00,1.1574620008468628,1.1574620008468628,1.1574620008468628,1.1574620008468628,0
2026-03-19 10:57:00,1.157418966293335,1.157418966293335,1.157418966293335,1.157418966293335,0
2026-03-19 10:59:00,1.157331943511963,1.157331943511963,1.157331943511963,1.157331943511963,0
2026-03-19 11:01:00,1.1574560403823853,1.1574560403823853,1.1574560403823853,1.1574560403823853,0
2026-03-19 11:03:00,1.1573200225830078,1.1573200225830078,1.1573200225830078,1.1573200225830078,0
2026-03-19 11:05:00,1.1572589874267578,1.1572589874267578,1.1572589874267578,1.1572589874267578,0
2026-03-19 11:07:00,1.1573009490966797,1.1573009490966797,1.1573009490966797,1.1573009490966797,0
2026-03-19 11:09:00,1.157112956047058,1.157112956047058,1.157112956047058,1.157112956047058,0
2026-03-19 11:11:00,1.157140016555786,1.157140016555786,1.157140016555786,1.157140016555786,0
2026-03-19 11:13:00,1.1571550369262695,1.1571550369262695,1.1571550369262695,1.1571550369262695,0
2026-03-19 11:15:00,1.1571019887924194,1.1571019887924194,1.1571019887924194,1.1571019887924194,0
2026-03-19 11:17:00,1.157204031944275,1.157204031944275,1.157204031944275,1.157204031944275,0
2026-03-19 11:19:00,1.1571470499038696,1.1571470499038696,1.1571470499038696,1.1571470499038696,0
2026-03-19 11:21:00,1.1572890281677246,1.1572890281677246,1.1572890281677246,1.1572890281677246,0
2026-03-19 11:23:00,1.1571799516677856,1.1571799516677856,1.1571799516677856,1.1571799516677856,0
2026-03-19 11:25:00,1.1574280261993408,1.1574280261993408,1.1574280261993408,1.1574280261993408,0
2026-03-19 11:27:00,1.1574569940567017,1.1574569940567017,1.1574569940567017,1.1574569940567017,0
2026-03-19 11:29:00,1.1573610305786133,1.1573610305786133,1.1573610305786133,1.1573610305786133,0
2026-03-19 11:31:00,1.1574089527130127,1.1574089527130127,1.1574089527130127,1.1574089527130127,0
2026-03-19 11:33:00,1.1574310064315796,1.1574310064315796,1.1574310064315796,1.1574310064315796,0
2026-03-19 11:35:00,1.1573710441589355,1.1573710441589355,1.1573710441589355,1.1573710441589355,0
2026-03-19 11:37:00,1.1574759483337402,1.1574759483337402,1.1574759483337402,1.1574759483337402,0
2026-03-19 11:39:00,1.1574339866638184,1.1574339866638184,1.1574339866638184,1.1574339866638184,0
2026-03-19 11:41:00,1.1574909687042236,1.1574909687042236,1.1574909687042236,1.1574909687042236,0
2026-03-19 11:43:00,1.1577019691467283,1.1577019691467283,1.1577019691467283,1.1577019691467283,0
2026-03-19 11:45:00,1.1576809883117676,1.1576809883117676,1.1576809883117676,1.1576809883117676,0
2026-03-19 11:47:00,1.1574950218200684,1.1574950218200684,1.1574950218200684,1.1574950218200684,0
2026-03-19 11:49:00,1.157575011253357,1.157575011253357,1.157575011253357,1.157575011253357,0
2026-03-19 11:51:00,1.1576950550079346,1.1576950550079346,1.1576950550079346,1.1576950550079346,0
2026-03-19 11:53:00,1.1577390432357788,1.1577390432357788,1.1577390432357788,1.1577390432357788,0
2026-03-19 11:55:00,1.157865047454834,1.157865047454834,1.157865047454834,1.157865047454834,0
2026-03-19 11:57:00,1.1580469608306885,1.1580469608306885,1.1580469608306885,1.1580469608306885,0
2026-03-19 11:59:00,1.1579840183258057,1.1579840183258057,1.1579840183258057,1.1579840183258057,0
2026-03-19 12:01:00,1.1578969955444336,1.1578969955444336,1.1578969955444336,1.1578969955444336,0
2026-03-19 12:03:00,1.1584880352020264,1.1584880352020264,1.1584880352020264,1.1584880352020264,0
2026-03-19 12:05:00,1.1582159996032717,1.1582159996032717,1.1582159996032717,1.1582159996032717,0
2026-03-19 12:07:00,1.1590609550476074,1.1590609550476074,1.1590609550476074,1.1590609550476074,0
2026-03-19 12:09:00,1.158939003944397,1.158939003944397,1.158939003944397,1.158939003944397,0
2026-03-19 12:11:00,1.1590290069580078,1.1590290069580078,1.1590290069580078,1.1590290069580078,0
2026-03-19 12:13:00,1.158918023109436,1.158918023109436,1.158918023109436,1.158918023109436,0
2026-03-19 12:15:00,1.1587539911270142,1.1587539911270142,1.1587539911270142,1.1587539911270142,0
2026-03-19 12:17:00,1.1588159799575806,1.1588159799575806,1.1588159799575806,1.1588159799575806,0
2026-03-19 12:19:00,1.1587140560150146,1.1587140560150146,1.1587140560150146,1.1587140560150146,0
2026-03-19 12:21:00,1.1587899923324585,1.1587899923324585,1.1587899923324585,1.1587899923324585,0
2026-03-19 12:23:00,1.158743977546692,1.158743977546692,1.158743977546692,1.158743977546692,0
2026-03-19 12:25:00,1.15857195854187,1.15857195854187,1.15857195854187,1.15857195854187,0
2026-03-19 12:27:00,1.1587669849395752,1.1587669849395752,1.1587669849395752,1.1587669849395752,0
2026-03-19 12:29:00,1.1588640213012695,1.1588640213012695,1.1588640213012695,1.1588640213012695,0
2026-03-19 12:31:00,1.158383011817932,1.158383011817932,1.158383011817932,1.158383011817932,0
2026-03-19 12:33:00,1.1579749584197998,1.1579749584197998,1.1579749584197998,1.1579749584197998,0
2026-03-19 12:35:00,1.1578079462051392,1.1578079462051392,1.1578079462051392,1.1578079462051392,0
2026-03-19 12:37:00,1.157721996307373,1.157721996307373,1.157721996307373,1.157721996307373,0
2026-03-19 12:39:00,1.1573959589004517,1.1573959589004517,1.1573959589004517,1.1573959589004517,0
2026-03-19 12:41:00,1.1573200225830078,1.1573200225830078,1.1573200225830078,1.1573200225830078,0
2026-03-19 12:43:00,1.1577069759368896,1.1577069759368896,1.1577069759368896,1.1577069759368896,0
2026-03-19 12:45:00,1.1578400135040283,1.1578400135040283,1.1578400135040283,1.1578400135040283,0
2026-03-19 12:47:00,1.1580369472503662,1.1580369472503662,1.1580369472503662,1.1580369472503662,0
2026-03-19 12:49:00,1.1580510139465332,1.1580510139465332,1.1580510139465332,1.1580510139465332,0
2026-03-19 12:51:00,1.1579530239105225,1.1579530239105225,1.1579530239105225,1.1579530239105225,0
2026-03-19 12:53:00,1.1578240394592283,1.1578240394592283,1.1578240394592283,1.1578240394592283,0
2026-03-19 12:55:00,1.1579190492630005,1.1579190492630005,1.1579190492630005,1.1579190492630005,0
2026-03-19 12:57:00,1.157781958580017,1.157781958580017,1.157781958580017,1.157781958580017,0
2026-03-19 12:59:00,1.15768301486969,1.15768301486969,1.15768301486969,1.15768301486969,0
2026-03-19 13:01:00,1.1577650308609009,1.1577650308609009,1.1577650308609009,1.1577650308609009,0
2026-03-19 13:03:00,1.1580640077590942,1.1580640077590942,1.1580640077590942,1.1580640077590942,0
2026-03-19 13:05:00,1.1573870182037354,1.1573870182037354,1.1573870182037354,1.1573870182037354,0
2026-03-19 13:07:00,1.1575510501861572,1.1575510501861572,1.1575510501861572,1.1575510501861572,0
2026-03-19 13:09:00,1.1575759649276731,1.1575759649276731,1.1575759649276731,1.1575759649276731,0
2026-03-19 13:11:00,1.157660961151123,1.157660961151123,1.157660961151123,1.157660961151123,0
2026-03-19 13:13:00,1.157546043395996,1.157546043395996,1.157546043395996,1.157546043395996,0
2026-03-19 13:15:00,1.1575740575790403,1.1575740575790403,1.1575740575790403,1.1575740575790403,0
2026-03-19 13:17:00,1.1583980321884155,1.1583980321884155,1.1583980321884155,1.1583980321884155,0
2026-03-19 13:19:00,1.1583800315856934,1.1583800315856934,1.1583800315856934,1.1583800315856934,0
2026-03-19 13:21:00,1.1583019495010376,1.1583019495010376,1.1583019495010376,1.1583019495010376,0
2026-03-19 13:23:00,1.1583629846572876,1.1583629846572876,1.1583629846572876,1.1583629846572876,0
2026-03-19 13:25:00,1.1587640047073364,1.1587640047073364,1.1587640047073364,1.1587640047073364,0
2026-03-19 13:27:00,1.1588020324707031,1.1588020324707031,1.1588020324707031,1.1588020324707031,0
2026-03-19 13:29:00,1.1587079763412476,1.1587079763412476,1.1587079763412476,1.1587079763412476,0
2026-03-19 13:31:00,1.157789945602417,1.157789945602417,1.157789945602417,1.157789945602417,0
2026-03-19 13:33:00,1.1578929424285889,1.1578929424285889,1.1578929424285889,1.1578929424285889,0
2026-03-19 13:35:00,1.158458948135376,1.158458948135376,1.158458948135376,1.158458948135376,0
2026-03-19 13:37:00,1.1583060026168823,1.1583060026168823,1.1583060026168823,1.1583060026168823,0
2026-03-19 13:39:00,1.15842604637146,1.15842604637146,1.15842604637146,1.15842604637146,0
2026-03-19 13:41:00,1.15823495388031,1.15823495388031,1.15823495388031,1.15823495388031,0
2026-03-19 13:43:00,1.1588109731674194,1.1588109731674194,1.1588109731674194,1.1588109731674194,0
2026-03-19 13:45:00,1.1587599515914917,1.1587599515914917,1.1587599515914917,1.1587599515914917,0
2026-03-19 13:47:00,1.1587849855422974,1.1587849855422974,1.1587849855422974,1.1587849855422974,0
2026-03-19 13:49:00,1.1587049961090088,1.1587049961090088,1.1587049961090088,1.1587049961090088,0
2026-03-19 13:51:00,1.1587049961090088,1.1587049961090088,1.1587049961090088,1.1587049961090088,0
2026-03-19 13:53:00,1.1591110229492188,1.1591110229492188,1.1591110229492188,1.1591110229492188,0
2026-03-19 13:55:00,1.1590930223464966,1.1590930223464966,1.1590930223464966,1.1590930223464966,0
2026-03-19 13:57:00,1.1588259935379028,1.1588259935379028,1.1588259935379028,1.1588259935379028,0
2026-03-19 13:59:00,1.159150004386902,1.159150004386902,1.159150004386902,1.159150004386902,0
2026-03-19 14:01:00,1.1598140001296997,1.1598140001296997,1.1598140001296997,1.1598140001296997,0
2026-03-19 14:03:00,1.159932017326355,1.159932017326355,1.159932017326355,1.159932017326355,0
2026-03-19 14:05:00,1.1599849462509155,1.1599849462509155,1.1599849462509155,1.1599849462509155,0
2026-03-19 14:07:00,1.159379959106445,1.159379959106445,1.159379959106445,1.159379959106445,0
2026-03-19 14:09:00,1.159572958946228,1.159572958946228,1.159572958946228,1.159572958946228,0
2026-03-19 14:11:00,1.1600250005722046,1.1600250005722046,1.1600250005722046,1.1600250005722046,0
2026-03-19 14:13:00,1.159968018531799,1.159968018531799,1.159968018531799,1.159968018531799,0
2026-03-19 14:15:00,1.1596390008926392,1.1596390008926392,1.1596390008926392,1.1596390008926392,0
2026-03-19 14:17:00,1.1598869562149048,1.1598869562149048,1.1598869562149048,1.1598869562149048,0
2026-03-19 14:19:00,1.160112977027893,1.160112977027893,1.160112977027893,1.160112977027893,0
2026-03-19 14:21:00,1.1600580215454102,1.1600580215454102,1.1600580215454102,1.1600580215454102,0
2026-03-19 14:23:00,1.1605340242385864,1.1605340242385864,1.1605340242385864,1.1605340242385864,0
2026-03-19 14:25:00,1.1598409414291382,1.1598409414291382,1.1598409414291382,1.1598409414291382,0
2026-03-19 14:27:00,1.1597520112991333,1.1597520112991333,1.1597520112991333,1.1597520112991333,0
2026-03-19 14:29:00,1.1596590280532837,1.1596590280532837,1.1596590280532837,1.1596590280532837,0
2026-03-19 14:31:00,1.1596449613571167,1.1596449613571167,1.1596449613571167,1.1596449613571167,0
2026-03-19 14:33:00,1.1597659587860107,1.1597659587860107,1.1597659587860107,1.1597659587860107,0
2026-03-19 14:35:00,1.1601120233535769,1.1601120233535769,1.1601120233535769,1.1601120233535769,0
2026-03-19 14:37:00,1.1600439548492432,1.1600439548492432,1.1600439548492432,1.1600439548492432,0
2026-03-19 14:39:00,1.1598689556121826,1.1598689556121826,1.1598689556121826,1.1598689556121826,0
2026-03-19 14:41:00,1.159850001335144,1.159850001335144,1.159850001335144,1.159850001335144,0
2026-03-19 14:43:00,1.1595170497894287,1.1595170497894287,1.1595170497894287,1.1595170497894287,0
2026-03-19 14:45:00,1.1597520112991333,1.1597520112991333,1.1597520112991333,1.1597520112991333,0
2026-03-19 14:47:00,1.1597219705581665,1.1597219705581665,1.1597219705581665,1.1597219705581665,0
2026-03-19 14:49:00,1.1597000360488892,1.1597000360488892,1.1597000360488892,1.1597000360488892,0
2026-03-19 14:51:00,1.1601849794387815,1.1601849794387815,1.1601849794387815,1.1601849794387815,0
2026-03-19 14:53:00,1.1604000329971311,1.1604000329971311,1.1604000329971311,1.1604000329971311,0
2026-03-19 14:55:00,1.1606440544128418,1.1606440544128418,1.1606440544128418,1.1606440544128418,0
2026-03-19 14:57:00,1.1605759859085083,1.1605759859085083,1.1605759859085083,1.1605759859085083,0
2026-03-19 14:59:00,1.16048002243042,1.16048002243042,1.16048002243042,1.16048002243042,0
2026-03-19 15:01:00,1.160794973373413,1.160794973373413,1.160794973373413,1.160794973373413,0
2026-03-19 15:03:00,1.1607149839401243,1.1607149839401243,1.1607149839401243,1.1607149839401243,0
2026-03-19 15:05:00,1.1605709791183472,1.1605709791183472,1.1605709791183472,1.1605709791183472,0
2026-03-19 15:07:00,1.160591959953308,1.160591959953308,1.160591959953308,1.160591959953308,0
2026-03-19 15:09:00,1.1611590385437012,1.1611590385437012,1.1611590385437012,1.1611590385437012,0
2026-03-19 15:11:00,1.1611299514770508,1.1611299514770508,1.1611299514770508,1.1611299514770508,0
2026-03-19 15:13:00,1.160979986190796,1.160979986190796,1.160979986190796,1.160979986190796,0
2026-03-19 15:15:00,1.16068696975708,1.16068696975708,1.16068696975708,1.16068696975708,0
2026-03-19 15:17:00,1.16076397895813,1.16076397895813,1.16076397895813,1.16076397895813,0
2026-03-19 15:19:00,1.160791039466858,1.160791039466858,1.160791039466858,1.160791039466858,0
2026-03-19 15:21:00,1.1608959436416626,1.1608959436416626,1.1608959436416626,1.1608959436416626,0
2026-03-19 15:23:00,1.1608489751815796,1.1608489751815796,1.1608489751815796,1.1608489751815796,0
2026-03-19 15:25:00,1.160930037498474,1.160930037498474,1.160930037498474,1.160930037498474,0
2026-03-19 15:27:00,1.1607810258865356,1.1607810258865356,1.1607810258865356,1.1607810258865356,0
2026-03-19 15:29:00,1.1607589721679688,1.1607589721679688,1.1607589721679688,1.1607589721679688,0
2026-03-19 15:31:00,1.16076397895813,1.16076397895813,1.16076397895813,1.16076397895813,0
2026-03-19 15:33:00,1.160675048828125,1.160675048828125,1.160675048828125,1.160675048828125,0
2026-03-19 15:35:00,1.1603020429611206,1.1603020429611206,1.1603020429611206,1.1603020429611206,0
2026-03-19 15:37:00,1.1602790355682373,1.1602790355682373,1.1602790355682373,1.1602790355682373,0
2026-03-19 15:39:00,1.160302996635437,1.160302996635437,1.160302996635437,1.160302996635437,0
2026-03-19 15:41:00,1.1604299545288086,1.1604299545288086,1.1604299545288086,1.1604299545288086,0
2026-03-19 15:43:00,1.1605039834976196,1.1605039834976196,1.1605039834976196,1.1605039834976196,0
2026-03-19 15:45:00,1.1604100465774536,1.1604100465774536,1.1604100465774536,1.1604100465774536,0
2026-03-19 15:47:00,1.1604570150375366,1.1604570150375366,1.1604570150375366,1.1604570150375366,0
2026-03-19 15:49:00,1.1605499982833862,1.1605499982833862,1.1605499982833862,1.1605499982833862,0
2026-03-19 15:51:00,1.1603150367736816,1.1603150367736816,1.1603150367736816,1.1603150367736816,0
2026-03-19 15:53:00,1.1602309942245483,1.1602309942245483,1.1602309942245483,1.1602309942245483,0
2026-03-19 15:55:00,1.1601589918136597,1.1601589918136597,1.1601589918136597,1.1601589918136597,0
2026-03-19 15:57:00,1.1603740453720093,1.1603740453720093,1.1603740453720093,1.1603740453720093,0
2026-03-19 15:59:00,1.1602519750595093,1.1602519750595093,1.1602519750595093,1.1602519750595093,0
2026-03-19 16:01:00,1.1601829528808594,1.1601829528808594,1.1601829528808594,1.1601829528808594,0
2026-03-19 16:03:00,1.1603529453277588,1.1603529453277588,1.1603529453277588,1.1603529453277588,0
2026-03-19 16:05:00,1.159980058670044,1.159980058670044,1.159980058670044,1.159980058670044,0
2026-03-19 16:07:00,1.1601320505142212,1.1601320505142212,1.1601320505142212,1.1601320505142212,0
2026-03-19 16:09:00,1.159903049468994,1.159903049468994,1.159903049468994,1.159903049468994,0
2026-03-19 16:11:00,1.1592960357666016,1.1592960357666016,1.1592960357666016,1.1592960357666016,0
2026-03-19 16:13:00,1.1594949960708618,1.1594949960708618,1.1594949960708618,1.1594949960708618,0
2026-03-19 16:15:00,1.1596380472183228,1.1596380472183228,1.1596380472183228,1.1596380472183228,0
2026-03-19 16:17:00,1.159716010093689,1.159716010093689,1.159716010093689,1.159716010093689,0
2026-03-19 16:19:00,1.159749984741211,1.159749984741211,1.159749984741211,1.159749984741211,0
2026-03-19 16:21:00,1.159669041633606,1.159669041633606,1.159669041633606,1.159669041633606,0
2026-03-19 16:23:00,1.1594769954681396,1.1594769954681396,1.1594769954681396,1.1594769954681396,0
2026-03-19 16:25:00,1.1594619750976562,1.1594619750976562,1.1594619750976562,1.1594619750976562,0
2026-03-19 16:27:00,1.1594350337982178,1.1594350337982178,1.1594350337982178,1.1594350337982178,0
2026-03-19 16:29:00,1.1592659950256348,1.1592659950256348,1.1592659950256348,1.1592659950256348,0
2026-03-19 16:31:00,1.1591520309448242,1.1591520309448242,1.1591520309448242,1.1591520309448242,0
2026-03-19 16:33:00,1.159065008163452,1.159065008163452,1.159065008163452,1.159065008163452,0
2026-03-19 16:35:00,1.158979058265686,1.158979058265686,1.158979058265686,1.158979058265686,0
2026-03-19 16:37:00,1.1592060327529907,1.1592060327529907,1.1592060327529907,1.1592060327529907,0
2026-03-19 16:39:00,1.1592810153961182,1.1592810153961182,1.1592810153961182,1.1592810153961182,0
2026-03-19 16:41:00,1.1592700481414795,1.1592700481414795,1.1592700481414795,1.1592700481414795,0
2026-03-19 16:43:00,1.1591379642486572,1.1591379642486572,1.1591379642486572,1.1591379642486572,0
2026-03-19 16:45:00,1.1589540243148804,1.1589540243148804,1.1589540243148804,1.1589540243148804,0
2026-03-19 16:47:00,1.1590139865875244,1.1590139865875244,1.1590139865875244,1.1590139865875244,0
2026-03-19 16:49:00,1.1589280366897583,1.1589280366897583,1.1589280366897583,1.1589280366897583,0
2026-03-19 16:51:00,1.1587510108947754,1.1587510108947754,1.1587510108947754,1.1587510108947754,0
2026-03-19 16:53:00,1.158790946006775,1.158790946006775,1.158790946006775,1.158790946006775,0
2026-03-19 16:55:00,1.15876305103302,1.15876305103302,1.15876305103302,1.15876305103302,0
2026-03-19 16:57:00,1.158823013305664,1.158823013305664,1.158823013305664,1.158823013305664,0
2026-03-19 16:59:00,1.1589089632034302,1.1589089632034302,1.1589089632034302,1.1589089632034302,0
2026-03-19 17:01:00,1.158900022506714,1.158900022506714,1.158900022506714,1.158900022506714,0
2026-03-19 17:03:00,1.1591839790344238,1.1591839790344238,1.1591839790344238,1.1591839790344238,0
2026-03-19 17:05:00,1.159472942352295,1.159472942352295,1.159472942352295,1.159472942352295,0
2026-03-19 17:07:00,1.1593749523162842,1.1593749523162842,1.1593749523162842,1.1593749523162842,0
2026-03-19 17:09:00,1.1589970588684082,1.1589970588684082,1.1589970588684082,1.1589970588684082,0
2026-03-19 17:11:00,1.1591039896011353,1.1591039896011353,1.1591039896011353,1.1591039896011353,0
2026-03-19 17:13:00,1.1590739488601685,1.1590739488601685,1.1590739488601685,1.1590739488601685,0
2026-03-19 17:15:00,1.159190058708191,1.159190058708191,1.159190058708191,1.159190058708191,0
2026-03-19 17:17:00,1.159273982048035,1.159273982048035,1.159273982048035,1.159273982048035,0
2026-03-19 17:19:00,1.1592249870300293,1.1592249870300293,1.1592249870300293,1.1592249870300293,0
2026-03-19 17:21:00,1.1593279838562012,1.1593279838562012,1.1593279838562012,1.1593279838562012,0
2026-03-19 17:23:00,1.1592979431152344,1.1592979431152344,1.1592979431152344,1.1592979431152344,0
2026-03-19 17:25:00,1.1593650579452517,1.1593650579452517,1.1593650579452517,1.1593650579452517,0
2026-03-19 17:27:00,1.1592459678649902,1.1592459678649902,1.1592459678649902,1.1592459678649902,0
2026-03-19 17:29:00,1.1592450141906738,1.1592450141906738,1.1592450141906738,1.1592450141906738,0
2026-03-19 17:31:00,1.1593899726867676,1.1593899726867676,1.1593899726867676,1.1593899726867676,0
2026-03-19 17:33:00,1.1593070030212402,1.1593070030212402,1.1593070030212402,1.1593070030212402,0
2026-03-19 17:35:00,1.1594159603118896,1.1594159603118896,1.1594159603118896,1.1594159603118896,0
2026-03-19 17:37:00,1.1593190431594849,1.1593190431594849,1.1593190431594849,1.1593190431594849,0
2026-03-19 17:39:00,1.1594949960708618,1.1594949960708618,1.1594949960708618,1.1594949960708618,0
2026-03-19 17:41:00,1.159335970878601,1.159335970878601,1.159335970878601,1.159335970878601,0
2026-03-19 17:43:00,1.1593979597091677,1.1593979597091677,1.1593979597091677,1.1593979597091677,0
2026-03-19 17:45:00,1.1593190431594849,1.1593190431594849,1.1593190431594849,1.1593190431594849,0
2026-03-19 17:47:00,1.159379959106445,1.159379959106445,1.159379959106445,1.159379959106445,0
2026-03-19 17:49:00,1.1595699787139893,1.1595699787139893,1.1595699787139893,1.1595699787139893,0
2026-03-19 17:51:00,1.1595369577407837,1.1595369577407837,1.1595369577407837,1.1595369577407837,0
2026-03-19 17:53:00,1.1594610214233398,1.1594610214233398,1.1594610214233398,1.1594610214233398,0
2026-03-19 17:55:00,1.1592559814453125,1.1592559814453125,1.1592559814453125,1.1592559814453125,0
2026-03-19 17:57:00,1.1593199968338013,1.1593199968338013,1.1593199968338013,1.1593199968338013,0
2026-03-19 17:59:00,1.1594929695129397,1.1594929695129397,1.1594929695129397,1.1594929695129397,0
2026-03-19 18:01:00,1.159451961517334,1.159451961517334,1.159451961517334,1.159451961517334,0
2026-03-19 18:03:00,1.1594740152359009,1.1594740152359009,1.1594740152359009,1.1594740152359009,0
2026-03-19 18:05:00,1.159451961517334,1.159451961517334,1.159451961517334,1.159451961517334,0
2026-03-19 18:07:00,1.159477949142456,1.159477949142456,1.159477949142456,1.159477949142456,0
2026-03-19 18:09:00,1.1595710515975952,1.1595710515975952,1.1595710515975952,1.1595710515975952,0
2026-03-19 18:11:00,1.159764051437378,1.159764051437378,1.159764051437378,1.159764051437378,0
2026-03-19 18:13:00,1.159809947013855,1.159809947013855,1.159809947013855,1.159809947013855,0
2026-03-19 18:15:00,1.159965991973877,1.159965991973877,1.159965991973877,1.159965991973877,0
2026-03-19 18:17:00,1.1599019765853882,1.1599019765853882,1.1599019765853882,1.1599019765853882,0
2026-03-19 18:19:00,1.1599229574203491,1.1599229574203491,1.1599229574203491,1.1599229574203491,0
2026-03-19 18:21:00,1.159801006317139,1.159801006317139,1.159801006317139,1.159801006317139,0
2026-03-19 18:23:00,1.1596930027008057,1.1596930027008057,1.1596930027008057,1.1596930027008057,0
2026-03-19 18:25:00,1.1596390008926392,1.1596390008926392,1.1596390008926392,1.1596390008926392,0
2026-03-19 18:27:00,1.1596330404281616,1.1596330404281616,1.1596330404281616,1.1596330404281616,0
2026-03-19 18:29:00,1.1594820022583008,1.1594820022583008,1.1594820022583008,1.1594820022583008,0
2026-03-19 18:31:00,1.1593539714813232,1.1593539714813232,1.1593539714813232,1.1593539714813232,0
2026-03-19 18:33:00,1.1594480276107788,1.1594480276107788,1.1594480276107788,1.1594480276107788,0
2026-03-19 18:35:00,1.1593869924545288,1.1593869924545288,1.1593869924545288,1.1593869924545288,0
2026-03-19 18:37:00,1.1593480110168457,1.1593480110168457,1.1593480110168457,1.1593480110168457,0
2026-03-19 18:39:00,1.1593519449234009,1.1593519449234009,1.1593519449234009,1.1593519449234009,0
2026-03-19 18:41:00,1.1592609882354736,1.1592609882354736,1.1592609882354736,1.1592609882354736,0
2026-03-19 18:43:00,1.1593250036239624,1.1593250036239624,1.1593250036239624,1.1593250036239624,0
2026-03-19 18:45:00,1.1593739986419678,1.1593739986419678,1.1593739986419678,1.1593739986419678,0
2026-03-19 18:47:00,1.159358024597168,1.159358024597168,1.159358024597168,1.159358024597168,0
2026-03-19 18:49:00,1.1592930555343628,1.1592930555343628,1.1592930555343628,1.1592930555343628,0
2026-03-19 18:51:00,1.159396052360535,1.159396052360535,1.159396052360535,1.159396052360535,0
2026-03-19 18:53:00,1.159301996231079,1.159301996231079,1.159301996231079,1.159301996231079,0
2026-03-19 18:55:00,1.1592340469360352,1.1592340469360352,1.1592340469360352,1.1592340469360352,0
2026-03-19 18:57:00,1.158676028251648,1.158676028251648,1.158676028251648,1.158676028251648,0
2026-03-19 18:59:00,1.1585079431533811,1.1585079431533811,1.1585079431533811,1.1585079431533811,0
2026-03-19 19:01:00,1.1587209701538086,1.1587209701538086,1.1587209701538086,1.1587209701538086,0
2026-03-19 19:03:00,1.1588549613952637,1.1588549613952637,1.1588549613952637,1.1588549613952637,0
2026-03-19 19:05:00,1.159248948097229,1.159248948097229,1.159248948097229,1.159248948097229,0
2026-03-19 19:07:00,1.1593199968338013,1.1593199968338013,1.1593199968338013,1.1593199968338013,0
2026-03-19 19:09:00,1.1592719554901123,1.1592719554901123,1.1592719554901123,1.1592719554901123,0
2026-03-19 19:11:00,1.1594699621200562,1.1594699621200562,1.1594699621200562,1.1594699621200562,0
2026-03-19 19:13:00,1.1594469547271729,1.1594469547271729,1.1594469547271729,1.1594469547271729,0
2026-03-19 19:15:00,1.1594959497451782,1.1594959497451782,1.1594959497451782,1.1594959497451782,0
2026-03-19 19:17:00,1.1596879959106443,1.1596879959106443,1.1596879959106443,1.1596879959106443,0
2026-03-19 19:19:00,1.1597460508346558,1.1597460508346558,1.1597460508346558,1.1597460508346558,0
2026-03-19 19:21:00,1.1598910093307495,1.1598910093307495,1.1598910093307495,1.1598910093307495,0
2026-03-19 19:23:00,1.1597909927368164,1.1597909927368164,1.1597909927368164,1.1597909927368164,0
2026-03-19 19:25:00,1.1597939729690552,1.1597939729690552,1.1597939729690552,1.1597939729690552,0
2026-03-19 19:27:00,1.1598130464553833,1.1598130464553833,1.1598130464553833,1.1598130464553833,0
2026-03-19 19:29:00,1.1597559452056885,1.1597559452056885,1.1597559452056885,1.1597559452056885,0
2026-03-19 19:31:00,1.1596699953079224,1.1596699953079224,1.1596699953079224,1.1596699953079224,0
2026-03-19 19:33:00,1.1596330404281616,1.1596330404281616,1.1596330404281616,1.1596330404281616,0
2026-03-19 19:35:00,1.1595309972763062,1.1595309972763062,1.1595309972763062,1.1595309972763062,0
2026-03-19 19:37:00,1.1595909595489502,1.1595909595489502,1.1595909595489502,1.1595909595489502,0
2026-03-19 19:39:00,1.1595580577850342,1.1595580577850342,1.1595580577850342,1.1595580577850342,0
2026-03-19 19:41:00,1.1595619916915894,1.1595619916915894,1.1595619916915894,1.1595619916915894,0
2026-03-19 19:43:00,1.1596490144729614,1.1596490144729614,1.1596490144729614,1.1596490144729614,0
2026-03-19 19:45:00,1.1595840454101562,1.1595840454101562,1.1595840454101562,1.1595840454101562,0
2026-03-19 19:47:00,1.159769058227539,1.159769058227539,1.159769058227539,1.159769058227539,0
2026-03-19 19:49:00,1.1597659587860107,1.1597659587860107,1.1597659587860107,1.1597659587860107,0
2026-03-19 19:51:00,1.1595929861068726,1.1595929861068726,1.1595929861068726,1.1595929861068726,0
2026-03-19 19:53:00,1.1596009731292725,1.1596009731292725,1.1596009731292725,1.1596009731292725,0
2026-03-19 19:55:00,1.1596369743347168,1.1596369743347168,1.1596369743347168,1.1596369743347168,0
2026-03-19 19:57:00,1.1594740152359009,1.1594740152359009,1.1594740152359009,1.1594740152359009,0
2026-03-19 19:59:00,1.1592570543289185,1.1592570543289185,1.1592570543289185,1.1592570543289185,0
2026-03-19 20:01:00,1.1592199802398682,1.1592199802398682,1.1592199802398682,1.1592199802398682,0
2026-03-19 20:03:00,1.1593530178070068,1.1593530178070068,1.1593530178070068,1.1593530178070068,0
2026-03-19 20:05:00,1.159533977508545,1.159533977508545,1.159533977508545,1.159533977508545,0
2026-03-19 20:07:00,1.159502029418945,1.159502029418945,1.159502029418945,1.159502029418945,0
2026-03-19 20:09:00,1.1595289707183838,1.1595289707183838,1.1595289707183838,1.1595289707183838,0
2026-03-19 20:11:00,1.1594970226287842,1.1594970226287842,1.1594970226287842,1.1594970226287842,0
2026-03-19 20:13:00,1.1595180034637451,1.1595180034637451,1.1595180034637451,1.1595180034637451,0
2026-03-19 20:15:00,1.1595269441604614,1.1595269441604614,1.1595269441604614,1.1595269441604614,0
2026-03-19 20:17:00,1.159492015838623,1.159492015838623,1.159492015838623,1.159492015838623,0
2026-03-19 20:19:00,1.1594189405441284,1.1594189405441284,1.1594189405441284,1.1594189405441284,0
2026-03-19 20:21:00,1.1594229936599731,1.1594229936599731,1.1594229936599731,1.1594229936599731,0
2026-03-19 20:23:00,1.1592799425125122,1.1592799425125122,1.1592799425125122,1.1592799425125122,0
2026-03-19 20:25:00,1.1590620279312134,1.1590620279312134,1.1590620279312134,1.1590620279312134,0
2026-03-19 20:27:00,1.1592559814453125,1.1592559814453125,1.1592559814453125,1.1592559814453125,0
2026-03-19 20:29:00,1.159162998199463,1.159162998199463,1.159162998199463,1.159162998199463,0
2026-03-19 20:31:00,1.1591540575027466,1.1591540575027466,1.1591540575027466,1.1591540575027466,0
2026-03-19 20:33:00,1.159126043319702,1.159126043319702,1.159126043319702,1.159126043319702,0
2026-03-19 20:35:00,1.1588939428329468,1.1588939428329468,1.1588939428329468,1.1588939428329468,0
2026-03-19 20:37:00,1.1588939428329468,1.1588939428329468,1.1588939428329468,1.1588939428329468,0
2026-03-19 20:39:00,1.1590609550476074,1.1590609550476074,1.1590609550476074,1.1590609550476074,0
2026-03-19 20:41:00,1.1590640544891355,1.1590640544891355,1.1590640544891355,1.1590640544891355,0
2026-03-19 20:43:00,1.1591390371322632,1.1591390371322632,1.1591390371322632,1.1591390371322632,0
2026-03-19 20:45:00,1.1590750217437744,1.1590750217437744,1.1590750217437744,1.1590750217437744,0
2026-03-19 20:47:00,1.1591969728469849,1.1591969728469849,1.1591969728469849,1.1591969728469849,0
2026-03-19 20:49:00,1.159317970275879,1.159317970275879,1.159317970275879,1.159317970275879,0
2026-03-19 20:51:00,1.1594680547714231,1.1594680547714231,1.1594680547714231,1.1594680547714231,0
2026-03-19 20:53:00,1.1594350337982178,1.1594350337982178,1.1594350337982178,1.1594350337982178,0
2026-03-19 20:55:00,1.15926194190979,1.15926194190979,1.15926194190979,1.15926194190979,0
2026-03-19 20:57:00,1.159013032913208,1.159013032913208,1.159013032913208,1.159013032913208,0
2026-03-19 20:59:00,1.158951997756958,1.158951997756958,1.158951997756958,1.158951997756958,0
2026-03-19 21:01:00,1.1589889526367188,1.1589889526367188,1.1589889526367188,1.1589889526367188,0
2026-03-19 21:03:00,1.1589529514312744,1.1589529514312744,1.1589529514312744,1.1589529514312744,0
2026-03-19 21:05:00,1.1590410470962524,1.1590410470962524,1.1590410470962524,1.1590410470962524,0
2026-03-19 21:07:00,1.1591379642486572,1.1591379642486572,1.1591379642486572,1.1591379642486572,0
2026-03-19 21:09:00,1.1592390537261963,1.1592390537261963,1.1592390537261963,1.1592390537261963,0
2026-03-19 21:11:00,1.1595449447631836,1.1595449447631836,1.1595449447631836,1.1595449447631836,0
2026-03-19 21:13:00,1.1593339443206787,1.1593339443206787,1.1593339443206787,1.1593339443206787,0
2026-03-19 21:15:00,1.15933096408844,1.15933096408844,1.15933096408844,1.15933096408844,0
2026-03-19 21:17:00,1.1592390537261963,1.1592390537261963,1.1592390537261963,1.1592390537261963,0
2026-03-19 21:19:00,1.159248948097229,1.159248948097229,1.159248948097229,1.159248948097229,0
2026-03-19 21:21:00,1.1591429710388184,1.1591429710388184,1.1591429710388184,1.1591429710388184,0
2026-03-19 21:23:00,1.1593550443649292,1.1593550443649292,1.1593550443649292,1.1593550443649292,0
2026-03-19 21:25:00,1.1594020128250122,1.1594020128250122,1.1594020128250122,1.1594020128250122,0
2026-03-19 21:27:00,1.15836501121521,1.15836501121521,1.15836501121521,1.15836501121521,0
2026-03-19 21:29:00,1.159150004386902,1.159150004386902,1.159150004386902,1.159150004386902,0
2026-03-19 21:31:00,1.1596579551696775,1.1596579551696775,1.1596579551696775,1.1596579551696775,0
2026-03-19 21:33:00,1.1597169637680054,1.1597169637680054,1.1597169637680054,1.1597169637680054,0
2026-03-19 21:35:00,1.1597089767456057,1.1597089767456057,1.1597089767456057,1.1597089767456057,0
2026-03-19 21:37:00,1.159546971321106,1.159546971321106,1.159546971321106,1.159546971321106,0
2026-03-19 21:39:00,1.1595280170440674,1.1595280170440674,1.1595280170440674,1.1595280170440674,0
2026-03-19 21:41:00,1.159490942955017,1.159490942955017,1.159490942955017,1.159490942955017,0
2026-03-19 21:43:00,1.1594610214233398,1.1594610214233398,1.1594610214233398,1.1594610214233398,0
2026-03-19 21:45:00,1.1595640182495115,1.1595640182495115,1.1595640182495115,1.1595640182495115,0
2026-03-19 21:47:00,1.1594690084457395,1.1594690084457395,1.1594690084457395,1.1594690084457395,0
2026-03-19 21:49:00,1.1595079898834229,1.1595079898834229,1.1595079898834229,1.1595079898834229,0
2026-03-19 21:51:00,1.1596200466156006,1.1596200466156006,1.1596200466156006,1.1596200466156006,0
2026-03-19 21:53:00,1.159903049468994,1.159903049468994,1.159903049468994,1.159903049468994,0
2026-03-19 21:55:00,1.159237027168274,1.159237027168274,1.159237027168274,1.159237027168274,0
2026-03-19 21:57:00,1.1587810516357422,1.1587810516357422,1.1587810516357422,1.1587810516357422,0
2026-03-19 21:59:00,1.159119963645935,1.159119963645935,1.159119963645935,1.159119963645935,0
2026-03-19 22:01:00,1.1589980125427246,1.1589980125427246,1.1589980125427246,1.1589980125427246,0
2026-03-19 22:03:00,1.1588770151138306,1.1588770151138306,1.1588770151138306,1.1588770151138306,0
2026-03-19 22:05:00,1.1591509580612185,1.1591509580612185,1.1591509580612185,1.1591509580612185,0
2026-03-19 22:07:00,1.1593459844589231,1.1593459844589231,1.1593459844589231,1.1593459844589231,0
2026-03-19 22:09:00,1.1593509912490845,1.1593509912490845,1.1593509912490845,1.1593509912490845,0
2026-03-19 22:11:00,1.1593400239944458,1.1593400239944458,1.1593400239944458,1.1593400239944458,0
2026-03-19 22:13:00,1.1594849824905396,1.1594849824905396,1.1594849824905396,1.1594849824905396,0
2026-03-19 22:15:00,1.1594250202178955,1.1594250202178955,1.1594250202178955,1.1594250202178955,0
2026-03-19 22:17:00,1.159561038017273,1.159561038017273,1.159561038017273,1.159561038017273,0
2026-03-19 22:19:00,1.1595720052719116,1.1595720052719116,1.1595720052719116,1.1595720052719116,0
2026-03-19 22:21:00,1.1595890522003174,1.1595890522003174,1.1595890522003174,1.1595890522003174,0
2026-03-19 22:23:00,1.159417986869812,1.159417986869812,1.159417986869812,1.159417986869812,0
2026-03-19 22:25:00,1.1595059633255005,1.1595059633255005,1.1595059633255005,1.1595059633255005,0
2026-03-19 22:27:00,1.159561038017273,1.159561038017273,1.159561038017273,1.159561038017273,0
2026-03-19 22:29:00,1.1595380306243896,1.1595380306243896,1.1595380306243896,1.1595380306243896,0
2026-03-19 22:31:00,1.159492015838623,1.159492015838623,1.159492015838623,1.159492015838623,0
2026-03-19 22:33:00,1.1595439910888672,1.1595439910888672,1.1595439910888672,1.1595439910888672,0
2026-03-19 22:35:00,1.159525990486145,1.159525990486145,1.159525990486145,1.159525990486145,0
2026-03-19 22:37:00,1.1597330570220947,1.1597330570220947,1.1597330570220947,1.1597330570220947,0
2026-03-19 22:39:00,1.1597310304641724,1.1597310304641724,1.1597310304641724,1.1597310304641724,0
2026-03-19 22:41:00,1.1595560312271118,1.1595560312271118,1.1595560312271118,1.1595560312271118,0
2026-03-19 22:43:00,1.1596839427947998,1.1596839427947998,1.1596839427947998,1.1596839427947998,0
2026-03-19 22:45:00,1.1594979763031006,1.1594979763031006,1.1594979763031006,1.1594979763031006,0
2026-03-19 22:47:00,1.1595979928970337,1.1595979928970337,1.1595979928970337,1.1595979928970337,0
2026-03-19 22:49:00,1.159585952758789,1.159585952758789,1.159585952758789,1.159585952758789,0
2026-03-19 22:51:00,1.159564971923828,1.159564971923828,1.159564971923828,1.159564971923828,0
2026-03-19 22:53:00,1.1596230268478394,1.1596230268478394,1.1596230268478394,1.1596230268478394,0
2026-03-19 22:55:00,1.1596369743347168,1.1596369743347168,1.1596369743347168,1.1596369743347168,0
2026-03-19 22:57:00,1.15959894657135,1.15959894657135,1.15959894657135,1.15959894657135,0
2026-03-19 22:59:00,1.1595770120620728,1.1595770120620728,1.1595770120620728,1.1595770120620728,0
2026-03-19 23:01:00,1.159621000289917,1.159621000289917,1.159621000289917,1.159621000289917,0
2026-03-19 23:03:00,1.1597280502319336,1.1597280502319336,1.1597280502319336,1.1597280502319336,0
2026-03-19 23:05:00,1.159567952156067,1.159567952156067,1.159567952156067,1.159567952156067,0
2026-03-19 23:07:00,1.1596390008926392,1.1596390008926392,1.1596390008926392,1.1596390008926392,0
2026-03-19 23:09:00,1.159669041633606,1.159669041633606,1.159669041633606,1.159669041633606,0
2026-03-19 23:11:00,1.159566044807434,1.159566044807434,1.159566044807434,1.159566044807434,0
2026-03-19 23:13:00,1.1595360040664673,1.1595360040664673,1.1595360040664673,1.1595360040664673,0
2026-03-19 23:15:00,1.1595799922943115,1.1595799922943115,1.1595799922943115,1.1595799922943115,0
2026-03-19 23:17:00,1.1596709489822388,1.1596709489822388,1.1596709489822388,1.1596709489822388,0
2026-03-19 23:19:00,1.1596009731292725,1.1596009731292725,1.1596009731292725,1.1596009731292725,0
2026-03-19 23:21:00,1.1596020460128784,1.1596020460128784,1.1596020460128784,1.1596020460128784,0
2026-03-19 23:23:00,1.159595966339111,1.159595966339111,1.159595966339111,1.159595966339111,0
2026-03-19 23:25:00,1.1596200466156006,1.1596200466156006,1.1596200466156006,1.1596200466156006,0
2026-03-19 23:27:00,1.159656047821045,1.159656047821045,1.159656047821045,1.159656047821045,0
2026-03-19 23:29:00,1.159682035446167,1.159682035446167,1.159682035446167,1.159682035446167,0
2026-03-19 23:31:00,1.159656047821045,1.159656047821045,1.159656047821045,1.159656047821045,0
2026-03-19 23:33:00,1.1597260236740112,1.1597260236740112,1.1597260236740112,1.1597260236740112,0
2026-03-19 23:35:00,1.1596959829330444,1.1596959829330444,1.1596959829330444,1.1596959829330444,0
2026-03-19 23:37:00,1.159657001495361,1.159657001495361,1.159657001495361,1.159657001495361,0
2026-03-19 23:39:00,1.1596100330352783,1.1596100330352783,1.1596100330352783,1.1596100330352783,0
2026-03-19 23:41:00,1.1595970392227173,1.1595970392227173,1.1595970392227173,1.1595970392227173,0
2026-03-19 23:43:00,1.1595920324325562,1.1595920324325562,1.1595920324325562,1.1595920324325562,0
2026-03-19 23:45:00,1.1594690084457395,1.1594690084457395,1.1594690084457395,1.1594690084457395,0
2026-03-19 23:47:00,1.1595100164413452,1.1595100164413452,1.1595100164413452,1.1595100164413452,0
2026-03-19 23:49:00,1.159432053565979,1.159432053565979,1.159432053565979,1.159432053565979,0
2026-03-19 23:51:00,1.159471035003662,1.159471035003662,1.159471035003662,1.159471035003662,0
2026-03-19 23:53:00,1.159585952758789,1.159585952758789,1.159585952758789,1.159585952758789,0
2026-03-19 23:55:00,1.1596039533615112,1.1596039533615112,1.1596039533615112,1.1596039533615112,0
2026-03-19 23:57:00,1.1596449613571167,1.1596449613571167,1.1596449613571167,1.1596449613571167,0
2026-03-20 00:01:00,1.1597139835357666,1.1597139835357666,1.1597139835357666,1.1597139835357666,0
2026-03-20 00:03:00,1.1596909761428833,1.1596909761428833,1.1596909761428833,1.1596909761428833,0
2026-03-20 00:05:00,1.1597789525985718,1.1597789525985718,1.1597789525985718,1.1597789525985718,0
2026-03-20 00:07:00,1.1597739458084106,1.1597739458084106,1.1597739458084106,1.1597739458084106,0
2026-03-20 00:09:00,1.1597830057144165,1.1597830057144165,1.1597830057144165,1.1597830057144165,0
2026-03-20 00:11:00,1.1597390174865725,1.1597390174865725,1.1597390174865725,1.1597390174865725,0
2026-03-20 00:13:00,1.1596510410308838,1.1596510410308838,1.1596510410308838,1.1596510410308838,0
2026-03-20 00:15:00,1.1596499681472778,1.1596499681472778,1.1596499681472778,1.1596499681472778,0
2026-03-20 00:17:00,1.159643054008484,1.159643054008484,1.159643054008484,1.159643054008484,0
2026-03-20 00:19:00,1.1596029996871948,1.1596029996871948,1.1596029996871948,1.1596029996871948,0
2026-03-20 00:21:00,1.1596059799194336,1.1596059799194336,1.1596059799194336,1.1596059799194336,0
2026-03-20 00:23:00,1.1596050262451172,1.1596050262451172,1.1596050262451172,1.1596050262451172,0
2026-03-20 00:25:00,1.1596089601516724,1.1596089601516724,1.1596089601516724,1.1596089601516724,0
2026-03-20 00:27:00,1.159595012664795,1.159595012664795,1.159595012664795,1.159595012664795,0
2026-03-20 00:29:00,1.159628987312317,1.159628987312317,1.159628987312317,1.159628987312317,0
2026-03-20 00:31:00,1.1596100330352783,1.1596100330352783,1.1596100330352783,1.1596100330352783,0
2026-03-20 00:33:00,1.159572958946228,1.159572958946228,1.159572958946228,1.159572958946228,0
2026-03-20 00:35:00,1.1596519947052002,1.1596519947052002,1.1596519947052002,1.1596519947052002,0
2026-03-20 00:37:00,1.1597490310668943,1.1597490310668943,1.1597490310668943,1.1597490310668943,0
2026-03-20 00:39:00,1.1597009897232056,1.1597009897232056,1.1597009897232056,1.1597009897232056,0
2026-03-20 00:41:00,1.15966796875,1.15966796875,1.15966796875,1.15966796875,0
2026-03-20 00:43:00,1.159718036651611,1.159718036651611,1.159718036651611,1.159718036651611,0
2026-03-20 00:45:00,1.1597390174865725,1.1597390174865725,1.1597390174865725,1.1597390174865725,0
2026-03-20 00:47:00,1.1597219705581665,1.1597219705581665,1.1597219705581665,1.1597219705581665,0
2026-03-20 00:49:00,1.1598190069198608,1.1598190069198608,1.1598190069198608,1.1598190069198608,0
2026-03-20 00:51:00,1.1598219871520996,1.1598219871520996,1.1598219871520996,1.1598219871520996,0
2026-03-20 00:53:00,1.159803032875061,1.159803032875061,1.159803032875061,1.159803032875061,0
2026-03-20 00:55:00,1.1599119901657104,1.1599119901657104,1.1599119901657104,1.1599119901657104,0
2026-03-20 00:57:00,1.1598780155181885,1.1598780155181885,1.1598780155181885,1.1598780155181885,0
2026-03-20 00:59:00,1.1598700284957886,1.1598700284957886,1.1598700284957886,1.1598700284957886,0
2026-03-20 01:01:00,1.1599489450454712,1.1599489450454712,1.1599489450454712,1.1599489450454712,0
2026-03-20 01:03:00,1.1599509716033936,1.1599509716033936,1.1599509716033936,1.1599509716033936,0
2026-03-20 01:05:00,1.159885048866272,1.159885048866272,1.159885048866272,1.159885048866272,0
2026-03-20 01:07:00,1.1599769592285156,1.1599769592285156,1.1599769592285156,1.1599769592285156,0
2026-03-20 01:09:00,1.1600489616394043,1.1600489616394043,1.1600489616394043,1.1600489616394043,0
2026-03-20 01:11:00,1.159999966621399,1.159999966621399,1.159999966621399,1.159999966621399,0
2026-03-20 01:13:00,1.16007399559021,1.16007399559021,1.16007399559021,1.16007399559021,0
2026-03-20 01:15:00,1.1600500345230105,1.1600500345230105,1.1600500345230105,1.1600500345230105,0
2026-03-20 01:17:00,1.1600860357284546,1.1600860357284546,1.1600860357284546,1.1600860357284546,0
2026-03-20 01:19:00,1.159955978393555,1.159955978393555,1.159955978393555,1.159955978393555,0
2026-03-20 01:21:00,1.1599760055541992,1.1599760055541992,1.1599760055541992,1.1599760055541992,0
2026-03-20 01:23:00,1.159991979598999,1.159991979598999,1.159991979598999,1.159991979598999,0
2026-03-20 01:25:00,1.1600430011749268,1.1600430011749268,1.1600430011749268,1.1600430011749268,0
2026-03-20 01:27:00,1.1600600481033323,1.1600600481033323,1.1600600481033323,1.1600600481033323,0
2026-03-20 01:29:00,1.1600730419158936,1.1600730419158936,1.1600730419158936,1.1600730419158936,0
2026-03-20 01:31:00,1.1601320505142212,1.1601320505142212,1.1601320505142212,1.1601320505142212,0
2026-03-20 01:33:00,1.1600810289382937,1.1600810289382937,1.1600810289382937,1.1600810289382937,0
2026-03-20 01:35:00,1.160029053688049,1.160029053688049,1.160029053688049,1.160029053688049,0
2026-03-20 01:37:00,1.1600769758224487,1.1600769758224487,1.1600769758224487,1.1600769758224487,0
2026-03-20 01:39:00,1.1600580215454102,1.1600580215454102,1.1600580215454102,1.1600580215454102,0
2026-03-20 01:41:00,1.1601040363311768,1.1601040363311768,1.1601040363311768,1.1601040363311768,0
2026-03-20 01:43:00,1.160079002380371,1.160079002380371,1.160079002380371,1.160079002380371,0
2026-03-20 01:45:00,1.1601070165634155,1.1601070165634155,1.1601070165634155,1.1601070165634155,0
2026-03-20 01:47:00,1.1599889993667605,1.1599889993667605,1.1599889993667605,1.1599889993667605,0
2026-03-20 01:49:00,1.1600279808044434,1.1600279808044434,1.1600279808044434,1.1600279808044434,0
2026-03-20 01:51:00,1.1598730087280271,1.1598730087280271,1.1598730087280271,1.1598730087280271,0
2026-03-20 01:53:00,1.1599160432815552,1.1599160432815552,1.1599160432815552,1.1599160432815552,0
2026-03-20 01:55:00,1.1599910259246826,1.1599910259246826,1.1599910259246826,1.1599910259246826,0
2026-03-20 01:57:00,1.1598999500274658,1.1598999500274658,1.1598999500274658,1.1598999500274658,0
2026-03-20 01:59:00,1.1600279808044434,1.1600279808044434,1.1600279808044434,1.1600279808044434,0
2026-03-20 02:01:00,1.160017013549805,1.160017013549805,1.160017013549805,1.160017013549805,0
2026-03-20 02:03:00,1.159998059272766,1.159998059272766,1.159998059272766,1.159998059272766,0
2026-03-20 02:05:00,1.1599990129470823,1.1599990129470823,1.1599990129470823,1.1599990129470823,0
2026-03-20 02:07:00,1.1599440574645996,1.1599440574645996,1.1599440574645996,1.1599440574645996,0
2026-03-20 02:09:00,1.159991979598999,1.159991979598999,1.159991979598999,1.159991979598999,0
2026-03-20 02:11:00,1.1599750518798828,1.1599750518798828,1.1599750518798828,1.1599750518798828,0
2026-03-20 02:13:00,1.1599509716033936,1.1599509716033936,1.1599509716033936,1.1599509716033936,0
2026-03-20 02:15:00,1.159896969795227,1.159896969795227,1.159896969795227,1.159896969795227,0
2026-03-20 02:17:00,1.1598559617996216,1.1598559617996216,1.1598559617996216,1.1598559617996216,0
2026-03-20 02:19:00,1.159803032875061,1.159803032875061,1.159803032875061,1.159803032875061,0
2026-03-20 02:21:00,1.1598069667816162,1.1598069667816162,1.1598069667816162,1.1598069667816162,0
2026-03-20 02:23:00,1.1598000526428225,1.1598000526428225,1.1598000526428225,1.1598000526428225,0
2026-03-20 02:25:00,1.1598830223083496,1.1598830223083496,1.1598830223083496,1.1598830223083496,0
2026-03-20 02:27:00,1.159893035888672,1.159893035888672,1.159893035888672,1.159893035888672,0
2026-03-20 02:29:00,1.1598429679870603,1.1598429679870603,1.1598429679870603,1.1598429679870603,0
2026-03-20 02:31:00,1.1597280502319336,1.1597280502319336,1.1597280502319336,1.1597280502319336,0
2026-03-20 02:33:00,1.1597650051116943,1.1597650051116943,1.1597650051116943,1.1597650051116943,0
2026-03-20 02:35:00,1.1597449779510498,1.1597449779510498,1.1597449779510498,1.1597449779510498,0
2026-03-20 02:37:00,1.159814953804016,1.159814953804016,1.159814953804016,1.159814953804016,0
2026-03-20 02:39:00,1.159829020500183,1.159829020500183,1.159829020500183,1.159829020500183,0
2026-03-20 02:41:00,1.159857988357544,1.159857988357544,1.159857988357544,1.159857988357544,0
2026-03-20 02:43:00,1.1599400043487549,1.1599400043487549,1.1599400043487549,1.1599400043487549,0
2026-03-20 02:45:00,1.159885048866272,1.159885048866272,1.159885048866272,1.159885048866272,0
2026-03-20 02:47:00,1.159911036491394,1.159911036491394,1.159911036491394,1.159911036491394,0
2026-03-20 02:49:00,1.1598670482635498,1.1598670482635498,1.1598670482635498,1.1598670482635498,0
2026-03-20 02:51:00,1.159890055656433,1.159890055656433,1.159890055656433,1.159890055656433,0
2026-03-20 02:53:00,1.1599390506744385,1.1599390506744385,1.1599390506744385,1.1599390506744385,0
2026-03-20 02:55:00,1.1599650382995603,1.1599650382995603,1.1599650382995603,1.1599650382995603,0
2026-03-20 02:57:00,1.1598329544067385,1.1598329544067385,1.1598329544067385,1.1598329544067385,0
2026-03-20 02:59:00,1.1598279476165771,1.1598279476165771,1.1598279476165771,1.1598279476165771,0
2026-03-20 03:01:00,1.1597909927368164,1.1597909927368164,1.1597909927368164,1.1597909927368164,0
2026-03-20 03:03:00,1.1598050594329834,1.1598050594329834,1.1598050594329834,1.1598050594329834,0
2026-03-20 03:05:00,1.1598299741744995,1.1598299741744995,1.1598299741744995,1.1598299741744995,0
2026-03-20 03:07:00,1.159822940826416,1.159822940826416,1.159822940826416,1.159822940826416,0
2026-03-20 03:09:00,1.1597900390625,1.1597900390625,1.1597900390625,1.1597900390625,0
2026-03-20 03:11:00,1.1598279476165771,1.1598279476165771,1.1598279476165771,1.1598279476165771,0
2026-03-20 03:13:00,1.1598169803619385,1.1598169803619385,1.1598169803619385,1.1598169803619385,0
2026-03-20 03:15:00,1.1598219871520996,1.1598219871520996,1.1598219871520996,1.1598219871520996,0
2026-03-20 03:17:00,1.159801959991455,1.159801959991455,1.159801959991455,1.159801959991455,0
2026-03-20 03:19:00,1.1598570346832275,1.1598570346832275,1.1598570346832275,1.1598570346832275,0
2026-03-20 03:21:00,1.159850001335144,1.159850001335144,1.159850001335144,1.159850001335144,0
2026-03-20 03:23:00,1.1598379611968994,1.1598379611968994,1.1598379611968994,1.1598379611968994,0
2026-03-20 03:25:00,1.159891963005066,1.159891963005066,1.159891963005066,1.159891963005066,0
2026-03-20 03:27:00,1.159844994544983,1.159844994544983,1.159844994544983,1.159844994544983,0
2026-03-20 03:29:00,1.1598880290985107,1.1598880290985107,1.1598880290985107,1.1598880290985107,0
2026-03-20 03:31:00,1.1598889827728271,1.1598889827728271,1.1598889827728271,1.1598889827728271,0
2026-03-20 03:33:00,1.159824013710022,1.159824013710022,1.159824013710022,1.159824013710022,0
2026-03-20 03:35:00,1.1599340438842771,1.1599340438842771,1.1599340438842771,1.1599340438842771,0
2026-03-20 03:37:00,1.1599140167236328,1.1599140167236328,1.1599140167236328,1.1599140167236328,0
2026-03-20 03:39:00,1.159872055053711,1.159872055053711,1.159872055053711,1.159872055053711,0
2026-03-20 03:41:00,1.1598540544509888,1.1598540544509888,1.1598540544509888,1.1598540544509888,0
2026-03-20 03:43:00,1.1598809957504272,1.1598809957504272,1.1598809957504272,1.1598809957504272,0
2026-03-20 03:45:00,1.1598600149154663,1.1598600149154663,1.1598600149154663,1.1598600149154663,0
2026-03-20 03:47:00,1.1599349975585938,1.1599349975585938,1.1599349975585938,1.1599349975585938,0
2026-03-20 03:49:00,1.1599119901657104,1.1599119901657104,1.1599119901657104,1.1599119901657104,0
2026-03-20 03:51:00,1.1598989963531494,1.1598989963531494,1.1598989963531494,1.1598989963531494,0
2026-03-20 03:53:00,1.1599290370941162,1.1599290370941162,1.1599290370941162,1.1599290370941162,0
2026-03-20 03:55:00,1.1599149703979492,1.1599149703979492,1.1599149703979492,1.1599149703979492,0
2026-03-20 03:57:00,1.1598600149154663,1.1598600149154663,1.1598600149154663,1.1598600149154663,0
2026-03-20 03:59:00,1.159816026687622,1.159816026687622,1.159816026687622,1.159816026687622,0
2026-03-20 04:01:00,1.1598089933395386,1.1598089933395386,1.1598089933395386,1.1598089933395386,0
2026-03-20 04:03:00,1.1598379611968994,1.1598379611968994,1.1598379611968994,1.1598379611968994,0
2026-03-20 04:05:00,1.1598190069198608,1.1598190069198608,1.1598190069198608,1.1598190069198608,0
2026-03-20 04:07:00,1.1597880125045776,1.1597880125045776,1.1597880125045776,1.1597880125045776,0
2026-03-20 04:09:00,1.1597820520401,1.1597820520401,1.1597820520401,1.1597820520401,0
2026-03-20 04:11:00,1.1598050594329834,1.1598050594329834,1.1598050594329834,1.1598050594329834,0
2026-03-20 04:13:00,1.159796953201294,1.159796953201294,1.159796953201294,1.159796953201294,0
2026-03-20 04:15:00,1.159796953201294,1.159796953201294,1.159796953201294,1.159796953201294,0
2026-03-20 04:17:00,1.1598169803619385,1.1598169803619385,1.1598169803619385,1.1598169803619385,0
2026-03-20 04:19:00,1.1598060131072998,1.1598060131072998,1.1598060131072998,1.1598060131072998,0
2026-03-20 04:21:00,1.159801959991455,1.159801959991455,1.159801959991455,1.159801959991455,0
2026-03-20 04:23:00,1.1598429679870603,1.1598429679870603,1.1598429679870603,1.1598429679870603,0
2026-03-20 04:25:00,1.1598169803619385,1.1598169803619385,1.1598169803619385,1.1598169803619385,0
2026-03-20 04:27:00,1.1598069667816162,1.1598069667816162,1.1598069667816162,1.1598069667816162,0
2026-03-20 04:29:00,1.1597009897232056,1.1597009897232056,1.1597009897232056,1.1597009897232056,0
2026-03-20 04:31:00,1.1597059965133667,1.1597059965133667,1.1597059965133667,1.1597059965133667,0
2026-03-20 04:33:00,1.1597150564193726,1.1597150564193726,1.1597150564193726,1.1597150564193726,0
2026-03-20 04:35:00,1.1597310304641724,1.1597310304641724,1.1597310304641724,1.1597310304641724,0
2026-03-20 04:37:00,1.159706950187683,1.159706950187683,1.159706950187683,1.159706950187683,0
2026-03-20 04:39:00,1.1597310304641724,1.1597310304641724,1.1597310304641724,1.1597310304641724,0
2026-03-20 04:41:00,1.159708023071289,1.159708023071289,1.159708023071289,1.159708023071289,0
2026-03-20 04:43:00,1.159706950187683,1.159706950187683,1.159706950187683,1.159706950187683,0
2026-03-20 04:45:00,1.159801006317139,1.159801006317139,1.159801006317139,1.159801006317139,0
2026-03-20 04:47:00,1.1597930192947388,1.1597930192947388,1.1597930192947388,1.1597930192947388,0
2026-03-20 04:49:00,1.1598680019378662,1.1598680019378662,1.1598680019378662,1.1598680019378662,0
2026-03-20 04:51:00,1.159832000732422,1.159832000732422,1.159832000732422,1.159832000732422,0
2026-03-20 04:53:00,1.1598440408706665,1.1598440408706665,1.1598440408706665,1.1598440408706665,0
2026-03-20 04:55:00,1.1598490476608276,1.1598490476608276,1.1598490476608276,1.1598490476608276,0
2026-03-20 04:57:00,1.1598869562149048,1.1598869562149048,1.1598869562149048,1.1598869562149048,0
2026-03-20 04:59:00,1.1598379611968994,1.1598379611968994,1.1598379611968994,1.1598379611968994,0
2026-03-20 05:01:00,1.1598140001296997,1.1598140001296997,1.1598140001296997,1.1598140001296997,0
2026-03-20 05:03:00,1.1598769426345823,1.1598769426345823,1.1598769426345823,1.1598769426345823,0
2026-03-20 05:05:00,1.1598659753799438,1.1598659753799438,1.1598659753799438,1.1598659753799438,0
2026-03-20 05:07:00,1.1598570346832275,1.1598570346832275,1.1598570346832275,1.1598570346832275,0
2026-03-20 05:09:00,1.1599290370941162,1.1599290370941162,1.1599290370941162,1.1599290370941162,0
2026-03-20 05:11:00,1.1598559617996216,1.1598559617996216,1.1598559617996216,1.1598559617996216,0
2026-03-20 05:13:00,1.159891963005066,1.159891963005066,1.159891963005066,1.159891963005066,0
2026-03-20 05:15:00,1.159930944442749,1.159930944442749,1.159930944442749,1.159930944442749,0
2026-03-20 05:17:00,1.159919023513794,1.159919023513794,1.159919023513794,1.159919023513794,0
2026-03-20 05:19:00,1.159862995147705,1.159862995147705,1.159862995147705,1.159862995147705,0
2026-03-20 05:21:00,1.1599270105361938,1.1599270105361938,1.1599270105361938,1.1599270105361938,0
2026-03-20 05:23:00,1.1599700450897217,1.1599700450897217,1.1599700450897217,1.1599700450897217,0
2026-03-20 05:25:00,1.1599010229110718,1.1599010229110718,1.1599010229110718,1.1599010229110718,0
2026-03-20 05:27:00,1.1599090099334717,1.1599090099334717,1.1599090099334717,1.1599090099334717,0
2026-03-20 05:29:00,1.159872055053711,1.159872055053711,1.159872055053711,1.159872055053711,0
2026-03-20 05:31:00,1.1598650217056274,1.1598650217056274,1.1598650217056274,1.1598650217056274,0
2026-03-20 05:33:00,1.159937024116516,1.159937024116516,1.159937024116516,1.159937024116516,0
2026-03-20 05:35:00,1.1598989963531494,1.1598989963531494,1.1598989963531494,1.1598989963531494,0
2026-03-20 05:37:00,1.159893035888672,1.159893035888672,1.159893035888672,1.159893035888672,0
2026-03-20 05:39:00,1.159898042678833,1.159898042678833,1.159898042678833,1.159898042678833,0
2026-03-20 05:41:00,1.159924030303955,1.159924030303955,1.159924030303955,1.159924030303955,0
2026-03-20 05:43:00,1.1598650217056274,1.1598650217056274,1.1598650217056274,1.1598650217056274,0
2026-03-20 05:45:00,1.1598429679870603,1.1598429679870603,1.1598429679870603,1.1598429679870603,0
2026-03-20 05:47:00,1.1598000526428225,1.1598000526428225,1.1598000526428225,1.1598000526428225,0
2026-03-20 05:49:00,1.1597919464111328,1.1597919464111328,1.1597919464111328,1.1597919464111328,0
2026-03-20 05:51:00,1.1598529815673828,1.1598529815673828,1.1598529815673828,1.1598529815673828,0
2026-03-20 05:53:00,1.159932017326355,1.159932017326355,1.159932017326355,1.159932017326355,0
2026-03-20 05:55:00,1.1599119901657104,1.1599119901657104,1.1599119901657104,1.1599119901657104,0
2026-03-20 05:57:00,1.1599270105361938,1.1599270105361938,1.1599270105361938,1.1599270105361938,0
2026-03-20 05:59:00,1.159911036491394,1.159911036491394,1.159911036491394,1.159911036491394,0
2026-03-20 06:01:00,1.1599210500717163,1.1599210500717163,1.1599210500717163,1.1599210500717163,0
2026-03-20 06:03:00,1.1599639654159546,1.1599639654159546,1.1599639654159546,1.1599639654159546,0
2026-03-20 06:05:00,1.1600489616394043,1.1600489616394043,1.1600489616394043,1.1600489616394043,0
2026-03-20 06:07:00,1.1599819660186768,1.1599819660186768,1.1599819660186768,1.1599819660186768,0
2026-03-20 06:09:00,1.1600079536437988,1.1600079536437988,1.1600079536437988,1.1600079536437988,0
2026-03-20 06:11:00,1.159965991973877,1.159965991973877,1.159965991973877,1.159965991973877,0
2026-03-20 06:13:00,1.159978985786438,1.159978985786438,1.159978985786438,1.159978985786438,0
2026-03-20 06:15:00,1.1599889993667605,1.1599889993667605,1.1599889993667605,1.1599889993667605,0
2026-03-20 06:17:00,1.1599589586257937,1.1599589586257937,1.1599589586257937,1.1599589586257937,0
2026-03-20 06:19:00,1.1599639654159546,1.1599639654159546,1.1599639654159546,1.1599639654159546,0
2026-03-20 06:21:00,1.1599140167236328,1.1599140167236328,1.1599140167236328,1.1599140167236328,0
2026-03-20 06:23:00,1.1599249839782717,1.1599249839782717,1.1599249839782717,1.1599249839782717,0
2026-03-20 06:25:00,1.1599019765853882,1.1599019765853882,1.1599019765853882,1.1599019765853882,0
2026-03-20 06:27:00,1.159837007522583,1.159837007522583,1.159837007522583,1.159837007522583,0
2026-03-20 06:29:00,1.1598830223083496,1.1598830223083496,1.1598830223083496,1.1598830223083496,0
2026-03-20 06:31:00,1.1596839427947998,1.1596839427947998,1.1596839427947998,1.1596839427947998,0
2026-03-20 06:33:00,1.159425973892212,1.159425973892212,1.159425973892212,1.159425973892212,0
2026-03-20 06:35:00,1.1594220399856567,1.1594220399856567,1.1594220399856567,1.1594220399856567,0
2026-03-20 06:37:00,1.1595419645309448,1.1595419645309448,1.1595419645309448,1.1595419645309448,0
2026-03-20 06:39:00,1.1595690250396729,1.1595690250396729,1.1595690250396729,1.1595690250396729,0
2026-03-20 06:41:00,1.159427046775818,1.159427046775818,1.159427046775818,1.159427046775818,0
2026-03-20 06:43:00,1.1594029664993286,1.1594029664993286,1.1594029664993286,1.1594029664993286,0
2026-03-20 06:45:00,1.1593990325927734,1.1593990325927734,1.1593990325927734,1.1593990325927734,0
2026-03-20 06:47:00,1.159358024597168,1.159358024597168,1.159358024597168,1.159358024597168,0
2026-03-20 06:49:00,1.1593600511550903,1.1593600511550903,1.1593600511550903,1.1593600511550903,0
2026-03-20 06:51:00,1.1593650579452517,1.1593650579452517,1.1593650579452517,1.1593650579452517,0
2026-03-20 06:53:00,1.1593010425567627,1.1593010425567627,1.1593010425567627,1.1593010425567627,0
2026-03-20 06:55:00,1.1593589782714844,1.1593589782714844,1.1593589782714844,1.1593589782714844,0
2026-03-20 06:57:00,1.1594749689102173,1.1594749689102173,1.1594749689102173,1.1594749689102173,0
2026-03-20 06:59:00,1.1594740152359009,1.1594740152359009,1.1594740152359009,1.1594740152359009,0
2026-03-20 07:01:00,1.1594029664993286,1.1594029664993286,1.1594029664993286,1.1594029664993286,0
2026-03-20 07:03:00,1.159489989280701,1.159489989280701,1.159489989280701,1.159489989280701,0
2026-03-20 07:05:00,1.1594760417938232,1.1594760417938232,1.1594760417938232,1.1594760417938232,0
2026-03-20 07:07:00,1.159371018409729,1.159371018409729,1.159371018409729,1.159371018409729,0
2026-03-20 07:09:00,1.1594150066375732,1.1594150066375732,1.1594150066375732,1.1594150066375732,0
2026-03-20 07:11:00,1.1596779823303225,1.1596779823303225,1.1596779823303225,1.1596779823303225,0
2026-03-20 07:13:00,1.1594860553741455,1.1594860553741455,1.1594860553741455,1.1594860553741455,0
2026-03-20 07:15:00,1.1595970392227173,1.1595970392227173,1.1595970392227173,1.1595970392227173,0
2026-03-20 07:17:00,1.159688949584961,1.159688949584961,1.159688949584961,1.159688949584961,0
2026-03-20 07:19:00,1.1598249673843384,1.1598249673843384,1.1598249673843384,1.1598249673843384,0
2026-03-20 07:21:00,1.159762978553772,1.159762978553772,1.159762978553772,1.159762978553772,0
2026-03-20 07:23:00,1.1598249673843384,1.1598249673843384,1.1598249673843384,1.1598249673843384,0
2026-03-20 07:25:00,1.1598830223083496,1.1598830223083496,1.1598830223083496,1.1598830223083496,0
2026-03-20 07:27:00,1.1598960161209106,1.1598960161209106,1.1598960161209106,1.1598960161209106,0
2026-03-20 07:29:00,1.1600229740142822,1.1600229740142822,1.1600229740142822,1.1600229740142822,0
2026-03-20 07:31:00,1.159968018531799,1.159968018531799,1.159968018531799,1.159968018531799,0
2026-03-20 07:33:00,1.1602319478988647,1.1602319478988647,1.1602319478988647,1.1602319478988647,0
2026-03-20 07:35:00,1.16001296043396,1.16001296043396,1.16001296043396,1.16001296043396,0
2026-03-20 07:37:00,1.1599080562591553,1.1599080562591553,1.1599080562591553,1.1599080562591553,0
2026-03-20 07:39:00,1.1599379777908323,1.1599379777908323,1.1599379777908323,1.1599379777908323,0
2026-03-20 07:41:00,1.1601200103759766,1.1601200103759766,1.1601200103759766,1.1601200103759766,0
2026-03-20 07:43:00,1.160217046737671,1.160217046737671,1.160217046737671,1.160217046737671,0
2026-03-20 07:45:00,1.160254955291748,1.160254955291748,1.160254955291748,1.160254955291748,0
2026-03-20 07:47:00,1.1603829860687256,1.1603829860687256,1.1603829860687256,1.1603829860687256,0
2026-03-20 07:49:00,1.160436987876892,1.160436987876892,1.160436987876892,1.160436987876892,0
2026-03-20 07:51:00,1.1604269742965698,1.1604269742965698,1.1604269742965698,1.1604269742965698,0
2026-03-20 07:53:00,1.1605850458145142,1.1605850458145142,1.1605850458145142,1.1605850458145142,0
2026-03-20 07:55:00,1.1604750156402588,1.1604750156402588,1.1604750156402588,1.1604750156402588,0
2026-03-20 07:57:00,1.1603440046310425,1.1603440046310425,1.1603440046310425,1.1603440046310425,0
2026-03-20 07:59:00,1.1601910591125488,1.1601910591125488,1.1601910591125488,1.1601910591125488,0
2026-03-20 08:01:00,1.160362958908081,1.160362958908081,1.160362958908081,1.160362958908081,0
2026-03-20 08:03:00,1.160454034805298,1.160454034805298,1.160454034805298,1.160454034805298,0
2026-03-20 08:05:00,1.1605809926986694,1.1605809926986694,1.1605809926986694,1.1605809926986694,0
2026-03-20 08:07:00,1.160609006881714,1.160609006881714,1.160609006881714,1.160609006881714,0
2026-03-20 08:09:00,1.1606539487838743,1.1606539487838743,1.1606539487838743,1.1606539487838743,0
2026-03-20 08:11:00,1.1605839729309082,1.1605839729309082,1.1605839729309082,1.1605839729309082,0
2026-03-20 08:13:00,1.1606550216674805,1.1606550216674805,1.1606550216674805,1.1606550216674805,0
2026-03-20 08:15:00,1.1607099771499634,1.1607099771499634,1.1607099771499634,1.1607099771499634,0
2026-03-20 08:17:00,1.1604729890823364,1.1604729890823364,1.1604729890823364,1.1604729890823364,0
2026-03-20 08:19:00,1.1603800058364868,1.1603800058364868,1.1603800058364868,1.1603800058364868,0
2026-03-20 08:21:00,1.1603269577026367,1.1603269577026367,1.1603269577026367,1.1603269577026367,0
2026-03-20 08:23:00,1.160243034362793,1.160243034362793,1.160243034362793,1.160243034362793,0
2026-03-20 08:25:00,1.160133957862854,1.160133957862854,1.160133957862854,1.160133957862854,0
2026-03-20 08:27:00,1.1601489782333374,1.1601489782333374,1.1601489782333374,1.1601489782333374,0
2026-03-20 08:29:00,1.1601239442825315,1.1601239442825315,1.1601239442825315,1.1601239442825315,0
2026-03-20 08:31:00,1.160390019416809,1.160390019416809,1.160390019416809,1.160390019416809,0
2026-03-20 08:33:00,1.1604620218276978,1.1604620218276978,1.1604620218276978,1.1604620218276978,0
2026-03-20 08:35:00,1.1605099439620972,1.1605099439620972,1.1605099439620972,1.1605099439620972,0
2026-03-20 08:37:00,1.1602749824523926,1.1602749824523926,1.1602749824523926,1.1602749824523926,0
2026-03-20 08:39:00,1.1603120565414429,1.1603120565414429,1.1603120565414429,1.1603120565414429,0
2026-03-20 08:41:00,1.1601790189743042,1.1601790189743042,1.1601790189743042,1.1601790189743042,0
2026-03-20 08:43:00,1.1599359512329102,1.1599359512329102,1.1599359512329102,1.1599359512329102,0
2026-03-20 08:45:00,1.1599880456924438,1.1599880456924438,1.1599880456924438,1.1599880456924438,0
2026-03-20 08:47:00,1.1600149869918823,1.1600149869918823,1.1600149869918823,1.1600149869918823,0
2026-03-20 08:49:00,1.1601550579071045,1.1601550579071045,1.1601550579071045,1.1601550579071045,0
2026-03-20 08:51:00,1.1602200269699097,1.1602200269699097,1.1602200269699097,1.1602200269699097,0
2026-03-20 08:53:00,1.16008198261261,1.16008198261261,1.16008198261261,1.16008198261261,0
2026-03-20 08:55:00,1.1599780321121216,1.1599780321121216,1.1599780321121216,1.1599780321121216,0
2026-03-20 08:57:00,1.159894943237305,1.159894943237305,1.159894943237305,1.159894943237305,0
2026-03-20 08:59:00,1.1598589420318604,1.1598589420318604,1.1598589420318604,1.1598589420318604,0
2026-03-20 09:01:00,1.1599279642105105,1.1599279642105105,1.1599279642105105,1.1599279642105105,0
2026-03-20 09:03:00,1.1599249839782717,1.1599249839782717,1.1599249839782717,1.1599249839782717,0
2026-03-20 09:05:00,1.159458041191101,1.159458041191101,1.159458041191101,1.159458041191101,0
2026-03-20 09:07:00,1.1594949960708618,1.1594949960708618,1.1594949960708618,1.1594949960708618,0
2026-03-20 09:09:00,1.159471035003662,1.159471035003662,1.159471035003662,1.159471035003662,0
2026-03-20 09:11:00,1.159345030784607,1.159345030784607,1.159345030784607,1.159345030784607,0
2026-03-20 09:13:00,1.1592869758605957,1.1592869758605957,1.1592869758605957,1.1592869758605957,0
2026-03-20 09:15:00,1.15932297706604,1.15932297706604,1.15932297706604,1.15932297706604,0
2026-03-20 09:17:00,1.1593140363693235,1.1593140363693235,1.1593140363693235,1.1593140363693235,0
2026-03-20 09:19:00,1.1591869592666626,1.1591869592666626,1.1591869592666626,1.1591869592666626,0
2026-03-20 09:21:00,1.1590269804000854,1.1590269804000854,1.1590269804000854,1.1590269804000854,0
2026-03-20 09:23:00,1.15899395942688,1.15899395942688,1.15899395942688,1.15899395942688,0
2026-03-20 09:25:00,1.1590280532836914,1.1590280532836914,1.1590280532836914,1.1590280532836914,0
2026-03-20 09:27:00,1.1589349508285522,1.1589349508285522,1.1589349508285522,1.1589349508285522,0
2026-03-20 09:29:00,1.1588820219039917,1.1588820219039917,1.1588820219039917,1.1588820219039917,0
2026-03-20 09:31:00,1.159034013748169,1.159034013748169,1.159034013748169,1.159034013748169,0
2026-03-20 09:33:00,1.159129977226257,1.159129977226257,1.159129977226257,1.159129977226257,0
2026-03-20 09:35:00,1.1591240167617798,1.1591240167617798,1.1591240167617798,1.1591240167617798,0
2026-03-20 09:37:00,1.159229040145874,1.159229040145874,1.159229040145874,1.159229040145874,0
2026-03-20 09:39:00,1.159248948097229,1.159248948097229,1.159248948097229,1.159248948097229,0
2026-03-20 09:41:00,1.1592719554901123,1.1592719554901123,1.1592719554901123,1.1592719554901123,0
2026-03-20 09:43:00,1.1593409776687622,1.1593409776687622,1.1593409776687622,1.1593409776687622,0
2026-03-20 09:45:00,1.1591520309448242,1.1591520309448242,1.1591520309448242,1.1591520309448242,0
2026-03-20 09:47:00,1.1592930555343628,1.1592930555343628,1.1592930555343628,1.1592930555343628,0
2026-03-20 09:49:00,1.159212946891785,1.159212946891785,1.159212946891785,1.159212946891785,0
2026-03-20 09:51:00,1.1592979431152344,1.1592979431152344,1.1592979431152344,1.1592979431152344,0
2026-03-20 09:53:00,1.1591700315475464,1.1591700315475464,1.1591700315475464,1.1591700315475464,0
2026-03-20 09:55:00,1.159095048904419,1.159095048904419,1.159095048904419,1.159095048904419,0
2026-03-20 09:57:00,1.1589900255203247,1.1589900255203247,1.1589900255203247,1.1589900255203247,0
2026-03-20 09:59:00,1.1588020324707031,1.1588020324707031,1.1588020324707031,1.1588020324707031,0
2026-03-20 10:01:00,1.1587480306625366,1.1587480306625366,1.1587480306625366,1.1587480306625366,0
2026-03-20 10:03:00,1.1588560342788696,1.1588560342788696,1.1588560342788696,1.1588560342788696,0
2026-03-20 10:05:00,1.158831000328064,1.158831000328064,1.158831000328064,1.158831000328064,0
2026-03-20 10:07:00,1.1587419509887695,1.1587419509887695,1.1587419509887695,1.1587419509887695,0
2026-03-20 10:09:00,1.1586389541625977,1.1586389541625977,1.1586389541625977,1.1586389541625977,0
2026-03-20 10:11:00,1.1585650444030762,1.1585650444030762,1.1585650444030762,1.1585650444030762,0
2026-03-20 10:13:00,1.158352971076965,1.158352971076965,1.158352971076965,1.158352971076965,0
2026-03-20 10:15:00,1.1581720113754272,1.1581720113754272,1.1581720113754272,1.1581720113754272,0
2026-03-20 10:17:00,1.1581989526748655,1.1581989526748655,1.1581989526748655,1.1581989526748655,0
2026-03-20 10:19:00,1.1583369970321655,1.1583369970321655,1.1583369970321655,1.1583369970321655,0
2026-03-20 10:21:00,1.1581469774246216,1.1581469774246216,1.1581469774246216,1.1581469774246216,0
2026-03-20 10:23:00,1.1582740545272827,1.1582740545272827,1.1582740545272827,1.1582740545272827,0
2026-03-20 10:25:00,1.1583360433578491,1.1583360433578491,1.1583360433578491,1.1583360433578491,0
2026-03-20 10:27:00,1.1584060192108154,1.1584060192108154,1.1584060192108154,1.1584060192108154,0
2026-03-20 10:29:00,1.1583060026168823,1.1583060026168823,1.1583060026168823,1.1583060026168823,0
2026-03-20 10:31:00,1.1581549644470217,1.1581549644470217,1.1581549644470217,1.1581549644470217,0
2026-03-20 10:33:00,1.1581430435180664,1.1581430435180664,1.1581430435180664,1.1581430435180664,0
2026-03-20 10:35:00,1.1580239534378052,1.1580239534378052,1.1580239534378052,1.1580239534378052,0
2026-03-20 10:37:00,1.157917022705078,1.157917022705078,1.157917022705078,1.157917022705078,0
2026-03-20 10:39:00,1.1579279899597168,1.1579279899597168,1.1579279899597168,1.1579279899597168,0
2026-03-20 10:41:00,1.1577340364456177,1.1577340364456177,1.1577340364456177,1.1577340364456177,0
2026-03-20 10:43:00,1.157636046409607,1.157636046409607,1.157636046409607,1.157636046409607,0
2026-03-20 10:45:00,1.157417058944702,1.157417058944702,1.157417058944702,1.157417058944702,0
2026-03-20 10:47:00,1.1574599742889404,1.1574599742889404,1.1574599742889404,1.1574599742889404,0
2026-03-20 10:49:00,1.157593011856079,1.157593011856079,1.157593011856079,1.157593011856079,0
2026-03-20 10:51:00,1.1573129892349243,1.1573129892349243,1.1573129892349243,1.1573129892349243,0
2026-03-20 10:53:00,1.1572309732437134,1.1572309732437134,1.1572309732437134,1.1572309732437134,0
2026-03-20 10:55:00,1.157315969467163,1.157315969467163,1.157315969467163,1.157315969467163,0
2026-03-20 10:57:00,1.1574130058288574,1.1574130058288574,1.1574130058288574,1.1574130058288574,0
2026-03-20 10:59:00,1.1573439836502075,1.1573439836502075,1.1573439836502075,1.1573439836502075,0
2026-03-20 11:01:00,1.157323956489563,1.157323956489563,1.157323956489563,1.157323956489563,0
2026-03-20 11:03:00,1.1573630571365356,1.1573630571365356,1.1573630571365356,1.1573630571365356,0
2026-03-20 11:05:00,1.1573100090026855,1.1573100090026855,1.1573100090026855,1.1573100090026855,0
2026-03-20 11:07:00,1.1574230194091797,1.1574230194091797,1.1574230194091797,1.1574230194091797,0
2026-03-20 11:09:00,1.157528042793274,1.157528042793274,1.157528042793274,1.157528042793274,0
2026-03-20 11:11:00,1.1575119495391846,1.1575119495391846,1.1575119495391846,1.1575119495391846,0
2026-03-20 11:13:00,1.1575160026550293,1.1575160026550293,1.1575160026550293,1.1575160026550293,0
2026-03-20 11:15:00,1.157325029373169,1.157325029373169,1.157325029373169,1.157325029373169,0
2026-03-20 11:17:00,1.1573330163955688,1.1573330163955688,1.1573330163955688,1.1573330163955688,0
2026-03-20 11:19:00,1.157315969467163,1.157315969467163,1.157315969467163,1.157315969467163,0
2026-03-20 11:21:00,1.157412052154541,1.157412052154541,1.157412052154541,1.157412052154541,0
2026-03-20 11:23:00,1.157418966293335,1.157418966293335,1.157418966293335,1.157418966293335,0
2026-03-20 11:25:00,1.157389998435974,1.157389998435974,1.157389998435974,1.157389998435974,0
2026-03-20 11:27:00,1.1573940515518188,1.1573940515518188,1.1573940515518188,1.1573940515518188,0
2026-03-20 11:29:00,1.1575000286102295,1.1575000286102295,1.1575000286102295,1.1575000286102295,0
2026-03-20 11:31:00,1.157452940940857,1.157452940940857,1.157452940940857,1.157452940940857,0
2026-03-20 11:33:00,1.1575219631195068,1.1575219631195068,1.1575219631195068,1.1575219631195068,0
2026-03-20 11:35:00,1.1576509475708008,1.1576509475708008,1.1576509475708008,1.1576509475708008,0
2026-03-20 11:37:00,1.1574959754943848,1.1574959754943848,1.1574959754943848,1.1574959754943848,0
2026-03-20 11:39:00,1.1573679447174072,1.1573679447174072,1.1573679447174072,1.1573679447174072,0
2026-03-20 11:41:00,1.1570489406585691,1.1570489406585691,1.1570489406585691,1.1570489406585691,0
2026-03-20 11:43:00,1.1570919752120972,1.1570919752120972,1.1570919752120972,1.1570919752120972,0
2026-03-20 11:45:00,1.157251000404358,1.157251000404358,1.157251000404358,1.157251000404358,0
2026-03-20 11:47:00,1.1570930480957031,1.1570930480957031,1.1570930480957031,1.1570930480957031,0
2026-03-20 11:49:00,1.1571999788284302,1.1571999788284302,1.1571999788284302,1.1571999788284302,0
2026-03-20 11:51:00,1.157078981399536,1.157078981399536,1.157078981399536,1.157078981399536,0
2026-03-20 11:53:00,1.1572020053863523,1.1572020053863523,1.1572020053863523,1.1572020053863523,0
2026-03-20 11:55:00,1.157304048538208,1.157304048538208,1.157304048538208,1.157304048538208,0
2026-03-20 11:57:00,1.1573729515075684,1.1573729515075684,1.1573729515075684,1.1573729515075684,0
2026-03-20 11:59:00,1.1576069593429563,1.1576069593429563,1.1576069593429563,1.1576069593429563,0
2026-03-20 12:01:00,1.1577049493789673,1.1577049493789673,1.1577049493789673,1.1577049493789673,0
2026-03-20 12:03:00,1.1578569412231443,1.1578569412231443,1.1578569412231443,1.1578569412231443,0
2026-03-20 12:05:00,1.1579320430755615,1.1579320430755615,1.1579320430755615,1.1579320430755615,0
2026-03-20 12:07:00,1.1578320264816284,1.1578320264816284,1.1578320264816284,1.1578320264816284,0
2026-03-20 12:09:00,1.1580530405044556,1.1580530405044556,1.1580530405044556,1.1580530405044556,0
2026-03-20 12:11:00,1.1581120491027832,1.1581120491027832,1.1581120491027832,1.1581120491027832,0
2026-03-20 12:13:00,1.158154010772705,1.158154010772705,1.158154010772705,1.158154010772705,0
2026-03-20 12:15:00,1.1580740213394165,1.1580740213394165,1.1580740213394165,1.1580740213394165,0
2026-03-20 12:17:00,1.1577340364456177,1.1577340364456177,1.1577340364456177,1.1577340364456177,0
2026-03-20 12:19:00,1.1575030088424685,1.1575030088424685,1.1575030088424685,1.1575030088424685,0
2026-03-20 12:21:00,1.157485008239746,1.157485008239746,1.157485008239746,1.157485008239746,0
2026-03-20 12:23:00,1.1574130058288574,1.1574130058288574,1.1574130058288574,1.1574130058288574,0
2026-03-20 12:25:00,1.1573230028152466,1.1573230028152466,1.1573230028152466,1.1573230028152466,0
2026-03-20 12:27:00,1.1574360132217407,1.1574360132217407,1.1574360132217407,1.1574360132217407,0
2026-03-20 12:29:00,1.157359004020691,1.157359004020691,1.157359004020691,1.157359004020691,0
2026-03-20 12:31:00,1.157397985458374,1.157397985458374,1.157397985458374,1.157397985458374,0
2026-03-20 12:33:00,1.1573090553283691,1.1573090553283691,1.1573090553283691,1.1573090553283691,0
2026-03-20 12:35:00,1.157112956047058,1.157112956047058,1.157112956047058,1.157112956047058,0
2026-03-20 12:37:00,1.1573280096054075,1.1573280096054075,1.1573280096054075,1.1573280096054075,0
2026-03-20 12:39:00,1.157060980796814,1.157060980796814,1.157060980796814,1.157060980796814,0
2026-03-20 12:41:00,1.1570730209350586,1.1570730209350586,1.1570730209350586,1.1570730209350586,0
2026-03-20 12:43:00,1.1570379734039309,1.1570379734039309,1.1570379734039309,1.1570379734039309,0
2026-03-20 12:45:00,1.1571199893951416,1.1571199893951416,1.1571199893951416,1.1571199893951416,0
2026-03-20 12:47:00,1.157302975654602,1.157302975654602,1.157302975654602,1.157302975654602,0
2026-03-20 12:49:00,1.1571999788284302,1.1571999788284302,1.1571999788284302,1.1571999788284302,0
2026-03-20 12:51:00,1.157318949699402,1.157318949699402,1.157318949699402,1.157318949699402,0
2026-03-20 12:53:00,1.1569050550460815,1.1569050550460815,1.1569050550460815,1.1569050550460815,0
2026-03-20 12:55:00,1.1569379568099976,1.1569379568099976,1.1569379568099976,1.1569379568099976,0
2026-03-20 12:57:00,1.1570229530334473,1.1570229530334473,1.1570229530334473,1.1570229530334473,0
2026-03-20 12:59:00,1.1570990085601809,1.1570990085601809,1.1570990085601809,1.1570990085601809,0
2026-03-20 13:01:00,1.1569429636001587,1.1569429636001587,1.1569429636001587,1.1569429636001587,0
2026-03-20 13:03:00,1.1568759679794312,1.1568759679794312,1.1568759679794312,1.1568759679794312,0
2026-03-20 13:05:00,1.156810998916626,1.156810998916626,1.156810998916626,1.156810998916626,0
2026-03-20 13:07:00,1.1568429470062256,1.1568429470062256,1.1568429470062256,1.1568429470062256,0
2026-03-20 13:09:00,1.1569210290908811,1.1569210290908811,1.1569210290908811,1.1569210290908811,0
2026-03-20 13:11:00,1.1566660404205322,1.1566660404205322,1.1566660404205322,1.1566660404205322,0
2026-03-20 13:13:00,1.156520962715149,1.156520962715149,1.156520962715149,1.156520962715149,0
2026-03-20 13:15:00,1.1563910245895386,1.1563910245895386,1.1563910245895386,1.1563910245895386,0
2026-03-20 13:17:00,1.156363010406494,1.156363010406494,1.156363010406494,1.156363010406494,0
2026-03-20 13:19:00,1.1565669775009155,1.1565669775009155,1.1565669775009155,1.1565669775009155,0
2026-03-20 13:21:00,1.156785011291504,1.156785011291504,1.156785011291504,1.156785011291504,0
2026-03-20 13:23:00,1.156756043434143,1.156756043434143,1.156756043434143,1.156756043434143,0
2026-03-20 13:25:00,1.1568150520324707,1.1568150520324707,1.1568150520324707,1.1568150520324707,0
2026-03-20 13:27:00,1.1565860509872437,1.1565860509872437,1.1565860509872437,1.1565860509872437,0
2026-03-20 13:29:00,1.1567399501800537,1.1567399501800537,1.1567399501800537,1.1567399501800537,0
2026-03-20 13:31:00,1.1567009687423706,1.1567009687423706,1.1567009687423706,1.1567009687423706,0
2026-03-20 13:33:00,1.1568059921264648,1.1568059921264648,1.1568059921264648,1.1568059921264648,0
2026-03-20 13:35:00,1.156705021858215,1.156705021858215,1.156705021858215,1.156705021858215,0
2026-03-20 13:37:00,1.156754970550537,1.156754970550537,1.156754970550537,1.156754970550537,0
2026-03-20 13:39:00,1.1562659740447998,1.1562659740447998,1.1562659740447998,1.1562659740447998,0
2026-03-20 13:41:00,1.1563869714736938,1.1563869714736938,1.1563869714736938,1.1563869714736938,0
2026-03-20 13:43:00,1.156633973121643,1.156633973121643,1.156633973121643,1.156633973121643,0
2026-03-20 13:45:00,1.156695008277893,1.156695008277893,1.156695008277893,1.156695008277893,0
2026-03-20 13:47:00,1.1568570137023926,1.1568570137023926,1.1568570137023926,1.1568570137023926,0
2026-03-20 13:49:00,1.1571760177612305,1.1571760177612305,1.1571760177612305,1.1571760177612305,0
2026-03-20 13:51:00,1.1570440530776978,1.1570440530776978,1.1570440530776978,1.1570440530776978,0
2026-03-20 13:53:00,1.1573389768600464,1.1573389768600464,1.1573389768600464,1.1573389768600464,0
2026-03-20 13:55:00,1.1570719480514526,1.1570719480514526,1.1570719480514526,1.1570719480514526,0
2026-03-20 13:57:00,1.1569700241088867,1.1569700241088867,1.1569700241088867,1.1569700241088867,0
2026-03-20 13:59:00,1.156674027442932,1.156674027442932,1.156674027442932,1.156674027442932,0
2026-03-20 14:01:00,1.156391978263855,1.156391978263855,1.156391978263855,1.156391978263855,0
2026-03-20 14:03:00,1.1565220355987549,1.1565220355987549,1.1565220355987549,1.1565220355987549,0
2026-03-20 14:05:00,1.1564689874649048,1.1564689874649048,1.1564689874649048,1.1564689874649048,0
2026-03-20 14:07:00,1.156059980392456,1.156059980392456,1.156059980392456,1.156059980392456,0
2026-03-20 14:09:00,1.156136989593506,1.156136989593506,1.156136989593506,1.156136989593506,0
2026-03-20 14:11:00,1.1560029983520508,1.1560029983520508,1.1560029983520508,1.1560029983520508,0
2026-03-20 14:13:00,1.1552170515060425,1.1552170515060425,1.1552170515060425,1.1552170515060425,0
2026-03-20 14:15:00,1.154871940612793,1.154871940612793,1.154871940612793,1.154871940612793,0
2026-03-20 14:17:00,1.1547859907150269,1.1547859907150269,1.1547859907150269,1.1547859907150269,0
2026-03-20 14:19:00,1.1550339460372925,1.1550339460372925,1.1550339460372925,1.1550339460372925,0
2026-03-20 14:21:00,1.154831051826477,1.154831051826477,1.154831051826477,1.154831051826477,0
2026-03-20 14:23:00,1.1547019481658936,1.1547019481658936,1.1547019481658936,1.1547019481658936,0
2026-03-20 14:25:00,1.1547249555587769,1.1547249555587769,1.1547249555587769,1.1547249555587769,0
2026-03-20 14:27:00,1.154718041419983,1.154718041419983,1.154718041419983,1.154718041419983,0
2026-03-20 14:29:00,1.15460205078125,1.15460205078125,1.15460205078125,1.15460205078125,0
2026-03-20 14:31:00,1.154551982879639,1.154551982879639,1.154551982879639,1.154551982879639,0
2026-03-20 14:33:00,1.1546210050582886,1.1546210050582886,1.1546210050582886,1.1546210050582886,0
2026-03-20 14:35:00,1.1548149585723877,1.1548149585723877,1.1548149585723877,1.1548149585723877,0
2026-03-20 14:37:00,1.154768943786621,1.154768943786621,1.154768943786621,1.154768943786621,0
2026-03-20 14:39:00,1.154520034790039,1.154520034790039,1.154520034790039,1.154520034790039,0
2026-03-20 14:41:00,1.1544209718704224,1.1544209718704224,1.1544209718704224,1.1544209718704224,0
2026-03-20 14:43:00,1.1543350219726562,1.1543350219726562,1.1543350219726562,1.1543350219726562,0
2026-03-20 14:45:00,1.154453992843628,1.154453992843628,1.154453992843628,1.154453992843628,0
2026-03-20 14:47:00,1.1542140245437622,1.1542140245437622,1.1542140245437622,1.1542140245437622,0
2026-03-20 14:49:00,1.1542689800262451,1.1542689800262451,1.1542689800262451,1.1542689800262451,0
2026-03-20 14:51:00,1.1540549993515017,1.1540549993515017,1.1540549993515017,1.1540549993515017,0
2026-03-20 14:53:00,1.1541190147399902,1.1541190147399902,1.1541190147399902,1.1541190147399902,0
2026-03-20 14:55:00,1.1541249752044678,1.1541249752044678,1.1541249752044678,1.1541249752044678,0
2026-03-20 14:57:00,1.1537400484085083,1.1537400484085083,1.1537400484085083,1.1537400484085083,0
2026-03-20 14:59:00,1.1537929773330688,1.1537929773330688,1.1537929773330688,1.1537929773330688,0
2026-03-20 15:01:00,1.1538900136947632,1.1538900136947632,1.1538900136947632,1.1538900136947632,0
2026-03-20 15:03:00,1.1537950038909912,1.1537950038909912,1.1537950038909912,1.1537950038909912,0
2026-03-20 15:05:00,1.1538230180740356,1.1538230180740356,1.1538230180740356,1.1538230180740356,0
2026-03-20 15:07:00,1.1537519693374634,1.1537519693374634,1.1537519693374634,1.1537519693374634,0
2026-03-20 15:09:00,1.1540590524673462,1.1540590524673462,1.1540590524673462,1.1540590524673462,0
2026-03-20 15:11:00,1.1542190313339231,1.1542190313339231,1.1542190313339231,1.1542190313339231,0
2026-03-20 15:13:00,1.1542960405349731,1.1542960405349731,1.1542960405349731,1.1542960405349731,0
2026-03-20 15:15:00,1.1544500589370728,1.1544500589370728,1.1544500589370728,1.1544500589370728,0
2026-03-20 15:17:00,1.1545690298080444,1.1545690298080444,1.1545690298080444,1.1545690298080444,0
2026-03-20 15:19:00,1.1545599699020386,1.1545599699020386,1.1545599699020386,1.1545599699020386,0
2026-03-20 15:21:00,1.1544959545135498,1.1544959545135498,1.1544959545135498,1.1544959545135498,0
2026-03-20 15:23:00,1.15489399433136,1.15489399433136,1.15489399433136,1.15489399433136,0
2026-03-20 15:25:00,1.154554009437561,1.154554009437561,1.154554009437561,1.154554009437561,0
2026-03-20 15:27:00,1.1544049978256226,1.1544049978256226,1.1544049978256226,1.1544049978256226,0
2026-03-20 15:29:00,1.1540310382843018,1.1540310382843018,1.1540310382843018,1.1540310382843018,0
2026-03-20 15:31:00,1.15413498878479,1.15413498878479,1.15413498878479,1.15413498878479,0
2026-03-20 15:33:00,1.1540390253067017,1.1540390253067017,1.1540390253067017,1.1540390253067017,0
2026-03-20 15:35:00,1.1539230346679688,1.1539230346679688,1.1539230346679688,1.1539230346679688,0
2026-03-20 15:37:00,1.1540000438690186,1.1540000438690186,1.1540000438690186,1.1540000438690186,0
2026-03-20 15:39:00,1.1540340185165403,1.1540340185165403,1.1540340185165403,1.1540340185165403,0
2026-03-20 15:41:00,1.153678059577942,1.153678059577942,1.153678059577942,1.153678059577942,0
2026-03-20 15:43:00,1.1538640260696411,1.1538640260696411,1.1538640260696411,1.1538640260696411,0
2026-03-20 15:45:00,1.153713941574097,1.153713941574097,1.153713941574097,1.153713941574097,0
2026-03-20 15:47:00,1.1537530422210691,1.1537530422210691,1.1537530422210691,1.1537530422210691,0
2026-03-20 15:49:00,1.1534780263900757,1.1534780263900757,1.1534780263900757,1.1534780263900757,0
2026-03-20 15:51:00,1.1532219648361206,1.1532219648361206,1.1532219648361206,1.1532219648361206,0
2026-03-20 15:53:00,1.1528819799423218,1.1528819799423218,1.1528819799423218,1.1528819799423218,0
2026-03-20 15:55:00,1.1528199911117554,1.1528199911117554,1.1528199911117554,1.1528199911117554,0
2026-03-20 15:57:00,1.1525570154190063,1.1525570154190063,1.1525570154190063,1.1525570154190063,0
2026-03-20 15:59:00,1.152438044548035,1.152438044548035,1.152438044548035,1.152438044548035,0
2026-03-20 16:01:00,1.1522469520568848,1.1522469520568848,1.1522469520568848,1.1522469520568848,0
2026-03-20 16:03:00,1.1525919437408447,1.1525919437408447,1.1525919437408447,1.1525919437408447,0
2026-03-20 16:05:00,1.152501940727234,1.152501940727234,1.152501940727234,1.152501940727234,0
2026-03-20 16:07:00,1.1523959636688232,1.1523959636688232,1.1523959636688232,1.1523959636688232,0
2026-03-20 16:09:00,1.1524029970169067,1.1524029970169067,1.1524029970169067,1.1524029970169067,0
2026-03-20 16:11:00,1.1524989604949951,1.1524989604949951,1.1524989604949951,1.1524989604949951,0
2026-03-20 16:13:00,1.1526410579681396,1.1526410579681396,1.1526410579681396,1.1526410579681396,0
2026-03-20 16:15:00,1.1526429653167725,1.1526429653167725,1.1526429653167725,1.1526429653167725,0
2026-03-20 16:17:00,1.152609944343567,1.152609944343567,1.152609944343567,1.152609944343567,0
2026-03-20 16:19:00,1.1527049541473389,1.1527049541473389,1.1527049541473389,1.1527049541473389,0
2026-03-20 16:21:00,1.1526639461517334,1.1526639461517334,1.1526639461517334,1.1526639461517334,0
2026-03-20 16:23:00,1.1527620553970337,1.1527620553970337,1.1527620553970337,1.1527620553970337,0
2026-03-20 16:25:00,1.152590036392212,1.152590036392212,1.152590036392212,1.152590036392212,0
2026-03-20 16:27:00,1.1525100469589231,1.1525100469589231,1.1525100469589231,1.1525100469589231,0
2026-03-20 16:29:00,1.1526949405670166,1.1526949405670166,1.1526949405670166,1.1526949405670166,0
2026-03-20 16:31:00,1.1526570320129397,1.1526570320129397,1.1526570320129397,1.1526570320129397,0
2026-03-20 16:33:00,1.1525520086288452,1.1525520086288452,1.1525520086288452,1.1525520086288452,0
2026-03-20 16:35:00,1.1523590087890625,1.1523590087890625,1.1523590087890625,1.1523590087890625,0
2026-03-20 16:37:00,1.1524590253829956,1.1524590253829956,1.1524590253829956,1.1524590253829956,0
2026-03-20 16:39:00,1.152438044548035,1.152438044548035,1.152438044548035,1.152438044548035,0
2026-03-20 16:41:00,1.1526180505752563,1.1526180505752563,1.1526180505752563,1.1526180505752563,0
2026-03-20 16:43:00,1.1526720523834229,1.1526720523834229,1.1526720523834229,1.1526720523834229,0
2026-03-20 16:45:00,1.1526429653167725,1.1526429653167725,1.1526429653167725,1.1526429653167725,0
2026-03-20 16:47:00,1.1525299549102783,1.1525299549102783,1.1525299549102783,1.1525299549102783,0
2026-03-20 16:49:00,1.152451992034912,1.152451992034912,1.152451992034912,1.152451992034912,0
2026-03-20 16:51:00,1.1524399518966677,1.1524399518966677,1.1524399518966677,1.1524399518966677,0
2026-03-20 16:53:00,1.1525599956512451,1.1525599956512451,1.1525599956512451,1.1525599956512451,0
2026-03-20 16:55:00,1.152614951133728,1.152614951133728,1.152614951133728,1.152614951133728,0
2026-03-20 16:57:00,1.152593016624451,1.152593016624451,1.152593016624451,1.152593016624451,0
2026-03-20 16:59:00,1.1525180339813232,1.1525180339813232,1.1525180339813232,1.1525180339813232,0
2026-03-20 17:01:00,1.152685046195984,1.152685046195984,1.152685046195984,1.152685046195984,0
2026-03-20 17:03:00,1.1526459455490112,1.1526459455490112,1.1526459455490112,1.1526459455490112,0
2026-03-20 17:05:00,1.1530369520187378,1.1530369520187378,1.1530369520187378,1.1530369520187378,0
2026-03-20 17:07:00,1.1529380083084106,1.1529380083084106,1.1529380083084106,1.1529380083084106,0
2026-03-20 17:09:00,1.1528890132904053,1.1528890132904053,1.1528890132904053,1.1528890132904053,0
2026-03-20 17:11:00,1.1528650522232056,1.1528650522232056,1.1528650522232056,1.1528650522232056,0
2026-03-20 17:13:00,1.152798056602478,1.152798056602478,1.152798056602478,1.152798056602478,0
2026-03-20 17:15:00,1.1528639793395996,1.1528639793395996,1.1528639793395996,1.1528639793395996,0
2026-03-20 17:17:00,1.1527149677276611,1.1527149677276611,1.1527149677276611,1.1527149677276611,0
2026-03-20 17:19:00,1.1527379751205444,1.1527379751205444,1.1527379751205444,1.1527379751205444,0
2026-03-20 17:21:00,1.1528300046920776,1.1528300046920776,1.1528300046920776,1.1528300046920776,0
2026-03-20 17:23:00,1.152809977531433,1.152809977531433,1.152809977531433,1.152809977531433,0
2026-03-20 17:25:00,1.1526780128479004,1.1526780128479004,1.1526780128479004,1.1526780128479004,0
2026-03-20 17:27:00,1.1528170108795166,1.1528170108795166,1.1528170108795166,1.1528170108795166,0
2026-03-20 17:29:00,1.153020977973938,1.153020977973938,1.153020977973938,1.153020977973938,0
2026-03-20 17:31:00,1.1530359983444214,1.1530359983444214,1.1530359983444214,1.1530359983444214,0
2026-03-20 17:33:00,1.1532410383224487,1.1532410383224487,1.1532410383224487,1.1532410383224487,0
2026-03-20 17:35:00,1.1534889936447144,1.1534889936447144,1.1534889936447144,1.1534889936447144,0
2026-03-20 17:37:00,1.1537829637527466,1.1537829637527466,1.1537829637527466,1.1537829637527466,0
2026-03-20 17:39:00,1.1537929773330688,1.1537929773330688,1.1537929773330688,1.1537929773330688,0
2026-03-20 17:41:00,1.1538300514221191,1.1538300514221191,1.1538300514221191,1.1538300514221191,0
2026-03-20 17:43:00,1.1538649797439575,1.1538649797439575,1.1538649797439575,1.1538649797439575,0
2026-03-20 17:45:00,1.153774976730347,1.153774976730347,1.153774976730347,1.153774976730347,0
2026-03-20 17:47:00,1.153817057609558,1.153817057609558,1.153817057609558,1.153817057609558,0
2026-03-20 17:49:00,1.153810977935791,1.153810977935791,1.153810977935791,1.153810977935791,0
2026-03-20 17:51:00,1.1537439823150637,1.1537439823150637,1.1537439823150637,1.1537439823150637,0
2026-03-20 17:53:00,1.1538469791412354,1.1538469791412354,1.1538469791412354,1.1538469791412354,0
2026-03-20 17:55:00,1.1539239883422852,1.1539239883422852,1.1539239883422852,1.1539239883422852,0
2026-03-20 17:57:00,1.1539490222930908,1.1539490222930908,1.1539490222930908,1.1539490222930908,0
2026-03-20 17:59:00,1.1538959741592407,1.1538959741592407,1.1538959741592407,1.1538959741592407,0
2026-03-20 18:01:00,1.1540379524230957,1.1540379524230957,1.1540379524230957,1.1540379524230957,0
2026-03-20 18:03:00,1.1540499925613403,1.1540499925613403,1.1540499925613403,1.1540499925613403,0
2026-03-20 18:05:00,1.1540770530700684,1.1540770530700684,1.1540770530700684,1.1540770530700684,0
2026-03-20 18:07:00,1.1541930437088013,1.1541930437088013,1.1541930437088013,1.1541930437088013,0
2026-03-20 18:09:00,1.1542420387268066,1.1542420387268066,1.1542420387268066,1.1542420387268066,0
2026-03-20 18:11:00,1.1544549465179443,1.1544549465179443,1.1544549465179443,1.1544549465179443,0
2026-03-20 18:13:00,1.154363036155701,1.154363036155701,1.154363036155701,1.154363036155701,0
2026-03-20 18:15:00,1.154440999031067,1.154440999031067,1.154440999031067,1.154440999031067,0
2026-03-20 18:17:00,1.1543539762496948,1.1543539762496948,1.1543539762496948,1.1543539762496948,0
2026-03-20 18:19:00,1.1541789770126345,1.1541789770126345,1.1541789770126345,1.1541789770126345,0
2026-03-20 18:21:00,1.1541229486465454,1.1541229486465454,1.1541229486465454,1.1541229486465454,0
2026-03-20 18:23:00,1.15461003780365,1.15461003780365,1.15461003780365,1.15461003780365,0
2026-03-20 18:25:00,1.154181957244873,1.154181957244873,1.154181957244873,1.154181957244873,0
2026-03-20 18:27:00,1.1539939641952517,1.1539939641952517,1.1539939641952517,1.1539939641952517,0
2026-03-20 18:29:00,1.153810977935791,1.153810977935791,1.153810977935791,1.153810977935791,0
2026-03-20 18:31:00,1.1537940502166748,1.1537940502166748,1.1537940502166748,1.1537940502166748,0
2026-03-20 18:33:00,1.153710961341858,1.153710961341858,1.153710961341858,1.153710961341858,0
2026-03-20 18:35:00,1.1536270380020142,1.1536270380020142,1.1536270380020142,1.1536270380020142,0
2026-03-20 18:37:00,1.1536020040512085,1.1536020040512085,1.1536020040512085,1.1536020040512085,0
2026-03-20 18:39:00,1.153538942337036,1.153538942337036,1.153538942337036,1.153538942337036,0
2026-03-20 18:41:00,1.15358304977417,1.15358304977417,1.15358304977417,1.15358304977417,0
2026-03-20 18:43:00,1.1537280082702637,1.1537280082702637,1.1537280082702637,1.1537280082702637,0
2026-03-20 18:45:00,1.1536829471588137,1.1536829471588137,1.1536829471588137,1.1536829471588137,0
2026-03-20 18:47:00,1.153836965560913,1.153836965560913,1.153836965560913,1.153836965560913,0
2026-03-20 18:49:00,1.1539870500564575,1.1539870500564575,1.1539870500564575,1.1539870500564575,0
2026-03-20 18:51:00,1.1537790298461914,1.1537790298461914,1.1537790298461914,1.1537790298461914,0
2026-03-20 18:53:00,1.1537669897079468,1.1537669897079468,1.1537669897079468,1.1537669897079468,0
2026-03-20 18:55:00,1.1539809703826904,1.1539809703826904,1.1539809703826904,1.1539809703826904,0
2026-03-20 18:57:00,1.153900980949402,1.153900980949402,1.153900980949402,1.153900980949402,0
2026-03-20 18:59:00,1.1538029909133911,1.1538029909133911,1.1538029909133911,1.1538029909133911,0
2026-03-20 19:01:00,1.1535329818725586,1.1535329818725586,1.1535329818725586,1.1535329818725586,0
2026-03-20 19:03:00,1.1535199880599976,1.1535199880599976,1.1535199880599976,1.1535199880599976,0
2026-03-20 19:05:00,1.1536149978637695,1.1536149978637695,1.1536149978637695,1.1536149978637695,0
2026-03-20 19:07:00,1.1536920070648191,1.1536920070648191,1.1536920070648191,1.1536920070648191,0
2026-03-20 19:09:00,1.15378999710083,1.15378999710083,1.15378999710083,1.15378999710083,0
2026-03-20 19:11:00,1.153774976730347,1.153774976730347,1.153774976730347,1.153774976730347,0
2026-03-20 19:13:00,1.1538410186767578,1.1538410186767578,1.1538410186767578,1.1538410186767578,0
2026-03-20 19:15:00,1.1539740562438965,1.1539740562438965,1.1539740562438965,1.1539740562438965,0
2026-03-20 19:17:00,1.1539089679718018,1.1539089679718018,1.1539089679718018,1.1539089679718018,0
2026-03-20 19:19:00,1.1539499759674072,1.1539499759674072,1.1539499759674072,1.1539499759674072,0
2026-03-20 19:21:00,1.1538900136947632,1.1538900136947632,1.1538900136947632,1.1538900136947632,0
2026-03-20 19:23:00,1.1538469791412354,1.1538469791412354,1.1538469791412354,1.1538469791412354,0
2026-03-20 19:25:00,1.1538729667663574,1.1538729667663574,1.1538729667663574,1.1538729667663574,0
2026-03-20 19:27:00,1.153885006904602,1.153885006904602,1.153885006904602,1.153885006904602,0
2026-03-20 19:29:00,1.153712034225464,1.153712034225464,1.153712034225464,1.153712034225464,0
2026-03-20 19:31:00,1.1536450386047363,1.1536450386047363,1.1536450386047363,1.1536450386047363,0
2026-03-20 19:33:00,1.15358304977417,1.15358304977417,1.15358304977417,1.15358304977417,0
2026-03-20 19:35:00,1.153594970703125,1.153594970703125,1.153594970703125,1.153594970703125,0
2026-03-20 19:37:00,1.1534479856491089,1.1534479856491089,1.1534479856491089,1.1534479856491089,0
2026-03-20 19:39:00,1.1535459756851196,1.1535459756851196,1.1535459756851196,1.1535459756851196,0
2026-03-20 19:41:00,1.1536149978637695,1.1536149978637695,1.1536149978637695,1.1536149978637695,0
2026-03-20 19:43:00,1.1537410020828247,1.1537410020828247,1.1537410020828247,1.1537410020828247,0
2026-03-20 19:45:00,1.153812050819397,1.153812050819397,1.153812050819397,1.153812050819397,0
2026-03-20 19:47:00,1.1538280248641968,1.1538280248641968,1.1538280248641968,1.1538280248641968,0
2026-03-20 19:49:00,1.153877019882202,1.153877019882202,1.153877019882202,1.153877019882202,0
2026-03-20 19:51:00,1.1537959575653076,1.1537959575653076,1.1537959575653076,1.1537959575653076,0
2026-03-20 19:53:00,1.1539390087127686,1.1539390087127686,1.1539390087127686,1.1539390087127686,0
2026-03-20 19:55:00,1.154175043106079,1.154175043106079,1.154175043106079,1.154175043106079,0
2026-03-20 19:57:00,1.1539469957351685,1.1539469957351685,1.1539469957351685,1.1539469957351685,0
2026-03-20 19:59:00,1.1536149978637695,1.1536149978637695,1.1536149978637695,1.1536149978637695,0
2026-03-20 20:01:00,1.1536920070648191,1.1536920070648191,1.1536920070648191,1.1536920070648191,0
2026-03-20 20:03:00,1.1536890268325806,1.1536890268325806,1.1536890268325806,1.1536890268325806,0
2026-03-20 20:05:00,1.1536849737167358,1.1536849737167358,1.1536849737167358,1.1536849737167358,0
2026-03-20 20:07:00,1.1536070108413696,1.1536070108413696,1.1536070108413696,1.1536070108413696,0
2026-03-20 20:09:00,1.1535450220108032,1.1535450220108032,1.1535450220108032,1.1535450220108032,0
2026-03-20 20:11:00,1.1535170078277588,1.1535170078277588,1.1535170078277588,1.1535170078277588,0
2026-03-20 20:13:00,1.1535769701004028,1.1535769701004028,1.1535769701004028,1.1535769701004028,0
2026-03-20 20:15:00,1.1533639430999756,1.1533639430999756,1.1533639430999756,1.1533639430999756,0
2026-03-20 20:17:00,1.1533969640731812,1.1533969640731812,1.1533969640731812,1.1533969640731812,0
2026-03-20 20:19:00,1.1533160209655762,1.1533160209655762,1.1533160209655762,1.1533160209655762,0
2026-03-20 20:21:00,1.1532939672470093,1.1532939672470093,1.1532939672470093,1.1532939672470093,0
2026-03-20 20:23:00,1.1533160209655762,1.1533160209655762,1.1533160209655762,1.1533160209655762,0
2026-03-20 20:25:00,1.1533880233764648,1.1533880233764648,1.1533880233764648,1.1533880233764648,0
2026-03-20 20:27:00,1.1533570289611816,1.1533570289611816,1.1533570289611816,1.1533570289611816,0
2026-03-20 20:29:00,1.1532520055770874,1.1532520055770874,1.1532520055770874,1.1532520055770874,0
2026-03-20 20:31:00,1.1533210277557373,1.1533210277557373,1.1533210277557373,1.1533210277557373,0
2026-03-20 20:33:00,1.1533119678497314,1.1533119678497314,1.1533119678497314,1.1533119678497314,0
2026-03-20 20:35:00,1.1532490253448486,1.1532490253448486,1.1532490253448486,1.1532490253448486,0
2026-03-20 20:37:00,1.1532139778137207,1.1532139778137207,1.1532139778137207,1.1532139778137207,0
2026-03-20 20:39:00,1.1531800031661987,1.1531800031661987,1.1531800031661987,1.1531800031661987,0
2026-03-20 20:41:00,1.1534639596939087,1.1534639596939087,1.1534639596939087,1.1534639596939087,0
2026-03-20 20:43:00,1.1535149812698364,1.1535149812698364,1.1535149812698364,1.1535149812698364,0
2026-03-20 20:45:00,1.1534769535064695,1.1534769535064695,1.1534769535064695,1.1534769535064695,0
2026-03-20 20:47:00,1.1534459590911863,1.1534459590911863,1.1534459590911863,1.1534459590911863,0
2026-03-20 20:49:00,1.1534509658813477,1.1534509658813477,1.1534509658813477,1.1534509658813477,0
2026-03-20 20:51:00,1.1532909870147705,1.1532909870147705,1.1532909870147705,1.1532909870147705,0
2026-03-20 20:53:00,1.1532299518585205,1.1532299518585205,1.1532299518585205,1.1532299518585205,0
2026-03-20 20:55:00,1.1533360481262207,1.1533360481262207,1.1533360481262207,1.1533360481262207,0
2026-03-20 20:57:00,1.1531519889831543,1.1531519889831543,1.1531519889831543,1.1531519889831543,0
2026-03-20 20:59:00,1.1529150009155271,1.1529150009155271,1.1529150009155271,1.1529150009155271,0
2026-03-20 21:01:00,1.1529569625854492,1.1529569625854492,1.1529569625854492,1.1529569625854492,0
2026-03-20 21:03:00,1.1529569625854492,1.1529569625854492,1.1529569625854492,1.1529569625854492,0
2026-03-20 21:05:00,1.1529569625854492,1.1529569625854492,1.1529569625854492,1.1529569625854492,0
2026-03-20 21:07:00,1.1529569625854492,1.1529569625854492,1.1529569625854492,1.1529569625854492,0
2026-03-20 21:09:00,1.1529569625854492,1.1529569625854492,1.1529569625854492,1.1529569625854492,0
2026-03-20 21:11:00,1.1529569625854492,1.1529569625854492,1.1529569625854492,1.1529569625854492,0
2026-03-20 21:13:00,1.1529569625854492,1.1529569625854492,1.1529569625854492,1.1529569625854492,0
2026-03-20 21:15:00,1.1527080535888672,1.1527080535888672,1.1527080535888672,1.1527080535888672,0
2026-03-20 21:17:00,1.1527080535888672,1.1527080535888672,1.1527080535888672,1.1527080535888672,0
2026-03-20 21:19:00,1.1527080535888672,1.1527080535888672,1.1527080535888672,1.1527080535888672,0
2026-03-20 21:21:00,1.1527080535888672,1.1527080535888672,1.1527080535888672,1.1527080535888672,0
2026-03-20 21:23:00,1.1527080535888672,1.1527080535888672,1.1527080535888672,1.1527080535888672,0
2026-03-20 21:25:00,1.1527940034866333,1.1527940034866333,1.1527940034866333,1.1527940034866333,0
2026-03-20 21:27:00,1.1527940034866333,1.1527940034866333,1.1527940034866333,1.1527940034866333,0
2026-03-20 21:29:00,1.1527940034866333,1.1527940034866333,1.1527940034866333,1.1527940034866333,0
2026-03-20 21:31:00,1.1527990102767944,1.1527990102767944,1.1527990102767944,1.1527990102767944,0
2026-03-20 21:33:00,1.1527940034866333,1.1527940034866333,1.1527940034866333,1.1527940034866333,0
2026-03-20 21:35:00,1.1527940034866333,1.1527940034866333,1.1527940034866333,1.1527940034866333,0
2026-03-20 21:37:00,1.1527940034866333,1.1527940034866333,1.1527940034866333,1.1527940034866333,0
2026-03-20 21:39:00,1.1527990102767944,1.1527990102767944,1.1527990102767944,1.1527990102767944,0
2026-03-20 21:41:00,1.1527940034866333,1.1527940034866333,1.1527940034866333,1.1527940034866333,0
2026-03-20 21:43:00,1.152819037437439,1.152819037437439,1.152819037437439,1.152819037437439,0
2026-03-20 21:45:00,1.1528140306472778,1.1528140306472778,1.1528140306472778,1.1528140306472778,0
2026-03-20 21:47:00,1.1528140306472778,1.1528140306472778,1.1528140306472778,1.1528140306472778,0
2026-03-20 21:49:00,1.1527940034866333,1.1527940034866333,1.1527940034866333,1.1527940034866333,0
2026-03-20 21:51:00,1.1529990434646606,1.1529990434646606,1.1529990434646606,1.1529990434646606,0
2026-03-20 21:53:00,1.1530430316925049,1.1530430316925049,1.1530430316925049,1.1530430316925049,0
2026-03-20 21:55:00,1.1530430316925049,1.1530430316925049,1.1530430316925049,1.1530430316925049,0
2026-03-20 21:57:00,1.1530430316925049,1.1530430316925049,1.1530430316925049,1.1530430316925049,0
2026-03-20 21:59:00,1.1530430316925049,1.1530430316925049,1.1530430316925049,1.1530430316925049,0
2026-03-20 22:01:00,1.1530430316925049,1.1530430316925049,1.1530430316925049,1.1530430316925049,0
2026-03-20 22:03:00,1.1530430316925049,1.1530430316925049,1.1530430316925049,1.1530430316925049,0
2026-03-20 22:05:00,1.1530430316925049,1.1530430316925049,1.1530430316925049,1.1530430316925049,0
2026-03-20 22:07:00,1.1530430316925049,1.1530430316925049,1.1530430316925049,1.1530430316925049,0
2026-03-20 22:09:00,1.1530430316925049,1.1530430316925049,1.1530430316925049,1.1530430316925049,0
2026-03-20 22:11:00,1.1530430316925049,1.1530430316925049,1.1530430316925049,1.1530430316925049,0
2026-03-20 22:13:00,1.1530430316925049,1.1530430316925049,1.1530430316925049,1.1530430316925049,0
2026-03-20 22:15:00,1.1530430316925049,1.1530430316925049,1.1530430316925049,1.1530430316925049,0
2026-03-20 22:17:00,1.1530430316925049,1.1530430316925049,1.1530430316925049,1.1530430316925049,0
2026-03-20 22:19:00,1.1530430316925049,1.1530430316925049,1.1530430316925049,1.1530430316925049,0
2026-03-20 22:21:00,1.1530430316925049,1.1530430316925049,1.1530430316925049,1.1530430316925049,0
2026-03-20 22:23:00,1.1530430316925049,1.1530430316925049,1.1530430316925049,1.1530430316925049,0
2026-03-20 22:25:00,1.1530430316925049,1.1530430316925049,1.1530430316925049,1.1530430316925049,0
2026-03-20 22:27:00,1.1530430316925049,1.1530430316925049,1.1530430316925049,1.1530430316925049,0
