Datetime,Close,High,Low,Open,Volume
2025-12-29 00:00:00,1.3504207134246826,1.350438952445984,1.350001335144043,1.350001335144043,0
2025-12-29 00:15:00,1.3504570722579956,1.350530028343201,1.3501471281051636,1.3504024744033811,0
2025-12-29 00:30:00,1.3502200841903689,1.350694179534912,1.3502200841903689,1.3504753112792969,0
2025-12-29 00:45:00,1.3508403301239014,1.3508403301239014,1.3502200841903689,1.3502929210662842,0
2025-12-29 01:00:00,1.351022720336914,1.3510591983795166,1.3506578207015991,1.3508219718933103,0
2025-12-29 01:15:00,1.3509132862091064,1.3512052297592163,1.3509132862091064,1.3510043621063232,0
2025-12-29 01:30:00,1.3508403301239014,1.351022720336914,1.350621223449707,1.351022720336914,0
2025-12-29 01:45:00,1.3509680032730105,1.3510775566101074,1.3507490158081057,1.351022720336914,0
2025-12-29 02:00:00,1.350548267364502,1.351040959358215,1.350548267364502,1.350858449935913,0
2025-12-29 02:15:00,1.3504207134246826,1.350530028343201,1.3502565622329712,1.3504207134246826,0
2025-12-29 02:30:00,1.3504753112792969,1.3505666255950928,1.3503658771514893,1.3504936695098877,0
2025-12-29 02:45:00,1.3507490158081057,1.3508949279785156,1.350530028343201,1.350530028343201,0
2025-12-29 03:00:00,1.350621223449707,1.3507671356201172,1.3504936695098877,1.350621223449707,0
2025-12-29 03:15:00,1.3504753112792969,1.350712537765503,1.3504753112792969,1.3506578207015991,0
2025-12-29 03:30:00,1.3508403301239014,1.350858449935913,1.3504936695098877,1.350548267364502,0
2025-12-29 03:45:00,1.3507307767868042,1.351022720336914,1.3507307767868042,1.3508219718933103,0
2025-12-29 04:00:00,1.3501288890838623,1.350639581680298,1.3499102592468262,1.350639581680298,0
2025-12-29 04:15:00,1.350201964378357,1.3502200841903689,1.3499102592468262,1.3501288890838623,0
2025-12-29 04:30:00,1.3501288890838623,1.3504207134246826,1.350074291229248,1.3502565622329712,0
2025-12-29 04:45:00,1.3494912385940552,1.3501288890838623,1.3494912385940552,1.3501288890838623,0
2025-12-29 05:00:00,1.3488178253173828,1.3494548797607422,1.3487813472747805,1.3493092060089111,0
2025-12-29 05:15:00,1.34865403175354,1.3487632274627686,1.348435878753662,1.3487632274627686,0
2025-12-29 05:30:00,1.3492727279663086,1.3492727279663086,1.3487449884414673,1.3487632274627686,0
2025-12-29 05:45:00,1.3491452932357788,1.3494912385940552,1.3491452932357788,1.34929096698761,0
2025-12-29 06:00:00,1.3489269018173218,1.3495094776153564,1.3489269018173218,1.3493638038635254,0
2025-12-29 06:15:00,1.3496370315551758,1.3496370315551758,1.3488359451293943,1.3488359451293943,0
2025-12-29 06:30:00,1.3493638038635254,1.3496005535125732,1.349127173423767,1.3496005535125732,0
2025-12-29 06:45:00,1.349727988243103,1.349727988243103,1.3492363691329956,1.3492727279663086,0
2025-12-29 07:00:00,1.3491089344024658,1.3496370315551758,1.34865403175354,1.349545955657959,0
2025-12-29 07:15:00,1.3487632274627686,1.3494912385940552,1.3487632274627686,1.348945140838623,0
2025-12-29 07:30:00,1.3488178253173828,1.3488905429840088,1.3482539653778076,1.348726749420166,0
2025-12-29 07:45:00,1.3486357927322388,1.348981499671936,1.348363161087036,1.3488905429840088,0
2025-12-29 08:00:00,1.3484721183776855,1.348690390586853,1.3479995727539062,1.3485448360443115,0
2025-12-29 08:15:00,1.3485630750656128,1.3491089344024658,1.3485630750656128,1.3487086296081543,0
2025-12-29 08:30:00,1.3487449884414673,1.348981499671936,1.348435878753662,1.348435878753662,0
2025-12-29 08:45:00,1.3486722707748413,1.3498190641403198,1.3482903242111206,1.3487632274627686,0
2025-12-29 09:00:00,1.3484721183776855,1.3486722707748413,1.3475091457366943,1.3486722707748413,0
2025-12-29 09:15:00,1.3493820428848269,1.3493820428848269,1.3484539985656738,1.3484539985656738,0
2025-12-29 09:30:00,1.349400281906128,1.350621223449707,1.34916353225708,1.3496733903884888,0
2025-12-29 09:45:00,1.3491089344024658,1.3493273258209229,1.34890878200531,1.3491452932357788,0
2025-12-29 10:00:00,1.3499284982681274,1.3499284982681274,1.3490725755691528,1.3490725755691528,0
2025-12-29 10:15:00,1.3502565622329712,1.350603103637695,1.3501653671264648,1.3501653671264648,0
2025-12-29 10:30:00,1.350530028343201,1.350858449935913,1.350074291229248,1.350074291229248,0
2025-12-29 10:45:00,1.3501107692718506,1.3507307767868042,1.3501107692718506,1.3504753112792969,0
2025-12-29 11:00:00,1.3491089344024658,1.3501107692718506,1.3490725755691528,1.3498190641403198,0
2025-12-29 11:15:00,1.349582314491272,1.3497098684310913,1.3492363691329956,1.3492363691329956,0
2025-12-29 11:30:00,1.3510775566101074,1.3510775566101074,1.3497827053070068,1.3497827053070068,0
2025-12-29 11:45:00,1.348981499671936,1.350858449935913,1.348981499671936,1.350858449935913,0
2025-12-29 12:00:00,1.3481086492538452,1.3488359451293943,1.3481086492538452,1.3486357927322388,0
2025-12-29 12:15:00,1.3475091457366943,1.3481086492538452,1.3471097946166992,1.3481086492538452,0
2025-12-29 12:30:00,1.347545504570007,1.3479087352752686,1.3473275899887085,1.3473275899887085,0
2025-12-29 12:45:00,1.3483266830444336,1.3488540649414062,1.3476181030273438,1.347636342048645,0
2025-12-29 13:00:00,1.348726749420166,1.348726749420166,1.348308563232422,1.348435878753662,0
2025-12-29 13:15:00,1.3483994007110596,1.3487632274627686,1.3483994007110596,1.348690390586853,0
2025-12-29 13:30:00,1.3489269018173218,1.3490725755691528,1.3481813669204712,1.3481813669204712,0
2025-12-29 13:45:00,1.3496187925338743,1.3496187925338743,1.3488178253173828,1.3488359451293943,0
2025-12-29 14:00:00,1.3496370315551758,1.349727988243103,1.348690390586853,1.3493820428848269,0
2025-12-29 14:15:00,1.349582314491272,1.349727988243103,1.3488723039627075,1.349727988243103,0
2025-12-29 14:30:00,1.349892020225525,1.350621223449707,1.3496005535125732,1.3496005535125732,0
2025-12-29 14:45:00,1.3501653671264648,1.350694179534912,1.350074291229248,1.350092530250549,0
2025-12-29 15:00:00,1.349727988243103,1.3503477573394775,1.349400281906128,1.3503477573394775,0
2025-12-29 15:15:00,1.3495094776153564,1.349727988243103,1.3488905429840088,1.349727988243103,0
2025-12-29 15:30:00,1.349892020225525,1.3501653671264648,1.3487813472747805,1.3493092060089111,0
2025-12-29 15:45:00,1.3499830961227417,1.3511322736740112,1.349345564842224,1.350639581680298,0
2025-12-29 16:00:00,1.3499102592468262,1.350001335144043,1.3496005535125732,1.349800944328308,0
2025-12-29 16:15:00,1.3488723039627075,1.3499102592468262,1.3488723039627075,1.3499102592468262,0
2025-12-29 16:30:00,1.3496187925338743,1.3496187925338743,1.348726749420166,1.3491452932357788,0
2025-12-29 16:45:00,1.3494548797607422,1.3499102592468262,1.349400281906128,1.349800944328308,0
2025-12-29 17:00:00,1.3491816520690918,1.3495094776153564,1.3488905429840088,1.349400281906128,0
2025-12-29 17:15:00,1.3488359451293943,1.3494731187820437,1.3486357927322388,1.348981499671936,0
2025-12-29 17:30:00,1.3487086296081543,1.3490543365478516,1.348617672920227,1.34890878200531,0
2025-12-29 17:45:00,1.348599553108215,1.3487449884414673,1.3483994007110596,1.3487449884414673,0
2025-12-29 18:00:00,1.3491089344024658,1.3491089344024658,1.3484903573989868,1.3484903573989868,0
2025-12-29 18:15:00,1.3495094776153564,1.3495094776153564,1.349127173423767,1.34916353225708,0
2025-12-29 18:30:00,1.349199891090393,1.3496005535125732,1.349199891090393,1.3494912385940552,0
2025-12-29 18:45:00,1.349127173423767,1.3494548797607422,1.349127173423767,1.3492727279663086,0
2025-12-29 19:00:00,1.3493092060089111,1.3493092060089111,1.3489997386932373,1.3490543365478516,0
2025-12-29 19:15:00,1.3498190641403198,1.349892020225525,1.3491816520690918,1.3491816520690918,0
2025-12-29 19:30:00,1.3502200841903689,1.350311279296875,1.3499102592468262,1.3499102592468262,0
2025-12-29 19:45:00,1.3507307767868042,1.3508219718933103,1.350074291229248,1.3501288890838623,0
2025-12-29 20:00:00,1.3508949279785156,1.3510043621063232,1.3507307767868042,1.3508949279785156,0
2025-12-29 20:15:00,1.350530028343201,1.3509132862091064,1.350438952445984,1.350858449935913,0
2025-12-29 20:30:00,1.3503477573394775,1.3506578207015991,1.3503477573394775,1.350548267364502,0
2025-12-29 20:45:00,1.3504753112792969,1.3504753112792969,1.3502565622329712,1.3503477573394775,0
2025-12-29 21:00:00,1.3508219718933103,1.3509862422943115,1.3504570722579956,1.3504570722579956,0
2025-12-29 21:15:00,1.3512600660324097,1.3514426946640017,1.3507671356201172,1.350785493850708,0
2025-12-29 21:30:00,1.3509314060211182,1.351387858390808,1.3509132862091064,1.3512418270111084,0
2025-12-29 21:45:00,1.3513330221176147,1.3515522480010986,1.3508949279785156,1.3509496450424194,0
2025-12-29 22:00:00,1.3504024744033811,1.3511505126953125,1.350311279296875,1.3508403301239014,0
2025-12-29 22:15:00,1.3509314060211182,1.3509314060211182,1.3504570722579956,1.350511908531189,0
2025-12-29 22:30:00,1.350712537765503,1.3510043621063232,1.350712537765503,1.3509680032730105,0
2025-12-29 22:45:00,1.3502200841903689,1.350712537765503,1.350074291229248,1.350712537765503,0
2025-12-29 23:00:00,1.350639581680298,1.3510043621063232,1.350548267364502,1.3508949279785156,0
2025-12-29 23:15:00,1.350694179534912,1.3508949279785156,1.350694179534912,1.3508949279785156,0
2025-12-29 23:30:00,1.3508403301239014,1.3509314060211182,1.350694179534912,1.3508219718933103,0
2025-12-29 23:45:00,1.3509314060211182,1.3509496450424194,1.3508403301239014,1.350858449935913,0
2025-12-30 00:00:00,1.3509680032730105,1.3510591983795166,1.350858449935913,1.3509680032730105,0
2025-12-30 00:15:00,1.3509862422943115,1.351022720336914,1.3508766889572144,1.3508766889572144,0
2025-12-30 00:30:00,1.3504936695098877,1.3509680032730105,1.3504936695098877,1.3509680032730105,0
2025-12-30 00:45:00,1.350438952445984,1.350584864616394,1.3501288890838623,1.3505666255950928,0
2025-12-30 01:00:00,1.3502748012542725,1.3502748012542725,1.349892020225525,1.350074291229248,0
2025-12-30 01:15:00,1.3499284982681274,1.3504570722579956,1.3499102592468262,1.3501288890838623,0
2025-12-30 01:30:00,1.350584864616394,1.350584864616394,1.3500195741653442,1.3500195741653442,0
2025-12-30 01:45:00,1.3508949279785156,1.3508949279785156,1.3505666255950928,1.350584864616394,0
2025-12-30 02:00:00,1.350603103637695,1.3512052297592163,1.3504936695098877,1.3509862422943115,0
2025-12-30 02:15:00,1.35023832321167,1.350621223449707,1.350183606147766,1.350511908531189,0
2025-12-30 02:30:00,1.3501653671264648,1.3503658771514893,1.3501288890838623,1.350183606147766,0
2025-12-30 02:45:00,1.350311279296875,1.3504936695098877,1.350201964378357,1.350201964378357,0
2025-12-30 03:00:00,1.35023832321167,1.3504024744033811,1.3500378131866455,1.3502929210662842,0
2025-12-30 03:15:00,1.350584864616394,1.350584864616394,1.3502748012542725,1.3502748012542725,0
2025-12-30 03:30:00,1.350621223449707,1.3507490158081057,1.350621223449707,1.350639581680298,0
2025-12-30 03:45:00,1.350584864616394,1.3507671356201172,1.350511908531189,1.3506760597229004,0
2025-12-30 04:00:00,1.3505666255950928,1.3507671356201172,1.3504570722579956,1.3505666255950928,0
2025-12-30 04:15:00,1.3508037328720093,1.350858449935913,1.3506578207015991,1.350694179534912,0
2025-12-30 04:30:00,1.351022720336914,1.351022720336914,1.350785493850708,1.3508219718933103,0
2025-12-30 04:45:00,1.3510775566101074,1.3511322736740112,1.3508766889572144,1.3510043621063232,0
2025-12-30 05:00:00,1.3515340089797974,1.3516801595687866,1.3511687517166138,1.3511687517166138,0
2025-12-30 05:15:00,1.3516253232955933,1.3517532348632812,1.3513696193695068,1.351515769958496,0
2025-12-30 05:30:00,1.3515340089797974,1.3517167568206787,1.3514792919158936,1.3514792919158936,0
2025-12-30 05:45:00,1.3515522480010986,1.3515704870224,1.3512418270111084,1.3513696193695068,0
2025-12-30 06:00:00,1.351917743682861,1.351917743682861,1.3515887260437012,1.3516253232955933,0
2025-12-30 06:15:00,1.3512965440750122,1.3521369695663452,1.3512965440750122,1.3519359827041626,0
2025-12-30 06:30:00,1.351917743682861,1.351917743682861,1.351314902305603,1.351387858390808,0
2025-12-30 06:45:00,1.3516618013381958,1.3518811464309692,1.3516253232955933,1.3517532348632812,0
2025-12-30 07:00:00,1.3509680032730105,1.3514243364334106,1.3508219718933103,1.3514060974121094,0
2025-12-30 07:15:00,1.3504207134246826,1.3512235879898071,1.3502200841903689,1.3512235879898071,0
2025-12-30 07:30:00,1.3503295183181765,1.350548267364502,1.3501288890838623,1.3504024744033811,0
2025-12-30 07:45:00,1.350621223449707,1.3506760597229004,1.350183606147766,1.3502565622329712,0
2025-12-30 08:00:00,1.3507490158081057,1.3510591983795166,1.3506578207015991,1.3508949279785156,0
2025-12-30 08:15:00,1.351186990737915,1.3514426946640017,1.3508403301239014,1.3510043621063232,0
2025-12-30 08:30:00,1.3514609336853027,1.351826310157776,1.3512600660324097,1.3512600660324097,0
2025-12-30 08:45:00,1.3509496450424194,1.3512235879898071,1.350858449935913,1.3512235879898071,0
2025-12-30 09:00:00,1.35111403465271,1.3514609336853027,1.3509862422943115,1.3510775566101074,0
2025-12-30 09:15:00,1.3517714738845823,1.3519359827041626,1.351314902305603,1.351314902305603,0
2025-12-30 09:30:00,1.3513696193695068,1.3518445491790771,1.3510956764221191,1.3518445491790771,0
2025-12-30 09:45:00,1.3515704870224,1.3518445491790771,1.3514426946640017,1.351515769958496,0
2025-12-30 10:00:00,1.3518993854522705,1.3522284030914309,1.3515522480010986,1.3515522480010986,0
2025-12-30 10:15:00,1.3521188497543335,1.3522284030914309,1.351807951927185,1.351807951927185,0
2025-12-30 10:30:00,1.3525760173797607,1.3530884981155396,1.3522284030914309,1.3522284030914309,0
2025-12-30 10:45:00,1.3521736860275269,1.3524478673934937,1.352027416229248,1.3524478673934937,0
2025-12-30 11:00:00,1.3524113893508911,1.3524844646453855,1.351826310157776,1.3521736860275269,0
2025-12-30 11:15:00,1.3514974117279053,1.352338194847107,1.3514974117279053,1.352338194847107,0
2025-12-30 11:30:00,1.350694179534912,1.351515769958496,1.350603103637695,1.3514426946640017,0
2025-12-30 11:45:00,1.3504753112792969,1.3508219718933103,1.3504753112792969,1.3508037328720093,0
2025-12-30 12:00:00,1.350603103637695,1.350639581680298,1.3498555421829224,1.3503477573394775,0
2025-12-30 12:15:00,1.350438952445984,1.3504570722579956,1.350092530250549,1.3504207134246826,0
2025-12-30 12:30:00,1.3503658771514893,1.3508037328720093,1.3503658771514893,1.350621223449707,0
2025-12-30 12:45:00,1.349727988243103,1.3502200841903689,1.3495094776153564,1.3501288890838623,0
2025-12-30 13:00:00,1.3496187925338743,1.3497098684310913,1.3494184017181396,1.3497098684310913,0
2025-12-30 13:15:00,1.349400281906128,1.3499284982681274,1.3493820428848269,1.3499284982681274,0
2025-12-30 13:30:00,1.3491452932357788,1.3496005535125732,1.3488723039627075,1.3492181301116943,0
2025-12-30 13:45:00,1.3488723039627075,1.3497098684310913,1.3487995862960815,1.3491816520690918,0
2025-12-30 14:00:00,1.348126769065857,1.3486357927322388,1.348126769065857,1.3485630750656128,0
2025-12-30 14:15:00,1.3478723764419556,1.3488178253173828,1.3478723764419556,1.3482903242111206,0
2025-12-30 14:30:00,1.3475091457366943,1.3483449220657349,1.347472906112671,1.3477997779846191,0
2025-12-30 14:45:00,1.3477089405059814,1.3481086492538452,1.347182273864746,1.3473457098007202,0
2025-12-30 15:00:00,1.346221089363098,1.3477997779846191,1.346221089363098,1.3477997779846191,0
2025-12-30 15:15:00,1.3453338146209717,1.3460761308670044,1.3452612161636353,1.3460761308670044,0
2025-12-30 15:30:00,1.3460761308670044,1.3460761308670044,1.3451164960861206,1.3451164960861206,0
2025-12-30 15:45:00,1.347400188446045,1.3474183082580566,1.3457320928573608,1.34623920917511,0
2025-12-30 16:00:00,1.3464930057525637,1.347472906112671,1.3463842868804932,1.347472906112671,0
2025-12-30 16:15:00,1.3473094701766968,1.3477270603179932,1.3466744422912598,1.3466744422912598,0
2025-12-30 16:30:00,1.3478904962539673,1.348308563232422,1.3472912311553955,1.347400188446045,0
2025-12-30 16:45:00,1.3477089405059814,1.3482903242111206,1.3477089405059814,1.3480178117752075,0
2025-12-30 17:00:00,1.3469645977020264,1.347781538963318,1.3469645977020264,1.3477634191513062,0
2025-12-30 17:15:00,1.347182273864746,1.3475091457366943,1.34689199924469,1.346928358078003,0
2025-12-30 17:30:00,1.3468376398086548,1.3472368717193604,1.346692442893982,1.347164273262024,0
2025-12-30 17:45:00,1.3470189571380615,1.347091555595398,1.3466380834579468,1.346765160560608,0
2025-12-30 18:00:00,1.3473275899887085,1.347400188446045,1.3468738794326782,1.3469645977020264,0
2025-12-30 18:15:00,1.3474183082580566,1.347472906112671,1.347182273864746,1.3473457098007202,0
2025-12-30 18:30:00,1.3470189571380615,1.3473820686340332,1.3469464778900146,1.3473820686340332,0
2025-12-30 18:45:00,1.3468557596206665,1.3472368717193604,1.3466018438339231,1.3469102382659912,0
2025-12-30 19:00:00,1.34678316116333,1.3468557596206665,1.34645676612854,1.346692442893982,0
2025-12-30 19:15:00,1.347127914428711,1.3473094701766968,1.3469645977020264,1.3470735549926758,0
2025-12-30 19:30:00,1.34689199924469,1.3472005128860474,1.3466380834579468,1.3472005128860474,0
2025-12-30 19:45:00,1.346619963645935,1.3470189571380615,1.3462755680084229,1.3470189571380615,0
2025-12-30 20:00:00,1.3465293645858765,1.3467106819152832,1.3464386463165283,1.3467106819152832,0
2025-12-30 20:15:00,1.3467469215393066,1.3468012809753418,1.3465473651885986,1.3465473651885986,0
2025-12-30 20:30:00,1.3465473651885986,1.3467469215393066,1.34645676612854,1.346728801727295,0
2025-12-30 20:45:00,1.34623920917511,1.3465112447738647,1.346221089363098,1.34645676612854,0
2025-12-30 21:00:00,1.3468012809753418,1.3469102382659912,1.3464205265045166,1.3464205265045166,0
2025-12-30 21:15:00,1.346692442893982,1.34689199924469,1.3465837240219116,1.3468738794326782,0
2025-12-30 21:30:00,1.346728801727295,1.3469464778900146,1.3466744422912598,1.3466744422912598,0
2025-12-30 21:45:00,1.3470009565353394,1.3470009565353394,1.346728801727295,1.346728801727295,0
2025-12-30 22:00:00,1.3466562032699585,1.3470553159713743,1.3464748859405518,1.3470553159713743,0
2025-12-30 22:15:00,1.3466562032699585,1.3467469215393066,1.3465293645858765,1.3466744422912598,0
2025-12-30 22:30:00,1.3466562032699585,1.3467469215393066,1.3466018438339231,1.346692442893982,0
2025-12-30 22:45:00,1.3466018438339231,1.3468012809753418,1.3465112447738647,1.3466380834579468,0
2025-12-30 23:00:00,1.34678316116333,1.34678316116333,1.3465656042099,1.3465656042099,0
2025-12-30 23:15:00,1.346619963645935,1.346728801727295,1.346619963645935,1.346728801727295,0
2025-12-30 23:30:00,1.346692442893982,1.3467106819152832,1.3463842868804932,1.3467106819152832,0
2025-12-30 23:45:00,1.3466744422912598,1.346728801727295,1.3464930057525637,1.3465837240219116,0
2025-12-31 00:00:00,1.3466380834579468,1.346819519996643,1.3464205265045166,1.346819519996643,0
2025-12-31 00:15:00,1.3465112447738647,1.3466018438339231,1.3464205265045166,1.3465473651885986,0
2025-12-31 00:30:00,1.3461849689483645,1.3465112447738647,1.346166729927063,1.3465112447738647,0
2025-12-31 00:45:00,1.3464024066925049,1.3464024066925049,1.345913052558899,1.346166729927063,0
2025-12-31 01:00:00,1.3465112447738647,1.3465473651885986,1.3461486101150513,1.3464748859405518,0
2025-12-31 01:15:00,1.3465112447738647,1.346619963645935,1.3463842868804932,1.3465837240219116,0
2025-12-31 01:30:00,1.3464930057525637,1.3466562032699585,1.3463118076324463,1.3464024066925049,0
2025-12-31 01:45:00,1.346166729927063,1.3466380834579468,1.346166729927063,1.3466380834579468,0
2025-12-31 02:00:00,1.346221089363098,1.3462574481964111,1.346058011054993,1.3461124897003174,0
2025-12-31 02:15:00,1.346166729927063,1.346329927444458,1.346094250679016,1.3461486101150513,0
2025-12-31 02:30:00,1.3462755680084229,1.3464386463165283,1.346166729927063,1.3461849689483645,0
2025-12-31 02:45:00,1.346166729927063,1.3464205265045166,1.346166729927063,1.346329927444458,0
2025-12-31 03:00:00,1.3463661670684814,1.3463661670684814,1.346166729927063,1.3461849689483645,0
2025-12-31 03:15:00,1.3462755680084229,1.3462755680084229,1.3461124897003174,1.3462755680084229,0
2025-12-31 03:30:00,1.34623920917511,1.3464024066925049,1.346221089363098,1.346329927444458,0
2025-12-31 03:45:00,1.3465473651885986,1.3465656042099,1.346221089363098,1.34623920917511,0
2025-12-31 04:00:00,1.346293568611145,1.34645676612854,1.34623920917511,1.3463480472564695,0
2025-12-31 04:15:00,1.3461849689483645,1.3463480472564695,1.3461849689483645,1.346293568611145,0
2025-12-31 04:30:00,1.345949411392212,1.346293568611145,1.345876932144165,1.346166729927063,0
2025-12-31 04:45:00,1.345876932144165,1.345949411392212,1.3457863330841064,1.3459312915802002,0
2025-12-31 05:00:00,1.3461124897003174,1.3461849689483645,1.3458950519561768,1.3458950519561768,0
2025-12-31 05:15:00,1.3463118076324463,1.346329927444458,1.3459312915802002,1.3461124897003174,0
2025-12-31 05:30:00,1.3462574481964111,1.3462574481964111,1.3460036516189575,1.3462574481964111,0
2025-12-31 05:45:00,1.346094250679016,1.3463118076324463,1.3458950519561768,1.3462574481964111,0
2025-12-31 06:00:00,1.3455508947372437,1.3459675312042236,1.3454604148864746,1.3459675312042236,0
2025-12-31 06:15:00,1.345677614212036,1.3457139730453491,1.3453699350357056,1.345587134361267,0
2025-12-31 06:30:00,1.3459855318069458,1.3461124897003174,1.345677614212036,1.345677614212036,0
2025-12-31 06:45:00,1.3458406925201416,1.346130609512329,1.3458406925201416,1.346058011054993,0
2025-12-31 07:00:00,1.3453155755996704,1.3459675312042236,1.3453155755996704,1.34582257270813,0
2025-12-31 07:15:00,1.3455146551132202,1.3456594944000244,1.345279335975647,1.345279335975647,0
2025-12-31 07:30:00,1.345695734024048,1.3458044528961182,1.3453518152236938,1.3454604148864746,0
2025-12-31 07:45:00,1.34582257270813,1.346058011054993,1.3457320928573608,1.3457682132720947,0
2025-12-31 08:00:00,1.3459312915802002,1.3465293645858765,1.345695734024048,1.345695734024048,0
2025-12-31 08:15:00,1.3448090553283691,1.3460400104522705,1.3444474935531616,1.3460400104522705,0
2025-12-31 08:30:00,1.3442305326461792,1.3447909355163574,1.3439234495162964,1.3447909355163574,0
2025-12-31 08:45:00,1.3430570363998413,1.3441402912139893,1.3428045511245728,1.3441402912139893,0
2025-12-31 09:00:00,1.342930793762207,1.3433457612991333,1.3426424264907837,1.3429489135742188,0
2025-12-31 09:15:00,1.3436344861984253,1.3438512086868286,1.3426964282989502,1.342984914779663,0
2025-12-31 09:30:00,1.343742847442627,1.3438512086868286,1.343562364578247,1.3438512086868286,0
2025-12-31 09:45:00,1.3437789678573608,1.34442937374115,1.3437789678573608,1.3441221714019775,0
2025-12-31 10:00:00,1.343562364578247,1.3438873291015625,1.343418002128601,1.3438873291015625,0
2025-12-31 10:15:00,1.3434901237487793,1.3437608480453491,1.3434540033340454,1.3435803651809692,0
2025-12-31 10:30:00,1.3434540033340454,1.3438150882720947,1.3433998823165894,1.3435442447662354,0
2025-12-31 10:45:00,1.3438873291015625,1.3438873291015625,1.3433817625045776,1.343418002128601,0
2025-12-31 11:00:00,1.3443208932876587,1.3443208932876587,1.3437970876693726,1.344194412231445,0
2025-12-31 11:15:00,1.3450803756713867,1.3451346158981323,1.3446282148361206,1.3446282148361206,0
2025-12-31 11:30:00,1.3456414937973022,1.3456414937973022,1.3448090553283691,1.3450080156326294,0
2025-12-31 11:45:00,1.345532774925232,1.345695734024048,1.3451164960861206,1.3456052541732788,0
2025-12-31 12:00:00,1.3453155755996704,1.3459312915802002,1.3448271751403809,1.345876932144165,0
2025-12-31 12:15:00,1.3456414937973022,1.3460761308670044,1.3454604148864746,1.3454604148864746,0
2025-12-31 12:30:00,1.3463118076324463,1.3464748859405518,1.3456594944000244,1.34582257270813,0
2025-12-31 12:45:00,1.34678316116333,1.3468376398086548,1.346329927444458,1.346329927444458,0
2025-12-31 13:00:00,1.3466562032699585,1.3470371961593628,1.3465473651885986,1.346819519996643,0
2025-12-31 13:15:00,1.3470553159713743,1.347636342048645,1.3468012809753418,1.346928358078003,0
2025-12-31 13:30:00,1.3454241752624512,1.3465473651885986,1.3453518152236938,1.3465473651885986,0
2025-12-31 13:45:00,1.3454785346984863,1.3456052541732788,1.3449175357818604,1.345532774925232,0
2025-12-31 14:00:00,1.345062255859375,1.3453338146209717,1.3446462154388428,1.3453338146209717,0
2025-12-31 14:15:00,1.3445016145706177,1.3449898958206177,1.344483494758606,1.344935655593872,0
2025-12-31 14:30:00,1.3442847728729248,1.3448452949523926,1.344194412231445,1.3445016145706177,0
2025-12-31 14:45:00,1.343418002128601,1.344194412231445,1.343418002128601,1.344194412231445,0
2025-12-31 15:00:00,1.3410038948059082,1.3428946733474731,1.3408960103988647,1.3428946733474731,0
2025-12-31 15:15:00,1.3412017822265625,1.341327667236328,1.3402849435806274,1.3411117792129517,0
2025-12-31 15:30:00,1.343075156211853,1.343075156211853,1.3416156768798828,1.3416156768798828,0
2025-12-31 15:45:00,1.3452250957489014,1.345279335975647,1.34217369556427,1.3433277606964111,0
2025-12-31 16:00:00,1.345858812332153,1.3459312915802002,1.3449898958206177,1.3449898958206177,0
2025-12-31 16:15:00,1.345858812332153,1.3460400104522705,1.3452612161636353,1.3456414937973022,0
2025-12-31 16:30:00,1.3444112539291382,1.345695734024048,1.3443028926849363,1.345695734024048,0
2025-12-31 16:45:00,1.3446282148361206,1.3446282148361206,1.3439595699310305,1.3443931341171265,0
2025-12-31 17:00:00,1.3443028926849363,1.3446282148361206,1.344031810760498,1.3445378541946411,0
2025-12-31 17:15:00,1.344971776008606,1.3450984954833984,1.3443390130996704,1.3443390130996704,0
2025-12-31 17:30:00,1.3447729349136353,1.345152735710144,1.3447729349136353,1.3449898958206177,0
2025-12-31 17:45:00,1.3452250957489014,1.3456233739852903,1.3448090553283691,1.3449536561965942,0
2025-12-31 18:00:00,1.345496654510498,1.3457139730453491,1.3448452949523926,1.345243215560913,0
2025-12-31 18:15:00,1.3453338146209717,1.345750093460083,1.344971776008606,1.345750093460083,0
2025-12-31 18:30:00,1.3452612161636353,1.345569133758545,1.3452612161636353,1.345279335975647,0
2025-12-31 18:45:00,1.3453338146209717,1.3453699350357056,1.345062255859375,1.345243215560913,0
2025-12-31 19:00:00,1.3457320928573608,1.3457682132720947,1.345496654510498,1.3456594944000244,0
2025-12-31 19:15:00,1.3454785346984863,1.3456233739852903,1.345406174659729,1.3455146551132202,0
2025-12-31 19:30:00,1.3457682132720947,1.3457682132720947,1.3453699350357056,1.3454785346984863,0
2025-12-31 19:45:00,1.3460400104522705,1.3460400104522705,1.3455146551132202,1.3457320928573608,0
2025-12-31 20:00:00,1.3469102382659912,1.3469102382659912,1.346166729927063,1.3463480472564695,0
2025-12-31 20:15:00,1.3473275899887085,1.3473457098007202,1.3468376398086548,1.34689199924469,0
2025-12-31 20:30:00,1.3476725816726685,1.3477089405059814,1.3472731113433838,1.3473275899887085,0
2025-12-31 20:45:00,1.3480722904205322,1.3481448888778689,1.3470553159713743,1.3476543426513672,0
2025-12-31 21:00:00,1.3478360176086426,1.348381280899048,1.3476725816726685,1.348308563232422,0
2025-12-31 21:15:00,1.3477270603179932,1.3479268550872805,1.3476181030273438,1.3478360176086426,0
2025-12-31 21:30:00,1.3477270603179932,1.3477997779846191,1.3476543426513672,1.3477451801300049,0
2025-12-31 21:45:00,1.3474364280700684,1.3477089405059814,1.3474183082580566,1.3477089405059814,0
2025-12-31 22:00:00,1.3474183082580566,1.3479995727539062,1.3473094701766968,1.3473094701766968,0
2025-12-31 22:15:00,1.3474183082580566,1.3474183082580566,1.3474183082580566,1.3474183082580566,0
2025-12-31 22:30:00,1.3474183082580566,1.3474183082580566,1.3474183082580566,1.3474183082580566,0
2025-12-31 23:45:00,1.3474183082580566,1.3474183082580566,1.3474183082580566,1.3474183082580566,0
2026-01-01 00:00:00,1.3474183082580566,1.3474183082580566,1.3474183082580566,1.3474183082580566,0
2026-01-01 00:15:00,1.3474183082580566,1.3474183082580566,1.3474183082580566,1.3474183082580566,0
2026-01-01 01:00:00,1.3474183082580566,1.3474183082580566,1.3474183082580566,1.3474183082580566,0
2026-01-01 01:15:00,1.3474183082580566,1.3474183082580566,1.3474183082580566,1.3474183082580566,0
2026-01-01 04:30:00,1.3474183082580566,1.3474183082580566,1.3474183082580566,1.3474183082580566,0
2026-01-01 04:45:00,1.3474183082580566,1.3474183082580566,1.3474183082580566,1.3474183082580566,0
2026-01-01 05:00:00,1.3474183082580566,1.3474183082580566,1.3474183082580566,1.3474183082580566,0
2026-01-01 10:00:00,1.3474183082580566,1.3474183082580566,1.3474183082580566,1.3474183082580566,0
2026-01-01 10:15:00,1.3474183082580566,1.3474183082580566,1.3474183082580566,1.3474183082580566,0
2026-01-01 10:30:00,1.3474183082580566,1.3474183082580566,1.3474183082580566,1.3474183082580566,0
2026-01-01 18:00:00,1.3457863330841064,1.3457863330841064,1.3456414937973022,1.3456414937973022,0
2026-01-01 18:15:00,1.3457863330841064,1.3457863330841064,1.3457863330841064,1.3457863330841064,0
2026-01-01 18:30:00,1.3457863330841064,1.3457863330841064,1.3457863330841064,1.3457863330841064,0
2026-01-01 22:00:00,1.3465112447738647,1.3480722904205322,1.3464024066925049,1.3480722904205322,0
2026-01-01 22:15:00,1.3467106819152832,1.346928358078003,1.3461849689483645,1.346765160560608,0
2026-01-01 22:30:00,1.3465656042099,1.3470009565353394,1.3465112447738647,1.3465112447738647,0
2026-01-01 22:45:00,1.3470553159713743,1.347218632698059,1.346329927444458,1.3465473651885986,0
2026-01-01 23:00:00,1.347182273864746,1.3476725816726685,1.347182273864746,1.3476725816726685,0
2026-01-01 23:15:00,1.3472005128860474,1.3473275899887085,1.347127914428711,1.3472368717193604,0
2026-01-01 23:30:00,1.3474364280700684,1.3474546670913696,1.3472912311553955,1.3472912311553955,0
2026-01-01 23:45:00,1.3473275899887085,1.347400188446045,1.347182273864746,1.347400188446045,0
2026-01-02 00:00:00,1.3475817441940308,1.3476543426513672,1.347363829612732,1.3474546670913696,0
2026-01-02 00:15:00,1.3473275899887085,1.347563624382019,1.3472368717193604,1.347563624382019,0
2026-01-02 00:30:00,1.3476543426513672,1.3476907014846802,1.3474546670913696,1.3474546670913696,0
2026-01-02 00:45:00,1.3481813669204712,1.3482722043991089,1.3477270603179932,1.3477270603179932,0
2026-01-02 01:00:00,1.348235845565796,1.3485448360443115,1.3480722904205322,1.348235845565796,0
2026-01-02 01:15:00,1.348435878753662,1.348435878753662,1.3481813669204712,1.3482539653778076,0
2026-01-02 01:30:00,1.3484176397323608,1.3485448360443115,1.3483266830444336,1.3485267162322998,0
2026-01-02 01:45:00,1.3487813472747805,1.3487813472747805,1.3483994007110596,1.348435878753662,0
2026-01-02 02:00:00,1.3490906953811646,1.3491452932357788,1.348945140838623,1.348981499671936,0
2026-01-02 02:15:00,1.3488905429840088,1.3490543365478516,1.3488178253173828,1.3490543365478516,0
2026-01-02 02:30:00,1.3488359451293943,1.3488540649414062,1.348726749420166,1.3488540649414062,0
2026-01-02 02:45:00,1.3488540649414062,1.3488540649414062,1.348726749420166,1.3487632274627686,0
2026-01-02 03:00:00,1.3489269018173218,1.3490360975265503,1.3488178253173828,1.3489633798599243,0
2026-01-02 03:15:00,1.3488540649414062,1.34890878200531,1.348581314086914,1.34890878200531,0
2026-01-02 03:30:00,1.3486722707748413,1.3487995862960815,1.3485267162322998,1.3487995862960815,0
2026-01-02 03:45:00,1.3486357927322388,1.3489633798599243,1.348599553108215,1.34865403175354,0
2026-01-02 04:00:00,1.348508596420288,1.3487995862960815,1.348508596420288,1.3487449884414673,0
2026-01-02 04:15:00,1.348126769065857,1.3485267162322998,1.348126769065857,1.3485267162322998,0
2026-01-02 04:30:00,1.3479995727539062,1.3481086492538452,1.3479450941085815,1.3481086492538452,0
2026-01-02 04:45:00,1.3479268550872805,1.3480722904205322,1.3479087352752686,1.3480178117752075,0
2026-01-02 05:00:00,1.3478178977966309,1.3478904962539673,1.3477270603179932,1.3478360176086426,0
2026-01-02 05:15:00,1.3480178117752075,1.3481086492538452,1.3479995727539062,1.3480722904205322,0
2026-01-02 05:30:00,1.3478178977966309,1.3480722904205322,1.3478178977966309,1.347981333732605,0
2026-01-02 05:45:00,1.3472005128860474,1.3479450941085815,1.3470735549926758,1.3479450941085815,0
2026-01-02 06:00:00,1.3466018438339231,1.3470553159713743,1.3465837240219116,1.3470553159713743,0
2026-01-02 06:15:00,1.3465473651885986,1.3466562032699585,1.3464024066925049,1.346619963645935,0
2026-01-02 06:30:00,1.3466380834579468,1.346728801727295,1.3464205265045166,1.3464205265045166,0
2026-01-02 06:45:00,1.3468557596206665,1.3469645977020264,1.346619963645935,1.3466380834579468,0
2026-01-02 07:00:00,1.346819519996643,1.3470189571380615,1.346619963645935,1.346819519996643,0
2026-01-02 07:15:00,1.3465837240219116,1.34689199924469,1.3465473651885986,1.34678316116333,0
2026-01-02 07:30:00,1.3460218906402588,1.3464024066925049,1.345858812332153,1.3464024066925049,0
2026-01-02 07:45:00,1.3466380834579468,1.3466380834579468,1.3458950519561768,1.3461124897003174,0
2026-01-02 08:00:00,1.34645676612854,1.3465656042099,1.3458406925201416,1.3464930057525637,0
2026-01-02 08:15:00,1.3455508947372437,1.3463118076324463,1.3453880548477173,1.3463118076324463,0
2026-01-02 08:30:00,1.3453155755996704,1.345695734024048,1.3453155755996704,1.345695734024048,0
2026-01-02 08:45:00,1.345496654510498,1.3455508947372437,1.3450441360473633,1.3451164960861206,0
2026-01-02 09:00:00,1.3459855318069458,1.3461486101150513,1.3452612161636353,1.3456594944000244,0
2026-01-02 09:15:00,1.346221089363098,1.3464205265045166,1.3456233739852903,1.3456233739852903,0
2026-01-02 09:30:00,1.34623920917511,1.34623920917511,1.345695734024048,1.345695734024048,0
2026-01-02 09:45:00,1.345532774925232,1.346203088760376,1.345532774925232,1.3461849689483645,0
2026-01-02 10:00:00,1.3451346158981323,1.3457682132720947,1.3451346158981323,1.3454785346984863,0
2026-01-02 10:15:00,1.3446102142333984,1.345406174659729,1.3446102142333984,1.3453518152236938,0
2026-01-02 10:30:00,1.344971776008606,1.344971776008606,1.3445016145706177,1.3447185754776,0
2026-01-02 10:45:00,1.345152735710144,1.3453338146209717,1.3445558547973633,1.3448994159698486,0
2026-01-02 11:00:00,1.3441040515899658,1.3452250957489014,1.3441040515899658,1.3450441360473633,0
2026-01-02 11:15:00,1.343742847442627,1.3445197343826294,1.3434721231460571,1.344212532043457,0
2026-01-02 11:30:00,1.3440680503845217,1.344212532043457,1.3435803651809692,1.3435803651809692,0
2026-01-02 11:45:00,1.3441402912139893,1.3444112539291382,1.3436344861984253,1.3440136909484863,0
2026-01-02 12:00:00,1.344881296157837,1.344971776008606,1.3441582918167114,1.3441582918167114,0
2026-01-02 12:15:00,1.34442937374115,1.3449175357818604,1.34442937374115,1.344881296157837,0
2026-01-02 12:30:00,1.344357132911682,1.3443751335144043,1.3438873291015625,1.3441582918167114,0
2026-01-02 12:45:00,1.3445920944213867,1.3446102142333984,1.3441582918167114,1.3443028926849363,0
2026-01-02 13:00:00,1.3448271751403809,1.344971776008606,1.3443028926849363,1.3445920944213867,0
2026-01-02 13:15:00,1.3452069759368896,1.3457863330841064,1.344700574874878,1.344881296157837,0
2026-01-02 13:30:00,1.345532774925232,1.3456233739852903,1.3447729349136353,1.3451346158981323,0
2026-01-02 13:45:00,1.3458950519561768,1.3458950519561768,1.3454604148864746,1.3454604148864746,0
2026-01-02 14:00:00,1.3458406925201416,1.345949411392212,1.3456052541732788,1.3458044528961182,0
2026-01-02 14:15:00,1.3465656042099,1.3466562032699585,1.345406174659729,1.3457863330841064,0
2026-01-02 14:30:00,1.3460761308670044,1.3464748859405518,1.3456052541732788,1.3464748859405518,0
2026-01-02 14:45:00,1.3465656042099,1.3465656042099,1.346130609512329,1.346166729927063,0
2026-01-02 15:00:00,1.3475817441940308,1.3477089405059814,1.346692442893982,1.346765160560608,0
2026-01-02 15:15:00,1.3477451801300049,1.3478360176086426,1.3472548723220823,1.3475998640060425,0
2026-01-02 15:30:00,1.3488178253173828,1.3488540649414062,1.3475998640060425,1.3476907014846802,0
2026-01-02 15:45:00,1.3497462272644043,1.3501471281051636,1.3489269018173218,1.348981499671936,0
2026-01-02 16:00:00,1.3491816520690918,1.3498555421829224,1.349127173423767,1.3498190641403198,0
2026-01-02 16:15:00,1.349127173423767,1.3493820428848269,1.34890878200531,1.349254488945007,0
2026-01-02 16:30:00,1.348308563232422,1.349199891090393,1.348308563232422,1.3491452932357788,0
2026-01-02 16:45:00,1.3477451801300049,1.3480722904205322,1.3474183082580566,1.3480722904205322,0
2026-01-02 17:00:00,1.347472906112671,1.3478360176086426,1.347182273864746,1.3478360176086426,0
2026-01-02 17:15:00,1.347636342048645,1.3477634191513062,1.3472912311553955,1.347527265548706,0
2026-01-02 17:30:00,1.3468012809753418,1.3477089405059814,1.3468012809753418,1.3477089405059814,0
2026-01-02 17:45:00,1.3463842868804932,1.3469102382659912,1.346221089363098,1.3469102382659912,0
2026-01-02 18:00:00,1.3457320928573608,1.346329927444458,1.3457320928573608,1.346293568611145,0
2026-01-02 18:15:00,1.3457320928573608,1.3460036516189575,1.345532774925232,1.345532774925232,0
2026-01-02 18:30:00,1.3452974557876587,1.345569133758545,1.3449175357818604,1.3455508947372437,0
2026-01-02 18:45:00,1.3452069759368896,1.345243215560913,1.3447185754776,1.3451708555221558,0
2026-01-02 19:00:00,1.345243215560913,1.345243215560913,1.3448090553283691,1.3451164960861206,0
2026-01-02 19:15:00,1.345188856124878,1.3453518152236938,1.3448994159698486,1.345188856124878,0
2026-01-02 19:30:00,1.345243215560913,1.3452974557876587,1.3450080156326294,1.3451164960861206,0
2026-01-02 19:45:00,1.3455146551132202,1.3457320928573608,1.3452250957489014,1.3454241752624512,0
2026-01-02 20:00:00,1.3453338146209717,1.3457139730453491,1.3450441360473633,1.3454241752624512,0
2026-01-02 20:15:00,1.3456594944000244,1.3457320928573608,1.3453518152236938,1.3453518152236938,0
2026-01-02 20:30:00,1.3454785346984863,1.345677614212036,1.3454785346984863,1.3456414937973022,0
2026-01-02 20:45:00,1.345750093460083,1.345750093460083,1.3453338146209717,1.345442295074463,0
2026-01-02 21:00:00,1.346130609512329,1.34623920917511,1.345913052558899,1.345913052558899,0
2026-01-02 21:15:00,1.346203088760376,1.34623920917511,1.3460761308670044,1.3461486101150513,0
2026-01-02 21:30:00,1.3460400104522705,1.346728801727295,1.3460400104522705,1.346293568611145,0
2026-01-02 21:45:00,1.346166729927063,1.34623920917511,1.3457320928573608,1.346130609512329,0
2026-01-02 22:00:00,1.346293568611145,1.346293568611145,1.346293568611145,1.346293568611145,0
2026-01-02 22:15:00,1.346293568611145,1.346293568611145,1.346293568611145,1.346293568611145,0
2026-01-05 00:00:00,1.3443390130996704,1.3447909355163574,1.344212532043457,1.3443208932876587,0
2026-01-05 00:15:00,1.3445378541946411,1.3447185754776,1.3442305326461792,1.3442847728729248,0
2026-01-05 00:30:00,1.344212532043457,1.3446102142333984,1.344085931777954,1.3446102142333984,0
2026-01-05 00:45:00,1.344357132911682,1.34442937374115,1.3440136909484863,1.344194412231445,0
2026-01-05 01:00:00,1.3442305326461792,1.3445197343826294,1.3440136909484863,1.344212532043457,0
2026-01-05 01:15:00,1.3442305326461792,1.3448994159698486,1.3442305326461792,1.3444112539291382,0
2026-01-05 01:30:00,1.3446102142333984,1.3446102142333984,1.344031810760498,1.3441040515899658,0
2026-01-05 01:45:00,1.3440136909484863,1.3447548151016235,1.3439595699310305,1.3446824550628662,0
2026-01-05 02:00:00,1.3438150882720947,1.344194412231445,1.3436164855957031,1.3441582918167114,0
2026-01-05 02:15:00,1.3433817625045776,1.3438873291015625,1.3432375192642212,1.3438873291015625,0
2026-01-05 02:30:00,1.3427504301071167,1.3434901237487793,1.3427504301071167,1.3433637619018557,0
2026-01-05 02:45:00,1.3431472778320312,1.3432555198669434,1.342624306678772,1.342624306678772,0
2026-01-05 03:00:00,1.3428767919540403,1.3435983657836914,1.3428767919540403,1.3433457612991333,0
2026-01-05 03:15:00,1.341813564300537,1.3428586721420288,1.3417595624923706,1.3428586721420288,0
2026-01-05 03:30:00,1.3418315649032593,1.3418855667114258,1.341525673866272,1.3415615558624268,0
2026-01-05 03:45:00,1.3416695594787598,1.3420476913452148,1.3416695594787598,1.341795563697815,0
2026-01-05 04:00:00,1.3417595624923706,1.3418675661087036,1.3415435552597046,1.3415435552597046,0
2026-01-05 04:15:00,1.3418675661087036,1.3421196937561035,1.341795563697815,1.341795563697815,0
2026-01-05 04:30:00,1.342426061630249,1.3424440622329712,1.3417415618896484,1.3417415618896484,0
2026-01-05 04:45:00,1.3426424264907837,1.3428406715393066,1.3426063060760498,1.3426424264907837,0
2026-01-05 05:00:00,1.3425521850585938,1.3426603078842163,1.342371940612793,1.3425521850585938,0
2026-01-05 05:15:00,1.342930793762207,1.342930793762207,1.342480182647705,1.342480182647705,0
2026-01-05 05:30:00,1.3430390357971191,1.3430931568145752,1.3428406715393066,1.3429127931594849,0
2026-01-05 05:45:00,1.342930793762207,1.3432193994522097,1.342822551727295,1.343075156211853,0
2026-01-05 06:00:00,1.342624306678772,1.343111276626587,1.3422459363937378,1.342930793762207,0
2026-01-05 06:15:00,1.343021035194397,1.343021035194397,1.342570185661316,1.3426424264907837,0
2026-01-05 06:30:00,1.3435261249542236,1.3436344861984253,1.3430029153823853,1.3430029153823853,0
2026-01-05 06:45:00,1.3436344861984253,1.343742847442627,1.3434721231460571,1.343562364578247,0
2026-01-05 07:00:00,1.3430390357971191,1.3436164855957031,1.3428767919540403,1.343562364578247,0
2026-01-05 07:15:00,1.3430931568145752,1.343508243560791,1.343021035194397,1.343021035194397,0
2026-01-05 07:30:00,1.342624306678772,1.3431472778320312,1.3424980640411377,1.3427865505218506,0
2026-01-05 07:45:00,1.3423539400100708,1.3427865505218506,1.342209815979004,1.3423179388046265,0
2026-01-05 08:00:00,1.3426603078842163,1.3428045511245728,1.342011570930481,1.342426061630249,0
2026-01-05 08:15:00,1.3436344861984253,1.3438873291015625,1.342930793762207,1.3429489135742188,0
2026-01-05 08:30:00,1.3424620628356934,1.3435261249542236,1.3424620628356934,1.3434540033340454,0
2026-01-05 08:45:00,1.3425521850585938,1.3428406715393066,1.3424620628356934,1.3427144289016724,0
2026-01-05 09:00:00,1.3424980640411377,1.3430931568145752,1.3423539400100708,1.3427324295043943,0
2026-01-05 09:15:00,1.3432193994522097,1.3434901237487793,1.3427865505218506,1.3427865505218506,0
2026-01-05 09:30:00,1.3428586721420288,1.3433457612991333,1.3426603078842163,1.3431291580200195,0
2026-01-05 09:45:00,1.344357132911682,1.344357132911682,1.3426964282989502,1.3426964282989502,0
2026-01-05 10:00:00,1.344881296157837,1.344935655593872,1.3441221714019775,1.344266653060913,0
2026-01-05 10:15:00,1.3451708555221558,1.3458044528961182,1.3449898958206177,1.3449898958206177,0
2026-01-05 10:30:00,1.3456233739852903,1.3456233739852903,1.3451164960861206,1.3451346158981323,0
2026-01-05 10:45:00,1.3463118076324463,1.3464386463165283,1.345677614212036,1.34582257270813,0
2026-01-05 11:00:00,1.3461486101150513,1.3465473651885986,1.3460400104522705,1.34623920917511,0
2026-01-05 11:15:00,1.3463118076324463,1.3470735549926758,1.346166729927063,1.346692442893982,0
2026-01-05 11:30:00,1.3468738794326782,1.34689199924469,1.3463842868804932,1.3464205265045166,0
2026-01-05 11:45:00,1.3459855318069458,1.3467469215393066,1.345876932144165,1.346619963645935,0
2026-01-05 12:00:00,1.3462574481964111,1.3463661670684814,1.3458044528961182,1.345858812332153,0
2026-01-05 12:15:00,1.3470371961593628,1.3470371961593628,1.3464205265045166,1.3464205265045166,0
2026-01-05 12:30:00,1.3465837240219116,1.3474364280700684,1.3464748859405518,1.3470009565353394,0
2026-01-05 12:45:00,1.3456414937973022,1.346728801727295,1.345406174659729,1.3464024066925049,0
2026-01-05 13:00:00,1.3442305326461792,1.345569133758545,1.3442305326461792,1.345569133758545,0
2026-01-05 13:15:00,1.3432012796401978,1.3440680503845217,1.3432012796401978,1.3440499305725098,0
2026-01-05 13:30:00,1.3430390357971191,1.343418002128601,1.3426063060760498,1.3432193994522097,0
2026-01-05 13:45:00,1.3452974557876587,1.345532774925232,1.3430570363998413,1.3431291580200195,0
2026-01-05 14:00:00,1.3461486101150513,1.3465473651885986,1.3452612161636353,1.3453518152236938,0
2026-01-05 14:15:00,1.3460761308670044,1.3461486101150513,1.3456594944000244,1.3460218906402588,0
2026-01-05 14:30:00,1.3464386463165283,1.3466562032699585,1.3457139730453491,1.3461124897003174,0
2026-01-05 14:45:00,1.3473275899887085,1.347527265548706,1.3465837240219116,1.3465837240219116,0
2026-01-05 15:00:00,1.3481086492538452,1.3482539653778076,1.3474183082580566,1.347563624382019,0
2026-01-05 15:15:00,1.3489633798599243,1.349017858505249,1.3481086492538452,1.348199486732483,0
2026-01-05 15:30:00,1.3495640754699707,1.3496370315551758,1.3488905429840088,1.3489633798599243,0
2026-01-05 15:45:00,1.350311279296875,1.3504024744033811,1.349199891090393,1.3496733903884888,0
2026-01-05 16:00:00,1.3508219718933103,1.3510591983795166,1.3504207134246826,1.350511908531189,0
2026-01-05 16:15:00,1.3514426946640017,1.351698398590088,1.350858449935913,1.3509314060211182,0
2026-01-05 16:30:00,1.352027416229248,1.352027416229248,1.3514426946640017,1.3514426946640017,0
2026-01-05 16:45:00,1.3524662256240845,1.3524844646453855,1.351862907409668,1.351862907409668,0
2026-01-05 17:00:00,1.3527040481567385,1.353179931640625,1.352630853652954,1.352649211883545,0
2026-01-05 17:15:00,1.3536012172698977,1.3538211584091189,1.3527954816818235,1.3527954816818235,0
2026-01-05 17:30:00,1.353179931640625,1.3536012172698977,1.353143334388733,1.3534363508224487,0
2026-01-05 17:45:00,1.3533265590667725,1.3534363508224487,1.3531250953674316,1.353271484375,0
2026-01-05 18:00:00,1.3535096645355225,1.3536195755004885,1.3531067371368408,1.3531067371368408,0
2026-01-05 18:15:00,1.3530151844024658,1.3538762331008911,1.3530151844024658,1.3535096645355225,0
2026-01-05 18:30:00,1.3536012172698977,1.353637933731079,1.3530884981155396,1.3531250953674316,0
2026-01-05 18:45:00,1.3539495468139648,1.3539495468139648,1.3535646200180054,1.3536012172698977,0
2026-01-05 19:00:00,1.3538578748703003,1.3541145324707031,1.3536012172698977,1.3541145324707031,0
2026-01-05 19:15:00,1.354352951049805,1.3544262647628784,1.3538578748703003,1.3538578748703003,0
2026-01-05 19:30:00,1.354316234588623,1.3545364141464231,1.3542795181274414,1.3542795181274414,0
2026-01-05 19:45:00,1.354352951049805,1.3545546531677246,1.354132890701294,1.3544628620147705,0
2026-01-05 20:00:00,1.3545180559158323,1.354628086090088,1.3543713092803955,1.3543713092803955,0
2026-01-05 20:15:00,1.3544628620147705,1.3545913696289062,1.3544262647628784,1.3545546531677246,0
2026-01-05 20:30:00,1.3545364141464231,1.3547013998031616,1.3544446229934692,1.3545180559158323,0
2026-01-05 20:45:00,1.3544262647628784,1.3545913696289062,1.3542795181274414,1.3545180559158323,0
2026-01-05 21:00:00,1.3545546531677246,1.3545730113983154,1.3541511297225952,1.354352951049805,0
2026-01-05 21:15:00,1.354316234588623,1.3548483848571775,1.354316234588623,1.3544996976852417,0
2026-01-05 21:30:00,1.3541145324707031,1.3543895483016968,1.3541145324707031,1.354334592819214,0
2026-01-05 21:45:00,1.3542428016662598,1.3542795181274414,1.3540228605270386,1.3540412187576294,0
2026-01-05 22:00:00,1.354169487953186,1.3542611598968506,1.3540045022964478,1.3540594577789309,0
2026-01-05 22:15:00,1.3542795181274414,1.3543713092803955,1.354132890701294,1.354169487953186,0
2026-01-05 22:30:00,1.3541511297225952,1.354352951049805,1.3540961742401123,1.354224443435669,0
2026-01-05 22:45:00,1.354169487953186,1.354316234588623,1.354132890701294,1.354224443435669,0
2026-01-05 23:00:00,1.3538211584091189,1.354132890701294,1.3537296056747437,1.3541145324707031,0
2026-01-05 23:15:00,1.3537112474441528,1.3538762331008911,1.353692889213562,1.353747844696045,0
2026-01-05 23:30:00,1.3535462617874146,1.3536745309829712,1.3535280227661133,1.3536561727523804,0
2026-01-05 23:45:00,1.3532898426055908,1.3535462617874146,1.3532898426055908,1.3535462617874146,0
2026-01-06 00:00:00,1.353417992591858,1.3535462617874146,1.3533265590667725,1.3535462617874146,0
2026-01-06 00:15:00,1.3531616926193235,1.3535462617874146,1.3531250953674316,1.3535462617874146,0
2026-01-06 00:30:00,1.3530151844024658,1.3532531261444092,1.3529237508773804,1.3532531261444092,0
2026-01-06 00:45:00,1.3536195755004885,1.3536195755004885,1.3529053926467896,1.353051781654358,0
2026-01-06 01:00:00,1.3533265590667725,1.3541145324707031,1.353234887123108,1.353747844696045,0
2026-01-06 01:15:00,1.353747844696045,1.3539495468139648,1.3533447980880735,1.3533447980880735,0
2026-01-06 01:30:00,1.3545180559158323,1.3545180559158323,1.3538395166397097,1.3538395166397097,0
2026-01-06 01:45:00,1.3546831607818604,1.3546831607818604,1.354334592819214,1.3543895483016968,0
2026-01-06 02:00:00,1.3544996976852417,1.3548115491867063,1.3542795181274414,1.3546464443206787,0
2026-01-06 02:15:00,1.3545913696289062,1.354628086090088,1.3544446229934692,1.3544446229934692,0
2026-01-06 02:30:00,1.3548483848571775,1.3548483848571775,1.3544446229934692,1.354628086090088,0
2026-01-06 02:45:00,1.355711579322815,1.355711579322815,1.3547565937042236,1.3547565937042236,0
2026-01-06 03:00:00,1.3552889823913574,1.3557851314544678,1.3551788330078125,1.3556013107299805,0
2026-01-06 03:15:00,1.3555278778076172,1.3557482957839966,1.3552706241607666,1.3553073406219482,0
2026-01-06 03:30:00,1.3561712503433228,1.3562264442443848,1.3554726839065552,1.3555278778076172,0
2026-01-06 03:45:00,1.3559505939483645,1.3561527729034424,1.3558770418167114,1.3561527729034424,0
2026-01-06 04:00:00,1.3559322357177734,1.35609769821167,1.355693221092224,1.35609769821167,0
2026-01-06 04:15:00,1.3559874296188354,1.3562448024749756,1.3558586835861206,1.3559322357177734,0
2026-01-06 04:30:00,1.3556748628616333,1.3561527729034424,1.3556381464004517,1.3560609817504885,0
2026-01-06 04:45:00,1.3556196689605713,1.355766773223877,1.3554543256759644,1.355711579322815,0
2026-01-06 05:00:00,1.3557482957839966,1.355766773223877,1.3555278778076172,1.3555278778076172,0
2026-01-06 05:15:00,1.3556196689605713,1.3557482957839966,1.3555830717086792,1.3556196689605713,0
2026-01-06 05:30:00,1.3551604747772217,1.3556013107299805,1.3551604747772217,1.3555645942687988,0
2026-01-06 05:45:00,1.354976773262024,1.355233907699585,1.354719877243042,1.355233907699585,0
2026-01-06 06:00:00,1.3551788330078125,1.355215549468994,1.354921817779541,1.354921817779541,0
2026-01-06 06:15:00,1.3555094003677368,1.3555094003677368,1.3550502061843872,1.355197191238403,0
2026-01-06 06:30:00,1.3555645942687988,1.355711579322815,1.3554911613464355,1.3555094003677368,0
2026-01-06 06:45:00,1.3556565046310425,1.355821967124939,1.355399250984192,1.355399250984192,0
2026-01-06 07:00:00,1.3556196689605713,1.3567785024642944,1.3556196689605713,1.356208086013794,0
2026-01-06 07:15:00,1.3553073406219482,1.3555830717086792,1.3550318479537964,1.3555645942687988,0
2026-01-06 07:30:00,1.3553624153137207,1.3557482957839966,1.355215549468994,1.355215549468994,0
2026-01-06 07:45:00,1.3550318479537964,1.3554911613464355,1.3547931909561155,1.3554911613464355,0
2026-01-06 08:00:00,1.3561896085739136,1.3565759658813477,1.3550136089324951,1.3550136089324951,0
2026-01-06 08:15:00,1.3553073406219482,1.35664963722229,1.3553073406219482,1.3562264442443848,0
2026-01-06 08:30:00,1.3552522659301758,1.3555278778076172,1.3550318479537964,1.355233907699585,0
2026-01-06 08:45:00,1.3555645942687988,1.3558586835861206,1.3553624153137207,1.355399250984192,0
2026-01-06 09:00:00,1.3547382354736328,1.3554176092147827,1.3547382354736328,1.3554176092147827,0
2026-01-06 09:15:00,1.3546831607818604,1.3550502061843872,1.3545730113983154,1.3549033403396606,0
2026-01-06 09:30:00,1.354334592819214,1.354481220245361,1.3538029193878174,1.354352951049805,0
2026-01-06 09:45:00,1.353747844696045,1.3543713092803955,1.353747844696045,1.354334592819214,0
2026-01-06 10:00:00,1.3535646200180054,1.353931188583374,1.3531067371368408,1.3536745309829712,0
2026-01-06 10:15:00,1.3535462617874146,1.3538211584091189,1.3531250953674316,1.3534363508224487,0
2026-01-06 10:30:00,1.3536012172698977,1.353931188583374,1.3532898426055908,1.3533082008361816,0
2026-01-06 10:45:00,1.3533447980880735,1.3538029193878174,1.3533082008361816,1.3538029193878174,0
2026-01-06 11:00:00,1.3526674509048462,1.3533997535705566,1.3524478673934937,1.353033423423767,0
2026-01-06 11:15:00,1.3525028228759766,1.3526124954223633,1.352100491523743,1.3526124954223633,0
2026-01-06 11:30:00,1.3525211811065674,1.3528321981430054,1.3524662256240845,1.3526124954223633,0
2026-01-06 11:45:00,1.352100491523743,1.352539300918579,1.351862907409668,1.352539300918579,0
2026-01-06 12:00:00,1.3529419898986816,1.3529419898986816,1.3524113893508911,1.3524113893508911,0
2026-01-06 12:15:00,1.3522467613220217,1.3528138399124146,1.3522467613220217,1.352685809135437,0
2026-01-06 12:30:00,1.351607084274292,1.3522833585739136,1.3514792919158936,1.3520638942718506,0
2026-01-06 12:45:00,1.3512600660324097,1.3517167568206787,1.3509680032730105,1.3517167568206787,0
2026-01-06 13:00:00,1.3514792919158936,1.351698398590088,1.3507490158081057,1.3510591983795166,0
2026-01-06 13:15:00,1.3514974117279053,1.351917743682861,1.3512052297592163,1.3514243364334106,0
2026-01-06 13:30:00,1.3518993854522705,1.3522651195526123,1.3515340089797974,1.3515340089797974,0
2026-01-06 13:45:00,1.3524296283721924,1.3524296283721924,1.3516801595687866,1.351917743682861,0
2026-01-06 14:00:00,1.3529053926467896,1.353417992591858,1.3525028228759766,1.3525028228759766,0
2026-01-06 14:15:00,1.3518993854522705,1.3529785871505735,1.351643681526184,1.3529785871505735,0
2026-01-06 14:30:00,1.351807951927185,1.3527222871780396,1.351807951927185,1.352100491523743,0
2026-01-06 14:45:00,1.352685809135437,1.3531616926193235,1.352685809135437,1.3531616926193235,0
2026-01-06 15:00:00,1.3512418270111084,1.3525760173797607,1.351022720336914,1.3525760173797607,0
2026-01-06 15:15:00,1.3500378131866455,1.35111403465271,1.3499284982681274,1.3510591983795166,0
2026-01-06 15:30:00,1.3501288890838623,1.3503295183181765,1.3495277166366575,1.350183606147766,0
2026-01-06 15:45:00,1.3508037328720093,1.3508037328720093,1.3497098684310913,1.3504936695098877,0
2026-01-06 16:00:00,1.3498190641403198,1.3509314060211182,1.3494184017181396,1.3509314060211182,0
2026-01-06 16:15:00,1.3499284982681274,1.3501288890838623,1.349727988243103,1.349837303161621,0
2026-01-06 16:30:00,1.3499830961227417,1.3501653671264648,1.3495640754699707,1.3495640754699707,0
2026-01-06 16:45:00,1.34969162940979,1.34969162940979,1.349345564842224,1.3494912385940552,0
2026-01-06 17:00:00,1.3499102592468262,1.3500195741653442,1.3494184017181396,1.3496551513671875,0
2026-01-06 17:15:00,1.3503658771514893,1.350603103637695,1.3499830961227417,1.3499830961227417,0
2026-01-06 17:30:00,1.350603103637695,1.3506578207015991,1.3502748012542725,1.3504753112792969,0
2026-01-06 17:45:00,1.3510591983795166,1.3510591983795166,1.350712537765503,1.3509132862091064,0
2026-01-06 18:00:00,1.3508949279785156,1.3512052297592163,1.3508949279785156,1.3512052297592163,0
2026-01-06 18:15:00,1.3506578207015991,1.3509132862091064,1.350511908531189,1.3509132862091064,0
2026-01-06 18:30:00,1.3503295183181765,1.350438952445984,1.350001335144043,1.3503841161727903,0
2026-01-06 18:45:00,1.3499102592468262,1.3503295183181765,1.349892020225525,1.3502200841903689,0
2026-01-06 19:00:00,1.34929096698761,1.3499102592468262,1.34929096698761,1.3499102592468262,0
2026-01-06 19:15:00,1.3494912385940552,1.3496370315551758,1.349400281906128,1.3494184017181396,0
2026-01-06 19:30:00,1.349727988243103,1.349727988243103,1.349345564842224,1.3493820428848269,0
2026-01-06 19:45:00,1.350074291229248,1.350074291229248,1.349582314491272,1.3496370315551758,0
2026-01-06 20:00:00,1.3502200841903689,1.350311279296875,1.3501288890838623,1.3502748012542725,0
2026-01-06 20:15:00,1.350201964378357,1.3503477573394775,1.3501107692718506,1.3503295183181765,0
2026-01-06 20:30:00,1.3504936695098877,1.350584864616394,1.350201964378357,1.350201964378357,0
2026-01-06 20:45:00,1.350092530250549,1.3505666255950928,1.350092530250549,1.3505666255950928,0
2026-01-06 21:00:00,1.3499830961227417,1.3499830961227417,1.3498190641403198,1.3498555421829224,0
2026-01-06 21:15:00,1.3500195741653442,1.3501653671264648,1.3499102592468262,1.350001335144043,0
2026-01-06 21:30:00,1.3501288890838623,1.3501288890838623,1.3499102592468262,1.350001335144043,0
2026-01-06 21:45:00,1.3501653671264648,1.3502929210662842,1.3501107692718506,1.3501107692718506,0
2026-01-06 22:00:00,1.3501653671264648,1.3506578207015991,1.3501471281051636,1.350621223449707,0
2026-01-06 22:15:00,1.3499467372894287,1.350001335144043,1.3496370315551758,1.349892020225525,0
2026-01-06 22:30:00,1.3498555421829224,1.350074291229248,1.3498555421829224,1.3499830961227417,0
2026-01-06 22:45:00,1.350092530250549,1.3501107692718506,1.3499102592468262,1.350092530250549,0
2026-01-06 23:00:00,1.3502748012542725,1.3503841161727903,1.350183606147766,1.350201964378357,0
2026-01-06 23:15:00,1.350311279296875,1.3503841161727903,1.3502200841903689,1.3502565622329712,0
2026-01-06 23:30:00,1.350183606147766,1.3503477573394775,1.3501653671264648,1.3502929210662842,0
2026-01-06 23:45:00,1.3500559329986572,1.3502748012542725,1.3499648571014404,1.3501471281051636,0
2026-01-07 00:00:00,1.3500559329986572,1.350311279296875,1.349892020225525,1.350311279296875,0
2026-01-07 00:15:00,1.3501107692718506,1.3502565622329712,1.350001335144043,1.350074291229248,0
2026-01-07 00:30:00,1.3502200841903689,1.350530028343201,1.350001335144043,1.350001335144043,0
2026-01-07 00:45:00,1.35023832321167,1.3504936695098877,1.350074291229248,1.350201964378357,0
2026-01-07 01:00:00,1.3502929210662842,1.3504936695098877,1.3502565622329712,1.3504207134246826,0
2026-01-07 01:15:00,1.3502748012542725,1.3502748012542725,1.3501107692718506,1.35023832321167,0
2026-01-07 01:30:00,1.3509132862091064,1.3509496450424194,1.35023832321167,1.3502748012542725,0
2026-01-07 01:45:00,1.350639581680298,1.351022720336914,1.350603103637695,1.3509314060211182,0
2026-01-07 02:00:00,1.351186990737915,1.351387858390808,1.3507671356201172,1.3507671356201172,0
2026-01-07 02:15:00,1.350858449935913,1.3512418270111084,1.3508403301239014,1.3512418270111084,0
2026-01-07 02:30:00,1.3512235879898071,1.351278305053711,1.3508219718933103,1.3509132862091064,0
2026-01-07 02:45:00,1.3510591983795166,1.3512052297592163,1.3509496450424194,1.3511322736740112,0
2026-01-07 03:00:00,1.3512418270111084,1.3512965440750122,1.3511322736740112,1.3512052297592163,0
2026-01-07 03:15:00,1.3514609336853027,1.3515704870224,1.3512052297592163,1.3512052297592163,0
2026-01-07 03:30:00,1.3515522480010986,1.3517167568206787,1.3514792919158936,1.3514792919158936,0
2026-01-07 03:45:00,1.351515769958496,1.3517167568206787,1.3514609336853027,1.3514609336853027,0
2026-01-07 04:00:00,1.3512052297592163,1.3516618013381958,1.3511322736740112,1.3514426946640017,0
2026-01-07 04:15:00,1.3508219718933103,1.3512052297592163,1.350785493850708,1.3512052297592163,0
2026-01-07 04:30:00,1.350858449935913,1.3509314060211182,1.350694179534912,1.3508766889572144,0
2026-01-07 04:45:00,1.3505666255950928,1.3509314060211182,1.3504753112792969,1.3509314060211182,0
2026-01-07 05:00:00,1.3506760597229004,1.3509862422943115,1.3505666255950928,1.350584864616394,0
2026-01-07 05:15:00,1.350530028343201,1.3508766889572144,1.350530028343201,1.3507490158081057,0
2026-01-07 05:30:00,1.350639581680298,1.350785493850708,1.3504024744033811,1.3504024744033811,0
2026-01-07 05:45:00,1.3508403301239014,1.3509132862091064,1.3504570722579956,1.350712537765503,0
2026-01-07 06:00:00,1.3507307767868042,1.3510043621063232,1.350438952445984,1.3509314060211182,0
2026-01-07 06:15:00,1.3510043621063232,1.3510043621063232,1.3506578207015991,1.3507307767868042,0
2026-01-07 06:30:00,1.3508037328720093,1.3510775566101074,1.350785493850708,1.3510775566101074,0
2026-01-07 06:45:00,1.351387858390808,1.3517167568206787,1.3505666255950928,1.350603103637695,0
2026-01-07 07:00:00,1.3512235879898071,1.3516618013381958,1.3512235879898071,1.3514426946640017,0
2026-01-07 07:15:00,1.3502565622329712,1.3511322736740112,1.3502565622329712,1.3509496450424194,0
2026-01-07 07:30:00,1.3499102592468262,1.350311279296875,1.3495277166366575,1.350201964378357,0
2026-01-07 07:45:00,1.3493092060089111,1.349800944328308,1.3492363691329956,1.349800944328308,0
2026-01-07 08:00:00,1.3487449884414673,1.3490725755691528,1.34865403175354,1.3490725755691528,0
2026-01-07 08:15:00,1.3486357927322388,1.3491089344024658,1.3486357927322388,1.3488178253173828,0
2026-01-07 08:30:00,1.34890878200531,1.349800944328308,1.348617672920227,1.3487449884414673,0
2026-01-07 08:45:00,1.3497098684310913,1.3497098684310913,1.3488723039627075,1.3488723039627075,0
2026-01-07 09:00:00,1.3489997386932373,1.3498190641403198,1.3489633798599243,1.34969162940979,0
2026-01-07 09:15:00,1.3495277166366575,1.3495277166366575,1.348690390586853,1.3487632274627686,0
2026-01-07 09:30:00,1.3493638038635254,1.349436640739441,1.3489997386932373,1.349345564842224,0
2026-01-07 09:45:00,1.3494731187820437,1.3494912385940552,1.3489997386932373,1.349199891090393,0
2026-01-07 10:00:00,1.3499284982681274,1.3499284982681274,1.3494912385940552,1.3494912385940552,0
2026-01-07 10:15:00,1.350074291229248,1.3501471281051636,1.3496370315551758,1.3498555421829224,0
2026-01-07 10:30:00,1.35023832321167,1.350311279296875,1.349800944328308,1.3499467372894287,0
2026-01-07 10:45:00,1.3498190641403198,1.350438952445984,1.3498190641403198,1.3502200841903689,0
2026-01-07 11:00:00,1.3499284982681274,1.3500195741653442,1.3493638038635254,1.3498555421829224,0
2026-01-07 11:15:00,1.3501653671264648,1.350584864616394,1.3498555421829224,1.3498555421829224,0
2026-01-07 11:30:00,1.3499648571014404,1.3501288890838623,1.3496370315551758,1.3501288890838623,0
2026-01-07 11:45:00,1.3501107692718506,1.3502200841903689,1.3499284982681274,1.3499284982681274,0
2026-01-07 12:00:00,1.3495277166366575,1.3502565622329712,1.3494912385940552,1.350183606147766,0
2026-01-07 12:15:00,1.3488540649414062,1.3496551513671875,1.348690390586853,1.3496005535125732,0
2026-01-07 12:30:00,1.3488723039627075,1.3493092060089111,1.3487813472747805,1.3489997386932373,0
2026-01-07 12:45:00,1.3492363691329956,1.3493273258209229,1.3489997386932373,1.3490906953811646,0
2026-01-07 13:00:00,1.3484176397323608,1.3489997386932373,1.3484176397323608,1.3489997386932373,0
2026-01-07 13:15:00,1.3493092060089111,1.3493092060089111,1.348581314086914,1.348581314086914,0
2026-01-07 13:30:00,1.349837303161621,1.350001335144043,1.3489633798599243,1.3492181301116943,0
2026-01-07 13:45:00,1.3495094776153564,1.349800944328308,1.3493273258209229,1.3494912385940552,0
2026-01-07 14:00:00,1.3490543365478516,1.3496370315551758,1.34890878200531,1.3496370315551758,0
2026-01-07 14:15:00,1.3486722707748413,1.3489997386932373,1.348435878753662,1.3488905429840088,0
2026-01-07 14:30:00,1.349727988243103,1.349800944328308,1.348726749420166,1.3488905429840088,0
2026-01-07 14:45:00,1.350092530250549,1.350092530250549,1.3494731187820437,1.3494731187820437,0
2026-01-07 15:00:00,1.3482722043991089,1.3497098684310913,1.3482722043991089,1.3489633798599243,0
2026-01-07 15:15:00,1.3487813472747805,1.3487813472747805,1.347636342048645,1.3479268550872805,0
2026-01-07 15:30:00,1.3490725755691528,1.3494912385940552,1.3488723039627075,1.3489633798599243,0
2026-01-07 15:45:00,1.3480722904205322,1.3489633798599243,1.347400188446045,1.3489633798599243,0
2026-01-07 16:00:00,1.3470735549926758,1.3485630750656128,1.3470735549926758,1.3484176397323608,0
2026-01-07 16:15:00,1.347363829612732,1.3475091457366943,1.3471460342407229,1.3472548723220823,0
2026-01-07 16:30:00,1.3475091457366943,1.3475998640060425,1.347182273864746,1.3474546670913696,0
2026-01-07 16:45:00,1.347164273262024,1.3473457098007202,1.3470009565353394,1.3472731113433838,0
2026-01-07 17:00:00,1.3472368717193604,1.3478904962539673,1.347218632698059,1.3474546670913696,0
2026-01-07 17:15:00,1.347182273864746,1.3472912311553955,1.3470371961593628,1.347091555595398,0
2026-01-07 17:30:00,1.3473820686340332,1.3473820686340332,1.3470189571380615,1.3472548723220823,0
2026-01-07 17:45:00,1.3474183082580566,1.3477089405059814,1.347164273262024,1.347472906112671,0
2026-01-07 18:00:00,1.347182273864746,1.3473275899887085,1.3469102382659912,1.3470189571380615,0
2026-01-07 18:15:00,1.3469464778900146,1.3472005128860474,1.3469102382659912,1.347182273864746,0
2026-01-07 18:30:00,1.347218632698059,1.3473457098007202,1.346982717514038,1.346982717514038,0
2026-01-07 18:45:00,1.3470189571380615,1.347363829612732,1.3470009565353394,1.3470009565353394,0
2026-01-07 19:00:00,1.3465656042099,1.3470735549926758,1.3464386463165283,1.3470371961593628,0
2026-01-07 19:15:00,1.3464024066925049,1.346619963645935,1.346293568611145,1.346619963645935,0
2026-01-07 19:30:00,1.3465837240219116,1.346692442893982,1.3463842868804932,1.3464205265045166,0
2026-01-07 19:45:00,1.3466018438339231,1.346765160560608,1.3465293645858765,1.3465837240219116,0
2026-01-07 20:00:00,1.3464930057525637,1.346819519996643,1.3464930057525637,1.3465112447738647,0
2026-01-07 20:15:00,1.3464205265045166,1.3466562032699585,1.3464205265045166,1.3464386463165283,0
2026-01-07 20:30:00,1.3464748859405518,1.3465293645858765,1.3463480472564695,1.3463661670684814,0
2026-01-07 20:45:00,1.3463842868804932,1.34645676612854,1.3462755680084229,1.3463661670684814,0
2026-01-07 21:00:00,1.3462755680084229,1.346293568611145,1.3461486101150513,1.3462755680084229,0
2026-01-07 21:15:00,1.3460761308670044,1.3463118076324463,1.3460400104522705,1.34623920917511,0
2026-01-07 21:30:00,1.3460036516189575,1.3460400104522705,1.3457863330841064,1.3460400104522705,0
2026-01-07 21:45:00,1.3458406925201416,1.3460218906402588,1.34582257270813,1.3459675312042236,0
2026-01-07 22:00:00,1.346166729927063,1.3463118076324463,1.345949411392212,1.3461849689483645,0
2026-01-07 22:15:00,1.346130609512329,1.3461486101150513,1.3459675312042236,1.3461124897003174,0
2026-01-07 22:30:00,1.3463118076324463,1.3463842868804932,1.346130609512329,1.346203088760376,0
2026-01-07 22:45:00,1.3460761308670044,1.3463480472564695,1.3459855318069458,1.3463480472564695,0
2026-01-07 23:00:00,1.3459675312042236,1.3459675312042236,1.3456052541732788,1.345858812332153,0
2026-01-07 23:15:00,1.34582257270813,1.3458950519561768,1.3458044528961182,1.345858812332153,0
2026-01-07 23:30:00,1.3457682132720947,1.34582257270813,1.345677614212036,1.3457682132720947,0
2026-01-07 23:45:00,1.3458950519561768,1.3458950519561768,1.345750093460083,1.3457863330841064,0
2026-01-08 00:00:00,1.345913052558899,1.346094250679016,1.345876932144165,1.345876932144165,0
2026-01-08 00:15:00,1.3458044528961182,1.3459855318069458,1.345695734024048,1.3459855318069458,0
2026-01-08 00:30:00,1.3458406925201416,1.3459312915802002,1.3458044528961182,1.3458044528961182,0
2026-01-08 00:45:00,1.3458950519561768,1.3460218906402588,1.3457139730453491,1.3457863330841064,0
2026-01-08 01:00:00,1.345858812332153,1.3461124897003174,1.3458044528961182,1.3458044528961182,0
2026-01-08 01:15:00,1.3457139730453491,1.346094250679016,1.3457139730453491,1.3458950519561768,0
2026-01-08 01:30:00,1.3454785346984863,1.3457682132720947,1.3453699350357056,1.3457682132720947,0
2026-01-08 01:45:00,1.3456233739852903,1.3457139730453491,1.345442295074463,1.3455508947372437,0
2026-01-08 02:00:00,1.3453880548477173,1.3457139730453491,1.3453699350357056,1.3457139730453491,0
2026-01-08 02:15:00,1.3453155755996704,1.3453880548477173,1.345152735710144,1.3453880548477173,0
2026-01-08 02:30:00,1.345858812332153,1.3458950519561768,1.3453338146209717,1.3453338146209717,0
2026-01-08 02:45:00,1.3458044528961182,1.3459312915802002,1.345587134361267,1.345913052558899,0
2026-01-08 03:00:00,1.3460218906402588,1.346166729927063,1.3457320928573608,1.3457320928573608,0
2026-01-08 03:15:00,1.3463842868804932,1.3463842868804932,1.3459675312042236,1.3459675312042236,0
2026-01-08 03:30:00,1.346329927444458,1.3466018438339231,1.3462755680084229,1.3463661670684814,0
2026-01-08 03:45:00,1.3463842868804932,1.3464386463165283,1.346221089363098,1.3462755680084229,0
2026-01-08 04:00:00,1.3461849689483645,1.3463661670684814,1.3460761308670044,1.3463118076324463,0
2026-01-08 04:15:00,1.3461124897003174,1.3463842868804932,1.3461124897003174,1.346293568611145,0
2026-01-08 04:30:00,1.346203088760376,1.346203088760376,1.345913052558899,1.346058011054993,0
2026-01-08 04:45:00,1.3460761308670044,1.3461849689483645,1.3459855318069458,1.346166729927063,0
2026-01-08 05:00:00,1.3456233739852903,1.3460761308670044,1.345587134361267,1.3460761308670044,0
2026-01-08 05:15:00,1.345496654510498,1.345569133758545,1.345406174659729,1.345496654510498,0
2026-01-08 05:30:00,1.3457139730453491,1.345913052558899,1.3453155755996704,1.3454785346984863,0
2026-01-08 05:45:00,1.345913052558899,1.3460036516189575,1.345587134361267,1.345695734024048,0
2026-01-08 06:00:00,1.3457320928573608,1.345858812332153,1.3455146551132202,1.345858812332153,0
2026-01-08 06:15:00,1.345406174659729,1.3457139730453491,1.345279335975647,1.3457139730453491,0
2026-01-08 06:30:00,1.3458406925201416,1.3458950519561768,1.345587134361267,1.3456594944000244,0
2026-01-08 06:45:00,1.3460218906402588,1.3461849689483645,1.3456414937973022,1.34582257270813,0
2026-01-08 07:00:00,1.3453518152236938,1.3460218906402588,1.345243215560913,1.3460218906402588,0
2026-01-08 07:15:00,1.3451708555221558,1.345442295074463,1.3451708555221558,1.345243215560913,0
2026-01-08 07:30:00,1.3452974557876587,1.3457863330841064,1.3451346158981323,1.3451346158981323,0
2026-01-08 07:45:00,1.3447185754776,1.3454241752624512,1.3447185754776,1.3452612161636353,0
2026-01-08 08:00:00,1.3443028926849363,1.3445920944213867,1.3439956903457642,1.3443931341171265,0
2026-01-08 08:15:00,1.3440680503845217,1.3446102142333984,1.343977689743042,1.3442847728729248,0
2026-01-08 08:30:00,1.3441040515899658,1.3443028926849363,1.3437248468399048,1.344194412231445,0
2026-01-08 08:45:00,1.3439054489135742,1.3439956903457642,1.3436344861984253,1.343977689743042,0
2026-01-08 09:00:00,1.3441762924194336,1.344573974609375,1.3438150882720947,1.3438150882720947,0
2026-01-08 09:15:00,1.3439234495162964,1.344483494758606,1.3439234495162964,1.3443028926849363,0
2026-01-08 09:30:00,1.3436707258224487,1.3439595699310305,1.3436707258224487,1.3439414501190186,0
2026-01-08 09:45:00,1.3438512086868286,1.3438512086868286,1.3433998823165894,1.3436164855957031,0
2026-01-08 10:00:00,1.3444112539291382,1.3444474935531616,1.3438512086868286,1.3439956903457642,0
2026-01-08 10:15:00,1.3441402912139893,1.3444112539291382,1.3436164855957031,1.3444112539291382,0
2026-01-08 10:30:00,1.3443208932876587,1.3445197343826294,1.3441040515899658,1.3441582918167114,0
2026-01-08 10:45:00,1.3447548151016235,1.3447548151016235,1.344194412231445,1.34442937374115,0
2026-01-08 11:00:00,1.3448452949523926,1.3450441360473633,1.3446824550628662,1.3447548151016235,0
2026-01-08 11:15:00,1.3447185754776,1.3449175357818604,1.3445197343826294,1.3448452949523926,0
2026-01-08 11:30:00,1.3447729349136353,1.3447729349136353,1.344483494758606,1.344573974609375,0
2026-01-08 11:45:00,1.3445378541946411,1.3450803756713867,1.3445378541946411,1.3447366952896118,0
2026-01-08 12:00:00,1.344266653060913,1.3447729349136353,1.344266653060913,1.3445378541946411,0
2026-01-08 12:15:00,1.3443931341171265,1.3443931341171265,1.344194412231445,1.344248652458191,0
2026-01-08 12:30:00,1.344031810760498,1.3444112539291382,1.3439054489135742,1.3444112539291382,0
2026-01-08 12:45:00,1.3438150882720947,1.3443208932876587,1.3438150882720947,1.344031810760498,0
2026-01-08 13:00:00,1.3440680503845217,1.3441762924194336,1.343742847442627,1.3440499305725098,0
2026-01-08 13:15:00,1.3443931341171265,1.3447548151016235,1.3438873291015625,1.3439595699310305,0
2026-01-08 13:30:00,1.3431833982467651,1.344357132911682,1.3431833982467651,1.344357132911682,0
2026-01-08 13:45:00,1.342426061630249,1.342984914779663,1.3416695594787598,1.342984914779663,0
2026-01-08 14:00:00,1.3419575691223145,1.342588186264038,1.3419575691223145,1.3422459363937378,0
2026-01-08 14:15:00,1.342371940612793,1.342371940612793,1.3419395685195925,1.342065691947937,0
2026-01-08 14:30:00,1.3431472778320312,1.3432915210723877,1.342480182647705,1.3425341844558716,0
2026-01-08 14:45:00,1.3435803651809692,1.3435803651809692,1.3424620628356934,1.3430570363998413,0
2026-01-08 15:00:00,1.3431652784347534,1.3434721231460571,1.3427685499191284,1.3432915210723877,0
2026-01-08 15:15:00,1.3441582918167114,1.3445016145706177,1.3436707258224487,1.3436707258224487,0
2026-01-08 15:30:00,1.3439956903457642,1.3446282148361206,1.3438512086868286,1.3438512086868286,0
2026-01-08 15:45:00,1.3441762924194336,1.3441762924194336,1.3436886072158811,1.343706727027893,0
2026-01-08 16:00:00,1.3435803651809692,1.344357132911682,1.3435261249542236,1.3441040515899658,0
2026-01-08 16:15:00,1.3432555198669434,1.343742847442627,1.3429667949676514,1.3435442447662354,0
2026-01-08 16:30:00,1.343418002128601,1.343742847442627,1.3430390357971191,1.3431472778320312,0
2026-01-08 16:45:00,1.3431472778320312,1.343742847442627,1.3431472778320312,1.3433637619018557,0
2026-01-08 17:00:00,1.3434540033340454,1.3435442447662354,1.3430931568145752,1.3430931568145752,0
2026-01-08 17:15:00,1.3430390357971191,1.3435261249542236,1.3430390357971191,1.343418002128601,0
2026-01-08 17:30:00,1.3429489135742188,1.3430931568145752,1.3426783084869385,1.343075156211853,0
2026-01-08 17:45:00,1.3436164855957031,1.3436344861984253,1.342930793762207,1.3429489135742188,0
2026-01-08 18:00:00,1.3433096408843994,1.3437248468399048,1.3430390357971191,1.3437248468399048,0
2026-01-08 18:15:00,1.3431472778320312,1.3433817625045776,1.3431291580200195,1.3433817625045776,0
2026-01-08 18:30:00,1.3430931568145752,1.3432915210723877,1.3429127931594849,1.3431291580200195,0
2026-01-08 18:45:00,1.3423539400100708,1.3431472778320312,1.3422999382019043,1.3430570363998413,0
2026-01-08 19:00:00,1.342390060424805,1.342390060424805,1.3420476913452148,1.342209815979004,0
2026-01-08 19:15:00,1.342390060424805,1.3426063060760498,1.3422638177871704,1.3422999382019043,0
2026-01-08 19:30:00,1.3424440622329712,1.3427685499191284,1.342426061630249,1.342426061630249,0
2026-01-08 19:45:00,1.3431472778320312,1.3431472778320312,1.342588186264038,1.3426603078842163,0
2026-01-08 20:00:00,1.3433637619018557,1.3434901237487793,1.3431472778320312,1.3431472778320312,0
2026-01-08 20:15:00,1.3434540033340454,1.3434540033340454,1.3432375192642212,1.3433096408843994,0
2026-01-08 20:30:00,1.3435442447662354,1.3437248468399048,1.343508243560791,1.3435983657836914,0
2026-01-08 20:45:00,1.343706727027893,1.3438150882720947,1.3434540033340454,1.343508243560791,0
2026-01-08 21:00:00,1.343833088874817,1.3438512086868286,1.343652606010437,1.343742847442627,0
2026-01-08 21:15:00,1.3439595699310305,1.3439595699310305,1.3437248468399048,1.3437789678573608,0
2026-01-08 21:30:00,1.34442937374115,1.34442937374115,1.3437970876693726,1.343977689743042,0
2026-01-08 21:45:00,1.3439234495162964,1.3445378541946411,1.3439234495162964,1.3445197343826294,0
2026-01-08 22:00:00,1.3433998823165894,1.3441040515899658,1.3429127931594849,1.3437608480453491,0
2026-01-08 22:15:00,1.3436707258224487,1.3441762924194336,1.3433457612991333,1.3433457612991333,0
2026-01-08 22:30:00,1.3435803651809692,1.3438873291015625,1.3435261249542236,1.343742847442627,0
2026-01-08 22:45:00,1.3436886072158811,1.343833088874817,1.3435261249542236,1.3437970876693726,0
2026-01-08 23:00:00,1.3438150882720947,1.3441402912139893,1.343742847442627,1.343742847442627,0
2026-01-08 23:15:00,1.3438692092895508,1.3438873291015625,1.3437789678573608,1.3438873291015625,0
2026-01-08 23:30:00,1.3435442447662354,1.3437970876693726,1.3435442447662354,1.3437970876693726,0
2026-01-08 23:45:00,1.3436164855957031,1.3436707258224487,1.3434721231460571,1.3435442447662354,0
2026-01-09 00:00:00,1.3433277606964111,1.3436886072158811,1.343273639678955,1.3436886072158811,0
2026-01-09 00:15:00,1.3434358835220337,1.3437248468399048,1.3433096408843994,1.3433096408843994,0
2026-01-09 00:30:00,1.3433637619018557,1.3434721231460571,1.3433096408843994,1.3434721231460571,0
2026-01-09 00:45:00,1.3433096408843994,1.3434358835220337,1.3432193994522097,1.3433277606964111,0
2026-01-09 01:00:00,1.3433817625045776,1.343418002128601,1.343111276626587,1.3433457612991333,0
2026-01-09 01:15:00,1.3431291580200195,1.3435983657836914,1.3429667949676514,1.3435803651809692,0
2026-01-09 01:30:00,1.3426964282989502,1.3432375192642212,1.3426964282989502,1.343111276626587,0
2026-01-09 01:45:00,1.3428767919540403,1.343075156211853,1.3428045511245728,1.3428045511245728,0
2026-01-09 02:00:00,1.3425341844558716,1.3429667949676514,1.3425161838531494,1.3429667949676514,0
2026-01-09 02:15:00,1.342930793762207,1.343021035194397,1.3424980640411377,1.3425161838531494,0
2026-01-09 02:30:00,1.3432375192642212,1.3432915210723877,1.3429667949676514,1.343111276626587,0
2026-01-09 02:45:00,1.3432915210723877,1.3433277606964111,1.3432555198669434,1.343273639678955,0
2026-01-09 03:00:00,1.3435803651809692,1.3436707258224487,1.3431291580200195,1.3433457612991333,0
2026-01-09 03:15:00,1.3434901237487793,1.343742847442627,1.343418002128601,1.3436344861984253,0
2026-01-09 03:30:00,1.3436886072158811,1.3437789678573608,1.343418002128601,1.3434540033340454,0
2026-01-09 03:45:00,1.3437248468399048,1.3437789678573608,1.3435442447662354,1.3437248468399048,0
2026-01-09 04:00:00,1.3433817625045776,1.3436886072158811,1.3433817625045776,1.3436886072158811,0
2026-01-09 04:15:00,1.3434358835220337,1.3434358835220337,1.3432193994522097,1.3433817625045776,0
2026-01-09 04:30:00,1.343418002128601,1.3436164855957031,1.343418002128601,1.3434721231460571,0
2026-01-09 04:45:00,1.3436164855957031,1.3437248468399048,1.3434901237487793,1.343508243560791,0
2026-01-09 05:00:00,1.3436164855957031,1.3438150882720947,1.3436164855957031,1.343652606010437,0
2026-01-09 05:15:00,1.343418002128601,1.3436707258224487,1.343418002128601,1.3436344861984253,0
2026-01-09 05:30:00,1.3430029153823853,1.3432555198669434,1.3429489135742188,1.3432555198669434,0
2026-01-09 05:45:00,1.3430931568145752,1.3430931568145752,1.342822551727295,1.3428946733474731,0
2026-01-09 06:00:00,1.342624306678772,1.3431291580200195,1.3426063060760498,1.3429667949676514,0
2026-01-09 06:15:00,1.3427685499191284,1.3427865505218506,1.342570185661316,1.342624306678772,0
2026-01-09 06:30:00,1.343111276626587,1.3431291580200195,1.342822551727295,1.3428946733474731,0
2026-01-09 06:45:00,1.342822551727295,1.343273639678955,1.342822551727295,1.3431472778320312,0
2026-01-09 07:00:00,1.3419936895370483,1.3427504301071167,1.3419936895370483,1.3426424264907837,0
2026-01-09 07:15:00,1.3417235612869265,1.3422638177871704,1.341579556465149,1.3422638177871704,0
2026-01-09 07:30:00,1.3419756889343262,1.3419756889343262,1.3415615558624268,1.3417235612869265,0
2026-01-09 07:45:00,1.3429489135742188,1.3429489135742188,1.3420476913452148,1.3420476913452148,0
2026-01-09 08:00:00,1.3425521850585938,1.3433277606964111,1.3425521850585938,1.3430390357971191,0
2026-01-09 08:15:00,1.3421558141708374,1.3428045511245728,1.3421558141708374,1.3426424264907837,0
2026-01-09 08:30:00,1.341471552848816,1.3420838117599487,1.341471552848816,1.3420838117599487,0
2026-01-09 08:45:00,1.3415435552597046,1.3418315649032593,1.3412736654281616,1.341579556465149,0
2026-01-09 09:00:00,1.3418315649032593,1.342029690742493,1.3416156768798828,1.3416156768798828,0
2026-01-09 09:15:00,1.341327667236328,1.3419756889343262,1.3412916660308838,1.341849684715271,0
2026-01-09 09:30:00,1.340985894203186,1.3414356708526611,1.340985894203186,1.3413456678390503,0
2026-01-09 09:45:00,1.341075778007507,1.341075778007507,1.340572476387024,1.340985894203186,0
2026-01-09 10:00:00,1.3410398960113523,1.341309666633606,1.3407162427902222,1.3411476612091064,0
2026-01-09 10:15:00,1.3408600091934204,1.3411476612091064,1.3407162427902222,1.3410398960113523,0
2026-01-09 10:30:00,1.340572476387024,1.3410398960113523,1.3404825925827026,1.340572476387024,0
2026-01-09 10:45:00,1.3409138917922974,1.341075778007507,1.3404825925827026,1.3405544757843018,0
2026-01-09 11:00:00,1.3407881259918213,1.3410218954086304,1.340572476387024,1.3408780097961426,0
2026-01-09 11:15:00,1.341219782829285,1.3412376642227173,1.3406263589859009,1.3408061265945437,0
2026-01-09 11:30:00,1.3411837816238403,1.341327667236328,1.3408420085906982,1.3412556648254397,0
2026-01-09 11:45:00,1.3412916660308838,1.3412916660308838,1.3408420085906982,1.3412736654281616,0
2026-01-09 12:00:00,1.3412916660308838,1.3413636684417725,1.3411297798156738,1.341219782829285,0
2026-01-09 12:15:00,1.3414175510406494,1.3414175510406494,1.3410218954086304,1.3411837816238403,0
2026-01-09 12:30:00,1.341471552848816,1.3415435552597046,1.3411476612091064,1.3413636684417725,0
2026-01-09 12:45:00,1.3419756889343262,1.3419756889343262,1.341525673866272,1.3416695594787598,0
2026-01-09 13:00:00,1.3424620628356934,1.3424620628356934,1.3417595624923706,1.3420838117599487,0
2026-01-09 13:15:00,1.3422638177871704,1.342822551727295,1.3422459363937378,1.342426061630249,0
2026-01-09 13:30:00,1.3445016145706177,1.3451164960861206,1.3415075540542605,1.3415075540542605,0
2026-01-09 13:45:00,1.3433817625045776,1.3446102142333984,1.3433096408843994,1.3446102142333984,0
2026-01-09 14:00:00,1.3422638177871704,1.3441402912139893,1.3421196937561035,1.3439054489135742,0
2026-01-09 14:15:00,1.341489553451538,1.3428586721420288,1.3414175510406494,1.3428586721420288,0
2026-01-09 14:30:00,1.3412376642227173,1.3424440622329712,1.3412376642227173,1.341813564300537,0
2026-01-09 14:45:00,1.3412556648254397,1.3413636684417725,1.3407162427902222,1.3411297798156738,0
2026-01-09 15:00:00,1.3398360013961792,1.3418315649032593,1.339566707611084,1.3413995504379272,0
2026-01-09 15:15:00,1.3406623601913452,1.3409138917922974,1.3393514156341553,1.3397462368011477,0
2026-01-09 15:30:00,1.3410038948059082,1.341849684715271,1.3408241271972656,1.3408241271972656,0
2026-01-09 15:45:00,1.3419036865234375,1.3419036865234375,1.3411297798156738,1.341309666633606,0
2026-01-09 16:00:00,1.3413995504379272,1.342209815979004,1.3412376642227173,1.341849684715271,0
2026-01-09 16:15:00,1.3406623601913452,1.3416335582733154,1.3406623601913452,1.3415435552597046,0
2026-01-09 16:30:00,1.341381549835205,1.341381549835205,1.3405544757843018,1.340752124786377,0
2026-01-09 16:45:00,1.3411297798156738,1.341381549835205,1.3411117792129517,1.3412916660308838,0
2026-01-09 17:00:00,1.3405903577804563,1.3410398960113523,1.3405005931854248,1.3410218954086304,0
2026-01-09 17:15:00,1.3402670621871948,1.340356707572937,1.3400694131851196,1.340356707572937,0
2026-01-09 17:30:00,1.3402670621871948,1.3404645919799805,1.3400694131851196,1.3402670621871948,0
2026-01-09 17:45:00,1.3403747081756592,1.3404465913772583,1.3403029441833496,1.3403388261795044,0
2026-01-09 18:00:00,1.3402130603790283,1.3404107093811035,1.3401951789855957,1.3403208255767822,0
2026-01-09 18:15:00,1.340644359588623,1.3408061265945437,1.3400335311889648,1.3402130603790283,0
2026-01-09 18:30:00,1.3410218954086304,1.341489553451538,1.3406263589859009,1.3407342433929443,0
2026-01-09 18:45:00,1.3405903577804563,1.3411117792129517,1.3405184745788574,1.341075778007507,0
2026-01-09 19:00:00,1.3407162427902222,1.3408241271972656,1.3404107093811035,1.3405544757843018,0
2026-01-09 19:15:00,1.3410218954086304,1.3412017822265625,1.3407881259918213,1.3407881259918213,0
2026-01-09 19:30:00,1.3407162427902222,1.341075778007507,1.3406083583831787,1.341075778007507,0
2026-01-09 19:45:00,1.340752124786377,1.3410578966140747,1.3407162427902222,1.3407162427902222,0
2026-01-09 20:00:00,1.3408420085906982,1.340967893600464,1.3407881259918213,1.3408420085906982,0
2026-01-09 20:15:00,1.3408600091934204,1.340985894203186,1.340752124786377,1.3408420085906982,0
2026-01-09 20:30:00,1.3408420085906982,1.340967893600464,1.3406083583831787,1.3408061265945437,0
2026-01-09 20:45:00,1.3407162427902222,1.3409318923950195,1.3406263589859009,1.3407342433929443,0
2026-01-09 21:00:00,1.3408241271972656,1.3409498929977417,1.3407162427902222,1.3407162427902222,0
2026-01-09 21:15:00,1.340572476387024,1.3408600091934204,1.340572476387024,1.3408061265945437,0
2026-01-09 21:30:00,1.3400874137878418,1.3405544757843018,1.3400514125823977,1.3405005931854248,0
2026-01-09 21:45:00,1.3403927087783811,1.3403927087783811,1.339710354804993,1.3401411771774292,0
2026-01-09 22:00:00,1.3404465913772583,1.3404465913772583,1.3404465913772583,1.3404465913772583,0
2026-01-09 22:15:00,1.3404465913772583,1.3404465913772583,1.3404465913772583,1.3404465913772583,0
2026-01-12 00:00:00,1.3411117792129517,1.3411837816238403,1.3392258882522583,1.3394591808319092,0
2026-01-12 00:15:00,1.341327667236328,1.3416515588760376,1.3411297798156738,1.341309666633606,0
2026-01-12 00:30:00,1.3432193994522097,1.3432375192642212,1.3413456678390503,1.3413456678390503,0
2026-01-12 00:45:00,1.343562364578247,1.343562364578247,1.3430390357971191,1.3432193994522097,0
2026-01-12 01:00:00,1.3437608480453491,1.3437608480453491,1.343021035194397,1.343652606010437,0
2026-01-12 01:15:00,1.3437789678573608,1.3440680503845217,1.3435261249542236,1.3436164855957031,0
2026-01-12 01:30:00,1.3429667949676514,1.3436886072158811,1.3429489135742188,1.3436886072158811,0
2026-01-12 01:45:00,1.3429127931594849,1.342984914779663,1.3427865505218506,1.3427865505218506,0
2026-01-12 02:00:00,1.343021035194397,1.343418002128601,1.3427504301071167,1.342822551727295,0
2026-01-12 02:15:00,1.3426783084869385,1.343021035194397,1.3426783084869385,1.3430029153823853,0
2026-01-12 02:30:00,1.343075156211853,1.343111276626587,1.342426061630249,1.3425161838531494,0
2026-01-12 02:45:00,1.342426061630249,1.3431833982467651,1.342426061630249,1.3431833982467651,0
2026-01-12 03:00:00,1.3427144289016724,1.342822551727295,1.342371940612793,1.342371940612793,0
2026-01-12 03:15:00,1.3426783084869385,1.3427865505218506,1.342588186264038,1.3427865505218506,0
2026-01-12 03:30:00,1.3423179388046265,1.3427324295043943,1.342209815979004,1.3426783084869385,0
2026-01-12 03:45:00,1.3421378135681152,1.3424620628356934,1.3421378135681152,1.3423179388046265,0
2026-01-12 04:00:00,1.3422818183898926,1.3422999382019043,1.3419575691223145,1.3420476913452148,0
2026-01-12 04:15:00,1.3421378135681152,1.3424079418182373,1.3419936895370483,1.3423359394073486,0
2026-01-12 04:30:00,1.341795563697815,1.342065691947937,1.3417235612869265,1.342065691947937,0
2026-01-12 04:45:00,1.34217369556427,1.3422459363937378,1.341813564300537,1.341813564300537,0
2026-01-12 05:00:00,1.342624306678772,1.342624306678772,1.3422818183898926,1.3423179388046265,0
2026-01-12 05:15:00,1.3431652784347534,1.3431652784347534,1.3426063060760498,1.342624306678772,0
2026-01-12 05:30:00,1.3435803651809692,1.3435803651809692,1.3432193994522097,1.3432193994522097,0
2026-01-12 05:45:00,1.3433998823165894,1.343652606010437,1.3433998823165894,1.3435261249542236,0
2026-01-12 06:00:00,1.3431652784347534,1.343418002128601,1.343021035194397,1.343418002128601,0
2026-01-12 06:15:00,1.3435261249542236,1.343562364578247,1.3430570363998413,1.3430570363998413,0
2026-01-12 06:30:00,1.343706727027893,1.343706727027893,1.3432012796401978,1.3433998823165894,0
2026-01-12 06:45:00,1.3439234495162964,1.3441402912139893,1.3434358835220337,1.3435983657836914,0
2026-01-12 07:00:00,1.344212532043457,1.344483494758606,1.3434901237487793,1.3436886072158811,0
2026-01-12 07:15:00,1.3446824550628662,1.344700574874878,1.3442305326461792,1.3444112539291382,0
2026-01-12 07:30:00,1.344212532043457,1.3445197343826294,1.344031810760498,1.3445197343826294,0
2026-01-12 07:45:00,1.344483494758606,1.3445197343826294,1.3436707258224487,1.3441221714019775,0
2026-01-12 08:00:00,1.345062255859375,1.3457139730453491,1.3444656133651731,1.3444656133651731,0
2026-01-12 08:15:00,1.3449175357818604,1.3453338146209717,1.3446643352508545,1.3448632955551147,0
2026-01-12 08:30:00,1.3454604148864746,1.345569133758545,1.3447729349136353,1.3447729349136353,0
2026-01-12 08:45:00,1.3457139730453491,1.3460761308670044,1.3453155755996704,1.3453880548477173,0
2026-01-12 09:00:00,1.345858812332153,1.3461124897003174,1.345406174659729,1.345677614212036,0
2026-01-12 09:15:00,1.34645676612854,1.346692442893982,1.3460036516189575,1.3460036516189575,0
2026-01-12 09:30:00,1.345858812332153,1.346928358078003,1.3457682132720947,1.346928358078003,0
2026-01-12 09:45:00,1.3453880548477173,1.3458044528961182,1.3450984954833984,1.3458044528961182,0
2026-01-12 10:00:00,1.345750093460083,1.3458044528961182,1.345279335975647,1.3455146551132202,0
2026-01-12 10:15:00,1.3456594944000244,1.345876932144165,1.3448994159698486,1.345876932144165,0
2026-01-12 10:30:00,1.346203088760376,1.3463118076324463,1.345587134361267,1.3458950519561768,0
2026-01-12 10:45:00,1.3471097946166992,1.347127914428711,1.346166729927063,1.3462755680084229,0
2026-01-12 11:00:00,1.347400188446045,1.3474183082580566,1.3467469215393066,1.347091555595398,0
2026-01-12 11:15:00,1.347127914428711,1.347545504570007,1.347091555595398,1.3472368717193604,0
2026-01-12 11:30:00,1.3464205265045166,1.3470189571380615,1.346058011054993,1.3470189571380615,0
2026-01-12 11:45:00,1.3459312915802002,1.3464386463165283,1.345569133758545,1.3464386463165283,0
2026-01-12 12:00:00,1.347091555595398,1.3472368717193604,1.345913052558899,1.345913052558899,0
2026-01-12 12:15:00,1.3468012809753418,1.3470553159713743,1.3464748859405518,1.3469464778900146,0
2026-01-12 12:30:00,1.3471097946166992,1.3473275899887085,1.3467106819152832,1.34678316116333,0
2026-01-12 12:45:00,1.3465473651885986,1.3472912311553955,1.3464024066925049,1.3472912311553955,0
2026-01-12 13:00:00,1.3477634191513062,1.3480178117752075,1.3463118076324463,1.3465837240219116,0
2026-01-12 13:15:00,1.3476181030273438,1.348054051399231,1.3475998640060425,1.3478904962539673,0
2026-01-12 13:30:00,1.3478178977966309,1.348090410232544,1.347490906715393,1.347490906715393,0
2026-01-12 13:45:00,1.347981333732605,1.348617672920227,1.3478178977966309,1.3478178977966309,0
2026-01-12 14:00:00,1.3472005128860474,1.3483266830444336,1.3472005128860474,1.3481813669204712,0
2026-01-12 14:15:00,1.3465656042099,1.347182273864746,1.34645676612854,1.3470553159713743,0
2026-01-12 14:30:00,1.346928358078003,1.347182273864746,1.3466018438339231,1.3467469215393066,0
2026-01-12 14:45:00,1.3473094701766968,1.3473820686340332,1.346728801727295,1.346728801727295,0
2026-01-12 15:00:00,1.3470735549926758,1.3475998640060425,1.3469102382659912,1.347400188446045,0
2026-01-12 15:15:00,1.3472548723220823,1.3475091457366943,1.347127914428711,1.3472548723220823,0
2026-01-12 15:30:00,1.3479450941085815,1.3479995727539062,1.347127914428711,1.347127914428711,0
2026-01-12 15:45:00,1.3475998640060425,1.3479268550872805,1.347527265548706,1.3478542566299438,0
2026-01-12 16:00:00,1.3467469215393066,1.3476725816726685,1.346692442893982,1.347636342048645,0
2026-01-12 16:15:00,1.3471097946166992,1.3471097946166992,1.3466380834579468,1.346819519996643,0
2026-01-12 16:30:00,1.3470553159713743,1.347127914428711,1.3468012809753418,1.3470371961593628,0
2026-01-12 16:45:00,1.3465837240219116,1.3471460342407229,1.3465837240219116,1.3470553159713743,0
2026-01-12 17:00:00,1.3471460342407229,1.347164273262024,1.346203088760376,1.3464205265045166,0
2026-01-12 17:15:00,1.3461124897003174,1.3469102382659912,1.345587134361267,1.3469102382659912,0
2026-01-12 17:30:00,1.3465656042099,1.3465656042099,1.3458406925201416,1.3461849689483645,0
2026-01-12 17:45:00,1.3464748859405518,1.3465293645858765,1.346203088760376,1.3465293645858765,0
2026-01-12 18:00:00,1.345949411392212,1.34645676612854,1.3458044528961182,1.34645676612854,0
2026-01-12 18:15:00,1.3460218906402588,1.346221089363098,1.3459855318069458,1.3460036516189575,0
2026-01-12 18:30:00,1.3460036516189575,1.34623920917511,1.3459675312042236,1.3460761308670044,0
2026-01-12 18:45:00,1.3458950519561768,1.346130609512329,1.345876932144165,1.3460218906402588,0
2026-01-12 19:00:00,1.346094250679016,1.346166729927063,1.3457863330841064,1.345949411392212,0
2026-01-12 19:15:00,1.3465473651885986,1.3465473651885986,1.346130609512329,1.3462755680084229,0
2026-01-12 19:30:00,1.346221089363098,1.3466380834579468,1.3461849689483645,1.3463842868804932,0
2026-01-12 19:45:00,1.3466744422912598,1.3466744422912598,1.3461486101150513,1.3461486101150513,0
2026-01-12 20:00:00,1.346728801727295,1.3467469215393066,1.3464748859405518,1.346619963645935,0
2026-01-12 20:15:00,1.3466744422912598,1.346728801727295,1.3465837240219116,1.346728801727295,0
2026-01-12 20:30:00,1.3464205265045166,1.3469464778900146,1.3464205265045166,1.3467469215393066,0
2026-01-12 20:45:00,1.346329927444458,1.3465293645858765,1.346293568611145,1.3464024066925049,0
2026-01-12 21:00:00,1.346728801727295,1.3467469215393066,1.3462574481964111,1.3464205265045166,0
2026-01-12 21:15:00,1.3467106819152832,1.34689199924469,1.3466018438339231,1.3466018438339231,0
2026-01-12 21:30:00,1.3468738794326782,1.346928358078003,1.3466744422912598,1.346728801727295,0
2026-01-12 21:45:00,1.3467106819152832,1.3470553159713743,1.3467106819152832,1.34689199924469,0
2026-01-12 22:00:00,1.3466380834579468,1.34678316116333,1.3462574481964111,1.3466562032699585,0
2026-01-12 22:15:00,1.3464748859405518,1.3466562032699585,1.3464205265045166,1.346619963645935,0
2026-01-12 22:30:00,1.3464930057525637,1.34678316116333,1.34645676612854,1.3464748859405518,0
2026-01-12 22:45:00,1.3464748859405518,1.346728801727295,1.34645676612854,1.3466562032699585,0
2026-01-12 23:00:00,1.3464748859405518,1.3466018438339231,1.3463661670684814,1.3464205265045166,0
2026-01-12 23:15:00,1.3466380834579468,1.3468012809753418,1.3463661670684814,1.3464386463165283,0
2026-01-12 23:30:00,1.3467106819152832,1.3467469215393066,1.3465473651885986,1.3466744422912598,0
2026-01-12 23:45:00,1.3465473651885986,1.3467469215393066,1.34645676612854,1.3467106819152832,0
2026-01-13 00:00:00,1.3466380834579468,1.346765160560608,1.3464205265045166,1.3466562032699585,0
2026-01-13 00:15:00,1.3463118076324463,1.3466562032699585,1.3463118076324463,1.3465837240219116,0
2026-01-13 00:30:00,1.3466744422912598,1.3467106819152832,1.3464205265045166,1.3464205265045166,0
2026-01-13 00:45:00,1.347400188446045,1.347400188446045,1.3466562032699585,1.346692442893982,0
2026-01-13 01:00:00,1.3472368717193604,1.3477270603179932,1.3472368717193604,1.3475998640060425,0
2026-01-13 01:15:00,1.3473094701766968,1.3474364280700684,1.3471097946166992,1.3472731113433838,0
2026-01-13 01:30:00,1.347091555595398,1.347527265548706,1.346819519996643,1.3472731113433838,0
2026-01-13 01:45:00,1.3470735549926758,1.3473275899887085,1.3470735549926758,1.3470735549926758,0
2026-01-13 02:00:00,1.3476181030273438,1.347636342048645,1.3470189571380615,1.3470189571380615,0
2026-01-13 02:15:00,1.3472912311553955,1.347527265548706,1.3472731113433838,1.3475091457366943,0
2026-01-13 02:30:00,1.347363829612732,1.347563624382019,1.3471460342407229,1.347218632698059,0
2026-01-13 02:45:00,1.3473275899887085,1.3474546670913696,1.3472912311553955,1.347400188446045,0
2026-01-13 03:00:00,1.347527265548706,1.347563624382019,1.347091555595398,1.3473457098007202,0
2026-01-13 03:15:00,1.3477634191513062,1.3478904962539673,1.347527265548706,1.347545504570007,0
2026-01-13 03:30:00,1.3475817441940308,1.3478360176086426,1.3475817441940308,1.3477997779846191,0
2026-01-13 03:45:00,1.3471097946166992,1.347363829612732,1.3470189571380615,1.3472731113433838,0
2026-01-13 04:00:00,1.3471097946166992,1.3472548723220823,1.3470553159713743,1.3470553159713743,0
2026-01-13 04:15:00,1.3475998640060425,1.3477451801300049,1.3471097946166992,1.3472005128860474,0
2026-01-13 04:30:00,1.3473094701766968,1.3476907014846802,1.3472005128860474,1.3476181030273438,0
2026-01-13 04:45:00,1.3473457098007202,1.347636342048645,1.3472368717193604,1.3472731113433838,0
2026-01-13 05:00:00,1.347490906715393,1.347545504570007,1.3472912311553955,1.3474183082580566,0
2026-01-13 05:15:00,1.3477089405059814,1.3477089405059814,1.347400188446045,1.3474546670913696,0
2026-01-13 05:30:00,1.3472731113433838,1.3476907014846802,1.3472731113433838,1.3476907014846802,0
2026-01-13 05:45:00,1.347164273262024,1.3474183082580566,1.347164273262024,1.3473094701766968,0
2026-01-13 06:00:00,1.346819519996643,1.3472368717193604,1.3467106819152832,1.3472368717193604,0
2026-01-13 06:15:00,1.34689199924469,1.3470371961593628,1.34689199924469,1.3469645977020264,0
2026-01-13 06:30:00,1.3468557596206665,1.346928358078003,1.3465112447738647,1.3468557596206665,0
2026-01-13 06:45:00,1.3472731113433838,1.3472731113433838,1.3465656042099,1.346819519996643,0
2026-01-13 07:00:00,1.3468376398086548,1.3473457098007202,1.34678316116333,1.3473457098007202,0
2026-01-13 07:15:00,1.3467106819152832,1.34678316116333,1.346329927444458,1.34678316116333,0
2026-01-13 07:30:00,1.3469102382659912,1.347182273864746,1.34678316116333,1.34678316116333,0
2026-01-13 07:45:00,1.34689199924469,1.346928358078003,1.3465837240219116,1.3468557596206665,0
2026-01-13 08:00:00,1.347545504570007,1.347545504570007,1.3466018438339231,1.346619963645935,0
2026-01-13 08:15:00,1.346619963645935,1.347218632698059,1.3465293645858765,1.3471460342407229,0
2026-01-13 08:30:00,1.3468012809753418,1.347127914428711,1.3464386463165283,1.3465112447738647,0
2026-01-13 08:45:00,1.347636342048645,1.3477270603179932,1.346928358078003,1.346928358078003,0
2026-01-13 09:00:00,1.347545504570007,1.348054051399231,1.347472906112671,1.3476543426513672,0
2026-01-13 09:15:00,1.3479087352752686,1.3480178117752075,1.3475091457366943,1.3475091457366943,0
2026-01-13 09:30:00,1.348199486732483,1.3485630750656128,1.3479087352752686,1.3479087352752686,0
2026-01-13 09:45:00,1.3480722904205322,1.3481813669204712,1.3477997779846191,1.3480722904205322,0
2026-01-13 10:00:00,1.3480178117752075,1.3483266830444336,1.347781538963318,1.348235845565796,0
2026-01-13 10:15:00,1.347400188446045,1.3479995727539062,1.347363829612732,1.3479995727539062,0
2026-01-13 10:30:00,1.3473094701766968,1.347563624382019,1.3471097946166992,1.347400188446045,0
2026-01-13 10:45:00,1.3473275899887085,1.347363829612732,1.3470189571380615,1.347218632698059,0
2026-01-13 11:00:00,1.347127914428711,1.347182273864746,1.346765160560608,1.347182273864746,0
2026-01-13 11:15:00,1.347218632698059,1.3472368717193604,1.3469464778900146,1.3471097946166992,0
2026-01-13 11:30:00,1.3473094701766968,1.347363829612732,1.347164273262024,1.347164273262024,0
2026-01-13 11:45:00,1.3471460342407229,1.347400188446045,1.347091555595398,1.3473457098007202,0
2026-01-13 12:00:00,1.3470189571380615,1.3473275899887085,1.346982717514038,1.3472912311553955,0
2026-01-13 12:15:00,1.3470009565353394,1.347218632698059,1.3469464778900146,1.346982717514038,0
2026-01-13 12:30:00,1.3463118076324463,1.3470735549926758,1.346293568611145,1.346982717514038,0
2026-01-13 12:45:00,1.3463480472564695,1.3464205265045166,1.3459312915802002,1.3463842868804932,0
2026-01-13 13:00:00,1.3460036516189575,1.3465112447738647,1.345876932144165,1.3460036516189575,0
2026-01-13 13:15:00,1.345695734024048,1.3460400104522705,1.3455508947372437,1.3460400104522705,0
2026-01-13 13:30:00,1.3477451801300049,1.3494548797607422,1.3470371961593628,1.347490906715393,0
2026-01-13 13:45:00,1.3475998640060425,1.3475998640060425,1.3468738794326782,1.347545504570007,0
2026-01-13 14:00:00,1.3470189571380615,1.347545504570007,1.346928358078003,1.347545504570007,0
2026-01-13 14:15:00,1.347091555595398,1.347218632698059,1.346692442893982,1.3470371961593628,0
2026-01-13 14:30:00,1.345532774925232,1.347182273864746,1.3455146551132202,1.347182273864746,0
2026-01-13 14:45:00,1.3460036516189575,1.3460761308670044,1.3453880548477173,1.345876932144165,0
2026-01-13 15:00:00,1.3453699350357056,1.345913052558899,1.345152735710144,1.345913052558899,0
2026-01-13 15:15:00,1.3441221714019775,1.345243215560913,1.3440680503845217,1.345243215560913,0
2026-01-13 15:30:00,1.3439234495162964,1.3441221714019775,1.3437248468399048,1.3441221714019775,0
2026-01-13 15:45:00,1.3435983657836914,1.3447366952896118,1.3435983657836914,1.3439956903457642,0
2026-01-13 16:00:00,1.3430390357971191,1.3443751335144043,1.3427865505218506,1.3442305326461792,0
2026-01-13 16:15:00,1.3429489135742188,1.3432193994522097,1.3426063060760498,1.3427504301071167,0
2026-01-13 16:30:00,1.3433457612991333,1.3436164855957031,1.3429489135742188,1.3429489135742188,0
2026-01-13 16:45:00,1.3433457612991333,1.3435261249542236,1.3430931568145752,1.3432375192642212,0
2026-01-13 17:00:00,1.3433096408843994,1.3437248468399048,1.3429667949676514,1.343508243560791,0
2026-01-13 17:15:00,1.3430029153823853,1.3434540033340454,1.342822551727295,1.3432555198669434,0
2026-01-13 17:30:00,1.343021035194397,1.3432012796401978,1.3428946733474731,1.343021035194397,0
2026-01-13 17:45:00,1.3433096408843994,1.3433998823165894,1.3430029153823853,1.3430390357971191,0
2026-01-13 18:00:00,1.3426964282989502,1.3433637619018557,1.3425341844558716,1.3433277606964111,0
2026-01-13 18:15:00,1.3431472778320312,1.3433096408843994,1.342930793762207,1.3429667949676514,0
2026-01-13 18:30:00,1.3436886072158811,1.3436886072158811,1.343021035194397,1.343075156211853,0
2026-01-13 18:45:00,1.3440136909484863,1.3441582918167114,1.343742847442627,1.3437608480453491,0
2026-01-13 19:00:00,1.3432375192642212,1.3440499305725098,1.3431291580200195,1.3440499305725098,0
2026-01-13 19:15:00,1.342984914779663,1.3434358835220337,1.3428946733474731,1.3433457612991333,0
2026-01-13 19:30:00,1.3432012796401978,1.3433457612991333,1.3428586721420288,1.342984914779663,0
2026-01-13 19:45:00,1.3436344861984253,1.3436344861984253,1.3430390357971191,1.3432193994522097,0
2026-01-13 20:00:00,1.3435261249542236,1.3436344861984253,1.3433817625045776,1.3435261249542236,0
2026-01-13 20:15:00,1.3432193994522097,1.3435261249542236,1.3432193994522097,1.3435261249542236,0
2026-01-13 20:30:00,1.3433277606964111,1.3433637619018557,1.342984914779663,1.3431472778320312,0
2026-01-13 20:45:00,1.3432555198669434,1.3433277606964111,1.3430570363998413,1.3433277606964111,0
2026-01-13 21:00:00,1.3428045511245728,1.3431472778320312,1.3428045511245728,1.3430931568145752,0
2026-01-13 21:15:00,1.3429127931594849,1.342930793762207,1.3426783084869385,1.3427324295043943,0
2026-01-13 21:30:00,1.3427324295043943,1.342930793762207,1.3427144289016724,1.3428767919540403,0
2026-01-13 21:45:00,1.3422818183898926,1.3427504301071167,1.3422818183898926,1.3427144289016724,0
2026-01-13 22:00:00,1.342588186264038,1.3429127931594849,1.3417595624923706,1.3417595624923706,0
2026-01-13 22:15:00,1.3423539400100708,1.3427324295043943,1.3421918153762815,1.342588186264038,0
2026-01-13 22:30:00,1.3425341844558716,1.3425521850585938,1.3423359394073486,1.3423539400100708,0
2026-01-13 22:45:00,1.3425521850585938,1.3426424264907837,1.3423359394073486,1.3423359394073486,0
2026-01-13 23:00:00,1.342588186264038,1.342588186264038,1.342426061630249,1.3425341844558716,0
2026-01-13 23:15:00,1.342624306678772,1.3426783084869385,1.3425341844558716,1.3425341844558716,0
2026-01-13 23:30:00,1.342624306678772,1.3428586721420288,1.342588186264038,1.342588186264038,0
2026-01-13 23:45:00,1.342624306678772,1.3427144289016724,1.3425521850585938,1.3426424264907837,0
2026-01-14 00:00:00,1.342209815979004,1.3426603078842163,1.3421918153762815,1.342624306678772,0
2026-01-14 00:15:00,1.342570185661316,1.342570185661316,1.3422638177871704,1.3422638177871704,0
2026-01-14 00:30:00,1.342624306678772,1.3427144289016724,1.3425161838531494,1.3425521850585938,0
2026-01-14 00:45:00,1.3426063060760498,1.342624306678772,1.3424620628356934,1.342624306678772,0
2026-01-14 01:00:00,1.3421196937561035,1.3427324295043943,1.3421196937561035,1.3427324295043943,0
2026-01-14 01:15:00,1.3421558141708374,1.3423359394073486,1.342011570930481,1.342209815979004,0
2026-01-14 01:30:00,1.3423359394073486,1.3425521850585938,1.3420838117599487,1.3421196937561035,0
2026-01-14 01:45:00,1.3423359394073486,1.342570185661316,1.342227816581726,1.342426061630249,0
2026-01-14 02:00:00,1.3423359394073486,1.342624306678772,1.3421918153762815,1.3423359394073486,0
2026-01-14 02:15:00,1.3428767919540403,1.3428767919540403,1.3425161838531494,1.3425161838531494,0
2026-01-14 02:30:00,1.3432555198669434,1.3433277606964111,1.3430390357971191,1.3430390357971191,0
2026-01-14 02:45:00,1.3436164855957031,1.3436707258224487,1.3432555198669434,1.3432555198669434,0
2026-01-14 03:00:00,1.3441402912139893,1.3441402912139893,1.3436886072158811,1.3436886072158811,0
2026-01-14 03:15:00,1.3441582918167114,1.344212532043457,1.344031810760498,1.3440680503845217,0
2026-01-14 03:30:00,1.34442937374115,1.344483494758606,1.3441762924194336,1.3441762924194336,0
2026-01-14 03:45:00,1.3445920944213867,1.3447729349136353,1.344248652458191,1.3444656133651731,0
2026-01-14 04:00:00,1.344357132911682,1.3446462154388428,1.344357132911682,1.3445378541946411,0
2026-01-14 04:15:00,1.344212532043457,1.3443931341171265,1.344212532043457,1.3443931341171265,0
2026-01-14 04:30:00,1.3441402912139893,1.3444112539291382,1.3441402912139893,1.3442305326461792,0
2026-01-14 04:45:00,1.3440136909484863,1.3441762924194336,1.3440136909484863,1.3441221714019775,0
2026-01-14 05:00:00,1.3440499305725098,1.3441762924194336,1.344031810760498,1.344031810760498,0
2026-01-14 05:15:00,1.3439595699310305,1.3439595699310305,1.343833088874817,1.3439595699310305,0
2026-01-14 05:30:00,1.3437970876693726,1.3439956903457642,1.3437789678573608,1.3438873291015625,0
2026-01-14 05:45:00,1.3436344861984253,1.3438873291015625,1.3435983657836914,1.343706727027893,0
2026-01-14 06:00:00,1.3438692092895508,1.3438692092895508,1.3435261249542236,1.3435983657836914,0
2026-01-14 06:15:00,1.3437248468399048,1.344031810760498,1.3435442447662354,1.344031810760498,0
2026-01-14 06:30:00,1.3438512086868286,1.3438512086868286,1.343562364578247,1.3437248468399048,0
2026-01-14 06:45:00,1.3448271751403809,1.3448271751403809,1.3439595699310305,1.3441402912139893,0
2026-01-14 07:00:00,1.3448090553283691,1.344935655593872,1.3445920944213867,1.3447548151016235,0
2026-01-14 07:15:00,1.3447185754776,1.344935655593872,1.3446462154388428,1.3447729349136353,0
2026-01-14 07:30:00,1.3448452949523926,1.344881296157837,1.3445197343826294,1.3446462154388428,0
2026-01-14 07:45:00,1.3439414501190186,1.3448452949523926,1.3438150882720947,1.3448452949523926,0
2026-01-14 08:00:00,1.3441040515899658,1.3444656133651731,1.3439054489135742,1.3439595699310305,0
2026-01-14 08:15:00,1.3441762924194336,1.3442305326461792,1.3438150882720947,1.3439414501190186,0
2026-01-14 08:30:00,1.344248652458191,1.3445197343826294,1.344031810760498,1.3445197343826294,0
2026-01-14 08:45:00,1.3448632955551147,1.3449175357818604,1.3441762924194336,1.344357132911682,0
2026-01-14 09:00:00,1.3452612161636353,1.345279335975647,1.3448452949523926,1.3450441360473633,0
2026-01-14 09:15:00,1.3451164960861206,1.345496654510498,1.3448994159698486,1.3452069759368896,0
2026-01-14 09:30:00,1.3450260162353516,1.34582257270813,1.3449175357818604,1.345243215560913,0
2026-01-14 09:45:00,1.3458044528961182,1.3458406925201416,1.3451346158981323,1.3451346158981323,0
2026-01-14 10:00:00,1.3453155755996704,1.3456414937973022,1.3451708555221558,1.345569133758545,0
2026-01-14 10:15:00,1.3456233739852903,1.345695734024048,1.345442295074463,1.345442295074463,0
2026-01-14 10:30:00,1.345406174659729,1.34582257270813,1.345406174659729,1.3457863330841064,0
2026-01-14 10:45:00,1.345442295074463,1.345750093460083,1.345279335975647,1.3453699350357056,0
2026-01-14 11:00:00,1.3447909355163574,1.345442295074463,1.3447909355163574,1.345442295074463,0
2026-01-14 11:15:00,1.3447729349136353,1.345062255859375,1.3446462154388428,1.3448994159698486,0
2026-01-14 11:30:00,1.344935655593872,1.345152735710144,1.344700574874878,1.3447909355163574,0
2026-01-14 11:45:00,1.3448994159698486,1.3450441360473633,1.344700574874878,1.3447548151016235,0
2026-01-14 12:00:00,1.3447185754776,1.3455508947372437,1.3444656133651731,1.3449536561965942,0
2026-01-14 12:15:00,1.3450080156326294,1.3451164960861206,1.3447548151016235,1.3447548151016235,0
2026-01-14 12:30:00,1.3446102142333984,1.3450080156326294,1.3444112539291382,1.3449536561965942,0
2026-01-14 12:45:00,1.3451346158981323,1.3451346158981323,1.3443028926849363,1.3446282148361206,0
2026-01-14 13:00:00,1.344212532043457,1.3452612161636353,1.3441221714019775,1.345243215560913,0
2026-01-14 13:15:00,1.344357132911682,1.344357132911682,1.344031810760498,1.3441582918167114,0
2026-01-14 13:30:00,1.3449175357818604,1.3449175357818604,1.344248652458191,1.344573974609375,0
2026-01-14 13:45:00,1.3445558547973633,1.3451346158981323,1.3443208932876587,1.3448994159698486,0
2026-01-14 14:00:00,1.345532774925232,1.3457320928573608,1.3444656133651731,1.3445558547973633,0
2026-01-14 14:15:00,1.345442295074463,1.3457320928573608,1.345188856124878,1.345243215560913,0
2026-01-14 14:30:00,1.346130609512329,1.3463661670684814,1.3454241752624512,1.3454604148864746,0
2026-01-14 14:45:00,1.3456594944000244,1.346293568611145,1.345532774925232,1.346293568611145,0
2026-01-14 15:00:00,1.345442295074463,1.345876932144165,1.3452612161636353,1.3453699350357056,0
2026-01-14 15:15:00,1.3450441360473633,1.3454604148864746,1.3450441360473633,1.3452250957489014,0
2026-01-14 15:30:00,1.3448090553283691,1.3451346158981323,1.3445558547973633,1.3451346158981323,0
2026-01-14 15:45:00,1.3456414937973022,1.345677614212036,1.3449175357818604,1.344935655593872,0
2026-01-14 16:00:00,1.3455508947372437,1.345858812332153,1.345406174659729,1.3456414937973022,0
2026-01-14 16:15:00,1.3451346158981323,1.345569133758545,1.3448271751403809,1.345569133758545,0
2026-01-14 16:30:00,1.3448994159698486,1.3451346158981323,1.3446462154388428,1.345062255859375,0
2026-01-14 16:45:00,1.3443390130996704,1.3446462154388428,1.3441402912139893,1.3446462154388428,0
2026-01-14 17:00:00,1.3441402912139893,1.3444112539291382,1.3440499305725098,1.344357132911682,0
2026-01-14 17:15:00,1.3435442447662354,1.3441582918167114,1.3435442447662354,1.3441582918167114,0
2026-01-14 17:30:00,1.3433096408843994,1.3436344861984253,1.3432375192642212,1.3436344861984253,0
2026-01-14 17:45:00,1.3432375192642212,1.343508243560791,1.3430931568145752,1.3433277606964111,0
2026-01-14 18:00:00,1.3429127931594849,1.3432555198669434,1.3428946733474731,1.3432375192642212,0
2026-01-14 18:15:00,1.343021035194397,1.3431472778320312,1.3428946733474731,1.3428946733474731,0
2026-01-14 18:30:00,1.3428406715393066,1.3432555198669434,1.3428406715393066,1.343021035194397,0
2026-01-14 18:45:00,1.3429127931594849,1.3431291580200195,1.3428406715393066,1.3428767919540403,0
2026-01-14 19:00:00,1.3426783084869385,1.3428406715393066,1.342588186264038,1.3426783084869385,0
2026-01-14 19:15:00,1.3426424264907837,1.3429489135742188,1.3426424264907837,1.3427504301071167,0
2026-01-14 19:30:00,1.343111276626587,1.343111276626587,1.342624306678772,1.342624306678772,0
2026-01-14 19:45:00,1.343111276626587,1.3433277606964111,1.3428586721420288,1.3430570363998413,0
2026-01-14 20:00:00,1.3438150882720947,1.343833088874817,1.3430931568145752,1.343111276626587,0
2026-01-14 20:15:00,1.343562364578247,1.343742847442627,1.3435442447662354,1.343742847442627,0
2026-01-14 20:30:00,1.3433817625045776,1.3441040515899658,1.3433817625045776,1.3436344861984253,0
2026-01-14 20:45:00,1.3432012796401978,1.3433998823165894,1.3432012796401978,1.3432555198669434,0
2026-01-14 21:00:00,1.3436344861984253,1.3438150882720947,1.3433096408843994,1.3433096408843994,0
2026-01-14 21:15:00,1.343652606010437,1.3438512086868286,1.343562364578247,1.3436344861984253,0
2026-01-14 21:30:00,1.3437789678573608,1.3437789678573608,1.3435803651809692,1.3435803651809692,0
2026-01-14 21:45:00,1.3448271751403809,1.3448271751403809,1.343833088874817,1.3438512086868286,0
2026-01-14 22:00:00,1.3444656133651731,1.3444656133651731,1.3438150882720947,1.3440136909484863,0
2026-01-14 22:15:00,1.3444112539291382,1.3445558547973633,1.3441582918167114,1.3443931341171265,0
2026-01-14 22:30:00,1.34442937374115,1.344573974609375,1.3443028926849363,1.3443390130996704,0
2026-01-14 22:45:00,1.3438692092895508,1.3444112539291382,1.3438692092895508,1.3444112539291382,0
2026-01-14 23:00:00,1.3440680503845217,1.3443751335144043,1.3437608480453491,1.3437608480453491,0
2026-01-14 23:15:00,1.3439414501190186,1.344212532043457,1.3439414501190186,1.3441221714019775,0
2026-01-14 23:30:00,1.3440136909484863,1.3441402912139893,1.3439595699310305,1.3439595699310305,0
2026-01-14 23:45:00,1.3441040515899658,1.3442305326461792,1.3440136909484863,1.3441762924194336,0
2026-01-15 00:00:00,1.343706727027893,1.3440499305725098,1.3436344861984253,1.3440499305725098,0
2026-01-15 00:15:00,1.3435442447662354,1.3438692092895508,1.3435442447662354,1.3436344861984253,0
2026-01-15 00:30:00,1.343418002128601,1.343562364578247,1.3431652784347534,1.343562364578247,0
2026-01-15 00:45:00,1.3436344861984253,1.3436344861984253,1.3433817625045776,1.343508243560791,0
2026-01-15 01:00:00,1.343652606010437,1.343742847442627,1.3435803651809692,1.343742847442627,0
2026-01-15 01:15:00,1.3437248468399048,1.3438512086868286,1.3435442447662354,1.3435442447662354,0
2026-01-15 01:30:00,1.343508243560791,1.3436164855957031,1.3428946733474731,1.3436164855957031,0
2026-01-15 01:45:00,1.3436164855957031,1.3436164855957031,1.3432555198669434,1.343562364578247,0
2026-01-15 02:00:00,1.3434358835220337,1.343508243560791,1.3432375192642212,1.343508243560791,0
2026-01-15 02:15:00,1.3431291580200195,1.3435261249542236,1.3431291580200195,1.3435261249542236,0
2026-01-15 02:30:00,1.3433457612991333,1.3433637619018557,1.3430570363998413,1.343075156211853,0
2026-01-15 02:45:00,1.343418002128601,1.343418002128601,1.3431291580200195,1.3432375192642212,0
2026-01-15 03:00:00,1.3428946733474731,1.3433637619018557,1.3428946733474731,1.3433637619018557,0
2026-01-15 03:15:00,1.342930793762207,1.3430390357971191,1.3428586721420288,1.3428586721420288,0
2026-01-15 03:30:00,1.342930793762207,1.343021035194397,1.342822551727295,1.343021035194397,0
2026-01-15 03:45:00,1.3427504301071167,1.3430570363998413,1.3426603078842163,1.3430570363998413,0
2026-01-15 04:00:00,1.3426603078842163,1.3428586721420288,1.342624306678772,1.3428586721420288,0
2026-01-15 04:15:00,1.342570185661316,1.3426063060760498,1.3425341844558716,1.342570185661316,0
2026-01-15 04:30:00,1.3426783084869385,1.3426964282989502,1.3425521850585938,1.3425521850585938,0
2026-01-15 04:45:00,1.3425161838531494,1.3426964282989502,1.3424079418182373,1.3426783084869385,0
2026-01-15 05:00:00,1.3428045511245728,1.3428406715393066,1.3424079418182373,1.342426061630249,0
2026-01-15 05:15:00,1.3429667949676514,1.3429667949676514,1.3427865505218506,1.3427865505218506,0
2026-01-15 05:30:00,1.3430029153823853,1.343021035194397,1.3428406715393066,1.3429667949676514,0
2026-01-15 05:45:00,1.3426783084869385,1.3432193994522097,1.3426783084869385,1.3430390357971191,0
2026-01-15 06:00:00,1.3429127931594849,1.3431833982467651,1.3428045511245728,1.3428045511245728,0
2026-01-15 06:15:00,1.3432375192642212,1.3433277606964111,1.3429127931594849,1.3429127931594849,0
2026-01-15 06:30:00,1.3426424264907837,1.3432012796401978,1.3426424264907837,1.3432012796401978,0
2026-01-15 06:45:00,1.342822551727295,1.342822551727295,1.342480182647705,1.3425521850585938,0
2026-01-15 07:00:00,1.343418002128601,1.3439414501190186,1.3433277606964111,1.3433637619018557,0
2026-01-15 07:15:00,1.3427685499191284,1.3435442447662354,1.3426603078842163,1.3435261249542236,0
2026-01-15 07:30:00,1.3432555198669434,1.3436344861984253,1.3428586721420288,1.3428586721420288,0
2026-01-15 07:45:00,1.3433998823165894,1.3436344861984253,1.3430029153823853,1.3436344861984253,0
2026-01-15 08:00:00,1.3430570363998413,1.3433998823165894,1.3429489135742188,1.3433998823165894,0
2026-01-15 08:15:00,1.343833088874817,1.343833088874817,1.3428045511245728,1.342984914779663,0
2026-01-15 08:30:00,1.343977689743042,1.3443390130996704,1.343706727027893,1.3438150882720947,0
2026-01-15 08:45:00,1.3440136909484863,1.3442305326461792,1.3438873291015625,1.3438873291015625,0
2026-01-15 09:00:00,1.3439414501190186,1.3443028926849363,1.3439414501190186,1.3439414501190186,0
2026-01-15 09:15:00,1.3439054489135742,1.344248652458191,1.3438150882720947,1.3439956903457642,0
2026-01-15 09:30:00,1.3443390130996704,1.3445558547973633,1.343833088874817,1.3439054489135742,0
2026-01-15 09:45:00,1.343706727027893,1.3444112539291382,1.343706727027893,1.344212532043457,0
2026-01-15 10:00:00,1.3434901237487793,1.3439054489135742,1.3433637619018557,1.3437789678573608,0
2026-01-15 10:15:00,1.3430029153823853,1.343508243560791,1.3428586721420288,1.343508243560791,0
2026-01-15 10:30:00,1.3426063060760498,1.3432193994522097,1.3426063060760498,1.3428946733474731,0
2026-01-15 10:45:00,1.342227816581726,1.3425341844558716,1.3417235612869265,1.3425341844558716,0
2026-01-15 11:00:00,1.3427504301071167,1.3427504301071167,1.3421196937561035,1.34217369556427,0
2026-01-15 11:15:00,1.342227816581726,1.3426783084869385,1.342209815979004,1.3426603078842163,0
2026-01-15 11:30:00,1.3421196937561035,1.3425341844558716,1.3421196937561035,1.3422999382019043,0
2026-01-15 11:45:00,1.341849684715271,1.342227816581726,1.341795563697815,1.34217369556427,0
2026-01-15 12:00:00,1.3416335582733154,1.3421016931533811,1.3416156768798828,1.341849684715271,0
2026-01-15 12:15:00,1.341705560684204,1.341705560684204,1.3413636684417725,1.3416335582733154,0
2026-01-15 12:30:00,1.341381549835205,1.341705560684204,1.341381549835205,1.341597557067871,0
2026-01-15 12:45:00,1.3403747081756592,1.3413456678390503,1.3402490615844729,1.3413456678390503,0
2026-01-15 13:00:00,1.3401232957839966,1.3404287099838257,1.3398001194000244,1.3404287099838257,0
2026-01-15 13:15:00,1.339064598083496,1.3399616479873655,1.3389928340911863,1.3399616479873655,0
2026-01-15 13:30:00,1.3380253314971924,1.3388673067092896,1.3375779390335083,1.3388673067092896,0
2026-01-15 13:45:00,1.3370234966278076,1.3380074501037598,1.3370234966278076,1.3379179239273071,0
2026-01-15 14:00:00,1.3380612134933472,1.3381685018539429,1.3368983268737793,1.337327480316162,0
2026-01-15 14:15:00,1.3381328582763672,1.3385447263717651,1.3377389907836914,1.337882161140442,0
2026-01-15 14:30:00,1.3364516496658323,1.3384193181991575,1.3364516496658323,1.338258147239685,0
2026-01-15 14:45:00,1.3370771408081057,1.3372738361358645,1.3365410566329956,1.3366659879684448,0
2026-01-15 15:00:00,1.3376494646072388,1.3380612134933472,1.3371844291687012,1.337238073348999,0
2026-01-15 15:15:00,1.337130784988403,1.3379536867141724,1.3370771408081057,1.3376494646072388,0
2026-01-15 15:30:00,1.338043212890625,1.338043212890625,1.3371844291687012,1.3373453617095947,0
2026-01-15 15:45:00,1.3385089635849,1.338813543319702,1.3381506204605105,1.3381506204605105,0
2026-01-15 16:00:00,1.3386342525482178,1.3387060165405271,1.3380253314971924,1.33865225315094,0
2026-01-15 16:15:00,1.3390824794769287,1.3392438888549805,1.33872389793396,1.338741898536682,0
2026-01-15 16:30:00,1.338813543319702,1.3393335342407229,1.338813543319702,1.3389748334884644,0
2026-01-15 16:45:00,1.3386342525482178,1.3390285968780518,1.3385089635849,1.3389569520950315,0
2026-01-15 17:00:00,1.3388851881027222,1.3388851881027222,1.3382760286331177,1.3385447263717651,0
2026-01-15 17:15:00,1.3389211893081665,1.3389569520950315,1.3385089635849,1.3389569520950315,0
2026-01-15 17:30:00,1.3390285968780518,1.33931565284729,1.3388315439224243,1.3391542434692385,0
2026-01-15 17:45:00,1.33858060836792,1.339261770248413,1.3385626077651978,1.3389389514923096,0
2026-01-15 18:00:00,1.339172124862671,1.339441180229187,1.33879554271698,1.33879554271698,0
2026-01-15 18:15:00,1.339172124862671,1.3391900062561035,1.3388673067092896,1.3391900062561035,0
2026-01-15 18:30:00,1.33931565284729,1.3393335342407229,1.3391183614730835,1.3392258882522583,0
2026-01-15 18:45:00,1.3389748334884644,1.3394231796264648,1.3389748334884644,1.3393694162368774,0
2026-01-15 19:00:00,1.3389569520950315,1.3391542434692385,1.3385089635849,1.3391542434692385,0
2026-01-15 19:15:00,1.3389748334884644,1.3392080068588257,1.3389211893081665,1.3389211893081665,0
2026-01-15 19:30:00,1.33872389793396,1.3389211893081665,1.33865225315094,1.3389031887054443,0
2026-01-15 19:45:00,1.3385447263717651,1.338849425315857,1.3384730815887451,1.3387597799301147,0
2026-01-15 20:00:00,1.3382940292358398,1.3385984897613523,1.3382940292358398,1.3385984897613523,0
2026-01-15 20:15:00,1.3377926349639893,1.3382760286331177,1.337685227394104,1.3382760286331177,0
2026-01-15 20:30:00,1.3376137018203735,1.337846279144287,1.3375064134597778,1.3377389907836914,0
2026-01-15 20:45:00,1.3376494646072388,1.337846279144287,1.337595820426941,1.3376137018203735,0
2026-01-15 21:00:00,1.3379179239273071,1.3379179239273071,1.337595820426941,1.3376137018203735,0
2026-01-15 21:15:00,1.3379895687103271,1.3379895687103271,1.3377926349639893,1.3377926349639893,0
2026-01-15 21:30:00,1.3379895687103271,1.338186502456665,1.3379895687103271,1.3379895687103271,0
2026-01-15 21:45:00,1.3381685018539429,1.3383835554122925,1.3379536867141724,1.3379536867141724,0
2026-01-15 22:00:00,1.3380789756774902,1.3381506204605105,1.3376137018203735,1.3380253314971924,0
2026-01-15 22:15:00,1.3380253314971924,1.3382940292358398,1.3379536867141724,1.3380969762802124,0
2026-01-15 22:30:00,1.3379536867141724,1.3380612134933472,1.3379000425338743,1.3379536867141724,0
2026-01-15 22:45:00,1.3379536867141724,1.3382940292358398,1.3377926349639893,1.3379895687103271,0
2026-01-15 23:00:00,1.3379895687103271,1.3381685018539429,1.3379716873168943,1.338114857673645,0
2026-01-15 23:15:00,1.3379716873168943,1.3380789756774902,1.3379358053207395,1.338043212890625,0
2026-01-15 23:30:00,1.338043212890625,1.338114857673645,1.3379358053207395,1.3380074501037598,0
2026-01-15 23:45:00,1.3381506204605105,1.338240146636963,1.3380969762802124,1.3380969762802124,0
2026-01-16 00:00:00,1.3382223844528198,1.338311791419983,1.338114857673645,1.3381506204605105,0
2026-01-16 00:15:00,1.338043212890625,1.3382223844528198,1.3380253314971924,1.3382223844528198,0
2026-01-16 00:30:00,1.3380074501037598,1.3381328582763672,1.3379895687103271,1.338114857673645,0
2026-01-16 00:45:00,1.3376494646072388,1.3379895687103271,1.3372201919555664,1.3379895687103271,0
2026-01-16 01:00:00,1.3379179239273071,1.3380074501037598,1.3376137018203735,1.3376315832138062,0
2026-01-16 01:15:00,1.3380789756774902,1.3382043838500977,1.3379358053207395,1.338043212890625,0
2026-01-16 01:30:00,1.3381328582763672,1.3383835554122925,1.338114857673645,1.3381506204605105,0
2026-01-16 01:45:00,1.3379895687103271,1.338240146636963,1.3379716873168943,1.3381685018539429,0
2026-01-16 02:00:00,1.3382043838500977,1.3383835554122925,1.3379358053207395,1.338043212890625,0
2026-01-16 02:15:00,1.3384193181991575,1.33872389793396,1.338240146636963,1.338240146636963,0
2026-01-16 02:30:00,1.3385984897613523,1.338813543319702,1.33836567401886,1.3384730815887451,0
2026-01-16 02:45:00,1.3384193181991575,1.338813543319702,1.33836567401886,1.338813543319702,0
2026-01-16 03:00:00,1.3385984897613523,1.33865225315094,1.338329792022705,1.3384909629821775,0
2026-01-16 03:15:00,1.3385089635849,1.3385626077651978,1.3383476734161377,1.3385626077651978,0
2026-01-16 03:30:00,1.33879554271698,1.338813543319702,1.3384909629821775,1.3385089635849,0
2026-01-16 03:45:00,1.3390108346939087,1.339046597480774,1.33865225315094,1.3388851881027222,0
2026-01-16 04:00:00,1.3389569520950315,1.339136242866516,1.3388673067092896,1.3391183614730835,0
2026-01-16 04:15:00,1.339046597480774,1.339064598083496,1.3389389514923096,1.3389389514923096,0
2026-01-16 04:30:00,1.339064598083496,1.3391542434692385,1.3390108346939087,1.339064598083496,0
2026-01-16 04:45:00,1.3389928340911863,1.3390824794769287,1.3389211893081665,1.339046597480774,0
2026-01-16 05:00:00,1.3386342525482178,1.3389928340911863,1.3385626077651978,1.3389389514923096,0
2026-01-16 05:15:00,1.338741898536682,1.3388851881027222,1.3386164903640747,1.3386164903640747,0
2026-01-16 05:30:00,1.33872389793396,1.3388315439224243,1.3386881351470947,1.338777780532837,0
2026-01-16 05:45:00,1.33836567401886,1.33872389793396,1.3382223844528198,1.33872389793396,0
2026-01-16 06:00:00,1.338240146636963,1.338401436805725,1.338240146636963,1.338329792022705,0
2026-01-16 06:15:00,1.338186502456665,1.3383835554122925,1.338043212890625,1.3383476734161377,0
2026-01-16 06:30:00,1.3379358053207395,1.338240146636963,1.3379358053207395,1.338240146636963,0
2026-01-16 06:45:00,1.3380789756774902,1.3380789756774902,1.3377926349639893,1.337828516960144,0
2026-01-16 07:00:00,1.3385984897613523,1.3385984897613523,1.3379716873168943,1.3380789756774902,0
2026-01-16 07:15:00,1.3385626077651978,1.33865225315094,1.338311791419983,1.33858060836792,0
2026-01-16 07:30:00,1.3389211893081665,1.3389211893081665,1.338311791419983,1.3386342525482178,0
2026-01-16 07:45:00,1.3389211893081665,1.339261770248413,1.3389211893081665,1.339064598083496,0
2026-01-16 08:00:00,1.33931565284729,1.3395847082138062,1.3391542434692385,1.3391542434692385,0
2026-01-16 08:15:00,1.339136242866516,1.3396564722061155,1.339136242866516,1.3393335342407229,0
2026-01-16 08:30:00,1.33931565284729,1.339620590209961,1.3390285968780518,1.3390824794769287,0
2026-01-16 08:45:00,1.3393514156341553,1.339818000793457,1.3392797708511353,1.3393335342407229,0
2026-01-16 09:00:00,1.3396027088165283,1.3397282361984253,1.3392080068588257,1.3393335342407229,0
2026-01-16 09:15:00,1.339925765991211,1.3400514125823977,1.3394949436187744,1.339620590209961,0
2026-01-16 09:30:00,1.3405364751815796,1.3405364751815796,1.3398720026016235,1.3398720026016235,0
2026-01-16 09:45:00,1.3398360013961792,1.3405544757843018,1.3398360013961792,1.3404287099838257,0
2026-01-16 10:00:00,1.3403029441833496,1.3403029441833496,1.3397642374038696,1.3397642374038696,0
2026-01-16 10:15:00,1.3406263589859009,1.3406263589859009,1.340105414390564,1.3402490615844729,0
2026-01-16 10:30:00,1.3411656618118286,1.3412556648254397,1.3405544757843018,1.3408420085906982,0
2026-01-16 10:45:00,1.3407162427902222,1.3411297798156738,1.3406083583831787,1.3411117792129517,0
2026-01-16 11:00:00,1.3409498929977417,1.3409498929977417,1.3406083583831787,1.3406083583831787,0
2026-01-16 11:15:00,1.3407881259918213,1.3410578966140747,1.3406802415847778,1.3409318923950195,0
2026-01-16 11:30:00,1.3410398960113523,1.3410398960113523,1.3406263589859009,1.3406263589859009,0
2026-01-16 11:45:00,1.3408241271972656,1.3412556648254397,1.3406982421875,1.3410578966140747,0
2026-01-16 12:00:00,1.3403029441833496,1.3409138917922974,1.3403029441833496,1.3408241271972656,0
2026-01-16 12:15:00,1.3404645919799805,1.3408241271972656,1.3404287099838257,1.3404287099838257,0
2026-01-16 12:30:00,1.3404287099838257,1.3404287099838257,1.3400514125823977,1.3404107093811035,0
2026-01-16 12:45:00,1.3401591777801514,1.3406083583831787,1.3395129442214966,1.3404287099838257,0
2026-01-16 13:00:00,1.3394591808319092,1.3403388261795044,1.3394591808319092,1.3400694131851196,0
2026-01-16 13:15:00,1.3401771783828735,1.3402130603790283,1.3389569520950315,1.3394591808319092,0
2026-01-16 13:30:00,1.3405005931854248,1.3405005931854248,1.339943766593933,1.3404645919799805,0
2026-01-16 13:45:00,1.3404645919799805,1.3407701253890991,1.3402130603790283,1.3405184745788574,0
2026-01-16 14:00:00,1.3404465913772583,1.3404465913772583,1.3401232957839966,1.3403208255767822,0
2026-01-16 14:15:00,1.3399616479873655,1.3405184745788574,1.339818000793457,1.3404107093811035,0
2026-01-16 14:30:00,1.3398001194000244,1.3400335311889648,1.3395847082138062,1.3400335311889648,0
2026-01-16 14:45:00,1.3399616479873655,1.3403388261795044,1.33969247341156,1.33969247341156,0
2026-01-16 15:00:00,1.3401232957839966,1.3403927087783811,1.3398540019989014,1.3398540019989014,0
2026-01-16 15:15:00,1.33836567401886,1.3402670621871948,1.3382043838500977,1.3401771783828735,0
2026-01-16 15:30:00,1.3368805646896362,1.3381685018539429,1.3368626832962036,1.3381506204605105,0
2026-01-16 15:45:00,1.3377747535705566,1.3381328582763672,1.3372023105621338,1.3372023105621338,0
2026-01-16 16:00:00,1.338741898536682,1.3389748334884644,1.337882161140442,1.337882161140442,0
2026-01-16 16:15:00,1.3385447263717651,1.338849425315857,1.3381685018539429,1.338849425315857,0
2026-01-16 16:30:00,1.3387060165405271,1.3389031887054443,1.338240146636963,1.3383835554122925,0
2026-01-16 16:45:00,1.3380074501037598,1.3389031887054443,1.337846279144287,1.3385447263717651,0
2026-01-16 17:00:00,1.3384193181991575,1.33858060836792,1.3381328582763672,1.3382043838500977,0
2026-01-16 17:15:00,1.3382940292358398,1.3385268449783323,1.3380612134933472,1.338329792022705,0
2026-01-16 17:30:00,1.3380253314971924,1.3386342525482178,1.3380074501037598,1.338329792022705,0
2026-01-16 17:45:00,1.3379358053207395,1.338258147239685,1.337810516357422,1.338043212890625,0
2026-01-16 18:00:00,1.337470531463623,1.3380253314971924,1.3374526500701904,1.337882161140442,0
2026-01-16 18:15:00,1.3382223844528198,1.3382223844528198,1.3375779390335083,1.3376137018203735,0
2026-01-16 18:30:00,1.3384552001953125,1.3384552001953125,1.338114857673645,1.3381506204605105,0
2026-01-16 18:45:00,1.338186502456665,1.33872389793396,1.338186502456665,1.3385268449783323,0
2026-01-16 19:00:00,1.3379179239273071,1.3385447263717651,1.3379000425338743,1.3380969762802124,0
2026-01-16 19:15:00,1.338043212890625,1.338114857673645,1.3376494646072388,1.3377567529678345,0
2026-01-16 19:30:00,1.338311791419983,1.3383476734161377,1.3379536867141724,1.3379895687103271,0
2026-01-16 19:45:00,1.338186502456665,1.3384730815887451,1.3381685018539429,1.33836567401886,0
2026-01-16 20:00:00,1.33865225315094,1.33865225315094,1.3382223844528198,1.3382223844528198,0
2026-01-16 20:15:00,1.338401436805725,1.3386701345443726,1.3383476734161377,1.3386701345443726,0
2026-01-16 20:30:00,1.3381328582763672,1.3383476734161377,1.3380253314971924,1.338311791419983,0
2026-01-16 20:45:00,1.338114857673645,1.3384552001953125,1.338114857673645,1.3381506204605105,0
2026-01-16 21:00:00,1.3382223844528198,1.338329792022705,1.338043212890625,1.338043212890625,0
2026-01-16 21:15:00,1.337828516960144,1.3382043838500977,1.337828516960144,1.3381328582763672,0
2026-01-16 21:30:00,1.3375420570373535,1.3379895687103271,1.3375420570373535,1.3379000425338743,0
2026-01-16 21:45:00,1.3377389907836914,1.337882161140442,1.3375600576400757,1.3376137018203735,0
2026-01-16 22:00:00,1.3377747535705566,1.3377747535705566,1.3377747535705566,1.3377747535705566,0
2026-01-16 22:15:00,1.3377747535705566,1.3377747535705566,1.3377747535705566,1.3377747535705566,0
2026-01-19 00:00:00,1.338777780532837,1.3404107093811035,1.3386881351470947,1.3404107093811035,0
2026-01-19 00:15:00,1.3398360013961792,1.3398360013961792,1.3385984897613523,1.3386164903640747,0
2026-01-19 00:30:00,1.3409138917922974,1.3409138917922974,1.3397642374038696,1.3397821187973022,0
2026-01-19 00:45:00,1.3402130603790283,1.3408780097961426,1.3402130603790283,1.3408061265945437,0
2026-01-19 01:00:00,1.3397821187973022,1.3401771783828735,1.33969247341156,1.3401771783828735,0
2026-01-19 01:15:00,1.339620590209961,1.3402130603790283,1.3395309448242188,1.3396027088165283,0
2026-01-19 01:30:00,1.3395488262176514,1.3398360013961792,1.3394770622253418,1.3396564722061155,0
2026-01-19 01:45:00,1.3392258882522583,1.339710354804993,1.3392258882522583,1.339441180229187,0
2026-01-19 02:00:00,1.3392438888549805,1.3392438888549805,1.3389928340911863,1.3391183614730835,0
2026-01-19 02:15:00,1.338741898536682,1.3391900062561035,1.338186502456665,1.3391900062561035,0
2026-01-19 02:30:00,1.3386164903640747,1.3388673067092896,1.3385447263717651,1.3387060165405271,0
2026-01-19 02:45:00,1.33865225315094,1.33865225315094,1.3383835554122925,1.33858060836792,0
2026-01-19 03:00:00,1.3387597799301147,1.3389031887054443,1.3387060165405271,1.338741898536682,0
2026-01-19 03:15:00,1.3390108346939087,1.3390108346939087,1.33865225315094,1.33872389793396,0
2026-01-19 03:30:00,1.3388851881027222,1.339046597480774,1.33872389793396,1.3390108346939087,0
2026-01-19 03:45:00,1.3389031887054443,1.3392258882522583,1.3388851881027222,1.3388851881027222,0
2026-01-19 04:00:00,1.3389211893081665,1.3392258882522583,1.3389211893081665,1.3389928340911863,0
2026-01-19 04:15:00,1.3392258882522583,1.3393335342407229,1.3390824794769287,1.3390824794769287,0
2026-01-19 04:30:00,1.3393514156341553,1.3393514156341553,1.3391183614730835,1.3392080068588257,0
2026-01-19 04:45:00,1.3395488262176514,1.3396564722061155,1.3393335342407229,1.3393335342407229,0
2026-01-19 05:00:00,1.3399077653884888,1.3399077653884888,1.3395488262176514,1.339674472808838,0
2026-01-19 05:15:00,1.3404645919799805,1.3405903577804563,1.339818000793457,1.339925765991211,0
2026-01-19 05:30:00,1.3398360013961792,1.3404465913772583,1.3398360013961792,1.3404465913772583,0
2026-01-19 05:45:00,1.3395129442214966,1.3398360013961792,1.3394231796264648,1.3398360013961792,0
2026-01-19 06:00:00,1.339710354804993,1.339818000793457,1.3395309448242188,1.3395309448242188,0
2026-01-19 06:15:00,1.3399975299835205,1.3400514125823977,1.339710354804993,1.339710354804993,0
2026-01-19 06:30:00,1.3396027088165283,1.3399616479873655,1.3396027088165283,1.3399616479873655,0
2026-01-19 06:45:00,1.3399077653884888,1.3401411771774292,1.339566707611084,1.339566707611084,0
2026-01-19 07:00:00,1.3408420085906982,1.340985894203186,1.3397282361984253,1.3397282361984253,0
2026-01-19 07:15:00,1.3402490615844729,1.3410398960113523,1.3400874137878418,1.3410398960113523,0
2026-01-19 07:30:00,1.3386164903640747,1.3401771783828735,1.3385984897613523,1.3401771783828735,0
2026-01-19 07:45:00,1.3389569520950315,1.3389569520950315,1.3384909629821775,1.3386701345443726,0
2026-01-19 08:00:00,1.3393514156341553,1.3395129442214966,1.3389031887054443,1.3391183614730835,0
2026-01-19 08:15:00,1.3392258882522583,1.3398720026016235,1.3392258882522583,1.3392797708511353,0
2026-01-19 08:30:00,1.340015530586243,1.340015530586243,1.3392258882522583,1.3392258882522583,0
2026-01-19 08:45:00,1.3408960103988647,1.3408960103988647,1.3398360013961792,1.3398360013961792,0
2026-01-19 09:00:00,1.3403747081756592,1.3415075540542605,1.3403747081756592,1.340967893600464,0
2026-01-19 09:15:00,1.3394770622253418,1.3404107093811035,1.3391900062561035,1.3402490615844729,0
2026-01-19 09:30:00,1.3404825925827026,1.3404825925827026,1.3393335342407229,1.3393874168395996,0
2026-01-19 09:45:00,1.3406083583831787,1.3407162427902222,1.3403747081756592,1.3404825925827026,0
2026-01-19 10:00:00,1.3410937786102295,1.3411117792129517,1.3407162427902222,1.3407162427902222,0
2026-01-19 10:15:00,1.3407162427902222,1.3410398960113523,1.3406083583831787,1.3409138917922974,0
2026-01-19 10:30:00,1.3408241271972656,1.341075778007507,1.340644359588623,1.3406802415847778,0
2026-01-19 10:45:00,1.3410578966140747,1.3413636684417725,1.3408420085906982,1.3410038948059082,0
2026-01-19 11:00:00,1.3406623601913452,1.3410937786102295,1.3405005931854248,1.3410937786102295,0
2026-01-19 11:15:00,1.3404287099838257,1.340644359588623,1.3404107093811035,1.3405364751815796,0
2026-01-19 11:30:00,1.3405364751815796,1.3405544757843018,1.3402849435806274,1.3403029441833496,0
2026-01-19 11:45:00,1.3408960103988647,1.3409498929977417,1.3405544757843018,1.340644359588623,0
2026-01-19 12:00:00,1.3408960103988647,1.3410218954086304,1.3406083583831787,1.3406623601913452,0
2026-01-19 12:15:00,1.341075778007507,1.3414175510406494,1.3410578966140747,1.3411476612091064,0
2026-01-19 12:30:00,1.3414356708526611,1.3414356708526611,1.3408780097961426,1.3411117792129517,0
2026-01-19 12:45:00,1.3407881259918213,1.3414356708526611,1.3406083583831787,1.3414356708526611,0
2026-01-19 13:00:00,1.341309666633606,1.3414356708526611,1.3406982421875,1.3406982421875,0
2026-01-19 13:15:00,1.3414175510406494,1.3415615558624268,1.3411837816238403,1.341309666633606,0
2026-01-19 13:30:00,1.3413636684417725,1.3416335582733154,1.3413456678390503,1.3415615558624268,0
2026-01-19 13:45:00,1.3413636684417725,1.341687560081482,1.3413636684417725,1.3415435552597046,0
2026-01-19 14:00:00,1.3412916660308838,1.3415615558624268,1.3412916660308838,1.3413456678390503,0
2026-01-19 14:15:00,1.3416156768798828,1.3416695594787598,1.3411297798156738,1.3411656618118286,0
2026-01-19 14:30:00,1.341849684715271,1.3418855667114258,1.341219782829285,1.341705560684204,0
2026-01-19 14:45:00,1.3420476913452148,1.342371940612793,1.3417775630950928,1.3417775630950928,0
2026-01-19 15:00:00,1.3421196937561035,1.3425161838531494,1.3419395685195925,1.3421378135681152,0
2026-01-19 15:15:00,1.342570185661316,1.342624306678772,1.3422638177871704,1.3422638177871704,0
2026-01-19 15:30:00,1.342426061630249,1.3426424264907837,1.342390060424805,1.3426424264907837,0
2026-01-19 15:45:00,1.3422459363937378,1.342984914779663,1.34217369556427,1.34217369556427,0
2026-01-19 16:00:00,1.3427685499191284,1.3428586721420288,1.3421016931533811,1.342209815979004,0
2026-01-19 16:15:00,1.343021035194397,1.343021035194397,1.3426603078842163,1.3427685499191284,0
2026-01-19 16:30:00,1.3430931568145752,1.3433637619018557,1.3428946733474731,1.3432555198669434,0
2026-01-19 16:45:00,1.3427865505218506,1.3433096408843994,1.3427865505218506,1.3431833982467651,0
2026-01-19 17:00:00,1.3430029153823853,1.3430029153823853,1.3426783084869385,1.3428946733474731,0
2026-01-19 17:15:00,1.342930793762207,1.3429667949676514,1.342822551727295,1.3429489135742188,0
2026-01-19 17:30:00,1.3432915210723877,1.3432915210723877,1.342930793762207,1.342984914779663,0
2026-01-19 17:45:00,1.3432012796401978,1.3434358835220337,1.3427504301071167,1.3433277606964111,0
2026-01-19 18:00:00,1.3432193994522097,1.3432555198669434,1.3431833982467651,1.3432012796401978,0
2026-01-19 18:15:00,1.3433096408843994,1.3433817625045776,1.3432012796401978,1.3432012796401978,0
2026-01-19 18:30:00,1.343111276626587,1.3433457612991333,1.3430570363998413,1.3432915210723877,0
2026-01-19 18:45:00,1.3426964282989502,1.3430390357971191,1.3426964282989502,1.3430390357971191,0
2026-01-19 19:00:00,1.3430029153823853,1.3430029153823853,1.3426603078842163,1.3427144289016724,0
2026-01-19 19:15:00,1.3428767919540403,1.3430029153823853,1.3428406715393066,1.3430029153823853,0
2026-01-19 19:30:00,1.3426603078842163,1.342930793762207,1.342624306678772,1.3428406715393066,0
2026-01-19 19:45:00,1.3426603078842163,1.3427504301071167,1.342570185661316,1.3426783084869385,0
2026-01-19 20:00:00,1.3427144289016724,1.3427504301071167,1.3425521850585938,1.3426424264907837,0
2026-01-19 20:15:00,1.3426603078842163,1.3426964282989502,1.342588186264038,1.3426424264907837,0
2026-01-19 20:30:00,1.342822551727295,1.342822551727295,1.3426783084869385,1.3427685499191284,0
2026-01-19 20:45:00,1.3428406715393066,1.3428767919540403,1.3427324295043943,1.342822551727295,0
2026-01-19 21:00:00,1.3427324295043943,1.3429667949676514,1.3427144289016724,1.3427865505218506,0
2026-01-19 21:15:00,1.342426061630249,1.3427865505218506,1.342426061630249,1.3427865505218506,0
2026-01-19 21:30:00,1.3427865505218506,1.3427865505218506,1.3424079418182373,1.3424079418182373,0
2026-01-19 21:45:00,1.3426063060760498,1.3428406715393066,1.3426063060760498,1.3427504301071167,0
2026-01-19 22:00:00,1.3426063060760498,1.3427144289016724,1.3417775630950928,1.3417775630950928,0
2026-01-19 22:15:00,1.3426424264907837,1.3427144289016724,1.3425521850585938,1.3425521850585938,0
2026-01-19 22:30:00,1.3427144289016724,1.3430390357971191,1.3425341844558716,1.3426964282989502,0
2026-01-19 22:45:00,1.342624306678772,1.343075156211853,1.3423539400100708,1.3428586721420288,0
2026-01-19 23:00:00,1.342209815979004,1.342570185661316,1.3421918153762815,1.342570185661316,0
2026-01-19 23:15:00,1.3419936895370483,1.3421378135681152,1.3419936895370483,1.3421196937561035,0
2026-01-19 23:30:00,1.341813564300537,1.3421196937561035,1.341813564300537,1.3419756889343262,0
2026-01-19 23:45:00,1.3418315649032593,1.3419756889343262,1.3417235612869265,1.3418675661087036,0
2026-01-20 00:00:00,1.3417235612869265,1.3419395685195925,1.3416156768798828,1.3419395685195925,0
2026-01-20 00:15:00,1.3414536714553833,1.3416515588760376,1.3414356708526611,1.3416515588760376,0
2026-01-20 00:30:00,1.3412556648254397,1.3414536714553833,1.3411117792129517,1.3413456678390503,0
2026-01-20 00:45:00,1.3420476913452148,1.3420476913452148,1.341327667236328,1.341327667236328,0
2026-01-20 01:00:00,1.3419756889343262,1.3421918153762815,1.3419036865234375,1.3420838117599487,0
2026-01-20 01:15:00,1.3418675661087036,1.342029690742493,1.3417235612869265,1.3419575691223145,0
2026-01-20 01:30:00,1.3418675661087036,1.3419036865234375,1.341687560081482,1.3417415618896484,0
2026-01-20 01:45:00,1.342426061630249,1.342426061630249,1.341795563697815,1.3419036865234375,0
2026-01-20 02:00:00,1.3421918153762815,1.3425341844558716,1.3421918153762815,1.3425341844558716,0
2026-01-20 02:15:00,1.342480182647705,1.342480182647705,1.342011570930481,1.3420476913452148,0
2026-01-20 02:30:00,1.3428946733474731,1.3428946733474731,1.3424620628356934,1.342570185661316,0
2026-01-20 02:45:00,1.3425161838531494,1.3427144289016724,1.3425161838531494,1.342624306678772,0
2026-01-20 03:00:00,1.3426424264907837,1.3427685499191284,1.342371940612793,1.3424440622329712,0
2026-01-20 03:15:00,1.3435261249542236,1.3436344861984253,1.342570185661316,1.342570185661316,0
2026-01-20 03:30:00,1.3436164855957031,1.3440136909484863,1.3434901237487793,1.3436344861984253,0
2026-01-20 03:45:00,1.3435261249542236,1.343833088874817,1.343508243560791,1.343706727027893,0
2026-01-20 04:00:00,1.343833088874817,1.343833088874817,1.343562364578247,1.343562364578247,0
2026-01-20 04:15:00,1.3441762924194336,1.344248652458191,1.3438150882720947,1.3438150882720947,0
2026-01-20 04:30:00,1.3439414501190186,1.3443028926849363,1.3439414501190186,1.3442305326461792,0
2026-01-20 04:45:00,1.344212532043457,1.3442305326461792,1.3437608480453491,1.3438873291015625,0
2026-01-20 05:00:00,1.3449898958206177,1.3449898958206177,1.3441221714019775,1.3441221714019775,0
2026-01-20 05:15:00,1.3445016145706177,1.3448632955551147,1.3445016145706177,1.3447185754776,0
2026-01-20 05:30:00,1.3444112539291382,1.3446102142333984,1.3444112539291382,1.3445016145706177,0
2026-01-20 05:45:00,1.344248652458191,1.3444656133651731,1.344248652458191,1.34442937374115,0
2026-01-20 06:00:00,1.3442305326461792,1.3443931341171265,1.3441040515899658,1.3441040515899658,0
2026-01-20 06:15:00,1.343652606010437,1.344248652458191,1.3434358835220337,1.3442305326461792,0
2026-01-20 06:30:00,1.3432915210723877,1.3437970876693726,1.3432915210723877,1.3436164855957031,0
2026-01-20 06:45:00,1.3435261249542236,1.3436707258224487,1.3432193994522097,1.3433637619018557,0
2026-01-20 07:00:00,1.343418002128601,1.343418002128601,1.3426783084869385,1.3432555198669434,0
2026-01-20 07:15:00,1.3446462154388428,1.344935655593872,1.3434540033340454,1.3434721231460571,0
2026-01-20 07:30:00,1.3477451801300049,1.348308563232422,1.3446824550628662,1.3446824550628662,0
2026-01-20 07:45:00,1.3475817441940308,1.3478723764419556,1.3472005128860474,1.3472731113433838,0
2026-01-20 08:00:00,1.3490360975265503,1.3491816520690918,1.3478542566299438,1.3478904962539673,0
2026-01-20 08:15:00,1.348054051399231,1.3489269018173218,1.3475817441940308,1.348581314086914,0
2026-01-20 08:30:00,1.3481448888778689,1.348945140838623,1.3481448888778689,1.3482903242111206,0
2026-01-20 08:45:00,1.3479995727539062,1.3488178253173828,1.3479995727539062,1.3482176065444946,0
2026-01-20 09:00:00,1.3476725816726685,1.3488178253173828,1.3476725816726685,1.348199486732483,0
2026-01-20 09:15:00,1.3479995727539062,1.3479995727539062,1.3473820686340332,1.3475091457366943,0
2026-01-20 09:30:00,1.3476181030273438,1.348599553108215,1.3476181030273438,1.3482903242111206,0
2026-01-20 09:45:00,1.3474183082580566,1.347545504570007,1.3472005128860474,1.347545504570007,0
2026-01-20 10:00:00,1.3468738794326782,1.3478542566299438,1.3468738794326782,1.3477270603179932,0
2026-01-20 10:15:00,1.3476907014846802,1.3476907014846802,1.3468012809753418,1.3470189571380615,0
2026-01-20 10:30:00,1.3481813669204712,1.3484721183776855,1.3476907014846802,1.3476907014846802,0
2026-01-20 10:45:00,1.348054051399231,1.3483266830444336,1.3477089405059814,1.3482903242111206,0
2026-01-20 11:00:00,1.3464386463165283,1.348308563232422,1.3464386463165283,1.3480359315872192,0
2026-01-20 11:15:00,1.346329927444458,1.346692442893982,1.3462574481964111,1.3463661670684814,0
2026-01-20 11:30:00,1.3466562032699585,1.346692442893982,1.3460400104522705,1.3462574481964111,0
2026-01-20 11:45:00,1.3463118076324463,1.347091555595398,1.3463118076324463,1.3466744422912598,0
2026-01-20 12:00:00,1.346166729927063,1.3463480472564695,1.345569133758545,1.3463480472564695,0
2026-01-20 12:15:00,1.3457320928573608,1.3465837240219116,1.3457320928573608,1.3462574481964111,0
2026-01-20 12:30:00,1.3451164960861206,1.3455146551132202,1.3446282148361206,1.3453880548477173,0
2026-01-20 12:45:00,1.3447366952896118,1.3450803756713867,1.3441221714019775,1.3450803756713867,0
2026-01-20 13:00:00,1.3445378541946411,1.344881296157837,1.3441762924194336,1.3448452949523926,0
2026-01-20 13:15:00,1.3445197343826294,1.345406174659729,1.3444474935531616,1.3446824550628662,0
2026-01-20 13:30:00,1.344881296157837,1.347781538963318,1.344573974609375,1.344573974609375,0
2026-01-20 13:45:00,1.3452612161636353,1.345695734024048,1.344971776008606,1.3451346158981323,0
2026-01-20 14:00:00,1.3448271751403809,1.3452974557876587,1.3441221714019775,1.3452974557876587,0
2026-01-20 14:15:00,1.3446643352508545,1.3451164960861206,1.3446282148361206,1.3449536561965942,0
2026-01-20 14:30:00,1.345858812332153,1.345858812332153,1.344573974609375,1.344573974609375,0
2026-01-20 14:45:00,1.3456594944000244,1.3463118076324463,1.345496654510498,1.3458044528961182,0
2026-01-20 15:00:00,1.34623920917511,1.346728801727295,1.3454785346984863,1.3454785346984863,0
2026-01-20 15:15:00,1.3463118076324463,1.3465112447738647,1.345858812332153,1.345858812332153,0
2026-01-20 15:30:00,1.3473457098007202,1.347400188446045,1.346293568611145,1.346293568611145,0
2026-01-20 15:45:00,1.3459312915802002,1.3477089405059814,1.3459312915802002,1.3473094701766968,0
2026-01-20 16:00:00,1.346094250679016,1.34645676612854,1.3457863330841064,1.3458044528961182,0
2026-01-20 16:15:00,1.3465656042099,1.3467469215393066,1.3458044528961182,1.346166729927063,0
2026-01-20 16:30:00,1.3460218906402588,1.3464386463165283,1.3455146551132202,1.3464386463165283,0
2026-01-20 16:45:00,1.347091555595398,1.347091555595398,1.345587134361267,1.346130609512329,0
2026-01-20 17:00:00,1.3472912311553955,1.347527265548706,1.3469102382659912,1.3469102382659912,0
2026-01-20 17:15:00,1.3460761308670044,1.347091555595398,1.345876932144165,1.347091555595398,0
2026-01-20 17:30:00,1.3460218906402588,1.3464024066925049,1.3457863330841064,1.3457863330841064,0
2026-01-20 17:45:00,1.3457863330841064,1.3461849689483645,1.345750093460083,1.3460036516189575,0
2026-01-20 18:00:00,1.3456052541732788,1.3457320928573608,1.3454785346984863,1.345695734024048,0
2026-01-20 18:15:00,1.3455508947372437,1.345677614212036,1.345442295074463,1.345532774925232,0
2026-01-20 18:30:00,1.3447909355163574,1.345532774925232,1.3447909355163574,1.345532774925232,0
2026-01-20 18:45:00,1.3444656133651731,1.3449536561965942,1.3443931341171265,1.3448994159698486,0
2026-01-20 19:00:00,1.3438512086868286,1.3445920944213867,1.3436707258224487,1.3445920944213867,0
2026-01-20 19:15:00,1.3437789678573608,1.344031810760498,1.343706727027893,1.343706727027893,0
2026-01-20 19:30:00,1.3432915210723877,1.3439414501190186,1.3432555198669434,1.3438150882720947,0
2026-01-20 19:45:00,1.3428045511245728,1.3434721231460571,1.3427865505218506,1.3434358835220337,0
2026-01-20 20:00:00,1.3428767919540403,1.3433637619018557,1.3426063060760498,1.3426964282989502,0
2026-01-20 20:15:00,1.3433277606964111,1.3433637619018557,1.3427685499191284,1.3430029153823853,0
2026-01-20 20:30:00,1.3435261249542236,1.3435261249542236,1.3431652784347534,1.3434540033340454,0
2026-01-20 20:45:00,1.3432915210723877,1.3435983657836914,1.3431652784347534,1.3434901237487793,0
2026-01-20 21:00:00,1.3435983657836914,1.343742847442627,1.3433277606964111,1.3433277606964111,0
2026-01-20 21:15:00,1.3439234495162964,1.3439234495162964,1.3436344861984253,1.343706727027893,0
2026-01-20 21:30:00,1.3438692092895508,1.3439054489135742,1.343706727027893,1.3437970876693726,0
2026-01-20 21:45:00,1.3442305326461792,1.3443208932876587,1.3438512086868286,1.3438512086868286,0
2026-01-20 22:00:00,1.344357132911682,1.3450803756713867,1.3441402912139893,1.344573974609375,0
2026-01-20 22:15:00,1.3441582918167114,1.3445197343826294,1.343833088874817,1.3443028926849363,0
2026-01-20 22:30:00,1.3446643352508545,1.3446643352508545,1.3442305326461792,1.3442847728729248,0
2026-01-20 22:45:00,1.344573974609375,1.3448271751403809,1.344573974609375,1.3448271751403809,0
2026-01-20 23:00:00,1.3440680503845217,1.3443208932876587,1.344031810760498,1.3443028926849363,0
2026-01-20 23:15:00,1.344085931777954,1.3442305326461792,1.3440136909484863,1.3440680503845217,0
2026-01-20 23:30:00,1.3440680503845217,1.3441762924194336,1.3439956903457642,1.3440499305725098,0
2026-01-20 23:45:00,1.344085931777954,1.344266653060913,1.344085931777954,1.3441221714019775,0
2026-01-21 00:00:00,1.3437789678573608,1.3438692092895508,1.343562364578247,1.3438692092895508,0
2026-01-21 00:15:00,1.3436344861984253,1.343706727027893,1.3434358835220337,1.343706727027893,0
2026-01-21 00:30:00,1.343562364578247,1.3438873291015625,1.343508243560791,1.3435983657836914,0
2026-01-21 00:45:00,1.3441762924194336,1.3441762924194336,1.3433817625045776,1.343508243560791,0
2026-01-21 01:00:00,1.3443028926849363,1.3444474935531616,1.3439595699310305,1.3442847728729248,0
2026-01-21 01:15:00,1.3453155755996704,1.3453155755996704,1.3441762924194336,1.344266653060913,0
2026-01-21 01:30:00,1.3455146551132202,1.345695734024048,1.3451346158981323,1.3453155755996704,0
2026-01-21 01:45:00,1.3450984954833984,1.3455146551132202,1.3450984954833984,1.3455146551132202,0
2026-01-21 02:00:00,1.345152735710144,1.345496654510498,1.345062255859375,1.3452069759368896,0
2026-01-21 02:15:00,1.344700574874878,1.3450803756713867,1.344700574874878,1.3450803756713867,0
2026-01-21 02:30:00,1.344700574874878,1.3450080156326294,1.344573974609375,1.3446824550628662,0
2026-01-21 02:45:00,1.34442937374115,1.3447185754776,1.34442937374115,1.3447185754776,0
2026-01-21 03:00:00,1.3440680503845217,1.3446282148361206,1.3440680503845217,1.3446282148361206,0
2026-01-21 03:15:00,1.3435803651809692,1.3440136909484863,1.3435261249542236,1.343977689743042,0
2026-01-21 03:30:00,1.3436344861984253,1.3437248468399048,1.3434721231460571,1.3434721231460571,0
2026-01-21 03:45:00,1.3440499305725098,1.3440499305725098,1.3436344861984253,1.3436344861984253,0
2026-01-21 04:00:00,1.3436164855957031,1.344031810760498,1.3434540033340454,1.344031810760498,0
2026-01-21 04:15:00,1.343508243560791,1.343742847442627,1.343508243560791,1.3436164855957031,0
2026-01-21 04:30:00,1.343652606010437,1.3436886072158811,1.3433998823165894,1.3434901237487793,0
2026-01-21 04:45:00,1.3438512086868286,1.3439054489135742,1.3436707258224487,1.3437248468399048,0
2026-01-21 05:00:00,1.3439234495162964,1.3440136909484863,1.343706727027893,1.3437789678573608,0
2026-01-21 05:15:00,1.3437248468399048,1.343977689743042,1.3437248468399048,1.3439234495162964,0
2026-01-21 05:30:00,1.3438150882720947,1.3439054489135742,1.3436886072158811,1.343706727027893,0
2026-01-21 05:45:00,1.3437608480453491,1.3439054489135742,1.3436344861984253,1.3437970876693726,0
2026-01-21 06:00:00,1.3437789678573608,1.3438150882720947,1.3435983657836914,1.3437608480453491,0
2026-01-21 06:15:00,1.3438512086868286,1.3439054489135742,1.3437789678573608,1.3437789678573608,0
2026-01-21 06:30:00,1.344194412231445,1.3442847728729248,1.3437970876693726,1.3439054489135742,0
2026-01-21 06:45:00,1.3438512086868286,1.344194412231445,1.3437248468399048,1.344194412231445,0
2026-01-21 07:00:00,1.3436164855957031,1.344031810760498,1.343111276626587,1.343111276626587,0
2026-01-21 07:15:00,1.3444474935531616,1.344935655593872,1.3437248468399048,1.3437248468399048,0
2026-01-21 07:30:00,1.3439595699310305,1.3445197343826294,1.3434358835220337,1.3445197343826294,0
2026-01-21 07:45:00,1.3442847728729248,1.3445016145706177,1.3437970876693726,1.3438873291015625,0
2026-01-21 08:00:00,1.344212532043457,1.3443028926849363,1.3433998823165894,1.3443028926849363,0
2026-01-21 08:15:00,1.344357132911682,1.344700574874878,1.3440136909484863,1.3444474935531616,0
2026-01-21 08:30:00,1.344194412231445,1.344212532043457,1.3437789678573608,1.3441762924194336,0
2026-01-21 08:45:00,1.344031810760498,1.3444112539291382,1.3440136909484863,1.344212532043457,0
2026-01-21 09:00:00,1.343562364578247,1.3438692092895508,1.343418002128601,1.3437608480453491,0
2026-01-21 09:15:00,1.3431833982467651,1.3435803651809692,1.343075156211853,1.343273639678955,0
2026-01-21 09:30:00,1.341579556465149,1.342822551727295,1.341579556465149,1.342822551727295,0
2026-01-21 09:45:00,1.3411117792129517,1.341525673866272,1.3410218954086304,1.341381549835205,0
2026-01-21 10:00:00,1.3411297798156738,1.341489553451538,1.3408420085906982,1.3411297798156738,0
2026-01-21 10:15:00,1.3408960103988647,1.341381549835205,1.3407342433929443,1.341381549835205,0
2026-01-21 10:30:00,1.3410218954086304,1.341075778007507,1.3404107093811035,1.3407162427902222,0
2026-01-21 10:45:00,1.3407881259918213,1.340985894203186,1.3405184745788574,1.340985894203186,0
2026-01-21 11:00:00,1.3405184745788574,1.3408241271972656,1.3403927087783811,1.3406083583831787,0
2026-01-21 11:15:00,1.341381549835205,1.3414356708526611,1.3402670621871948,1.3404465913772583,0
2026-01-21 11:30:00,1.3413995504379272,1.341705560684204,1.341381549835205,1.341381549835205,0
2026-01-21 11:45:00,1.3410398960113523,1.342011570930481,1.3408780097961426,1.3416515588760376,0
2026-01-21 12:00:00,1.3419036865234375,1.3419036865234375,1.3405364751815796,1.3407342433929443,0
2026-01-21 12:15:00,1.341687560081482,1.341849684715271,1.3411297798156738,1.341849684715271,0
2026-01-21 12:30:00,1.3424620628356934,1.3424980640411377,1.341705560684204,1.3417235612869265,0
2026-01-21 12:45:00,1.3425341844558716,1.342624306678772,1.3417595624923706,1.342624306678772,0
2026-01-21 13:00:00,1.34217369556427,1.3426964282989502,1.3421378135681152,1.342480182647705,0
2026-01-21 13:15:00,1.3418855667114258,1.3421918153762815,1.3413636684417725,1.342065691947937,0
2026-01-21 13:30:00,1.3427865505218506,1.3429667949676514,1.3419036865234375,1.3419575691223145,0
2026-01-21 13:45:00,1.344085931777954,1.344357132911682,1.3427324295043943,1.3427324295043943,0
2026-01-21 14:00:00,1.343706727027893,1.344266653060913,1.3430390357971191,1.344266653060913,0
2026-01-21 14:15:00,1.343706727027893,1.3437789678573608,1.3423359394073486,1.3437789678573608,0
2026-01-21 14:30:00,1.345152735710144,1.3454785346984863,1.3438692092895508,1.3438692092895508,0
2026-01-21 14:45:00,1.3452069759368896,1.345569133758545,1.3448632955551147,1.3453518152236938,0
2026-01-21 15:00:00,1.345152735710144,1.34582257270813,1.3450441360473633,1.3452974557876587,0
2026-01-21 15:15:00,1.3433817625045776,1.345243215560913,1.3430570363998413,1.345243215560913,0
2026-01-21 15:30:00,1.344266653060913,1.3445016145706177,1.343652606010437,1.343652606010437,0
2026-01-21 15:45:00,1.3427685499191284,1.3444112539291382,1.3427685499191284,1.3443208932876587,0
2026-01-21 16:00:00,1.343977689743042,1.3441221714019775,1.3427324295043943,1.3427324295043943,0
2026-01-21 16:15:00,1.3436164855957031,1.3439414501190186,1.3427865505218506,1.3439414501190186,0
2026-01-21 16:30:00,1.3432555198669434,1.3439054489135742,1.342930793762207,1.3434721231460571,0
2026-01-21 16:45:00,1.3427865505218506,1.3433817625045776,1.3426964282989502,1.3430029153823853,0
2026-01-21 17:00:00,1.3427865505218506,1.3430390357971191,1.342588186264038,1.3428586721420288,0
2026-01-21 17:15:00,1.3435803651809692,1.3437970876693726,1.342930793762207,1.342930793762207,0
2026-01-21 17:30:00,1.342209815979004,1.343508243560791,1.3420838117599487,1.343508243560791,0
2026-01-21 17:45:00,1.3428946733474731,1.3428946733474731,1.341813564300537,1.342029690742493,0
2026-01-21 18:00:00,1.3420838117599487,1.3427144289016724,1.3420838117599487,1.3427144289016724,0
2026-01-21 18:15:00,1.3426063060760498,1.3426063060760498,1.342011570930481,1.3423179388046265,0
2026-01-21 18:30:00,1.342227816581726,1.3427324295043943,1.3420476913452148,1.3427324295043943,0
2026-01-21 18:45:00,1.3421918153762815,1.3426424264907837,1.3421918153762815,1.3424079418182373,0
2026-01-21 19:00:00,1.3418855667114258,1.342209815979004,1.3418675661087036,1.3421918153762815,0
2026-01-21 19:15:00,1.341309666633606,1.3430390357971191,1.341309666633606,1.3418675661087036,0
2026-01-21 19:30:00,1.341327667236328,1.342011570930481,1.341075778007507,1.3412736654281616,0
2026-01-21 19:45:00,1.3419036865234375,1.3419036865234375,1.3410578966140747,1.341219782829285,0
2026-01-21 20:00:00,1.3417775630950928,1.3423179388046265,1.3417235612869265,1.3423179388046265,0
2026-01-21 20:15:00,1.341705560684204,1.3420838117599487,1.3413995504379272,1.3418315649032593,0
2026-01-21 20:30:00,1.3419756889343262,1.3420838117599487,1.3417415618896484,1.3417415618896484,0
2026-01-21 20:45:00,1.3426603078842163,1.3426603078842163,1.3420838117599487,1.3421016931533811,0
2026-01-21 21:00:00,1.342588186264038,1.3427324295043943,1.342390060424805,1.3426063060760498,0
2026-01-21 21:15:00,1.3426603078842163,1.3426964282989502,1.342588186264038,1.3426063060760498,0
2026-01-21 21:30:00,1.3431291580200195,1.3432555198669434,1.3427504301071167,1.3427504301071167,0
2026-01-21 21:45:00,1.3429667949676514,1.3432193994522097,1.3429667949676514,1.3430390357971191,0
2026-01-21 22:00:00,1.3426964282989502,1.3432193994522097,1.342371940612793,1.3429667949676514,0
2026-01-21 22:15:00,1.3432375192642212,1.3432555198669434,1.3427685499191284,1.3427685499191284,0
2026-01-21 22:30:00,1.3429127931594849,1.343075156211853,1.3427685499191284,1.3429489135742188,0
2026-01-21 22:45:00,1.3431472778320312,1.3431472778320312,1.3427865505218506,1.343075156211853,0
2026-01-21 23:00:00,1.3427324295043943,1.343111276626587,1.3426783084869385,1.3428946733474731,0
2026-01-21 23:15:00,1.3424620628356934,1.3427685499191284,1.3422638177871704,1.342588186264038,0
2026-01-21 23:30:00,1.3421378135681152,1.342480182647705,1.3421196937561035,1.342480182647705,0
2026-01-21 23:45:00,1.3418855667114258,1.3422638177871704,1.3418855667114258,1.3421918153762815,0
2026-01-22 00:00:00,1.3421196937561035,1.3421558141708374,1.341849684715271,1.341849684715271,0
2026-01-22 00:15:00,1.3419395685195925,1.342227816581726,1.3418675661087036,1.3421196937561035,0
2026-01-22 00:30:00,1.3424980640411377,1.3425341844558716,1.3421558141708374,1.342209815979004,0
2026-01-22 00:45:00,1.342984914779663,1.343111276626587,1.342426061630249,1.342426061630249,0
2026-01-22 01:00:00,1.3428767919540403,1.3428767919540403,1.3425341844558716,1.3428586721420288,0
2026-01-22 01:15:00,1.3429667949676514,1.3430029153823853,1.3426063060760498,1.342624306678772,0
2026-01-22 01:30:00,1.342822551727295,1.3431833982467651,1.3427324295043943,1.3429489135742188,0
2026-01-22 01:45:00,1.3430931568145752,1.3432193994522097,1.3428586721420288,1.3428586721420288,0
2026-01-22 02:00:00,1.3433277606964111,1.343508243560791,1.343075156211853,1.343075156211853,0
2026-01-22 02:15:00,1.3424079418182373,1.3432193994522097,1.3424079418182373,1.3431833982467651,0
2026-01-22 02:30:00,1.3426063060760498,1.3426603078842163,1.3423359394073486,1.3424440622329712,0
2026-01-22 02:45:00,1.342588186264038,1.3426603078842163,1.342480182647705,1.3426603078842163,0
2026-01-22 03:00:00,1.3428767919540403,1.342984914779663,1.3426424264907837,1.3426783084869385,0
2026-01-22 03:15:00,1.3429667949676514,1.3431291580200195,1.3427144289016724,1.342984914779663,0
2026-01-22 03:30:00,1.3430029153823853,1.3430931568145752,1.3428406715393066,1.3428406715393066,0
2026-01-22 03:45:00,1.3432555198669434,1.3433277606964111,1.342930793762207,1.342984914779663,0
2026-01-22 04:00:00,1.3439414501190186,1.3439414501190186,1.3432915210723877,1.3432915210723877,0
2026-01-22 04:15:00,1.3436164855957031,1.343977689743042,1.3435442447662354,1.343977689743042,0
2026-01-22 04:30:00,1.343111276626587,1.3436164855957031,1.343111276626587,1.3436164855957031,0
2026-01-22 04:45:00,1.3432193994522097,1.3432915210723877,1.343075156211853,1.343075156211853,0
2026-01-22 05:00:00,1.3430390357971191,1.343075156211853,1.3428946733474731,1.343075156211853,0
2026-01-22 05:15:00,1.3426964282989502,1.343021035194397,1.342624306678772,1.342984914779663,0
2026-01-22 05:30:00,1.3426063060760498,1.3428767919540403,1.3426063060760498,1.3427685499191284,0
2026-01-22 05:45:00,1.3429127931594849,1.3429127931594849,1.3423179388046265,1.3423179388046265,0
2026-01-22 06:00:00,1.3424980640411377,1.342930793762207,1.342371940612793,1.342930793762207,0
2026-01-22 06:15:00,1.3426603078842163,1.3427865505218506,1.342480182647705,1.3426603078842163,0
2026-01-22 06:30:00,1.3424079418182373,1.3427144289016724,1.3422459363937378,1.3426783084869385,0
2026-01-22 06:45:00,1.342624306678772,1.342624306678772,1.3421196937561035,1.3424440622329712,0
2026-01-22 07:00:00,1.3424079418182373,1.3428045511245728,1.3424079418182373,1.3427865505218506,0
2026-01-22 07:15:00,1.3430931568145752,1.3431833982467651,1.3424980640411377,1.3425521850585938,0
2026-01-22 07:30:00,1.3433817625045776,1.3438150882720947,1.3432555198669434,1.343273639678955,0
2026-01-22 07:45:00,1.3434901237487793,1.3437248468399048,1.3431833982467651,1.3433998823165894,0
2026-01-22 08:00:00,1.3425521850585938,1.3431833982467651,1.342426061630249,1.3431833982467651,0
2026-01-22 08:15:00,1.3422999382019043,1.3426063060760498,1.3422999382019043,1.342588186264038,0
2026-01-22 08:30:00,1.3414356708526611,1.3421918153762815,1.3410937786102295,1.3421918153762815,0
2026-01-22 08:45:00,1.3419936895370483,1.3419936895370483,1.3412376642227173,1.3413456678390503,0
2026-01-22 09:00:00,1.3427865505218506,1.3429489135742188,1.3417775630950928,1.3417775630950928,0
2026-01-22 09:15:00,1.3439054489135742,1.344212532043457,1.3427865505218506,1.342930793762207,0
2026-01-22 09:30:00,1.3442305326461792,1.3442305326461792,1.343562364578247,1.3438873291015625,0
2026-01-22 09:45:00,1.34442937374115,1.3445920944213867,1.3442847728729248,1.344573974609375,0
2026-01-22 10:00:00,1.3440499305725098,1.3449898958206177,1.3440499305725098,1.3446282148361206,0
2026-01-22 10:15:00,1.3438692092895508,1.3440680503845217,1.343706727027893,1.3440680503845217,0
2026-01-22 10:30:00,1.3446102142333984,1.3446824550628662,1.3439595699310305,1.3439956903457642,0
2026-01-22 10:45:00,1.3447729349136353,1.3450803756713867,1.344357132911682,1.3446102142333984,0
2026-01-22 11:00:00,1.3429667949676514,1.3452974557876587,1.3429667949676514,1.3447909355163574,0
2026-01-22 11:15:00,1.3421196937561035,1.342209815979004,1.3403747081756592,1.341327667236328,0
2026-01-22 11:30:00,1.342209815979004,1.3425161838531494,1.341813564300537,1.342029690742493,0
2026-01-22 11:45:00,1.3425521850585938,1.3432915210723877,1.342065691947937,1.342624306678772,0
2026-01-22 12:00:00,1.3429127931594849,1.3431472778320312,1.3419756889343262,1.3419756889343262,0
2026-01-22 12:15:00,1.3427504301071167,1.3432012796401978,1.3427324295043943,1.342984914779663,0
2026-01-22 12:30:00,1.3431833982467651,1.3435261249542236,1.3426063060760498,1.3428045511245728,0
2026-01-22 12:45:00,1.3426424264907837,1.3434721231460571,1.3418855667114258,1.3432915210723877,0
2026-01-22 13:00:00,1.3421196937561035,1.3426964282989502,1.342011570930481,1.3426783084869385,0
2026-01-22 13:15:00,1.3416695594787598,1.3426964282989502,1.3416156768798828,1.3420838117599487,0
2026-01-22 13:30:00,1.341381549835205,1.3436707258224487,1.341381549835205,1.341579556465149,0
2026-01-22 13:45:00,1.3421196937561035,1.34217369556427,1.341381549835205,1.3415435552597046,0
2026-01-22 14:00:00,1.3428767919540403,1.3430390357971191,1.3423179388046265,1.3423179388046265,0
2026-01-22 14:15:00,1.3433637619018557,1.343418002128601,1.3429127931594849,1.343021035194397,0
2026-01-22 14:30:00,1.3442847728729248,1.3443931341171265,1.3434540033340454,1.3435983657836914,0
2026-01-22 14:45:00,1.3447366952896118,1.345188856124878,1.3438873291015625,1.3440680503845217,0
2026-01-22 15:00:00,1.346765160560608,1.346765160560608,1.3447729349136353,1.3448994159698486,0
2026-01-22 15:15:00,1.3475091457366943,1.3475091457366943,1.3467106819152832,1.34689199924469,0
2026-01-22 15:30:00,1.347981333732605,1.347981333732605,1.3472912311553955,1.347472906112671,0
2026-01-22 15:45:00,1.3477634191513062,1.348308563232422,1.3477089405059814,1.3482539653778076,0
2026-01-22 16:00:00,1.3487995862960815,1.3487995862960815,1.3478360176086426,1.3478360176086426,0
2026-01-22 16:15:00,1.3494912385940552,1.349892020225525,1.3487995862960815,1.3488905429840088,0
2026-01-22 16:30:00,1.349582314491272,1.349582314491272,1.3489633798599243,1.3491089344024658,0
2026-01-22 16:45:00,1.3489997386932373,1.3497644662857056,1.3489997386932373,1.3496005535125732,0
2026-01-22 17:00:00,1.3488905429840088,1.3489269018173218,1.3482539653778076,1.3489269018173218,0
2026-01-22 17:15:00,1.3490906953811646,1.3490906953811646,1.3484176397323608,1.3486357927322388,0
2026-01-22 17:30:00,1.3494548797607422,1.349582314491272,1.3487813472747805,1.3490725755691528,0
2026-01-22 17:45:00,1.3493273258209229,1.3495640754699707,1.3489997386932373,1.349400281906128,0
2026-01-22 18:00:00,1.3496005535125732,1.34969162940979,1.3491816520690918,1.349199891090393,0
2026-01-22 18:15:00,1.350001335144043,1.3501107692718506,1.3496733903884888,1.3496733903884888,0
2026-01-22 18:30:00,1.3495277166366575,1.35023832321167,1.3495094776153564,1.3500195741653442,0
2026-01-22 18:45:00,1.3499467372894287,1.3499467372894287,1.3494731187820437,1.3495094776153564,0
2026-01-22 19:00:00,1.3494184017181396,1.350001335144043,1.3493092060089111,1.350001335144043,0
2026-01-22 19:15:00,1.3488905429840088,1.3494548797607422,1.3487995862960815,1.3494548797607422,0
2026-01-22 19:30:00,1.3489269018173218,1.3489997386932373,1.348690390586853,1.3489269018173218,0
2026-01-22 19:45:00,1.34916353225708,1.34916353225708,1.34890878200531,1.349017858505249,0
2026-01-22 20:00:00,1.34969162940979,1.34969162940979,1.348945140838623,1.3490543365478516,0
2026-01-22 20:15:00,1.3496370315551758,1.3498555421829224,1.3496005535125732,1.3497827053070068,0
2026-01-22 20:30:00,1.350074291229248,1.350074291229248,1.3495094776153564,1.3495277166366575,0
2026-01-22 20:45:00,1.3498190641403198,1.3503477573394775,1.3496733903884888,1.3503477573394775,0
2026-01-22 21:00:00,1.3499648571014404,1.350311279296875,1.34969162940979,1.349727988243103,0
2026-01-22 21:15:00,1.350511908531189,1.350511908531189,1.3499648571014404,1.3500378131866455,0
2026-01-22 21:30:00,1.350639581680298,1.3507490158081057,1.350530028343201,1.350584864616394,0
2026-01-22 21:45:00,1.350311279296875,1.3505666255950928,1.350311279296875,1.3505666255950928,0
2026-01-22 22:00:00,1.3499102592468262,1.3499467372894287,1.3493638038635254,1.3496551513671875,0
2026-01-22 22:15:00,1.3496187925338743,1.3501653671264648,1.3494731187820437,1.3500378131866455,0
2026-01-22 22:30:00,1.3502565622329712,1.3502565622329712,1.3497462272644043,1.3497462272644043,0
2026-01-22 22:45:00,1.3503295183181765,1.350438952445984,1.3501471281051636,1.3501471281051636,0
2026-01-22 23:00:00,1.350584864616394,1.350712537765503,1.3504024744033811,1.3504936695098877,0
2026-01-22 23:15:00,1.3504207134246826,1.350584864616394,1.3504207134246826,1.3504936695098877,0
2026-01-22 23:30:00,1.3500559329986572,1.3504207134246826,1.350001335144043,1.3504207134246826,0
2026-01-22 23:45:00,1.350001335144043,1.350183606147766,1.3499467372894287,1.3501653671264648,0
2026-01-23 00:00:00,1.349800944328308,1.3500195741653442,1.3496187925338743,1.3499830961227417,0
2026-01-23 00:15:00,1.3499467372894287,1.350001335144043,1.3497644662857056,1.3497644662857056,0
2026-01-23 00:30:00,1.3497098684310913,1.3500195741653442,1.3497098684310913,1.3500195741653442,0
2026-01-23 00:45:00,1.3496187925338743,1.3497644662857056,1.3495277166366575,1.3497462272644043,0
2026-01-23 01:00:00,1.3498190641403198,1.349837303161621,1.3496551513671875,1.3497098684310913,0
2026-01-23 01:15:00,1.350074291229248,1.350438952445984,1.350001335144043,1.3501653671264648,0
2026-01-23 01:30:00,1.3498190641403198,1.350201964378357,1.3498190641403198,1.350074291229248,0
2026-01-23 01:45:00,1.3498190641403198,1.3500195741653442,1.3496551513671875,1.349837303161621,0
2026-01-23 02:00:00,1.3495640754699707,1.3498190641403198,1.3494184017181396,1.3498190641403198,0
2026-01-23 02:15:00,1.3495277166366575,1.3496370315551758,1.349436640739441,1.3495277166366575,0
2026-01-23 02:30:00,1.3493092060089111,1.3496551513671875,1.3493092060089111,1.3496551513671875,0
2026-01-23 02:45:00,1.3493820428848269,1.3495277166366575,1.3493092060089111,1.3493092060089111,0
2026-01-23 03:00:00,1.3492727279663086,1.349545955657959,1.3492727279663086,1.349345564842224,0
2026-01-23 03:15:00,1.3489997386932373,1.349436640739441,1.348981499671936,1.3493638038635254,0
2026-01-23 03:30:00,1.3491816520690918,1.3491816520690918,1.348945140838623,1.348945140838623,0
2026-01-23 03:45:00,1.349127173423767,1.349345564842224,1.349017858505249,1.3492727279663086,0
2026-01-23 04:00:00,1.349127173423767,1.3492727279663086,1.349017858505249,1.3492181301116943,0
2026-01-23 04:15:00,1.3492363691329956,1.349345564842224,1.3491816520690918,1.349199891090393,0
2026-01-23 04:30:00,1.349545955657959,1.349545955657959,1.3491452932357788,1.34916353225708,0
2026-01-23 04:45:00,1.3497098684310913,1.3498190641403198,1.3494731187820437,1.349582314491272,0
2026-01-23 05:00:00,1.3498737812042236,1.3500378131866455,1.3498555421829224,1.3499284982681274,0
2026-01-23 05:15:00,1.349727988243103,1.350092530250549,1.34969162940979,1.3499102592468262,0
2026-01-23 05:30:00,1.3497827053070068,1.3498555421829224,1.3496370315551758,1.34969162940979,0
2026-01-23 05:45:00,1.3498555421829224,1.3499102592468262,1.34969162940979,1.3498190641403198,0
2026-01-23 06:00:00,1.3494548797607422,1.3499467372894287,1.3494184017181396,1.3497462272644043,0
2026-01-23 06:15:00,1.3491452932357788,1.3495094776153564,1.349017858505249,1.3494548797607422,0
2026-01-23 06:30:00,1.3490906953811646,1.3495094776153564,1.3490906953811646,1.349127173423767,0
2026-01-23 06:45:00,1.348381280899048,1.34916353225708,1.348381280899048,1.34916353225708,0
2026-01-23 07:00:00,1.3491089344024658,1.3496733903884888,1.34890878200531,1.3493273258209229,0
2026-01-23 07:15:00,1.348981499671936,1.3491452932357788,1.3487813472747805,1.349017858505249,0
2026-01-23 07:30:00,1.3507490158081057,1.3507490158081057,1.3489633798599243,1.3490543365478516,0
2026-01-23 07:45:00,1.3493273258209229,1.3502565622329712,1.349254488945007,1.350001335144043,0
2026-01-23 08:00:00,1.3489997386932373,1.3495094776153564,1.3486357927322388,1.3495094776153564,0
2026-01-23 08:15:00,1.3487632274627686,1.34890878200531,1.3484903573989868,1.34865403175354,0
2026-01-23 08:30:00,1.3497098684310913,1.3497098684310913,1.3484176397323608,1.3487995862960815,0
2026-01-23 08:45:00,1.350201964378357,1.35023832321167,1.3494184017181396,1.3494731187820437,0
2026-01-23 09:00:00,1.350201964378357,1.350621223449707,1.350001335144043,1.350074291229248,0
2026-01-23 09:15:00,1.350712537765503,1.3507490158081057,1.3501107692718506,1.350311279296875,0
2026-01-23 09:30:00,1.352685809135437,1.352685809135437,1.3511505126953125,1.351515769958496,0
2026-01-23 09:45:00,1.3529419898986816,1.3534363508224487,1.3528138399124146,1.353051781654358,0
2026-01-23 10:00:00,1.3529237508773804,1.3534363508224487,1.352649211883545,1.352960228919983,0
2026-01-23 10:15:00,1.3533997535705566,1.3533997535705566,1.3526124954223633,1.3528504371643066,0
2026-01-23 10:30:00,1.3530884981155396,1.3536012172698977,1.3530151844024658,1.3535828590393066,0
2026-01-23 10:45:00,1.3526124954223633,1.3529969453811646,1.352319836616516,1.3529969453811646,0
2026-01-23 11:00:00,1.3529053926467896,1.3529969453811646,1.3524113893508911,1.352685809135437,0
2026-01-23 11:15:00,1.352649211883545,1.352960228919983,1.3518811464309692,1.3528138399124146,0
2026-01-23 11:30:00,1.3524478673934937,1.3532166481018066,1.3524478673934937,1.3527222871780396,0
2026-01-23 11:45:00,1.3519543409347534,1.3531250953674316,1.3515522480010986,1.352594256401062,0
2026-01-23 12:00:00,1.352319836616516,1.3524113893508911,1.3519543409347534,1.3519543409347534,0
2026-01-23 12:15:00,1.352319836616516,1.352649211883545,1.352319836616516,1.3523930311203003,0
2026-01-23 12:30:00,1.3529237508773804,1.3529969453811646,1.3524296283721924,1.3525028228759766,0
2026-01-23 12:45:00,1.3527772426605225,1.3531616926193235,1.3527406454086304,1.3529053926467896,0
2026-01-23 13:00:00,1.3531067371368408,1.3531067371368408,1.3527222871780396,1.3530151844024658,0
2026-01-23 13:15:00,1.3534547090530396,1.3535096645355225,1.3530884981155396,1.353234887123108,0
2026-01-23 13:30:00,1.353033423423767,1.3534914255142212,1.3528138399124146,1.3533997535705566,0
2026-01-23 13:45:00,1.3526124954223633,1.353143334388733,1.3525760173797607,1.3529969453811646,0
2026-01-23 14:00:00,1.353033423423767,1.353033423423767,1.3521736860275269,1.352539300918579,0
2026-01-23 14:15:00,1.3529969453811646,1.3529969453811646,1.35255765914917,1.3529785871505735,0
2026-01-23 14:30:00,1.3525028228759766,1.3530151844024658,1.3525028228759766,1.3530151844024658,0
2026-01-23 14:45:00,1.3537845611572266,1.3537845611572266,1.3527406454086304,1.3527590036392212,0
2026-01-23 15:00:00,1.354334592819214,1.3544446229934692,1.3536561727523804,1.353692889213562,0
2026-01-23 15:15:00,1.3550136089324951,1.3551788330078125,1.354334592819214,1.3543895483016968,0
2026-01-23 15:30:00,1.3552889823913574,1.3555094003677368,1.3551052808761597,1.3551052808761597,0
2026-01-23 15:45:00,1.3565576076507568,1.3567416667938232,1.3552889823913574,1.3552889823913574,0
2026-01-23 16:00:00,1.35637366771698,1.3569073677062988,1.3561527729034424,1.3564472198486328,0
2026-01-23 16:15:00,1.357367753982544,1.357367753982544,1.3562816381454468,1.3562816381454468,0
2026-01-23 16:30:00,1.3591388463974,1.3591388463974,1.3575705289840698,1.3575705289840698,0
2026-01-23 16:45:00,1.3588987588882446,1.359730243682861,1.358861804008484,1.3590279817581177,0
2026-01-23 17:00:00,1.3599891662597656,1.3600445985794067,1.358788013458252,1.358788013458252,0
2026-01-23 17:15:00,1.360858917236328,1.360951542854309,1.3596748113632202,1.359933614730835,0
2026-01-23 17:30:00,1.360322117805481,1.3621565103530884,1.360322117805481,1.3610812425613403,0
2026-01-23 17:45:00,1.3608959913253784,1.3610997200012207,1.3601741790771484,1.360377550125122,0
2026-01-23 18:00:00,1.3595638275146484,1.360784888267517,1.3594714403152466,1.360525608062744,0
2026-01-23 18:15:00,1.360784888267517,1.3609145879745483,1.3594529628753662,1.3594529628753662,0
2026-01-23 18:30:00,1.360507249832153,1.360692262649536,1.3601555824279783,1.360507249832153,0
2026-01-23 18:45:00,1.3605626821517944,1.3606553077697754,1.3601555824279783,1.3605997562408447,0
2026-01-23 19:00:00,1.361581563949585,1.3616001605987549,1.360673904418945,1.360673904418945,0
2026-01-23 19:15:00,1.3610072135925293,1.3616743087768557,1.3607664108276367,1.361488938331604,0
2026-01-23 19:30:00,1.3610812425613403,1.3611923456192017,1.3608959913253784,1.3610256910324097,0
2026-01-23 19:45:00,1.3625463247299194,1.36280620098114,1.3610812425613403,1.3612295389175415,0
2026-01-23 20:00:00,1.3627877235412598,1.3627877235412598,1.3622678518295288,1.362416386604309,0
2026-01-23 20:15:00,1.363493800163269,1.3636983633041382,1.3629920482635498,1.3631964921951294,0
2026-01-23 20:30:00,1.3630292415618896,1.3631964921951294,1.362453579902649,1.36308491230011,0
2026-01-23 20:45:00,1.3638099431991575,1.3638099431991575,1.36273193359375,1.3629549741744995,0
2026-01-23 21:00:00,1.3643122911453247,1.3643310070037842,1.3635495901107788,1.3637913465499878,0
2026-01-23 21:15:00,1.3643122911453247,1.364498496055603,1.3638099431991575,1.3642005920410156,0
2026-01-23 21:30:00,1.3639215230941772,1.364405393600464,1.363493800163269,1.364405393600464,0
2026-01-23 21:45:00,1.364498496055603,1.364498496055603,1.3636425733566284,1.3640331029891968,0
2026-01-23 22:00:00,1.3645542860031128,1.3645542860031128,1.3645542860031128,1.3645542860031128,0
2026-01-23 22:15:00,1.3645542860031128,1.3645542860031128,1.3645542860031128,1.3645542860031128,0
2026-01-26 00:00:00,1.3649641275405884,1.365691065788269,1.3647778034210205,1.365691065788269,0
2026-01-26 00:15:00,1.365411400794983,1.365411400794983,1.3645356893539429,1.36481511592865,0
2026-01-26 00:30:00,1.365541934967041,1.3655606508255005,1.3647592067718506,1.3649827241897583,0
2026-01-26 00:45:00,1.3667737245559692,1.3667737245559692,1.3654487133026123,1.3654487133026123,0
2026-01-26 01:00:00,1.3664188385009766,1.3673343658447266,1.366138935089111,1.367091417312622,0
2026-01-26 01:15:00,1.366493582725525,1.3666056394577026,1.3661015033721924,1.3664562702178955,0
2026-01-26 01:30:00,1.3667737245559692,1.3672596216201782,1.3661015033721924,1.366288185119629,0
2026-01-26 01:45:00,1.3661575317382812,1.3672035932540894,1.3661575317382812,1.3668110370635986,0
2026-01-26 02:00:00,1.3678019046783447,1.3679141998291016,1.3659895658493042,1.3659895658493042,0
2026-01-26 02:15:00,1.3677457571029663,1.3677457571029663,1.3669979572296145,1.36759614944458,0
2026-01-26 02:30:00,1.3677833080291748,1.3679516315460205,1.36759614944458,1.367932915687561,0
2026-01-26 02:45:00,1.3669044971466064,1.36759614944458,1.3669044971466064,1.3675214052200315,0
2026-01-26 03:00:00,1.3663629293441772,1.366867184638977,1.3663442134857178,1.3667737245559692,0
2026-01-26 03:15:00,1.3660268783569336,1.366288185119629,1.3655978441238403,1.366288185119629,0
2026-01-26 03:30:00,1.3663069009780884,1.3663069009780884,1.3660643100738523,1.3660829067230225,0
2026-01-26 03:45:00,1.3660829067230225,1.3665122985839844,1.3658963441848757,1.3664188385009766,0
2026-01-26 04:00:00,1.366474986076355,1.366474986076355,1.3654487133026123,1.3659522533416748,0
2026-01-26 04:15:00,1.3659149408340454,1.3666616678237915,1.3657844066619873,1.3665869235992432,0
2026-01-26 04:30:00,1.366288185119629,1.366288185119629,1.365541934967041,1.3660082817077637,0
2026-01-26 04:45:00,1.366045594215393,1.366680383682251,1.366045594215393,1.366269588470459,0
2026-01-26 05:00:00,1.366120219230652,1.3663254976272583,1.3659522533416748,1.366138935089111,0
2026-01-26 05:15:00,1.366624355316162,1.366923213005066,1.366045594215393,1.3660829067230225,0
2026-01-26 05:30:00,1.3665308952331543,1.366680383682251,1.3664188385009766,1.366680383682251,0
2026-01-26 05:45:00,1.3667362928390503,1.3668859004974363,1.366400122642517,1.3665496110916138,0
2026-01-26 06:00:00,1.3660082817077637,1.3668110370635986,1.3660082817077637,1.3666616678237915,0
2026-01-26 06:15:00,1.3663815259933472,1.366437554359436,1.3658403158187866,1.3658403158187866,0
2026-01-26 06:30:00,1.3665869235992432,1.3667924404144287,1.366138935089111,1.3663815259933472,0
2026-01-26 06:45:00,1.3656538724899292,1.366680383682251,1.3656538724899292,1.366680383682251,0
2026-01-26 07:00:00,1.366288185119629,1.3669792413711548,1.3658217191696167,1.3658217191696167,0
2026-01-26 07:15:00,1.3672035932540894,1.3675774335861206,1.3663069009780884,1.3663069009780884,0
2026-01-26 07:30:00,1.3655046224594116,1.366680383682251,1.3652063608169556,1.366680383682251,0
2026-01-26 07:45:00,1.3647032976150513,1.3654860258102417,1.3647032976150513,1.3654860258102417,0
2026-01-26 08:00:00,1.3651504516601562,1.3655978441238403,1.3647964000701904,1.3651504516601562,0
2026-01-26 08:15:00,1.365094542503357,1.3651691675186155,1.3644611835479736,1.3651691675186155,0
2026-01-26 08:30:00,1.3660082817077637,1.3665496110916138,1.3651691675186155,1.3651691675186155,0
2026-01-26 08:45:00,1.3661948442459106,1.3666056394577026,1.3660082817077637,1.3660082817077637,0
2026-01-26 09:00:00,1.366288185119629,1.367091417312622,1.366288185119629,1.3665496110916138,0
2026-01-26 09:15:00,1.3669044971466064,1.3670353889465332,1.3659149408340454,1.3659149408340454,0
2026-01-26 09:30:00,1.3676148653030396,1.3676148653030396,1.366624355316162,1.366923213005066,0
2026-01-26 09:45:00,1.3672596216201782,1.367671012878418,1.366829752922058,1.3674278259277344,0
2026-01-26 10:00:00,1.3669044971466064,1.3672783374786377,1.3669044971466064,1.3671661615371704,0
2026-01-26 10:15:00,1.367128849029541,1.3675587177276611,1.3670727014541626,1.3671101331710815,0
2026-01-26 10:30:00,1.3672596216201782,1.3673903942108154,1.3669606447219849,1.36718487739563,0
2026-01-26 10:45:00,1.3672221899032593,1.367315649986267,1.3669419288635254,1.3672409057617188,0
2026-01-26 11:00:00,1.3669419288635254,1.3672409057617188,1.3668484687805176,1.3669979572296145,0
2026-01-26 11:15:00,1.366698980331421,1.36718487739563,1.3665869235992432,1.3669606447219849,0
2026-01-26 11:30:00,1.3670727014541626,1.367353081703186,1.366624355316162,1.3668484687805176,0
2026-01-26 11:45:00,1.366680383682251,1.3673903942108154,1.366680383682251,1.3671101331710815,0
2026-01-26 12:00:00,1.366138935089111,1.367315649986267,1.3661015033721924,1.3666616678237915,0
2026-01-26 12:15:00,1.365691065788269,1.3661761283874512,1.365411400794983,1.3660268783569336,0
2026-01-26 12:30:00,1.3652808666229248,1.3657656908035278,1.3652808666229248,1.3656538724899292,0
2026-01-26 12:45:00,1.3653181791305542,1.3653740882873535,1.364926815032959,1.3652995824813845,0
2026-01-26 13:00:00,1.3646661043167114,1.3651691675186155,1.364479899406433,1.3651691675186155,0
2026-01-26 13:15:00,1.3652063608169556,1.3653740882873535,1.3646847009658811,1.3646847009658811,0
2026-01-26 13:30:00,1.3647592067718506,1.3651131391525269,1.3647592067718506,1.3650014400482178,0
2026-01-26 13:45:00,1.3661948442459106,1.3661948442459106,1.364908218383789,1.364945411682129,0
2026-01-26 14:00:00,1.3669792413711548,1.3669792413711548,1.3659149408340454,1.3661575317382812,0
2026-01-26 14:15:00,1.367764592170715,1.3678206205368042,1.3667737245559692,1.3667737245559692,0
2026-01-26 14:30:00,1.3684945106506348,1.3689254522323608,1.3677457571029663,1.3678767681121826,0
2026-01-26 14:45:00,1.3691691160202026,1.3691691160202026,1.3683634996414185,1.368719220161438,0
2026-01-26 15:00:00,1.3695815801620483,1.3697690963745115,1.3690004348754885,1.3692065477371216,0
2026-01-26 15:15:00,1.3698630332946775,1.3698817491531372,1.3691502809524536,1.3696941137313845,0
2026-01-26 15:30:00,1.3697879314422607,1.3705013990402222,1.3695628643035889,1.3699568510055542,0
2026-01-26 15:45:00,1.3708207607269287,1.3712530136108398,1.3699755668640137,1.3700883388519287,0
2026-01-26 16:00:00,1.3705765008926392,1.3711025714874268,1.3702759742736816,1.3708019256591797,0
2026-01-26 16:15:00,1.3703323602676392,1.3705201148986816,1.3700131177902222,1.3705201148986816,0
2026-01-26 16:30:00,1.3702008724212646,1.3706891536712646,1.370144605636597,1.3706891536712646,0
2026-01-26 16:45:00,1.3697690963745115,1.3706516027450562,1.3695628643035889,1.3705201148986816,0
2026-01-26 17:00:00,1.3699944019317627,1.3699944019317627,1.3695628643035889,1.3697690963745115,0
2026-01-26 17:15:00,1.3690941333770752,1.37031352519989,1.3690941333770752,1.3699944019317627,0
2026-01-26 17:30:00,1.3690941333770752,1.3694690465927124,1.3690377473831177,1.3690377473831177,0
2026-01-26 17:45:00,1.3689066171646118,1.3691127300262451,1.3686819076538086,1.3689440488815308,0
2026-01-26 18:00:00,1.3695815801620483,1.3698067665100098,1.3685506582260132,1.368738055229187,0
2026-01-26 18:15:00,1.3700883388519287,1.3701069355010986,1.3697129487991333,1.3697504997253418,0
2026-01-26 18:30:00,1.3692628145217896,1.3701257705688477,1.3692628145217896,1.3700506687164309,0
2026-01-26 18:45:00,1.3689440488815308,1.3693565130233765,1.3689440488815308,1.3692628145217896,0
2026-01-26 19:00:00,1.3681949377059937,1.3689066171646118,1.3681013584136963,1.3689066171646118,0
2026-01-26 19:15:00,1.3678393363952637,1.3679890632629397,1.3676897287368774,1.3679890632629397,0
2026-01-26 19:30:00,1.3679890632629397,1.3680826425552368,1.367633581161499,1.3678019046783447,0
2026-01-26 19:45:00,1.3681949377059937,1.3684196472167969,1.367708444595337,1.3679141998291016,0
2026-01-26 20:00:00,1.3685693740844729,1.3686443567276,1.3680826425552368,1.3684945106506348,0
2026-01-26 20:15:00,1.3680826425552368,1.3685882091522217,1.3679516315460205,1.3685882091522217,0
2026-01-26 20:30:00,1.368045210838318,1.3681949377059937,1.3679890632629397,1.3680826425552368,0
2026-01-26 20:45:00,1.3680639266967771,1.3683072328567505,1.36797034740448,1.3681949377059937,0
2026-01-26 21:00:00,1.368045210838318,1.3687005043029783,1.368045210838318,1.3681200742721558,0
2026-01-26 21:15:00,1.3678393363952637,1.368007779121399,1.367764592170715,1.368007779121399,0
2026-01-26 21:30:00,1.367671012878418,1.3678767681121826,1.3675401210784912,1.3678767681121826,0
2026-01-26 21:45:00,1.3679890632629397,1.3679890632629397,1.3676148653030396,1.3676897287368774,0
2026-01-26 22:00:00,1.3679141998291016,1.3683820962905884,1.367128849029541,1.3683820962905884,0
2026-01-26 22:15:00,1.3678206205368042,1.3680264949798584,1.3676522970199585,1.3676897287368774,0
2026-01-26 22:30:00,1.367671012878418,1.3682323694229126,1.367671012878418,1.3677457571029663,0
2026-01-26 22:45:00,1.367708444595337,1.367764592170715,1.3673343658447266,1.3677457571029663,0
2026-01-26 23:00:00,1.3678767681121826,1.367932915687561,1.367671012878418,1.3678767681121826,0
2026-01-26 23:15:00,1.3679516315460205,1.3679516315460205,1.367708444595337,1.3677833080291748,0
2026-01-26 23:30:00,1.3680264949798584,1.3680264949798584,1.3677270412445068,1.3679141998291016,0
2026-01-26 23:45:00,1.3676897287368774,1.367895483970642,1.3675774335861206,1.367895483970642,0
2026-01-27 00:00:00,1.3681387901306152,1.3681387901306152,1.3674839735031128,1.3674839735031128,0
2026-01-27 00:15:00,1.36759614944458,1.3681762218475342,1.36759614944458,1.3681013584136963,0
2026-01-27 00:30:00,1.367633581161499,1.3679890632629397,1.36759614944458,1.3676897287368774,0
2026-01-27 00:45:00,1.367353081703186,1.3675774335861206,1.367315649986267,1.3675774335861206,0
2026-01-27 01:00:00,1.367353081703186,1.367633581161499,1.367128849029541,1.3674465417861938,0
2026-01-27 01:15:00,1.3676897287368774,1.3678019046783447,1.367409110069275,1.3675026893615725,0
2026-01-27 01:30:00,1.3678767681121826,1.3678767681121826,1.3674839735031128,1.3674839735031128,0
2026-01-27 01:45:00,1.368007779121399,1.368288516998291,1.3678019046783447,1.3678393363952637,0
2026-01-27 02:00:00,1.368251085281372,1.368251085281372,1.3678019046783447,1.36797034740448,0
2026-01-27 02:15:00,1.3691691160202026,1.3693002462387085,1.368251085281372,1.3684569597244265,0
2026-01-27 02:30:00,1.3699755668640137,1.3701069355010986,1.369281530380249,1.3693190813064575,0
2026-01-27 02:45:00,1.369656682014465,1.3699755668640137,1.3696378469467163,1.3699193000793457,0
2026-01-27 03:00:00,1.3691127300262451,1.3695440292358398,1.3690377473831177,1.3695440292358398,0
2026-01-27 03:15:00,1.369337797164917,1.3694690465927124,1.3690377473831177,1.3690377473831177,0
2026-01-27 03:30:00,1.3687567710876465,1.3694316148757937,1.3687567710876465,1.3693002462387085,0
2026-01-27 03:45:00,1.3683820962905884,1.368812918663025,1.36832594871521,1.368775486946106,0
2026-01-27 04:00:00,1.3681575059890747,1.3686819076538086,1.3681575059890747,1.3684009313583374,0
2026-01-27 04:15:00,1.367671012878418,1.3681013584136963,1.3676148653030396,1.3681013584136963,0
2026-01-27 04:30:00,1.3673717975616455,1.3678019046783447,1.3672970533370972,1.3678019046783447,0
2026-01-27 04:45:00,1.3675587177276611,1.367671012878418,1.3673717975616455,1.3674465417861938,0
2026-01-27 05:00:00,1.3675401210784912,1.3675774335861206,1.367409110069275,1.3675214052200315,0
2026-01-27 05:15:00,1.367708444595337,1.3678206205368042,1.3672970533370972,1.3674839735031128,0
2026-01-27 05:30:00,1.367895483970642,1.367895483970642,1.367671012878418,1.367708444595337,0
2026-01-27 05:45:00,1.36797034740448,1.3681949377059937,1.3678580522537231,1.3679141998291016,0
2026-01-27 06:00:00,1.368719220161438,1.368775486946106,1.367932915687561,1.367932915687561,0
2026-01-27 06:15:00,1.3685319423675537,1.3686256408691406,1.3683820962905884,1.3686256408691406,0
2026-01-27 06:30:00,1.3690191507339478,1.3690191507339478,1.3683634996414185,1.3684757947921753,0
2026-01-27 06:45:00,1.368251085281372,1.3690565824508667,1.3681949377059937,1.3690191507339478,0
2026-01-27 07:00:00,1.3686069250106812,1.3686630725860596,1.3681762218475342,1.3681762218475342,0
2026-01-27 07:15:00,1.3685506582260132,1.3689254522323608,1.3683820962905884,1.3686819076538086,0
2026-01-27 07:30:00,1.3688504695892334,1.3689815998077393,1.3683820962905884,1.3686069250106812,0
2026-01-27 07:45:00,1.367409110069275,1.3690377473831177,1.3672596216201782,1.368831753730774,0
2026-01-27 08:00:00,1.3670166730880735,1.3675774335861206,1.3668859004974363,1.3675401210784912,0
2026-01-27 08:15:00,1.36718487739563,1.367708444595337,1.366923213005066,1.3670727014541626,0
2026-01-27 08:30:00,1.366624355316162,1.367147445678711,1.366493582725525,1.367147445678711,0
2026-01-27 08:45:00,1.3674465417861938,1.3674465417861938,1.366829752922058,1.366829752922058,0
2026-01-27 09:00:00,1.3669979572296145,1.3675401210784912,1.366923213005066,1.367315649986267,0
2026-01-27 09:15:00,1.3679141998291016,1.3679141998291016,1.3670727014541626,1.3670727014541626,0
2026-01-27 09:30:00,1.368007779121399,1.368251085281372,1.3678580522537231,1.368007779121399,0
2026-01-27 09:45:00,1.3700131177902222,1.3700131177902222,1.3675774335861206,1.367895483970642,0
2026-01-27 10:00:00,1.3689440488815308,1.3698254823684692,1.3684945106506348,1.3698254823684692,0
2026-01-27 10:15:00,1.3696941137313845,1.3696941137313845,1.3687942028045654,1.3687942028045654,0
2026-01-27 10:30:00,1.3699944019317627,1.3701069355010986,1.3695815801620483,1.3697690963745115,0
2026-01-27 10:45:00,1.370369791984558,1.370369791984558,1.369656682014465,1.3696941137313845,0
2026-01-27 11:00:00,1.3705013990402222,1.3706327676773071,1.3702759742736816,1.370463728904724,0
2026-01-27 11:15:00,1.3705201148986816,1.3706327676773071,1.370144605636597,1.3705201148986816,0
2026-01-27 11:30:00,1.3703886270523071,1.3708958625793457,1.3702572584152222,1.3707455396652222,0
2026-01-27 11:45:00,1.3711214065551758,1.3711777925491333,1.3704074621200562,1.3704825639724731,0
2026-01-27 12:00:00,1.3720808029174805,1.3722127676010132,1.3709710836410522,1.3710650205612185,0
2026-01-27 12:15:00,1.3732303380966189,1.3739283084869385,1.3721749782562256,1.3723256587982178,0
2026-01-27 12:30:00,1.3732303380966189,1.373437762260437,1.37247633934021,1.3730039596557615,0
2026-01-27 12:45:00,1.3740605115890503,1.3740605115890503,1.3733811378479004,1.3733811378479004,0
2026-01-27 13:00:00,1.3738906383514404,1.374683856964111,1.373701810836792,1.374343752861023,0
2026-01-27 13:15:00,1.373475432395935,1.374079346656799,1.373475432395935,1.373966097831726,0
2026-01-27 13:30:00,1.3742871284484863,1.3747594356536863,1.3734188079833984,1.3734188079833984,0
2026-01-27 13:45:00,1.3735697269439695,1.3743247985839844,1.3726835250854492,1.3737584352493286,0
2026-01-27 14:00:00,1.3734188079833984,1.3742871284484863,1.3734188079833984,1.373701810836792,0
2026-01-27 14:15:00,1.3743247985839844,1.374532699584961,1.373456597328186,1.3736640214920044,0
2026-01-27 14:30:00,1.3769363164901731,1.3772207498550415,1.374797224998474,1.374797224998474,0
2026-01-27 14:45:00,1.3771259784698486,1.377581238746643,1.3766140937805176,1.376955270767212,0
2026-01-27 15:00:00,1.3787018060684204,1.3787018060684204,1.3777520656585691,1.377771019935608,0
2026-01-27 15:15:00,1.3785877227783203,1.3790440559387207,1.378435730934143,1.378720760345459,0
2026-01-27 15:30:00,1.3762919902801514,1.3785687685012815,1.3759889602661133,1.3785687685012815,0
2026-01-27 15:45:00,1.3752131462097168,1.3764245510101318,1.375005125999451,1.37631094455719,0
2026-01-27 16:00:00,1.376197338104248,1.3762919902801514,1.3754022121429443,1.3754022121429443,0
2026-01-27 16:15:00,1.3766140937805176,1.376822590827942,1.3759132623672483,1.3759132623672483,0
2026-01-27 16:30:00,1.3790440559387207,1.3790440559387207,1.376822590827942,1.376822590827942,0
2026-01-27 16:45:00,1.3780747652053833,1.379025101661682,1.377790093421936,1.379006028175354,0
2026-01-27 17:00:00,1.3775622844696045,1.37811279296875,1.377467393875122,1.3779798746109009,0
2026-01-27 17:15:00,1.3763298988342283,1.3771828413009644,1.3762540817260742,1.3771828413009644,0
2026-01-27 17:30:00,1.3785117864608765,1.3785117864608765,1.3765193223953247,1.3766709566116333,0
2026-01-27 17:45:00,1.378872990608215,1.378872990608215,1.3781508207321167,1.378340721130371,0
2026-01-27 18:00:00,1.3777520656585691,1.379139065742493,1.3777520656585691,1.3787587881088257,0
2026-01-27 18:15:00,1.3780747652053833,1.3783787488937378,1.3777141571044922,1.377808928489685,0
2026-01-27 18:30:00,1.3779988288879397,1.3783787488937378,1.3779798746109009,1.3782647848129272,0
2026-01-27 18:45:00,1.3779228925704956,1.3784927129745483,1.3779228925704956,1.378131866455078,0
2026-01-27 19:00:00,1.3779988288879397,1.378131866455078,1.377695083618164,1.377771019935608,0
2026-01-27 19:15:00,1.3781508207321167,1.3783787488937378,1.3775622844696045,1.3780179023742676,0
2026-01-27 19:30:00,1.378131866455078,1.3784167766571045,1.3780938386917114,1.3783597946166992,0
2026-01-27 19:45:00,1.3783977031707764,1.378435730934143,1.37786602973938,1.3779798746109009,0
2026-01-27 20:00:00,1.3788539171218872,1.3788539171218872,1.378207802772522,1.378207802772522,0
2026-01-27 20:15:00,1.3793483972549438,1.3793483972549438,1.3788539171218872,1.3788539171218872,0
2026-01-27 20:30:00,1.3786637783050537,1.3794244527816772,1.3785877227783203,1.379177212715149,0
2026-01-27 20:45:00,1.3837765455245972,1.386866331100464,1.3795387744903564,1.3795387744903564,0
2026-01-27 21:00:00,1.3838340044021606,1.3844854831695557,1.383106708526611,1.3835660219192505,0
2026-01-27 21:15:00,1.3844279050827026,1.3845237493515017,1.383183240890503,1.3837000131607056,0
2026-01-27 21:30:00,1.3854252099990845,1.3854252099990845,1.3838149309158323,1.3841596841812134,0
2026-01-27 21:45:00,1.3850032091140747,1.3855212926864624,1.3841979503631592,1.3855212926864624,0
2026-01-27 22:00:00,1.3842554092407229,1.3850799798965454,1.3833937644958496,1.3833937644958496,0
2026-01-27 22:15:00,1.384466290473938,1.3846195936203003,1.3841596841812134,1.3842554092407229,0
2026-01-27 22:30:00,1.3843896389007568,1.3848496675491333,1.3842363357543943,1.3842363357543943,0
2026-01-27 22:45:00,1.3846004009246826,1.3848496675491333,1.3839489221572876,1.3843512535095217,0
2026-01-27 23:00:00,1.3832789659500122,1.3847922086715698,1.3832597732543943,1.3847922086715698,0
2026-01-27 23:15:00,1.3823610544204712,1.383680820465088,1.3823610544204712,1.383125901222229,0
2026-01-27 23:30:00,1.3826286792755127,1.383068561553955,1.3826286792755127,1.382666826248169,0
2026-01-27 23:45:00,1.3826286792755127,1.3828964233398438,1.3824183940887451,1.3826478719711304,0
2026-01-28 00:00:00,1.3819599151611328,1.3825522661209106,1.3815971612930298,1.3825522661209106,0
2026-01-28 00:15:00,1.381616234779358,1.3823802471160889,1.3815016746520996,1.382112741470337,0
2026-01-28 00:30:00,1.3820363283157349,1.3830875158309937,1.3819791078567505,1.382265567779541,0
2026-01-28 00:45:00,1.3817689418792725,1.382112741470337,1.3815016746520996,1.3820744752883911,0
2026-01-28 01:00:00,1.3814635276794434,1.3817306756973269,1.3814635276794434,1.3815399408340454,0
2026-01-28 01:15:00,1.3812536001205444,1.381635308265686,1.381043791770935,1.381635308265686,0
2026-01-28 01:30:00,1.3809102773666382,1.3811200857162476,1.38026225566864,1.3811200857162476,0
2026-01-28 01:45:00,1.3801099061965942,1.3811391592025757,1.380071759223938,1.3809674978256226,0
2026-01-28 02:00:00,1.3792723417282104,1.3803765773773191,1.3792723417282104,1.3803765773773191,0
2026-01-28 02:15:00,1.379995584487915,1.3800337314605713,1.3793102502822876,1.3793102502822876,0
2026-01-28 02:30:00,1.3800146579742432,1.3803004026412964,1.3800146579742432,1.380071759223938,0
2026-01-28 02:45:00,1.3804528713226318,1.3807196617126465,1.38026225566864,1.38026225566864,0
2026-01-28 03:00:00,1.3809674978256226,1.3809674978256226,1.380414605140686,1.3804336786270142,0
2026-01-28 03:15:00,1.38089120388031,1.3810819387435913,1.38089120388031,1.381024718284607,0
2026-01-28 03:30:00,1.379976511001587,1.3808530569076538,1.379976511001587,1.3807768821716309,0
2026-01-28 03:45:00,1.3800337314605713,1.380224108695984,1.3797861337661743,1.3801099061965942,0
2026-01-28 04:00:00,1.3797670602798462,1.380090832710266,1.379747986793518,1.3799384832382202,0
2026-01-28 04:15:00,1.379671931266785,1.3799384832382202,1.379633903503418,1.379747986793518,0
2026-01-28 04:30:00,1.3795957565307615,1.3797290325164795,1.3795387744903564,1.379671931266785,0
2026-01-28 04:45:00,1.38026225566864,1.38026225566864,1.3795006275177002,1.3795766830444336,0
2026-01-28 05:00:00,1.3795766830444336,1.3803004026412964,1.3790440559387207,1.3803004026412964,0
2026-01-28 05:15:00,1.380205154418945,1.380205154418945,1.379805088043213,1.379805088043213,0
2026-01-28 05:30:00,1.380243182182312,1.380414605140686,1.3796528577804563,1.380414605140686,0
2026-01-28 05:45:00,1.3806052207946775,1.3806052207946775,1.3799575567245483,1.380167007446289,0
2026-01-28 06:00:00,1.3809484243392944,1.3809484243392944,1.3805099725723269,1.380662441253662,0
2026-01-28 06:15:00,1.3810628652572632,1.3814826011657717,1.3806052207946775,1.3809674978256226,0
2026-01-28 06:30:00,1.380662441253662,1.381425380706787,1.380548119544983,1.381177306175232,0
2026-01-28 06:45:00,1.380643367767334,1.3808722496032717,1.3804908990859983,1.3806052207946775,0
2026-01-28 07:00:00,1.382609486579895,1.382609486579895,1.380643367767334,1.3807768821716309,0
2026-01-28 07:15:00,1.3810819387435913,1.383145093917847,1.3810819387435913,1.383145093917847,0
2026-01-28 07:30:00,1.3800528049468994,1.3809293508529663,1.379671931266785,1.3809293508529663,0
2026-01-28 07:45:00,1.380071759223938,1.380090832710266,1.379481554031372,1.3797670602798462,0
2026-01-28 08:00:00,1.3799575567245483,1.380147933959961,1.3795006275177002,1.3796528577804563,0
2026-01-28 08:15:00,1.3807578086853027,1.380986571311951,1.3796910047531128,1.3800146579742432,0
2026-01-28 08:30:00,1.379747986793518,1.3807578086853027,1.379747986793518,1.3807005882263184,0
2026-01-28 08:45:00,1.3786067962646484,1.3794625997543335,1.3776192665100098,1.3794625997543335,0
2026-01-28 09:00:00,1.3778469562530518,1.3790630102157593,1.377790093421936,1.3789680004119873,0
2026-01-28 09:15:00,1.3783977031707764,1.3784167766571045,1.3779609203338623,1.3782647848129272,0
2026-01-28 09:30:00,1.3784167766571045,1.3792532682418823,1.3784167766571045,1.3784167766571045,0
2026-01-28 09:45:00,1.3788918256759644,1.3790820837020874,1.3783597946166992,1.3783597946166992,0
2026-01-28 10:00:00,1.3789490461349487,1.3789490461349487,1.3782457113265991,1.378834843635559,0
2026-01-28 10:15:00,1.3781508207321167,1.378796935081482,1.377903938293457,1.378796935081482,0
2026-01-28 10:30:00,1.3792532682418823,1.3792532682418823,1.3780747652053833,1.3781697750091553,0
2026-01-28 10:45:00,1.3793293237686155,1.3798623085021973,1.379177212715149,1.379177212715149,0
2026-01-28 11:00:00,1.3776761293411257,1.3789680004119873,1.3775243759155271,1.3789680004119873,0
2026-01-28 11:15:00,1.377581238746643,1.37786602973938,1.3771448135375977,1.377695083618164,0
2026-01-28 11:30:00,1.37786602973938,1.377903938293457,1.3771259784698486,1.377467393875122,0
2026-01-28 11:45:00,1.377087950706482,1.3783026933670044,1.3769173622131348,1.3780747652053833,0
2026-01-28 12:00:00,1.378207802772522,1.378207802772522,1.3769363164901731,1.3770501613616943,0
2026-01-28 12:15:00,1.378435730934143,1.3785498142242432,1.3779988288879397,1.3780558109283447,0
2026-01-28 12:30:00,1.378131866455078,1.3789490461349487,1.3780747652053833,1.3784548044204712,0
2026-01-28 12:45:00,1.3794625997543335,1.3794625997543335,1.3779228925704956,1.37811279296875,0
2026-01-28 13:00:00,1.3786067962646484,1.3793293237686155,1.3782647848129272,1.3793293237686155,0
2026-01-28 13:15:00,1.3772966861724854,1.3786258697509766,1.3769742250442505,1.3786258697509766,0
2026-01-28 13:30:00,1.3780558109283447,1.3782457113265991,1.3773914575576782,1.3773914575576782,0
2026-01-28 13:45:00,1.3769173622131348,1.3780938386917114,1.3768035173416138,1.3780938386917114,0
2026-01-28 14:00:00,1.3779988288879397,1.3779988288879397,1.376860499382019,1.3770689964294434,0
2026-01-28 14:15:00,1.3786067962646484,1.3787587881088257,1.377543330192566,1.377884864807129,0
2026-01-28 14:30:00,1.379824161529541,1.379824161529541,1.3781888484954834,1.3783787488937378,0
2026-01-28 14:45:00,1.3786258697509766,1.3800337314605713,1.378207802772522,1.3797861337661743,0
2026-01-28 15:00:00,1.3755725622177124,1.3799384832382202,1.3755725622177124,1.3788158893585205,0
2026-01-28 15:15:00,1.3766709566116333,1.3766709566116333,1.3751943111419678,1.3762919902801514,0
2026-01-28 15:30:00,1.377467393875122,1.3775622844696045,1.3764245510101318,1.376595139503479,0
2026-01-28 15:45:00,1.3790440559387207,1.3790440559387207,1.376064658164978,1.3773726224899292,0
2026-01-28 16:00:00,1.3780938386917114,1.3792914152145386,1.3780938386917114,1.379120111465454,0
2026-01-28 16:15:00,1.3773914575576782,1.3789108991622925,1.3773914575576782,1.3783026933670044,0
2026-01-28 16:30:00,1.3776001930236816,1.3778469562530518,1.3765382766723633,1.3773345947265625,0
2026-01-28 16:45:00,1.3783977031707764,1.3783977031707764,1.3775622844696045,1.377695083618164,0
2026-01-28 17:00:00,1.377808928489685,1.3787778615951538,1.3777329921722412,1.3786067962646484,0
2026-01-28 17:15:00,1.37786602973938,1.3782457113265991,1.377467393875122,1.3776001930236816,0
2026-01-28 17:30:00,1.377884864807129,1.3783977031707764,1.3774484395980835,1.3781508207321167,0
2026-01-28 17:45:00,1.3789299726486206,1.379025101661682,1.3776761293411257,1.3776761293411257,0
2026-01-28 18:00:00,1.3782837390899658,1.3793102502822876,1.3782837390899658,1.379025101661682,0
2026-01-28 18:15:00,1.3786637783050537,1.378720760345459,1.378131866455078,1.378207802772522,0
2026-01-28 18:30:00,1.3768794536590576,1.3783597946166992,1.376860499382019,1.3783597946166992,0
2026-01-28 18:45:00,1.3776192665100098,1.3776381015777588,1.3765761852264404,1.376955270767212,0
2026-01-28 19:00:00,1.3768794536590576,1.3787018060684204,1.3761404752731323,1.3787018060684204,0
2026-01-28 19:15:00,1.375932216644287,1.3775622844696045,1.375932216644287,1.377353549003601,0
2026-01-28 19:30:00,1.3776001930236816,1.3787018060684204,1.376500368118286,1.376500368118286,0
2026-01-28 19:45:00,1.3794244527816772,1.3796910047531128,1.3776192665100098,1.3776192665100098,0
2026-01-28 20:00:00,1.3788158893585205,1.380090832710266,1.3786828517913818,1.3795957565307615,0
2026-01-28 20:15:00,1.379900336265564,1.3800337314605713,1.379177212715149,1.379196286201477,0
2026-01-28 20:30:00,1.379919409751892,1.3801860809326172,1.379805088043213,1.3798813819885254,0
2026-01-28 20:45:00,1.3799384832382202,1.380224108695984,1.3797670602798462,1.3797670602798462,0
2026-01-28 21:00:00,1.3806244134902954,1.380795955657959,1.3798623085021973,1.3798623085021973,0
2026-01-28 21:15:00,1.380167007446289,1.380795955657959,1.380167007446289,1.3805861473083496,0
2026-01-28 21:30:00,1.3807768821716309,1.3807768821716309,1.380090832710266,1.38026225566864,0
2026-01-28 21:45:00,1.380662441253662,1.38119637966156,1.380662441253662,1.3807578086853027,0
2026-01-28 22:00:00,1.379995584487915,1.3807768821716309,1.3799575567245483,1.380224108695984,0
2026-01-28 22:15:00,1.3800528049468994,1.3805861473083496,1.3799575567245483,1.3805861473083496,0
2026-01-28 22:30:00,1.3805670738220217,1.3808722496032717,1.380224108695984,1.380395531654358,0
2026-01-28 22:45:00,1.380147933959961,1.3808149099349976,1.380147933959961,1.3804908990859983,0
2026-01-28 23:00:00,1.3809484243392944,1.3809484243392944,1.380147933959961,1.38047194480896,0
2026-01-28 23:15:00,1.3815971612930298,1.3820744752883911,1.3810056447982788,1.381024718284607,0
2026-01-28 23:30:00,1.382590413093567,1.3830493688583374,1.3819791078567505,1.381998062133789,0
2026-01-28 23:45:00,1.3823802471160889,1.382877230644226,1.381998062133789,1.382762432098389,0
2026-01-29 00:00:00,1.382456660270691,1.382456660270691,1.3814826011657717,1.382456660270691,0
2026-01-29 00:15:00,1.382800817489624,1.3828580379486084,1.3822274208068848,1.382475733757019,0
2026-01-29 00:30:00,1.3825139999389648,1.383336305618286,1.3823610544204712,1.3828964233398438,0
2026-01-29 00:45:00,1.3820935487747192,1.382475733757019,1.3820935487747192,1.382475733757019,0
2026-01-29 01:00:00,1.3808339834213257,1.3819025754928589,1.3808339834213257,1.3818835020065308,0
2026-01-29 01:15:00,1.3804908990859983,1.3808722496032717,1.3801860809326172,1.3807768821716309,0
2026-01-29 01:30:00,1.3805861473083496,1.38089120388031,1.380395531654358,1.3806052207946775,0
2026-01-29 01:45:00,1.3803765773773191,1.380643367767334,1.380319356918335,1.3804908990859983,0
2026-01-29 02:00:00,1.380147933959961,1.380224108695984,1.3795576095581057,1.380224108695984,0
2026-01-29 02:15:00,1.3809674978256226,1.3809674978256226,1.3799575567245483,1.380224108695984,0
2026-01-29 02:30:00,1.38119637966156,1.3812918663024902,1.3809674978256226,1.381043791770935,0
2026-01-29 02:45:00,1.3813108205795288,1.381577968597412,1.3810056447982788,1.381177306175232,0
2026-01-29 03:00:00,1.3821508884429932,1.3821508884429932,1.381177306175232,1.381177306175232,0
2026-01-29 03:15:00,1.3821699619293213,1.382341980934143,1.3817498683929443,1.382131814956665,0
2026-01-29 03:30:00,1.3825522661209106,1.3826860189437866,1.3818453550338743,1.3819025754928589,0
2026-01-29 03:45:00,1.3833554983139038,1.3833554983139038,1.3825139999389648,1.3825139999389648,0
2026-01-29 04:00:00,1.3835660219192505,1.3835660219192505,1.3832597732543943,1.3835660219192505,0
2026-01-29 04:15:00,1.383183240890503,1.3835468292236328,1.3827050924301147,1.3828964233398438,0
2026-01-29 04:30:00,1.3832597732543943,1.3836042881011963,1.383068561553955,1.383068561553955,0
2026-01-29 04:45:00,1.383987307548523,1.3840447664260864,1.3834894895553589,1.3834894895553589,0
2026-01-29 05:00:00,1.384063959121704,1.3844088315963743,1.3840447664260864,1.3840447664260864,0
2026-01-29 05:15:00,1.383987307548523,1.3841596841812134,1.3837000131607056,1.3841596841812134,0
2026-01-29 05:30:00,1.38410222530365,1.3843129873275757,1.3838531970977783,1.3840447664260864,0
2026-01-29 05:45:00,1.3838340044021606,1.3842171430587769,1.3838149309158323,1.3842171430587769,0
2026-01-29 06:00:00,1.383068561553955,1.3838149309158323,1.3829728364944458,1.3838149309158323,0
2026-01-29 06:15:00,1.3837765455245972,1.3839681148529053,1.3832980394363403,1.3832980394363403,0
2026-01-29 06:30:00,1.3838915824890137,1.3840447664260864,1.383738398551941,1.383757472038269,0
2026-01-29 06:45:00,1.383872389793396,1.3838915824890137,1.3835660219192505,1.3838340044021606,0
2026-01-29 07:00:00,1.3839489221572876,1.3845813274383545,1.383680820465088,1.383987307548523,0
2026-01-29 07:15:00,1.3833554983139038,1.3843512535095217,1.3833554983139038,1.3842363357543943,0
2026-01-29 07:30:00,1.3828964233398438,1.3834128379821775,1.382590413093567,1.3834128379821775,0
2026-01-29 07:45:00,1.3832597732543943,1.383374571800232,1.3826286792755127,1.3827242851257324,0
2026-01-29 08:00:00,1.3845621347427368,1.3845813274383545,1.3830111026763916,1.383680820465088,0
2026-01-29 08:15:00,1.383872389793396,1.3845621347427368,1.383738398551941,1.3845429420471191,0
2026-01-29 08:30:00,1.3824948072433472,1.38410222530365,1.3823038339614868,1.38410222530365,0
2026-01-29 08:45:00,1.3819791078567505,1.3824948072433472,1.3814635276794434,1.382475733757019,0
2026-01-29 09:00:00,1.3820363283157349,1.382341980934143,1.3817306756973269,1.3819599151611328,0
2026-01-29 09:15:00,1.3812536001205444,1.382131814956665,1.3812536001205444,1.3818261623382568,0
2026-01-29 09:30:00,1.3818261623382568,1.382112741470337,1.381348967552185,1.3814635276794434,0
2026-01-29 09:45:00,1.3803765773773191,1.3814826011657717,1.3802813291549685,1.3814826011657717,0
2026-01-29 10:00:00,1.380338430404663,1.3806815147399902,1.3801099061965942,1.3804908990859983,0
2026-01-29 10:15:00,1.380395531654358,1.3804528713226318,1.3797861337661743,1.380338430404663,0
2026-01-29 10:30:00,1.379671931266785,1.380395531654358,1.3794244527816772,1.380395531654358,0
2026-01-29 10:45:00,1.3782837390899658,1.3795197010040283,1.3782837390899658,1.3795197010040283,0
2026-01-29 11:00:00,1.379139065742493,1.379139065742493,1.3782267570495603,1.378340721130371,0
2026-01-29 11:15:00,1.379405498504639,1.379633903503418,1.378986954689026,1.3792341947555542,0
2026-01-29 11:30:00,1.3794625997543335,1.379805088043213,1.379196286201477,1.379367470741272,0
2026-01-29 11:45:00,1.3795387744903564,1.379824161529541,1.3792341947555542,1.3797861337661743,0
2026-01-29 12:00:00,1.3797290325164795,1.379747986793518,1.378986954689026,1.3792152404785156,0
2026-01-29 12:15:00,1.380167007446289,1.380243182182312,1.3795006275177002,1.379747986793518,0
2026-01-29 12:30:00,1.3795576095581057,1.3801289796829224,1.3795576095581057,1.3801289796829224,0
2026-01-29 12:45:00,1.3814444541931152,1.3814444541931152,1.3796910047531128,1.379976511001587,0
2026-01-29 13:00:00,1.38119637966156,1.3817689418792725,1.3810056447982788,1.3813872337341309,0
2026-01-29 13:15:00,1.3814826011657717,1.381711721420288,1.3811010122299194,1.381177306175232,0
2026-01-29 13:30:00,1.3815016746520996,1.3817498683929443,1.3809102773666382,1.3817498683929443,0
2026-01-29 13:45:00,1.380643367767334,1.381577968597412,1.3801289796829224,1.381577968597412,0
2026-01-29 14:00:00,1.382666826248169,1.382666826248169,1.3805861473083496,1.3807578086853027,0
2026-01-29 14:15:00,1.3828389644622805,1.383183240890503,1.382341980934143,1.3826478719711304,0
2026-01-29 14:30:00,1.383374571800232,1.383374571800232,1.3819599151611328,1.3829537630081177,0
2026-01-29 14:45:00,1.3825712203979492,1.3828964233398438,1.3823227882385254,1.3828197717666626,0
2026-01-29 15:00:00,1.3785687685012815,1.382265567779541,1.3785687685012815,1.382265567779541,0
2026-01-29 15:15:00,1.3753455877304075,1.3784548044204712,1.375005125999451,1.3784548044204712,0
2026-01-29 15:30:00,1.3743247985839844,1.3772207498550415,1.3743247985839844,1.3758375644683838,0
2026-01-29 15:45:00,1.3764245510101318,1.3764814138412476,1.374872803688049,1.3753266334533691,0
2026-01-29 16:00:00,1.3773345947265625,1.377790093421936,1.376348853111267,1.3766709566116333,0
2026-01-29 16:15:00,1.3777141571044922,1.37786602973938,1.3771638870239258,1.377790093421936,0
2026-01-29 16:30:00,1.378872990608215,1.3794625997543335,1.377581238746643,1.3777329921722412,0
2026-01-29 16:45:00,1.379367470741272,1.3798432350158691,1.378834843635559,1.378834843635559,0
2026-01-29 17:00:00,1.379710078239441,1.380395531654358,1.3796528577804563,1.3796528577804563,0
2026-01-29 17:15:00,1.380071759223938,1.3804528713226318,1.3794435262680054,1.379710078239441,0
2026-01-29 17:30:00,1.3806052207946775,1.380662441253662,1.380205154418945,1.3804908990859983,0
2026-01-29 17:45:00,1.379805088043213,1.380395531654358,1.3796528577804563,1.3801289796829224,0
2026-01-29 18:00:00,1.3797861337661743,1.380071759223938,1.3794435262680054,1.3797290325164795,0
2026-01-29 18:15:00,1.3792532682418823,1.3796148300170898,1.3789490461349487,1.3796148300170898,0
2026-01-29 18:30:00,1.3800528049468994,1.3804336786270142,1.3792152404785156,1.3792152404785156,0
2026-01-29 18:45:00,1.379995584487915,1.3805099725723269,1.379995584487915,1.3801289796829224,0
2026-01-29 19:00:00,1.3793483972549438,1.380071759223938,1.3793293237686155,1.3795387744903564,0
2026-01-29 19:15:00,1.3798623085021973,1.380071759223938,1.379405498504639,1.379405498504639,0
2026-01-29 19:30:00,1.3794435262680054,1.3797290325164795,1.3793293237686155,1.3795957565307615,0
2026-01-29 19:45:00,1.3794625997543335,1.3796148300170898,1.3793483972549438,1.379405498504639,0
2026-01-29 20:00:00,1.379900336265564,1.379919409751892,1.378986954689026,1.3793864250183103,0
2026-01-29 20:15:00,1.379900336265564,1.380071759223938,1.379824161529541,1.379824161529541,0
2026-01-29 20:30:00,1.380319356918335,1.380548119544983,1.379900336265564,1.379976511001587,0
2026-01-29 20:45:00,1.38047194480896,1.3807196617126465,1.380395531654358,1.3804908990859983,0
2026-01-29 21:00:00,1.3808149099349976,1.3808149099349976,1.3800528049468994,1.380643367767334,0
2026-01-29 21:15:00,1.3808722496032717,1.3810056447982788,1.3807005882263184,1.3807578086853027,0
2026-01-29 21:30:00,1.381177306175232,1.3813681602478027,1.38089120388031,1.38089120388031,0
2026-01-29 21:45:00,1.3810819387435913,1.3813872337341309,1.380986571311951,1.38119637966156,0
2026-01-29 22:00:00,1.3807005882263184,1.3811582326889038,1.3793102502822876,1.380205154418945,0
2026-01-29 22:15:00,1.3807196617126465,1.3809102773666382,1.3798432350158691,1.3798432350158691,0
2026-01-29 22:30:00,1.381043791770935,1.381043791770935,1.3801860809326172,1.3806244134902954,0
2026-01-29 22:45:00,1.380986571311951,1.3811582326889038,1.3809484243392944,1.380986571311951,0
2026-01-29 23:00:00,1.3809102773666382,1.3811582326889038,1.3807768821716309,1.3809674978256226,0
2026-01-29 23:15:00,1.3813681602478027,1.381425380706787,1.38089120388031,1.380986571311951,0
2026-01-29 23:30:00,1.3812345266342163,1.3814061880111694,1.381177306175232,1.3813108205795288,0
2026-01-29 23:45:00,1.3806815147399902,1.3812345266342163,1.3806244134902954,1.3811200857162476,0
2026-01-30 00:00:00,1.381329894065857,1.3814635276794434,1.3808339834213257,1.3808722496032717,0
2026-01-30 00:15:00,1.3792152404785156,1.3813872337341309,1.3789680004119873,1.3813872337341309,0
2026-01-30 00:30:00,1.3780179023742676,1.3793864250183103,1.3780179023742676,1.3793864250183103,0
2026-01-30 00:45:00,1.3777520656585691,1.3783026933670044,1.3777520656585691,1.3781888484954834,0
2026-01-30 01:00:00,1.3767467737197876,1.3774863481521606,1.3762919902801514,1.3774863481521606,0
2026-01-30 01:15:00,1.3771828413009644,1.377771019935608,1.3765382766723633,1.377087950706482,0
2026-01-30 01:30:00,1.377657175064087,1.3779228925704956,1.3768794536590576,1.3768794536590576,0
2026-01-30 01:45:00,1.3761025667190552,1.377581238746643,1.3761025667190552,1.377581238746643,0
2026-01-30 02:00:00,1.3757808208465576,1.37589430809021,1.3752509355545044,1.3756104707717896,0
2026-01-30 02:15:00,1.374570369720459,1.3759889602661133,1.373249053955078,1.375932216644287,0
2026-01-30 02:30:00,1.374872803688049,1.3752888441085815,1.3744381666183472,1.3749295473098757,0
2026-01-30 02:45:00,1.376159429550171,1.3762540817260742,1.3752319812774658,1.3752319812774658,0
2026-01-30 03:00:00,1.3755537271499634,1.3761025667190552,1.3754401206970217,1.3761025667190552,0
2026-01-30 03:15:00,1.3757808208465576,1.376045823097229,1.375421166419983,1.3757051229476929,0
2026-01-30 03:30:00,1.375080704689026,1.3765761852264404,1.375080704689026,1.375875473022461,0
2026-01-30 03:45:00,1.37545907497406,1.3757808208465576,1.3749295473098757,1.3751375675201416,0
2026-01-30 04:00:00,1.3764814138412476,1.3767846822738647,1.3754968643188477,1.3754968643188477,0
2026-01-30 04:15:00,1.37545907497406,1.3765193223953247,1.3752509355545044,1.3762919902801514,0
2026-01-30 04:30:00,1.3752888441085815,1.37589430809021,1.3752888441085815,1.375477910041809,0
2026-01-30 04:45:00,1.3753834962844849,1.3753834962844849,1.374967336654663,1.3751753568649292,0
2026-01-30 05:00:00,1.3761025667190552,1.3761025667190552,1.3753834962844849,1.3753834962844849,0
2026-01-30 05:15:00,1.3753645420074463,1.3763298988342283,1.3753645420074463,1.376197338104248,0
2026-01-30 05:30:00,1.3746459484100342,1.3754022121429443,1.3746459484100342,1.3752888441085815,0
2026-01-30 05:45:00,1.3755725622177124,1.3756482601165771,1.374872803688049,1.374872803688049,0
2026-01-30 06:00:00,1.375875473022461,1.3764055967330933,1.3757051229476929,1.3757429122924805,0
2026-01-30 06:15:00,1.374910593032837,1.376197338104248,1.374910593032837,1.376064658164978,0
2026-01-30 06:30:00,1.3750618696212769,1.375723958015442,1.3748916387557983,1.375118613243103,0
2026-01-30 06:45:00,1.375080704689026,1.375080704689026,1.3742115497589111,1.374721646308899,0
2026-01-30 07:00:00,1.3750996589660645,1.3760836124420166,1.374986171722412,1.3752888441085815,0
2026-01-30 07:15:00,1.3756104707717896,1.3757997751235962,1.3750618696212769,1.3750618696212769,0
2026-01-30 07:30:00,1.3761025667190552,1.376197338104248,1.3756861686706543,1.3757429122924805,0
2026-01-30 07:45:00,1.3769363164901731,1.3781888484954834,1.376348853111267,1.3764625787734983,0
2026-01-30 08:00:00,1.377429485321045,1.3780368566513062,1.3771828413009644,1.3771828413009644,0
2026-01-30 08:15:00,1.3766330480575562,1.3779228925704956,1.3766330480575562,1.3770689964294434,0
2026-01-30 08:30:00,1.3766140937805176,1.3767467737197876,1.3761215209960938,1.3765761852264404,0
2026-01-30 08:45:00,1.3764055967330933,1.3773345947265625,1.376159429550171,1.3765193223953247,0
2026-01-30 09:00:00,1.3753076791763306,1.3764814138412476,1.3753076791763306,1.3760836124420166,0
2026-01-30 09:15:00,1.3747026920318604,1.3753645420074463,1.3747026920318604,1.3752319812774658,0
2026-01-30 09:30:00,1.374154806137085,1.375269889831543,1.374154806137085,1.3746649026870728,0
2026-01-30 09:45:00,1.373475432395935,1.373947262763977,1.3726271390914917,1.3733623027801514,0
2026-01-30 10:00:00,1.3748539686203003,1.3748539686203003,1.373437762260437,1.373607516288757,0
2026-01-30 10:15:00,1.3745893239974976,1.374797224998474,1.3743247985839844,1.374797224998474,0
2026-01-30 10:30:00,1.3740605115890503,1.374778389930725,1.3740605115890503,1.3744381666183472,0
2026-01-30 10:45:00,1.374910593032837,1.375005125999451,1.3742871284484863,1.3742871284484863,0
2026-01-30 11:00:00,1.376064658164978,1.376197338104248,1.374683856964111,1.3748539686203003,0
2026-01-30 11:15:00,1.3762919902801514,1.3764814138412476,1.3759511709213257,1.3761783838272097,0
2026-01-30 11:30:00,1.3766520023345947,1.3770501613616943,1.3762540817260742,1.3762919902801514,0
2026-01-30 11:45:00,1.3779419660568235,1.3779419660568235,1.3761025667190552,1.3765193223953247,0
2026-01-30 12:00:00,1.3786447048187256,1.3787778615951538,1.377884864807129,1.3783597946166992,0
2026-01-30 12:15:00,1.3779609203338623,1.3782837390899658,1.3778469562530518,1.3782837390899658,0
2026-01-30 12:30:00,1.3768415451049805,1.3780938386917114,1.3767467737197876,1.3780938386917114,0
2026-01-30 12:45:00,1.3762162923812866,1.376500368118286,1.3758565187454224,1.3762730360031128,0
2026-01-30 13:00:00,1.3764814138412476,1.3767277002334597,1.3759511709213257,1.3762540817260742,0
2026-01-30 13:15:00,1.3755347728729248,1.3762919902801514,1.3752509355545044,1.3762919902801514,0
2026-01-30 13:30:00,1.3752888441085815,1.3752888441085815,1.3744381666183472,1.3749295473098757,0
2026-01-30 13:45:00,1.3745137453079224,1.375005125999451,1.3737584352493286,1.375005125999451,0
2026-01-30 14:00:00,1.3748916387557983,1.3753266334533691,1.3744571208953855,1.374778389930725,0
2026-01-30 14:15:00,1.3747594356536863,1.375723958015442,1.374721646308899,1.374948501586914,0
2026-01-30 14:30:00,1.3751564025878906,1.3753645420074463,1.3747594356536863,1.375269889831543,0
2026-01-30 14:45:00,1.3740227222442627,1.375723958015442,1.3737584352493286,1.3748539686203003,0
2026-01-30 15:00:00,1.3729662895202637,1.3742115497589111,1.3722127676010132,1.3737207651138306,0
2026-01-30 15:15:00,1.3732303380966189,1.3735697269439695,1.372909665107727,1.3730227947235107,0
2026-01-30 15:30:00,1.3737207651138306,1.373984932899475,1.3718174695968628,1.3729851245880127,0
2026-01-30 15:45:00,1.372137427330017,1.373041749000549,1.3717044591903689,1.3729474544525146,0
2026-01-30 16:00:00,1.3727400302886963,1.3728721141815186,1.3721749782562256,1.3726646900177002,0
2026-01-30 16:15:00,1.3718738555908203,1.372514009475708,1.3718738555908203,1.372495174407959,0
2026-01-30 16:30:00,1.3722879886627195,1.372438669204712,1.3714975118637085,1.372156262397766,0
2026-01-30 16:45:00,1.3728156089782717,1.3728156089782717,1.371629238128662,1.372062087059021,0
2026-01-30 17:00:00,1.3703510761260986,1.3726835250854492,1.3702946901321411,1.3726835250854492,0
2026-01-30 17:15:00,1.371478796005249,1.371478796005249,1.3701069355010986,1.3705765008926392,0
2026-01-30 17:30:00,1.3713847398757937,1.3713847398757937,1.3707830905914309,1.3711590766906738,0
2026-01-30 17:45:00,1.3708394765853882,1.371422290802002,1.370463728904724,1.371422290802002,0
2026-01-30 18:00:00,1.3698630332946775,1.3707830905914309,1.3697879314422607,1.3707830905914309,0
2026-01-30 18:15:00,1.3689066171646118,1.3699005842208862,1.3686443567276,1.3699005842208862,0
2026-01-30 18:30:00,1.3696004152297974,1.3696378469467163,1.3682698011398315,1.3686630725860596,0
2026-01-30 18:45:00,1.3711777925491333,1.3715540170669556,1.369656682014465,1.369656682014465,0
2026-01-30 19:00:00,1.3712154626846311,1.3717044591903689,1.3711214065551758,1.371610403060913,0
2026-01-30 19:15:00,1.37031352519989,1.3708583116531372,1.37031352519989,1.3708394765853882,0
2026-01-30 19:30:00,1.3707268238067627,1.3708019256591797,1.370144605636597,1.3702008724212646,0
2026-01-30 19:45:00,1.3697690963745115,1.3706327676773071,1.3691127300262451,1.3706327676773071,0
2026-01-30 20:00:00,1.369225263595581,1.3697129487991333,1.369187831878662,1.3697129487991333,0
2026-01-30 20:15:00,1.3686443567276,1.3690941333770752,1.3685319423675537,1.3688504695892334,0
2026-01-30 20:30:00,1.3691691160202026,1.3691691160202026,1.3685882091522217,1.3685882091522217,0
2026-01-30 20:45:00,1.3684383630752563,1.3692065477371216,1.3684383630752563,1.3689628839492798,0
2026-01-30 21:00:00,1.3686630725860596,1.3686630725860596,1.3680264949798584,1.3684009313583374,0
2026-01-30 21:15:00,1.3682136535644531,1.3688691854476929,1.3680264949798584,1.3686443567276,0
2026-01-30 21:30:00,1.3690191507339478,1.3690191507339478,1.3681200742721558,1.3682323694229126,0
2026-01-30 21:45:00,1.3685132265090942,1.3690752983093262,1.3684569597244265,1.3690752983093262,0
2026-01-30 22:00:00,1.3685319423675537,1.3685319423675537,1.3685319423675537,1.3685319423675537,0
2026-01-30 22:15:00,1.3685319423675537,1.3685319423675537,1.3685319423675537,1.3685319423675537,0
2026-02-02 00:00:00,1.3703323602676392,1.3703886270523071,1.3679141998291016,1.3679141998291016,0
2026-02-02 00:15:00,1.3703323602676392,1.3703510761260986,1.3699944019317627,1.3703510761260986,0
2026-02-02 00:30:00,1.3701820373535156,1.37031352519989,1.3698443174362185,1.3702572584152222,0
2026-02-02 00:45:00,1.3699944019317627,1.3701633214950562,1.3694690465927124,1.3701633214950562,0
2026-02-02 01:00:00,1.3677457571029663,1.3697879314422607,1.3677457571029663,1.3697879314422607,0
2026-02-02 01:15:00,1.368831753730774,1.368831753730774,1.3681387901306152,1.3681387901306152,0
2026-02-02 01:30:00,1.3691502809524536,1.3694127798080444,1.3686069250106812,1.368719220161438,0
2026-02-02 01:45:00,1.3694690465927124,1.3695440292358398,1.3690377473831177,1.3694316148757937,0
2026-02-02 02:00:00,1.36924409866333,1.3699193000793457,1.3692065477371216,1.3694316148757937,0
2026-02-02 02:15:00,1.3693190813064575,1.3695628643035889,1.3691127300262451,1.3692628145217896,0
2026-02-02 02:30:00,1.369656682014465,1.3696753978729248,1.3690377473831177,1.3691691160202026,0
2026-02-02 02:45:00,1.3683634996414185,1.3697690963745115,1.3683634996414185,1.3697690963745115,0
2026-02-02 03:00:00,1.3685693740844729,1.368831753730774,1.368288516998291,1.368288516998291,0
2026-02-02 03:15:00,1.368812918663025,1.369225263595581,1.368251085281372,1.3684383630752563,0
2026-02-02 03:30:00,1.3685693740844729,1.3687942028045654,1.368007779121399,1.3687942028045654,0
2026-02-02 03:45:00,1.3684757947921753,1.3687942028045654,1.368288516998291,1.3684945106506348,0
2026-02-02 04:00:00,1.3685132265090942,1.3686069250106812,1.3681575059890747,1.3684569597244265,0
2026-02-02 04:15:00,1.368288516998291,1.3686069250106812,1.3682323694229126,1.3684945106506348,0
2026-02-02 04:30:00,1.3679890632629397,1.3685693740844729,1.3678767681121826,1.3684009313583374,0
2026-02-02 04:45:00,1.3681575059890747,1.3683634996414185,1.3680639266967771,1.3680639266967771,0
2026-02-02 05:00:00,1.3681200742721558,1.368288516998291,1.3678393363952637,1.3682323694229126,0
2026-02-02 05:15:00,1.3672596216201782,1.368288516998291,1.3672596216201782,1.368288516998291,0
2026-02-02 05:30:00,1.3669979572296145,1.3674465417861938,1.366867184638977,1.3671661615371704,0
2026-02-02 05:45:00,1.3672221899032593,1.3672221899032593,1.3662508726119995,1.366867184638977,0
2026-02-02 06:00:00,1.3670353889465332,1.3675587177276611,1.3669044971466064,1.3674465417861938,0
2026-02-02 06:15:00,1.366474986076355,1.36718487739563,1.3664188385009766,1.36718487739563,0
2026-02-02 06:30:00,1.366923213005066,1.366923213005066,1.3663442134857178,1.3666430711746216,0
2026-02-02 06:45:00,1.3674839735031128,1.3674839735031128,1.3670353889465332,1.3672221899032593,0
2026-02-02 07:00:00,1.3681200742721558,1.3685693740844729,1.3675214052200315,1.3675774335861206,0
2026-02-02 07:15:00,1.3685132265090942,1.3685132265090942,1.367708444595337,1.3678580522537231,0
2026-02-02 07:30:00,1.3681013584136963,1.3685319423675537,1.3677270412445068,1.3685319423675537,0
2026-02-02 07:45:00,1.3681762218475342,1.3686630725860596,1.3678393363952637,1.3682136535644531,0
2026-02-02 08:00:00,1.3686819076538086,1.3690941333770752,1.3681575059890747,1.3682698011398315,0
2026-02-02 08:15:00,1.3692065477371216,1.36924409866333,1.3687567710876465,1.3687567710876465,0
2026-02-02 08:30:00,1.369394063949585,1.3699944019317627,1.369225263595581,1.3694690465927124,0
2026-02-02 08:45:00,1.368775486946106,1.3694316148757937,1.368719220161438,1.369375228881836,0
2026-02-02 09:00:00,1.369187831878662,1.3694316148757937,1.3685319423675537,1.36924409866333,0
2026-02-02 09:15:00,1.3697690963745115,1.3700318336486816,1.3687567710876465,1.3690377473831177,0
2026-02-02 09:30:00,1.3699005842208862,1.3702946901321411,1.3697316646575928,1.3698630332946775,0
2026-02-02 09:45:00,1.3709334135055542,1.3710463047027588,1.3698067665100098,1.3698067665100098,0
2026-02-02 10:00:00,1.3711777925491333,1.3711777925491333,1.3707079887390137,1.3707642555236816,0
2026-02-02 10:15:00,1.370877027511597,1.371478796005249,1.370877027511597,1.3713659048080444,0
2026-02-02 10:30:00,1.3699568510055542,1.3710650205612185,1.3699380159378052,1.3709899187088013,0
2026-02-02 10:45:00,1.3702759742736816,1.3704450130462646,1.3697690963745115,1.3698817491531372,0
2026-02-02 11:00:00,1.3700695037841797,1.3702572584152222,1.3698254823684692,1.3702572584152222,0
2026-02-02 11:15:00,1.3708394765853882,1.3708394765853882,1.3700883388519287,1.3701820373535156,0
2026-02-02 11:30:00,1.3699944019317627,1.3710086345672607,1.3699944019317627,1.3709146976470947,0
2026-02-02 11:45:00,1.3701069355010986,1.3701069355010986,1.3696378469467163,1.3698254823684692,0
2026-02-02 12:00:00,1.3695815801620483,1.3706891536712646,1.3695440292358398,1.3700131177902222,0
2026-02-02 12:15:00,1.3694690465927124,1.3694690465927124,1.3690004348754885,1.3694316148757937,0
2026-02-02 12:30:00,1.3687567710876465,1.3696378469467163,1.368738055229187,1.3694127798080444,0
2026-02-02 12:45:00,1.3688691854476929,1.369187831878662,1.3687567710876465,1.3688691854476929,0
2026-02-02 13:00:00,1.3674278259277344,1.3686819076538086,1.3671101331710815,1.3686819076538086,0
2026-02-02 13:15:00,1.3666056394577026,1.3673903942108154,1.3665308952331543,1.3673903942108154,0
2026-02-02 13:30:00,1.3657844066619873,1.3667362928390503,1.365541934967041,1.3667362928390503,0
2026-02-02 13:45:00,1.3652622699737549,1.3661015033721924,1.3652622699737549,1.3660082817077637,0
2026-02-02 14:00:00,1.3642191886901855,1.365411400794983,1.364144802093506,1.3652808666229248,0
2026-02-02 14:15:00,1.363958716392517,1.363958716392517,1.3632149696350098,1.363958716392517,0
2026-02-02 14:30:00,1.3660829067230225,1.3661948442459106,1.3638843297958374,1.3638843297958374,0
2026-02-02 14:45:00,1.366829752922058,1.3675026893615725,1.366138935089111,1.366138935089111,0
2026-02-02 15:00:00,1.365075945854187,1.3657469749450684,1.364628791809082,1.3657469749450684,0
2026-02-02 15:15:00,1.365336775779724,1.3660082817077637,1.364089012145996,1.3652995824813845,0
2026-02-02 15:30:00,1.364237904548645,1.3657844066619873,1.364237904548645,1.365187644958496,0
2026-02-02 15:45:00,1.36275053024292,1.363772749900818,1.36275053024292,1.363772749900818,0
2026-02-02 16:00:00,1.3647218942642212,1.3647218942642212,1.362453579902649,1.36282479763031,0
2026-02-02 16:15:00,1.3651504516601562,1.3651504516601562,1.3645542860031128,1.3647032976150513,0
2026-02-02 16:30:00,1.3655046224594116,1.3657097816467283,1.365094542503357,1.3652622699737549,0
2026-02-02 16:45:00,1.3653554916381836,1.3653554916381836,1.3646661043167114,1.3652622699737549,0
2026-02-02 17:00:00,1.366138935089111,1.3661575317382812,1.365392804145813,1.365392804145813,0
2026-02-02 17:15:00,1.365728497505188,1.366269588470459,1.3655046224594116,1.366269588470459,0
2026-02-02 17:30:00,1.3659895658493042,1.3659895658493042,1.3651691675186155,1.3656538724899292,0
2026-02-02 17:45:00,1.3658403158187866,1.3661761283874512,1.3655606508255005,1.3659522533416748,0
2026-02-02 18:00:00,1.3649827241897583,1.366138935089111,1.3649827241897583,1.3660082817077637,0
2026-02-02 18:15:00,1.3658217191696167,1.3658217191696167,1.3649641275405884,1.3649641275405884,0
2026-02-02 18:30:00,1.365691065788269,1.366120219230652,1.3654673099517822,1.3660829067230225,0
2026-02-02 18:45:00,1.3650386333465576,1.3658403158187866,1.3648896217346191,1.3657844066619873,0
2026-02-02 19:00:00,1.3646475076675415,1.3650572299957275,1.3645730018615725,1.3650572299957275,0
2026-02-02 19:15:00,1.3646661043167114,1.3647406101226809,1.3644241094589231,1.3646661043167114,0
2026-02-02 19:30:00,1.3660082817077637,1.3660082817077637,1.3645730018615725,1.3646847009658811,0
2026-02-02 19:45:00,1.3661948442459106,1.36621356010437,1.3657097816467283,1.3659336566925049,0
2026-02-02 20:00:00,1.3660268783569336,1.3663069009780884,1.3658217191696167,1.365859031677246,0
2026-02-02 20:15:00,1.365877628326416,1.3658963441848757,1.3655606508255005,1.3658403158187866,0
2026-02-02 20:30:00,1.3661575317382812,1.3661575317382812,1.3658403158187866,1.3658403158187866,0
2026-02-02 20:45:00,1.3666616678237915,1.3667550086975098,1.3661015033721924,1.3661015033721924,0
2026-02-02 21:00:00,1.3668484687805176,1.3668484687805176,1.3666430711746216,1.3667362928390503,0
2026-02-02 21:15:00,1.3666430711746216,1.3668484687805176,1.3666430711746216,1.3668484687805176,0
2026-02-02 21:30:00,1.3667924404144287,1.3667924404144287,1.3666056394577026,1.3666056394577026,0
2026-02-02 21:45:00,1.3669044971466064,1.3669044971466064,1.3665122985839844,1.3667737245559692,0
2026-02-02 22:00:00,1.3666616678237915,1.3669979572296145,1.3657469749450684,1.3669979572296145,0
2026-02-02 22:15:00,1.3667737245559692,1.3668484687805176,1.3665869235992432,1.366698980331421,0
2026-02-02 22:30:00,1.366680383682251,1.366829752922058,1.366493582725525,1.3665682077407837,0
2026-02-02 22:45:00,1.3667362928390503,1.3669044971466064,1.3666616678237915,1.366698980331421,0
2026-02-02 23:00:00,1.3668110370635986,1.366867184638977,1.3660829067230225,1.3663442134857178,0
2026-02-02 23:15:00,1.3669044971466064,1.3669979572296145,1.366680383682251,1.366680383682251,0
2026-02-02 23:30:00,1.3670539855957031,1.3672596216201782,1.3668484687805176,1.366867184638977,0
2026-02-02 23:45:00,1.367315649986267,1.367315649986267,1.3669419288635254,1.3670539855957031,0
2026-02-03 00:00:00,1.367353081703186,1.3674839735031128,1.3672221899032593,1.3672970533370972,0
2026-02-03 00:15:00,1.3677833080291748,1.3678206205368042,1.367409110069275,1.367409110069275,0
2026-02-03 00:30:00,1.3675774335861206,1.36797034740448,1.3675774335861206,1.3677457571029663,0
2026-02-03 00:45:00,1.3680639266967771,1.3680639266967771,1.3675214052200315,1.3675587177276611,0
2026-02-03 01:00:00,1.3680264949798584,1.3680826425552368,1.3676148653030396,1.3680826425552368,0
2026-02-03 01:15:00,1.3681949377059937,1.3683820962905884,1.3680264949798584,1.3681575059890747,0
2026-02-03 01:30:00,1.3686069250106812,1.3686069250106812,1.3681762218475342,1.3682698011398315,0
2026-02-03 01:45:00,1.3685882091522217,1.3685882091522217,1.3681949377059937,1.3684757947921753,0
2026-02-03 02:00:00,1.3682698011398315,1.3686443567276,1.368251085281372,1.3686443567276,0
2026-02-03 02:15:00,1.367895483970642,1.368251085281372,1.367895483970642,1.368251085281372,0
2026-02-03 02:30:00,1.3675774335861206,1.3678206205368042,1.3675774335861206,1.367764592170715,0
2026-02-03 02:45:00,1.3673343658447266,1.3675587177276611,1.3672221899032593,1.3675587177276611,0
2026-02-03 03:00:00,1.3674278259277344,1.3675401210784912,1.3672783374786377,1.367315649986267,0
2026-02-03 03:15:00,1.3674465417861938,1.36759614944458,1.3672596216201782,1.367315649986267,0
2026-02-03 03:30:00,1.368812918663025,1.3688504695892334,1.3676148653030396,1.3676148653030396,0
2026-02-03 03:45:00,1.368738055229187,1.3688504695892334,1.3684945106506348,1.3688504695892334,0
2026-02-03 04:00:00,1.3690941333770752,1.3691502809524536,1.3685693740844729,1.3685693740844729,0
2026-02-03 04:15:00,1.36924409866333,1.3694316148757937,1.3690377473831177,1.3690565824508667,0
2026-02-03 04:30:00,1.3689066171646118,1.3692628145217896,1.3689066171646118,1.3692628145217896,0
2026-02-03 04:45:00,1.3688504695892334,1.3690752983093262,1.368775486946106,1.3689066171646118,0
2026-02-03 05:00:00,1.3686630725860596,1.3692065477371216,1.3686443567276,1.3687942028045654,0
2026-02-03 05:15:00,1.3690377473831177,1.3690377473831177,1.3684196472167969,1.3684757947921753,0
2026-02-03 05:30:00,1.3691127300262451,1.369187831878662,1.3690004348754885,1.3690004348754885,0
2026-02-03 05:45:00,1.3690752983093262,1.369187831878662,1.3689440488815308,1.3690191507339478,0
2026-02-03 06:00:00,1.3697129487991333,1.3697129487991333,1.3689628839492798,1.3690377473831177,0
2026-02-03 06:15:00,1.3700695037841797,1.3700695037841797,1.3696753978729248,1.3697879314422607,0
2026-02-03 06:30:00,1.3694316148757937,1.3700131177902222,1.369375228881836,1.3700131177902222,0
2026-02-03 06:45:00,1.369225263595581,1.3696753978729248,1.369225263595581,1.3696378469467163,0
2026-02-03 07:00:00,1.3693565130233765,1.3695253133773804,1.3690377473831177,1.3691691160202026,0
2026-02-03 07:15:00,1.3686069250106812,1.369375228881836,1.3684945106506348,1.369375228881836,0
2026-02-03 07:30:00,1.3706516027450562,1.3706516027450562,1.3688504695892334,1.3688504695892334,0
2026-02-03 07:45:00,1.3698443174362185,1.3705765008926392,1.3698443174362185,1.3705201148986816,0
2026-02-03 08:00:00,1.369225263595581,1.3698254823684692,1.369225263595581,1.3698254823684692,0
2026-02-03 08:15:00,1.3685882091522217,1.3693002462387085,1.3678206205368042,1.3693002462387085,0
2026-02-03 08:30:00,1.3689066171646118,1.3690004348754885,1.3681013584136963,1.3684196472167969,0
2026-02-03 08:45:00,1.368831753730774,1.3690004348754885,1.3683820962905884,1.3686443567276,0
2026-02-03 09:00:00,1.36832594871521,1.3688879013061523,1.3678206205368042,1.3688691854476929,0
2026-02-03 09:15:00,1.3684383630752563,1.3690191507339478,1.3677270412445068,1.3681013584136963,0
2026-02-03 09:30:00,1.368045210838318,1.368251085281372,1.3677457571029663,1.3681762218475342,0
2026-02-03 09:45:00,1.3668484687805176,1.3681013584136963,1.3668484687805176,1.3681013584136963,0
2026-02-03 10:00:00,1.3672221899032593,1.3672970533370972,1.3668110370635986,1.3668110370635986,0
2026-02-03 10:15:00,1.3667737245559692,1.3672035932540894,1.366288185119629,1.3672035932540894,0
2026-02-03 10:30:00,1.366138935089111,1.366698980331421,1.366138935089111,1.366698980331421,0
2026-02-03 10:45:00,1.3657656908035278,1.3661575317382812,1.3657656908035278,1.3661575317382812,0
2026-02-03 11:00:00,1.366120219230652,1.3661575317382812,1.3652622699737549,1.3655978441238403,0
2026-02-03 11:15:00,1.3657469749450684,1.365877628326416,1.365392804145813,1.365877628326416,0
2026-02-03 11:30:00,1.3661761283874512,1.3661761283874512,1.3654299974441528,1.365728497505188,0
2026-02-03 11:45:00,1.3652063608169556,1.3660829067230225,1.3652063608169556,1.3660829067230225,0
2026-02-03 12:00:00,1.366120219230652,1.3664188385009766,1.365336775779724,1.365411400794983,0
2026-02-03 12:15:00,1.3663629293441772,1.366493582725525,1.3660268783569336,1.366045594215393,0
2026-02-03 12:30:00,1.3672783374786377,1.3672783374786377,1.366493582725525,1.366493582725525,0
2026-02-03 12:45:00,1.3682136535644531,1.3682136535644531,1.367409110069275,1.367409110069275,0
2026-02-03 13:00:00,1.368812918663025,1.3688691854476929,1.368045210838318,1.3682136535644531,0
2026-02-03 13:15:00,1.3675214052200315,1.3689628839492798,1.3674839735031128,1.3688504695892334,0
2026-02-03 13:30:00,1.367764592170715,1.3680639266967771,1.367353081703186,1.367465257644653,0
2026-02-03 13:45:00,1.36718487739563,1.3680639266967771,1.36718487739563,1.3678019046783447,0
2026-02-03 14:00:00,1.366400122642517,1.3670166730880735,1.3658963441848757,1.3670166730880735,0
2026-02-03 14:15:00,1.366923213005066,1.366923213005066,1.3659149408340454,1.3663629293441772,0
2026-02-03 14:30:00,1.3680826425552368,1.3680826425552368,1.3669606447219849,1.3669606447219849,0
2026-02-03 14:45:00,1.3669979572296145,1.3684383630752563,1.3669979572296145,1.3679516315460205,0
2026-02-03 15:00:00,1.3677833080291748,1.3680826425552368,1.3665869235992432,1.3670353889465332,0
2026-02-03 15:15:00,1.369656682014465,1.369656682014465,1.3679890632629397,1.3679890632629397,0
2026-02-03 15:30:00,1.369375228881836,1.3697690963745115,1.369225263595581,1.369656682014465,0
2026-02-03 15:45:00,1.370369791984558,1.370369791984558,1.3694502115249634,1.3694502115249634,0
2026-02-03 16:00:00,1.370144605636597,1.3706891536712646,1.3699380159378052,1.3703510761260986,0
2026-02-03 16:15:00,1.3698443174362185,1.370369791984558,1.3696378469467163,1.3700695037841797,0
2026-02-03 16:30:00,1.3701257705688477,1.3701820373535156,1.3696004152297974,1.3699005842208862,0
2026-02-03 16:45:00,1.3700883388519287,1.370144605636597,1.369375228881836,1.370144605636597,0
2026-02-03 17:00:00,1.369506597518921,1.3702384233474731,1.369506597518921,1.3699944019317627,0
2026-02-03 17:15:00,1.3699193000793457,1.3706516027450562,1.369656682014465,1.3697690963745115,0
2026-02-03 17:30:00,1.3696378469467163,1.3702946901321411,1.3696378469467163,1.3700695037841797,0
2026-02-03 17:45:00,1.3696191310882568,1.3700695037841797,1.3696191310882568,1.3696378469467163,0
2026-02-03 18:00:00,1.3691502809524536,1.370144605636597,1.3691502809524536,1.3695815801620483,0
2026-02-03 18:15:00,1.3690004348754885,1.3693565130233765,1.3689628839492798,1.3692628145217896,0
2026-02-03 18:30:00,1.368007779121399,1.3688691854476929,1.368007779121399,1.3688691854476929,0
2026-02-03 18:45:00,1.3679890632629397,1.3683820962905884,1.3679141998291016,1.367932915687561,0
2026-02-03 19:00:00,1.368251085281372,1.368251085281372,1.3674465417861938,1.367633581161499,0
2026-02-03 19:15:00,1.3685319423675537,1.3685319423675537,1.3681013584136963,1.3682698011398315,0
2026-02-03 19:30:00,1.3686819076538086,1.3689815998077393,1.3684569597244265,1.3685693740844729,0
2026-02-03 19:45:00,1.3688879013061523,1.3690565824508667,1.3686069250106812,1.3687567710876465,0
2026-02-03 20:00:00,1.3690377473831177,1.3690377473831177,1.3684383630752563,1.3687567710876465,0
2026-02-03 20:15:00,1.3686630725860596,1.3690004348754885,1.3686443567276,1.3689254522323608,0
2026-02-03 20:30:00,1.369394063949585,1.3695628643035889,1.368812918663025,1.368812918663025,0
2026-02-03 20:45:00,1.3696378469467163,1.3699755668640137,1.36924409866333,1.36924409866333,0
2026-02-03 21:00:00,1.3700131177902222,1.3700131177902222,1.3695815801620483,1.3695815801620483,0
2026-02-03 21:15:00,1.3700883388519287,1.370219588279724,1.3700506687164309,1.3701069355010986,0
2026-02-03 21:30:00,1.3700695037841797,1.3702008724212646,1.3700695037841797,1.3701069355010986,0
2026-02-03 21:45:00,1.3697504997253418,1.3701257705688477,1.3697504997253418,1.3700695037841797,0
2026-02-03 22:00:00,1.3697879314422607,1.3702384233474731,1.3686819076538086,1.369131565093994,0
2026-02-03 22:15:00,1.3697690963745115,1.3698254823684692,1.3692628145217896,1.3696378469467163,0
2026-02-03 22:30:00,1.370144605636597,1.37031352519989,1.3695628643035889,1.3696753978729248,0
2026-02-03 22:45:00,1.3699193000793457,1.3702572584152222,1.3696941137313845,1.3699005842208862,0
2026-02-03 23:00:00,1.3700131177902222,1.3702008724212646,1.369656682014465,1.369656682014465,0
2026-02-03 23:15:00,1.3694502115249634,1.3700318336486816,1.3694502115249634,1.3699193000793457,0
2026-02-03 23:30:00,1.3696191310882568,1.3696191310882568,1.36924409866333,1.36924409866333,0
2026-02-03 23:45:00,1.369656682014465,1.3698067665100098,1.3695440292358398,1.3696378469467163,0
2026-02-04 00:00:00,1.369394063949585,1.3697316646575928,1.3692628145217896,1.3697316646575928,0
2026-02-04 00:15:00,1.3696378469467163,1.3697879314422607,1.3694878816604614,1.3695440292358398,0
2026-02-04 00:30:00,1.369656682014465,1.369656682014465,1.3694502115249634,1.3695815801620483,0
2026-02-04 00:45:00,1.3694690465927124,1.3696753978729248,1.3692628145217896,1.3696378469467163,0
2026-02-04 01:00:00,1.3698443174362185,1.3698443174362185,1.36924409866333,1.3694502115249634,0
2026-02-04 01:15:00,1.3708583116531372,1.3710274696350098,1.3700506687164309,1.3700506687164309,0
2026-02-04 01:30:00,1.37055766582489,1.3708207607269287,1.3702572584152222,1.3706327676773071,0
2026-02-04 01:45:00,1.3708019256591797,1.3709334135055542,1.3704450130462646,1.3706140518188477,0
2026-02-04 02:00:00,1.3708207607269287,1.3711777925491333,1.3705765008926392,1.3707268238067627,0
2026-02-04 02:15:00,1.3705013990402222,1.3707642555236816,1.370369791984558,1.3707268238067627,0
2026-02-04 02:30:00,1.3705765008926392,1.3705765008926392,1.37031352519989,1.3704261779785156,0
2026-02-04 02:45:00,1.3699944019317627,1.3705201148986816,1.3698067665100098,1.3705013990402222,0
2026-02-04 03:00:00,1.3701820373535156,1.3703886270523071,1.3701069355010986,1.3702384233474731,0
2026-02-04 03:15:00,1.3699944019317627,1.3701069355010986,1.3698443174362185,1.3700506687164309,0
2026-02-04 03:30:00,1.3699380159378052,1.3700318336486816,1.3697690963745115,1.3699380159378052,0
2026-02-04 03:45:00,1.3705013990402222,1.3705388307571411,1.3699380159378052,1.3699380159378052,0
2026-02-04 04:00:00,1.3708394765853882,1.3708394765853882,1.3704450130462646,1.370463728904724,0
2026-02-04 04:15:00,1.370877027511597,1.3709522485733032,1.3708019256591797,1.3709522485733032,0
2026-02-04 04:30:00,1.3710650205612185,1.3711777925491333,1.3709334135055542,1.3709334135055542,0
2026-02-04 04:45:00,1.3717044591903689,1.3717044591903689,1.3709522485733032,1.3709710836410522,0
2026-02-04 05:00:00,1.3715728521347046,1.3716667890548706,1.3714599609375,1.3716667890548706,0
2026-02-04 05:15:00,1.3716667890548706,1.3716856241226196,1.371328353881836,1.3715351819992063,0
2026-02-04 05:30:00,1.3719680309295654,1.3719680309295654,1.371629238128662,1.371629238128662,0
2026-02-04 05:45:00,1.3716480731964111,1.372005581855774,1.371610403060913,1.3719490766525269,0
2026-02-04 06:00:00,1.3720808029174805,1.3720808029174805,1.371610403060913,1.371629238128662,0
2026-02-04 06:15:00,1.3717608451843262,1.372156262397766,1.3717044591903689,1.372156262397766,0
2026-02-04 06:30:00,1.3717421293258667,1.372005581855774,1.3716667890548706,1.3719114065170288,0
2026-02-04 06:45:00,1.3713847398757937,1.3719680309295654,1.3713470697402954,1.3719490766525269,0
2026-02-04 07:00:00,1.3711402416229248,1.3717608451843262,1.3711402416229248,1.3715163469314575,0
2026-02-04 07:15:00,1.3709899187088013,1.3715163469314575,1.3708394765853882,1.3709899187088013,0
2026-02-04 07:30:00,1.3711214065551758,1.3711590766906738,1.3707079887390137,1.3708394765853882,0
2026-02-04 07:45:00,1.3717608451843262,1.3717986345291138,1.3711777925491333,1.3711777925491333,0
2026-02-04 08:00:00,1.372796654701233,1.3732868432998655,1.3714599609375,1.3716856241226196,0
2026-02-04 08:15:00,1.372796654701233,1.3729662895202637,1.372419834136963,1.3728909492492676,0
2026-02-04 08:30:00,1.3725706338882446,1.372796654701233,1.3719680309295654,1.372796654701233,0
2026-02-04 08:45:00,1.373136043548584,1.373136043548584,1.3721938133239746,1.3726271390914917,0
2026-02-04 09:00:00,1.3732680082321167,1.3732680082321167,1.37247633934021,1.3730227947235107,0
2026-02-04 09:15:00,1.3718174695968628,1.3730794191360474,1.3718174695968628,1.3730794191360474,0
2026-02-04 09:30:00,1.3708207607269287,1.3717421293258667,1.370463728904724,1.3717421293258667,0
2026-02-04 09:45:00,1.3709334135055542,1.3709522485733032,1.3701820373535156,1.3709522485733032,0
2026-02-04 10:00:00,1.3708207607269287,1.3711777925491333,1.3708207607269287,1.3709334135055542,0
2026-02-04 10:15:00,1.3699755668640137,1.3708019256591797,1.3696753978729248,1.3706891536712646,0
2026-02-04 10:30:00,1.37055766582489,1.37055766582489,1.3696941137313845,1.3702572584152222,0
2026-02-04 10:45:00,1.371591567993164,1.3716480731964111,1.3706327676773071,1.3706516027450562,0
2026-02-04 11:00:00,1.3707079887390137,1.3715540170669556,1.3706704378128052,1.3715163469314575,0
2026-02-04 11:15:00,1.3706516027450562,1.370877027511597,1.37031352519989,1.370877027511597,0
2026-02-04 11:30:00,1.3711214065551758,1.3715728521347046,1.3707268238067627,1.3707268238067627,0
2026-02-04 11:45:00,1.3709899187088013,1.3710463047027588,1.3704825639724731,1.3704825639724731,0
2026-02-04 12:00:00,1.3709146976470947,1.3712530136108398,1.3708583116531372,1.3710086345672607,0
2026-02-04 12:15:00,1.3719114065170288,1.3719114065170288,1.3708583116531372,1.3708583116531372,0
2026-02-04 12:30:00,1.3722503185272217,1.3722503185272217,1.3719490766525269,1.3719490766525269,0
2026-02-04 12:45:00,1.372118592262268,1.372457504272461,1.3720808029174805,1.3723633289337158,0
2026-02-04 13:00:00,1.3719680309295654,1.372043251991272,1.3717044591903689,1.372005581855774,0
2026-02-04 13:15:00,1.3713659048080444,1.3726459741592407,1.3713659048080444,1.3723068237304688,0
2026-02-04 13:30:00,1.3712342977523804,1.3714975118637085,1.3703886270523071,1.3711966276168823,0
2026-02-04 13:45:00,1.371441125869751,1.3723633289337158,1.3712718486785889,1.3712718486785889,0
2026-02-04 14:00:00,1.3694127798080444,1.3717044591903689,1.368831753730774,1.371441125869751,0
2026-02-04 14:15:00,1.3698254823684692,1.3700695037841797,1.369375228881836,1.369375228881836,0
2026-02-04 14:30:00,1.3696191310882568,1.3699193000793457,1.3692065477371216,1.3699193000793457,0
2026-02-04 14:45:00,1.3690752983093262,1.3699944019317627,1.3690752983093262,1.3695815801620483,0
2026-02-04 15:00:00,1.368812918663025,1.369375228881836,1.3681762218475342,1.3690377473831177,0
2026-02-04 15:15:00,1.3678206205368042,1.3693190813064575,1.3678206205368042,1.3693190813064575,0
2026-02-04 15:30:00,1.367708444595337,1.3681013584136963,1.3663069009780884,1.3681013584136963,0
2026-02-04 15:45:00,1.3664562702178955,1.3675026893615725,1.3663815259933472,1.3673903942108154,0
2026-02-04 16:00:00,1.3648709058761597,1.3664562702178955,1.3647406101226809,1.3664562702178955,0
2026-02-04 16:15:00,1.365541934967041,1.365541934967041,1.3645915985107422,1.3651131391525269,0
2026-02-04 16:30:00,1.3648523092269895,1.3656724691390991,1.3645915985107422,1.3656165599822998,0
2026-02-04 16:45:00,1.3657656908035278,1.3657656908035278,1.364479899406433,1.3648523092269895,0
2026-02-04 17:00:00,1.3665869235992432,1.3665869235992432,1.3657097816467283,1.3657097816467283,0
2026-02-04 17:15:00,1.3666430711746216,1.3672596216201782,1.3663815259933472,1.3667737245559692,0
2026-02-04 17:30:00,1.3651504516601562,1.3665682077407837,1.3651504516601562,1.3665682077407837,0
2026-02-04 17:45:00,1.3647406101226809,1.3655046224594116,1.3647406101226809,1.3652622699737549,0
2026-02-04 18:00:00,1.3644611835479736,1.3647778034210205,1.364349603652954,1.364517092704773,0
2026-02-04 18:15:00,1.3652249574661257,1.3652249574661257,1.3643122911453247,1.364479899406433,0
2026-02-04 18:30:00,1.3654487133026123,1.3654487133026123,1.36481511592865,1.364926815032959,0
2026-02-04 18:45:00,1.3651691675186155,1.3655046224594116,1.3651318550109863,1.3651504516601562,0
2026-02-04 19:00:00,1.3647032976150513,1.3652622699737549,1.3645542860031128,1.3652622699737549,0
2026-02-04 19:15:00,1.3647778034210205,1.365094542503357,1.3645730018615725,1.364926815032959,0
2026-02-04 19:30:00,1.3654487133026123,1.365541934967041,1.3648709058761597,1.3648709058761597,0
2026-02-04 19:45:00,1.36621356010437,1.36621356010437,1.3654487133026123,1.3654487133026123,0
2026-02-04 20:00:00,1.366120219230652,1.366400122642517,1.3659522533416748,1.3663442134857178,0
2026-02-04 20:15:00,1.3655978441238403,1.3661015033721924,1.3655978441238403,1.3660829067230225,0
2026-02-04 20:30:00,1.3651691675186155,1.3655606508255005,1.3651691675186155,1.3654860258102417,0
2026-02-04 20:45:00,1.3650014400482178,1.365392804145813,1.364926815032959,1.3651691675186155,0
2026-02-04 21:00:00,1.365392804145813,1.3654299974441528,1.365094542503357,1.3651131391525269,0
2026-02-04 21:15:00,1.3655978441238403,1.3656538724899292,1.3654487133026123,1.3654860258102417,0
2026-02-04 21:30:00,1.3654860258102417,1.365691065788269,1.365243673324585,1.365691065788269,0
2026-02-04 21:45:00,1.3653181791305542,1.3654673099517822,1.3649827241897583,1.3654673099517822,0
2026-02-04 22:00:00,1.3652249574661257,1.3660082817077637,1.3650572299957275,1.365187644958496,0
2026-02-04 22:15:00,1.3654673099517822,1.3656165599822998,1.3651318550109863,1.3656165599822998,0
2026-02-04 22:30:00,1.3658217191696167,1.3658217191696167,1.3650014400482178,1.3651318550109863,0
2026-02-04 22:45:00,1.3653740882873535,1.3657097816467283,1.365187644958496,1.3656724691390991,0
2026-02-04 23:00:00,1.3649827241897583,1.3652622699737549,1.3649827241897583,1.3652249574661257,0
2026-02-04 23:15:00,1.364610195159912,1.3651131391525269,1.364610195159912,1.365019917488098,0
2026-02-04 23:30:00,1.3650014400482178,1.3650014400482178,1.3646847009658811,1.3646847009658811,0
2026-02-04 23:45:00,1.3644425868988037,1.3649827241897583,1.3644425868988037,1.364945411682129,0
2026-02-05 00:00:00,1.3645730018615725,1.3647592067718506,1.3645542860031128,1.3646847009658811,0
2026-02-05 00:15:00,1.3648709058761597,1.3648896217346191,1.3646661043167114,1.3646661043167114,0
2026-02-05 00:30:00,1.364908218383789,1.364945411682129,1.3647406101226809,1.364908218383789,0
2026-02-05 00:45:00,1.3652063608169556,1.3652622699737549,1.364945411682129,1.3649827241897583,0
2026-02-05 01:00:00,1.365392804145813,1.365411400794983,1.365243673324585,1.365243673324585,0
2026-02-05 01:15:00,1.364628791809082,1.3652622699737549,1.3645915985107422,1.3651504516601562,0
2026-02-05 01:30:00,1.3648523092269895,1.3651691675186155,1.3646661043167114,1.3648337125778198,0
2026-02-05 01:45:00,1.364926815032959,1.364945411682129,1.3647218942642212,1.3648337125778198,0
2026-02-05 02:00:00,1.3636053800582886,1.3648709058761597,1.3633637428283691,1.3648709058761597,0
2026-02-05 02:15:00,1.3634194135665894,1.3635681867599487,1.3629920482635498,1.3635495901107788,0
2026-02-05 02:30:00,1.3635867834091189,1.363977313041687,1.3634194135665894,1.3634566068649292,0
2026-02-05 02:45:00,1.362342119216919,1.3634194135665894,1.362342119216919,1.3634194135665894,0
2026-02-05 03:00:00,1.3625091314315796,1.3626762628555298,1.362119436264038,1.3621565103530884,0
2026-02-05 03:15:00,1.3626948595046997,1.36304771900177,1.3623793125152588,1.362453579902649,0
2026-02-05 03:30:00,1.3625648021697998,1.3626948595046997,1.3623050451278689,1.3626205921173096,0
2026-02-05 03:45:00,1.3625277280807495,1.3625277280807495,1.362138032913208,1.3624906539916992,0
2026-02-05 04:00:00,1.3625091314315796,1.36265766620636,1.3623050451278689,1.3625091314315796,0
2026-02-05 04:15:00,1.36280620098114,1.36280620098114,1.3623977899551392,1.362416386604309,0
2026-02-05 04:30:00,1.36284339427948,1.36284339427948,1.3627134561538696,1.36280620098114,0
2026-02-05 04:45:00,1.36273193359375,1.3628991842269895,1.36273193359375,1.36286199092865,0
2026-02-05 05:00:00,1.362416386604309,1.36263906955719,1.3623793125152588,1.3625833988189695,0
2026-02-05 05:15:00,1.3621565103530884,1.3623050451278689,1.361933946609497,1.3623050451278689,0
2026-02-05 05:30:00,1.3621565103530884,1.3623793125152588,1.3619894981384275,1.3621937036514282,0
2026-02-05 05:45:00,1.361952543258667,1.362230896949768,1.361767053604126,1.362230896949768,0
2026-02-05 06:00:00,1.3612109422683716,1.3620823621749878,1.3612109422683716,1.3620823621749878,0
2026-02-05 06:15:00,1.3608405590057373,1.3613777160644531,1.3608219623565674,1.361155390739441,0
2026-02-05 06:30:00,1.3616372346878052,1.3616372346878052,1.360970139503479,1.3610812425613403,0
2026-02-05 06:45:00,1.361767053604126,1.361767053604126,1.3613591194152832,1.3615630865097046,0
2026-02-05 07:00:00,1.3620823621749878,1.36286199092865,1.3618227243423462,1.3618227243423462,0
2026-02-05 07:15:00,1.3621008396148682,1.362230896949768,1.3618782758712769,1.3620823621749878,0
2026-02-05 07:30:00,1.3625833988189695,1.3626948595046997,1.361748456954956,1.3620080947875977,0
2026-02-05 07:45:00,1.3620266914367676,1.3629363775253296,1.3619710206985474,1.362434983253479,0
2026-02-05 08:00:00,1.3627877235412598,1.3632521629333496,1.3620638847351074,1.3620638847351074,0
2026-02-05 08:15:00,1.362453579902649,1.36273193359375,1.362212300300598,1.3622864484786987,0
2026-02-05 08:30:00,1.3613591194152832,1.3623050451278689,1.3613221645355225,1.3623050451278689,0
2026-02-05 08:45:00,1.360322117805481,1.3613591194152832,1.36024808883667,1.3613591194152832,0
2026-02-05 09:00:00,1.3581236600875854,1.3602850437164309,1.3581236600875854,1.36024808883667,0
2026-02-05 09:15:00,1.35792076587677,1.3586403131484983,1.3578286170959473,1.3580313920974731,0
2026-02-05 09:30:00,1.3561712503433228,1.3584003448486328,1.3561712503433228,1.3580313920974731,0
2026-02-05 09:45:00,1.356760025024414,1.356760025024414,1.355711579322815,1.3559322357177734,0
2026-02-05 10:00:00,1.3575705289840698,1.3577731847763062,1.35637366771698,1.356594443321228,0
2026-02-05 10:15:00,1.3581420183181765,1.3582711219787598,1.3572204113006592,1.357994556427002,0
2026-02-05 10:30:00,1.3595454692840576,1.3596562147140503,1.3584003448486328,1.3584003448486328,0
2026-02-05 10:45:00,1.3588433265686035,1.35963773727417,1.3586586713790894,1.3596007823944092,0
2026-02-05 11:00:00,1.3587695360183716,1.3589357137680054,1.35828959941864,1.3586218357086182,0
2026-02-05 11:15:00,1.3607479333877563,1.3609329462051392,1.3592311143875122,1.3592311143875122,0
2026-02-05 11:30:00,1.3598597049713137,1.3607664108276367,1.3598041534423828,1.360618233680725,0
2026-02-05 11:45:00,1.3613035678863523,1.3614518642425537,1.3599705696105957,1.3599891662597656,0
2026-02-05 12:00:00,1.3572572469711304,1.3573309183120728,1.3559322357177734,1.3569073677062988,0
2026-02-05 12:15:00,1.3562816381454468,1.356760025024414,1.3545180559158323,1.3563920259475708,0
2026-02-05 12:30:00,1.3566864728927612,1.3572572469711304,1.356042504310608,1.3571467399597168,0
2026-02-05 12:45:00,1.357994556427002,1.358363389968872,1.3569625616073608,1.3569625616073608,0
2026-02-05 13:00:00,1.3573493957519531,1.358363389968872,1.356815218925476,1.358363389968872,0
2026-02-05 13:15:00,1.3586033582687378,1.3587695360183716,1.357312560081482,1.357312560081482,0
2026-02-05 13:30:00,1.3579576015472412,1.3594160079956057,1.3579576015472412,1.3593051433563232,0
2026-02-05 13:45:00,1.3587325811386108,1.358917236328125,1.3572757244110107,1.3572757244110107,0
2026-02-05 14:00:00,1.357754826545715,1.35869562625885,1.357054591178894,1.3581604957580566,0
2026-02-05 14:15:00,1.35694420337677,1.358105182647705,1.35664963722229,1.3578838109970093,0
2026-02-05 14:30:00,1.3568521738052368,1.3575890064239502,1.3567231893539429,1.356760025024414,0
2026-02-05 14:45:00,1.353692889213562,1.3572572469711304,1.353692889213562,1.3568888902664185,0
2026-02-05 15:00:00,1.3551788330078125,1.3554176092147827,1.3537845611572266,1.35534405708313,0
2026-02-05 15:15:00,1.353234887123108,1.3555830717086792,1.353234887123108,1.3552889823913574,0
2026-02-05 15:30:00,1.3533997535705566,1.3537112474441528,1.3528870344161987,1.353692889213562,0
2026-02-05 15:45:00,1.3527772426605225,1.3531616926193235,1.3526124954223633,1.3529785871505735,0
2026-02-05 16:00:00,1.3524844646453855,1.352960228919983,1.3520638942718506,1.352960228919983,0
2026-02-05 16:15:00,1.3536561727523804,1.3539128303527832,1.3524478673934937,1.3524478673934937,0
2026-02-05 16:30:00,1.3548849821090698,1.3548849821090698,1.3540045022964478,1.3540045022964478,0
2026-02-05 16:45:00,1.3550502061843872,1.3556196689605713,1.3546831607818604,1.3551788330078125,0
2026-02-05 17:00:00,1.3544996976852417,1.354921817779541,1.3541145324707031,1.354921817779541,0
2026-02-05 17:15:00,1.3554726839065552,1.3556748628616333,1.354352951049805,1.3544079065322876,0
2026-02-05 17:30:00,1.3554543256759644,1.3556381464004517,1.3550502061843872,1.3556381464004517,0
2026-02-05 17:45:00,1.3549952507019043,1.3556565046310425,1.3546831607818604,1.355546236038208,0
2026-02-05 18:00:00,1.3553624153137207,1.355766773223877,1.3552522659301758,1.3553073406219482,0
2026-02-05 18:15:00,1.3547749519348145,1.3553073406219482,1.3545546531677246,1.3552522659301758,0
2026-02-05 18:30:00,1.3547749519348145,1.355233907699585,1.3544628620147705,1.3544628620147705,0
2026-02-05 18:45:00,1.3540594577789309,1.3546648025512695,1.3539128303527832,1.3546648025512695,0
2026-02-05 19:00:00,1.354830026626587,1.354976773262024,1.354352951049805,1.3544262647628784,0
2026-02-05 19:15:00,1.354830026626587,1.3549401760101318,1.354628086090088,1.3547013998031616,0
2026-02-05 19:30:00,1.354609727859497,1.354719877243042,1.354334592819214,1.3546464443206787,0
2026-02-05 19:45:00,1.3549033403396606,1.355215549468994,1.3544446229934692,1.3544446229934692,0
2026-02-05 20:00:00,1.3550686836242676,1.3552889823913574,1.3544628620147705,1.354719877243042,0
2026-02-05 20:15:00,1.3550502061843872,1.3552522659301758,1.354866623878479,1.354976773262024,0
2026-02-05 20:30:00,1.3542428016662598,1.3550318479537964,1.3542428016662598,1.3550136089324951,0
2026-02-05 20:45:00,1.3538762331008911,1.3542611598968506,1.3538578748703003,1.3542428016662598,0
2026-02-05 21:00:00,1.3535828590393066,1.3539495468139648,1.3535828590393066,1.3538395166397097,0
2026-02-05 21:15:00,1.3535096645355225,1.353747844696045,1.353363037109375,1.3535828590393066,0
2026-02-05 21:30:00,1.352960228919983,1.3536195755004885,1.3527954816818235,1.3535646200180054,0
2026-02-05 21:45:00,1.3532898426055908,1.3533265590667725,1.352649211883545,1.3526674509048462,0
2026-02-05 22:00:00,1.3531067371368408,1.3540412187576294,1.353033423423767,1.353033423423767,0
2026-02-05 22:15:00,1.353051781654358,1.3531067371368408,1.3527040481567385,1.3530701398849487,0
2026-02-05 22:30:00,1.3531982898712158,1.3534547090530396,1.3530151844024658,1.3530151844024658,0
2026-02-05 22:45:00,1.3539128303527832,1.3541878461837769,1.3535462617874146,1.353692889213562,0
2026-02-05 23:00:00,1.3527954816818235,1.353692889213562,1.3527954816818235,1.353692889213562,0
2026-02-05 23:15:00,1.3522101640701294,1.352630853652954,1.3522101640701294,1.352630853652954,0
2026-02-05 23:30:00,1.3524844646453855,1.352630853652954,1.3522284030914309,1.3522833585739136,0
2026-02-05 23:45:00,1.352155327796936,1.352685809135437,1.352155327796936,1.3526124954223633,0
2026-02-06 00:00:00,1.3515522480010986,1.352539300918579,1.3515522480010986,1.352155327796936,0
2026-02-06 00:15:00,1.3518445491790771,1.352027416229248,1.3510043621063232,1.3512418270111084,0
2026-02-06 00:30:00,1.35255765914917,1.35255765914917,1.3519359827041626,1.352027416229248,0
2026-02-06 00:45:00,1.3530151844024658,1.353033423423767,1.3524662256240845,1.3524662256240845,0
2026-02-06 01:00:00,1.3532166481018066,1.3532166481018066,1.3527406454086304,1.3529053926467896,0
2026-02-06 01:15:00,1.3529419898986816,1.3531982898712158,1.3526674509048462,1.3531616926193235,0
2026-02-06 01:30:00,1.3534730672836304,1.3536561727523804,1.3528870344161987,1.3528870344161987,0
2026-02-06 01:45:00,1.3538578748703003,1.3542795181274414,1.3536195755004885,1.3536195755004885,0
2026-02-06 02:00:00,1.3545180559158323,1.354609727859497,1.3541511297225952,1.3541511297225952,0
2026-02-06 02:15:00,1.3549033403396606,1.3549033403396606,1.3542062044143677,1.3544446229934692,0
2026-02-06 02:30:00,1.354719877243042,1.3550136089324951,1.354719877243042,1.3548849821090698,0
2026-02-06 02:45:00,1.3546648025512695,1.3548483848571775,1.3544446229934692,1.3546648025512695,0
2026-02-06 03:00:00,1.3547565937042236,1.3548849821090698,1.354609727859497,1.3546464443206787,0
2026-02-06 03:15:00,1.3547382354736328,1.3548849821090698,1.3545546531677246,1.3548483848571775,0
2026-02-06 03:30:00,1.354481220245361,1.3549033403396606,1.3544628620147705,1.3547565937042236,0
2026-02-06 03:45:00,1.354719877243042,1.354830026626587,1.354609727859497,1.354628086090088,0
2026-02-06 04:00:00,1.355233907699585,1.355233907699585,1.3547013998031616,1.3547013998031616,0
2026-02-06 04:15:00,1.3551421165466309,1.355399250984192,1.354958415031433,1.355215549468994,0
2026-02-06 04:30:00,1.3558955192565918,1.3558955192565918,1.355197191238403,1.355215549468994,0
2026-02-06 04:45:00,1.3557482957839966,1.356024146080017,1.3556196689605713,1.3559322357177734,0
2026-02-06 05:00:00,1.3562816381454468,1.3562816381454468,1.3559505939483645,1.3559505939483645,0
2026-02-06 05:15:00,1.3564103841781616,1.3565207719802856,1.3562631607055664,1.3563183546066284,0
2026-02-06 05:30:00,1.35637366771698,1.3566128015518188,1.3563183546066284,1.35637366771698,0
2026-02-06 05:45:00,1.3568521738052368,1.3568705320358276,1.3564103841781616,1.3564103841781616,0
2026-02-06 06:00:00,1.3576072454452517,1.357717990875244,1.35694420337677,1.3569625616073608,0
2026-02-06 06:15:00,1.3575520515441897,1.357681155204773,1.357441544532776,1.357533574104309,0
2026-02-06 06:30:00,1.3572388887405396,1.357754826545715,1.3571282625198364,1.3576072454452517,0
2026-02-06 06:45:00,1.3572940826416016,1.3574045896530151,1.3568521738052368,1.3574045896530151,0
2026-02-06 07:00:00,1.3566312789916992,1.3573493957519531,1.3566312789916992,1.3571652173995972,0
2026-02-06 07:15:00,1.3576257228851318,1.3576257228851318,1.3564472198486328,1.3564472198486328,0
2026-02-06 07:30:00,1.3567231893539429,1.357681155204773,1.3567231893539429,1.357312560081482,0
2026-02-06 07:45:00,1.356815218925476,1.3568705320358276,1.3565576076507568,1.3568705320358276,0
2026-02-06 08:00:00,1.3570362329483032,1.3570362329483032,1.3562631607055664,1.356539249420166,0
2026-02-06 08:15:00,1.3563368320465088,1.3570915460586548,1.3563368320465088,1.356594443321228,0
2026-02-06 08:30:00,1.3565207719802856,1.3568521738052368,1.3563368320465088,1.3564287424087524,0
2026-02-06 08:45:00,1.3569257259368896,1.3572572469711304,1.3559505939483645,1.3562999963760376,0
2026-02-06 09:00:00,1.356760025024414,1.3572572469711304,1.3567231893539429,1.3569809198379517,0
2026-02-06 09:15:00,1.357441544532776,1.3575705289840698,1.356760025024414,1.356760025024414,0
2026-02-06 09:30:00,1.357994556427002,1.357994556427002,1.357681155204773,1.3577916622161863,0
2026-02-06 09:45:00,1.3578470945358276,1.3582158088684082,1.3578470945358276,1.358105182647705,0
2026-02-06 10:00:00,1.35828959941864,1.358363389968872,1.357754826545715,1.357754826545715,0
2026-02-06 10:15:00,1.357478380203247,1.3582526445388794,1.3574230670928955,1.3581973314285278,0
2026-02-06 10:30:00,1.357736349105835,1.357810139656067,1.3572572469711304,1.3572572469711304,0
2026-02-06 10:45:00,1.3579576015472412,1.3579576015472412,1.3573862314224243,1.357717990875244,0
2026-02-06 11:00:00,1.3580313920974731,1.3581604957580566,1.3576995134353638,1.3576995134353638,0
2026-02-06 11:15:00,1.3591018915176392,1.3591018915176392,1.357754826545715,1.3582158088684082,0
2026-02-06 11:30:00,1.3586586713790894,1.3591388463974,1.3585848808288574,1.3590279817581177,0
2026-02-06 11:45:00,1.3584926128387451,1.3592311143875122,1.3584556579589844,1.3587695360183716,0
2026-02-06 12:00:00,1.358788013458252,1.3593236207962036,1.358437180519104,1.3585848808288574,0
2026-02-06 12:15:00,1.358972668647766,1.3591573238372805,1.3588433265686035,1.358972668647766,0
2026-02-06 12:30:00,1.3591018915176392,1.359489917755127,1.358991026878357,1.3591573238372805,0
2026-02-06 12:45:00,1.3590834140777588,1.359508395195007,1.3588433265686035,1.3591018915176392,0
2026-02-06 13:00:00,1.3591573238372805,1.3591573238372805,1.3585480451583862,1.3588248491287231,0
2026-02-06 13:15:00,1.359397530555725,1.3594160079956057,1.3586771488189695,1.359249711036682,0
2026-02-06 13:30:00,1.3586033582687378,1.3596007823944092,1.3584926128387451,1.3595268726348877,0
2026-02-06 13:45:00,1.3587509393692017,1.3587509393692017,1.3582158088684082,1.3584556579589844,0
2026-02-06 14:00:00,1.3591388463974,1.3597116470336914,1.358972668647766,1.358972668647766,0
2026-02-06 14:15:00,1.3593790531158447,1.3596748113632202,1.3591573238372805,1.3593790531158447,0
2026-02-06 14:30:00,1.3606553077697754,1.360692262649536,1.3592866659164429,1.3592866659164429,0
2026-02-06 14:45:00,1.3605626821517944,1.360877513885498,1.3604332208633425,1.3604332208633425,0
2026-02-06 15:00:00,1.3606553077697754,1.3611738681793213,1.3606553077697754,1.3609886169433594,0
2026-02-06 15:15:00,1.359767198562622,1.3607664108276367,1.359767198562622,1.3607664108276367,0
2026-02-06 15:30:00,1.3605626821517944,1.3605626821517944,1.3595268726348877,1.35963773727417,0
2026-02-06 15:45:00,1.3615260124206543,1.3615260124206543,1.3602666854858398,1.3602850437164309,0
2026-02-06 16:00:00,1.3612850904464722,1.3614704608917236,1.360451579093933,1.3614704608917236,0
2026-02-06 16:15:00,1.3608405590057373,1.360970139503479,1.3602296113967896,1.3608405590057373,0
2026-02-06 16:30:00,1.3612109422683716,1.3614518642425537,1.3609886169433594,1.36106276512146,0
2026-02-06 16:45:00,1.3603591918945312,1.3616001605987549,1.3603591918945312,1.3613221645355225,0
2026-02-06 17:00:00,1.3606553077697754,1.36106276512146,1.3601926565170288,1.3601926565170288,0
2026-02-06 17:15:00,1.3606367111206057,1.360970139503479,1.3606367111206057,1.360784888267517,0
2026-02-06 17:30:00,1.3618041276931765,1.361933946609497,1.360673904418945,1.360673904418945,0
2026-02-06 17:45:00,1.362212300300598,1.3622678518295288,1.3615630865097046,1.361767053604126,0
2026-02-06 18:00:00,1.361933946609497,1.362230896949768,1.3615260124206543,1.361933946609497,0
2026-02-06 18:15:00,1.3614704608917236,1.3620638847351074,1.3614332675933838,1.361952543258667,0
2026-02-06 18:30:00,1.3619894981384275,1.3620638847351074,1.3614704608917236,1.3614704608917236,0
2026-02-06 18:45:00,1.361488938331604,1.3622864484786987,1.361488938331604,1.3622493743896484,0
2026-02-06 19:00:00,1.3615260124206543,1.361767053604126,1.3614704608917236,1.3614704608917236,0
2026-02-06 19:15:00,1.3614332675933838,1.3617113828659058,1.3614332675933838,1.361581563949585,0
2026-02-06 19:30:00,1.361748456954956,1.361748456954956,1.3612850904464722,1.3612850904464722,0
2026-02-06 19:45:00,1.3616927862167358,1.3620638847351074,1.3614518642425537,1.3616001605987549,0
2026-02-06 20:00:00,1.361544489860535,1.3617113828659058,1.3613591194152832,1.3617113828659058,0
2026-02-06 20:15:00,1.3616186380386353,1.361748456954956,1.361544489860535,1.3616001605987549,0
2026-02-06 20:30:00,1.3616186380386353,1.3616186380386353,1.3613591194152832,1.3615074157714844,0
2026-02-06 20:45:00,1.361933946609497,1.3619894981384275,1.3615630865097046,1.3615630865097046,0
2026-02-06 21:00:00,1.3620080947875977,1.3622493743896484,1.3618412017822266,1.3618412017822266,0
2026-02-06 21:15:00,1.3618412017822266,1.362119436264038,1.3618412017822266,1.3619894981384275,0
2026-02-06 21:30:00,1.361581563949585,1.3619153499603271,1.361581563949585,1.361767053604126,0
2026-02-06 21:45:00,1.3609886169433594,1.361544489860535,1.360692262649536,1.361544489860535,0
2026-02-06 22:00:00,1.3610812425613403,1.3610812425613403,1.3610812425613403,1.3610812425613403,0
2026-02-06 22:15:00,1.3610812425613403,1.3610812425613403,1.3610812425613403,1.3610812425613403,0
2026-02-09 00:00:00,1.361748456954956,1.3619894981384275,1.360673904418945,1.3610997200012207,0
2026-02-09 00:15:00,1.3611183166503906,1.361655831336975,1.3608405590057373,1.361655831336975,0
2026-02-09 00:30:00,1.3609145879745483,1.3613777160644531,1.3608219623565674,1.3613777160644531,0
2026-02-09 00:45:00,1.361248016357422,1.361248016357422,1.3607293367385864,1.3610072135925293,0
2026-02-09 01:00:00,1.360692262649536,1.361248016357422,1.360525608062744,1.3611738681793213,0
2026-02-09 01:15:00,1.3604332208633425,1.3608219623565674,1.360322117805481,1.3606367111206057,0
2026-02-09 01:30:00,1.360451579093933,1.3610812425613403,1.360137104988098,1.360525608062744,0
2026-02-09 01:45:00,1.3601001501083374,1.360507249832153,1.360007643699646,1.360507249832153,0
2026-02-09 02:00:00,1.359619379043579,1.360137104988098,1.3592127561569214,1.360137104988098,0
2026-02-09 02:15:00,1.3603407144546509,1.360377550125122,1.3594714403152466,1.35963773727417,0
2026-02-09 02:30:00,1.3608959913253784,1.3609329462051392,1.3603036403656006,1.3603036403656006,0
2026-02-09 02:45:00,1.360507249832153,1.3609329462051392,1.360396146774292,1.3609329462051392,0
2026-02-09 03:00:00,1.3605626821517944,1.360673904418945,1.360451579093933,1.360451579093933,0
2026-02-09 03:15:00,1.3608219623565674,1.3608219623565674,1.360470175743103,1.3605626821517944,0
2026-02-09 03:30:00,1.3604332208633425,1.360692262649536,1.3603407144546509,1.360692262649536,0
2026-02-09 03:45:00,1.359933614730835,1.360544204711914,1.359933614730835,1.360544204711914,0
2026-02-09 04:00:00,1.3604332208633425,1.360544204711914,1.3599522113800049,1.3599522113800049,0
2026-02-09 04:15:00,1.3603036403656006,1.3605626821517944,1.3603036403656006,1.360451579093933,0
2026-02-09 04:30:00,1.3600445985794067,1.3603036403656006,1.3600445985794067,1.3603036403656006,0
2026-02-09 04:45:00,1.3604332208633425,1.360451579093933,1.3600445985794067,1.3600445985794067,0
2026-02-09 05:00:00,1.36106276512146,1.3611183166503906,1.360377550125122,1.3604886531829834,0
2026-02-09 05:15:00,1.3612664937973022,1.3613221645355225,1.3610072135925293,1.3610072135925293,0
2026-02-09 05:30:00,1.3616372346878052,1.361748456954956,1.3614147901535034,1.3614147901535034,0
2026-02-09 05:45:00,1.3614332675933838,1.3616001605987549,1.3613591194152832,1.3616001605987549,0
2026-02-09 06:00:00,1.3618412017822266,1.36280620098114,1.3614332675933838,1.3614332675933838,0
2026-02-09 06:15:00,1.360951542854309,1.361767053604126,1.3605626821517944,1.361767053604126,0
2026-02-09 06:30:00,1.3618782758712769,1.3619153499603271,1.360970139503479,1.36106276512146,0
2026-02-09 06:45:00,1.3618782758712769,1.3623793125152588,1.3617855310440063,1.362119436264038,0
2026-02-09 07:00:00,1.3605997562408447,1.3616372346878052,1.3605997562408447,1.3616372346878052,0
2026-02-09 07:15:00,1.3590465784072876,1.360396146774292,1.3590465784072876,1.360396146774292,0
2026-02-09 07:30:00,1.3602666854858398,1.360618233680725,1.3591018915176392,1.3591018915176392,0
2026-02-09 07:45:00,1.360507249832153,1.360507249832153,1.359489917755127,1.3602850437164309,0
2026-02-09 08:00:00,1.3602110147476196,1.360970139503479,1.3600261211395264,1.360451579093933,0
2026-02-09 08:15:00,1.359489917755127,1.360784888267517,1.359489917755127,1.3602296113967896,0
2026-02-09 08:30:00,1.3593790531158447,1.3595268726348877,1.3587509393692017,1.3592866659164429,0
2026-02-09 08:45:00,1.3599522113800049,1.3603407144546509,1.3595268726348877,1.3595268726348877,0
2026-02-09 09:00:00,1.3608033657073977,1.361136794090271,1.3601926565170288,1.3601926565170288,0
2026-02-09 09:15:00,1.360525608062744,1.3608405590057373,1.3604332208633425,1.3607479333877563,0
2026-02-09 09:30:00,1.360063076019287,1.3608219623565674,1.3599705696105957,1.3605812788009644,0
2026-02-09 09:45:00,1.360063076019287,1.360137104988098,1.3598226308822632,1.3601185083389282,0
2026-02-09 10:00:00,1.3607479333877563,1.36104416847229,1.3600815534591677,1.3601185083389282,0
2026-02-09 10:15:00,1.3606367111206057,1.3610256910324097,1.3606367111206057,1.360858917236328,0
2026-02-09 10:30:00,1.3601555824279783,1.360451579093933,1.3595638275146484,1.360451579093933,0
2026-02-09 10:45:00,1.3611738681793213,1.3615074157714844,1.360470175743103,1.360470175743103,0
2026-02-09 11:00:00,1.3613035678863523,1.3613035678863523,1.3603036403656006,1.360858917236328,0
2026-02-09 11:15:00,1.3614147901535034,1.362212300300598,1.3610812425613403,1.362212300300598,0
2026-02-09 11:30:00,1.36306631565094,1.3631778955459597,1.361544489860535,1.361544489860535,0
2026-02-09 11:45:00,1.3640518188476562,1.3642936944961548,1.3632521629333496,1.363902926445007,0
2026-02-09 12:00:00,1.364256501197815,1.364479899406433,1.3639402389526367,1.363958716392517,0
2026-02-09 12:15:00,1.3646847009658811,1.3650572299957275,1.3642936944961548,1.3642936944961548,0
2026-02-09 12:30:00,1.364926815032959,1.3649641275405884,1.364479899406433,1.3647964000701904,0
2026-02-09 12:45:00,1.3660643100738523,1.366138935089111,1.3649827241897583,1.3649827241897583,0
2026-02-09 13:00:00,1.365691065788269,1.366923213005066,1.365691065788269,1.3661761283874512,0
2026-02-09 13:15:00,1.3658217191696167,1.366269588470459,1.365075945854187,1.3656724691390991,0
2026-02-09 13:30:00,1.3647218942642212,1.3662508726119995,1.3647218942642212,1.3655606508255005,0
2026-02-09 13:45:00,1.3648896217346191,1.3652995824813845,1.364386796951294,1.3645915985107422,0
2026-02-09 14:00:00,1.3628991842269895,1.365187644958496,1.3625648021697998,1.3651504516601562,0
2026-02-09 14:15:00,1.3646661043167114,1.3650014400482178,1.36284339427948,1.3630106449127195,0
2026-02-09 14:30:00,1.3640331029891968,1.364926815032959,1.3627134561538696,1.364926815032959,0
2026-02-09 14:45:00,1.3641633987426758,1.364479899406433,1.3633079528808594,1.3640518188476562,0
2026-02-09 15:00:00,1.366045594215393,1.3660643100738523,1.364517092704773,1.364517092704773,0
2026-02-09 15:15:00,1.3660643100738523,1.3668484687805176,1.366045594215393,1.366045594215393,0
2026-02-09 15:30:00,1.3678393363952637,1.3686630725860596,1.366437554359436,1.366437554359436,0
2026-02-09 15:45:00,1.3680264949798584,1.3684383630752563,1.3672409057617188,1.3675587177276611,0
2026-02-09 16:00:00,1.3690565824508667,1.3690565824508667,1.3678019046783447,1.3679141998291016,0
2026-02-09 16:15:00,1.3670353889465332,1.3688879013061523,1.3670353889465332,1.3688879013061523,0
2026-02-09 16:30:00,1.3669606447219849,1.3672970533370972,1.3665122985839844,1.3670539855957031,0
2026-02-09 16:45:00,1.3667550086975098,1.3670166730880735,1.3663254976272583,1.366829752922058,0
2026-02-09 17:00:00,1.3665869235992432,1.3668484687805176,1.366437554359436,1.366698980331421,0
2026-02-09 17:15:00,1.366867184638977,1.367147445678711,1.366437554359436,1.366829752922058,0
2026-02-09 17:30:00,1.3669979572296145,1.3671101331710815,1.366698980331421,1.3669979572296145,0
2026-02-09 17:45:00,1.3673343658447266,1.3675587177276611,1.367091417312622,1.367128849029541,0
2026-02-09 18:00:00,1.3674278259277344,1.3676148653030396,1.367091417312622,1.3671661615371704,0
2026-02-09 18:15:00,1.367764592170715,1.367764592170715,1.3666616678237915,1.3674839735031128,0
2026-02-09 18:30:00,1.3681575059890747,1.3681575059890747,1.3675214052200315,1.3677457571029663,0
2026-02-09 18:45:00,1.3689628839492798,1.3691502809524536,1.3680639266967771,1.3681387901306152,0
2026-02-09 19:00:00,1.3691127300262451,1.369131565093994,1.3685319423675537,1.3691127300262451,0
2026-02-09 19:15:00,1.3691502809524536,1.36924409866333,1.3688504695892334,1.3690191507339478,0
2026-02-09 19:30:00,1.3697504997253418,1.3700318336486816,1.369131565093994,1.369281530380249,0
2026-02-09 19:45:00,1.3696004152297974,1.3698630332946775,1.3694502115249634,1.3698254823684692,0
2026-02-09 20:00:00,1.3694878816604614,1.3697690963745115,1.3694878816604614,1.3696753978729248,0
2026-02-09 20:15:00,1.3693565130233765,1.3695253133773804,1.3693002462387085,1.3695253133773804,0
2026-02-09 20:30:00,1.3699380159378052,1.3699380159378052,1.3694690465927124,1.3694878816604614,0
2026-02-09 20:45:00,1.3696191310882568,1.3699380159378052,1.3695815801620483,1.3699380159378052,0
2026-02-09 21:00:00,1.369337797164917,1.3696753978729248,1.36924409866333,1.3695440292358398,0
2026-02-09 21:15:00,1.369187831878662,1.3694502115249634,1.369187831878662,1.369337797164917,0
2026-02-09 21:30:00,1.3698630332946775,1.3699568510055542,1.36924409866333,1.36924409866333,0
2026-02-09 21:45:00,1.3697879314422607,1.3699944019317627,1.3697316646575928,1.3699568510055542,0
2026-02-09 22:00:00,1.369375228881836,1.369656682014465,1.369131565093994,1.3693565130233765,0
2026-02-09 22:15:00,1.3689066171646118,1.3697690963745115,1.3689066171646118,1.3693565130233765,0
2026-02-09 22:30:00,1.3691502809524536,1.3694502115249634,1.3689628839492798,1.3689628839492798,0
2026-02-09 22:45:00,1.3694878816604614,1.3694878816604614,1.3692065477371216,1.369337797164917,0
2026-02-09 23:00:00,1.3693190813064575,1.3697504997253418,1.3693002462387085,1.3695440292358398,0
2026-02-09 23:15:00,1.3686819076538086,1.369281530380249,1.3686819076538086,1.369281530380249,0
2026-02-09 23:30:00,1.3686443567276,1.3687005043029783,1.3684383630752563,1.3687005043029783,0
2026-02-09 23:45:00,1.368288516998291,1.3686256408691406,1.368288516998291,1.3686256408691406,0
2026-02-10 00:00:00,1.3679516315460205,1.3684569597244265,1.3678580522537231,1.3683072328567505,0
2026-02-10 00:15:00,1.36797034740448,1.3681762218475342,1.367932915687561,1.3680264949798584,0
2026-02-10 00:30:00,1.3673717975616455,1.3679516315460205,1.3673343658447266,1.3679516315460205,0
2026-02-10 00:45:00,1.368007779121399,1.368007779121399,1.3673343658447266,1.3675026893615725,0
2026-02-10 01:00:00,1.3682136535644531,1.368288516998291,1.3679516315460205,1.3681762218475342,0
2026-02-10 01:15:00,1.3675214052200315,1.3684196472167969,1.3675214052200315,1.3681762218475342,0
2026-02-10 01:30:00,1.3684009313583374,1.3686443567276,1.3675401210784912,1.3676148653030396,0
2026-02-10 01:45:00,1.3684196472167969,1.3689254522323608,1.368344783782959,1.3684757947921753,0
2026-02-10 02:00:00,1.3687567710876465,1.3688504695892334,1.3685132265090942,1.3685319423675537,0
2026-02-10 02:15:00,1.3687005043029783,1.368775486946106,1.3685319423675537,1.3686630725860596,0
2026-02-10 02:30:00,1.3689066171646118,1.3689440488815308,1.3685132265090942,1.3687567710876465,0
2026-02-10 02:45:00,1.3693565130233765,1.3693565130233765,1.368831753730774,1.3689440488815308,0
2026-02-10 03:00:00,1.3695440292358398,1.369656682014465,1.3693565130233765,1.3693565130233765,0
2026-02-10 03:15:00,1.3689628839492798,1.369394063949585,1.3689628839492798,1.369394063949585,0
2026-02-10 03:30:00,1.3690941333770752,1.369225263595581,1.368738055229187,1.368738055229187,0
2026-02-10 03:45:00,1.3685319423675537,1.3692065477371216,1.3685319423675537,1.3690941333770752,0
2026-02-10 04:00:00,1.3684009313583374,1.3686819076538086,1.3683072328567505,1.3685882091522217,0
2026-02-10 04:15:00,1.3682136535644531,1.3683634996414185,1.3682136535644531,1.36832594871521,0
2026-02-10 04:30:00,1.3683634996414185,1.3684196472167969,1.3681013584136963,1.368251085281372,0
2026-02-10 04:45:00,1.3682698011398315,1.3685506582260132,1.3681762218475342,1.368288516998291,0
2026-02-10 05:00:00,1.3682698011398315,1.368344783782959,1.3680826425552368,1.368344783782959,0
2026-02-10 05:15:00,1.3680264949798584,1.3684009313583374,1.3680264949798584,1.36832594871521,0
2026-02-10 05:30:00,1.3677833080291748,1.368288516998291,1.3676897287368774,1.3681575059890747,0
2026-02-10 05:45:00,1.3678580522537231,1.3678580522537231,1.3675401210784912,1.3677457571029663,0
2026-02-10 06:00:00,1.3676522970199585,1.3681387901306152,1.3675401210784912,1.3678019046783447,0
2026-02-10 06:15:00,1.3674465417861938,1.3674465417861938,1.3668859004974363,1.3673717975616455,0
2026-02-10 06:30:00,1.3672596216201782,1.3676148653030396,1.367147445678711,1.3673903942108154,0
2026-02-10 06:45:00,1.3670727014541626,1.36718487739563,1.3669044971466064,1.36718487739563,0
2026-02-10 07:00:00,1.3675774335861206,1.367895483970642,1.3671661615371704,1.3673903942108154,0
2026-02-10 07:15:00,1.3672596216201782,1.3679516315460205,1.3672596216201782,1.3675587177276611,0
2026-02-10 07:30:00,1.3670166730880735,1.367409110069275,1.3668484687805176,1.3672409057617188,0
2026-02-10 07:45:00,1.3669792413711548,1.3672783374786377,1.3669792413711548,1.3670727014541626,0
2026-02-10 08:00:00,1.3670353889465332,1.367465257644653,1.3664562702178955,1.3672783374786377,0
2026-02-10 08:15:00,1.3672409057617188,1.3672596216201782,1.366624355316162,1.3668484687805176,0
2026-02-10 08:30:00,1.3677270412445068,1.367932915687561,1.366923213005066,1.3672409057617188,0
2026-02-10 08:45:00,1.3670727014541626,1.367895483970642,1.3669419288635254,1.3678393363952637,0
2026-02-10 09:00:00,1.3679516315460205,1.3683634996414185,1.367091417312622,1.367091417312622,0
2026-02-10 09:15:00,1.3674465417861938,1.3678767681121826,1.367315649986267,1.3678767681121826,0
2026-02-10 09:30:00,1.3667550086975098,1.367465257644653,1.3667362928390503,1.3674278259277344,0
2026-02-10 09:45:00,1.3669044971466064,1.3669792413711548,1.3666616678237915,1.3667176961898804,0
2026-02-10 10:00:00,1.3672221899032593,1.367315649986267,1.3668859004974363,1.3668859004974363,0
2026-02-10 10:15:00,1.3659709692001345,1.3672783374786377,1.3658030033111572,1.36718487739563,0
2026-02-10 10:30:00,1.366867184638977,1.366867184638977,1.3659522533416748,1.3660829067230225,0
2026-02-10 10:45:00,1.366698980331421,1.3669044971466064,1.366474986076355,1.3667924404144287,0
2026-02-10 11:00:00,1.3663069009780884,1.3665496110916138,1.3662322759628296,1.3665496110916138,0
2026-02-10 11:15:00,1.366045594215393,1.3664188385009766,1.3660082817077637,1.3663069009780884,0
2026-02-10 11:30:00,1.3663254976272583,1.3663254976272583,1.3660829067230225,1.3660829067230225,0
2026-02-10 11:45:00,1.3663442134857178,1.3663442134857178,1.3661575317382812,1.3662508726119995,0
2026-02-10 12:00:00,1.3672783374786377,1.3672970533370972,1.366288185119629,1.3664188385009766,0
2026-02-10 12:15:00,1.3681200742721558,1.3687942028045654,1.3675026893615725,1.3675026893615725,0
2026-02-10 12:30:00,1.368251085281372,1.3684945106506348,1.3675587177276611,1.368007779121399,0
2026-02-10 12:45:00,1.369131565093994,1.3691691160202026,1.3672783374786377,1.367932915687561,0
2026-02-10 13:00:00,1.367633581161499,1.368831753730774,1.3672221899032593,1.3685693740844729,0
2026-02-10 13:15:00,1.3668859004974363,1.3679516315460205,1.3667176961898804,1.367633581161499,0
2026-02-10 13:30:00,1.36797034740448,1.3690004348754885,1.3674839735031128,1.3674839735031128,0
2026-02-10 13:45:00,1.3681762218475342,1.3682323694229126,1.3676897287368774,1.3682323694229126,0
2026-02-10 14:00:00,1.3685132265090942,1.3685132265090942,1.3678393363952637,1.3684009313583374,0
2026-02-10 14:15:00,1.3691691160202026,1.36924409866333,1.3684383630752563,1.3685319423675537,0
2026-02-10 14:30:00,1.3679141998291016,1.369506597518921,1.3678206205368042,1.369337797164917,0
2026-02-10 14:45:00,1.3679890632629397,1.3681200742721558,1.36718487739563,1.367708444595337,0
2026-02-10 15:00:00,1.3661575317382812,1.3677457571029663,1.3661575317382812,1.3677457571029663,0
2026-02-10 15:15:00,1.3662508726119995,1.3662508726119995,1.3654487133026123,1.3661575317382812,0
2026-02-10 15:30:00,1.36621356010437,1.366288185119629,1.365541934967041,1.366120219230652,0
2026-02-10 15:45:00,1.367633581161499,1.36797034740448,1.3655791282653809,1.366288185119629,0
2026-02-10 16:00:00,1.3667550086975098,1.367465257644653,1.366120219230652,1.367465257644653,0
2026-02-10 16:15:00,1.366923213005066,1.366923213005066,1.3660829067230225,1.3666616678237915,0
2026-02-10 16:30:00,1.3667362928390503,1.3669606447219849,1.3664188385009766,1.366867184638977,0
2026-02-10 16:45:00,1.3662508726119995,1.3672596216201782,1.3662508726119995,1.3672221899032593,0
2026-02-10 17:00:00,1.3661575317382812,1.3665122985839844,1.3659709692001345,1.3665122985839844,0
2026-02-10 17:15:00,1.366437554359436,1.3665308952331543,1.3659522533416748,1.3663442134857178,0
2026-02-10 17:30:00,1.365859031677246,1.366437554359436,1.3656538724899292,1.366437554359436,0
2026-02-10 17:45:00,1.3655232191085815,1.3655791282653809,1.364517092704773,1.3655791282653809,0
2026-02-10 18:00:00,1.3649827241897583,1.3654487133026123,1.364926815032959,1.3654487133026123,0
2026-02-10 18:15:00,1.364517092704773,1.3652249574661257,1.364517092704773,1.364945411682129,0
2026-02-10 18:30:00,1.3644611835479736,1.3645356893539429,1.364349603652954,1.364479899406433,0
2026-02-10 18:45:00,1.364498496055603,1.3646661043167114,1.364386796951294,1.364479899406433,0
2026-02-10 19:00:00,1.3644241094589231,1.3645915985107422,1.364237904548645,1.364498496055603,0
2026-02-10 19:15:00,1.3650386333465576,1.3650386333465576,1.3643680810928345,1.364498496055603,0
2026-02-10 19:30:00,1.3653554916381836,1.3653554916381836,1.364926815032959,1.3649641275405884,0
2026-02-10 19:45:00,1.3656538724899292,1.3656538724899292,1.3650014400482178,1.365336775779724,0
2026-02-10 20:00:00,1.3654299974441528,1.3657469749450684,1.3652622699737549,1.3656165599822998,0
2026-02-10 20:15:00,1.3655232191085815,1.365691065788269,1.3653554916381836,1.365411400794983,0
2026-02-10 20:30:00,1.3653181791305542,1.365541934967041,1.365243673324585,1.3654673099517822,0
2026-02-10 20:45:00,1.3644611835479736,1.3653554916381836,1.3644611835479736,1.3653554916381836,0
2026-02-10 21:00:00,1.3639960289001465,1.3644425868988037,1.3639402389526367,1.3643310070037842,0
2026-02-10 21:15:00,1.364144802093506,1.364256501197815,1.3640331029891968,1.364089012145996,0
2026-02-10 21:30:00,1.3641074895858765,1.3641633987426758,1.3639960289001465,1.3641633987426758,0
2026-02-10 21:45:00,1.3642750978469849,1.3642750978469849,1.363977313041687,1.3640518188476562,0
2026-02-10 22:00:00,1.364386796951294,1.3659895658493042,1.3640704154968262,1.3640704154968262,0
2026-02-10 22:15:00,1.3640704154968262,1.3647218942642212,1.3638285398483276,1.364386796951294,0
2026-02-10 22:30:00,1.3642005920410156,1.364386796951294,1.364126205444336,1.3642750978469849,0
2026-02-10 22:45:00,1.3641074895858765,1.364237904548645,1.3638285398483276,1.3642005920410156,0
2026-02-10 23:00:00,1.3631964921951294,1.3638657331466677,1.3631964921951294,1.3638657331466677,0
2026-02-10 23:15:00,1.3635309934616089,1.3635495901107788,1.3632149696350098,1.3632149696350098,0
2026-02-10 23:30:00,1.3633265495300293,1.3635867834091189,1.3633265495300293,1.3633822202682495,0
2026-02-10 23:45:00,1.3634381294250488,1.3634752035140991,1.3632335662841797,1.3633637428283691,0
2026-02-11 00:00:00,1.3633079528808594,1.363512396812439,1.3633079528808594,1.3633265495300293,0
2026-02-11 00:15:00,1.3639215230941772,1.3639215230941772,1.3631221055984497,1.3634008169174194,0
2026-02-11 00:30:00,1.3639215230941772,1.3639215230941772,1.3636239767074585,1.363772749900818,0
2026-02-11 00:45:00,1.363902926445007,1.3642936944961548,1.363902926445007,1.3640331029891968,0
2026-02-11 01:00:00,1.3647032976150513,1.3647406101226809,1.3640331029891968,1.3640331029891968,0
2026-02-11 01:15:00,1.3648523092269895,1.364908218383789,1.3644241094589231,1.3647592067718506,0
2026-02-11 01:30:00,1.3644425868988037,1.3646661043167114,1.3640146255493164,1.3646661043167114,0
2026-02-11 01:45:00,1.364479899406433,1.364479899406433,1.364144802093506,1.364256501197815,0
2026-02-11 02:00:00,1.364628791809082,1.364945411682129,1.364517092704773,1.364517092704773,0
2026-02-11 02:15:00,1.3655978441238403,1.3655978441238403,1.364628791809082,1.364628791809082,0
2026-02-11 02:30:00,1.365859031677246,1.3661761283874512,1.3655046224594116,1.3655046224594116,0
2026-02-11 02:45:00,1.3657844066619873,1.365877628326416,1.3656538724899292,1.365877628326416,0
2026-02-11 03:00:00,1.3658217191696167,1.3659522533416748,1.3657844066619873,1.3658403158187866,0
2026-02-11 03:15:00,1.3661948442459106,1.3661948442459106,1.3655606508255005,1.3658217191696167,0
2026-02-11 03:30:00,1.3663442134857178,1.3663629293441772,1.3659895658493042,1.366120219230652,0
2026-02-11 03:45:00,1.3664562702178955,1.3667550086975098,1.3663629293441772,1.3663629293441772,0
2026-02-11 04:00:00,1.3665122985839844,1.3667550086975098,1.3665122985839844,1.3665496110916138,0
2026-02-11 04:15:00,1.3668110370635986,1.3669606447219849,1.366680383682251,1.366698980331421,0
2026-02-11 04:30:00,1.3660268783569336,1.3667362928390503,1.3659709692001345,1.3667176961898804,0
2026-02-11 04:45:00,1.3660643100738523,1.3663442134857178,1.366045594215393,1.366045594215393,0
2026-02-11 05:00:00,1.366493582725525,1.366493582725525,1.3658963441848757,1.3660082817077637,0
2026-02-11 05:15:00,1.3667737245559692,1.3667737245559692,1.3665122985839844,1.3665308952331543,0
2026-02-11 05:30:00,1.3670353889465332,1.3670353889465332,1.3665496110916138,1.366867184638977,0
2026-02-11 05:45:00,1.3669792413711548,1.3670166730880735,1.3667362928390503,1.3669606447219849,0
2026-02-11 06:00:00,1.3671661615371704,1.3678019046783447,1.3670539855957031,1.3670727014541626,0
2026-02-11 06:15:00,1.3672596216201782,1.3676148653030396,1.3671101331710815,1.367315649986267,0
2026-02-11 06:30:00,1.3668859004974363,1.3671661615371704,1.366829752922058,1.367147445678711,0
2026-02-11 06:45:00,1.367128849029541,1.367147445678711,1.366829752922058,1.3669419288635254,0
2026-02-11 07:00:00,1.366680383682251,1.3670727014541626,1.3665869235992432,1.3669606447219849,0
2026-02-11 07:15:00,1.3672221899032593,1.3673717975616455,1.3665869235992432,1.3666430711746216,0
2026-02-11 07:30:00,1.3670727014541626,1.3672596216201782,1.3667737245559692,1.367128849029541,0
2026-02-11 07:45:00,1.3673343658447266,1.3673343658447266,1.366698980331421,1.3672596216201782,0
2026-02-11 08:00:00,1.367409110069275,1.367764592170715,1.3673343658447266,1.367465257644653,0
2026-02-11 08:15:00,1.3681387901306152,1.3681387901306152,1.3669792413711548,1.3675026893615725,0
2026-02-11 08:30:00,1.3688879013061523,1.3688879013061523,1.3679141998291016,1.36797034740448,0
2026-02-11 08:45:00,1.3691502809524536,1.369337797164917,1.3686819076538086,1.3690191507339478,0
2026-02-11 09:00:00,1.3686069250106812,1.3694127798080444,1.3685132265090942,1.369394063949585,0
2026-02-11 09:15:00,1.36924409866333,1.369281530380249,1.3685319423675537,1.3686630725860596,0
2026-02-11 09:30:00,1.3697690963745115,1.3699380159378052,1.3694316148757937,1.3694316148757937,0
2026-02-11 09:45:00,1.3696191310882568,1.3698443174362185,1.3691691160202026,1.3698443174362185,0
2026-02-11 10:00:00,1.3690565824508667,1.3696191310882568,1.3690565824508667,1.3696191310882568,0
2026-02-11 10:15:00,1.369337797164917,1.369337797164917,1.3687567710876465,1.3689628839492798,0
2026-02-11 10:30:00,1.37055766582489,1.3707455396652222,1.3686819076538086,1.369131565093994,0
2026-02-11 10:45:00,1.3707642555236816,1.3712718486785889,1.3704450130462646,1.3706327676773071,0
2026-02-11 11:00:00,1.3701257705688477,1.3706516027450562,1.3700318336486816,1.3706516027450562,0
2026-02-11 11:15:00,1.3702008724212646,1.3703323602676392,1.3699380159378052,1.3699380159378052,0
2026-02-11 11:30:00,1.369375228881836,1.3702759742736816,1.36924409866333,1.3702759742736816,0
2026-02-11 11:45:00,1.3692065477371216,1.3695628643035889,1.3692065477371216,1.3693002462387085,0
2026-02-11 12:00:00,1.3689815998077393,1.369187831878662,1.3686443567276,1.369187831878662,0
2026-02-11 12:15:00,1.3680826425552368,1.3688691854476929,1.368045210838318,1.3688691854476929,0
2026-02-11 12:30:00,1.368288516998291,1.3684383630752563,1.3677457571029663,1.3678393363952637,0
2026-02-11 12:45:00,1.3680639266967771,1.3685319423675537,1.3680639266967771,1.3684009313583374,0
2026-02-11 13:00:00,1.3680826425552368,1.3682323694229126,1.367932915687561,1.3680639266967771,0
2026-02-11 13:15:00,1.368775486946106,1.3690941333770752,1.3678206205368042,1.3681387901306152,0
2026-02-11 13:30:00,1.364089012145996,1.3654860258102417,1.3614332675933838,1.364628791809082,0
2026-02-11 13:45:00,1.36481511592865,1.3658030033111572,1.3642005920410156,1.3647032976150513,0
2026-02-11 14:00:00,1.3665308952331543,1.3669419288635254,1.364126205444336,1.364126205444336,0
2026-02-11 14:15:00,1.3649641275405884,1.3669606447219849,1.3645542860031128,1.3662508726119995,0
2026-02-11 14:30:00,1.3655978441238403,1.3657469749450684,1.364517092704773,1.3652808666229248,0
2026-02-11 14:45:00,1.365336775779724,1.3659336566925049,1.3646475076675415,1.3654487133026123,0
2026-02-11 15:00:00,1.3650572299957275,1.3667176961898804,1.3650572299957275,1.3657469749450684,0
2026-02-11 15:15:00,1.3647406101226809,1.366437554359436,1.3647406101226809,1.365075945854187,0
2026-02-11 15:30:00,1.3634381294250488,1.3646847009658811,1.3634381294250488,1.3646847009658811,0
2026-02-11 15:45:00,1.3632149696350098,1.3648337125778198,1.3629177808761597,1.3634566068649292,0
2026-02-11 16:00:00,1.3640704154968262,1.3640704154968262,1.36297345161438,1.3633265495300293,0
2026-02-11 16:15:00,1.364144802093506,1.3645915985107422,1.3637913465499878,1.3641633987426758,0
2026-02-11 16:30:00,1.3649827241897583,1.365541934967041,1.3644425868988037,1.3645356893539429,0
2026-02-11 16:45:00,1.3651691675186155,1.3651691675186155,1.364628791809082,1.365075945854187,0
2026-02-11 17:00:00,1.3660829067230225,1.3660829067230225,1.3645915985107422,1.3652995824813845,0
2026-02-11 17:15:00,1.366120219230652,1.3667362928390503,1.3657097816467283,1.3660082817077637,0
2026-02-11 17:30:00,1.3663254976272583,1.3665682077407837,1.365859031677246,1.3665682077407837,0
2026-02-11 17:45:00,1.3658403158187866,1.366269588470459,1.3658403158187866,1.3662322759628296,0
2026-02-11 18:00:00,1.3646475076675415,1.365859031677246,1.364610195159912,1.3658217191696167,0
2026-02-11 18:15:00,1.3651131391525269,1.3652622699737549,1.364628791809082,1.364628791809082,0
2026-02-11 18:30:00,1.3647218942642212,1.3653740882873535,1.364498496055603,1.3650386333465576,0
2026-02-11 18:45:00,1.364237904548645,1.365075945854187,1.364237904548645,1.3647406101226809,0
2026-02-11 19:00:00,1.3637913465499878,1.363977313041687,1.363716959953308,1.3639402389526367,0
2026-02-11 19:15:00,1.3635681867599487,1.3638657331466677,1.3635681867599487,1.3638285398483276,0
2026-02-11 19:30:00,1.3635681867599487,1.3639402389526367,1.3635681867599487,1.3635681867599487,0
2026-02-11 19:45:00,1.3633265495300293,1.363754153251648,1.3633265495300293,1.363754153251648,0
2026-02-11 20:00:00,1.3633265495300293,1.3634752035140991,1.36308491230011,1.3633637428283691,0
2026-02-11 20:15:00,1.36308491230011,1.3633822202682495,1.36308491230011,1.3632707595825195,0
2026-02-11 20:30:00,1.3626762628555298,1.36314058303833,1.3626762628555298,1.36314058303833,0
2026-02-11 20:45:00,1.3621937036514282,1.36286199092865,1.3621937036514282,1.36265766620636,0
2026-02-11 21:00:00,1.3619710206985474,1.3625277280807495,1.3619153499603271,1.3621565103530884,0
2026-02-11 21:15:00,1.362453579902649,1.36263906955719,1.3619710206985474,1.3620638847351074,0
2026-02-11 21:30:00,1.3622864484786987,1.36282479763031,1.3622864484786987,1.362453579902649,0
2026-02-11 21:45:00,1.3629177808761597,1.3629177808761597,1.3623607158660889,1.3623607158660889,0
2026-02-11 22:00:00,1.3625277280807495,1.3636053800582886,1.3625277280807495,1.36280620098114,0
2026-02-11 22:15:00,1.3625833988189695,1.36297345161438,1.3625833988189695,1.36280620098114,0
2026-02-11 22:30:00,1.36286199092865,1.3630106449127195,1.3624906539916992,1.3625833988189695,0
2026-02-11 22:45:00,1.3626205921173096,1.3629177808761597,1.3625091314315796,1.36280620098114,0
2026-02-11 23:00:00,1.3622864484786987,1.36286199092865,1.362138032913208,1.362434983253479,0
2026-02-11 23:15:00,1.36273193359375,1.36273193359375,1.3623050451278689,1.3623050451278689,0
2026-02-11 23:30:00,1.3627134561538696,1.36275053024292,1.3625463247299194,1.3627134561538696,0
2026-02-11 23:45:00,1.3623050451278689,1.362416386604309,1.3621008396148682,1.362230896949768,0
2026-02-12 00:00:00,1.3617855310440063,1.3624906539916992,1.3616372346878052,1.362342119216919,0
2026-02-12 00:15:00,1.36263906955719,1.3627134561538696,1.361933946609497,1.361933946609497,0
2026-02-12 00:30:00,1.36273193359375,1.36284339427948,1.3624906539916992,1.36265766620636,0
2026-02-12 00:45:00,1.36314058303833,1.36314058303833,1.3627877235412598,1.36284339427948,0
2026-02-12 01:00:00,1.3634194135665894,1.3634194135665894,1.36275053024292,1.3631035089492798,0
2026-02-12 01:15:00,1.3633265495300293,1.3634752035140991,1.3630106449127195,1.3634008169174194,0
2026-02-12 01:30:00,1.3636797666549685,1.3637913465499878,1.3631035089492798,1.3631778955459597,0
2026-02-12 01:45:00,1.3638657331466677,1.3639402389526367,1.3632149696350098,1.3635867834091189,0
2026-02-12 02:00:00,1.3640331029891968,1.364144802093506,1.3639960289001465,1.364144802093506,0
2026-02-12 02:15:00,1.3634752035140991,1.3640331029891968,1.3634194135665894,1.3640146255493164,0
2026-02-12 02:30:00,1.3635309934616089,1.363735556602478,1.3634008169174194,1.3634008169174194,0
2026-02-12 02:45:00,1.3634008169174194,1.3635495901107788,1.3631221055984497,1.363493800163269,0
2026-02-12 03:00:00,1.3632521629333496,1.3636239767074585,1.3632521629333496,1.3635495901107788,0
2026-02-12 03:15:00,1.363512396812439,1.363512396812439,1.3632335662841797,1.3632335662841797,0
2026-02-12 03:30:00,1.3634381294250488,1.363754153251648,1.3634381294250488,1.363512396812439,0
2026-02-12 03:45:00,1.3631964921951294,1.3635309934616089,1.36284339427948,1.363512396812439,0
2026-02-12 04:00:00,1.36304771900177,1.3635495901107788,1.36297345161438,1.3632335662841797,0
2026-02-12 04:15:00,1.3624721765518188,1.3629177808761597,1.362342119216919,1.3629177808761597,0
2026-02-12 04:30:00,1.362453579902649,1.36284339427948,1.362453579902649,1.36263906955719,0
2026-02-12 04:45:00,1.3624906539916992,1.3624906539916992,1.362138032913208,1.362434983253479,0
2026-02-12 05:00:00,1.3625091314315796,1.3626019954681396,1.3621751070022583,1.3626019954681396,0
2026-02-12 05:15:00,1.3618782758712769,1.3624721765518188,1.3618782758712769,1.3624721765518188,0
2026-02-12 05:30:00,1.362138032913208,1.362138032913208,1.3618227243423462,1.3618597984313965,0
2026-02-12 05:45:00,1.362138032913208,1.3622864484786987,1.3618412017822266,1.3621008396148682,0
2026-02-12 06:00:00,1.362416386604309,1.362416386604309,1.361748456954956,1.362230896949768,0
2026-02-12 06:15:00,1.361581563949585,1.3624721765518188,1.3615074157714844,1.3624721765518188,0
2026-02-12 06:30:00,1.3618227243423462,1.3618412017822266,1.3605626821517944,1.3615074157714844,0
2026-02-12 06:45:00,1.3617299795150757,1.3618041276931765,1.3615630865097046,1.3616927862167358,0
2026-02-12 07:00:00,1.3618782758712769,1.3619894981384275,1.361396312713623,1.361396312713623,0
2026-02-12 07:15:00,1.3631964921951294,1.3634566068649292,1.3617113828659058,1.3617113828659058,0
2026-02-12 07:30:00,1.3629549741744995,1.3634752035140991,1.3628805875778198,1.3634381294250488,0
2026-02-12 07:45:00,1.3631964921951294,1.3634381294250488,1.36263906955719,1.3630292415618896,0
2026-02-12 08:00:00,1.3638285398483276,1.3639960289001465,1.3634194135665894,1.363493800163269,0
2026-02-12 08:15:00,1.3636983633041382,1.3646661043167114,1.3635495901107788,1.3639402389526367,0
2026-02-12 08:30:00,1.3632149696350098,1.3638843297958374,1.36284339427948,1.363754153251648,0
2026-02-12 08:45:00,1.3638657331466677,1.3638657331466677,1.36280620098114,1.36280620098114,0
2026-02-12 09:00:00,1.3647964000701904,1.364908218383789,1.363772749900818,1.363772749900818,0
2026-02-12 09:15:00,1.365019917488098,1.365392804145813,1.3647032976150513,1.3648896217346191,0
2026-02-12 09:30:00,1.364945411682129,1.3651691675186155,1.3648337125778198,1.3649641275405884,0
2026-02-12 09:45:00,1.3647778034210205,1.365094542503357,1.3647778034210205,1.3649827241897583,0
2026-02-12 10:00:00,1.364144802093506,1.365019917488098,1.363977313041687,1.3650014400482178,0
2026-02-12 10:15:00,1.3642191886901855,1.364386796951294,1.363977313041687,1.3642005920410156,0
2026-02-12 10:30:00,1.364349603652954,1.3644241094589231,1.3642005920410156,1.364237904548645,0
2026-02-12 10:45:00,1.3639215230941772,1.3640331029891968,1.363772749900818,1.363977313041687,0
2026-02-12 11:00:00,1.364237904548645,1.364237904548645,1.3636425733566284,1.363902926445007,0
2026-02-12 11:15:00,1.364405393600464,1.3648709058761597,1.3641633987426758,1.3641633987426758,0
2026-02-12 11:30:00,1.3636425733566284,1.3645730018615725,1.3636425733566284,1.364256501197815,0
2026-02-12 11:45:00,1.3650572299957275,1.3650572299957275,1.363754153251648,1.363754153251648,0
2026-02-12 12:00:00,1.3647592067718506,1.3650014400482178,1.3647406101226809,1.3650014400482178,0
2026-02-12 12:15:00,1.364498496055603,1.3647964000701904,1.3643122911453247,1.3647964000701904,0
2026-02-12 12:30:00,1.3633451461791992,1.3646661043167114,1.3633451461791992,1.364517092704773,0
2026-02-12 12:45:00,1.3628991842269895,1.3634194135665894,1.3623607158660889,1.3632335662841797,0
2026-02-12 13:00:00,1.3636425733566284,1.3636425733566284,1.36306631565094,1.36306631565094,0
2026-02-12 13:15:00,1.3637913465499878,1.363958716392517,1.3630292415618896,1.3634008169174194,0
2026-02-12 13:30:00,1.3646847009658811,1.3651318550109863,1.363716959953308,1.3639215230941772,0
2026-02-12 13:45:00,1.3648709058761597,1.3650572299957275,1.3646475076675415,1.3646661043167114,0
2026-02-12 14:00:00,1.3653181791305542,1.3655978441238403,1.3644425868988037,1.3650572299957275,0
2026-02-12 14:15:00,1.3657097816467283,1.365877628326416,1.3648709058761597,1.364926815032959,0
2026-02-12 14:30:00,1.3662322759628296,1.3666616678237915,1.3657469749450684,1.3657469749450684,0
2026-02-12 14:45:00,1.36621356010437,1.3667550086975098,1.3661575317382812,1.366269588470459,0
2026-02-12 15:00:00,1.3669979572296145,1.3669979572296145,1.366288185119629,1.3665308952331543,0
2026-02-12 15:15:00,1.3666430711746216,1.367147445678711,1.366437554359436,1.3668484687805176,0
2026-02-12 15:30:00,1.3655232191085815,1.3669044971466064,1.3653554916381836,1.3666616678237915,0
2026-02-12 15:45:00,1.3655606508255005,1.365859031677246,1.365075945854187,1.365336775779724,0
2026-02-12 16:00:00,1.3633637428283691,1.3656724691390991,1.3633637428283691,1.3654299974441528,0
2026-02-12 16:15:00,1.3621565103530884,1.3632707595825195,1.3620080947875977,1.3632707595825195,0
2026-02-12 16:30:00,1.3632521629333496,1.3634566068649292,1.362212300300598,1.362212300300598,0
2026-02-12 16:45:00,1.3628805875778198,1.36308491230011,1.3617299795150757,1.36308491230011,0
2026-02-12 17:00:00,1.36282479763031,1.36308491230011,1.3621008396148682,1.36308491230011,0
2026-02-12 17:15:00,1.36282479763031,1.36304771900177,1.3622864484786987,1.3623607158660889,0
2026-02-12 17:30:00,1.3625277280807495,1.3629920482635498,1.3620638847351074,1.3623050451278689,0
2026-02-12 17:45:00,1.3620080947875977,1.3624906539916992,1.3619710206985474,1.3624721765518188,0
2026-02-12 18:00:00,1.36104416847229,1.3621751070022583,1.36104416847229,1.3619710206985474,0
2026-02-12 18:15:00,1.3609329462051392,1.36104416847229,1.360618233680725,1.3610256910324097,0
2026-02-12 18:30:00,1.3614704608917236,1.3615630865097046,1.360858917236328,1.3609145879745483,0
2026-02-12 18:45:00,1.3618227243423462,1.3618227243423462,1.3614147901535034,1.3614704608917236,0
2026-02-12 19:00:00,1.3620638847351074,1.362119436264038,1.3616372346878052,1.3617113828659058,0
2026-02-12 19:15:00,1.3620823621749878,1.362434983253479,1.361933946609497,1.361933946609497,0
2026-02-12 19:30:00,1.3622493743896484,1.3624906539916992,1.3620823621749878,1.3620823621749878,0
2026-02-12 19:45:00,1.362434983253479,1.3626762628555298,1.362138032913208,1.362230896949768,0
2026-02-12 20:00:00,1.362342119216919,1.3625277280807495,1.362212300300598,1.362453579902649,0
2026-02-12 20:15:00,1.3619710206985474,1.3623793125152588,1.361952543258667,1.3623793125152588,0
2026-02-12 20:30:00,1.3621751070022583,1.3621751070022583,1.3616001605987549,1.3618597984313965,0
2026-02-12 20:45:00,1.3621751070022583,1.362230896949768,1.3618412017822266,1.3621565103530884,0
2026-02-12 21:00:00,1.3621937036514282,1.362342119216919,1.3621008396148682,1.3621565103530884,0
2026-02-12 21:15:00,1.361952543258667,1.3621565103530884,1.3618782758712769,1.3621008396148682,0
2026-02-12 21:30:00,1.361933946609497,1.3620823621749878,1.3618227243423462,1.361952543258667,0
2026-02-12 21:45:00,1.362323522567749,1.362453579902649,1.3619894981384275,1.3619894981384275,0
2026-02-12 22:00:00,1.3621565103530884,1.3626205921173096,1.3611923456192017,1.3611923456192017,0
2026-02-12 22:15:00,1.3621751070022583,1.3626948595046997,1.361767053604126,1.3623977899551392,0
2026-02-12 22:30:00,1.3624906539916992,1.3624906539916992,1.3620823621749878,1.3620823621749878,0
2026-02-12 22:45:00,1.3623050451278689,1.3623607158660889,1.3621565103530884,1.3621937036514282,0
2026-02-12 23:00:00,1.3621565103530884,1.3622493743896484,1.3619710206985474,1.3622493743896484,0
2026-02-12 23:15:00,1.361952543258667,1.3623050451278689,1.361952543258667,1.3622864484786987,0
2026-02-12 23:30:00,1.3620452880859375,1.3621565103530884,1.3618227243423462,1.3618227243423462,0
2026-02-12 23:45:00,1.3618041276931765,1.3619710206985474,1.361748456954956,1.3619710206985474,0
2026-02-13 00:00:00,1.3620638847351074,1.3621565103530884,1.3618041276931765,1.3619153499603271,0
2026-02-13 00:15:00,1.3618597984313965,1.362119436264038,1.3618597984313965,1.362119436264038,0
2026-02-13 00:30:00,1.3617855310440063,1.3621565103530884,1.361748456954956,1.3618041276931765,0
2026-02-13 00:45:00,1.3621008396148682,1.3621008396148682,1.3615630865097046,1.3618041276931765,0
2026-02-13 01:00:00,1.3618968725204468,1.362230896949768,1.3617113828659058,1.362138032913208,0
2026-02-13 01:15:00,1.361396312713623,1.3620266914367676,1.3613591194152832,1.361952543258667,0
2026-02-13 01:30:00,1.3618782758712769,1.3620080947875977,1.361488938331604,1.361488938331604,0
2026-02-13 01:45:00,1.3614332675933838,1.3620638847351074,1.3614332675933838,1.3617113828659058,0
2026-02-13 02:00:00,1.3615074157714844,1.3618412017822266,1.3613591194152832,1.361748456954956,0
2026-02-13 02:15:00,1.3619710206985474,1.362138032913208,1.361488938331604,1.361488938331604,0
2026-02-13 02:30:00,1.3620823621749878,1.362212300300598,1.3618227243423462,1.3620266914367676,0
2026-02-13 02:45:00,1.3620452880859375,1.362434983253479,1.3620452880859375,1.3621565103530884,0
2026-02-13 03:00:00,1.361767053604126,1.362323522567749,1.3616743087768557,1.3621751070022583,0
2026-02-13 03:15:00,1.3615630865097046,1.3618782758712769,1.3615630865097046,1.361767053604126,0
2026-02-13 03:30:00,1.3618782758712769,1.3619894981384275,1.3616743087768557,1.3616743087768557,0
2026-02-13 03:45:00,1.3615630865097046,1.3618782758712769,1.3615630865097046,1.3618782758712769,0
2026-02-13 04:00:00,1.3614704608917236,1.3616743087768557,1.3614704608917236,1.3615630865097046,0
2026-02-13 04:15:00,1.3615630865097046,1.361767053604126,1.3614704608917236,1.3616186380386353,0
2026-02-13 04:30:00,1.3613035678863523,1.3615630865097046,1.3613035678863523,1.3615630865097046,0
2026-02-13 04:45:00,1.361155390739441,1.3614332675933838,1.360970139503479,1.3614147901535034,0
2026-02-13 05:00:00,1.3610812425613403,1.3614147901535034,1.360970139503479,1.3612295389175415,0
2026-02-13 05:15:00,1.3613221645355225,1.3613221645355225,1.3609145879745483,1.36106276512146,0
2026-02-13 05:30:00,1.3606367111206057,1.361136794090271,1.3606367111206057,1.361136794090271,0
2026-02-13 05:45:00,1.360377550125122,1.3605997562408447,1.3600261211395264,1.3605812788009644,0
2026-02-13 06:00:00,1.3604886531829834,1.360673904418945,1.3601741790771484,1.360396146774292,0
2026-02-13 06:15:00,1.359785795211792,1.3606553077697754,1.359767198562622,1.3605997562408447,0
2026-02-13 06:30:00,1.3596748113632202,1.3599522113800049,1.3596007823944092,1.3598226308822632,0
2026-02-13 06:45:00,1.36024808883667,1.3603407144546509,1.3596748113632202,1.3596748113632202,0
2026-02-13 07:00:00,1.3593790531158447,1.3601001501083374,1.359249711036682,1.3601001501083374,0
2026-02-13 07:15:00,1.36024808883667,1.36024808883667,1.3596562147140503,1.3596562147140503,0
2026-02-13 07:30:00,1.3608033657073977,1.3608033657073977,1.359342098236084,1.3601741790771484,0
2026-02-13 07:45:00,1.3614332675933838,1.361748456954956,1.360970139503479,1.3612295389175415,0
2026-02-13 08:00:00,1.3616001605987549,1.361952543258667,1.3614704608917236,1.361488938331604,0
2026-02-13 08:15:00,1.3617113828659058,1.361748456954956,1.3612664937973022,1.361655831336975,0
2026-02-13 08:30:00,1.3620080947875977,1.362138032913208,1.3614704608917236,1.3615630865097046,0
2026-02-13 08:45:00,1.3625091314315796,1.36286199092865,1.3619894981384275,1.3619894981384275,0
2026-02-13 09:00:00,1.3627134561538696,1.3627134561538696,1.362230896949768,1.3623793125152588,0
2026-02-13 09:15:00,1.3623607158660889,1.3627691268920898,1.362230896949768,1.3626762628555298,0
2026-02-13 09:30:00,1.36280620098114,1.36280620098114,1.3621751070022583,1.3623607158660889,0
2026-02-13 09:45:00,1.3623607158660889,1.3628805875778198,1.3623607158660889,1.3627877235412598,0
2026-02-13 10:00:00,1.362138032913208,1.362453579902649,1.361933946609497,1.3623050451278689,0
2026-02-13 10:15:00,1.362323522567749,1.36265766620636,1.362138032913208,1.362138032913208,0
2026-02-13 10:30:00,1.362138032913208,1.3624721765518188,1.362138032913208,1.362434983253479,0
2026-02-13 10:45:00,1.3618412017822266,1.3620452880859375,1.361581563949585,1.3620452880859375,0
2026-02-13 11:00:00,1.3610812425613403,1.3619710206985474,1.3610072135925293,1.3618782758712769,0
2026-02-13 11:15:00,1.360951542854309,1.3613591194152832,1.3608405590057373,1.3613591194152832,0
2026-02-13 11:30:00,1.3608405590057373,1.361136794090271,1.360673904418945,1.3609329462051392,0
2026-02-13 11:45:00,1.36024808883667,1.360970139503479,1.36024808883667,1.360784888267517,0
2026-02-13 12:00:00,1.360137104988098,1.360507249832153,1.360063076019287,1.3603407144546509,0
2026-02-13 12:15:00,1.3606367111206057,1.360858917236328,1.3601555824279783,1.3601555824279783,0
2026-02-13 12:30:00,1.360618233680725,1.3609145879745483,1.360507249832153,1.360544204711914,0
2026-02-13 12:45:00,1.3606553077697754,1.360951542854309,1.3601926565170288,1.360525608062744,0
2026-02-13 13:00:00,1.360673904418945,1.3612850904464722,1.360673904418945,1.3608405590057373,0
2026-02-13 13:15:00,1.3614332675933838,1.3614332675933838,1.360544204711914,1.360710859298706,0
2026-02-13 13:30:00,1.362453579902649,1.3636053800582886,1.361933946609497,1.3627877235412598,0
2026-02-13 13:45:00,1.3635309934616089,1.3638657331466677,1.3616186380386353,1.3617855310440063,0
2026-02-13 14:00:00,1.3634566068649292,1.363754153251648,1.36306631565094,1.3635495901107788,0
2026-02-13 14:15:00,1.3636611700057983,1.3636611700057983,1.3629177808761597,1.3633451461791992,0
2026-02-13 14:30:00,1.3625648021697998,1.363958716392517,1.361767053604126,1.3633451461791992,0
2026-02-13 14:45:00,1.3627877235412598,1.3634566068649292,1.3621565103530884,1.3629177808761597,0
2026-02-13 15:00:00,1.3647032976150513,1.3647032976150513,1.36273193359375,1.36273193359375,0
2026-02-13 15:15:00,1.3638099431991575,1.364405393600464,1.3628991842269895,1.364405393600464,0
2026-02-13 15:30:00,1.3626762628555298,1.3634566068649292,1.3626762628555298,1.3634566068649292,0
2026-02-13 15:45:00,1.3614704608917236,1.36273193359375,1.3612295389175415,1.36273193359375,0
2026-02-13 16:00:00,1.361488938331604,1.361655831336975,1.360970139503479,1.3613591194152832,0
2026-02-13 16:15:00,1.3631964921951294,1.3632893562316897,1.3616001605987549,1.3618597984313965,0
2026-02-13 16:30:00,1.3638471364974976,1.363977313041687,1.3629363775253296,1.3629363775253296,0
2026-02-13 16:45:00,1.364349603652954,1.364349603652954,1.363512396812439,1.3639960289001465,0
2026-02-13 17:00:00,1.3654860258102417,1.3654860258102417,1.363902926445007,1.3643310070037842,0
2026-02-13 17:15:00,1.3645730018615725,1.365411400794983,1.364349603652954,1.3653740882873535,0
2026-02-13 17:30:00,1.3649641275405884,1.3649641275405884,1.3642005920410156,1.364498496055603,0
2026-02-13 17:45:00,1.3650572299957275,1.3657656908035278,1.3649641275405884,1.3650572299957275,0
2026-02-13 18:00:00,1.3650014400482178,1.3651691675186155,1.3648709058761597,1.364908218383789,0
2026-02-13 18:15:00,1.3652622699737549,1.3652622699737549,1.3646847009658811,1.3650386333465576,0
2026-02-13 18:30:00,1.3652249574661257,1.3652249574661257,1.3648709058761597,1.364926815032959,0
2026-02-13 18:45:00,1.3651691675186155,1.3654487133026123,1.3648709058761597,1.365411400794983,0
2026-02-13 19:00:00,1.365075945854187,1.3655046224594116,1.3650572299957275,1.3653181791305542,0
2026-02-13 19:15:00,1.365187644958496,1.3654673099517822,1.3649827241897583,1.3651131391525269,0
2026-02-13 19:30:00,1.364628791809082,1.3651691675186155,1.364610195159912,1.365075945854187,0
2026-02-13 19:45:00,1.364349603652954,1.3648523092269895,1.364349603652954,1.3646475076675415,0
2026-02-13 20:00:00,1.364498496055603,1.3646661043167114,1.3643310070037842,1.3644611835479736,0
2026-02-13 20:15:00,1.3642750978469849,1.364610195159912,1.3642750978469849,1.3644241094589231,0
2026-02-13 20:30:00,1.364628791809082,1.364628791809082,1.3643310070037842,1.3643310070037842,0
2026-02-13 20:45:00,1.3655046224594116,1.365541934967041,1.3645356893539429,1.364628791809082,0
2026-02-13 21:00:00,1.3656351566314695,1.365859031677246,1.3655606508255005,1.3656724691390991,0
2026-02-13 21:15:00,1.365243673324585,1.3657097816467283,1.3651691675186155,1.3656724691390991,0
2026-02-13 21:30:00,1.3650014400482178,1.365392804145813,1.364926815032959,1.365392804145813,0
2026-02-13 21:45:00,1.365541934967041,1.365541934967041,1.364945411682129,1.364945411682129,0
2026-02-13 22:00:00,1.3656538724899292,1.3656538724899292,1.3656538724899292,1.3656538724899292,0
2026-02-13 22:15:00,1.3656538724899292,1.3656538724899292,1.3656538724899292,1.3656538724899292,0
2026-02-16 00:00:00,1.3646661043167114,1.36481511592865,1.364628791809082,1.3647406101226809,0
2026-02-16 00:15:00,1.3645542860031128,1.3648337125778198,1.3645542860031128,1.364610195159912,0
2026-02-16 00:30:00,1.3645356893539429,1.3645730018615725,1.3643310070037842,1.3644611835479736,0
2026-02-16 00:45:00,1.364126205444336,1.3646475076675415,1.364126205444336,1.3645356893539429,0
2026-02-16 01:00:00,1.3642750978469849,1.3642750978469849,1.3638657331466677,1.3641074895858765,0
2026-02-16 01:15:00,1.364237904548645,1.3642750978469849,1.3639215230941772,1.3640518188476562,0
2026-02-16 01:30:00,1.364256501197815,1.3644241094589231,1.364144802093506,1.3644241094589231,0
2026-02-16 01:45:00,1.3644425868988037,1.3644425868988037,1.3640518188476562,1.3642936944961548,0
2026-02-16 02:00:00,1.364089012145996,1.3645730018615725,1.363958716392517,1.3644611835479736,0
2026-02-16 02:15:00,1.3642936944961548,1.3643680810928345,1.3639402389526367,1.3639402389526367,0
2026-02-16 02:30:00,1.3642936944961548,1.364498496055603,1.3642005920410156,1.3643122911453247,0
2026-02-16 02:45:00,1.3642750978469849,1.3644425868988037,1.3641633987426758,1.3641633987426758,0
2026-02-16 03:00:00,1.364237904548645,1.3642750978469849,1.3638471364974976,1.3642750978469849,0
2026-02-16 03:15:00,1.3644241094589231,1.3645356893539429,1.3642191886901855,1.364237904548645,0
2026-02-16 03:30:00,1.364256501197815,1.3642936944961548,1.3640704154968262,1.3642936944961548,0
2026-02-16 03:45:00,1.3642191886901855,1.3642750978469849,1.3640331029891968,1.3641821146011353,0
2026-02-16 04:00:00,1.364256501197815,1.3643680810928345,1.364144802093506,1.364237904548645,0
2026-02-16 04:15:00,1.3642191886901855,1.364349603652954,1.3639402389526367,1.3642191886901855,0
2026-02-16 04:30:00,1.363716959953308,1.364237904548645,1.3636611700057983,1.3641633987426758,0
2026-02-16 04:45:00,1.363977313041687,1.363977313041687,1.3636797666549685,1.3636797666549685,0
2026-02-16 05:00:00,1.3638285398483276,1.3640704154968262,1.363772749900818,1.363977313041687,0
2026-02-16 05:15:00,1.363902926445007,1.363902926445007,1.363735556602478,1.3638471364974976,0
2026-02-16 05:30:00,1.3636611700057983,1.363958716392517,1.3636239767074585,1.363958716392517,0
2026-02-16 05:45:00,1.3639960289001465,1.3640704154968262,1.3636425733566284,1.363716959953308,0
2026-02-16 06:00:00,1.3643122911453247,1.3643122911453247,1.3638843297958374,1.3638843297958374,0
2026-02-16 06:15:00,1.3642936944961548,1.364405393600464,1.3641821146011353,1.3643122911453247,0
2026-02-16 06:30:00,1.3646475076675415,1.3646475076675415,1.364256501197815,1.364256501197815,0
2026-02-16 06:45:00,1.3642750978469849,1.3648709058761597,1.3642750978469849,1.3647406101226809,0
2026-02-16 07:00:00,1.3640331029891968,1.3643122911453247,1.3640331029891968,1.3643122911453247,0
2026-02-16 07:30:00,1.3646847009658811,1.3646847009658811,1.363772749900818,1.3642750978469849,0
2026-02-16 07:45:00,1.364405393600464,1.3648523092269895,1.3640704154968262,1.3648523092269895,0
2026-02-16 08:00:00,1.3647592067718506,1.3659709692001345,1.3643310070037842,1.3644611835479736,0
2026-02-16 08:15:00,1.3646475076675415,1.365187644958496,1.3641821146011353,1.3646661043167114,0
2026-02-16 08:30:00,1.365411400794983,1.365411400794983,1.3645356893539429,1.3645356893539429,0
2026-02-16 08:45:00,1.3652808666229248,1.365691065788269,1.3652622699737549,1.3655232191085815,0
2026-02-16 09:00:00,1.3659336566925049,1.366138935089111,1.3651691675186155,1.3651691675186155,0
2026-02-16 09:15:00,1.3657844066619873,1.3659149408340454,1.3656165599822998,1.3658403158187866,0
2026-02-16 09:30:00,1.364945411682129,1.3656724691390991,1.364945411682129,1.3656165599822998,0
2026-02-16 09:45:00,1.364628791809082,1.365075945854187,1.364349603652954,1.36481511592865,0
2026-02-16 10:00:00,1.3645356893539429,1.3647592067718506,1.364386796951294,1.3644611835479736,0
2026-02-16 10:15:00,1.3647778034210205,1.3649827241897583,1.364517092704773,1.3647592067718506,0
2026-02-16 10:30:00,1.36481511592865,1.3649827241897583,1.3646661043167114,1.3646661043167114,0
2026-02-16 10:45:00,1.3651131391525269,1.3651131391525269,1.3647032976150513,1.36481511592865,0
2026-02-16 11:00:00,1.3648523092269895,1.3650572299957275,1.3645356893539429,1.3650572299957275,0
2026-02-16 11:15:00,1.3647778034210205,1.3648896217346191,1.3645356893539429,1.364628791809082,0
2026-02-16 11:30:00,1.3647218942642212,1.364908218383789,1.3645730018615725,1.3647592067718506,0
2026-02-16 11:45:00,1.364479899406433,1.364908218383789,1.364349603652954,1.3647406101226809,0
2026-02-16 12:00:00,1.365019917488098,1.3651504516601562,1.3646847009658811,1.3646847009658811,0
2026-02-16 12:15:00,1.3647218942642212,1.364926815032959,1.3645356893539429,1.364926815032959,0
2026-02-16 12:30:00,1.3645730018615725,1.3647406101226809,1.364479899406433,1.3646661043167114,0
2026-02-16 12:45:00,1.364237904548645,1.364517092704773,1.3640146255493164,1.364517092704773,0
2026-02-16 13:00:00,1.3635309934616089,1.3647406101226809,1.3635309934616089,1.3644425868988037,0
2026-02-16 13:15:00,1.3631778955459597,1.3633637428283691,1.3631592988967896,1.3633637428283691,0
2026-02-16 13:30:00,1.3632149696350098,1.3632149696350098,1.3629549741744995,1.3631592988967896,0
2026-02-16 13:45:00,1.3633637428283691,1.363902926445007,1.3631221055984497,1.3631221055984497,0
2026-02-16 14:00:00,1.3639215230941772,1.364089012145996,1.3634194135665894,1.3634194135665894,0
2026-02-16 14:15:00,1.3638843297958374,1.3638843297958374,1.3635309934616089,1.3635309934616089,0
2026-02-16 14:30:00,1.3631592988967896,1.363977313041687,1.36308491230011,1.363977313041687,0
2026-02-16 14:45:00,1.3635867834091189,1.3635867834091189,1.3631221055984497,1.3631592988967896,0
2026-02-16 15:00:00,1.3634752035140991,1.3637913465499878,1.3634008169174194,1.363754153251648,0
2026-02-16 15:15:00,1.3635867834091189,1.3637913465499878,1.3634381294250488,1.3634381294250488,0
2026-02-16 15:30:00,1.3632335662841797,1.3636425733566284,1.3631592988967896,1.3636425733566284,0
2026-02-16 15:45:00,1.3633451461791992,1.3633451461791992,1.3629549741744995,1.3632521629333496,0
2026-02-16 16:00:00,1.3632149696350098,1.363493800163269,1.3630106449127195,1.3633637428283691,0
2026-02-16 16:15:00,1.3631221055984497,1.3632335662841797,1.3626205921173096,1.3632335662841797,0
2026-02-16 16:30:00,1.3631964921951294,1.3633265495300293,1.3630106449127195,1.3630292415618896,0
2026-02-16 16:45:00,1.36286199092865,1.3632335662841797,1.36275053024292,1.3632335662841797,0
2026-02-16 17:00:00,1.3629363775253296,1.3630292415618896,1.36280620098114,1.3629920482635498,0
2026-02-16 17:15:00,1.36286199092865,1.3631035089492798,1.36284339427948,1.36297345161438,0
2026-02-16 17:30:00,1.36284339427948,1.36297345161438,1.3626948595046997,1.36284339427948,0
2026-02-16 17:45:00,1.3627691268920898,1.3630106449127195,1.36265766620636,1.3627691268920898,0
2026-02-16 18:00:00,1.3629549741744995,1.3629549741744995,1.36273193359375,1.3627877235412598,0
2026-02-16 18:15:00,1.36306631565094,1.36308491230011,1.3629177808761597,1.3629363775253296,0
2026-02-16 18:30:00,1.36308491230011,1.3631778955459597,1.36304771900177,1.36304771900177,0
2026-02-16 18:45:00,1.3629177808761597,1.36314058303833,1.3629177808761597,1.36308491230011,0
2026-02-16 19:00:00,1.3631221055984497,1.3631778955459597,1.3629177808761597,1.3629177808761597,0
2026-02-16 19:15:00,1.3631592988967896,1.3632707595825195,1.36304771900177,1.3631221055984497,0
2026-02-16 19:30:00,1.3631778955459597,1.3633451461791992,1.3631592988967896,1.3631964921951294,0
2026-02-16 19:45:00,1.3632893562316897,1.3633265495300293,1.3631221055984497,1.3631964921951294,0
2026-02-16 20:00:00,1.3632149696350098,1.3632893562316897,1.36306631565094,1.3632521629333496,0
2026-02-16 20:15:00,1.3631964921951294,1.3632149696350098,1.36306631565094,1.3631964921951294,0
2026-02-16 20:30:00,1.3631778955459597,1.3632707595825195,1.36306631565094,1.3632335662841797,0
2026-02-16 20:45:00,1.36314058303833,1.3632335662841797,1.36306631565094,1.3631964921951294,0
2026-02-16 21:00:00,1.3630106449127195,1.36308491230011,1.3629363775253296,1.36306631565094,0
2026-02-16 21:15:00,1.36304771900177,1.36308491230011,1.3628991842269895,1.3629920482635498,0
2026-02-16 21:30:00,1.3626205921173096,1.36304771900177,1.3626205921173096,1.36304771900177,0
2026-02-16 21:45:00,1.3630292415618896,1.3630292415618896,1.3627134561538696,1.36282479763031,0
2026-02-16 22:00:00,1.3632521629333496,1.3637913465499878,1.3629363775253296,1.3637913465499878,0
2026-02-16 22:15:00,1.36306631565094,1.3632707595825195,1.36286199092865,1.36308491230011,0
2026-02-16 22:30:00,1.3633637428283691,1.3633637428283691,1.3629920482635498,1.3629920482635498,0
2026-02-16 22:45:00,1.3633637428283691,1.3634566068649292,1.3630292415618896,1.3631964921951294,0
2026-02-16 23:00:00,1.3625833988189695,1.3628805875778198,1.3623793125152588,1.3628805875778198,0
2026-02-16 23:15:00,1.3626019954681396,1.3626205921173096,1.3623793125152588,1.3625277280807495,0
2026-02-16 23:30:00,1.3627691268920898,1.3627691268920898,1.3620266914367676,1.3620266914367676,0
2026-02-16 23:45:00,1.3626948595046997,1.36273193359375,1.3626205921173096,1.36273193359375,0
2026-02-17 00:00:00,1.36263906955719,1.3629177808761597,1.3625091314315796,1.3627877235412598,0
2026-02-17 00:15:00,1.3624721765518188,1.36280620098114,1.362434983253479,1.3627877235412598,0
2026-02-17 00:30:00,1.361952543258667,1.3625833988189695,1.361952543258667,1.362453579902649,0
2026-02-17 00:45:00,1.3620266914367676,1.362230896949768,1.361952543258667,1.3620080947875977,0
2026-02-17 01:00:00,1.3618782758712769,1.3621751070022583,1.3615630865097046,1.3621751070022583,0
2026-02-17 01:15:00,1.3618597984313965,1.3620266914367676,1.3617299795150757,1.3618597984313965,0
2026-02-17 01:30:00,1.3618597984313965,1.3620452880859375,1.3618412017822266,1.3619894981384275,0
2026-02-17 01:45:00,1.3616743087768557,1.362119436264038,1.361544489860535,1.361933946609497,0
2026-02-17 02:00:00,1.3618412017822266,1.3620823621749878,1.3614147901535034,1.3618227243423462,0
2026-02-17 02:15:00,1.3618412017822266,1.3618782758712769,1.361655831336975,1.361748456954956,0
2026-02-17 02:30:00,1.3614147901535034,1.3617855310440063,1.3612850904464722,1.3617855310440063,0
2026-02-17 02:45:00,1.3614518642425537,1.3615260124206543,1.361248016357422,1.3614147901535034,0
2026-02-17 03:00:00,1.361155390739441,1.3614518642425537,1.360877513885498,1.3614518642425537,0
2026-02-17 03:15:00,1.361155390739441,1.3612295389175415,1.3609886169433594,1.3610997200012207,0
2026-02-17 03:30:00,1.3607664108276367,1.36106276512146,1.360673904418945,1.36104416847229,0
2026-02-17 03:45:00,1.3612664937973022,1.3612664937973022,1.360784888267517,1.360877513885498,0
2026-02-17 04:00:00,1.3608405590057373,1.3613221645355225,1.360710859298706,1.3613221645355225,0
2026-02-17 04:15:00,1.3610256910324097,1.3610812425613403,1.360710859298706,1.3607293367385864,0
2026-02-17 04:30:00,1.361155390739441,1.3611923456192017,1.360951542854309,1.3610812425613403,0
2026-02-17 04:45:00,1.3612109422683716,1.3613591194152832,1.3611923456192017,1.3612295389175415,0
2026-02-17 05:00:00,1.3608219623565674,1.361248016357422,1.3608219623565674,1.361248016357422,0
2026-02-17 05:15:00,1.3607479333877563,1.360858917236328,1.360451579093933,1.3608405590057373,0
2026-02-17 05:30:00,1.3606367111206057,1.360970139503479,1.3606367111206057,1.3607479333877563,0
2026-02-17 05:45:00,1.3607664108276367,1.3608219623565674,1.3605626821517944,1.360692262649536,0
2026-02-17 06:00:00,1.3612664937973022,1.3612664937973022,1.3609329462051392,1.3609329462051392,0
2026-02-17 06:15:00,1.361544489860535,1.361544489860535,1.36104416847229,1.3612295389175415,0
2026-02-17 06:30:00,1.3615260124206543,1.3615260124206543,1.361155390739441,1.3611923456192017,0
2026-02-17 06:45:00,1.3612664937973022,1.3614332675933838,1.3612664937973022,1.3612850904464722,0
2026-02-17 07:00:00,1.357994556427002,1.358972668647766,1.35792076587677,1.358972668647766,0
2026-02-17 07:15:00,1.357054591178894,1.3578286170959473,1.3569809198379517,1.3574599027633667,0
2026-02-17 07:30:00,1.355766773223877,1.3570362329483032,1.3554726839065552,1.3570362329483032,0
2026-02-17 07:45:00,1.3561527729034424,1.3561896085739136,1.35534405708313,1.355968952178955,0
2026-02-17 08:00:00,1.3570730686187744,1.3576072454452517,1.3561527729034424,1.3561527729034424,0
2026-02-17 08:15:00,1.357754826545715,1.357994556427002,1.3566128015518188,1.3566128015518188,0
2026-02-17 08:30:00,1.3586771488189695,1.3586771488189695,1.35792076587677,1.35792076587677,0
2026-02-17 08:45:00,1.3587141036987305,1.3590649366378784,1.3586218357086182,1.3586586713790894,0
2026-02-17 09:00:00,1.358917236328125,1.3593051433563232,1.3585848808288574,1.3588248491287231,0
2026-02-17 09:15:00,1.3591388463974,1.359508395195007,1.358972668647766,1.3590834140777588,0
2026-02-17 09:30:00,1.3593236207962036,1.3596932888031006,1.3591388463974,1.3591388463974,0
2026-02-17 09:45:00,1.3591573238372805,1.3596007823944092,1.3591573238372805,1.3593236207962036,0
2026-02-17 10:00:00,1.3590465784072876,1.359730243682861,1.3590465784072876,1.3590465784072876,0
2026-02-17 10:15:00,1.359730243682861,1.3599522113800049,1.3591018915176392,1.3592311143875122,0
2026-02-17 10:30:00,1.3599705696105957,1.360507249832153,1.359489917755127,1.3595454692840576,0
2026-02-17 10:45:00,1.3594160079956057,1.3599522113800049,1.3593236207962036,1.3599522113800049,0
2026-02-17 11:00:00,1.3590465784072876,1.3598780632019043,1.3590465784072876,1.3596007823944092,0
2026-02-17 11:15:00,1.3588248491287231,1.358917236328125,1.3584187030792236,1.358917236328125,0
2026-02-17 11:30:00,1.357736349105835,1.3588064908981323,1.357681155204773,1.3588064908981323,0
2026-02-17 11:45:00,1.3565576076507568,1.357717990875244,1.3562448024749756,1.357717990875244,0
2026-02-17 12:00:00,1.3568888902664185,1.3570730686187744,1.3561527729034424,1.3564472198486328,0
2026-02-17 12:15:00,1.3562631607055664,1.3568521738052368,1.355711579322815,1.3568521738052368,0
2026-02-17 12:30:00,1.3554359674453735,1.355968952178955,1.355380892753601,1.355968952178955,0
2026-02-17 12:45:00,1.354866623878479,1.3552889823913574,1.3548115491867063,1.3551236391067505,0
2026-02-17 13:00:00,1.3544262647628784,1.3549401760101318,1.354297757148743,1.354921817779541,0
2026-02-17 13:15:00,1.3543713092803955,1.3544628620147705,1.353363037109375,1.3544628620147705,0
2026-02-17 13:30:00,1.3529237508773804,1.354297757148743,1.352868676185608,1.3540778160095217,0
2026-02-17 13:45:00,1.3525760173797607,1.3536195755004885,1.3525760173797607,1.3526674509048462,0
2026-02-17 14:00:00,1.3521736860275269,1.3527222871780396,1.352045655250549,1.3521736860275269,0
2026-02-17 14:15:00,1.3519543409347534,1.3527040481567385,1.3519543409347534,1.352045655250549,0
2026-02-17 14:30:00,1.352868676185608,1.3529785871505735,1.3522467613220217,1.3522467613220217,0
2026-02-17 14:45:00,1.352027416229248,1.3529419898986816,1.3520090579986572,1.3529419898986816,0
2026-02-17 15:00:00,1.351515769958496,1.3523746728897097,1.3512418270111084,1.3518811464309692,0
2026-02-17 15:15:00,1.3508037328720093,1.3518993854522705,1.3507671356201172,1.3516618013381958,0
2026-02-17 15:30:00,1.3501653671264648,1.3508403301239014,1.3498555421829224,1.3508403301239014,0
2026-02-17 15:45:00,1.3504024744033811,1.3507490158081057,1.3498190641403198,1.3503477573394775,0
2026-02-17 16:00:00,1.3517714738845823,1.351862907409668,1.3503658771514893,1.3503658771514893,0
2026-02-17 16:15:00,1.352868676185608,1.3530884981155396,1.3518993854522705,1.3519543409347534,0
2026-02-17 16:30:00,1.353637933731079,1.353637933731079,1.352960228919983,1.352960228919983,0
2026-02-17 16:45:00,1.3538395166397097,1.3540412187576294,1.3535828590393066,1.3536012172698977,0
2026-02-17 17:00:00,1.3539679050445557,1.3541878461837769,1.3535646200180054,1.3535646200180054,0
2026-02-17 17:15:00,1.3545546531677246,1.3546648025512695,1.3540045022964478,1.354132890701294,0
2026-02-17 17:30:00,1.3544446229934692,1.354830026626587,1.3542611598968506,1.354628086090088,0
2026-02-17 17:45:00,1.354866623878479,1.354958415031433,1.354224443435669,1.3543895483016968,0
2026-02-17 18:00:00,1.354481220245361,1.3548483848571775,1.3544446229934692,1.3547382354736328,0
2026-02-17 18:15:00,1.355730056762695,1.355730056762695,1.3545180559158323,1.354628086090088,0
2026-02-17 18:30:00,1.3561345338821411,1.3561345338821411,1.3555645942687988,1.3556381464004517,0
2026-02-17 18:45:00,1.356042504310608,1.3561527729034424,1.3559322357177734,1.3561527729034424,0
2026-02-17 19:00:00,1.3560056686401367,1.3562264442443848,1.355968952178955,1.3560056686401367,0
2026-02-17 19:15:00,1.3556381464004517,1.3560609817504885,1.3556381464004517,1.3560609817504885,0
2026-02-17 19:30:00,1.3559322357177734,1.3560609817504885,1.3558586835861206,1.3559322357177734,0
2026-02-17 19:45:00,1.3561527729034424,1.3561896085739136,1.3560609817504885,1.3560609817504885,0
2026-02-17 20:00:00,1.3560609817504885,1.3564287424087524,1.3560609817504885,1.3561345338821411,0
2026-02-17 20:15:00,1.3559322357177734,1.3561896085739136,1.355766773223877,1.3561896085739136,0
2026-02-17 20:30:00,1.356042504310608,1.3561345338821411,1.3559505939483645,1.355968952178955,0
2026-02-17 20:45:00,1.3562631607055664,1.3562631607055664,1.3560056686401367,1.3560609817504885,0
2026-02-17 21:00:00,1.3562816381454468,1.35637366771698,1.3560609817504885,1.3563368320465088,0
2026-02-17 21:15:00,1.3563368320465088,1.3563551902770996,1.3561345338821411,1.3562448024749756,0
2026-02-17 21:30:00,1.356815218925476,1.3569257259368896,1.3562448024749756,1.3562448024749756,0
2026-02-17 21:45:00,1.3569073677062988,1.3569073677062988,1.356539249420166,1.356760025024414,0
2026-02-17 22:00:00,1.3564472198486328,1.3569257259368896,1.3558402061462402,1.3559874296188354,0
2026-02-17 22:15:00,1.3561896085739136,1.3567231893539429,1.3561896085739136,1.3567231893539429,0
2026-02-17 22:30:00,1.3564472198486328,1.35664963722229,1.3562264442443848,1.3565576076507568,0
2026-02-17 22:45:00,1.3563920259475708,1.3566312789916992,1.3562448024749756,1.3563920259475708,0
2026-02-17 23:00:00,1.3570178747177124,1.3572204113006592,1.356704831123352,1.356760025024414,0
2026-02-17 23:15:00,1.3566864728927612,1.35694420337677,1.3566864728927612,1.3568888902664185,0
2026-02-17 23:30:00,1.3566312789916992,1.3567231893539429,1.356539249420166,1.35664963722229,0
2026-02-17 23:45:00,1.35637366771698,1.356539249420166,1.3563183546066284,1.3564472198486328,0
2026-02-18 00:00:00,1.356594443321228,1.3566679954528809,1.3564472198486328,1.3565207719802856,0
2026-02-18 00:15:00,1.3564472198486328,1.3566312789916992,1.3563551902770996,1.3566312789916992,0
2026-02-18 00:30:00,1.3562448024749756,1.3565207719802856,1.3562264442443848,1.3565207719802856,0
2026-02-18 00:45:00,1.3563551902770996,1.3564472198486328,1.3562264442443848,1.3564103841781616,0
2026-02-18 01:00:00,1.355730056762695,1.3562264442443848,1.355730056762695,1.3559874296188354,0
2026-02-18 01:15:00,1.3556565046310425,1.3558034896850586,1.3555278778076172,1.355730056762695,0
2026-02-18 01:30:00,1.355766773223877,1.355821967124939,1.3554911613464355,1.355546236038208,0
2026-02-18 01:45:00,1.3559505939483645,1.3559505939483645,1.3556748628616333,1.3558034896850586,0
2026-02-18 02:00:00,1.355399250984192,1.3558402061462402,1.355399250984192,1.3555645942687988,0
2026-02-18 02:15:00,1.355711579322815,1.355711579322815,1.3553258180618286,1.3554176092147827,0
2026-02-18 02:30:00,1.3556565046310425,1.3558034896850586,1.3555830717086792,1.355693221092224,0
2026-02-18 02:45:00,1.3555278778076172,1.355821967124939,1.3555278778076172,1.3557482957839966,0
2026-02-18 03:00:00,1.3556381464004517,1.3558034896850586,1.3555278778076172,1.3555278778076172,0
2026-02-18 03:15:00,1.3557851314544678,1.3557851314544678,1.3555094003677368,1.3556381464004517,0
2026-02-18 03:30:00,1.3555094003677368,1.355821967124939,1.3555094003677368,1.355821967124939,0
2026-02-18 03:45:00,1.3553624153137207,1.3555645942687988,1.3553624153137207,1.3555278778076172,0
2026-02-18 04:00:00,1.3553258180618286,1.3553624153137207,1.3550318479537964,1.3553624153137207,0
2026-02-18 04:15:00,1.3553258180618286,1.3556013107299805,1.3553258180618286,1.3553624153137207,0
2026-02-18 04:30:00,1.3555278778076172,1.3555830717086792,1.355380892753601,1.355380892753601,0
2026-02-18 04:45:00,1.3554176092147827,1.3555645942687988,1.355399250984192,1.355546236038208,0
2026-02-18 05:00:00,1.3557482957839966,1.3557482957839966,1.3554911613464355,1.3555094003677368,0
2026-02-18 05:15:00,1.355711579322815,1.3557482957839966,1.3556565046310425,1.3557482957839966,0
2026-02-18 05:30:00,1.355730056762695,1.3558402061462402,1.3556381464004517,1.355693221092224,0
2026-02-18 05:45:00,1.355968952178955,1.355968952178955,1.355730056762695,1.3557482957839966,0
2026-02-18 06:00:00,1.3556013107299805,1.3560056686401367,1.3555094003677368,1.3560056686401367,0
2026-02-18 06:15:00,1.3557482957839966,1.355821967124939,1.355546236038208,1.3556013107299805,0
2026-02-18 06:30:00,1.355693221092224,1.3558402061462402,1.3556196689605713,1.3558402061462402,0
2026-02-18 06:45:00,1.3566864728927612,1.3566864728927612,1.355730056762695,1.355730056762695,0
2026-02-18 07:00:00,1.3558402061462402,1.357478380203247,1.3558402061462402,1.357478380203247,0
2026-02-18 07:15:00,1.3558034896850586,1.35609769821167,1.3556013107299805,1.355730056762695,0
2026-02-18 07:30:00,1.3557482957839966,1.3561527729034424,1.355711579322815,1.355711579322815,0
2026-02-18 07:45:00,1.3561345338821411,1.3564656972885132,1.3555278778076172,1.3563368320465088,0
2026-02-18 08:00:00,1.3563183546066284,1.3565759658813477,1.35609769821167,1.3563551902770996,0
2026-02-18 08:15:00,1.3561527729034424,1.35664963722229,1.355821967124939,1.35637366771698,0
2026-02-18 08:30:00,1.355968952178955,1.3565207719802856,1.355968952178955,1.35637366771698,0
2026-02-18 08:45:00,1.3566864728927612,1.3567968606948853,1.3560792207717896,1.3562264442443848,0
2026-02-18 09:00:00,1.3571467399597168,1.3575520515441897,1.356704831123352,1.356815218925476,0
2026-02-18 09:15:00,1.3571099042892456,1.3572388887405396,1.3570362329483032,1.3571282625198364,0
2026-02-18 09:30:00,1.3566679954528809,1.3570178747177124,1.3566679954528809,1.3570178747177124,0
2026-02-18 09:45:00,1.357496738433838,1.3578470945358276,1.3567231893539429,1.3567231893539429,0
2026-02-18 10:00:00,1.357810139656067,1.358105182647705,1.3576072454452517,1.3576072454452517,0
2026-02-18 10:15:00,1.3581604957580566,1.3582342863082886,1.3576257228851318,1.3576626777648926,0
2026-02-18 10:30:00,1.3571467399597168,1.3580498695373535,1.3568705320358276,1.3580498695373535,0
2026-02-18 10:45:00,1.3567416667938232,1.357533574104309,1.3566312789916992,1.357183575630188,0
2026-02-18 11:00:00,1.3568705320358276,1.3568705320358276,1.3565576076507568,1.3566864728927612,0
2026-02-18 11:15:00,1.357054591178894,1.3572019338607788,1.3567231893539429,1.3567416667938232,0
2026-02-18 11:30:00,1.3571282625198364,1.3572572469711304,1.3570362329483032,1.357183575630188,0
2026-02-18 11:45:00,1.3574230670928955,1.3574599027633667,1.35694420337677,1.3571652173995972,0
2026-02-18 12:00:00,1.3576257228851318,1.3576626777648926,1.3572940826416016,1.3576626777648926,0
2026-02-18 12:15:00,1.3578838109970093,1.3579576015472412,1.3575890064239502,1.3576995134353638,0
2026-02-18 12:30:00,1.3578654527664185,1.3580313920974731,1.357496738433838,1.35792076587677,0
2026-02-18 12:45:00,1.357478380203247,1.357754826545715,1.3570362329483032,1.357754826545715,0
2026-02-18 13:00:00,1.3576626777648926,1.3581420183181765,1.357441544532776,1.357441544532776,0
2026-02-18 13:15:00,1.3567416667938232,1.3577916622161863,1.3567416667938232,1.357736349105835,0
2026-02-18 13:30:00,1.3563551902770996,1.3568521738052368,1.3563551902770996,1.35664963722229,0
2026-02-18 13:45:00,1.3552706241607666,1.3564839363098145,1.3552706241607666,1.35637366771698,0
2026-02-18 14:00:00,1.354921817779541,1.3558586835861206,1.354609727859497,1.3552889823913574,0
2026-02-18 14:15:00,1.3537296056747437,1.3549401760101318,1.3534914255142212,1.3548483848571775,0
2026-02-18 14:30:00,1.354169487953186,1.3542062044143677,1.353637933731079,1.353637933731079,0
2026-02-18 14:45:00,1.3537112474441528,1.354352951049805,1.3536745309829712,1.3539495468139648,0
2026-02-18 15:00:00,1.3539128303527832,1.3550686836242676,1.353692889213562,1.353692889213562,0
2026-02-18 15:15:00,1.3542795181274414,1.3542795181274414,1.3537112474441528,1.353747844696045,0
2026-02-18 15:30:00,1.3551604747772217,1.3553258180618286,1.354352951049805,1.354352951049805,0
2026-02-18 15:45:00,1.3546648025512695,1.3552706241607666,1.3541878461837769,1.3547382354736328,0
2026-02-18 16:00:00,1.3550502061843872,1.355730056762695,1.3545364141464231,1.3545364141464231,0
2026-02-18 16:15:00,1.3545180559158323,1.3551421165466309,1.3545180559158323,1.3551421165466309,0
2026-02-18 16:30:00,1.3544262647628784,1.3549033403396606,1.3544079065322876,1.3548115491867063,0
2026-02-18 16:45:00,1.3535646200180054,1.3544079065322876,1.3535646200180054,1.354316234588623,0
2026-02-18 17:00:00,1.3536745309829712,1.3536745309829712,1.353234887123108,1.3535280227661133,0
2026-02-18 17:15:00,1.353179931640625,1.3533447980880735,1.3529419898986816,1.353271484375,0
2026-02-18 17:30:00,1.352027416229248,1.3532531261444092,1.352027416229248,1.353234887123108,0
2026-02-18 17:45:00,1.352027416229248,1.352191925048828,1.3513696193695068,1.352191925048828,0
2026-02-18 18:00:00,1.3521188497543335,1.3524113893508911,1.3519359827041626,1.3522651195526123,0
2026-02-18 18:15:00,1.3514609336853027,1.352027416229248,1.351186990737915,1.351990818977356,0
2026-02-18 18:30:00,1.3508766889572144,1.3513513803482056,1.350858449935913,1.3513513803482056,0
2026-02-18 18:45:00,1.351278305053711,1.351314902305603,1.350712537765503,1.3508766889572144,0
2026-02-18 19:00:00,1.3503295183181765,1.351314902305603,1.3503295183181765,1.3507307767868042,0
2026-02-18 19:15:00,1.350074291229248,1.350639581680298,1.350074291229248,1.3503841161727903,0
2026-02-18 19:30:00,1.3499284982681274,1.3503841161727903,1.3498555421829224,1.3501288890838623,0
2026-02-18 19:45:00,1.350074291229248,1.350201964378357,1.349800944328308,1.3500378131866455,0
2026-02-18 20:00:00,1.3499648571014404,1.350438952445984,1.3499102592468262,1.3501107692718506,0
2026-02-18 20:15:00,1.3497462272644043,1.3502200841903689,1.3497462272644043,1.3499830961227417,0
2026-02-18 20:30:00,1.3498555421829224,1.3500559329986572,1.34969162940979,1.34969162940979,0
2026-02-18 20:45:00,1.3499467372894287,1.3501288890838623,1.3497644662857056,1.349837303161621,0
2026-02-18 21:00:00,1.3499284982681274,1.3502200841903689,1.3499284982681274,1.3500378131866455,0
2026-02-18 21:15:00,1.350074291229248,1.3501107692718506,1.349892020225525,1.3499284982681274,0
2026-02-18 21:30:00,1.350001335144043,1.3500559329986572,1.349837303161621,1.3500559329986572,0
2026-02-18 21:45:00,1.3494548797607422,1.3499284982681274,1.3493092060089111,1.3499284982681274,0
2026-02-18 22:00:00,1.3499830961227417,1.3500195741653442,1.3489997386932373,1.3493273258209229,0
2026-02-18 22:15:00,1.3499467372894287,1.35023832321167,1.349892020225525,1.350074291229248,0
2026-02-18 22:30:00,1.3498190641403198,1.3500378131866455,1.34969162940979,1.3500378131866455,0
2026-02-18 22:45:00,1.349892020225525,1.350074291229248,1.3497098684310913,1.3499284982681274,0
2026-02-18 23:00:00,1.3497462272644043,1.3499102592468262,1.3496733903884888,1.3498190641403198,0
2026-02-18 23:15:00,1.3497462272644043,1.3499102592468262,1.3494731187820437,1.3499102592468262,0
2026-02-18 23:30:00,1.34969162940979,1.3498737812042236,1.3496187925338743,1.349800944328308,0
2026-02-18 23:45:00,1.349582314491272,1.349727988243103,1.3495277166366575,1.349727988243103,0
2026-02-19 00:00:00,1.3494731187820437,1.3496005535125732,1.3493820428848269,1.3496005535125732,0
2026-02-19 00:15:00,1.3496187925338743,1.3496551513671875,1.349345564842224,1.3494731187820437,0
2026-02-19 00:30:00,1.3491452932357788,1.349727988243103,1.3489997386932373,1.349727988243103,0
2026-02-19 00:45:00,1.348945140838623,1.3493273258209229,1.348945140838623,1.349127173423767,0
2026-02-19 01:00:00,1.3497462272644043,1.349837303161621,1.3491452932357788,1.3491452932357788,0
2026-02-19 01:15:00,1.349436640739441,1.349800944328308,1.349400281906128,1.349800944328308,0
2026-02-19 01:30:00,1.3493273258209229,1.3494912385940552,1.3492727279663086,1.349345564842224,0
2026-02-19 01:45:00,1.349727988243103,1.349727988243103,1.3493273258209229,1.3493820428848269,0
2026-02-19 02:00:00,1.349545955657959,1.3496187925338743,1.349436640739441,1.3496187925338743,0
2026-02-19 02:15:00,1.3494184017181396,1.3496551513671875,1.34929096698761,1.3495277166366575,0
2026-02-19 02:30:00,1.3496551513671875,1.3497827053070068,1.3493638038635254,1.3493638038635254,0
2026-02-19 02:45:00,1.3495094776153564,1.3496551513671875,1.3493273258209229,1.3496005535125732,0
2026-02-19 03:00:00,1.349545955657959,1.3497827053070068,1.3495094776153564,1.3495277166366575,0
2026-02-19 03:15:00,1.3494184017181396,1.3496370315551758,1.3493273258209229,1.3496370315551758,0
2026-02-19 03:30:00,1.3491089344024658,1.3494184017181396,1.3490906953811646,1.3494184017181396,0
2026-02-19 03:45:00,1.349127173423767,1.3491816520690918,1.3489269018173218,1.349127173423767,0
2026-02-19 04:00:00,1.348945140838623,1.3493092060089111,1.3488540649414062,1.3493092060089111,0
2026-02-19 04:15:00,1.3485630750656128,1.349017858505249,1.3485630750656128,1.3489633798599243,0
2026-02-19 04:30:00,1.3484539985656738,1.3487632274627686,1.3484539985656738,1.3485267162322998,0
2026-02-19 04:45:00,1.3484539985656738,1.3484721183776855,1.3482539653778076,1.3484539985656738,0
2026-02-19 05:00:00,1.3481448888778689,1.348363161087036,1.3481448888778689,1.348363161087036,0
2026-02-19 05:15:00,1.3485267162322998,1.3485267162322998,1.3481448888778689,1.3481448888778689,0
2026-02-19 05:30:00,1.348726749420166,1.348726749420166,1.3485630750656128,1.3485630750656128,0
2026-02-19 05:45:00,1.3487632274627686,1.3487995862960815,1.348617672920227,1.3487449884414673,0
2026-02-19 06:00:00,1.3489269018173218,1.3489997386932373,1.348617672920227,1.3487632274627686,0
2026-02-19 06:15:00,1.3497098684310913,1.3497098684310913,1.348945140838623,1.348945140838623,0
2026-02-19 06:30:00,1.3499102592468262,1.3499648571014404,1.3496187925338743,1.3497462272644043,0
2026-02-19 06:45:00,1.350074291229248,1.3502565622329712,1.3497644662857056,1.349837303161621,0
2026-02-19 07:00:00,1.3498737812042236,1.3499648571014404,1.3496733903884888,1.3498190641403198,0
2026-02-19 07:15:00,1.3499284982681274,1.3499284982681274,1.3496005535125732,1.3498737812042236,0
2026-02-19 07:30:00,1.350639581680298,1.350639581680298,1.3500195741653442,1.3500195741653442,0
2026-02-19 07:45:00,1.35111403465271,1.3512235879898071,1.3505666255950928,1.3505666255950928,0
2026-02-19 08:00:00,1.3512600660324097,1.3514060974121094,1.3510591983795166,1.3510775566101074,0
2026-02-19 08:15:00,1.3509496450424194,1.351607084274292,1.3509496450424194,1.3512600660324097,0
2026-02-19 08:30:00,1.3513696193695068,1.3513696193695068,1.351022720336914,1.3511322736740112,0
2026-02-19 08:45:00,1.3505666255950928,1.3514060974121094,1.350311279296875,1.3514060974121094,0
2026-02-19 09:00:00,1.3514792919158936,1.3516253232955933,1.3507671356201172,1.3507671356201172,0
2026-02-19 09:15:00,1.3504024744033811,1.3512418270111084,1.350311279296875,1.3512418270111084,0
2026-02-19 09:30:00,1.3497462272644043,1.350603103637695,1.3496370315551758,1.3503295183181765,0
2026-02-19 09:45:00,1.3503841161727903,1.350639581680298,1.3497644662857056,1.349892020225525,0
2026-02-19 10:00:00,1.349837303161621,1.3506760597229004,1.349837303161621,1.3504936695098877,0
2026-02-19 10:15:00,1.3490360975265503,1.3499102592468262,1.3489633798599243,1.3499102592468262,0
2026-02-19 10:30:00,1.3491089344024658,1.349400281906128,1.34865403175354,1.3488359451293943,0
2026-02-19 10:45:00,1.348726749420166,1.3490725755691528,1.348581314086914,1.3490543365478516,0
2026-02-19 11:00:00,1.3491816520690918,1.3491816520690918,1.3487086296081543,1.3487086296081543,0
2026-02-19 11:15:00,1.3474364280700684,1.3489997386932373,1.3474364280700684,1.3489997386932373,0
2026-02-19 11:30:00,1.3470735549926758,1.347545504570007,1.3467469215393066,1.3473275899887085,0
2026-02-19 11:45:00,1.3467106819152832,1.3474364280700684,1.3466562032699585,1.3472731113433838,0
2026-02-19 12:00:00,1.346130609512329,1.346819519996643,1.3460761308670044,1.3464930057525637,0
2026-02-19 12:15:00,1.3465112447738647,1.346728801727295,1.3459675312042236,1.346058011054993,0
2026-02-19 12:30:00,1.3465837240219116,1.3472731113433838,1.3465293645858765,1.3465293645858765,0
2026-02-19 12:45:00,1.3463661670684814,1.34689199924469,1.3460036516189575,1.34689199924469,0
2026-02-19 13:00:00,1.345858812332153,1.3463661670684814,1.3450803756713867,1.3463661670684814,0
2026-02-19 13:15:00,1.346166729927063,1.3463118076324463,1.3455508947372437,1.345949411392212,0
2026-02-19 13:30:00,1.3457682132720947,1.346765160560608,1.3457682132720947,1.345858812332153,0
2026-02-19 13:45:00,1.3466562032699585,1.346982717514038,1.345406174659729,1.3454241752624512,0
2026-02-19 14:00:00,1.344194412231445,1.3465112447738647,1.344194412231445,1.3465112447738647,0
2026-02-19 14:15:00,1.3441221714019775,1.3442305326461792,1.3435261249542236,1.3442305326461792,0
2026-02-19 14:30:00,1.3448632955551147,1.3448632955551147,1.343706727027893,1.344266653060913,0
2026-02-19 14:45:00,1.3442305326461792,1.3447366952896118,1.3440680503845217,1.3447366952896118,0
2026-02-19 15:00:00,1.3459675312042236,1.3470735549926758,1.344483494758606,1.344483494758606,0
2026-02-19 15:15:00,1.3458950519561768,1.3465656042099,1.3458406925201416,1.3459312915802002,0
2026-02-19 15:30:00,1.346293568611145,1.34678316116333,1.346130609512329,1.3461849689483645,0
2026-02-19 15:45:00,1.345496654510498,1.3473820686340332,1.3452974557876587,1.3463480472564695,0
2026-02-19 16:00:00,1.345152735710144,1.3456052541732788,1.3441040515899658,1.345406174659729,0
2026-02-19 16:15:00,1.3448452949523926,1.345243215560913,1.3446643352508545,1.3450984954833984,0
2026-02-19 16:30:00,1.345496654510498,1.3455508947372437,1.3450984954833984,1.3450984954833984,0
2026-02-19 16:45:00,1.344573974609375,1.3452612161636353,1.3440136909484863,1.3452612161636353,0
2026-02-19 17:00:00,1.3443751335144043,1.344971776008606,1.3439595699310305,1.34442937374115,0
2026-02-19 17:15:00,1.345062255859375,1.345243215560913,1.344248652458191,1.3444656133651731,0
2026-02-19 17:30:00,1.3451708555221558,1.3453699350357056,1.344573974609375,1.3449536561965942,0
2026-02-19 17:45:00,1.3453155755996704,1.345569133758545,1.3449898958206177,1.3452612161636353,0
2026-02-19 18:00:00,1.345876932144165,1.3459312915802002,1.3452250957489014,1.3453518152236938,0
2026-02-19 18:15:00,1.3458950519561768,1.346094250679016,1.3455146551132202,1.346094250679016,0
2026-02-19 18:30:00,1.346329927444458,1.34645676612854,1.345949411392212,1.3459675312042236,0
2026-02-19 18:45:00,1.3460218906402588,1.3465837240219116,1.3460218906402588,1.3464930057525637,0
2026-02-19 19:00:00,1.3464024066925049,1.3465837240219116,1.3460218906402588,1.34623920917511,0
2026-02-19 19:15:00,1.3459675312042236,1.3464930057525637,1.345876932144165,1.3463480472564695,0
2026-02-19 19:30:00,1.3452612161636353,1.3461124897003174,1.344935655593872,1.3459675312042236,0
2026-02-19 19:45:00,1.3451346158981323,1.3454785346984863,1.345062255859375,1.345152735710144,0
2026-02-19 20:00:00,1.345587134361267,1.3457682132720947,1.3452974557876587,1.3452974557876587,0
2026-02-19 20:15:00,1.3455146551132202,1.3457139730453491,1.345442295074463,1.345532774925232,0
2026-02-19 20:30:00,1.3456414937973022,1.3457863330841064,1.3455146551132202,1.345569133758545,0
2026-02-19 20:45:00,1.34582257270813,1.3459855318069458,1.3456052541732788,1.3456052541732788,0
2026-02-19 21:00:00,1.34623920917511,1.34623920917511,1.3459312915802002,1.3459312915802002,0
2026-02-19 21:15:00,1.3464748859405518,1.3466744422912598,1.346166729927063,1.346166729927063,0
2026-02-19 21:30:00,1.3472548723220823,1.3473275899887085,1.3465656042099,1.3465656042099,0
2026-02-19 21:45:00,1.3464748859405518,1.3473457098007202,1.3463480472564695,1.3472912311553955,0
2026-02-19 22:00:00,1.3461849689483645,1.34689199924469,1.346094250679016,1.3466562032699585,0
2026-02-19 22:15:00,1.3463118076324463,1.3463842868804932,1.346203088760376,1.3462574481964111,0
2026-02-19 22:30:00,1.34678316116333,1.3469645977020264,1.346203088760376,1.3463118076324463,0
2026-02-19 22:45:00,1.3466744422912598,1.3470009565353394,1.3465473651885986,1.3469645977020264,0
2026-02-19 23:00:00,1.346928358078003,1.346982717514038,1.3467106819152832,1.3467106819152832,0
2026-02-19 23:15:00,1.346728801727295,1.3469464778900146,1.346728801727295,1.3469464778900146,0
2026-02-19 23:30:00,1.34645676612854,1.346692442893982,1.3463661670684814,1.3465473651885986,0
2026-02-19 23:45:00,1.346166729927063,1.3464024066925049,1.346058011054993,1.3464024066925049,0
2026-02-20 00:00:00,1.3460218906402588,1.3462755680084229,1.3456414937973022,1.346058011054993,0
2026-02-20 00:15:00,1.3459675312042236,1.346058011054993,1.3458044528961182,1.3460218906402588,0
2026-02-20 00:30:00,1.3460218906402588,1.3460218906402588,1.34582257270813,1.345949411392212,0
2026-02-20 00:45:00,1.3461124897003174,1.34645676612854,1.3459855318069458,1.3459855318069458,0
2026-02-20 01:00:00,1.3457682132720947,1.346329927444458,1.3457682132720947,1.3460761308670044,0
2026-02-20 01:15:00,1.3452974557876587,1.3460400104522705,1.3452069759368896,1.3459312915802002,0
2026-02-20 01:30:00,1.344700574874878,1.3453155755996704,1.344700574874878,1.3453155755996704,0
2026-02-20 01:45:00,1.3447185754776,1.3448271751403809,1.3443028926849363,1.3447366952896118,0
2026-02-20 02:00:00,1.344085931777954,1.3447366952896118,1.344031810760498,1.3447366952896118,0
2026-02-20 02:15:00,1.3440136909484863,1.3441221714019775,1.343833088874817,1.3441221714019775,0
2026-02-20 02:30:00,1.343742847442627,1.3440136909484863,1.343742847442627,1.3439956903457642,0
2026-02-20 02:45:00,1.344266653060913,1.344357132911682,1.3435803651809692,1.3437970876693726,0
2026-02-20 03:00:00,1.344357132911682,1.3446282148361206,1.344212532043457,1.344212532043457,0
2026-02-20 03:15:00,1.3439414501190186,1.3445378541946411,1.3439414501190186,1.3444112539291382,0
2026-02-20 03:30:00,1.3441040515899658,1.34442937374115,1.3441040515899658,1.3441402912139893,0
2026-02-20 03:45:00,1.344357132911682,1.3445558547973633,1.3441762924194336,1.3441762924194336,0
2026-02-20 04:00:00,1.3447185754776,1.3447185754776,1.3443390130996704,1.3443390130996704,0
2026-02-20 04:15:00,1.3446282148361206,1.3447729349136353,1.344483494758606,1.3447729349136353,0
2026-02-20 04:30:00,1.3440499305725098,1.3446462154388428,1.3439054489135742,1.3446462154388428,0
2026-02-20 04:45:00,1.344031810760498,1.3441582918167114,1.3439414501190186,1.3441582918167114,0
2026-02-20 05:00:00,1.344031810760498,1.344212532043457,1.343833088874817,1.344031810760498,0
2026-02-20 05:15:00,1.344212532043457,1.3443751335144043,1.3438692092895508,1.3439956903457642,0
2026-02-20 05:30:00,1.3441402912139893,1.344357132911682,1.344031810760498,1.344212532043457,0
2026-02-20 05:45:00,1.3446282148361206,1.3447366952896118,1.3439956903457642,1.3441221714019775,0
2026-02-20 06:00:00,1.344357132911682,1.3446102142333984,1.344212532043457,1.3445378541946411,0
2026-02-20 06:15:00,1.3447366952896118,1.3448090553283691,1.3444474935531616,1.3445378541946411,0
2026-02-20 06:30:00,1.3445016145706177,1.3447729349136353,1.3445016145706177,1.344700574874878,0
2026-02-20 06:45:00,1.3448090553283691,1.344881296157837,1.344248652458191,1.3445378541946411,0
2026-02-20 07:00:00,1.3460036516189575,1.346166729927063,1.345532774925232,1.345569133758545,0
2026-02-20 07:15:00,1.345949411392212,1.346166729927063,1.34582257270813,1.346166729927063,0
2026-02-20 07:30:00,1.3460218906402588,1.3466380834579468,1.3457320928573608,1.3457682132720947,0
2026-02-20 07:45:00,1.3447185754776,1.3461124897003174,1.344573974609375,1.3459855318069458,0
2026-02-20 08:00:00,1.3441762924194336,1.3447909355163574,1.3437970876693726,1.3447909355163574,0
2026-02-20 08:15:00,1.3450441360473633,1.3451708555221558,1.344266653060913,1.344266653060913,0
2026-02-20 08:30:00,1.3450803756713867,1.3456052541732788,1.344971776008606,1.3452069759368896,0
2026-02-20 08:45:00,1.345152735710144,1.345532774925232,1.3450260162353516,1.345152735710144,0
2026-02-20 09:00:00,1.345913052558899,1.346058011054993,1.3452250957489014,1.3453338146209717,0
2026-02-20 09:15:00,1.34645676612854,1.34645676612854,1.3458950519561768,1.3460218906402588,0
2026-02-20 09:30:00,1.3473457098007202,1.3478178977966309,1.346982717514038,1.346982717514038,0
2026-02-20 09:45:00,1.346928358078003,1.3476543426513672,1.346928358078003,1.3476543426513672,0
2026-02-20 10:00:00,1.3464024066925049,1.3470553159713743,1.3464024066925049,1.346765160560608,0
2026-02-20 10:15:00,1.3466018438339231,1.3467469215393066,1.346293568611145,1.3463842868804932,0
2026-02-20 10:30:00,1.3477089405059814,1.3477634191513062,1.3465473651885986,1.3465473651885986,0
2026-02-20 10:45:00,1.347636342048645,1.348235845565796,1.347563624382019,1.3477451801300049,0
2026-02-20 11:00:00,1.3468376398086548,1.347563624382019,1.346692442893982,1.347563624382019,0
2026-02-20 11:15:00,1.3473457098007202,1.347545504570007,1.3468376398086548,1.3468376398086548,0
2026-02-20 11:30:00,1.347545504570007,1.347545504570007,1.3468376398086548,1.3473094701766968,0
2026-02-20 11:45:00,1.347164273262024,1.3477270603179932,1.347164273262024,1.347563624382019,0
2026-02-20 12:00:00,1.3477451801300049,1.3477634191513062,1.3470189571380615,1.3471460342407229,0
2026-02-20 12:15:00,1.347636342048645,1.3479087352752686,1.3472912311553955,1.3477270603179932,0
2026-02-20 12:30:00,1.3480359315872192,1.3480359315872192,1.3469645977020264,1.3475998640060425,0
2026-02-20 12:45:00,1.3476181030273438,1.3481448888778689,1.3476181030273438,1.3480722904205322,0
2026-02-20 13:00:00,1.34816312789917,1.3484721183776855,1.347490906715393,1.347527265548706,0
2026-02-20 13:15:00,1.3491452932357788,1.3491452932357788,1.3478904962539673,1.34816312789917,0
2026-02-20 13:30:00,1.3473820686340332,1.3489269018173218,1.3469102382659912,1.3489269018173218,0
2026-02-20 13:45:00,1.348435878753662,1.348581314086914,1.3469464778900146,1.3479268550872805,0
2026-02-20 14:00:00,1.3477089405059814,1.3487632274627686,1.3476181030273438,1.3487632274627686,0
2026-02-20 14:15:00,1.3474546670913696,1.3479450941085815,1.3474364280700684,1.3476725816726685,0
2026-02-20 14:30:00,1.3475817441940308,1.3477089405059814,1.3470189571380615,1.347472906112671,0
2026-02-20 14:45:00,1.3477634191513062,1.3481448888778689,1.3472005128860474,1.347490906715393,0
2026-02-20 15:00:00,1.3497644662857056,1.350092530250549,1.3463661670684814,1.3479087352752686,0
2026-02-20 15:15:00,1.35111403465271,1.351387858390808,1.3501288890838623,1.3501471281051636,0
2026-02-20 15:30:00,1.3504753112792969,1.3513513803482056,1.3499102592468262,1.3510591983795166,0
2026-02-20 15:45:00,1.350001335144043,1.3507490158081057,1.3495094776153564,1.3507490158081057,0
2026-02-20 16:00:00,1.3509132862091064,1.3513696193695068,1.3496370315551758,1.3501471281051636,0
2026-02-20 16:15:00,1.349345564842224,1.3509496450424194,1.3488905429840088,1.3509496450424194,0
2026-02-20 16:30:00,1.3489269018173218,1.3493820428848269,1.3488359451293943,1.34916353225708,0
2026-02-20 16:45:00,1.349892020225525,1.3500378131866455,1.34890878200531,1.3489997386932373,0
2026-02-20 17:00:00,1.348599553108215,1.3499284982681274,1.3484539985656738,1.3498190641403198,0
2026-02-20 17:15:00,1.348090410232544,1.348235845565796,1.3477270603179932,1.348235845565796,0
2026-02-20 17:30:00,1.348726749420166,1.3487632274627686,1.34816312789917,1.34816312789917,0
2026-02-20 17:45:00,1.3490906953811646,1.3495640754699707,1.348599553108215,1.3487086296081543,0
2026-02-20 18:00:00,1.3490725755691528,1.349436640739441,1.3487813472747805,1.3490906953811646,0
2026-02-20 18:15:00,1.3493820428848269,1.349582314491272,1.3487995862960815,1.3488905429840088,0
2026-02-20 18:30:00,1.3502200841903689,1.3503658771514893,1.3489633798599243,1.3493820428848269,0
2026-02-20 18:45:00,1.349545955657959,1.350584864616394,1.349545955657959,1.3501107692718506,0
2026-02-20 19:00:00,1.349127173423767,1.3497827053070068,1.3491089344024658,1.3495277166366575,0
2026-02-20 19:15:00,1.348599553108215,1.349345564842224,1.348599553108215,1.3492181301116943,0
2026-02-20 19:30:00,1.348617672920227,1.3489269018173218,1.348617672920227,1.3488905429840088,0
2026-02-20 19:45:00,1.3485630750656128,1.34916353225708,1.348508596420288,1.348617672920227,0
2026-02-20 20:00:00,1.348617672920227,1.3487086296081543,1.3482539653778076,1.348435878753662,0
2026-02-20 20:15:00,1.3484903573989868,1.3488359451293943,1.3484176397323608,1.3484903573989868,0
2026-02-20 20:30:00,1.3488540649414062,1.348981499671936,1.3483266830444336,1.3483266830444336,0
2026-02-20 20:45:00,1.3488905429840088,1.349017858505249,1.3487449884414673,1.3488905429840088,0
2026-02-20 21:00:00,1.3497644662857056,1.3497644662857056,1.3489269018173218,1.3489269018173218,0
2026-02-20 21:15:00,1.3492363691329956,1.3496551513671875,1.3491816520690918,1.3496551513671875,0
2026-02-20 21:30:00,1.3488178253173828,1.3493273258209229,1.3488178253173828,1.3493273258209229,0
2026-02-20 21:45:00,1.348090410232544,1.3489269018173218,1.3476181030273438,1.348599553108215,0
2026-02-20 22:00:00,1.348126769065857,1.348126769065857,1.348126769065857,1.348126769065857,0
2026-02-20 22:15:00,1.348126769065857,1.348126769065857,1.348126769065857,1.348126769065857,0
2026-02-23 00:00:00,1.352868676185608,1.353179931640625,1.35255765914917,1.353179931640625,0
2026-02-23 00:15:00,1.3524113893508911,1.352649211883545,1.352155327796936,1.352649211883545,0
2026-02-23 00:30:00,1.3529053926467896,1.3530701398849487,1.3524844646453855,1.3524844646453855,0
2026-02-23 00:45:00,1.352630853652954,1.352868676185608,1.3523015975952148,1.352868676185608,0
2026-02-23 01:00:00,1.352100491523743,1.3527954816818235,1.352027416229248,1.3527954816818235,0
2026-02-23 01:15:00,1.3518445491790771,1.3522101640701294,1.3516801595687866,1.3522101640701294,0
2026-02-23 01:30:00,1.3522284030914309,1.3522284030914309,1.3516801595687866,1.3516801595687866,0
2026-02-23 01:45:00,1.3518993854522705,1.3523746728897097,1.351826310157776,1.3522651195526123,0
2026-02-23 02:00:00,1.3524296283721924,1.3524296283721924,1.3517532348632812,1.3519724607467651,0
2026-02-23 02:15:00,1.3524662256240845,1.352539300918579,1.3520638942718506,1.3524296283721924,0
2026-02-23 02:30:00,1.3527590036392212,1.3527590036392212,1.352319836616516,1.3524478673934937,0
2026-02-23 02:45:00,1.3522467613220217,1.352868676185608,1.3520638942718506,1.352630853652954,0
2026-02-23 03:00:00,1.351515769958496,1.3523565530776978,1.3514974117279053,1.3523565530776978,0
2026-02-23 03:15:00,1.3512235879898071,1.351515769958496,1.35111403465271,1.351515769958496,0
2026-02-23 03:30:00,1.3515340089797974,1.351607084274292,1.3512052297592163,1.351314902305603,0
2026-02-23 03:45:00,1.351807951927185,1.351807951927185,1.3512965440750122,1.3514426946640017,0
2026-02-23 04:00:00,1.3515887260437012,1.351826310157776,1.3513330221176147,1.351826310157776,0
2026-02-23 04:15:00,1.351607084274292,1.351917743682861,1.3514974117279053,1.351607084274292,0
2026-02-23 04:30:00,1.351917743682861,1.351917743682861,1.3516253232955933,1.3516801595687866,0
2026-02-23 04:45:00,1.3520638942718506,1.352100491523743,1.3519359827041626,1.3520090579986572,0
2026-02-23 05:00:00,1.3516253232955933,1.352027416229248,1.3515704870224,1.352027416229248,0
2026-02-23 05:15:00,1.351515769958496,1.351643681526184,1.3512965440750122,1.351515769958496,0
2026-02-23 05:30:00,1.3517348766326904,1.3519359827041626,1.3516253232955933,1.3516253232955933,0
2026-02-23 05:45:00,1.3521188497543335,1.3521188497543335,1.3516618013381958,1.3516618013381958,0
2026-02-23 06:00:00,1.3530701398849487,1.3530701398849487,1.3518993854522705,1.3520090579986572,0
2026-02-23 06:15:00,1.3533813953399658,1.3535280227661133,1.3529969453811646,1.3530151844024658,0
2026-02-23 06:30:00,1.3529969453811646,1.3533082008361816,1.3528504371643066,1.3533082008361816,0
2026-02-23 06:45:00,1.3530151844024658,1.3535096645355225,1.3530151844024658,1.353143334388733,0
2026-02-23 07:00:00,1.3527222871780396,1.3531982898712158,1.3527040481567385,1.3529419898986816,0
2026-02-23 07:15:00,1.352685809135437,1.3528321981430054,1.3524296283721924,1.3527406454086304,0
2026-02-23 07:30:00,1.3527222871780396,1.3531067371368408,1.3522284030914309,1.3526124954223633,0
2026-02-23 07:45:00,1.352649211883545,1.3533082008361816,1.3523565530776978,1.3527772426605225,0
2026-02-23 08:00:00,1.3517898321151731,1.3528504371643066,1.3514974117279053,1.352649211883545,0
2026-02-23 08:15:00,1.3516801595687866,1.352155327796936,1.3514426946640017,1.351917743682861,0
2026-02-23 08:30:00,1.3515887260437012,1.3520822525024414,1.3513513803482056,1.351607084274292,0
2026-02-23 08:45:00,1.351826310157776,1.3519543409347534,1.35111403465271,1.3515340089797974,0
2026-02-23 09:00:00,1.351515769958496,1.351807951927185,1.351515769958496,1.3515704870224,0
2026-02-23 09:15:00,1.3512418270111084,1.3514792919158936,1.3506578207015991,1.3514792919158936,0
2026-02-23 09:30:00,1.3512965440750122,1.3514974117279053,1.3510591983795166,1.3513330221176147,0
2026-02-23 09:45:00,1.3509314060211182,1.3516618013381958,1.3508219718933103,1.351607084274292,0
2026-02-23 10:00:00,1.350785493850708,1.351314902305603,1.3507307767868042,1.3508219718933103,0
2026-02-23 10:15:00,1.350603103637695,1.3507307767868042,1.3502565622329712,1.350639581680298,0
2026-02-23 10:30:00,1.3508403301239014,1.351022720336914,1.350694179534912,1.3507671356201172,0
2026-02-23 10:45:00,1.351022720336914,1.3511322736740112,1.3507307767868042,1.3508403301239014,0
2026-02-23 11:00:00,1.3507671356201172,1.351040959358215,1.3504936695098877,1.350712537765503,0
2026-02-23 11:15:00,1.3493820428848269,1.3509314060211182,1.3493820428848269,1.3508219718933103,0
2026-02-23 11:30:00,1.3497827053070068,1.3497827053070068,1.3487086296081543,1.3490543365478516,0
2026-02-23 11:45:00,1.349127173423767,1.349727988243103,1.3489997386932373,1.3497098684310913,0
2026-02-23 12:00:00,1.348581314086914,1.3490725755691528,1.3484903573989868,1.3490725755691528,0
2026-02-23 12:15:00,1.3478360176086426,1.348726749420166,1.3477270603179932,1.3485630750656128,0
2026-02-23 12:30:00,1.3481086492538452,1.34816312789917,1.3478542566299438,1.347981333732605,0
2026-02-23 12:45:00,1.348690390586853,1.3488178253173828,1.3480722904205322,1.3484176397323608,0
2026-02-23 13:00:00,1.3493092060089111,1.3493092060089111,1.348599553108215,1.3487086296081543,0
2026-02-23 13:15:00,1.3499284982681274,1.3499284982681274,1.3493092060089111,1.3493092060089111,0
2026-02-23 13:30:00,1.3507490158081057,1.3507490158081057,1.3499467372894287,1.3499467372894287,0
2026-02-23 13:45:00,1.350548267364502,1.350603103637695,1.3500195741653442,1.350603103637695,0
2026-02-23 14:00:00,1.350621223449707,1.3510043621063232,1.3504936695098877,1.3507490158081057,0
2026-02-23 14:15:00,1.350311279296875,1.3511505126953125,1.350311279296875,1.350785493850708,0
2026-02-23 14:30:00,1.351387858390808,1.3515704870224,1.350438952445984,1.350438952445984,0
2026-02-23 14:45:00,1.3520638942718506,1.352319836616516,1.3512235879898071,1.351387858390808,0
2026-02-23 15:00:00,1.351826310157776,1.3524296283721924,1.351643681526184,1.3522101640701294,0
2026-02-23 15:15:00,1.3517167568206787,1.3520638942718506,1.3513696193695068,1.3518811464309692,0
2026-02-23 15:30:00,1.3513330221176147,1.352100491523743,1.3508219718933103,1.3517714738845823,0
2026-02-23 15:45:00,1.3496551513671875,1.3509680032730105,1.349582314491272,1.3509680032730105,0
2026-02-23 16:00:00,1.34969162940979,1.34969162940979,1.348945140838623,1.3495277166366575,0
2026-02-23 16:15:00,1.3504024744033811,1.350639581680298,1.349436640739441,1.3494548797607422,0
2026-02-23 16:30:00,1.3512235879898071,1.3514060974121094,1.350311279296875,1.3504570722579956,0
2026-02-23 16:45:00,1.350621223449707,1.3512600660324097,1.350621223449707,1.3511322736740112,0
2026-02-23 17:00:00,1.3496187925338743,1.3507490158081057,1.3496187925338743,1.350712537765503,0
2026-02-23 17:15:00,1.3490360975265503,1.349837303161621,1.3488905429840088,1.349582314491272,0
2026-02-23 17:30:00,1.3490360975265503,1.3490906953811646,1.3486357927322388,1.349017858505249,0
2026-02-23 17:45:00,1.3495640754699707,1.349727988243103,1.3487813472747805,1.348945140838623,0
2026-02-23 18:00:00,1.3496005535125732,1.3499467372894287,1.349582314491272,1.349582314491272,0
2026-02-23 18:15:00,1.3497827053070068,1.3499467372894287,1.3496005535125732,1.3496187925338743,0
2026-02-23 18:30:00,1.3496187925338743,1.3501107692718506,1.3496005535125732,1.349800944328308,0
2026-02-23 18:45:00,1.3497462272644043,1.3500195741653442,1.3497098684310913,1.3497098684310913,0
2026-02-23 19:00:00,1.3497644662857056,1.3499102592468262,1.3496187925338743,1.349800944328308,0
2026-02-23 19:15:00,1.3495094776153564,1.349892020225525,1.3493273258209229,1.3498190641403198,0
2026-02-23 19:30:00,1.348617672920227,1.3495094776153564,1.348617672920227,1.3495094776153564,0
2026-02-23 19:45:00,1.34890878200531,1.3493092060089111,1.348726749420166,1.348726749420166,0
2026-02-23 20:00:00,1.3490360975265503,1.3492363691329956,1.348945140838623,1.3490360975265503,0
2026-02-23 20:15:00,1.3494184017181396,1.3494184017181396,1.3488905429840088,1.3490725755691528,0
2026-02-23 20:30:00,1.3491089344024658,1.349436640739441,1.3491089344024658,1.349436640739441,0
2026-02-23 20:45:00,1.349199891090393,1.34929096698761,1.348945140838623,1.3490725755691528,0
2026-02-23 21:00:00,1.349254488945007,1.349545955657959,1.3491452932357788,1.3492181301116943,0
2026-02-23 21:15:00,1.3493273258209229,1.349436640739441,1.348981499671936,1.349436640739441,0
2026-02-23 21:30:00,1.349727988243103,1.3500378131866455,1.3493273258209229,1.3493273258209229,0
2026-02-23 21:45:00,1.349199891090393,1.349837303161621,1.349199891090393,1.349800944328308,0
2026-02-23 22:00:00,1.3493273258209229,1.3493638038635254,1.348199486732483,1.3493638038635254,0
2026-02-23 22:15:00,1.349436640739441,1.3495277166366575,1.34916353225708,1.3492181301116943,0
2026-02-23 22:30:00,1.349436640739441,1.349436640739441,1.3491816520690918,1.349254488945007,0
2026-02-23 22:45:00,1.34929096698761,1.3494548797607422,1.3492363691329956,1.3494184017181396,0
2026-02-23 23:00:00,1.3495094776153564,1.349582314491272,1.3493092060089111,1.3493273258209229,0
2026-02-23 23:15:00,1.3493092060089111,1.3496005535125732,1.34929096698761,1.3496005535125732,0
2026-02-23 23:30:00,1.349800944328308,1.3498555421829224,1.349345564842224,1.349345564842224,0
2026-02-23 23:45:00,1.3496551513671875,1.3499467372894287,1.3496551513671875,1.349892020225525,0
2026-02-24 00:00:00,1.3497462272644043,1.3498190641403198,1.349436640739441,1.3496005535125732,0
2026-02-24 00:15:00,1.3493638038635254,1.3499102592468262,1.3493638038635254,1.349800944328308,0
2026-02-24 00:30:00,1.349800944328308,1.3499284982681274,1.349400281906128,1.349436640739441,0
2026-02-24 00:45:00,1.3495277166366575,1.349800944328308,1.3494184017181396,1.349800944328308,0
2026-02-24 01:00:00,1.348690390586853,1.3493638038635254,1.348690390586853,1.3493638038635254,0
2026-02-24 01:15:00,1.3481086492538452,1.3487995862960815,1.3478904962539673,1.3487995862960815,0
2026-02-24 01:30:00,1.3489997386932373,1.3489997386932373,1.3478904962539673,1.3481086492538452,0
2026-02-24 01:45:00,1.3488359451293943,1.349127173423767,1.3488359451293943,1.3489269018173218,0
2026-02-24 02:00:00,1.34916353225708,1.3494548797607422,1.3490725755691528,1.34929096698761,0
2026-02-24 02:15:00,1.349345564842224,1.349345564842224,1.3488178253173828,1.3492181301116943,0
2026-02-24 02:30:00,1.34969162940979,1.3498190641403198,1.3495277166366575,1.349545955657959,0
2026-02-24 02:45:00,1.3498555421829224,1.3498555421829224,1.3496187925338743,1.3496551513671875,0
2026-02-24 03:00:00,1.349892020225525,1.3501107692718506,1.349837303161621,1.3499102592468262,0
2026-02-24 03:15:00,1.3493820428848269,1.349800944328308,1.3493820428848269,1.349800944328308,0
2026-02-24 03:30:00,1.3492363691329956,1.3493638038635254,1.3492181301116943,1.34929096698761,0
2026-02-24 03:45:00,1.3488359451293943,1.3492363691329956,1.3488359451293943,1.3492363691329956,0
2026-02-24 04:00:00,1.348617672920227,1.349017858505249,1.348617672920227,1.3488540649414062,0
2026-02-24 04:15:00,1.3484721183776855,1.3487086296081543,1.3484721183776855,1.348617672920227,0
2026-02-24 04:30:00,1.347981333732605,1.348435878753662,1.347981333732605,1.348435878753662,0
2026-02-24 04:45:00,1.348381280899048,1.348381280899048,1.3480359315872192,1.3480359315872192,0
2026-02-24 05:00:00,1.3484176397323608,1.348508596420288,1.3481813669204712,1.348308563232422,0
2026-02-24 05:15:00,1.3481086492538452,1.348381280899048,1.3480722904205322,1.348381280899048,0
2026-02-24 05:30:00,1.3483266830444336,1.3483266830444336,1.348090410232544,1.348090410232544,0
2026-02-24 05:45:00,1.3488723039627075,1.3488723039627075,1.3482722043991089,1.3483449220657349,0
2026-02-24 06:00:00,1.34890878200531,1.349199891090393,1.34890878200531,1.348945140838623,0
2026-02-24 06:15:00,1.34890878200531,1.349017858505249,1.3487995862960815,1.349017858505249,0
2026-02-24 06:30:00,1.3489997386932373,1.349127173423767,1.3487086296081543,1.3488178253173828,0
2026-02-24 06:45:00,1.3488905429840088,1.3489997386932373,1.3485448360443115,1.348945140838623,0
2026-02-24 07:00:00,1.3475091457366943,1.3487813472747805,1.3475091457366943,1.3487813472747805,0
2026-02-24 07:15:00,1.3479450941085815,1.3479995727539062,1.3474546670913696,1.3478178977966309,0
2026-02-24 07:30:00,1.34816312789917,1.348381280899048,1.3479268550872805,1.3479633331298828,0
2026-02-24 07:45:00,1.3478360176086426,1.3481448888778689,1.3474364280700684,1.3480722904205322,0
2026-02-24 08:00:00,1.3477270603179932,1.3479268550872805,1.347127914428711,1.3479087352752686,0
2026-02-24 08:15:00,1.3488540649414062,1.3488540649414062,1.3474364280700684,1.3476725816726685,0
2026-02-24 08:30:00,1.34890878200531,1.349017858505249,1.3483994007110596,1.349017858505249,0
2026-02-24 08:45:00,1.3487995862960815,1.3490360975265503,1.3485267162322998,1.3488359451293943,0
2026-02-24 09:00:00,1.3492363691329956,1.3494184017181396,1.3485630750656128,1.348599553108215,0
2026-02-24 09:15:00,1.3496187925338743,1.3497644662857056,1.3489997386932373,1.3492181301116943,0
2026-02-24 09:30:00,1.3501107692718506,1.3502565622329712,1.3497462272644043,1.3497462272644043,0
2026-02-24 09:45:00,1.350201964378357,1.350201964378357,1.3497827053070068,1.3500559329986572,0
2026-02-24 10:00:00,1.34969162940979,1.3502929210662842,1.34969162940979,1.3500378131866455,0
2026-02-24 10:15:00,1.3501288890838623,1.3501288890838623,1.3495094776153564,1.34969162940979,0
2026-02-24 10:30:00,1.3499284982681274,1.350530028343201,1.3499284982681274,1.3500378131866455,0
2026-02-24 10:45:00,1.3494912385940552,1.349892020225525,1.349254488945007,1.349892020225525,0
2026-02-24 11:00:00,1.3488178253173828,1.349400281906128,1.348581314086914,1.349400281906128,0
2026-02-24 11:15:00,1.349127173423767,1.3493638038635254,1.34890878200531,1.34890878200531,0
2026-02-24 11:30:00,1.3486722707748413,1.3493273258209229,1.3485267162322998,1.3493273258209229,0
2026-02-24 11:45:00,1.3487086296081543,1.3488723039627075,1.348617672920227,1.3488723039627075,0
2026-02-24 12:00:00,1.3485267162322998,1.3488178253173828,1.348308563232422,1.34865403175354,0
2026-02-24 12:15:00,1.348581314086914,1.34865403175354,1.3482539653778076,1.348617672920227,0
2026-02-24 12:30:00,1.348235845565796,1.3486722707748413,1.348235845565796,1.3484176397323608,0
2026-02-24 12:45:00,1.34890878200531,1.3489633798599243,1.347981333732605,1.3481813669204712,0
2026-02-24 13:00:00,1.3488540649414062,1.349199891090393,1.348599553108215,1.3487449884414673,0
2026-02-24 13:15:00,1.3487449884414673,1.3489997386932373,1.3486357927322388,1.3488359451293943,0
2026-02-24 13:30:00,1.3485448360443115,1.349017858505249,1.3483449220657349,1.34865403175354,0
2026-02-24 13:45:00,1.348726749420166,1.348726749420166,1.3478723764419556,1.348381280899048,0
2026-02-24 14:00:00,1.348054051399231,1.349345564842224,1.348054051399231,1.348581314086914,0
2026-02-24 14:15:00,1.3489269018173218,1.348945140838623,1.3481086492538452,1.3482903242111206,0
2026-02-24 14:30:00,1.3486357927322388,1.3491089344024658,1.3484539985656738,1.34890878200531,0
2026-02-24 14:45:00,1.34929096698761,1.3493273258209229,1.348363161087036,1.348381280899048,0
2026-02-24 15:00:00,1.35023832321167,1.35023832321167,1.3493092060089111,1.349837303161621,0
2026-02-24 15:15:00,1.3509314060211182,1.3509314060211182,1.3498190641403198,1.3503295183181765,0
2026-02-24 15:30:00,1.3515522480010986,1.3519724607467651,1.3508037328720093,1.3508037328720093,0
2026-02-24 15:45:00,1.3514792919158936,1.3523930311203003,1.3514426946640017,1.3515522480010986,0
2026-02-24 16:00:00,1.352685809135437,1.3527040481567385,1.3514243364334106,1.3514243364334106,0
2026-02-24 16:15:00,1.3533997535705566,1.3536561727523804,1.3526124954223633,1.3527954816818235,0
2026-02-24 16:30:00,1.3532531261444092,1.353637933731079,1.352649211883545,1.353637933731079,0
2026-02-24 16:45:00,1.3529969453811646,1.3534730672836304,1.3529053926467896,1.3531982898712158,0
2026-02-24 17:00:00,1.352594256401062,1.353051781654358,1.352594256401062,1.353051781654358,0
2026-02-24 17:15:00,1.3517167568206787,1.3526674509048462,1.3517167568206787,1.3526674509048462,0
2026-02-24 17:30:00,1.351698398590088,1.3518445491790771,1.3515704870224,1.351643681526184,0
2026-02-24 17:45:00,1.351826310157776,1.3519359827041626,1.3515522480010986,1.3517714738845823,0
2026-02-24 18:00:00,1.3512418270111084,1.3518811464309692,1.3512418270111084,1.3518445491790771,0
2026-02-24 18:15:00,1.3518445491790771,1.3518993854522705,1.351387858390808,1.351387858390808,0
2026-02-24 18:30:00,1.3510775566101074,1.3519359827041626,1.3510775566101074,1.3518445491790771,0
2026-02-24 18:45:00,1.350785493850708,1.3511322736740112,1.3507307767868042,1.3510043621063232,0
2026-02-24 19:00:00,1.3508037328720093,1.3508403301239014,1.3506578207015991,1.350785493850708,0
2026-02-24 19:15:00,1.3509132862091064,1.3509132862091064,1.3504753112792969,1.3508219718933103,0
2026-02-24 19:30:00,1.35111403465271,1.3512418270111084,1.3510043621063232,1.3510591983795166,0
2026-02-24 19:45:00,1.35023832321167,1.3509132862091064,1.350183606147766,1.3509132862091064,0
2026-02-24 20:00:00,1.3500195741653442,1.35023832321167,1.349800944328308,1.3502200841903689,0
2026-02-24 20:15:00,1.3501471281051636,1.3502565622329712,1.3498190641403198,1.3499830961227417,0
2026-02-24 20:30:00,1.3507307767868042,1.3509314060211182,1.3500378131866455,1.3500378131866455,0
2026-02-24 20:45:00,1.349892020225525,1.3508403301239014,1.349892020225525,1.350694179534912,0
2026-02-24 21:00:00,1.349436640739441,1.3499284982681274,1.3493273258209229,1.349800944328308,0
2026-02-24 21:15:00,1.3496733903884888,1.3496733903884888,1.3494548797607422,1.3494731187820437,0
2026-02-24 21:30:00,1.3497098684310913,1.3497098684310913,1.3495277166366575,1.3496733903884888,0
2026-02-24 21:45:00,1.348945140838623,1.349727988243103,1.348945140838623,1.3497098684310913,0
2026-02-24 22:00:00,1.3500195741653442,1.3500195741653442,1.3492181301116943,1.3494912385940552,0
2026-02-24 22:15:00,1.3497462272644043,1.350001335144043,1.3497098684310913,1.350001335144043,0
2026-02-24 22:30:00,1.3494548797607422,1.349800944328308,1.3493638038635254,1.349800944328308,0
2026-02-24 22:45:00,1.3495094776153564,1.349727988243103,1.349436640739441,1.3496187925338743,0
2026-02-24 23:00:00,1.349545955657959,1.3496551513671875,1.3493092060089111,1.3493638038635254,0
2026-02-24 23:15:00,1.349800944328308,1.349800944328308,1.3495640754699707,1.349582314491272,0
2026-02-24 23:30:00,1.349800944328308,1.3498737812042236,1.3497644662857056,1.3498555421829224,0
2026-02-24 23:45:00,1.3497098684310913,1.3497827053070068,1.3496551513671875,1.34969162940979,0
2026-02-25 00:00:00,1.3495277166366575,1.3496551513671875,1.349199891090393,1.3496370315551758,0
2026-02-25 00:15:00,1.3496370315551758,1.3498737812042236,1.349436640739441,1.349436640739441,0
2026-02-25 00:30:00,1.3502929210662842,1.350438952445984,1.34969162940979,1.34969162940979,0
2026-02-25 00:45:00,1.3504753112792969,1.3504753112792969,1.349892020225525,1.350201964378357,0
2026-02-25 01:00:00,1.3502748012542725,1.3504570722579956,1.3501653671264648,1.3504570722579956,0
2026-02-25 01:15:00,1.350183606147766,1.350639581680298,1.350183606147766,1.3503295183181765,0
2026-02-25 01:30:00,1.3503295183181765,1.350621223449707,1.350201964378357,1.3503477573394775,0
2026-02-25 01:45:00,1.3503295183181765,1.3504570722579956,1.3501471281051636,1.3504570722579956,0
2026-02-25 02:00:00,1.3510775566101074,1.3510775566101074,1.350311279296875,1.350311279296875,0
2026-02-25 02:15:00,1.3511505126953125,1.3511687517166138,1.3509496450424194,1.3511687517166138,0
2026-02-25 02:30:00,1.3517714738845823,1.3519724607467651,1.3510956764221191,1.351278305053711,0
2026-02-25 02:45:00,1.3518445491790771,1.352155327796936,1.3515340089797974,1.351826310157776,0
2026-02-25 03:00:00,1.3513513803482056,1.3521369695663452,1.3513330221176147,1.351990818977356,0
2026-02-25 03:15:00,1.3509862422943115,1.3513696193695068,1.3509314060211182,1.3510956764221191,0
2026-02-25 03:30:00,1.3515887260437012,1.351643681526184,1.35111403465271,1.3511322736740112,0
2026-02-25 03:45:00,1.3514060974121094,1.351607084274292,1.3512965440750122,1.351387858390808,0
2026-02-25 04:00:00,1.3512600660324097,1.3515522480010986,1.3512600660324097,1.3512965440750122,0
2026-02-25 04:15:00,1.3517714738845823,1.3517714738845823,1.351022720336914,1.3512965440750122,0
2026-02-25 04:30:00,1.351862907409668,1.3518993854522705,1.351643681526184,1.3517532348632812,0
2026-02-25 04:45:00,1.3517714738845823,1.3518993854522705,1.3514426946640017,1.351862907409668,0
2026-02-25 05:00:00,1.3520638942718506,1.3522467613220217,1.3516618013381958,1.3516618013381958,0
2026-02-25 05:15:00,1.3518993854522705,1.3521736860275269,1.3517348766326904,1.352100491523743,0
2026-02-25 05:30:00,1.3524296283721924,1.3525211811065674,1.3518993854522705,1.3519543409347534,0
2026-02-25 05:45:00,1.3522284030914309,1.3525211811065674,1.3521736860275269,1.3525211811065674,0
2026-02-25 06:00:00,1.3522651195526123,1.3522651195526123,1.3519543409347534,1.3522284030914309,0
2026-02-25 06:15:00,1.352594256401062,1.3527222871780396,1.352338194847107,1.3523746728897097,0
2026-02-25 06:30:00,1.3523565530776978,1.352685809135437,1.3523565530776978,1.352630853652954,0
2026-02-25 06:45:00,1.352594256401062,1.352649211883545,1.352191925048828,1.352338194847107,0
2026-02-25 07:00:00,1.3524844646453855,1.352868676185608,1.3524844646453855,1.3527222871780396,0
2026-02-25 07:15:00,1.3522101640701294,1.3523930311203003,1.351826310157776,1.3523930311203003,0
2026-02-25 07:30:00,1.3520638942718506,1.3520638942718506,1.351607084274292,1.3520638942718506,0
2026-02-25 07:45:00,1.3529237508773804,1.3529237508773804,1.3518993854522705,1.3519543409347534,0
2026-02-25 08:00:00,1.3518993854522705,1.3533082008361816,1.3517898321151731,1.3527772426605225,0
2026-02-25 08:15:00,1.3510956764221191,1.352191925048828,1.3510956764221191,1.351917743682861,0
2026-02-25 08:30:00,1.3523015975952148,1.3523930311203003,1.3511505126953125,1.3511505126953125,0
2026-02-25 08:45:00,1.3517532348632812,1.352338194847107,1.3516801595687866,1.3522467613220217,0
2026-02-25 09:00:00,1.351698398590088,1.3519359827041626,1.3514974117279053,1.3515522480010986,0
2026-02-25 09:15:00,1.3513330221176147,1.352191925048828,1.3512235879898071,1.3515340089797974,0
2026-02-25 09:30:00,1.3516253232955933,1.352045655250549,1.351186990737915,1.3514243364334106,0
2026-02-25 09:45:00,1.352045655250549,1.352045655250549,1.3512052297592163,1.3515887260437012,0
2026-02-25 10:00:00,1.3520090579986572,1.3521369695663452,1.351807951927185,1.351807951927185,0
2026-02-25 10:15:00,1.3512052297592163,1.351990818977356,1.3512052297592163,1.351990818977356,0
2026-02-25 10:30:00,1.351515769958496,1.3515522480010986,1.3507307767868042,1.3509314060211182,0
2026-02-25 10:45:00,1.3513696193695068,1.3514426946640017,1.351186990737915,1.3513513803482056,0
2026-02-25 11:00:00,1.350639581680298,1.3512235879898071,1.350621223449707,1.351040959358215,0
2026-02-25 11:15:00,1.3492181301116943,1.350584864616394,1.3491816520690918,1.350584864616394,0
2026-02-25 11:30:00,1.3497098684310913,1.3497827053070068,1.349254488945007,1.349254488945007,0
2026-02-25 11:45:00,1.3503841161727903,1.350511908531189,1.3496005535125732,1.3496187925338743,0
2026-02-25 12:00:00,1.351040959358215,1.351040959358215,1.3504570722579956,1.350530028343201,0
2026-02-25 12:15:00,1.3512600660324097,1.3513696193695068,1.3508219718933103,1.3511505126953125,0
2026-02-25 12:30:00,1.3511687517166138,1.3512600660324097,1.3509496450424194,1.35111403465271,0
2026-02-25 12:45:00,1.352319836616516,1.352338194847107,1.351314902305603,1.351314902305603,0
2026-02-25 13:00:00,1.3529785871505735,1.3529785871505735,1.3521188497543335,1.3523565530776978,0
2026-02-25 13:15:00,1.352594256401062,1.3535096645355225,1.352594256401062,1.3530151844024658,0
2026-02-25 13:30:00,1.3522833585739136,1.3525028228759766,1.3518993854522705,1.3525028228759766,0
2026-02-25 13:45:00,1.3508766889572144,1.3522284030914309,1.3508766889572144,1.3519359827041626,0
2026-02-25 14:00:00,1.3515340089797974,1.351607084274292,1.3507307767868042,1.3508403301239014,0
2026-02-25 14:15:00,1.3517167568206787,1.3520090579986572,1.3510775566101074,1.351515769958496,0
2026-02-25 14:30:00,1.351314902305603,1.3519724607467651,1.351278305053711,1.351826310157776,0
2026-02-25 14:45:00,1.3524296283721924,1.3524662256240845,1.3515887260437012,1.3515887260437012,0
2026-02-25 15:00:00,1.353179931640625,1.353179931640625,1.3518811464309692,1.3521736860275269,0
2026-02-25 15:15:00,1.3527772426605225,1.3534363508224487,1.3527040481567385,1.3531250953674316,0
2026-02-25 15:30:00,1.3525028228759766,1.3530884981155396,1.3523746728897097,1.3527222871780396,0
2026-02-25 15:45:00,1.3533265590667725,1.353363037109375,1.352155327796936,1.3527222871780396,0
2026-02-25 16:00:00,1.3541145324707031,1.3544262647628784,1.3532898426055908,1.3535280227661133,0
2026-02-25 16:15:00,1.3535280227661133,1.3541145324707031,1.3533265590667725,1.353986144065857,0
2026-02-25 16:30:00,1.3543895483016968,1.3545364141464231,1.3538211584091189,1.3539128303527832,0
2026-02-25 16:45:00,1.3549952507019043,1.3551788330078125,1.3542062044143677,1.3542062044143677,0
2026-02-25 17:00:00,1.3561160564422607,1.3561160564422607,1.354958415031433,1.3550318479537964,0
2026-02-25 17:15:00,1.3561345338821411,1.35637366771698,1.356024146080017,1.356024146080017,0
2026-02-25 17:30:00,1.3563183546066284,1.3565024137496948,1.3560056686401367,1.3562631607055664,0
2026-02-25 17:45:00,1.3556196689605713,1.35637366771698,1.3556013107299805,1.3562999963760376,0
2026-02-25 18:00:00,1.3558770418167114,1.35609769821167,1.3555830717086792,1.3555830717086792,0
2026-02-25 18:15:00,1.3553624153137207,1.3559874296188354,1.3553258180618286,1.355821967124939,0
2026-02-25 18:30:00,1.3551788330078125,1.3554911613464355,1.3551236391067505,1.355380892753601,0
2026-02-25 18:45:00,1.355233907699585,1.35534405708313,1.3551421165466309,1.3551421165466309,0
2026-02-25 19:00:00,1.3554543256759644,1.355546236038208,1.3549401760101318,1.3552889823913574,0
2026-02-25 19:15:00,1.3549033403396606,1.355380892753601,1.3548849821090698,1.355380892753601,0
2026-02-25 19:30:00,1.355197191238403,1.3553073406219482,1.354976773262024,1.354976773262024,0
2026-02-25 19:45:00,1.3552889823913574,1.3552889823913574,1.3551052808761597,1.3552706241607666,0
2026-02-25 20:00:00,1.3550870418548584,1.355233907699585,1.3550502061843872,1.3551052808761597,0
2026-02-25 20:15:00,1.3552706241607666,1.3554359674453735,1.3550318479537964,1.3550318479537964,0
2026-02-25 20:30:00,1.3554176092147827,1.3556748628616333,1.3552522659301758,1.3552522659301758,0
2026-02-25 20:45:00,1.3553258180618286,1.3555645942687988,1.3553258180618286,1.3554359674453735,0
2026-02-25 21:00:00,1.3556013107299805,1.355711579322815,1.3553258180618286,1.3554176092147827,0
2026-02-25 21:15:00,1.355399250984192,1.355546236038208,1.355215549468994,1.355546236038208,0
2026-02-25 21:30:00,1.355821967124939,1.3558586835861206,1.3555094003677368,1.3555094003677368,0
2026-02-25 21:45:00,1.356024146080017,1.3560792207717896,1.3558034896850586,1.3559322357177734,0
2026-02-25 22:00:00,1.3556013107299805,1.3559505939483645,1.3555830717086792,1.3557851314544678,0
2026-02-25 22:15:00,1.355399250984192,1.3556748628616333,1.355399250984192,1.3556196689605713,0
2026-02-25 22:30:00,1.3555830717086792,1.3556565046310425,1.3553073406219482,1.3554911613464355,0
2026-02-25 22:45:00,1.3556196689605713,1.3558955192565918,1.3552706241607666,1.3556565046310425,0
2026-02-25 23:00:00,1.355730056762695,1.356024146080017,1.3556748628616333,1.3556748628616333,0
2026-02-25 23:15:00,1.355913758277893,1.3559322357177734,1.3556013107299805,1.355821967124939,0
2026-02-25 23:30:00,1.3558770418167114,1.3558955192565918,1.3556748628616333,1.3558034896850586,0
2026-02-25 23:45:00,1.3558034896850586,1.3559505939483645,1.3556565046310425,1.3556565046310425,0
2026-02-26 00:00:00,1.3554359674453735,1.3558770418167114,1.355399250984192,1.3558770418167114,0
2026-02-26 00:15:00,1.3556565046310425,1.3558955192565918,1.3554359674453735,1.3554359674453735,0
2026-02-26 00:30:00,1.3562264442443848,1.3562264442443848,1.3554359674453735,1.3555645942687988,0
2026-02-26 00:45:00,1.3563368320465088,1.3563368320465088,1.3559322357177734,1.356208086013794,0
2026-02-26 01:00:00,1.3566312789916992,1.3566679954528809,1.3562816381454468,1.3562999963760376,0
2026-02-26 01:15:00,1.3567785024642944,1.3572757244110107,1.3566864728927612,1.3566864728927612,0
2026-02-26 01:30:00,1.3570178747177124,1.3570362329483032,1.3565759658813477,1.356704831123352,0
2026-02-26 01:45:00,1.3572940826416016,1.3573493957519531,1.3571467399597168,1.3571652173995972,0
2026-02-26 02:00:00,1.3571652173995972,1.357441544532776,1.3570362329483032,1.3573862314224243,0
2026-02-26 02:15:00,1.35637366771698,1.3572204113006592,1.35637366771698,1.3572019338607788,0
2026-02-26 02:30:00,1.355766773223877,1.3563183546066284,1.355711579322815,1.3562999963760376,0
2026-02-26 02:45:00,1.3565024137496948,1.3565024137496948,1.3557482957839966,1.3557482957839966,0
2026-02-26 03:00:00,1.3564472198486328,1.3565024137496948,1.35637366771698,1.3564287424087524,0
2026-02-26 03:15:00,1.3562816381454468,1.356594443321228,1.3561712503433228,1.3565207719802856,0
2026-02-26 03:30:00,1.3559874296188354,1.3564472198486328,1.3558586835861206,1.3563368320465088,0
2026-02-26 03:45:00,1.355711579322815,1.355968952178955,1.3556565046310425,1.3559322357177734,0
2026-02-26 04:00:00,1.3553258180618286,1.355730056762695,1.3552706241607666,1.3556196689605713,0
2026-02-26 04:15:00,1.3551788330078125,1.35534405708313,1.3551052808761597,1.3552706241607666,0
2026-02-26 04:30:00,1.3556565046310425,1.3556565046310425,1.3551421165466309,1.3551421165466309,0
2026-02-26 04:45:00,1.3558955192565918,1.3558955192565918,1.3554911613464355,1.3555645942687988,0
2026-02-26 05:00:00,1.3556381464004517,1.3558402061462402,1.3556013107299805,1.3558402061462402,0
2026-02-26 05:15:00,1.3558034896850586,1.3559874296188354,1.3556381464004517,1.3556381464004517,0
2026-02-26 05:30:00,1.3558586835861206,1.3558955192565918,1.3554543256759644,1.3558955192565918,0
2026-02-26 05:45:00,1.3558955192565918,1.3562999963760376,1.3558586835861206,1.3559505939483645,0
2026-02-26 06:00:00,1.35609769821167,1.3562264442443848,1.355693221092224,1.3560792207717896,0
2026-02-26 06:15:00,1.3553624153137207,1.3562264442443848,1.35534405708313,1.3561160564422607,0
2026-02-26 06:30:00,1.356042504310608,1.356042504310608,1.3553258180618286,1.3553258180618286,0
2026-02-26 06:45:00,1.3556013107299805,1.3561712503433228,1.3555830717086792,1.3561160564422607,0
2026-02-26 07:00:00,1.3550870418548584,1.3556196689605713,1.3548483848571775,1.3556196689605713,0
2026-02-26 07:15:00,1.354921817779541,1.3554543256759644,1.3548849821090698,1.3548849821090698,0
2026-02-26 07:30:00,1.3550870418548584,1.3550870418548584,1.3547013998031616,1.3549033403396606,0
2026-02-26 07:45:00,1.3549033403396606,1.3550136089324951,1.3546648025512695,1.3550136089324951,0
2026-02-26 08:00:00,1.3533082008361816,1.3547565937042236,1.353179931640625,1.3547565937042236,0
2026-02-26 08:15:00,1.3526124954223633,1.3535462617874146,1.3524844646453855,1.3532898426055908,0
2026-02-26 08:30:00,1.3524296283721924,1.3531250953674316,1.352100491523743,1.3528138399124146,0
2026-02-26 08:45:00,1.352649211883545,1.352685809135437,1.352319836616516,1.3524296283721924,0
2026-02-26 09:00:00,1.3527406454086304,1.3527772426605225,1.352319836616516,1.3523930311203003,0
2026-02-26 09:15:00,1.3527222871780396,1.3527772426605225,1.351990818977356,1.3525211811065674,0
2026-02-26 09:30:00,1.353179931640625,1.3533813953399658,1.3526124954223633,1.3526124954223633,0
2026-02-26 09:45:00,1.352868676185608,1.3531982898712158,1.3528138399124146,1.352960228919983,0
2026-02-26 10:00:00,1.352685809135437,1.3528321981430054,1.3524844646453855,1.3528321981430054,0
2026-02-26 10:15:00,1.3529785871505735,1.3530884981155396,1.3526124954223633,1.3527954816818235,0
2026-02-26 10:30:00,1.3531982898712158,1.3535096645355225,1.3527954816818235,1.3529785871505735,0
2026-02-26 10:45:00,1.3535828590393066,1.3536012172698977,1.353234887123108,1.353234887123108,0
2026-02-26 11:00:00,1.354169487953186,1.3542795181274414,1.3536012172698977,1.3536012172698977,0
2026-02-26 11:15:00,1.3540961742401123,1.3544446229934692,1.3540778160095217,1.3541145324707031,0
2026-02-26 11:30:00,1.3538211584091189,1.3540961742401123,1.3538211584091189,1.3540961742401123,0
2026-02-26 11:45:00,1.3530884981155396,1.3540412187576294,1.353033423423767,1.3535646200180054,0
2026-02-26 12:00:00,1.3535280227661133,1.3535280227661133,1.352868676185608,1.3529969453811646,0
2026-02-26 12:15:00,1.3539495468139648,1.3541145324707031,1.3537845611572266,1.3537845611572266,0
2026-02-26 12:30:00,1.3540228605270386,1.3541878461837769,1.353747844696045,1.353986144065857,0
2026-02-26 12:45:00,1.3548849821090698,1.3550686836242676,1.353986144065857,1.3540961742401123,0
2026-02-26 13:00:00,1.3551421165466309,1.3554359674453735,1.3546648025512695,1.3548849821090698,0
2026-02-26 13:15:00,1.355197191238403,1.3556381464004517,1.355197191238403,1.3552522659301758,0
2026-02-26 13:30:00,1.3538762331008911,1.3552522659301758,1.3538762331008911,1.3552522659301758,0
2026-02-26 13:45:00,1.353637933731079,1.3543895483016968,1.353637933731079,1.3540045022964478,0
2026-02-26 14:00:00,1.354132890701294,1.3542795181274414,1.3534547090530396,1.3536195755004885,0
2026-02-26 14:15:00,1.3545364141464231,1.3545364141464231,1.3539679050445557,1.354297757148743,0
2026-02-26 14:30:00,1.3550136089324951,1.3550502061843872,1.3543895483016968,1.3543895483016968,0
2026-02-26 14:45:00,1.3545913696289062,1.355233907699585,1.3545913696289062,1.3549952507019043,0
2026-02-26 15:00:00,1.3542428016662598,1.354719877243042,1.3540961742401123,1.3546464443206787,0
2026-02-26 15:15:00,1.3502929210662842,1.353931188583374,1.3502929210662842,1.353931188583374,0
2026-02-26 15:30:00,1.352100491523743,1.352100491523743,1.3498555421829224,1.350621223449707,0
2026-02-26 15:45:00,1.3512235879898071,1.3525211811065674,1.3512052297592163,1.3522467613220217,0
2026-02-26 16:00:00,1.3504570722579956,1.3515522480010986,1.3503477573394775,1.3514792919158936,0
2026-02-26 16:15:00,1.3512965440750122,1.3514060974121094,1.3502929210662842,1.3504936695098877,0
2026-02-26 16:30:00,1.3503658771514893,1.3512600660324097,1.3502200841903689,1.3510775566101074,0
2026-02-26 16:45:00,1.3500378131866455,1.3501288890838623,1.3497827053070068,1.3501288890838623,0
2026-02-26 17:00:00,1.3495277166366575,1.3503841161727903,1.3495094776153564,1.350311279296875,0
2026-02-26 17:15:00,1.3473820686340332,1.3494731187820437,1.3473820686340332,1.3494731187820437,0
2026-02-26 17:30:00,1.346819519996643,1.3472005128860474,1.3467106819152832,1.3471460342407229,0
2026-02-26 17:45:00,1.3450441360473633,1.346819519996643,1.3450441360473633,1.346819519996643,0
2026-02-26 18:00:00,1.3455146551132202,1.3455146551132202,1.344700574874878,1.345152735710144,0
2026-02-26 18:15:00,1.345677614212036,1.345677614212036,1.3450260162353516,1.345406174659729,0
2026-02-26 18:30:00,1.346619963645935,1.346819519996643,1.345062255859375,1.3456052541732788,0
2026-02-26 18:45:00,1.3464748859405518,1.3465473651885986,1.3458950519561768,1.3464205265045166,0
2026-02-26 19:00:00,1.347164273262024,1.3474546670913696,1.3466018438339231,1.3466018438339231,0
2026-02-26 19:15:00,1.3479450941085815,1.3479450941085815,1.3473094701766968,1.3473275899887085,0
2026-02-26 19:30:00,1.3482176065444946,1.3484176397323608,1.3478542566299438,1.3478542566299438,0
2026-02-26 19:45:00,1.3488723039627075,1.3488723039627075,1.3483994007110596,1.3483994007110596,0
2026-02-26 20:00:00,1.3488905429840088,1.3489997386932373,1.348690390586853,1.3487813472747805,0
2026-02-26 20:15:00,1.3488905429840088,1.3488905429840088,1.348690390586853,1.3487086296081543,0
2026-02-26 20:30:00,1.349345564842224,1.349345564842224,1.34890878200531,1.348945140838623,0
2026-02-26 20:45:00,1.349199891090393,1.3493092060089111,1.349017858505249,1.3492181301116943,0
2026-02-26 21:00:00,1.3491452932357788,1.3493273258209229,1.3490543365478516,1.3491816520690918,0
2026-02-26 21:15:00,1.348726749420166,1.3492363691329956,1.3486722707748413,1.3492363691329956,0
2026-02-26 21:30:00,1.3482903242111206,1.3488905429840088,1.3482903242111206,1.3487813472747805,0
2026-02-26 21:45:00,1.3483994007110596,1.348690390586853,1.348126769065857,1.3482903242111206,0
2026-02-26 22:00:00,1.3485630750656128,1.3485630750656128,1.3477634191513062,1.3479633331298828,0
2026-02-26 22:15:00,1.348054051399231,1.34916353225708,1.3477089405059814,1.348690390586853,0
2026-02-26 22:30:00,1.3481448888778689,1.3486722707748413,1.3479995727539062,1.348581314086914,0
2026-02-26 22:45:00,1.348235845565796,1.3482903242111206,1.3479450941085815,1.3481086492538452,0
2026-02-26 23:00:00,1.348508596420288,1.3485448360443115,1.3480722904205322,1.3482176065444946,0
2026-02-26 23:15:00,1.3486357927322388,1.34865403175354,1.3484721183776855,1.3484721183776855,0
2026-02-26 23:30:00,1.34890878200531,1.3489997386932373,1.34865403175354,1.34865403175354,0
2026-02-26 23:45:00,1.3491089344024658,1.349127173423767,1.3487995862960815,1.34890878200531,0
2026-02-27 00:00:00,1.3491089344024658,1.3491816520690918,1.3487995862960815,1.3491816520690918,0
2026-02-27 00:15:00,1.34929096698761,1.3493820428848269,1.3490725755691528,1.3491089344024658,0
2026-02-27 00:30:00,1.34890878200531,1.3493092060089111,1.3485267162322998,1.3493092060089111,0
2026-02-27 00:45:00,1.3487813472747805,1.348981499671936,1.3483994007110596,1.348617672920227,0
2026-02-27 01:00:00,1.3491089344024658,1.3492727279663086,1.3486722707748413,1.3486722707748413,0
2026-02-27 01:15:00,1.3486722707748413,1.349254488945007,1.3484721183776855,1.349127173423767,0
2026-02-27 01:30:00,1.3484903573989868,1.3489269018173218,1.3484721183776855,1.3484721183776855,0
2026-02-27 01:45:00,1.3478542566299438,1.348617672920227,1.3478542566299438,1.3485630750656128,0
2026-02-27 02:00:00,1.3483266830444336,1.348363161087036,1.3477997779846191,1.3477997779846191,0
2026-02-27 02:15:00,1.34816312789917,1.348617672920227,1.34816312789917,1.3483994007110596,0
2026-02-27 02:30:00,1.3482722043991089,1.348599553108215,1.3482722043991089,1.348363161087036,0
2026-02-27 02:45:00,1.3487632274627686,1.3487995862960815,1.3482722043991089,1.348308563232422,0
2026-02-27 03:00:00,1.3488540649414062,1.3490906953811646,1.3488178253173828,1.3488178253173828,0
2026-02-27 03:15:00,1.349582314491272,1.349582314491272,1.3489633798599243,1.3489633798599243,0
2026-02-27 03:30:00,1.3493092060089111,1.349582314491272,1.3491816520690918,1.349582314491272,0
2026-02-27 03:45:00,1.349254488945007,1.349545955657959,1.349254488945007,1.34929096698761,0
2026-02-27 04:00:00,1.3494184017181396,1.349436640739441,1.3491816520690918,1.3491816520690918,0
2026-02-27 04:15:00,1.34969162940979,1.34969162940979,1.349199891090393,1.3494184017181396,0
2026-02-27 04:30:00,1.3499467372894287,1.350092530250549,1.3495094776153564,1.34969162940979,0
2026-02-27 04:45:00,1.349582314491272,1.3499284982681274,1.349582314491272,1.349837303161621,0
2026-02-27 05:00:00,1.3491089344024658,1.3496187925338743,1.3488723039627075,1.3496187925338743,0
2026-02-27 05:15:00,1.34929096698761,1.349400281906128,1.3489633798599243,1.3492181301116943,0
2026-02-27 05:30:00,1.3489633798599243,1.349436640739441,1.3488723039627075,1.3493638038635254,0
2026-02-27 05:45:00,1.3491089344024658,1.3493638038635254,1.348945140838623,1.348945140838623,0
2026-02-27 06:00:00,1.3487995862960815,1.3491816520690918,1.3487086296081543,1.3489269018173218,0
2026-02-27 06:15:00,1.3472005128860474,1.34865403175354,1.346982717514038,1.34865403175354,0
2026-02-27 06:30:00,1.347363829612732,1.347490906715393,1.3468012809753418,1.347182273864746,0
2026-02-27 06:45:00,1.3470553159713743,1.3477089405059814,1.3468376398086548,1.347527265548706,0
2026-02-27 07:00:00,1.3463480472564695,1.346982717514038,1.3463480472564695,1.3468557596206665,0
2026-02-27 07:15:00,1.3478723764419556,1.3478723764419556,1.3463118076324463,1.3463661670684814,0
2026-02-27 07:30:00,1.3479450941085815,1.3479450941085815,1.3472005128860474,1.3479087352752686,0
2026-02-27 07:45:00,1.3488905429840088,1.3495094776153564,1.3482903242111206,1.3482903242111206,0
2026-02-27 08:00:00,1.3499830961227417,1.3507307767868042,1.3488178253173828,1.3488178253173828,0
2026-02-27 08:15:00,1.349582314491272,1.3498737812042236,1.3494184017181396,1.3495277166366575,0
2026-02-27 08:30:00,1.3492727279663086,1.349436640739441,1.3489269018173218,1.3492727279663086,0
2026-02-27 08:45:00,1.3495640754699707,1.3501471281051636,1.349400281906128,1.349436640739441,0
2026-02-27 09:00:00,1.3492727279663086,1.349727988243103,1.3492727279663086,1.3494731187820437,0
2026-02-27 09:15:00,1.3493092060089111,1.3497098684310913,1.3491089344024658,1.3491452932357788,0
2026-02-27 09:30:00,1.348690390586853,1.3493273258209229,1.3484903573989868,1.3491452932357788,0
2026-02-27 09:45:00,1.3483266830444336,1.3489633798599243,1.3483266830444336,1.34865403175354,0
2026-02-27 10:00:00,1.3478904962539673,1.3485630750656128,1.3477634191513062,1.3484721183776855,0
2026-02-27 10:15:00,1.3479268550872805,1.3483449220657349,1.3477997779846191,1.3479268550872805,0
2026-02-27 10:30:00,1.3478360176086426,1.348308563232422,1.3476181030273438,1.348090410232544,0
2026-02-27 10:45:00,1.347490906715393,1.347981333732605,1.3473457098007202,1.347981333732605,0
2026-02-27 11:00:00,1.3477451801300049,1.3477451801300049,1.3469102382659912,1.347636342048645,0
2026-02-27 11:15:00,1.3478178977966309,1.3478178977966309,1.3470009565353394,1.3475091457366943,0
2026-02-27 11:30:00,1.3477270603179932,1.3481448888778689,1.3477270603179932,1.3479450941085815,0
2026-02-27 11:45:00,1.346619963645935,1.3477270603179932,1.346619963645935,1.3477270603179932,0
2026-02-27 12:00:00,1.347545504570007,1.3478178977966309,1.346692442893982,1.346692442893982,0
2026-02-27 12:15:00,1.3473820686340332,1.3478178977966309,1.347218632698059,1.3474183082580566,0
2026-02-27 12:30:00,1.3473094701766968,1.3478360176086426,1.3473094701766968,1.3475998640060425,0
2026-02-27 12:45:00,1.347091555595398,1.3471097946166992,1.346692442893982,1.3469645977020264,0
2026-02-27 13:00:00,1.3472912311553955,1.3472912311553955,1.3463661670684814,1.3471097946166992,0
2026-02-27 13:15:00,1.3459675312042236,1.3473094701766968,1.3459675312042236,1.3470735549926758,0
2026-02-27 13:30:00,1.3446282148361206,1.3459675312042236,1.3442305326461792,1.344881296157837,0
2026-02-27 13:45:00,1.3446102142333984,1.345152735710144,1.344212532043457,1.3450984954833984,0
2026-02-27 14:00:00,1.3453880548477173,1.345913052558899,1.3443028926849363,1.3445558547973633,0
2026-02-27 14:15:00,1.3467106819152832,1.3467106819152832,1.345496654510498,1.345569133758545,0
2026-02-27 14:30:00,1.3470735549926758,1.347490906715393,1.346166729927063,1.3463661670684814,0
2026-02-27 14:45:00,1.3450080156326294,1.3470009565353394,1.3450080156326294,1.3469645977020264,0
2026-02-27 15:00:00,1.3457682132720947,1.3461124897003174,1.3448090553283691,1.3450803756713867,0
2026-02-27 15:15:00,1.3459675312042236,1.3459675312042236,1.344971776008606,1.3456052541732788,0
2026-02-27 15:30:00,1.346982717514038,1.347218632698059,1.3458950519561768,1.3458950519561768,0
2026-02-27 15:45:00,1.3445558547973633,1.346982717514038,1.3445558547973633,1.346982717514038,0
2026-02-27 16:00:00,1.345152735710144,1.3452069759368896,1.3444112539291382,1.34442937374115,0
2026-02-27 16:15:00,1.3460218906402588,1.346329927444458,1.345532774925232,1.345532774925232,0
2026-02-27 16:30:00,1.3456052541732788,1.3467469215393066,1.3456052541732788,1.346094250679016,0
2026-02-27 16:45:00,1.3456052541732788,1.3457682132720947,1.345243215560913,1.3453880548477173,0
2026-02-27 17:00:00,1.3452250957489014,1.345858812332153,1.3448090553283691,1.345569133758545,0
2026-02-27 17:15:00,1.3458950519561768,1.3459312915802002,1.3453155755996704,1.3453518152236938,0
2026-02-27 17:30:00,1.3465112447738647,1.346819519996643,1.345858812332153,1.3461124897003174,0
2026-02-27 17:45:00,1.346203088760376,1.3464930057525637,1.34582257270813,1.3464930057525637,0
2026-02-27 18:00:00,1.346293568611145,1.3465473651885986,1.346094250679016,1.346094250679016,0
2026-02-27 18:15:00,1.346619963645935,1.3467106819152832,1.346329927444458,1.346329927444458,0
2026-02-27 18:30:00,1.347127914428711,1.3471460342407229,1.34678316116333,1.34678316116333,0
2026-02-27 18:45:00,1.3472548723220823,1.3472731113433838,1.346819519996643,1.3470189571380615,0
2026-02-27 19:00:00,1.347400188446045,1.3474546670913696,1.3472005128860474,1.3473275899887085,0
2026-02-27 19:15:00,1.3480722904205322,1.348090410232544,1.3472005128860474,1.347218632698059,0
2026-02-27 19:30:00,1.3479450941085815,1.3483449220657349,1.3478723764419556,1.348126769065857,0
2026-02-27 19:45:00,1.348054051399231,1.348235845565796,1.3479995727539062,1.3480359315872192,0
2026-02-27 20:00:00,1.3484721183776855,1.348617672920227,1.3481448888778689,1.3481448888778689,0
2026-02-27 20:15:00,1.34890878200531,1.349017858505249,1.3484903573989868,1.348508596420288,0
2026-02-27 20:30:00,1.3488540649414062,1.3490906953811646,1.348726749420166,1.3488905429840088,0
2026-02-27 20:45:00,1.3478542566299438,1.3489269018173218,1.3478542566299438,1.3489269018173218,0
2026-02-27 21:00:00,1.347527265548706,1.347781538963318,1.347527265548706,1.347781538963318,0
2026-02-27 21:15:00,1.3476725816726685,1.3478360176086426,1.347472906112671,1.347472906112671,0
2026-02-27 21:30:00,1.3473275899887085,1.3479268550872805,1.3473275899887085,1.3476181030273438,0
2026-02-27 21:45:00,1.348381280899048,1.348381280899048,1.347164273262024,1.3473457098007202,0
2026-02-27 22:00:00,1.3483266830444336,1.3483266830444336,1.3483266830444336,1.3483266830444336,0
2026-02-27 22:15:00,1.3483266830444336,1.3483266830444336,1.3483266830444336,1.3483266830444336,0
2026-03-02 00:00:00,1.3410578966140747,1.3412556648254397,1.3403208255767822,1.340572476387024,0
2026-03-02 00:15:00,1.341705560684204,1.342209815979004,1.3414175510406494,1.3414175510406494,0
2026-03-02 00:30:00,1.34217369556427,1.34217369556427,1.341471552848816,1.3418315649032593,0
2026-03-02 00:45:00,1.3430570363998413,1.3430570363998413,1.3419575691223145,1.3425341844558716,0
2026-03-02 01:00:00,1.3451708555221558,1.3451708555221558,1.3430029153823853,1.3432555198669434,0
2026-03-02 01:15:00,1.3437608480453491,1.3448271751403809,1.3431472778320312,1.3447366952896118,0
2026-03-02 01:30:00,1.3448090553283691,1.345279335975647,1.343977689743042,1.343977689743042,0
2026-03-02 01:45:00,1.3450260162353516,1.345152735710144,1.3447366952896118,1.3448632955551147,0
2026-03-02 02:00:00,1.344212532043457,1.3450260162353516,1.344085931777954,1.3450260162353516,0
2026-03-02 02:15:00,1.3442305326461792,1.3443208932876587,1.3439414501190186,1.344248652458191,0
2026-03-02 02:30:00,1.3445558547973633,1.3446643352508545,1.344031810760498,1.3443390130996704,0
2026-03-02 02:45:00,1.3445920944213867,1.3446643352508545,1.3442847728729248,1.3445197343826294,0
2026-03-02 03:00:00,1.344573974609375,1.3452612161636353,1.3445197343826294,1.3445378541946411,0
2026-03-02 03:15:00,1.345587134361267,1.345587134361267,1.344573974609375,1.344573974609375,0
2026-03-02 03:30:00,1.3451346158981323,1.3454785346984863,1.344700574874878,1.3454785346984863,0
2026-03-02 03:45:00,1.3448090553283691,1.3452069759368896,1.3448090553283691,1.3452069759368896,0
2026-03-02 04:00:00,1.3448271751403809,1.3451346158981323,1.3445920944213867,1.3449175357818604,0
2026-03-02 04:15:00,1.3443751335144043,1.3448090553283691,1.3441221714019775,1.3447366952896118,0
2026-03-02 04:30:00,1.3439956903457642,1.3446102142333984,1.3439234495162964,1.3444474935531616,0
2026-03-02 04:45:00,1.343833088874817,1.343977689743042,1.3436344861984253,1.343977689743042,0
2026-03-02 05:00:00,1.3428045511245728,1.3437789678573608,1.3428045511245728,1.3437789678573608,0
2026-03-02 05:15:00,1.342209815979004,1.3429667949676514,1.342209815979004,1.3427144289016724,0
2026-03-02 05:30:00,1.342426061630249,1.3428586721420288,1.342426061630249,1.3425341844558716,0
2026-03-02 05:45:00,1.341597557067871,1.3422818183898926,1.341597557067871,1.3421918153762815,0
2026-03-02 06:00:00,1.3406982421875,1.341525673866272,1.340572476387024,1.341525673866272,0
2026-03-02 06:15:00,1.3385626077651978,1.3403927087783811,1.3385626077651978,1.340105414390564,0
2026-03-02 06:30:00,1.3379536867141724,1.3390108346939087,1.3377211093902588,1.3389211893081665,0
2026-03-02 06:45:00,1.338186502456665,1.3385089635849,1.337828516960144,1.3380074501037598,0
2026-03-02 07:00:00,1.3370413780212402,1.3384193181991575,1.336594581604004,1.3380074501037598,0
2026-03-02 07:15:00,1.336112380027771,1.336523175239563,1.3354700803756714,1.3365052938461304,0
2026-03-02 07:30:00,1.3368805646896362,1.3372738361358645,1.33604097366333,1.33604097366333,0
2026-03-02 07:45:00,1.336094617843628,1.3367375135421753,1.3347926139831543,1.3367375135421753,0
2026-03-02 08:00:00,1.3352917432785034,1.336916208267212,1.335006594657898,1.336362361907959,0
2026-03-02 08:15:00,1.3329778909683228,1.3350956439971924,1.3329778909683228,1.3350956439971924,0
2026-03-02 08:30:00,1.3337956666946411,1.3337956666946411,1.331788420677185,1.3327646255493164,0
2026-03-02 08:45:00,1.335077881813049,1.335577130317688,1.3339558839797974,1.3339558839797974,0
2026-03-02 09:00:00,1.3366303443908691,1.3366303443908691,1.3347926139831543,1.334935188293457,0
2026-03-02 09:15:00,1.3369520902633667,1.337882161140442,1.3364875316619873,1.336683988571167,0
2026-03-02 09:30:00,1.3372738361358645,1.3379179239273071,1.3366124629974363,1.3366124629974363,0
2026-03-02 09:45:00,1.3371844291687012,1.337327480316162,1.3366482257843018,1.3373095989227295,0
2026-03-02 10:00:00,1.338114857673645,1.3385089635849,1.337524175643921,1.337524175643921,0
2026-03-02 10:15:00,1.3394231796264648,1.3396027088165283,1.337828516960144,1.337828516960144,0
2026-03-02 10:30:00,1.339925765991211,1.339925765991211,1.33931565284729,1.3394770622253418,0
2026-03-02 10:45:00,1.3404645919799805,1.3408061265945437,1.3394770622253418,1.3406083583831787,0
2026-03-02 11:00:00,1.3403029441833496,1.3407162427902222,1.339925765991211,1.3404107093811035,0
2026-03-02 11:15:00,1.3404107093811035,1.3414175510406494,1.340105414390564,1.3403747081756592,0
2026-03-02 11:30:00,1.341525673866272,1.341525673866272,1.3403388261795044,1.3403388261795044,0
2026-03-02 11:45:00,1.341219782829285,1.342480182647705,1.341219782829285,1.3413995504379272,0
2026-03-02 12:00:00,1.340356707572937,1.341795563697815,1.340356707572937,1.3410218954086304,0
2026-03-02 12:15:00,1.3405364751815796,1.3408960103988647,1.3402130603790283,1.3406263589859009,0
2026-03-02 12:30:00,1.3411476612091064,1.341489553451538,1.3406802415847778,1.3407701253890991,0
2026-03-02 12:45:00,1.3397821187973022,1.3405544757843018,1.3392797708511353,1.3405544757843018,0
2026-03-02 13:00:00,1.339064598083496,1.3398540019989014,1.3385089635849,1.339674472808838,0
2026-03-02 13:15:00,1.3401771783828735,1.3402849435806274,1.3392258882522583,1.3392258882522583,0
2026-03-02 13:30:00,1.3389569520950315,1.3403927087783811,1.3389569520950315,1.3403927087783811,0
2026-03-02 13:45:00,1.3382223844528198,1.339818000793457,1.3379895687103271,1.3389031887054443,0
2026-03-02 14:00:00,1.3398540019989014,1.3403747081756592,1.3376137018203735,1.3380789756774902,0
2026-03-02 14:15:00,1.3389211893081665,1.3401232957839966,1.338741898536682,1.3398540019989014,0
2026-03-02 14:30:00,1.3411297798156738,1.3411297798156738,1.3390285968780518,1.3390285968780518,0
2026-03-02 14:45:00,1.341381549835205,1.3422638177871704,1.3410218954086304,1.341327667236328,0
2026-03-02 15:00:00,1.3407162427902222,1.3410398960113523,1.3406263589859009,1.3406802415847778,0
2026-03-02 15:15:00,1.3392258882522583,1.3404465913772583,1.3392258882522583,1.3404465913772583,0
2026-03-02 15:30:00,1.33858060836792,1.3394052982330322,1.3377747535705566,1.3394052982330322,0
2026-03-02 15:45:00,1.3372201919555664,1.3381328582763672,1.3367197513580322,1.3381328582763672,0
2026-03-02 16:00:00,1.3367197513580322,1.3372559547424316,1.3367197513580322,1.337148666381836,0
2026-03-02 16:15:00,1.337095022201538,1.3372201919555664,1.336023211479187,1.3368626832962036,0
2026-03-02 16:30:00,1.3380969762802124,1.3381506204605105,1.336523175239563,1.3370592594146729,0
2026-03-02 16:45:00,1.339297652244568,1.339297652244568,1.338186502456665,1.338240146636963,0
2026-03-02 17:00:00,1.3404645919799805,1.3404645919799805,1.3389569520950315,1.339046597480774,0
2026-03-02 17:15:00,1.3408780097961426,1.3412916660308838,1.3405903577804563,1.3407162427902222,0
2026-03-02 17:30:00,1.3404287099838257,1.3412017822265625,1.3401951789855957,1.3408960103988647,0
2026-03-02 17:45:00,1.3418315649032593,1.3418315649032593,1.3402670621871948,1.3404825925827026,0
2026-03-02 18:00:00,1.341219782829285,1.3415075540542605,1.3405544757843018,1.3415075540542605,0
2026-03-02 18:15:00,1.3401951789855957,1.3409318923950195,1.339925765991211,1.3409138917922974,0
2026-03-02 18:30:00,1.3397282361984253,1.3401591777801514,1.3395488262176514,1.3400694131851196,0
2026-03-02 18:45:00,1.3406263589859009,1.3407342433929443,1.339638590812683,1.3396564722061155,0
2026-03-02 19:00:00,1.341795563697815,1.341813564300537,1.3405903577804563,1.3405903577804563,0
2026-03-02 19:15:00,1.342227816581726,1.342227816581726,1.341705560684204,1.3419216871261597,0
2026-03-02 19:30:00,1.3427324295043943,1.3428045511245728,1.3422818183898926,1.3423359394073486,0
2026-03-02 19:45:00,1.3428946733474731,1.3431472778320312,1.3426603078842163,1.3427144289016724,0
2026-03-02 20:00:00,1.339441180229187,1.3430029153823853,1.339441180229187,1.342930793762207,0
2026-03-02 20:15:00,1.3394052982330322,1.3403388261795044,1.33879554271698,1.33879554271698,0
2026-03-02 20:30:00,1.3399616479873655,1.3402130603790283,1.3392080068588257,1.33931565284729,0
2026-03-02 20:45:00,1.3403208255767822,1.3403388261795044,1.33969247341156,1.3401591777801514,0
2026-03-02 21:00:00,1.3407162427902222,1.3410038948059082,1.3402310609817505,1.3402310609817505,0
2026-03-02 21:15:00,1.3407162427902222,1.3410398960113523,1.3405903577804563,1.3408241271972656,0
2026-03-02 21:30:00,1.3404287099838257,1.3407162427902222,1.3403927087783811,1.3406623601913452,0
2026-03-02 21:45:00,1.340572476387024,1.340644359588623,1.3403388261795044,1.3403927087783811,0
2026-03-02 22:00:00,1.3403747081756592,1.3406623601913452,1.3399616479873655,1.3406623601913452,0
2026-03-02 22:15:00,1.3402490615844729,1.3405544757843018,1.3400694131851196,1.3403927087783811,0
2026-03-02 22:30:00,1.3403029441833496,1.3404465913772583,1.3402130603790283,1.3402490615844729,0
2026-03-02 22:45:00,1.3403208255767822,1.3404825925827026,1.3401591777801514,1.3403927087783811,0
2026-03-02 23:00:00,1.3408600091934204,1.3409138917922974,1.3403927087783811,1.3403927087783811,0
2026-03-02 23:15:00,1.3411117792129517,1.3411297798156738,1.3408780097961426,1.3408780097961426,0
2026-03-02 23:30:00,1.3411297798156738,1.3411297798156738,1.340967893600464,1.3410038948059082,0
2026-03-02 23:45:00,1.3410038948059082,1.3412017822265625,1.3408600091934204,1.3411117792129517,0
2026-03-03 00:00:00,1.3402490615844729,1.3408061265945437,1.3402490615844729,1.3408061265945437,0
2026-03-03 00:15:00,1.340356707572937,1.340356707572937,1.340105414390564,1.3401951789855957,0
2026-03-03 00:30:00,1.3402310609817505,1.3403927087783811,1.3398897647857666,1.3403927087783811,0
2026-03-03 00:45:00,1.3411656618118286,1.3411656618118286,1.340356707572937,1.340356707572937,0
2026-03-03 01:00:00,1.3410578966140747,1.341219782829285,1.3407342433929443,1.341219782829285,0
2026-03-03 01:15:00,1.3421558141708374,1.3425161838531494,1.340985894203186,1.340985894203186,0
2026-03-03 01:30:00,1.3415075540542605,1.3421558141708374,1.3415075540542605,1.3419395685195925,0
2026-03-03 01:45:00,1.3410038948059082,1.3417235612869265,1.3410038948059082,1.3416156768798828,0
2026-03-03 02:00:00,1.3398360013961792,1.3408241271972656,1.3398001194000244,1.3408241271972656,0
2026-03-03 02:15:00,1.3404465913772583,1.3404465913772583,1.339441180229187,1.3399975299835205,0
2026-03-03 02:30:00,1.3408061265945437,1.3412017822265625,1.3402130603790283,1.3403747081756592,0
2026-03-03 02:45:00,1.3405184745788574,1.3409498929977417,1.3405184745788574,1.3406802415847778,0
2026-03-03 03:00:00,1.3402849435806274,1.3410398960113523,1.340105414390564,1.3406802415847778,0
2026-03-03 03:15:00,1.339674472808838,1.3405184745788574,1.339674472808838,1.3402130603790283,0
2026-03-03 03:30:00,1.3404287099838257,1.3404287099838257,1.339620590209961,1.339620590209961,0
2026-03-03 03:45:00,1.3400335311889648,1.3406083583831787,1.339979648590088,1.3405005931854248,0
2026-03-03 04:00:00,1.339638590812683,1.3402849435806274,1.3394770622253418,1.3399975299835205,0
2026-03-03 04:15:00,1.3399077653884888,1.3401232957839966,1.3394591808319092,1.3396027088165283,0
2026-03-03 04:30:00,1.339136242866516,1.3398540019989014,1.339136242866516,1.339710354804993,0
2026-03-03 04:45:00,1.338311791419983,1.3391183614730835,1.338311791419983,1.3391183614730835,0
2026-03-03 05:00:00,1.338240146636963,1.3388673067092896,1.338240146636963,1.338401436805725,0
2026-03-03 05:15:00,1.3384552001953125,1.3385268449783323,1.3382043838500977,1.338311791419983,0
2026-03-03 05:30:00,1.3368090391159058,1.3385268449783323,1.336523175239563,1.3385268449783323,0
2026-03-03 05:45:00,1.3364516496658323,1.3369340896606443,1.3362016677856443,1.3369340896606443,0
2026-03-03 06:00:00,1.3356306552886963,1.3364337682724,1.3355236053466797,1.3364337682724,0
2026-03-03 06:15:00,1.3363981246948242,1.3365589380264282,1.335559368133545,1.335594892501831,0
2026-03-03 06:30:00,1.3363802433013916,1.3363802433013916,1.3356484174728394,1.3362374305725098,0
2026-03-03 06:45:00,1.3363444805145264,1.3363444805145264,1.3354344367980957,1.335951805114746,0
2026-03-03 07:00:00,1.3353630304336548,1.336112380027771,1.334988713264465,1.336112380027771,0
2026-03-03 07:15:00,1.3344542980194092,1.335666298866272,1.3344542980194092,1.33539879322052,0
2026-03-03 07:30:00,1.3339380025863647,1.3344542980194092,1.3336178064346311,1.3344542980194092,0
2026-03-03 07:45:00,1.3336355686187744,1.3347926139831543,1.3336178064346311,1.334294080734253,0
2026-03-03 08:00:00,1.331788420677185,1.3334577083587646,1.3316465616226196,1.3334577083587646,0
2026-03-03 08:15:00,1.3315757513046265,1.332338571548462,1.331309795379639,1.331611156463623,0
2026-03-03 08:30:00,1.3309022188186646,1.3318772315979004,1.330725073814392,1.3312920331954956,0
2026-03-03 08:45:00,1.3301587104797363,1.3312920331954956,1.3300879001617432,1.3310085535049438,0
2026-03-03 09:00:00,1.3309553861618042,1.3315402269363403,1.330477237701416,1.330477237701416,0
2026-03-03 09:15:00,1.3296281099319458,1.3309907913208008,1.329186201095581,1.3309907913208008,0
2026-03-03 09:30:00,1.3286564350128174,1.3297696113586426,1.3286564350128174,1.3297696113586426,0
2026-03-03 09:45:00,1.3299640417099,1.3299640417099,1.328321099281311,1.328674077987671,0
2026-03-03 10:00:00,1.330034852027893,1.3309730291366575,1.3298580646514893,1.3299109935760498,0
2026-03-03 10:15:00,1.3301939964294434,1.3306012153625488,1.3294159173965454,1.3296104669570925,0
2026-03-03 10:30:00,1.3293629884719849,1.3304240703582764,1.329168677330017,1.3304240703582764,0
2026-03-03 10:45:00,1.328585863113403,1.330034852027893,1.3285505771636963,1.329734206199646,0
2026-03-03 11:00:00,1.327703833580017,1.3289566040039062,1.327703833580017,1.328585863113403,0
2026-03-03 11:15:00,1.327175259590149,1.3279330730438232,1.326453447341919,1.3273338079452517,0
2026-03-03 11:30:00,1.328585863113403,1.328638792037964,1.3271929025650024,1.327316164970398,0
2026-03-03 11:45:00,1.3293806314468384,1.3298933506011963,1.328638792037964,1.328638792037964,0
2026-03-03 12:00:00,1.331238865852356,1.331238865852356,1.3289036750793457,1.329203963279724,0
2026-03-03 12:15:00,1.332178831100464,1.3325515985488892,1.3305304050445557,1.3307960033416748,0
2026-03-03 12:30:00,1.331948161125183,1.3320722579956057,1.331309795379639,1.3313452005386353,0
2026-03-03 12:45:00,1.3325693607330322,1.332746982574463,1.331398367881775,1.3319659233093262,0
2026-03-03 13:00:00,1.33159339427948,1.3325159549713137,1.3310438394546509,1.3322497606277466,0
2026-03-03 13:15:00,1.3309730291366575,1.3315579891204834,1.3309730291366575,1.3311147689819336,0
2026-03-03 13:30:00,1.3301764726638794,1.3310085535049438,1.3301233053207395,1.3309907913208008,0
2026-03-03 13:45:00,1.3301587104797363,1.330725073814392,1.3298580646514893,1.3302648067474363,0
2026-03-03 14:00:00,1.3300702571868896,1.3308314085006714,1.3300702571868896,1.330300211906433,0
2026-03-03 14:15:00,1.3302648067474363,1.3311325311660769,1.3295220136642456,1.3301764726638794,0
2026-03-03 14:30:00,1.3286211490631104,1.3307074308395386,1.3286211490631104,1.3300702571868896,0
2026-03-03 14:45:00,1.328674077987671,1.3295750617980957,1.328585863113403,1.328762412071228,0
2026-03-03 15:00:00,1.326946258544922,1.32902729511261,1.326946258544922,1.3288153409957886,0
2026-03-03 15:15:00,1.3272985219955444,1.327351450920105,1.325398564338684,1.327087163925171,0
2026-03-03 15:30:00,1.3293983936309814,1.3304595947265625,1.3269286155700684,1.3269286155700684,0
2026-03-03 15:45:00,1.3300879001617432,1.330105543136597,1.3291332721710205,1.3298048973083496,0
2026-03-03 16:00:00,1.3309022188186646,1.3311856985092163,1.3299463987350464,1.3302648067474363,0
2026-03-03 16:15:00,1.331026315689087,1.331806182861328,1.3308314085006714,1.3311856985092163,0
2026-03-03 16:30:00,1.331487059593201,1.331788420677185,1.3304948806762695,1.3309907913208008,0
2026-03-03 16:45:00,1.3331022262573242,1.3331022262573242,1.3322851657867432,1.3322851657867432,0
2026-03-03 17:00:00,1.3312742710113523,1.33249831199646,1.3312033414840698,1.33249831199646,0
2026-03-03 17:15:00,1.3318772315979004,1.3320013284683228,1.3313452005386353,1.3313452005386353,0
2026-03-03 17:30:00,1.33193039894104,1.332125544548035,1.3310438394546509,1.332125544548035,0
2026-03-03 17:45:00,1.3325693607330322,1.333653450012207,1.3322675228118896,1.33249831199646,0
2026-03-03 18:00:00,1.3334044218063354,1.3339024782180786,1.3324273824691772,1.3324273824691772,0
2026-03-03 18:15:00,1.3343474864959717,1.3343652486801147,1.3333154916763306,1.3336000442504885,0
2026-03-03 18:30:00,1.335327386856079,1.3361302614212036,1.3341516256332395,1.3341516256332395,0
2026-03-03 18:45:00,1.335327386856079,1.3360588550567627,1.335220456123352,1.3355414867401123,0
2026-03-03 19:00:00,1.3347926139831543,1.3354878425598145,1.3344542980194092,1.335416555404663,0
2026-03-03 19:15:00,1.3342050313949585,1.3348461389541626,1.334187150001526,1.3348461389541626,0
2026-03-03 19:30:00,1.3358268737792969,1.3366659879684448,1.3335822820663452,1.3339024782180786,0
2026-03-03 19:45:00,1.3358447551727295,1.3365052938461304,1.3356127738952637,1.3365052938461304,0
2026-03-03 20:00:00,1.336683988571167,1.336683988571167,1.3357020616531372,1.3357020616531372,0
2026-03-03 20:15:00,1.3368983268737793,1.3369877338409424,1.3360053300857544,1.336523175239563,0
2026-03-03 20:30:00,1.3364160060882568,1.3368805646896362,1.3362195491790771,1.3368805646896362,0
2026-03-03 20:45:00,1.3362195491790771,1.3365589380264282,1.3358089923858645,1.3365589380264282,0
2026-03-03 21:00:00,1.3362553119659424,1.3366124629974363,1.3361302614212036,1.3362195491790771,0
2026-03-03 21:15:00,1.336308836936951,1.3363267183303833,1.336094617843628,1.3361302614212036,0
2026-03-03 21:30:00,1.3358982801437378,1.336362361907959,1.3358982801437378,1.3362730741500854,0
2026-03-03 21:45:00,1.3357375860214231,1.336076736450195,1.3356841802597046,1.336023211479187,0
2026-03-03 22:00:00,1.335755467414856,1.336308836936951,1.335505723953247,1.335505723953247,0
2026-03-03 22:15:00,1.335220456123352,1.335594892501831,1.334899663925171,1.335594892501831,0
2026-03-03 22:30:00,1.3355236053466797,1.3359874486923218,1.335006594657898,1.33539879322052,0
2026-03-03 22:45:00,1.335309624671936,1.336094617843628,1.3352917432785034,1.335594892501831,0
2026-03-03 23:00:00,1.3361660242080688,1.3361839056015017,1.3351670503616333,1.3351670503616333,0
2026-03-03 23:15:00,1.3358447551727295,1.3363802433013916,1.3357912302017212,1.3362553119659424,0
2026-03-03 23:30:00,1.3356841802597046,1.3359161615371704,1.335505723953247,1.3358982801437378,0
2026-03-03 23:45:00,1.3352917432785034,1.335559368133545,1.334899663925171,1.335559368133545,0
2026-03-04 00:00:00,1.334436535835266,1.335149168968201,1.3341516256332395,1.335149168968201,0
2026-03-04 00:15:00,1.333777904510498,1.334561109542847,1.333777904510498,1.334115982055664,0
2026-03-04 00:30:00,1.3329601287841797,1.3341693878173828,1.3329601287841797,1.3341693878173828,0
2026-03-04 00:45:00,1.333048939704895,1.3332622051239014,1.3328534364700315,1.3328713178634644,0
2026-03-04 01:00:00,1.3324273824691772,1.3335466384887695,1.3323030471801758,1.3330134153366089,0
2026-03-04 01:15:00,1.3309376239776611,1.3323739767074585,1.3306188583374023,1.3323739767074585,0
2026-03-04 01:30:00,1.3324627876281738,1.3324627876281738,1.3304064273834229,1.3309199810028076,0
2026-03-04 01:45:00,1.3326047658920288,1.3327114582061768,1.332125544548035,1.3326047658920288,0
2026-03-04 02:00:00,1.3329956531524658,1.333368897438049,1.3323917388916016,1.3326226472854614,0
2026-03-04 02:15:00,1.3332977294921875,1.3335111141204834,1.3327823877334597,1.3329778909683228,0
2026-03-04 02:30:00,1.333866834640503,1.333866834640503,1.332800269126892,1.3332089185714722,0
2026-03-04 02:45:00,1.3331378698349,1.3340091705322266,1.3329956531524658,1.3337956666946411,0
2026-03-04 03:00:00,1.3331201076507568,1.3331201076507568,1.3325871229171753,1.3329956531524658,0
2026-03-04 03:15:00,1.3329778909683228,1.3333333730697632,1.3328180313110352,1.333031177520752,0
2026-03-04 03:30:00,1.3327292203903198,1.3329956531524658,1.3324273824691772,1.332693576812744,0
2026-03-04 03:45:00,1.3339202404022217,1.3339736461639404,1.3327292203903198,1.3327292203903198,0
2026-03-04 04:00:00,1.3339736461639404,1.3341516256332395,1.3337956666946411,1.3340270519256592,0
2026-03-04 04:15:00,1.3332089185714722,1.334133863449097,1.3332089185714722,1.334133863449097,0
2026-03-04 04:30:00,1.3321610689163208,1.3331378698349,1.3320013284683228,1.3331378698349,0
2026-03-04 04:45:00,1.3315224647521973,1.3322142362594604,1.3314515352249146,1.3322142362594604,0
2026-03-04 05:00:00,1.3321610689163208,1.332338571548462,1.331221103668213,1.331221103668213,0
2026-03-04 05:15:00,1.33159339427948,1.3324273824691772,1.3315224647521973,1.332125544548035,0
2026-03-04 05:30:00,1.331611156463623,1.3318239450454712,1.3312033414840698,1.331628918647766,0
2026-03-04 05:45:00,1.3318239450454712,1.3320722579956057,1.3312742710113523,1.331416130065918,0
2026-03-04 06:00:00,1.331416130065918,1.3316820859909058,1.3307074308395386,1.3316643238067627,0
2026-03-04 06:15:00,1.3323917388916016,1.3323917388916016,1.3313274383544922,1.3313274383544922,0
2026-03-04 06:30:00,1.3339736461639404,1.334115982055664,1.3322675228118896,1.3322675228118896,0
2026-03-04 06:45:00,1.3333866596221924,1.3338847160339355,1.3333154916763306,1.3338847160339355,0
2026-03-04 07:00:00,1.3337067365646362,1.3341516256332395,1.3334577083587646,1.3335288763046265,0
2026-03-04 07:15:00,1.3357198238372805,1.3357198238372805,1.333653450012207,1.333653450012207,0
2026-03-04 07:30:00,1.3369877338409424,1.337327480316162,1.3357198238372805,1.3357198238372805,0
2026-03-04 07:45:00,1.3361660242080688,1.3370592594146729,1.3361660242080688,1.3368626832962036,0
2026-03-04 08:00:00,1.3353809118270874,1.3362195491790771,1.335309624671936,1.3362195491790771,0
2026-03-04 08:15:00,1.3343652486801147,1.3358447551727295,1.3343652486801147,1.3352025747299194,0
2026-03-04 08:30:00,1.3342229127883911,1.334810495376587,1.333564519882202,1.3341516256332395,0
2026-03-04 08:45:00,1.3339736461639404,1.3348817825317385,1.3338135480880735,1.3343831300735474,0
2026-03-04 09:00:00,1.3356306552886963,1.3356306552886963,1.33367121219635,1.3339736461639404,0
2026-03-04 09:15:00,1.336469650268555,1.336916208267212,1.335666298866272,1.335666298866272,0
2026-03-04 09:30:00,1.3365052938461304,1.3365410566329956,1.3360588550567627,1.3360588550567627,0
2026-03-04 09:45:00,1.3360053300857544,1.3369877338409424,1.3358803987503052,1.3364875316619873,0
2026-03-04 10:00:00,1.3384371995925903,1.3397821187973022,1.3362374305725098,1.3362374305725098,0
2026-03-04 10:15:00,1.3380969762802124,1.3390824794769287,1.337846279144287,1.3389211893081665,0
2026-03-04 10:30:00,1.3378641605377195,1.3385089635849,1.337327480316162,1.3382940292358398,0
2026-03-04 10:45:00,1.337828516960144,1.3380612134933472,1.3374348878860474,1.337882161140442,0
2026-03-04 11:00:00,1.339046597480774,1.339046597480774,1.337595820426941,1.337810516357422,0
2026-03-04 11:15:00,1.3397821187973022,1.3402849435806274,1.3389389514923096,1.3389389514923096,0
2026-03-04 11:30:00,1.337846279144287,1.3396027088165283,1.337846279144287,1.3396027088165283,0
2026-03-04 11:45:00,1.3377567529678345,1.3384193181991575,1.3374526500701904,1.3379716873168943,0
2026-03-04 12:00:00,1.338813543319702,1.338813543319702,1.337828516960144,1.337828516960144,0
2026-03-04 12:15:00,1.3367197513580322,1.3388315439224243,1.3367197513580322,1.3388315439224243,0
2026-03-04 12:30:00,1.3368983268737793,1.3369520902633667,1.3365410566329956,1.336594581604004,0
2026-03-04 12:45:00,1.3351670503616333,1.3367911577224731,1.335149168968201,1.3367911577224731,0
2026-03-04 13:00:00,1.3379716873168943,1.338329792022705,1.3354700803756714,1.3354700803756714,0
2026-03-04 13:15:00,1.3370771408081057,1.3380253314971924,1.336594581604004,1.3380253314971924,0
2026-03-04 13:30:00,1.3367375135421753,1.3371129035949707,1.3367018699645996,1.3368983268737793,0
2026-03-04 13:45:00,1.3364875316619873,1.3370771408081057,1.3362016677856443,1.3366482257843018,0
2026-03-04 14:00:00,1.3367197513580322,1.3372738361358645,1.3361839056015017,1.3361839056015017,0
2026-03-04 14:15:00,1.3375420570373535,1.338401436805725,1.336755394935608,1.336755394935608,0
2026-03-04 14:30:00,1.3369340896606443,1.337828516960144,1.336362361907959,1.3374168872833252,0
2026-03-04 14:45:00,1.3362730741500854,1.3371844291687012,1.3360053300857544,1.3371844291687012,0
2026-03-04 15:00:00,1.336023211479187,1.336683988571167,1.335559368133545,1.3361839056015017,0
2026-03-04 15:15:00,1.3378641605377195,1.338043212890625,1.335755467414856,1.335755467414856,0
2026-03-04 15:30:00,1.3373453617095947,1.3381328582763672,1.3373453617095947,1.337595820426941,0
2026-03-04 15:45:00,1.3365410566329956,1.3375779390335083,1.3362730741500854,1.3375779390335083,0
2026-03-04 16:00:00,1.3372023105621338,1.337595820426941,1.3367018699645996,1.3367732763290403,0
2026-03-04 16:15:00,1.3357912302017212,1.3371129035949707,1.3356484174728394,1.3371129035949707,0
2026-03-04 16:30:00,1.337238073348999,1.3375064134597778,1.335862636566162,1.33604097366333,0
2026-03-04 16:45:00,1.3367911577224731,1.3372738361358645,1.3366124629974363,1.3370413780212402,0
2026-03-04 17:00:00,1.336094617843628,1.3370771408081057,1.336094617843628,1.336755394935608,0
2026-03-04 17:15:00,1.3348817825317385,1.3361302614212036,1.3348817825317385,1.335577130317688,0
2026-03-04 17:30:00,1.3358268737792969,1.3358268737792969,1.334917426109314,1.335149168968201,0
2026-03-04 17:45:00,1.3359874486923218,1.3364337682724,1.3359161615371704,1.335951805114746,0
2026-03-04 18:00:00,1.3356127738952637,1.336094617843628,1.335416555404663,1.336094617843628,0
2026-03-04 18:15:00,1.335077881813049,1.335505723953247,1.335077881813049,1.3353809118270874,0
2026-03-04 18:30:00,1.335042119026184,1.3354523181915283,1.334988713264465,1.3352917432785034,0
2026-03-04 18:45:00,1.334810495376587,1.3352738618850708,1.3347392082214355,1.3352738618850708,0
2026-03-04 19:00:00,1.335594892501831,1.3357375860214231,1.335220456123352,1.335220456123352,0
2026-03-04 19:15:00,1.3362016677856443,1.3362195491790771,1.3356841802597046,1.335755467414856,0
2026-03-04 19:30:00,1.3362374305725098,1.3365410566329956,1.336094617843628,1.3363802433013916,0
2026-03-04 19:45:00,1.3376494646072388,1.3376494646072388,1.3361839056015017,1.3363981246948242,0
2026-03-04 20:00:00,1.3374168872833252,1.337685227394104,1.337238073348999,1.3375779390335083,0
2026-03-04 20:15:00,1.3376315832138062,1.3376315832138062,1.3372738361358645,1.33738112449646,0
2026-03-04 20:30:00,1.3380074501037598,1.3380789756774902,1.3375420570373535,1.3376315832138062,0
2026-03-04 20:45:00,1.3379358053207395,1.3380253314971924,1.3376137018203735,1.3380253314971924,0
2026-03-04 21:00:00,1.3374168872833252,1.3375064134597778,1.3372023105621338,1.3375064134597778,0
2026-03-04 21:15:00,1.337810516357422,1.3379358053207395,1.337470531463623,1.3375420570373535,0
2026-03-04 21:30:00,1.3371844291687012,1.3375779390335083,1.3371665477752686,1.3375779390335083,0
2026-03-04 21:45:00,1.3371129035949707,1.337327480316162,1.3371129035949707,1.3372559547424316,0
2026-03-04 22:00:00,1.3368269205093384,1.337685227394104,1.3367375135421753,1.337005615234375,0
2026-03-04 22:15:00,1.3373453617095947,1.3374348878860474,1.336844801902771,1.336844801902771,0
2026-03-04 22:30:00,1.3374168872833252,1.3374885320663452,1.33738112449646,1.3374168872833252,0
2026-03-04 22:45:00,1.3372559547424316,1.3375064134597778,1.3372559547424316,1.337327480316162,0
2026-03-04 23:00:00,1.3368626832962036,1.3374526500701904,1.3368626832962036,1.337363362312317,0
2026-03-04 23:15:00,1.3369520902633667,1.337130784988403,1.3368269205093384,1.3370234966278076,0
2026-03-04 23:30:00,1.3368983268737793,1.3370234966278076,1.336683988571167,1.337005615234375,0
2026-03-04 23:45:00,1.3369877338409424,1.3371665477752686,1.336916208267212,1.3370771408081057,0
2026-03-05 00:00:00,1.3370592594146729,1.3370592594146729,1.336594581604004,1.3369340896606443,0
2026-03-05 00:15:00,1.337846279144287,1.3379358053207395,1.337148666381836,1.337148666381836,0
2026-03-05 00:30:00,1.3381506204605105,1.338329792022705,1.3375064134597778,1.337595820426941,0
2026-03-05 00:45:00,1.3384371995925903,1.3384909629821775,1.337828516960144,1.3379895687103271,0
2026-03-05 01:00:00,1.3381506204605105,1.33836567401886,1.337810516357422,1.33836567401886,0
2026-03-05 01:15:00,1.3386164903640747,1.3386164903640747,1.3380789756774902,1.3383476734161377,0
2026-03-05 01:30:00,1.3370592594146729,1.3386164903640747,1.3370592594146729,1.3386164903640747,0
2026-03-05 01:45:00,1.3368626832962036,1.3370234966278076,1.3366303443908691,1.337005615234375,0
2026-03-05 02:00:00,1.3370234966278076,1.337148666381836,1.3366124629974363,1.3366124629974363,0
2026-03-05 02:15:00,1.3365052938461304,1.337130784988403,1.3362195491790771,1.3369520902633667,0
2026-03-05 02:30:00,1.3365589380264282,1.3365589380264282,1.3360053300857544,1.3364875316619873,0
2026-03-05 02:45:00,1.3364160060882568,1.3370413780212402,1.3362730741500854,1.3365410566329956,0
2026-03-05 03:00:00,1.3351134061813354,1.3366124629974363,1.3351134061813354,1.3363802433013916,0
2026-03-05 03:15:00,1.3342050313949585,1.33539879322052,1.3342050313949585,1.3351670503616333,0
2026-03-05 03:30:00,1.3343652486801147,1.3345433473587036,1.3339024782180786,1.334294080734253,0
2026-03-05 03:45:00,1.3340091705322266,1.3344186544418335,1.3339202404022217,1.3343831300735474,0
2026-03-05 04:00:00,1.334133863449097,1.3343652486801147,1.333653450012207,1.334133863449097,0
2026-03-05 04:15:00,1.333368897438049,1.334187150001526,1.333368897438049,1.334187150001526,0
2026-03-05 04:30:00,1.333173394203186,1.3334044218063354,1.3331022262573242,1.3332089185714722,0
2026-03-05 04:45:00,1.3335288763046265,1.3337246179580688,1.3329601287841797,1.3332089185714722,0
2026-03-05 05:00:00,1.333777904510498,1.333777904510498,1.3334577083587646,1.3335288763046265,0
2026-03-05 05:15:00,1.3339024782180786,1.3339024782180786,1.3332266807556152,1.333564519882202,0
2026-03-05 05:30:00,1.3333154916763306,1.333564519882202,1.3328890800476074,1.333564519882202,0
2026-03-05 05:45:00,1.331611156463623,1.3332089185714722,1.331611156463623,1.3332089185714722,0
2026-03-05 06:00:00,1.3309730291366575,1.33159339427948,1.330654263496399,1.33159339427948,0
2026-03-05 06:15:00,1.3320368528366089,1.332178831100464,1.330866813659668,1.330866813659668,0
2026-03-05 06:30:00,1.3323208093643188,1.332356333732605,1.331770658493042,1.3320368528366089,0
2026-03-05 06:45:00,1.3331022262573242,1.3331378698349,1.331894874572754,1.3324273824691772,0
2026-03-05 07:00:00,1.3333866596221924,1.333991527557373,1.3332622051239014,1.333564519882202,0
2026-03-05 07:15:00,1.334187150001526,1.334187150001526,1.3333511352539062,1.3335288763046265,0
2026-03-05 07:30:00,1.3356841802597046,1.3356841802597046,1.3342229127883911,1.3342229127883911,0
2026-03-05 07:45:00,1.334133863449097,1.3350600004196167,1.3338847160339355,1.3350600004196167,0
2026-03-05 08:00:00,1.3323030471801758,1.3340091705322266,1.332196593284607,1.3340091705322266,0
2026-03-05 08:15:00,1.3317352533340454,1.3331201076507568,1.3317352533340454,1.3323917388916016,0
2026-03-05 08:30:00,1.3322497606277466,1.3323917388916016,1.3316643238067627,1.3316643238067627,0
2026-03-05 08:45:00,1.3327823877334597,1.3327823877334597,1.3319659233093262,1.332356333732605,0
2026-03-05 09:00:00,1.336683988571167,1.337238073348999,1.3324273824691772,1.3326047658920288,0
2026-03-05 09:15:00,1.3359874486923218,1.337148666381836,1.3354344367980957,1.337148666381836,0
2026-03-05 09:30:00,1.3348461389541626,1.3361481428146362,1.3347214460372925,1.3361481428146362,0
2026-03-05 09:45:00,1.335416555404663,1.335666298866272,1.3344186544418335,1.335024356842041,0
2026-03-05 10:00:00,1.33539879322052,1.3359695672988892,1.335309624671936,1.3354878425598145,0
2026-03-05 10:15:00,1.3352917432785034,1.335309624671936,1.3349530696868896,1.335220456123352,0
2026-03-05 10:30:00,1.3335822820663452,1.3352560997009275,1.3333866596221924,1.3352560997009275,0
2026-03-05 10:45:00,1.334899663925171,1.335309624671936,1.3336000442504885,1.3336000442504885,0
2026-03-05 11:00:00,1.3357020616531372,1.3359161615371704,1.3351670503616333,1.3351670503616333,0
2026-03-05 11:15:00,1.3352738618850708,1.33604097366333,1.335024356842041,1.33604097366333,0
2026-03-05 11:30:00,1.3348817825317385,1.335077881813049,1.3346322774887085,1.335024356842041,0
2026-03-05 11:45:00,1.3360053300857544,1.3365052938461304,1.3351670503616333,1.3351670503616333,0
2026-03-05 12:00:00,1.3354700803756714,1.3362195491790771,1.3354700803756714,1.3358089923858645,0
2026-03-05 12:15:00,1.336523175239563,1.3371844291687012,1.335238337516785,1.335238337516785,0
2026-03-05 12:30:00,1.336755394935608,1.3372917175292969,1.3363981246948242,1.3363981246948242,0
2026-03-05 12:45:00,1.3368626832962036,1.3368626832962036,1.3357912302017212,1.3364875316619873,0
2026-03-05 13:00:00,1.3366124629974363,1.3368090391159058,1.3361481428146362,1.3368090391159058,0
2026-03-05 13:15:00,1.3354700803756714,1.337005615234375,1.33539879322052,1.336683988571167,0
2026-03-05 13:30:00,1.335024356842041,1.3354523181915283,1.3347214460372925,1.3354523181915283,0
2026-03-05 13:45:00,1.3345967531204224,1.3348817825317385,1.334115982055664,1.3348283767700195,0
2026-03-05 14:00:00,1.3349530696868896,1.3360053300857544,1.3347392082214355,1.3347392082214355,0
2026-03-05 14:15:00,1.3345789909362793,1.335024356842041,1.3342229127883911,1.3347214460372925,0
2026-03-05 14:30:00,1.333564519882202,1.335416555404663,1.333564519882202,1.334917426109314,0
2026-03-05 14:45:00,1.3345433473587036,1.3345433473587036,1.3335288763046265,1.3336000442504885,0
2026-03-05 15:00:00,1.3340091705322266,1.335238337516785,1.3336178064346311,1.3347570896148682,0
2026-03-05 15:15:00,1.3328180313110352,1.334436535835266,1.3326047658920288,1.334436535835266,0
2026-03-05 15:30:00,1.331628918647766,1.332835674285889,1.331628918647766,1.3327823877334597,0
2026-03-05 15:45:00,1.332338571548462,1.332338571548462,1.3311679363250732,1.33159339427948,0
2026-03-05 16:00:00,1.3309376239776611,1.3323030471801758,1.3303179740905762,1.3323030471801758,0
2026-03-05 16:15:00,1.330300211906433,1.331061601638794,1.3300702571868896,1.331061601638794,0
2026-03-05 16:30:00,1.331894874572754,1.3320368528366089,1.3300172090530396,1.3300172090530396,0
2026-03-05 16:45:00,1.331894874572754,1.331894874572754,1.3310085535049438,1.331859469413757,0
2026-03-05 17:00:00,1.3319659233093262,1.3327292203903198,1.3315047025680542,1.3318417072296145,0
2026-03-05 17:15:00,1.3325515985488892,1.3329778909683228,1.331806182861328,1.33193039894104,0
2026-03-05 17:30:00,1.333173394203186,1.3333154916763306,1.331806182861328,1.33249831199646,0
2026-03-05 17:45:00,1.3331555128097534,1.333173394203186,1.332480549812317,1.3331201076507568,0
2026-03-05 18:00:00,1.3331022262573242,1.333191156387329,1.3326404094696045,1.3331201076507568,0
2026-03-05 18:15:00,1.3325515985488892,1.333031177520752,1.331894874572754,1.333031177520752,0
2026-03-05 18:30:00,1.333866834640503,1.3340091705322266,1.332746982574463,1.332746982574463,0
2026-03-05 18:45:00,1.3332266807556152,1.3339024782180786,1.332835674285889,1.3339024782180786,0
2026-03-05 19:00:00,1.333031177520752,1.3332977294921875,1.3328180313110352,1.3331022262573242,0
2026-03-05 19:15:00,1.33249831199646,1.3332089185714722,1.3323739767074585,1.332906723022461,0
2026-03-05 19:30:00,1.3325159549713137,1.3326226472854614,1.33193039894104,1.3326226472854614,0
2026-03-05 19:45:00,1.33193039894104,1.3328180313110352,1.33193039894104,1.3323208093643188,0
2026-03-05 20:00:00,1.335309624671936,1.3354523181915283,1.3319835662841797,1.3320368528366089,0
2026-03-05 20:15:00,1.3357020616531372,1.3361660242080688,1.3348817825317385,1.335951805114746,0
2026-03-05 20:30:00,1.3357375860214231,1.3361839056015017,1.3356127738952637,1.3356127738952637,0
2026-03-05 20:45:00,1.3356127738952637,1.33604097366333,1.335220456123352,1.335862636566162,0
2026-03-05 21:00:00,1.336023211479187,1.336469650268555,1.335594892501831,1.3357020616531372,0
2026-03-05 21:15:00,1.3357198238372805,1.336023211479187,1.335594892501831,1.336023211479187,0
2026-03-05 21:30:00,1.3357733488082886,1.3359339237213137,1.3354523181915283,1.3359339237213137,0
2026-03-05 21:45:00,1.336023211479187,1.33604097366333,1.3356127738952637,1.3358268737792969,0
2026-03-05 22:00:00,1.334329605102539,1.3357912302017212,1.334329605102539,1.335131287574768,0
2026-03-05 22:15:00,1.3356306552886963,1.3359339237213137,1.3350600004196167,1.3350600004196167,0
2026-03-05 22:30:00,1.3345433473587036,1.3356484174728394,1.3345433473587036,1.335594892501831,0
2026-03-05 22:45:00,1.334810495376587,1.335238337516785,1.3346322774887085,1.3347926139831543,0
2026-03-05 23:00:00,1.3354344367980957,1.3354700803756714,1.33470356464386,1.3352738618850708,0
2026-03-05 23:15:00,1.3356841802597046,1.3358268737792969,1.3352917432785034,1.3354344367980957,0
2026-03-05 23:30:00,1.3358089923858645,1.3359161615371704,1.3356127738952637,1.335666298866272,0
2026-03-05 23:45:00,1.3358089923858645,1.3359339237213137,1.3357375860214231,1.3357375860214231,0
2026-03-06 00:00:00,1.3359874486923218,1.3361660242080688,1.3356306552886963,1.3356306552886963,0
2026-03-06 00:15:00,1.3363267183303833,1.3364337682724,1.3359339237213137,1.3359339237213137,0
2026-03-06 00:30:00,1.3363444805145264,1.3363444805145264,1.33604097366333,1.336290955543518,0
2026-03-06 00:45:00,1.33604097366333,1.3363802433013916,1.3359339237213137,1.3363802433013916,0
2026-03-06 01:00:00,1.3365052938461304,1.3367018699645996,1.335951805114746,1.336094617843628,0
2026-03-06 01:15:00,1.335577130317688,1.3366659879684448,1.335577130317688,1.3365768194198608,0
2026-03-06 01:30:00,1.336594581604004,1.3368805646896362,1.3358089923858645,1.3358089923858645,0
2026-03-06 01:45:00,1.336683988571167,1.3371665477752686,1.3363267183303833,1.3366303443908691,0
2026-03-06 02:00:00,1.336755394935608,1.3370771408081057,1.3364516496658323,1.3365410566329956,0
2026-03-06 02:15:00,1.3368626832962036,1.337095022201538,1.3368626832962036,1.3368983268737793,0
2026-03-06 02:30:00,1.3367197513580322,1.3369340896606443,1.336594581604004,1.336916208267212,0
2026-03-06 02:45:00,1.336594581604004,1.3368805646896362,1.3365052938461304,1.3367375135421753,0
2026-03-06 03:00:00,1.3366303443908691,1.337005615234375,1.3366124629974363,1.3366303443908691,0
2026-03-06 03:15:00,1.3369520902633667,1.337130784988403,1.3365589380264282,1.3365768194198608,0
2026-03-06 03:30:00,1.3368090391159058,1.337005615234375,1.336683988571167,1.336916208267212,0
2026-03-06 03:45:00,1.3371665477752686,1.3373095989227295,1.3368090391159058,1.3368090391159058,0
2026-03-06 04:00:00,1.3371665477752686,1.337238073348999,1.337005615234375,1.3372023105621338,0
2026-03-06 04:15:00,1.337130784988403,1.337130784988403,1.3368626832962036,1.337130784988403,0
2026-03-06 04:30:00,1.3368983268737793,1.3372023105621338,1.336844801902771,1.3371129035949707,0
2026-03-06 04:45:00,1.3363802433013916,1.3369340896606443,1.3363267183303833,1.3369340896606443,0
2026-03-06 05:00:00,1.3363981246948242,1.3366659879684448,1.3362374305725098,1.3362374305725098,0
2026-03-06 05:15:00,1.336308836936951,1.3363981246948242,1.336112380027771,1.336290955543518,0
2026-03-06 05:30:00,1.3367018699645996,1.3367018699645996,1.336023211479187,1.3362553119659424,0
2026-03-06 05:45:00,1.3356484174728394,1.3366124629974363,1.3356484174728394,1.3366124629974363,0
2026-03-06 06:00:00,1.3356127738952637,1.3358982801437378,1.3352738618850708,1.3358089923858645,0
2026-03-06 06:15:00,1.3358982801437378,1.3359874486923218,1.3354878425598145,1.3354878425598145,0
2026-03-06 06:30:00,1.336362361907959,1.3364875316619873,1.3358447551727295,1.3358447551727295,0
2026-03-06 06:45:00,1.3366659879684448,1.3369877338409424,1.3361839056015017,1.3361839056015017,0
2026-03-06 07:00:00,1.3363444805145264,1.3370413780212402,1.3361839056015017,1.3368983268737793,0
2026-03-06 07:15:00,1.3367732763290403,1.337148666381836,1.336308836936951,1.3363981246948242,0
2026-03-06 07:30:00,1.336969971656799,1.3369877338409424,1.336290955543518,1.3368090391159058,0
2026-03-06 07:45:00,1.336916208267212,1.337148666381836,1.3363981246948242,1.337148666381836,0
2026-03-06 08:00:00,1.3367197513580322,1.337130784988403,1.3365768194198608,1.337005615234375,0
2026-03-06 08:15:00,1.336523175239563,1.3370592594146729,1.3362730741500854,1.3368626832962036,0
2026-03-06 08:30:00,1.3374348878860474,1.337882161140442,1.336362361907959,1.336523175239563,0
2026-03-06 08:45:00,1.3366124629974363,1.3374348878860474,1.3366124629974363,1.337363362312317,0
2026-03-06 09:00:00,1.3348283767700195,1.3364337682724,1.3348283767700195,1.3363444805145264,0
2026-03-06 09:15:00,1.3339024782180786,1.3348639011383057,1.3339024782180786,1.3347749710083008,0
2026-03-06 09:30:00,1.3328534364700315,1.334098219871521,1.3326404094696045,1.3339024782180786,0
2026-03-06 09:45:00,1.3325159549713137,1.3331201076507568,1.331912636756897,1.3331201076507568,0
2026-03-06 10:00:00,1.3332444429397583,1.3336355686187744,1.3322497606277466,1.332533836364746,0
2026-03-06 10:15:00,1.3328180313110352,1.3336889743804932,1.3327292203903198,1.3334400653839111,0
2026-03-06 10:30:00,1.3330134153366089,1.334115982055664,1.3330134153366089,1.333777904510498,0
2026-03-06 10:45:00,1.3342584371566772,1.3342584371566772,1.332800269126892,1.332800269126892,0
2026-03-06 11:00:00,1.334329605102539,1.334329605102539,1.332533836364746,1.3342050313949585,0
2026-03-06 11:15:00,1.3342050313949585,1.3342050313949585,1.3334044218063354,1.334115982055664,0
2026-03-06 11:30:00,1.3322851657867432,1.3340270519256592,1.3322851657867432,1.3340270519256592,0
2026-03-06 11:45:00,1.331912636756897,1.3329778909683228,1.331912636756897,1.3325871229171753,0
2026-03-06 12:00:00,1.3313806056976318,1.3322142362594604,1.3312920331954956,1.3320544958114624,0
2026-03-06 12:15:00,1.3320190906524658,1.3322142362594604,1.331309795379639,1.3313452005386353,0
2026-03-06 12:30:00,1.3333866596221924,1.3336889743804932,1.3322319984436035,1.3322319984436035,0
2026-03-06 12:45:00,1.332746982574463,1.3342761993408203,1.332746982574463,1.3337246179580688,0
2026-03-06 13:00:00,1.3345255851745603,1.3345255851745603,1.3328180313110352,1.3328180313110352,0
2026-03-06 13:15:00,1.335594892501831,1.335594892501831,1.3345967531204224,1.3345967531204224,0
2026-03-06 13:30:00,1.3371665477752686,1.3380074501037598,1.3363802433013916,1.3380074501037598,0
2026-03-06 13:45:00,1.334294080734253,1.3372559547424316,1.3338847160339355,1.3372559547424316,0
2026-03-06 14:00:00,1.3340448141098022,1.3343474864959717,1.333031177520752,1.334187150001526,0
2026-03-06 14:15:00,1.334115982055664,1.334115982055664,1.332835674285889,1.3338135480880735,0
2026-03-06 14:30:00,1.3347749710083008,1.3347749710083008,1.3330844640731812,1.334115982055664,0
2026-03-06 14:45:00,1.3339736461639404,1.3344720602035522,1.3337067365646362,1.3344720602035522,0
2026-03-06 15:00:00,1.3373095989227295,1.3373095989227295,1.3347392082214355,1.3347392082214355,0
2026-03-06 15:15:00,1.33539879322052,1.3376494646072388,1.33539879322052,1.337470531463623,0
2026-03-06 15:30:00,1.335594892501831,1.3367197513580322,1.3355236053466797,1.3358803987503052,0
2026-03-06 15:45:00,1.3359339237213137,1.3363981246948242,1.335131287574768,1.336362361907959,0
2026-03-06 16:00:00,1.3380789756774902,1.3391900062561035,1.3361302614212036,1.3361302614212036,0
2026-03-06 16:15:00,1.338849425315857,1.3398720026016235,1.3380612134933472,1.3380612134933472,0
2026-03-06 16:30:00,1.3403388261795044,1.3403388261795044,1.3388315439224243,1.3393514156341553,0
2026-03-06 16:45:00,1.3398720026016235,1.3408960103988647,1.3394052982330322,1.3403927087783811,0
2026-03-06 17:00:00,1.3393874168395996,1.3404465913772583,1.3393874168395996,1.3398540019989014,0
2026-03-06 17:15:00,1.3392797708511353,1.3401411771774292,1.3388673067092896,1.3392258882522583,0
2026-03-06 17:30:00,1.3389928340911863,1.3393694162368774,1.3386881351470947,1.3389928340911863,0
2026-03-06 17:45:00,1.338849425315857,1.3394770622253418,1.3387597799301147,1.3392438888549805,0
2026-03-06 18:00:00,1.340572476387024,1.340572476387024,1.33879554271698,1.33879554271698,0
2026-03-06 18:15:00,1.3387597799301147,1.3405005931854248,1.3387597799301147,1.339710354804993,0
2026-03-06 18:30:00,1.3392797708511353,1.3395488262176514,1.3388673067092896,1.3388673067092896,0
2026-03-06 18:45:00,1.3390285968780518,1.3392797708511353,1.3380969762802124,1.3392258882522583,0
2026-03-06 19:00:00,1.339297652244568,1.339297652244568,1.338311791419983,1.3386701345443726,0
2026-03-06 19:15:00,1.3391900062561035,1.339566707611084,1.3389569520950315,1.339136242866516,0
2026-03-06 19:30:00,1.3393694162368774,1.3393694162368774,1.3388315439224243,1.3392080068588257,0
2026-03-06 19:45:00,1.3389211893081665,1.3395309448242188,1.338777780532837,1.339046597480774,0
2026-03-06 20:00:00,1.3393335342407229,1.3393694162368774,1.3389748334884644,1.3389748334884644,0
2026-03-06 20:15:00,1.3381506204605105,1.3392258882522583,1.3381328582763672,1.3392258882522583,0
2026-03-06 20:30:00,1.33872389793396,1.3390285968780518,1.3379536867141724,1.3383476734161377,0
2026-03-06 20:45:00,1.3392258882522583,1.3393694162368774,1.3385984897613523,1.3385984897613523,0
2026-03-06 21:00:00,1.3401771783828735,1.3401771783828735,1.3391183614730835,1.3391183614730835,0
2026-03-06 21:15:00,1.3400874137878418,1.3403029441833496,1.3399616479873655,1.3400874137878418,0
2026-03-06 21:30:00,1.339441180229187,1.3398897647857666,1.339261770248413,1.3398897647857666,0
2026-03-06 21:45:00,1.3412556648254397,1.3412556648254397,1.3392438888549805,1.33931565284729,0
2026-03-06 22:00:00,1.3413636684417725,1.3413636684417725,1.3413636684417725,1.3413636684417725,0
2026-03-06 22:15:00,1.3413636684417725,1.3413636684417725,1.3413636684417725,1.3413636684417725,0
2026-03-09 00:00:00,1.3303887844085691,1.3309199810028076,1.3303887844085691,1.3304064273834229,0
2026-03-09 00:15:00,1.330247163772583,1.3305480480194092,1.3299640417099,1.3300172090530396,0
2026-03-09 00:30:00,1.330725073814392,1.3316997289657593,1.3305304050445557,1.3305304050445557,0
2026-03-09 00:45:00,1.330034852027893,1.3306188583374023,1.3298933506011963,1.3306188583374023,0
2026-03-09 01:00:00,1.3293806314468384,1.3296104669570925,1.3288507461547852,1.329451322555542,0
2026-03-09 01:15:00,1.328832983970642,1.32902729511261,1.3285682201385498,1.32902729511261,0
2026-03-09 01:30:00,1.3293983936309814,1.3298933506011963,1.3289036750793457,1.3289036750793457,0
2026-03-09 01:45:00,1.3286211490631104,1.329469084739685,1.3284623622894287,1.329469084739685,0
2026-03-09 02:00:00,1.3293806314468384,1.330105543136597,1.3288153409957886,1.3289566040039062,0
2026-03-09 02:15:00,1.3293275833129885,1.3295574188232422,1.328674077987671,1.3290096521377563,0
2026-03-09 02:30:00,1.3306896686553955,1.3307428359985352,1.3289390802383425,1.3292922973632812,0
2026-03-09 02:45:00,1.3305480480194092,1.3307428359985352,1.330034852027893,1.3304418325424194,0
2026-03-09 03:00:00,1.3302117586135864,1.3309730291366575,1.3300172090530396,1.3309022188186646,0
2026-03-09 03:15:00,1.3299287557601929,1.3305658102035522,1.3299287557601929,1.3301409482955933,0
2026-03-09 03:30:00,1.3292216062545776,1.330034852027893,1.329203963279724,1.3298755884170532,0
2026-03-09 03:45:00,1.3295574188232422,1.3295927047729492,1.3291332721710205,1.3292216062545776,0
2026-03-09 04:00:00,1.3302825689315796,1.3305834531784058,1.329486608505249,1.3298580646514893,0
2026-03-09 04:15:00,1.3301939964294434,1.3303532600402832,1.3298403024673462,1.3301939964294434,0
2026-03-09 04:30:00,1.330760478973389,1.3307782411575315,1.3301587104797363,1.3301587104797363,0
2026-03-09 04:45:00,1.3298048973083496,1.3307428359985352,1.329734206199646,1.3307428359985352,0
2026-03-09 05:00:00,1.330654263496399,1.3311147689819336,1.3298048973083496,1.3298048973083496,0
2026-03-09 05:15:00,1.332675814628601,1.3333154916763306,1.330247163772583,1.3307074308395386,0
2026-03-09 05:30:00,1.3324273824691772,1.3334044218063354,1.3316997289657593,1.332906723022461,0
2026-03-09 05:45:00,1.3334221839904783,1.333760142326355,1.3327114582061768,1.3327823877334597,0
2026-03-09 06:00:00,1.3326581716537476,1.334115982055664,1.3325871229171753,1.3329601287841797,0
2026-03-09 06:15:00,1.332178831100464,1.333066701889038,1.332178831100464,1.3328890800476074,0
2026-03-09 06:30:00,1.332924485206604,1.3332977294921875,1.3325159549713137,1.3325159549713137,0
2026-03-09 06:45:00,1.3312742710113523,1.3327823877334597,1.3312742710113523,1.3327823877334597,0
2026-03-09 07:00:00,1.3314515352249146,1.331948161125183,1.3308844566345217,1.331788420677185,0
2026-03-09 07:15:00,1.332746982574463,1.3329601287841797,1.3311325311660769,1.3311325311660769,0
2026-03-09 07:30:00,1.3339380025863647,1.3342761993408203,1.332800269126892,1.332800269126892,0
2026-03-09 07:45:00,1.3343831300735474,1.3347214460372925,1.3336889743804932,1.3336889743804932,0
2026-03-09 08:00:00,1.3333866596221924,1.334899663925171,1.333280086517334,1.3346501588821411,0
2026-03-09 08:15:00,1.3311679363250732,1.333066701889038,1.3311679363250732,1.332906723022461,0
2026-03-09 08:30:00,1.3313274383544922,1.3314515352249146,1.3303887844085691,1.331256628036499,0
2026-03-09 08:45:00,1.33193039894104,1.33193039894104,1.3306366205215454,1.331398367881775,0
2026-03-09 09:00:00,1.332924485206604,1.3332266807556152,1.3316465616226196,1.33193039894104,0
2026-03-09 09:15:00,1.333991527557373,1.334187150001526,1.3328534364700315,1.3328534364700315,0
2026-03-09 09:30:00,1.334294080734253,1.3359695672988892,1.3336000442504885,1.3336000442504885,0
2026-03-09 09:45:00,1.333991527557373,1.334561109542847,1.3338313102722168,1.3345255851745603,0
2026-03-09 10:00:00,1.3334400653839111,1.3349709510803225,1.3334400653839111,1.3340270519256592,0
2026-03-09 10:15:00,1.3342050313949585,1.3342405557632446,1.3328713178634644,1.3335822820663452,0
2026-03-09 10:30:00,1.3343652486801147,1.3343652486801147,1.3334933519363403,1.333991527557373,0
2026-03-09 10:45:00,1.334614634513855,1.334614634513855,1.332924485206604,1.3340448141098022,0
2026-03-09 11:00:00,1.3356484174728394,1.3356484174728394,1.3345255851745603,1.3346322774887085,0
2026-03-09 11:15:00,1.3345255851745603,1.3353809118270874,1.3345255851745603,1.3353452682495115,0
2026-03-09 11:30:00,1.3342405557632446,1.335220456123352,1.334115982055664,1.3346501588821411,0
2026-03-09 11:45:00,1.33470356464386,1.335024356842041,1.334098219871521,1.3343831300735474,0
2026-03-09 12:00:00,1.3351670503616333,1.33539879322052,1.334810495376587,1.334810495376587,0
2026-03-09 12:15:00,1.335666298866272,1.335666298866272,1.3350600004196167,1.3350600004196167,0
2026-03-09 12:30:00,1.335238337516785,1.3359339237213137,1.335238337516785,1.335862636566162,0
2026-03-09 12:45:00,1.3352917432785034,1.3355236053466797,1.3348639011383057,1.335006594657898,0
2026-03-09 13:00:00,1.3367911577224731,1.3367911577224731,1.335238337516785,1.3354700803756714,0
2026-03-09 13:15:00,1.337828516960144,1.3379895687103271,1.3365052938461304,1.3368269205093384,0
2026-03-09 13:30:00,1.3376315832138062,1.338258147239685,1.336755394935608,1.3380969762802124,0
2026-03-09 13:45:00,1.3372738361358645,1.3377031087875366,1.3364875316619873,1.3372023105621338,0
2026-03-09 14:00:00,1.335951805114746,1.3373095989227295,1.3348639011383057,1.3370234966278076,0
2026-03-09 14:15:00,1.3359874486923218,1.336594581604004,1.3358089923858645,1.336308836936951,0
2026-03-09 14:30:00,1.3370234966278076,1.3370771408081057,1.3358268737792969,1.3364337682724,0
2026-03-09 14:45:00,1.337828516960144,1.3380253314971924,1.3372201919555664,1.3374526500701904,0
2026-03-09 15:00:00,1.3394770622253418,1.3398720026016235,1.3384193181991575,1.3384193181991575,0
2026-03-09 15:15:00,1.339100360870361,1.339674472808838,1.3388315439224243,1.339674472808838,0
2026-03-09 15:30:00,1.3386342525482178,1.3390285968780518,1.33858060836792,1.3388851881027222,0
2026-03-09 15:45:00,1.3392258882522583,1.33969247341156,1.33872389793396,1.3389569520950315,0
2026-03-09 16:00:00,1.3394231796264648,1.3402130603790283,1.3393694162368774,1.3394231796264648,0
2026-03-09 16:15:00,1.339674472808838,1.3400335311889648,1.33879554271698,1.3395309448242188,0
2026-03-09 16:30:00,1.3404465913772583,1.340644359588623,1.33969247341156,1.33969247341156,0
2026-03-09 16:45:00,1.339136242866516,1.3408960103988647,1.339136242866516,1.3406982421875,0
2026-03-09 17:00:00,1.338813543319702,1.3391900062561035,1.3385984897613523,1.3391542434692385,0
2026-03-09 17:15:00,1.3384909629821775,1.3387060165405271,1.3383476734161377,1.3385268449783323,0
2026-03-09 17:30:00,1.3385089635849,1.33872389793396,1.338401436805725,1.3385984897613523,0
2026-03-09 17:45:00,1.3385447263717651,1.3388673067092896,1.3385447263717651,1.3386701345443726,0
2026-03-09 18:00:00,1.3395488262176514,1.339566707611084,1.33858060836792,1.33858060836792,0
2026-03-09 18:15:00,1.3392080068588257,1.339620590209961,1.339064598083496,1.339297652244568,0
2026-03-09 18:30:00,1.3385626077651978,1.3393874168395996,1.3385626077651978,1.3390108346939087,0
2026-03-09 18:45:00,1.3385089635849,1.3391542434692385,1.3385089635849,1.3385447263717651,0
2026-03-09 19:00:00,1.339261770248413,1.3394949436187744,1.3384371995925903,1.3384371995925903,0
2026-03-09 19:15:00,1.3435261249542236,1.3435261249542236,1.339297652244568,1.339297652244568,0
2026-03-09 19:30:00,1.3437970876693726,1.343977689743042,1.3422818183898926,1.3422818183898926,0
2026-03-09 19:45:00,1.3430029153823853,1.3443931341171265,1.3430029153823853,1.3438692092895508,0
2026-03-09 20:00:00,1.3430029153823853,1.3432915210723877,1.3427144289016724,1.343075156211853,0
2026-03-09 20:15:00,1.3436344861984253,1.343833088874817,1.342984914779663,1.3431291580200195,0
2026-03-09 20:30:00,1.3439234495162964,1.3439234495162964,1.3425161838531494,1.3434901237487793,0
2026-03-09 20:45:00,1.3439595699310305,1.3447185754776,1.343706727027893,1.3439956903457642,0
2026-03-09 21:00:00,1.3443208932876587,1.3444474935531616,1.3430029153823853,1.3430029153823853,0
2026-03-09 21:15:00,1.344248652458191,1.3443028926849363,1.3432375192642212,1.3441762924194336,0
2026-03-09 21:30:00,1.3440680503845217,1.3443751335144043,1.344031810760498,1.344266653060913,0
2026-03-09 21:45:00,1.3445920944213867,1.3445920944213867,1.3440499305725098,1.3441402912139893,0
2026-03-09 22:00:00,1.3448271751403809,1.3448271751403809,1.3438692092895508,1.3447909355163574,0
2026-03-09 22:15:00,1.3432555198669434,1.3443931341171265,1.342984914779663,1.3443931341171265,0
2026-03-09 22:30:00,1.3427865505218506,1.3435261249542236,1.3427685499191284,1.3430931568145752,0
2026-03-09 22:45:00,1.3432555198669434,1.3434358835220337,1.3430390357971191,1.3430390357971191,0
2026-03-09 23:00:00,1.3432193994522097,1.3433998823165894,1.3427685499191284,1.3432012796401978,0
2026-03-09 23:15:00,1.3434358835220337,1.3437789678573608,1.3432375192642212,1.3432375192642212,0
2026-03-09 23:30:00,1.342227816581726,1.3433637619018557,1.342227816581726,1.3433637619018557,0
2026-03-09 23:45:00,1.342390060424805,1.3426063060760498,1.342227816581726,1.342480182647705,0
2026-03-10 00:00:00,1.3421558141708374,1.342588186264038,1.3419395685195925,1.3424440622329712,0
2026-03-10 00:15:00,1.3437608480453491,1.3437608480453491,1.3422638177871704,1.3422638177871704,0
2026-03-10 00:30:00,1.3444112539291382,1.3444112539291382,1.3432193994522097,1.343418002128601,0
2026-03-10 00:45:00,1.3436164855957031,1.3441582918167114,1.3433637619018557,1.3441040515899658,0
2026-03-10 01:00:00,1.3433817625045776,1.3436164855957031,1.3431472778320312,1.3435983657836914,0
2026-03-10 01:15:00,1.3426424264907837,1.3437789678573608,1.342426061630249,1.3437789678573608,0
2026-03-10 01:30:00,1.342588186264038,1.342822551727295,1.3423359394073486,1.3423359394073486,0
2026-03-10 01:45:00,1.3431472778320312,1.343273639678955,1.342426061630249,1.342588186264038,0
2026-03-10 02:00:00,1.3434721231460571,1.343508243560791,1.3429489135742188,1.3433998823165894,0
2026-03-10 02:15:00,1.3436164855957031,1.3438150882720947,1.3433096408843994,1.3433096408843994,0
2026-03-10 02:30:00,1.3428946733474731,1.3436164855957031,1.3426063060760498,1.343508243560791,0
2026-03-10 02:45:00,1.3421558141708374,1.342984914779663,1.3420476913452148,1.342984914779663,0
2026-03-10 03:00:00,1.342227816581726,1.3424980640411377,1.3421378135681152,1.3421558141708374,0
2026-03-10 03:15:00,1.3419936895370483,1.342570185661316,1.3419936895370483,1.3421378135681152,0
2026-03-10 03:30:00,1.3419036865234375,1.3422459363937378,1.3419036865234375,1.3419756889343262,0
2026-03-10 03:45:00,1.341687560081482,1.3419216871261597,1.3414536714553833,1.3417415618896484,0
2026-03-10 04:00:00,1.342011570930481,1.342011570930481,1.3415435552597046,1.3415435552597046,0
2026-03-10 04:15:00,1.3419936895370483,1.342065691947937,1.3418315649032593,1.342065691947937,0
2026-03-10 04:30:00,1.3422459363937378,1.3422459363937378,1.341849684715271,1.3419936895370483,0
2026-03-10 04:45:00,1.3425161838531494,1.3428767919540403,1.3421378135681152,1.3421918153762815,0
2026-03-10 05:00:00,1.3432555198669434,1.3433817625045776,1.3426424264907837,1.3426424264907837,0
2026-03-10 05:15:00,1.3432193994522097,1.3434540033340454,1.343075156211853,1.3434540033340454,0
2026-03-10 05:30:00,1.3426603078842163,1.3433637619018557,1.3426603078842163,1.3433637619018557,0
2026-03-10 05:45:00,1.343562364578247,1.343562364578247,1.3427685499191284,1.3427685499191284,0
2026-03-10 06:00:00,1.3443028926849363,1.3443028926849363,1.343706727027893,1.3439054489135742,0
2026-03-10 06:15:00,1.3444656133651731,1.3447185754776,1.3439414501190186,1.3443028926849363,0
2026-03-10 06:30:00,1.345750093460083,1.345750093460083,1.344573974609375,1.3448271751403809,0
2026-03-10 06:45:00,1.3450984954833984,1.345532774925232,1.3447909355163574,1.345532774925232,0
2026-03-10 07:00:00,1.345496654510498,1.3461124897003174,1.3448632955551147,1.3449175357818604,0
2026-03-10 07:15:00,1.3474546670913696,1.347472906112671,1.3456414937973022,1.3459312915802002,0
2026-03-10 07:30:00,1.347091555595398,1.3473820686340332,1.346221089363098,1.3473820686340332,0
2026-03-10 07:45:00,1.3477997779846191,1.3479633331298828,1.347127914428711,1.347363829612732,0
2026-03-10 08:00:00,1.347182273864746,1.348126769065857,1.3469102382659912,1.3476725816726685,0
2026-03-10 08:15:00,1.347490906715393,1.347545504570007,1.3465293645858765,1.3473457098007202,0
2026-03-10 08:30:00,1.3468376398086548,1.3474364280700684,1.3468376398086548,1.347218632698059,0
2026-03-10 08:45:00,1.3460218906402588,1.3470009565353394,1.3453155755996704,1.3468376398086548,0
2026-03-10 09:00:00,1.3465656042099,1.3468012809753418,1.345695734024048,1.3457139730453491,0
2026-03-10 09:15:00,1.3460761308670044,1.346765160560608,1.34582257270813,1.3466380834579468,0
2026-03-10 09:30:00,1.346819519996643,1.346819519996643,1.3459675312042236,1.346166729927063,0
2026-03-10 09:45:00,1.34582257270813,1.346819519996643,1.34582257270813,1.346819519996643,0
2026-03-10 10:00:00,1.344971776008606,1.3455146551132202,1.344971776008606,1.3455146551132202,0
2026-03-10 10:15:00,1.345496654510498,1.3457863330841064,1.344971776008606,1.3449898958206177,0
2026-03-10 10:30:00,1.3448632955551147,1.345587134361267,1.3439595699310305,1.345587134361267,0
2026-03-10 10:45:00,1.3451346158981323,1.345188856124878,1.3445016145706177,1.3447729349136353,0
2026-03-10 11:00:00,1.3453880548477173,1.3468012809753418,1.3450441360473633,1.3451164960861206,0
2026-03-10 11:15:00,1.3449898958206177,1.3453518152236938,1.34442937374115,1.3453518152236938,0
2026-03-10 11:30:00,1.3453338146209717,1.3453338146209717,1.3443751335144043,1.3446824550628662,0
2026-03-10 11:45:00,1.34442937374115,1.3459312915802002,1.34442937374115,1.3449898958206177,0
2026-03-10 12:00:00,1.343652606010437,1.3448452949523926,1.3433277606964111,1.3448452949523926,0
2026-03-10 12:15:00,1.3433457612991333,1.344085931777954,1.3433277606964111,1.3433817625045776,0
2026-03-10 12:30:00,1.3437970876693726,1.3438512086868286,1.3431472778320312,1.3433277606964111,0
2026-03-10 12:45:00,1.344212532043457,1.3448090553283691,1.344085931777954,1.3445016145706177,0
2026-03-10 13:00:00,1.3454785346984863,1.345532774925232,1.3445558547973633,1.3445558547973633,0
2026-03-10 13:15:00,1.346293568611145,1.3465112447738647,1.3453518152236938,1.345406174659729,0
2026-03-10 13:30:00,1.34582257270813,1.3465656042099,1.345569133758545,1.3465473651885986,0
2026-03-10 13:45:00,1.3448632955551147,1.3454604148864746,1.3447729349136353,1.3452069759368896,0
2026-03-10 14:00:00,1.3444112539291382,1.3450984954833984,1.344031810760498,1.3444112539291382,0
2026-03-10 14:15:00,1.345442295074463,1.345532774925232,1.34442937374115,1.34442937374115,0
2026-03-10 14:30:00,1.34623920917511,1.34623920917511,1.345532774925232,1.3459312915802002,0
2026-03-10 14:45:00,1.346819519996643,1.346819519996643,1.345913052558899,1.346094250679016,0
2026-03-10 15:00:00,1.3465112447738647,1.3470189571380615,1.346203088760376,1.3470189571380615,0
2026-03-10 15:15:00,1.345876932144165,1.3466380834579468,1.345876932144165,1.3460218906402588,0
2026-03-10 15:30:00,1.347182273864746,1.3472912311553955,1.346094250679016,1.346094250679016,0
2026-03-10 15:45:00,1.3458406925201416,1.3472731113433838,1.345532774925232,1.3472731113433838,0
2026-03-10 16:00:00,1.345188856124878,1.3457139730453491,1.3448090553283691,1.345695734024048,0
2026-03-10 16:15:00,1.345695734024048,1.345858812332153,1.3452250957489014,1.3452250957489014,0
2026-03-10 16:30:00,1.345876932144165,1.346692442893982,1.3458406925201416,1.3458406925201416,0
2026-03-10 16:45:00,1.346329927444458,1.3465293645858765,1.345406174659729,1.3456594944000244,0
2026-03-10 17:00:00,1.3467469215393066,1.347400188446045,1.3464748859405518,1.3464748859405518,0
2026-03-10 17:15:00,1.3474183082580566,1.3479995727539062,1.346928358078003,1.346928358078003,0
2026-03-10 17:30:00,1.3457320928573608,1.3470735549926758,1.3457320928573608,1.3470735549926758,0
2026-03-10 17:45:00,1.346166729927063,1.346166729927063,1.3457139730453491,1.3458950519561768,0
2026-03-10 18:00:00,1.3443931341171265,1.3460400104522705,1.3443931341171265,1.3459675312042236,0
2026-03-10 18:15:00,1.3446102142333984,1.3447548151016235,1.3429489135742188,1.3439595699310305,0
2026-03-10 18:30:00,1.3430029153823853,1.344700574874878,1.3428767919540403,1.344248652458191,0
2026-03-10 18:45:00,1.3428946733474731,1.3439414501190186,1.3428767919540403,1.3428767919540403,0
2026-03-10 19:00:00,1.3431472778320312,1.3432375192642212,1.3426424264907837,1.3428406715393066,0
2026-03-10 19:15:00,1.3422818183898926,1.3435442447662354,1.3422818183898926,1.3431472778320312,0
2026-03-10 19:30:00,1.3419395685195925,1.342426061630249,1.341795563697815,1.3422638177871704,0
2026-03-10 19:45:00,1.3418675661087036,1.3418675661087036,1.3414175510406494,1.3416156768798828,0
2026-03-10 20:00:00,1.3419575691223145,1.3419936895370483,1.341381549835205,1.3419395685195925,0
2026-03-10 20:15:00,1.342065691947937,1.3423179388046265,1.3415435552597046,1.3419216871261597,0
2026-03-10 20:30:00,1.341795563697815,1.3420476913452148,1.3416156768798828,1.3420476913452148,0
2026-03-10 20:45:00,1.341813564300537,1.3419395685195925,1.341687560081482,1.3419036865234375,0
2026-03-10 21:00:00,1.3417415618896484,1.3419756889343262,1.3416156768798828,1.341705560684204,0
2026-03-10 21:15:00,1.3417595624923706,1.3419575691223145,1.3416156768798828,1.3416156768798828,0
2026-03-10 21:30:00,1.342227816581726,1.3422818183898926,1.341705560684204,1.341705560684204,0
2026-03-10 21:45:00,1.342227816581726,1.3423179388046265,1.3410398960113523,1.3422638177871704,0
2026-03-10 22:00:00,1.3413995504379272,1.3421016931533811,1.3413995504379272,1.3419756889343262,0
2026-03-10 22:15:00,1.3413636684417725,1.3414536714553833,1.341309666633606,1.3414536714553833,0
2026-03-10 22:30:00,1.341327667236328,1.3414356708526611,1.3412556648254397,1.3413636684417725,0
2026-03-10 22:45:00,1.341327667236328,1.341381549835205,1.3410578966140747,1.341327667236328,0
2026-03-10 23:00:00,1.341849684715271,1.341849684715271,1.3413456678390503,1.341525673866272,0
2026-03-10 23:15:00,1.341597557067871,1.341849684715271,1.341597557067871,1.3417595624923706,0
2026-03-10 23:30:00,1.3419216871261597,1.3419216871261597,1.3416156768798828,1.3417595624923706,0
2026-03-10 23:45:00,1.3419216871261597,1.3421016931533811,1.341813564300537,1.3419575691223145,0
2026-03-11 00:00:00,1.343075156211853,1.3432915210723877,1.3416515588760376,1.3422638177871704,0
2026-03-11 00:15:00,1.3433817625045776,1.3434358835220337,1.3431833982467651,1.3432555198669434,0
2026-03-11 00:30:00,1.3435261249542236,1.343562364578247,1.3428767919540403,1.343562364578247,0
2026-03-11 00:45:00,1.343075156211853,1.3437789678573608,1.343075156211853,1.3437789678573608,0
2026-03-11 01:00:00,1.3434901237487793,1.3435261249542236,1.3426603078842163,1.3431652784347534,0
2026-03-11 01:15:00,1.344266653060913,1.3442847728729248,1.343508243560791,1.343508243560791,0
2026-03-11 01:30:00,1.344483494758606,1.344483494758606,1.344085931777954,1.3442305326461792,0
2026-03-11 01:45:00,1.3446102142333984,1.3446282148361206,1.3443390130996704,1.3445920944213867,0
2026-03-11 02:00:00,1.344194412231445,1.344700574874878,1.3441402912139893,1.344700574874878,0
2026-03-11 02:15:00,1.3441221714019775,1.3446462154388428,1.3440680503845217,1.3443751335144043,0
2026-03-11 02:30:00,1.3441762924194336,1.3441762924194336,1.3437789678573608,1.343977689743042,0
2026-03-11 02:45:00,1.3446643352508545,1.3449536561965942,1.344266653060913,1.344266653060913,0
2026-03-11 03:00:00,1.344573974609375,1.3450441360473633,1.3445197343826294,1.3448090553283691,0
2026-03-11 03:15:00,1.3443390130996704,1.3447185754776,1.3443390130996704,1.3445197343826294,0
2026-03-11 03:30:00,1.3451164960861206,1.3452612161636353,1.344573974609375,1.344573974609375,0
2026-03-11 03:45:00,1.345279335975647,1.3452974557876587,1.3447729349136353,1.3452250957489014,0
2026-03-11 04:00:00,1.3451708555221558,1.3452069759368896,1.3449175357818604,1.3452069759368896,0
2026-03-11 04:15:00,1.3453880548477173,1.3453880548477173,1.344935655593872,1.3450803756713867,0
2026-03-11 04:30:00,1.345188856124878,1.3453155755996704,1.3451346158981323,1.3453155755996704,0
2026-03-11 04:45:00,1.3454785346984863,1.345750093460083,1.345243215560913,1.345243215560913,0
2026-03-11 05:00:00,1.3453518152236938,1.3457320928573608,1.3453518152236938,1.3454604148864746,0
2026-03-11 05:15:00,1.3449898958206177,1.345442295074463,1.3449898958206177,1.345406174659729,0
2026-03-11 05:30:00,1.345243215560913,1.3454604148864746,1.3450080156326294,1.3450080156326294,0
2026-03-11 05:45:00,1.3449175357818604,1.3450260162353516,1.344700574874878,1.344935655593872,0
2026-03-11 06:00:00,1.345279335975647,1.345279335975647,1.3447185754776,1.3447366952896118,0
2026-03-11 06:15:00,1.3451708555221558,1.345406174659729,1.3449898958206177,1.345406174659729,0
2026-03-11 06:30:00,1.345152735710144,1.3455508947372437,1.3450441360473633,1.3450441360473633,0
2026-03-11 06:45:00,1.3449536561965942,1.345062255859375,1.3444112539291382,1.345062255859375,0
2026-03-11 07:00:00,1.3444656133651731,1.3451708555221558,1.344212532043457,1.3448994159698486,0
2026-03-11 07:15:00,1.3436886072158811,1.3448994159698486,1.3432012796401978,1.3446462154388428,0
2026-03-11 07:30:00,1.343273639678955,1.3441221714019775,1.3431291580200195,1.3438512086868286,0
2026-03-11 07:45:00,1.3435803651809692,1.3439054489135742,1.3430931568145752,1.3435261249542236,0
2026-03-11 08:00:00,1.3434721231460571,1.3434721231460571,1.342588186264038,1.3433277606964111,0
2026-03-11 08:15:00,1.342930793762207,1.3433817625045776,1.342480182647705,1.3433096408843994,0
2026-03-11 08:30:00,1.341489553451538,1.3429127931594849,1.341489553451538,1.3428586721420288,0
2026-03-11 08:45:00,1.3427324295043943,1.3427324295043943,1.3410937786102295,1.3413636684417725,0
2026-03-11 09:00:00,1.3424079418182373,1.342624306678772,1.3405005931854248,1.341705560684204,0
2026-03-11 09:15:00,1.3414536714553833,1.3427685499191284,1.3414536714553833,1.342426061630249,0
2026-03-11 09:30:00,1.3419216871261597,1.3425161838531494,1.3416335582733154,1.3416335582733154,0
2026-03-11 09:45:00,1.341705560684204,1.3421196937561035,1.3409138917922974,1.341813564300537,0
2026-03-11 10:00:00,1.3424079418182373,1.3424980640411377,1.3414175510406494,1.3414175510406494,0
2026-03-11 10:15:00,1.3435442447662354,1.3439234495162964,1.3425521850585938,1.3427324295043943,0
2026-03-11 10:30:00,1.3444112539291382,1.344483494758606,1.3435803651809692,1.3435803651809692,0
2026-03-11 10:45:00,1.3446102142333984,1.3447185754776,1.3440136909484863,1.344248652458191,0
2026-03-11 11:00:00,1.3446282148361206,1.3447366952896118,1.3441582918167114,1.3447366952896118,0
2026-03-11 11:15:00,1.3438512086868286,1.3447185754776,1.3436707258224487,1.3447185754776,0
2026-03-11 11:30:00,1.3432915210723877,1.3437789678573608,1.3430029153823853,1.3437608480453491,0
2026-03-11 11:45:00,1.3428946733474731,1.343833088874817,1.3425521850585938,1.3430029153823853,0
2026-03-11 12:00:00,1.342588186264038,1.3432555198669434,1.342588186264038,1.3428406715393066,0
2026-03-11 12:15:00,1.343075156211853,1.343075156211853,1.3423359394073486,1.3423359394073486,0
2026-03-11 12:30:00,1.3414536714553833,1.3425521850585938,1.3412916660308838,1.3425521850585938,0
2026-03-11 12:45:00,1.3399975299835205,1.340985894203186,1.339674472808838,1.340985894203186,0
2026-03-11 13:00:00,1.341075778007507,1.3412376642227173,1.3403927087783811,1.3405364751815796,0
2026-03-11 13:15:00,1.341795563697815,1.3421918153762815,1.3414356708526611,1.3414356708526611,0
2026-03-11 13:30:00,1.3405364751815796,1.3416156768798828,1.3405364751815796,1.3416156768798828,0
2026-03-11 13:45:00,1.3418675661087036,1.3418675661087036,1.3402130603790283,1.3403747081756592,0
2026-03-11 14:00:00,1.3432915210723877,1.344194412231445,1.3423179388046265,1.3426964282989502,0
2026-03-11 14:15:00,1.3429667949676514,1.3434540033340454,1.3424440622329712,1.343111276626587,0
2026-03-11 14:30:00,1.3422999382019043,1.3432555198669434,1.3421016931533811,1.3432555198669434,0
2026-03-11 14:45:00,1.3422999382019043,1.3435261249542236,1.342209815979004,1.342209815979004,0
2026-03-11 15:00:00,1.341597557067871,1.3425161838531494,1.341597557067871,1.3425161838531494,0
2026-03-11 15:15:00,1.341309666633606,1.3415435552597046,1.3411837816238403,1.3413995504379272,0
2026-03-11 15:30:00,1.3401591777801514,1.3411297798156738,1.3401591777801514,1.3408960103988647,0
2026-03-11 15:45:00,1.3398001194000244,1.3405903577804563,1.3395129442214966,1.340105414390564,0
2026-03-11 16:00:00,1.3409498929977417,1.3409498929977417,1.3395129442214966,1.339710354804993,0
2026-03-11 16:15:00,1.3404287099838257,1.3408241271972656,1.3402310609817505,1.3406263589859009,0
2026-03-11 16:30:00,1.340752124786377,1.3412017822265625,1.3406083583831787,1.3406083583831787,0
2026-03-11 16:45:00,1.341075778007507,1.3411837816238403,1.3405005931854248,1.3408061265945437,0
2026-03-11 17:00:00,1.3411476612091064,1.341327667236328,1.3408960103988647,1.3410937786102295,0
2026-03-11 17:15:00,1.341705560684204,1.341705560684204,1.3406623601913452,1.3411656618118286,0
2026-03-11 17:30:00,1.340752124786377,1.341687560081482,1.3401591777801514,1.341687560081482,0
2026-03-11 17:45:00,1.3410937786102295,1.3412736654281616,1.340572476387024,1.3407162427902222,0
2026-03-11 18:00:00,1.3407342433929443,1.3411117792129517,1.3402310609817505,1.3411117792129517,0
2026-03-11 18:15:00,1.3417235612869265,1.3417415618896484,1.3408420085906982,1.3408420085906982,0
2026-03-11 18:30:00,1.3413995504379272,1.341813564300537,1.3413995504379272,1.341489553451538,0
2026-03-11 18:45:00,1.3415435552597046,1.341705560684204,1.341327667236328,1.341489553451538,0
2026-03-11 19:00:00,1.3412916660308838,1.3414356708526611,1.341219782829285,1.3414175510406494,0
2026-03-11 19:15:00,1.341489553451538,1.341687560081482,1.3412017822265625,1.3412017822265625,0
2026-03-11 19:30:00,1.3419395685195925,1.3419395685195925,1.3416335582733154,1.3416335582733154,0
2026-03-11 19:45:00,1.3418675661087036,1.3422459363937378,1.3417775630950928,1.3418315649032593,0
2026-03-11 20:00:00,1.341813564300537,1.3419036865234375,1.341525673866272,1.3416515588760376,0
2026-03-11 20:15:00,1.3416156768798828,1.3417415618896484,1.341597557067871,1.3417235612869265,0
2026-03-11 20:30:00,1.341327667236328,1.341705560684204,1.341327667236328,1.3416515588760376,0
2026-03-11 20:45:00,1.3413456678390503,1.3413456678390503,1.3410578966140747,1.3411837816238403,0
2026-03-11 21:00:00,1.3412017822265625,1.341327667236328,1.3410937786102295,1.3411476612091064,0
2026-03-11 21:15:00,1.341219782829285,1.3413995504379272,1.341075778007507,1.3413995504379272,0
2026-03-11 21:30:00,1.3412017822265625,1.341309666633606,1.341075778007507,1.3411656618118286,0
2026-03-11 21:45:00,1.3414356708526611,1.341705560684204,1.3411476612091064,1.3412017822265625,0
2026-03-11 22:00:00,1.340752124786377,1.341381549835205,1.340572476387024,1.341381549835205,0
2026-03-11 22:15:00,1.339979648590088,1.3407881259918213,1.339979648590088,1.3406802415847778,0
2026-03-11 22:30:00,1.3392080068588257,1.339925765991211,1.3392080068588257,1.339925765991211,0
2026-03-11 22:45:00,1.3389928340911863,1.339261770248413,1.3389389514923096,1.339100360870361,0
2026-03-11 23:00:00,1.339064598083496,1.3392797708511353,1.3388851881027222,1.339261770248413,0
2026-03-11 23:15:00,1.3384371995925903,1.3389031887054443,1.338401436805725,1.3388673067092896,0
2026-03-11 23:30:00,1.3380074501037598,1.3382940292358398,1.3377567529678345,1.338186502456665,0
2026-03-11 23:45:00,1.3382043838500977,1.3382940292358398,1.337846279144287,1.3381328582763672,0
2026-03-12 00:00:00,1.3371129035949707,1.338186502456665,1.3371129035949707,1.338186502456665,0
2026-03-12 00:15:00,1.337810516357422,1.3378641605377195,1.3371129035949707,1.33738112449646,0
2026-03-12 00:30:00,1.3389031887054443,1.3389031887054443,1.3377211093902588,1.3377389907836914,0
2026-03-12 00:45:00,1.33836567401886,1.3393514156341553,1.33836567401886,1.3389748334884644,0
2026-03-12 01:00:00,1.3387060165405271,1.3387060165405271,1.338258147239685,1.3385626077651978,0
2026-03-12 01:15:00,1.33931565284729,1.3394231796264648,1.3387060165405271,1.3388315439224243,0
2026-03-12 01:30:00,1.3395129442214966,1.339674472808838,1.3390824794769287,1.339297652244568,0
2026-03-12 01:45:00,1.338849425315857,1.3394770622253418,1.3386701345443726,1.3394770622253418,0
2026-03-12 02:00:00,1.338813543319702,1.3393514156341553,1.338813543319702,1.339100360870361,0
2026-03-12 02:15:00,1.3379716873168943,1.3388315439224243,1.3379716873168943,1.338813543319702,0
2026-03-12 02:30:00,1.336916208267212,1.3379895687103271,1.3367018699645996,1.3379000425338743,0
2026-03-12 02:45:00,1.3371665477752686,1.3371665477752686,1.3367375135421753,1.3370413780212402,0
2026-03-12 03:00:00,1.3368983268737793,1.33738112449646,1.3368090391159058,1.337095022201538,0
2026-03-12 03:15:00,1.3368805646896362,1.337095022201538,1.3366659879684448,1.336755394935608,0
2026-03-12 03:30:00,1.3372201919555664,1.3372201919555664,1.3368626832962036,1.336916208267212,0
2026-03-12 03:45:00,1.3371665477752686,1.3372559547424316,1.3370592594146729,1.337238073348999,0
2026-03-12 04:00:00,1.3372023105621338,1.337238073348999,1.3369877338409424,1.3372023105621338,0
2026-03-12 04:15:00,1.337148666381836,1.3372917175292969,1.3370771408081057,1.3371844291687012,0
2026-03-12 04:30:00,1.336523175239563,1.337148666381836,1.3364516496658323,1.337148666381836,0
2026-03-12 04:45:00,1.336308836936951,1.336683988571167,1.3361660242080688,1.3365052938461304,0
2026-03-12 05:00:00,1.3368983268737793,1.337327480316162,1.3363444805145264,1.336362361907959,0
2026-03-12 05:15:00,1.3374526500701904,1.3374526500701904,1.3368090391159058,1.3368090391159058,0
2026-03-12 05:30:00,1.33738112449646,1.3376315832138062,1.3372201919555664,1.337524175643921,0
2026-03-12 05:45:00,1.3368983268737793,1.337524175643921,1.3365768194198608,1.337524175643921,0
2026-03-12 06:00:00,1.3367375135421753,1.337327480316162,1.3367375135421753,1.3370413780212402,0
2026-03-12 06:15:00,1.3375779390335083,1.3375779390335083,1.336594581604004,1.3366124629974363,0
2026-03-12 06:30:00,1.3380074501037598,1.3380074501037598,1.3376315832138062,1.3376315832138062,0
2026-03-12 06:45:00,1.3381685018539429,1.3382043838500977,1.337846279144287,1.3380789756774902,0
2026-03-12 07:00:00,1.3387060165405271,1.3387060165405271,1.3381685018539429,1.3382223844528198,0
2026-03-12 07:15:00,1.3384552001953125,1.33872389793396,1.338329792022705,1.33872389793396,0
2026-03-12 07:30:00,1.33872389793396,1.33879554271698,1.337810516357422,1.33836567401886,0
2026-03-12 07:45:00,1.339297652244568,1.339297652244568,1.3379358053207395,1.3387597799301147,0
2026-03-12 08:00:00,1.339136242866516,1.3396027088165283,1.339136242866516,1.3396027088165283,0
2026-03-12 08:15:00,1.3383835554122925,1.339172124862671,1.3383835554122925,1.339100360870361,0
2026-03-12 08:30:00,1.338401436805725,1.3384730815887451,1.3377567529678345,1.3384552001953125,0
2026-03-12 08:45:00,1.337828516960144,1.3386164903640747,1.3373095989227295,1.3384730815887451,0
2026-03-12 09:00:00,1.3376137018203735,1.3382940292358398,1.3374885320663452,1.3377747535705566,0
2026-03-12 09:15:00,1.3386164903640747,1.3386164903640747,1.3373990058898926,1.3376137018203735,0
2026-03-12 09:30:00,1.3394949436187744,1.3394949436187744,1.3386881351470947,1.3387060165405271,0
2026-03-12 09:45:00,1.3394052982330322,1.3395309448242188,1.3391542434692385,1.3394231796264648,0
2026-03-12 10:00:00,1.3389928340911863,1.339620590209961,1.3389031887054443,1.3394591808319092,0
2026-03-12 10:15:00,1.3384193181991575,1.3388315439224243,1.3384193181991575,1.338741898536682,0
2026-03-12 10:30:00,1.3387597799301147,1.339172124862671,1.33872389793396,1.339172124862671,0
2026-03-12 10:45:00,1.3393694162368774,1.3395129442214966,1.3386342525482178,1.3386342525482178,0
2026-03-12 11:00:00,1.3394949436187744,1.339620590209961,1.3390824794769287,1.3393514156341553,0
2026-03-12 11:15:00,1.339710354804993,1.3398897647857666,1.3392797708511353,1.3393335342407229,0
2026-03-12 11:30:00,1.3407162427902222,1.3408061265945437,1.3399616479873655,1.3401591777801514,0
2026-03-12 11:45:00,1.3398360013961792,1.340985894203186,1.3396027088165283,1.3406083583831787,0
2026-03-12 12:00:00,1.33858060836792,1.3396564722061155,1.3385089635849,1.339620590209961,0
2026-03-12 12:15:00,1.337685227394104,1.338311791419983,1.3373453617095947,1.338311791419983,0
2026-03-12 12:30:00,1.3377211093902588,1.3377211093902588,1.3369520902633667,1.3374168872833252,0
2026-03-12 12:45:00,1.337846279144287,1.3379179239273071,1.3373990058898926,1.3373990058898926,0
2026-03-12 13:00:00,1.33836567401886,1.3391542434692385,1.3381328582763672,1.3381328582763672,0
2026-03-12 13:15:00,1.3382043838500977,1.3382043838500977,1.336683988571167,1.3377926349639893,0
2026-03-12 13:30:00,1.337882161140442,1.338401436805725,1.3375600576400757,1.338043212890625,0
2026-03-12 13:45:00,1.3369340896606443,1.3380074501037598,1.336594581604004,1.3376137018203735,0
2026-03-12 14:00:00,1.3368983268737793,1.33738112449646,1.3366124629974363,1.3373095989227295,0
2026-03-12 14:15:00,1.335951805114746,1.3374526500701904,1.335951805114746,1.3374526500701904,0
2026-03-12 14:30:00,1.335951805114746,1.336308836936951,1.3352738618850708,1.3358447551727295,0
2026-03-12 14:45:00,1.3358089923858645,1.336844801902771,1.335149168968201,1.3360053300857544,0
2026-03-12 15:00:00,1.3343117237091064,1.335149168968201,1.3340091705322266,1.335149168968201,0
2026-03-12 15:15:00,1.3349530696868896,1.3350956439971924,1.334294080734253,1.3344186544418335,0
2026-03-12 15:30:00,1.3357733488082886,1.3357733488082886,1.3344186544418335,1.33470356464386,0
2026-03-12 15:45:00,1.334917426109314,1.3359161615371704,1.3348639011383057,1.3359161615371704,0
2026-03-12 16:00:00,1.3345967531204224,1.335149168968201,1.3340270519256592,1.3349709510803225,0
2026-03-12 16:15:00,1.335309624671936,1.3362553119659424,1.3346322774887085,1.3346501588821411,0
2026-03-12 16:30:00,1.3352025747299194,1.3356306552886963,1.335024356842041,1.3351848125457764,0
2026-03-12 16:45:00,1.3348461389541626,1.335042119026184,1.3343831300735474,1.335042119026184,0
2026-03-12 17:00:00,1.3354700803756714,1.336076736450195,1.335006594657898,1.335006594657898,0
2026-03-12 17:15:00,1.335416555404663,1.3358089923858645,1.335077881813049,1.335149168968201,0
2026-03-12 17:30:00,1.3357733488082886,1.3359695672988892,1.3355236053466797,1.3355236053466797,0
2026-03-12 17:45:00,1.3356127738952637,1.3357198238372805,1.3352560997009275,1.3355414867401123,0
2026-03-12 18:00:00,1.335594892501831,1.3357020616531372,1.3353809118270874,1.3357020616531372,0
2026-03-12 18:15:00,1.3346858024597168,1.3357375860214231,1.3346680402755735,1.3357375860214231,0
2026-03-12 18:30:00,1.3347570896148682,1.335042119026184,1.3346322774887085,1.33470356464386,0
2026-03-12 18:45:00,1.3342405557632446,1.3346858024597168,1.3342405557632446,1.3346501588821411,0
2026-03-12 19:00:00,1.334489822387695,1.3346858024597168,1.334098219871521,1.334115982055664,0
2026-03-12 19:15:00,1.3344542980194092,1.334561109542847,1.3342050313949585,1.334561109542847,0
2026-03-12 19:30:00,1.3348639011383057,1.3349709510803225,1.3345789909362793,1.3345789909362793,0
2026-03-12 19:45:00,1.334899663925171,1.334899663925171,1.3344720602035522,1.334810495376587,0
2026-03-12 20:00:00,1.3346680402755735,1.3348817825317385,1.3344720602035522,1.334614634513855,0
2026-03-12 20:15:00,1.3342584371566772,1.33470356464386,1.3342584371566772,1.33470356464386,0
2026-03-12 20:30:00,1.334917426109314,1.334917426109314,1.3342405557632446,1.3343117237091064,0
2026-03-12 20:45:00,1.3344186544418335,1.3352025747299194,1.3343652486801147,1.3348639011383057,0
2026-03-12 21:00:00,1.3345967531204224,1.3345967531204224,1.333866834640503,1.333866834640503,0
2026-03-12 21:15:00,1.3347392082214355,1.3351134061813354,1.334436535835266,1.334436535835266,0
2026-03-12 21:30:00,1.3348817825317385,1.3348817825317385,1.3343117237091064,1.334614634513855,0
2026-03-12 21:45:00,1.3346322774887085,1.3349709510803225,1.3344186544418335,1.334917426109314,0
2026-03-12 22:00:00,1.3344720602035522,1.3346680402755735,1.334436535835266,1.3345789909362793,0
2026-03-12 22:15:00,1.3348461389541626,1.3348461389541626,1.334294080734253,1.334561109542847,0
2026-03-12 22:30:00,1.3350600004196167,1.3351670503616333,1.3347392082214355,1.334810495376587,0
2026-03-12 22:45:00,1.335024356842041,1.3351134061813354,1.3349530696868896,1.335077881813049,0
2026-03-12 23:00:00,1.3349709510803225,1.335024356842041,1.3348461389541626,1.335006594657898,0
2026-03-12 23:15:00,1.334810495376587,1.334935188293457,1.3346858024597168,1.334935188293457,0
2026-03-12 23:30:00,1.3351134061813354,1.3352025747299194,1.3348461389541626,1.3348461389541626,0
2026-03-12 23:45:00,1.335220456123352,1.3355236053466797,1.335042119026184,1.335042119026184,0
2026-03-13 00:00:00,1.3362730741500854,1.3362730741500854,1.3353630304336548,1.335559368133545,0
2026-03-13 00:15:00,1.3363444805145264,1.3363981246948242,1.3361660242080688,1.3362553119659424,0
2026-03-13 00:30:00,1.335862636566162,1.3363444805145264,1.335862636566162,1.3362016677856443,0
2026-03-13 00:45:00,1.3363981246948242,1.3365052938461304,1.3358803987503052,1.3359161615371704,0
2026-03-13 01:00:00,1.3368269205093384,1.337005615234375,1.3365052938461304,1.3366124629974363,0
2026-03-13 01:15:00,1.3366482257843018,1.3368983268737793,1.3365768194198608,1.3368983268737793,0
2026-03-13 01:30:00,1.336023211479187,1.3367018699645996,1.336023211479187,1.3367018699645996,0
2026-03-13 01:45:00,1.335666298866272,1.336076736450195,1.335505723953247,1.3359874486923218,0
2026-03-13 02:00:00,1.335755467414856,1.3362553119659424,1.3357198238372805,1.3357198238372805,0
2026-03-13 02:15:00,1.3356306552886963,1.3357733488082886,1.3355414867401123,1.3357733488082886,0
2026-03-13 02:30:00,1.334917426109314,1.3358447551727295,1.334917426109314,1.3356841802597046,0
2026-03-13 02:45:00,1.335220456123352,1.3354523181915283,1.3347926139831543,1.335042119026184,0
2026-03-13 03:00:00,1.3345433473587036,1.3351670503616333,1.3345433473587036,1.3351670503616333,0
2026-03-13 03:15:00,1.3343474864959717,1.3346680402755735,1.3343474864959717,1.334561109542847,0
2026-03-13 03:30:00,1.3345433473587036,1.3345433473587036,1.3340270519256592,1.334098219871521,0
2026-03-13 03:45:00,1.33470356464386,1.3347570896148682,1.334507703781128,1.334561109542847,0
2026-03-13 04:00:00,1.3342229127883911,1.3346501588821411,1.3342229127883911,1.3346322774887085,0
2026-03-13 04:15:00,1.33384907245636,1.3343474864959717,1.33384907245636,1.334329605102539,0
2026-03-13 04:30:00,1.3332266807556152,1.3337246179580688,1.3331201076507568,1.3337246179580688,0
2026-03-13 04:45:00,1.3332266807556152,1.3334400653839111,1.3331022262573242,1.3331555128097534,0
2026-03-13 05:00:00,1.3331201076507568,1.3332977294921875,1.332924485206604,1.3332977294921875,0
2026-03-13 05:15:00,1.3334044218063354,1.3334044218063354,1.3331022262573242,1.3332266807556152,0
2026-03-13 05:30:00,1.3333154916763306,1.333742380142212,1.3333154916763306,1.3334577083587646,0
2026-03-13 05:45:00,1.333280086517334,1.3335111141204834,1.3331201076507568,1.3333333730697632,0
2026-03-13 06:00:00,1.332906723022461,1.3334400653839111,1.332906723022461,1.3334400653839111,0
2026-03-13 06:15:00,1.3324273824691772,1.3327823877334597,1.3322319984436035,1.3327823877334597,0
2026-03-13 06:30:00,1.3320368528366089,1.3324627876281738,1.3316465616226196,1.3324450254440308,0
2026-03-13 06:45:00,1.3316997289657593,1.3320722579956057,1.3316465616226196,1.3320722579956057,0
2026-03-13 07:00:00,1.329539775848389,1.330725073814392,1.329539775848389,1.330654263496399,0
2026-03-13 07:15:00,1.3293452262878418,1.329716444015503,1.3286211490631104,1.329716444015503,0
2026-03-13 07:30:00,1.328674077987671,1.3296104669570925,1.328674077987671,1.3293275833129885,0
2026-03-13 07:45:00,1.3280036449432373,1.3288682699203491,1.327404260635376,1.3288682699203491,0
2026-03-13 08:00:00,1.326735019683838,1.3276863098144531,1.3266470432281494,1.3276863098144531,0
2026-03-13 08:15:00,1.3257501125335691,1.3268758058547974,1.3257324695587158,1.3265942335128784,0
2026-03-13 08:30:00,1.3265239000320437,1.327175259590149,1.3260313272476196,1.3260313272476196,0
2026-03-13 08:45:00,1.326119303703308,1.3265414237976074,1.325960993766785,1.3262951374053955,0
2026-03-13 09:00:00,1.3277567625045776,1.3277567625045776,1.326435923576355,1.326435923576355,0
2026-03-13 09:15:00,1.3278801441192627,1.3278801441192627,1.326946258544922,1.3275452852249146,0
2026-03-13 09:30:00,1.3259258270263672,1.3280389308929443,1.3259258270263672,1.3280389308929443,0
2026-03-13 09:45:00,1.326277494430542,1.3267173767089844,1.326013684272766,1.326013684272766,0
2026-03-13 10:00:00,1.3269639015197754,1.327386736869812,1.3264886140823364,1.3264886140823364,0
2026-03-13 10:15:00,1.3259258270263672,1.3270519971847534,1.3255391120910645,1.3270519971847534,0
2026-03-13 10:30:00,1.325960993766785,1.3261016607284546,1.3256973028182983,1.3259258270263672,0
2026-03-13 10:45:00,1.326084017753601,1.3274219036102295,1.32538104057312,1.3257324695587158,0
2026-03-13 11:00:00,1.3249244689941406,1.3265414237976074,1.3249244689941406,1.3260489702224731,0
2026-03-13 11:15:00,1.3258906602859497,1.3260313272476196,1.3246963024139404,1.3246963024139404,0
2026-03-13 11:30:00,1.3258906602859497,1.3265942335128784,1.3254337310791016,1.3259258270263672,0
2026-03-13 11:45:00,1.3253458738327026,1.326277494430542,1.3253458738327026,1.326277494430542,0
2026-03-13 12:00:00,1.3255919218063354,1.326189637184143,1.325117588043213,1.3255391120910645,0
2026-03-13 12:15:00,1.3263479471206665,1.326946258544922,1.3253458738327026,1.3255391120910645,0
2026-03-13 12:30:00,1.3270343542099,1.3271929025650024,1.3266997337341309,1.3271048069000244,0
2026-03-13 12:45:00,1.327122449874878,1.32821524143219,1.3269639015197754,1.3280742168426514,0
2026-03-13 13:00:00,1.3272457122802734,1.3278096914291382,1.326470971107483,1.327404260635376,0
2026-03-13 13:15:00,1.326981544494629,1.327263355255127,1.3267173767089844,1.3269991874694824,0
2026-03-13 13:30:00,1.3283741474151611,1.3283741474151611,1.327069640159607,1.3273690938949585,0
2026-03-13 13:45:00,1.3280211687088013,1.3289742469787598,1.3280211687088013,1.3283741474151611,0
2026-03-13 14:00:00,1.326981544494629,1.3276686668395996,1.326981544494629,1.3276686668395996,0
2026-03-13 14:15:00,1.3271929025650024,1.3272809982299805,1.3263126611709597,1.326946258544922,0
2026-03-13 14:30:00,1.326664686203003,1.3284447193145752,1.326664686203003,1.3275980949401855,0
2026-03-13 14:45:00,1.3256269693374634,1.3266470432281494,1.3255391120910645,1.326629400253296,0
2026-03-13 15:00:00,1.326084017753601,1.326136827468872,1.3252229690551758,1.3252581357955933,0
2026-03-13 15:15:00,1.3245209455490112,1.3258203268051147,1.324275255203247,1.3258203268051147,0
2026-03-13 15:30:00,1.323486566543579,1.324591040611267,1.3234164714813232,1.3242928981781006,0
2026-03-13 15:45:00,1.3239071369171145,1.3249948024749756,1.3231889009475708,1.323504090309143,0
2026-03-13 16:00:00,1.3239421844482422,1.324591040611267,1.3236618041992188,1.3237318992614746,0
2026-03-13 16:15:00,1.3238195180892944,1.323994755744934,1.3233815431594849,1.323994755744934,0
2026-03-13 16:30:00,1.323258876800537,1.323994755744934,1.323258876800537,1.3238720893859863,0
2026-03-13 16:45:00,1.3244681358337402,1.3247138261795044,1.3234164714813232,1.3234516382217407,0
2026-03-13 17:00:00,1.3241699934005735,1.3243805170059204,1.323924541473389,1.324310302734375,0
2026-03-13 17:15:00,1.3249948024749756,1.325117588043213,1.324643611907959,1.3246963024139404,0
2026-03-13 17:30:00,1.32501220703125,1.3252756595611572,1.3246086835861206,1.3246086835861206,0
2026-03-13 17:45:00,1.324626088142395,1.3250473737716677,1.3244155645370483,1.3250473737716677,0
2026-03-13 18:00:00,1.3242051601409912,1.3249069452285769,1.3241699934005735,1.324626088142395,0
2026-03-13 18:15:00,1.324047327041626,1.324099898338318,1.323574185371399,1.324012279510498,0
2026-03-13 18:30:00,1.324748992919922,1.3247840404510498,1.324047327041626,1.324047327041626,0
2026-03-13 18:45:00,1.324310302734375,1.3248717784881592,1.324257731437683,1.3248367309570312,0
2026-03-13 19:00:00,1.3236442804336548,1.3244155645370483,1.3236442804336548,1.3243805170059204,0
2026-03-13 19:15:00,1.3232064247131348,1.3236267566680908,1.3232064247131348,1.3236092329025269,0
2026-03-13 19:30:00,1.323031306266785,1.323504090309143,1.3229963779449463,1.323504090309143,0
2026-03-13 19:45:00,1.3227514028549194,1.3229262828826904,1.322558879852295,1.3229262828826904,0
2026-03-13 20:00:00,1.3222440481185913,1.322908878326416,1.3221217393875122,1.3226988315582275,0
2026-03-13 20:15:00,1.3221566677093506,1.3224713802337646,1.3221217393875122,1.3221217393875122,0
2026-03-13 20:30:00,1.3220518827438354,1.3223490715026855,1.3220518827438354,1.3223490715026855,0
2026-03-13 20:45:00,1.3224539756774902,1.322558879852295,1.3221042156219482,1.3221042156219482,0
2026-03-13 21:00:00,1.3223490715026855,1.3223490715026855,1.3223490715026855,1.3223490715026855,0
2026-03-13 21:15:00,1.3223490715026855,1.3223490715026855,1.3223490715026855,1.3223490715026855,0
2026-03-16 00:00:00,1.325556755065918,1.325808048248291,1.3249526023864746,1.3249526023864746,0
2026-03-16 00:15:00,1.3257553577423096,1.325996160507202,1.3255128860473633,1.3255128860473633,0
2026-03-16 00:30:00,1.325881838798523,1.326108694076538,1.325706124305725,1.325706124305725,0
2026-03-16 00:45:00,1.3263742923736572,1.326383113861084,1.3258678913116455,1.3258678913116455,0
2026-03-16 01:00:00,1.3256534337997437,1.32649564743042,1.3256042003631592,1.3264182806015017,0
2026-03-16 01:15:00,1.3251439332962036,1.325709581375122,1.3251439332962036,1.325542688369751,0
2026-03-16 01:30:00,1.325372338294983,1.325372338294983,1.3247647285461426,1.3249999284744265,0
2026-03-16 01:45:00,1.3258730173110962,1.3258730173110962,1.325430154800415,1.325556755065918,0
2026-03-16 02:00:00,1.325692057609558,1.3259135484695437,1.3255515098571775,1.3259047269821167,0
2026-03-16 02:15:00,1.325514554977417,1.3257887363433838,1.325361728668213,1.3255707025527954,0
2026-03-16 02:30:00,1.325574278831482,1.3255937099456787,1.3253581523895264,1.3253880739212036,0
2026-03-16 02:45:00,1.3254530429840088,1.3258538246154783,1.325430154800415,1.3255093097686768,0
2026-03-16 03:00:00,1.3255937099456787,1.3258782625198364,1.325263261795044,1.325423240661621,0
2026-03-16 03:15:00,1.325962781906128,1.325962781906128,1.325556755065918,1.3255971670150757,0
2026-03-16 03:30:00,1.3264024257659912,1.3264024257659912,1.3259838819503784,1.3259838819503784,0
2026-03-16 03:45:00,1.3261631727218628,1.3265080451965332,1.3260875940322876,1.326492190361023,0
2026-03-16 04:00:00,1.325966238975525,1.326210618019104,1.325793981552124,1.326161503791809,0
2026-03-16 04:15:00,1.3255497217178345,1.326066493988037,1.3254741430282593,1.326066493988037,0
2026-03-16 04:30:00,1.3252615928649902,1.3255356550216677,1.3252211809158323,1.3254741430282593,0
2026-03-16 04:45:00,1.3251193761825562,1.325475811958313,1.3251193761825562,1.3252352476119995,0
2026-03-16 05:00:00,1.3253337144851685,1.3255356550216677,1.325212478637695,1.3253440856933594,0
2026-03-16 05:15:00,1.3251702785491943,1.3253653049468994,1.3251702785491943,1.325252890586853,0
2026-03-16 05:30:00,1.3251123428344729,1.3252862691879272,1.3249385356903076,1.3252054452896118,0
2026-03-16 05:45:00,1.3251439332962036,1.3252897262573242,1.3249578475952148,1.3249753713607788,0
2026-03-16 06:00:00,1.325451374053955,1.3255022764205933,1.324934959411621,1.3250280618667605,0
2026-03-16 06:15:00,1.3243629932403564,1.3256428241729736,1.3243366479873655,1.3256007432937622,0
2026-03-16 06:30:00,1.32447350025177,1.3247560262680054,1.324182391166687,1.324605107307434,0
2026-03-16 06:45:00,1.3249824047088623,1.3249824047088623,1.3241472244262695,1.3246296644210815,0
2026-03-16 07:00:00,1.324775218963623,1.3253406286239624,1.324775218963623,1.3249753713607788,0
2026-03-16 07:15:00,1.3241788148880005,1.3249999284744265,1.3241297006607056,1.3246086835861206,0
2026-03-16 07:30:00,1.3239736557006836,1.324278712272644,1.3231346607208252,1.3241560459136963,0
2026-03-16 07:45:00,1.3243770599365234,1.3243770599365234,1.3238825798034668,1.3238825798034668,0
2026-03-16 08:00:00,1.3238071203231812,1.3248876333236694,1.3238071203231812,1.3245296478271484,0
2026-03-16 08:15:00,1.325084209442139,1.3252897262573242,1.3234550952911377,1.3234550952911377,0
2026-03-16 08:30:00,1.3242928981781006,1.3253740072250366,1.3242928981781006,1.3253740072250366,0
2026-03-16 08:45:00,1.3251404762268066,1.3251404762268066,1.32426655292511,1.32426655292511,0
2026-03-16 09:00:00,1.3251526355743408,1.325259804725647,1.3246384859085083,1.324931502342224,0
2026-03-16 09:15:00,1.3250807523727417,1.3251808881759644,1.324849009513855,1.3250263929367063,0
2026-03-16 09:30:00,1.324934959411621,1.324934959411621,1.3242086172103882,1.324859619140625,0
2026-03-16 09:45:00,1.324703335762024,1.325486421585083,1.324703335762024,1.3252615928649902,0
2026-03-16 10:00:00,1.3255971670150757,1.325602412223816,1.3248437643051147,1.3248437643051147,0
2026-03-16 10:15:00,1.3268002271652222,1.3268547058105469,1.325686812400818,1.3257553577423096,0
2026-03-16 10:30:00,1.3265748023986816,1.327175259590149,1.3265221118927002,1.327175259590149,0
2026-03-16 10:45:00,1.3272175788879397,1.327291488647461,1.3264886140823364,1.326571345329285,0
2026-03-16 11:00:00,1.3268389701843262,1.3271788358688354,1.3267948627471924,1.3270361423492432,0
2026-03-16 11:15:00,1.3268810510635376,1.3275099992752075,1.3268635272979736,1.3271453380584717,0
2026-03-16 11:30:00,1.327857255935669,1.327857255935669,1.326750874519348,1.326793193817139,0
2026-03-16 11:45:00,1.32793128490448,1.3283299207687378,1.3276033401489258,1.328047752380371,0
2026-03-16 12:00:00,1.3286830186843872,1.328838348388672,1.3278855085372925,1.3278855085372925,0
2026-03-16 12:15:00,1.3283123970031738,1.3285876512527466,1.328162431716919,1.3284093141555786,0
2026-03-16 12:30:00,1.3287287950515747,1.328822374343872,1.328407645225525,1.3287041187286377,0
2026-03-16 12:45:00,1.3277549743652344,1.328873634338379,1.3277250528335571,1.3288718461990356,0
2026-03-16 13:00:00,1.3286317586898804,1.3286317586898804,1.3279824256896973,1.327991247177124,0
2026-03-16 13:15:00,1.3287712335586548,1.3288171291351318,1.3281093835830688,1.3283811807632446,0
2026-03-16 13:30:00,1.3299570083618164,1.3299570083618164,1.3287429809570312,1.3287429809570312,0
2026-03-16 13:45:00,1.3308206796646118,1.3308650255203247,1.330003023147583,1.330003023147583,0
2026-03-16 14:00:00,1.3309022188186646,1.3311023712158203,1.330348014831543,1.3306418657302856,0
2026-03-16 14:15:00,1.330484390258789,1.3307888507843018,1.330236554145813,1.3304754495620728,0
2026-03-16 14:30:00,1.3294142484664917,1.3302966356277466,1.3294142484664917,1.3300914764404297,0
2026-03-16 14:45:00,1.329790711402893,1.3298261165618896,1.3294354677200315,1.3295308351516724,0
2026-03-16 15:00:00,1.3306914567947388,1.3306914567947388,1.3296881914138794,1.329898715019226,0
2026-03-16 15:15:00,1.3304630517959597,1.3310527801513672,1.3304630517959597,1.330849051475525,0
2026-03-16 15:30:00,1.3311609029769895,1.331722855567932,1.330599308013916,1.330599308013916,0
2026-03-16 15:45:00,1.3302083015441897,1.3315614461898804,1.329758882522583,1.3310315608978271,0
2026-03-16 16:00:00,1.330365777015686,1.3309625387191772,1.3301161527633667,1.3301427364349363,0
2026-03-16 16:15:00,1.3291598558425903,1.3306118249893188,1.32906973361969,1.3304046392440796,0
2026-03-16 16:30:00,1.33005952835083,1.3304170370101929,1.3289902210235596,1.3289902210235596,0
2026-03-16 16:45:00,1.3303091526031494,1.3308720588684082,1.329912781715393,1.329912781715393,0
2026-03-16 17:00:00,1.3313859701156616,1.3317139148712158,1.3308757543563845,1.3308757543563845,0
2026-03-16 17:15:00,1.3309322595596311,1.3312246799468994,1.330909252166748,1.3312140703201294,0
2026-03-16 17:30:00,1.3305410146713257,1.3310421705245972,1.3304100036621094,1.330888032913208,0
2026-03-16 17:45:00,1.3302417993545532,1.3308757543563845,1.3300472497940063,1.3308757543563845,0
2026-03-16 18:00:00,1.3317512273788452,1.3318452835083008,1.330434799194336,1.330434799194336,0
2026-03-16 18:15:00,1.3332622051239014,1.3332622051239014,1.3318824768066406,1.3319268226623535,0
2026-03-16 18:30:00,1.3335448503494265,1.3335448503494265,1.333184003829956,1.3331875801086426,0
2026-03-16 18:45:00,1.3331466913223269,1.3336373567581177,1.3330222368240356,1.3336373567581177,0
2026-03-16 19:00:00,1.33350932598114,1.3338295221328735,1.3332053422927856,1.3334115743637085,0
2026-03-16 19:15:00,1.3332675695419312,1.3337762355804443,1.33296537399292,1.3335342407226562,0
2026-03-16 19:30:00,1.3328107595443726,1.3336143493652344,1.3328107595443726,1.3333635330200195,0
2026-03-16 19:45:00,1.3325196504592896,1.3328588008880615,1.3324486017227173,1.3328588008880615,0
2026-03-16 20:00:00,1.3324273824691772,1.332775354385376,1.3324273824691772,1.3326350450515747,0
2026-03-16 20:15:00,1.3322515487670898,1.3323172330856323,1.3319072723388672,1.332304835319519,0
2026-03-16 20:30:00,1.3321806192398071,1.3324414491653442,1.3320918083190918,1.3323136568069458,0
2026-03-16 20:45:00,1.3316714763641355,1.3324486017227173,1.3316714763641355,1.3323367834091189,0
2026-03-16 21:00:00,1.332024335861206,1.332026124000549,1.331788420677185,1.3319144248962402,0
2026-03-16 21:15:00,1.3320811986923218,1.3321930170059204,1.3319108486175537,1.3319108486175537,0
2026-03-16 21:30:00,1.3320989608764648,1.332121968269348,1.331697940826416,1.3319463729858398,0
2026-03-16 21:45:00,1.3319729566574097,1.332184076309204,1.33193039894104,1.33196759223938,0
2026-03-16 22:00:00,1.3317476511001587,1.3319144248962402,1.331697940826416,1.331830978393555,0
2026-03-16 22:15:00,1.3317210674285889,1.3318097591400146,1.3316075801849363,1.3317264318466189,0
2026-03-16 22:30:00,1.3314480781555176,1.331697940826416,1.3313310146331787,1.331697940826416,0
2026-03-16 22:45:00,1.3313026428222656,1.3316004276275637,1.3312140703201294,1.3316004276275637,0
2026-03-16 23:00:00,1.330974817276001,1.331393122673035,1.330974817276001,1.331389546394348,0
2026-03-16 23:15:00,1.3310421705245972,1.331068754196167,1.3307976722717283,1.3309606313705444,0
2026-03-16 23:30:00,1.3311591148376465,1.3314001560211182,1.331058144569397,1.331058144569397,0
2026-03-16 23:45:00,1.331354022026062,1.331492304801941,1.3310315608978271,1.3310315608978271,0
2026-03-17 00:00:00,1.3306790590286257,1.3311643600463867,1.3306701183319092,1.3311573266983032,0
2026-03-17 00:15:00,1.330413579940796,1.3308720588684082,1.3303922414779663,1.330856204032898,0
2026-03-17 00:30:00,1.3303780555725098,1.3308950662612915,1.3303427696228027,1.3304117918014526,0
2026-03-17 00:45:00,1.3302613496780396,1.3306878805160522,1.32997465133667,1.3305799961090088,0
2026-03-17 01:00:00,1.3301303386688232,1.3304152488708496,1.3300206661224363,1.33018696308136,0
2026-03-17 01:15:00,1.3297412395477295,1.330050706863403,1.3295786380767822,1.330050706863403,0
2026-03-17 01:30:00,1.329898715019226,1.3302065134048462,1.3298014402389526,1.3299269676208496,0
2026-03-17 01:45:00,1.3306490182876587,1.3307746648788452,1.3298403024673462,1.3298403024673462,0
2026-03-17 02:00:00,1.3306630849838257,1.3307446241378784,1.3305091857910156,1.3306490182876587,0
2026-03-17 02:15:00,1.3308597803115845,1.3308597803115845,1.330514430999756,1.330514430999756,0
2026-03-17 02:30:00,1.330866813659668,1.3309907913208008,1.3308260440826416,1.3308632373809814,0
2026-03-17 02:45:00,1.3306560516357422,1.3310067653656006,1.3306560516357422,1.330942988395691,0
2026-03-17 03:00:00,1.3309004306793213,1.3309004306793213,1.3305073976516724,1.3305622339248655,0
2026-03-17 03:15:00,1.331217646598816,1.331288456916809,1.3309943675994873,1.3309943675994873,0
2026-03-17 03:30:00,1.3307852745056152,1.331277847290039,1.3307852745056152,1.3309412002563477,0
2026-03-17 03:45:00,1.3302099704742432,1.3306560516357422,1.330167531967163,1.3306560516357422,0
2026-03-17 04:00:00,1.3300772905349731,1.3303604125976562,1.3300384283065796,1.3302099704742432,0
2026-03-17 04:15:00,1.330225944519043,1.3302825689315796,1.3300861120224,1.3301143646240234,0
2026-03-17 04:30:00,1.3308898210525513,1.3308898210525513,1.330013632774353,1.330013632774353,0
2026-03-17 04:45:00,1.331183910369873,1.3315047025680542,1.331026315689087,1.331026315689087,0
2026-03-17 05:00:00,1.3311465978622437,1.3312370777130127,1.330834984779358,1.331029772758484,0
2026-03-17 05:15:00,1.330935835838318,1.331416130065918,1.3308950662612915,1.3312352895736694,0
2026-03-17 05:30:00,1.3301268815994265,1.330829620361328,1.3301268815994265,1.330787181854248,0
2026-03-17 05:45:00,1.3287129402160645,1.329838514328003,1.3287111520767212,1.329838514328003,0
2026-03-17 06:00:00,1.3277831077575684,1.3286017179489136,1.3273937702178955,1.3286017179489136,0
2026-03-17 06:15:00,1.328479886054993,1.3285170793533323,1.3275575637817385,1.3275575637817385,0
2026-03-17 06:30:00,1.3288311958312988,1.3289390802383425,1.32859468460083,1.32859468460083,0
2026-03-17 06:45:00,1.32903790473938,1.32903790473938,1.328321099281311,1.3288153409957886,0
2026-03-17 07:00:00,1.329539775848389,1.329573392868042,1.3288347721099854,1.32902729511261,0
2026-03-17 07:15:00,1.3309412002563477,1.3309412002563477,1.3289018869400024,1.3291527032852173,0
2026-03-17 07:30:00,1.3309606313705444,1.3314497470855713,1.3309606313705444,1.3311361074447632,0
2026-03-17 07:45:00,1.3305232524871826,1.3310651779174805,1.3302631378173828,1.3308916091918943,0
2026-03-17 08:00:00,1.3300702571868896,1.330957055091858,1.329930543899536,1.3306878805160522,0
2026-03-17 08:15:00,1.3314675092697144,1.3314675092697144,1.330013632774353,1.330105543136597,0
2026-03-17 08:30:00,1.3325817584991455,1.3326172828674316,1.3307268619537354,1.3314958810806274,0
2026-03-17 08:45:00,1.3328428268432615,1.3329778909683228,1.3320971727371216,1.3324503898620603,0
2026-03-17 09:00:00,1.3328553438186646,1.333425760269165,1.3328553438186646,1.333059549331665,0
2026-03-17 09:15:00,1.3336889743804932,1.3336889743804932,1.332526683807373,1.3328980207443235,0
2026-03-17 09:30:00,1.333283543586731,1.333785057067871,1.3331502676010132,1.333719253540039,0
2026-03-17 09:45:00,1.333463191986084,1.333463191986084,1.3328144550323486,1.3330702781677246,0
2026-03-17 10:00:00,1.333184003829956,1.333628535270691,1.333184003829956,1.3333369493484497,0
2026-03-17 10:15:00,1.3330631256103516,1.3330631256103516,1.3323172330856323,1.3327434062957764,0
2026-03-17 10:30:00,1.3327202796936035,1.3331289291381836,1.332457423210144,1.3330169916152954,0
2026-03-17 10:45:00,1.3324130773544312,1.33295476436615,1.3324130773544312,1.332924485206604,0
2026-03-17 11:00:00,1.3332213163375854,1.3334169387817385,1.3323296308517456,1.3323296308517456,0
2026-03-17 11:15:00,1.3333795070648191,1.3339290618896484,1.3332231044769287,1.3332231044769287,0
2026-03-17 11:30:00,1.333704948425293,1.333704948425293,1.3330702781677246,1.33313250541687,0
2026-03-17 11:45:00,1.331738829612732,1.3338313102722168,1.3315987586975098,1.3338313102722168,0
2026-03-17 12:00:00,1.3335537910461426,1.3335537910461426,1.331401824951172,1.3316447734832764,0
2026-03-17 12:15:00,1.3322657346725464,1.3332496881484983,1.3322657346725464,1.3332372903823853,0
2026-03-17 12:30:00,1.3328534364700315,1.3333333730697632,1.3326776027679443,1.3326776027679443,0
2026-03-17 12:45:00,1.3331520557403564,1.3334773778915403,1.332796573638916,1.332796573638916,0
2026-03-17 13:00:00,1.334733963012695,1.334733963012695,1.3335005044937134,1.3335005044937134,0
2026-03-17 13:15:00,1.334803342819214,1.3351812362670898,1.3346929550170898,1.3347374200820925,0
2026-03-17 13:30:00,1.3347766399383545,1.3359358310699463,1.3347766399383545,1.3349084854125977,0
2026-03-17 13:45:00,1.3346306085586548,1.3354557752609253,1.3344186544418335,1.3352988958358765,0
2026-03-17 14:00:00,1.3349210023880005,1.3351794481277466,1.334139108657837,1.3342050313949585,0
2026-03-17 14:15:00,1.3345273733139038,1.3347463607788086,1.3341124057769775,1.334618091583252,0
2026-03-17 14:30:00,1.3356412649154663,1.3356412649154663,1.3344953060150146,1.3345344066619873,0
2026-03-17 14:45:00,1.334803342819214,1.335726976394653,1.334803342819214,1.335726976394653,0
2026-03-17 15:00:00,1.334614634513855,1.3354967832565308,1.3343331813812256,1.3352186679840088,0
2026-03-17 15:15:00,1.3343349695205688,1.3350368738174438,1.3342121839523315,1.33470356464386,0
2026-03-17 15:30:00,1.3341089487075806,1.334507703781128,1.333653450012207,1.334507703781128,0
2026-03-17 15:45:00,1.334352731704712,1.334381341934204,1.3338865041732788,1.3341017961502075,0
2026-03-17 16:00:00,1.3342299461364746,1.334477424621582,1.3335521221160889,1.3339558839797974,0
2026-03-17 16:15:00,1.334587812423706,1.3346983194351196,1.334067940711975,1.3341089487075806,0
2026-03-17 16:30:00,1.3344987630844116,1.334587812423706,1.334329605102539,1.334587812423706,0
2026-03-17 16:45:00,1.334762454032898,1.3348604440689087,1.3346198797225952,1.3347090482711792,0
2026-03-17 17:00:00,1.334839105606079,1.3351277112960815,1.334700107574463,1.334700107574463,0
2026-03-17 17:15:00,1.3349745273590088,1.3350831270217896,1.3345521688461304,1.3346341848373413,0
2026-03-17 17:30:00,1.3351705074310305,1.335614562034607,1.3349779844284058,1.335079550743103,0
2026-03-17 17:45:00,1.3358571529388428,1.335896372795105,1.3352258205413818,1.3352258205413818,0
2026-03-17 18:00:00,1.3363820314407349,1.336389183998108,1.3360214233398438,1.336074948310852,0
2026-03-17 18:15:00,1.33583402633667,1.3364553451538086,1.3358250856399536,1.3364553451538086,0
2026-03-17 18:30:00,1.3357305526733398,1.335923194885254,1.3357001543045044,1.3357502222061155,0
2026-03-17 18:45:00,1.3356680870056152,1.336071491241455,1.3356680870056152,1.3357822895050049,0
2026-03-17 19:00:00,1.3359392881393433,1.3359392881393433,1.335536003112793,1.335536003112793,0
2026-03-17 19:15:00,1.3358197212219238,1.336339235305786,1.3357839584350586,1.3359695672988892,0
2026-03-17 19:30:00,1.335691213607788,1.33583402633667,1.3355753421783447,1.3358073234558103,0
2026-03-17 19:45:00,1.335213303565979,1.3358073234558103,1.3352097272872925,1.335792899131775,0
2026-03-17 20:00:00,1.3354790210723877,1.3358447551727295,1.3353327512741089,1.3353488445281982,0
2026-03-17 20:15:00,1.3352346420288086,1.3355289697647097,1.3352346420288086,1.3355003595352173,0
2026-03-17 20:30:00,1.3356109857559204,1.3356109857559204,1.3352971076965332,1.3352971076965332,0
2026-03-17 20:45:00,1.335614562034607,1.3357110023498535,1.335402250289917,1.3355753421783447,0
2026-03-17 21:00:00,1.3354772329330444,1.3361999988555908,1.3351099491119385,1.3356341123580933,0
2026-03-17 21:15:00,1.3358144760131836,1.335919737815857,1.3355236053466797,1.3356002569198608,0
2026-03-17 21:30:00,1.335800051689148,1.335873246192932,1.3355289697647097,1.335873246192932,0
2026-03-17 21:45:00,1.335878610610962,1.3360142707824707,1.3355841636657717,1.335651993751526,0
2026-03-17 22:00:00,1.3361248970031738,1.3361248970031738,1.3356770277023315,1.3356770277023315,0
2026-03-17 22:15:00,1.336033821105957,1.336153507232666,1.335957169532776,1.3360910415649414,0
2026-03-17 22:30:00,1.3359410762786863,1.336135745048523,1.3359410762786863,1.3359553813934326,0
2026-03-17 22:45:00,1.3360499143600464,1.3360962867736816,1.3358839750289917,1.3358839750289917,0
2026-03-17 23:00:00,1.335821509361267,1.3360214233398438,1.33563232421875,1.3360214233398438,0
2026-03-17 23:15:00,1.335796594619751,1.3358911275863647,1.3357073068618774,1.335792899131775,0
2026-03-17 23:30:00,1.3358055353164673,1.3359161615371704,1.3357341289520264,1.3357341289520264,0
2026-03-17 23:45:00,1.3357608318328855,1.3360196352005005,1.3357110023498535,1.335951805114746,0
2026-03-18 00:00:00,1.336135745048523,1.336251735687256,1.33573579788208,1.33573579788208,0
2026-03-18 00:15:00,1.3356645107269287,1.3361839056015017,1.3355610370635986,1.3361839056015017,0
2026-03-18 00:30:00,1.3353577852249146,1.3357858657836914,1.335183024406433,1.3356680870056152,0
2026-03-18 00:45:00,1.3351633548736572,1.335569977760315,1.3351633548736572,1.335569977760315,0
2026-03-18 01:00:00,1.3354665040969849,1.3361409902572632,1.3352864980697632,1.3352864980697632,0
2026-03-18 01:15:00,1.335379123687744,1.3355485200881958,1.3353327512741089,1.3355485200881958,0
2026-03-18 01:30:00,1.3355112075805664,1.3356091976165771,1.335347056388855,1.3353559970855713,0
2026-03-18 01:45:00,1.3353523015975952,1.3355841636657717,1.3351848125457764,1.3355841636657717,0
2026-03-18 02:00:00,1.3350671529769895,1.3355504274368286,1.3350671529769895,1.335423707962036,0
2026-03-18 02:15:00,1.3354344367980957,1.3354344367980957,1.335131287574768,1.335131287574768,0
2026-03-18 02:30:00,1.3355931043624878,1.335696578025818,1.3353755474090576,1.335402250289917,0
2026-03-18 02:45:00,1.335288166999817,1.3356075286865234,1.3352293968200684,1.3356038331985474,0
2026-03-18 03:00:00,1.3352864980697632,1.3353238105773926,1.3351099491119385,1.3352757692337036,0
2026-03-18 03:15:00,1.3352632522583008,1.3353809118270874,1.3352097272872925,1.335293531417847,0
2026-03-18 03:30:00,1.33539879322052,1.33539879322052,1.335227608680725,1.335227608680725,0
2026-03-18 03:45:00,1.3358055353164673,1.3358304500579834,1.3354647159576416,1.3354647159576416,0
2026-03-18 04:00:00,1.335873246192932,1.3361999988555908,1.335873246192932,1.3360874652862549,0
2026-03-18 04:15:00,1.3361320495605469,1.3361766338348389,1.3359785079956057,1.336101770401001,0
2026-03-18 04:30:00,1.336089253425598,1.3363052606582642,1.3360856771469116,1.3361839056015017,0
2026-03-18 04:45:00,1.3363571166992188,1.3364856243133545,1.336089253425598,1.336094617843628,0
2026-03-18 05:00:00,1.3368430137634275,1.3369090557098389,1.3363999128341677,1.3364248275756836,0
2026-03-18 05:15:00,1.336657166481018,1.336927056312561,1.336657166481018,1.3368769884109497,0
2026-03-18 05:30:00,1.3369449377059937,1.337019920349121,1.3366196155548096,1.3366196155548096,0
2026-03-18 05:45:00,1.3371808528900146,1.3372434377670288,1.3368126153945925,1.3368430137634275,0
2026-03-18 06:00:00,1.3370789289474487,1.3372952938079834,1.3368215560913086,1.3371200561523438,0
2026-03-18 06:15:00,1.3373525142669678,1.3374526500701904,1.3370717763900757,1.3370717763900757,0
2026-03-18 06:30:00,1.33678936958313,1.3374079465866089,1.336471438407898,1.3374079465866089,0
2026-03-18 06:45:00,1.3365267515182495,1.3367358446121216,1.3363159894943235,1.3367358446121216,0
2026-03-18 07:00:00,1.3366786241531372,1.3368698358535769,1.336317777633667,1.336317777633667,0
2026-03-18 07:15:00,1.3362106084823608,1.3366053104400637,1.3360910415649414,1.3363873958587646,0
2026-03-18 07:30:00,1.335354208946228,1.336135745048523,1.335354208946228,1.336135745048523,0
2026-03-18 07:45:00,1.335495114326477,1.335495114326477,1.3349584341049194,1.3351260423660278,0
2026-03-18 08:00:00,1.3357679843902588,1.3360962867736816,1.3352757692337036,1.3352757692337036,0
2026-03-18 08:15:00,1.3343991041183472,1.3359838724136353,1.3342229127883911,1.3359838724136353,0
2026-03-18 08:30:00,1.334587812423706,1.3347926139831543,1.3344649076461792,1.3344649076461792,0
2026-03-18 08:45:00,1.335076093673706,1.335213303565979,1.3342353105545044,1.334447145462036,0
2026-03-18 09:00:00,1.3343563079833984,1.3350279331207275,1.3343563079833984,1.3349014520645142,0
2026-03-18 09:15:00,1.335247278213501,1.3353327512741089,1.334605693817139,1.334605693817139,0
2026-03-18 09:30:00,1.3359482288360596,1.3359482288360596,1.3352186679840088,1.335223913192749,0
2026-03-18 09:45:00,1.3359392881393433,1.3360320329666138,1.3355753421783447,1.3360320329666138,0
2026-03-18 10:00:00,1.3359695672988892,1.3362356424331665,1.3358144760131836,1.3358304500579834,0
2026-03-18 10:15:00,1.3352864980697632,1.3359874486923218,1.3352864980697632,1.3359874486923218,0
2026-03-18 10:30:00,1.335347056388855,1.335429072380066,1.3348586559295654,1.3352454900741575,0
2026-03-18 10:45:00,1.335536003112793,1.3356163501739502,1.3351991176605225,1.335525393486023,0
2026-03-18 11:00:00,1.3366392850875854,1.336823344230652,1.335594892501831,1.335594892501831,0
2026-03-18 11:15:00,1.334924578666687,1.337080717086792,1.334924578666687,1.3364964723587036,0
2026-03-18 11:30:00,1.3358608484268188,1.33613383769989,1.3350207805633545,1.3352988958358765,0
2026-03-18 11:45:00,1.3360642194747925,1.3364320993423462,1.335195541381836,1.3354504108428955,0
2026-03-18 12:00:00,1.334805250167847,1.3362945318222046,1.3344311714172363,1.3358875513076782,0
2026-03-18 12:15:00,1.3336728811264038,1.3345236778259275,1.333418607711792,1.3345236778259275,0
2026-03-18 12:30:00,1.3323971033096311,1.3334773778915403,1.3323971033096311,1.3329672813415527,0
2026-03-18 12:45:00,1.3315632343292236,1.3325196504592896,1.331288456916809,1.3325196504592896,0
2026-03-18 13:00:00,1.3307268619537354,1.3318345546722412,1.3305763006210327,1.3314640522003174,0
2026-03-18 13:15:00,1.331985354423523,1.331985354423523,1.3306330442428589,1.3306330442428589,0
2026-03-18 13:30:00,1.3315047025680542,1.3322781324386597,1.3314640522003174,1.3319871425628662,0
2026-03-18 13:45:00,1.3326634168624878,1.3326634168624878,1.3315844535827637,1.3316075801849363,0
2026-03-18 14:00:00,1.330613613128662,1.3335413932800293,1.330613613128662,1.3325426578521729,0
2026-03-18 14:15:00,1.3307782411575315,1.3308792114257812,1.3304224014282229,1.3308738470077517,0
2026-03-18 14:30:00,1.3315366506576538,1.3315632343292236,1.330714464187622,1.330714464187622,0
2026-03-18 14:45:00,1.3325356245040894,1.3325356245040894,1.3315330743789673,1.331733465194702,0
2026-03-18 15:00:00,1.3325905799865725,1.3334720134735107,1.3325905799865725,1.3330222368240356,0
2026-03-18 15:15:00,1.3321912288665771,1.3327434062957764,1.3321201801300049,1.3327434062957764,0
2026-03-18 15:30:00,1.332629680633545,1.3329102993011477,1.3322372436523438,1.3325711488723757,0
2026-03-18 15:45:00,1.3321858644485474,1.33275043964386,1.3320049047470093,1.3325178623199463,0
2026-03-18 16:00:00,1.3331981897354126,1.3331981897354126,1.3320457935333252,1.3321806192398071,0
2026-03-18 16:15:00,1.3335503339767456,1.3336249589920044,1.3325746059417725,1.3325746059417725,0
2026-03-18 16:30:00,1.33271324634552,1.3333529233932495,1.3324450254440308,1.3332871198654177,0
2026-03-18 16:45:00,1.3335484266281128,1.3335503339767456,1.332526683807373,1.332862377166748,0
2026-03-18 17:00:00,1.3324486017227173,1.333608865737915,1.3324486017227173,1.333608865737915,0
2026-03-18 17:15:00,1.3331395387649536,1.3331395387649536,1.332356333732605,1.332429051399231,0
2026-03-18 17:30:00,1.333808183670044,1.3342335224151611,1.3331520557403564,1.333232045173645,0
2026-03-18 17:45:00,1.3342068195343018,1.3343349695205688,1.333646297454834,1.3342512845993042,0
2026-03-18 18:00:00,1.33368182182312,1.334935188293457,1.33368182182312,1.334935188293457,0
2026-03-18 18:15:00,1.3331093788146973,1.3331093788146973,1.3326137065887451,1.3326137065887451,0
2026-03-18 18:30:00,1.3314781188964844,1.3331822156906128,1.3314781188964844,1.3331822156906128,0
2026-03-18 18:45:00,1.3291455507278442,1.3310493230819702,1.3291455507278442,1.3310493230819702,0
2026-03-18 19:00:00,1.3285717964172363,1.3293241262435913,1.3285717964172363,1.3289990425109863,0
2026-03-18 19:15:00,1.328382968902588,1.3289495706558228,1.3282541036605835,1.3287800550460815,0
2026-03-18 19:30:00,1.328479886054993,1.3291314840316772,1.328479886054993,1.3286052942276,0
2026-03-18 19:45:00,1.3277814388275146,1.3282769918441772,1.3274730443954468,1.3282434940338137,0
2026-03-18 20:00:00,1.3265572786331177,1.3277744054794312,1.3265572786331177,1.327517032623291,0
2026-03-18 20:15:00,1.3257288932800293,1.3265026807785034,1.32564115524292,1.3265026807785034,0
2026-03-18 20:30:00,1.3255497217178345,1.3257676362991333,1.3254055976867676,1.3257324695587158,0
2026-03-18 20:45:00,1.3257746696472168,1.3258625268936155,1.3254477977752686,1.3256585597991943,0
2026-03-18 21:00:00,1.3258888721466064,1.3261737823486328,1.3256393671035769,1.3260225057601929,0
2026-03-18 21:15:00,1.3264482021331787,1.327199935913086,1.3261773586273191,1.3263813257217407,0
2026-03-18 21:30:00,1.3269444704055786,1.3270801305770874,1.3263391256332395,1.3270642757415771,0
2026-03-18 21:45:00,1.326896905899048,1.32704496383667,1.3263003826141355,1.326918125152588,0
2026-03-18 22:00:00,1.3253072500228882,1.3267807960510254,1.3252826929092407,1.3267807960510254,0
2026-03-18 22:15:00,1.3254584074020386,1.3255549669265747,1.3251984119415283,1.325298547744751,0
2026-03-18 22:30:00,1.3256902694702148,1.3256902694702148,1.3253337144851685,1.325497031211853,0
2026-03-18 22:45:00,1.3258976936340332,1.3260066509246826,1.325737714767456,1.325737714767456,0
2026-03-18 23:00:00,1.3259891271591189,1.3261914253234863,1.3257817029953003,1.3257817029953003,0
2026-03-18 23:15:00,1.3263567686080933,1.326358437538147,1.325976848602295,1.3260120153427124,0
2026-03-18 23:30:00,1.3265132904052734,1.326750874519348,1.326164960861206,1.3262635469436646,0
2026-03-18 23:45:00,1.326439380645752,1.3266470432281494,1.3263497352600098,1.3264604806900024,0
2026-03-19 00:00:00,1.3270467519760132,1.327266812324524,1.326481580734253,1.326481580734253,0
2026-03-19 00:15:00,1.3272844552993774,1.3273144960403442,1.3267948627471924,1.327199935913086,0
2026-03-19 00:30:00,1.3270044326782229,1.3274130821228027,1.3269586563110352,1.3274130821228027,0
2026-03-19 00:45:00,1.3284499645233154,1.3284499645233154,1.3269920349121094,1.3269920349121094,0
2026-03-19 01:00:00,1.3286139965057373,1.3288118839263916,1.3283652067184448,1.328608751296997,0
2026-03-19 01:15:00,1.3289706707000732,1.3289706707000732,1.3284870386123655,1.3284870386123655,0
2026-03-19 01:30:00,1.3289355039596558,1.3292410373687744,1.3287287950515747,1.3289159536361694,0
2026-03-19 01:45:00,1.3284605741500854,1.3289636373519895,1.3284605741500854,1.3289636373519895,0
2026-03-19 02:00:00,1.3293399810791016,1.3294442892074585,1.3278361558914185,1.328137755393982,0
2026-03-19 02:15:00,1.329590916633606,1.3296881914138794,1.3292516469955444,1.329419493675232,0
2026-03-19 02:30:00,1.3295079469680786,1.3296633958816528,1.3293858766555786,1.3294318914413452,0
2026-03-19 02:45:00,1.3286776542663574,1.329368233680725,1.3286776542663574,1.3293135166168213,0
2026-03-19 03:00:00,1.3290855884552002,1.3290855884552002,1.3286722898483276,1.3288365602493286,0
2026-03-19 03:15:00,1.3289036750793457,1.3292092084884644,1.328787088394165,1.3290607929229736,0
2026-03-19 03:30:00,1.3286247253417969,1.3287535905838013,1.328437566757202,1.328748345375061,0
2026-03-19 03:45:00,1.328213453292847,1.3287642002105713,1.328213453292847,1.328638792037964,0
2026-03-19 04:00:00,1.3277708292007446,1.328100562095642,1.327552318572998,1.3280495405197144,0
2026-03-19 04:15:00,1.3273215293884275,1.3277955055236816,1.3272651433944702,1.3277955055236816,0
2026-03-19 04:30:00,1.3271347284317017,1.32745361328125,1.3269639015197754,1.3273550271987915,0
2026-03-19 04:45:00,1.3272686004638672,1.3273602724075315,1.3268775939941406,1.3271453380584717,0
2026-03-19 05:00:00,1.3271013498306274,1.3273285627365112,1.3270044326782229,1.3273285627365112,0
2026-03-19 05:15:00,1.327097773551941,1.3273690938949585,1.3269374370574951,1.3271276950836182,0
2026-03-19 05:30:00,1.3263373374938965,1.3273215293884275,1.3263373374938965,1.3270431756973269,0
2026-03-19 05:45:00,1.3263847827911377,1.3270467519760132,1.3263847827911377,1.3266874551773071,0
2026-03-19 06:00:00,1.3271489143371582,1.3271489143371582,1.326164960861206,1.3263338804244995,0
2026-03-19 06:15:00,1.3269516229629517,1.3276863098144531,1.3269516229629517,1.327175259590149,0
2026-03-19 06:30:00,1.3268705606460571,1.3268934488296509,1.326326847076416,1.326823115348816,0
2026-03-19 06:45:00,1.3266329765319824,1.3270519971847534,1.3263126611709597,1.3270519971847534,0
2026-03-19 07:00:00,1.3261702060699463,1.3267103433609009,1.3252686262130735,1.3267103433609009,0
2026-03-19 07:15:00,1.326601266860962,1.3271629810333252,1.326375961303711,1.3266944885253906,0
2026-03-19 07:30:00,1.3265695571899414,1.3272579908370972,1.3265695571899414,1.326895236968994,0
2026-03-19 07:45:00,1.326351523399353,1.3270995616912842,1.3260048627853394,1.3264693021774292,0
2026-03-19 08:00:00,1.3257975578308103,1.3262406587600708,1.3252686262130735,1.326235294342041,0
2026-03-19 08:15:00,1.32564115524292,1.3266839981079102,1.3255250453948977,1.3263777494430542,0
2026-03-19 08:30:00,1.3247681856155396,1.3261104822158811,1.3245770931243896,1.325711369514465,0
2026-03-19 08:45:00,1.3253705501556396,1.3255338668823242,1.3249280452728271,1.324934959411621,0
2026-03-19 09:00:00,1.32635498046875,1.3268283605575562,1.3256621360778809,1.3256621360778809,0
2026-03-19 09:15:00,1.3260594606399536,1.328201174736023,1.3260594606399536,1.3264763355255127,0
2026-03-19 09:30:00,1.3271048069000244,1.3272017240524292,1.326449990272522,1.3264763355255127,0
2026-03-19 09:45:00,1.3285770416259766,1.3288896083831787,1.327291488647461,1.327404260635376,0
2026-03-19 10:00:00,1.3282787799835205,1.3287147283554075,1.3280335664749146,1.3283511400222778,0
2026-03-19 10:15:00,1.3273690938949585,1.328121781349182,1.3273637294769287,1.3280935287475586,0
2026-03-19 10:30:00,1.327425479888916,1.327631592750549,1.327277421951294,1.3273584842681885,0
2026-03-19 10:45:00,1.3280036449432373,1.3282647132873535,1.3275399208068848,1.3275399208068848,0
2026-03-19 11:00:00,1.328233003616333,1.3285329341888428,1.3279753923416138,1.3279753923416138,0
2026-03-19 11:15:00,1.3277021646499634,1.328135967254639,1.327199935913086,1.3280742168426514,0
2026-03-19 11:30:00,1.3279348611831665,1.3279736042022705,1.3274905681610107,1.3276033401489258,0
2026-03-19 11:45:00,1.3292852640151978,1.3292852640151978,1.3276174068450928,1.3277302980422974,0
2026-03-19 12:00:00,1.3295680284500122,1.330719828605652,1.3289495706558228,1.330617070198059,0
2026-03-19 12:15:00,1.3286864757537842,1.32999587059021,1.3284322023391724,1.3296034336090088,0
2026-03-19 12:30:00,1.3298685550689695,1.3301639556884766,1.3284022808074951,1.3284022808074951,0
2026-03-19 12:45:00,1.330003023147583,1.3303816318511963,1.3296352624893188,1.3300294876098633,0
2026-03-19 13:00:00,1.3297996520996094,1.3306844234466553,1.3296527862548828,1.3301233053207395,0
2026-03-19 13:15:00,1.3303710222244265,1.3319783210754397,1.329469084739685,1.329469084739685,0
2026-03-19 13:30:00,1.330535650253296,1.3306366205215454,1.328456997871399,1.3286105394363403,0
2026-03-19 13:45:00,1.334879994392395,1.335068941116333,1.3301339149475098,1.3301339149475098,0
2026-03-19 14:00:00,1.3357198238372805,1.336878776550293,1.335636019706726,1.335636019706726,0
2026-03-19 14:15:00,1.3343117237091064,1.336108922958374,1.3339078426361084,1.334700107574463,0
2026-03-19 14:30:00,1.3352971076965332,1.3362553119659424,1.333959460258484,1.333959460258484,0
2026-03-19 14:45:00,1.336549997329712,1.3367269039154053,1.3352186679840088,1.3352845907211304,0
2026-03-19 15:00:00,1.3384068012237549,1.3387740850448608,1.3362553119659424,1.3362553119659424,0
2026-03-19 15:15:00,1.3358376026153564,1.338270664215088,1.3358376026153564,1.338270664215088,0
2026-03-19 15:30:00,1.3351294994354248,1.3358875513076782,1.3346198797225952,1.3358465433120728,0
2026-03-19 15:45:00,1.335971474647522,1.3362356424331665,1.3345218896865845,1.335033297538757,0
2026-03-19 16:00:00,1.3365339040756226,1.3374903202056885,1.3358144760131836,1.3358144760131836,0
2026-03-19 16:15:00,1.3370753526687622,1.3374311923980713,1.3365695476531982,1.3367608785629272,0
2026-03-19 16:30:00,1.3369412422180176,1.3371540307998655,1.3361427783966064,1.336912751197815,0
2026-03-19 16:45:00,1.3369662761688232,1.3369662761688232,1.335463047027588,1.3367840051651,0
2026-03-19 17:00:00,1.3380379676818848,1.3380683660507202,1.3370217084884644,1.3371397256851196,0
2026-03-19 17:15:00,1.3397014141082764,1.3399239778518677,1.3382169008255005,1.3382169008255005,0
2026-03-19 17:30:00,1.3402544260025024,1.3402544260025024,1.3395506143569946,1.3398431539535522,0
2026-03-19 17:45:00,1.3403712511062622,1.3407719135284424,1.339967131614685,1.3402400016784668,0
2026-03-19 18:00:00,1.340335249900818,1.3404358625411987,1.3398360013961792,1.3401987552642822,0
2026-03-19 18:15:00,1.340367555618286,1.3406083583831787,1.3398754596710205,1.340540051460266,0
2026-03-19 18:30:00,1.3396259546279907,1.3403873443603516,1.3395040035247805,1.3402472734451294,0
2026-03-19 18:45:00,1.341783046722412,1.3418675661087036,1.339582920074463,1.339582920074463,0
2026-03-19 19:00:00,1.3461178541183472,1.3464494943618774,1.3424440622329712,1.3424440622329712,0
2026-03-19 19:15:00,1.3439360857009888,1.3462574481964111,1.3434197902679443,1.3462555408477783,0
2026-03-19 19:30:00,1.3436471223831177,1.3438999652862549,1.343017339706421,1.3437446355819702,0
2026-03-19 19:45:00,1.343250036239624,1.343531608581543,1.3426116704940796,1.3433222770690918,0
2026-03-19 20:00:00,1.3430787324905396,1.3435479402542114,1.3429560661315918,1.3431274890899658,0
2026-03-19 20:15:00,1.3433692455291748,1.3433799743652344,1.3429181575775146,1.3431382179260254,0
2026-03-19 20:30:00,1.342945218086243,1.3433655500411987,1.3426657915115356,1.3433655500411987,0
2026-03-19 20:45:00,1.343125581741333,1.3434919118881226,1.3429758548736572,1.3429957628250122,0
2026-03-19 21:00:00,1.3432248830795288,1.343551516532898,1.3430534601211548,1.343086004257202,0
2026-03-19 21:15:00,1.342810034751892,1.343192458152771,1.3415706157684326,1.342826247215271,0
2026-03-19 21:30:00,1.3432555198669434,1.3439595699310305,1.3432483673095703,1.3435966968536377,0
2026-03-19 21:45:00,1.3428659439086914,1.3436869382858276,1.341745138168335,1.343152642250061,0
2026-03-19 22:00:00,1.343726634979248,1.3442378044128418,1.3431599140167236,1.3431599140167236,0
2026-03-19 22:15:00,1.343195915222168,1.3436760902404783,1.3431814908981323,1.3436760902404783,0
2026-03-19 22:30:00,1.3427035808563232,1.3431038856506348,1.3427035808563232,1.3430426120758057,0
2026-03-19 22:45:00,1.3426603078842163,1.3428280353546145,1.342590093612671,1.3427541255950928,0
2026-03-19 23:00:00,1.342615246772766,1.3430228233337402,1.3425936698913574,1.3430228233337402,0
2026-03-19 23:15:00,1.3425503969192505,1.3426350355148315,1.3424403667449951,1.342595458030701,0
2026-03-19 23:30:00,1.342227816581726,1.3426729440689087,1.342227816581726,1.3426729440689087,0
2026-03-19 23:45:00,1.3424782752990725,1.3426495790481567,1.3421449661254885,1.3423521518707275,0
2026-03-20 00:00:00,1.342371940612793,1.342712640762329,1.3422404527664185,1.3425017595291138,0
2026-03-20 00:15:00,1.34217369556427,1.3427361249923706,1.34217369556427,1.3426188230514526,0
2026-03-20 00:30:00,1.3423107862472534,1.3423107862472534,1.3418909311294556,1.3420891761779783,0
2026-03-20 00:45:00,1.3424205780029297,1.3424205780029297,1.3420405387878418,1.3422764539718628,0
2026-03-20 01:00:00,1.3427180051803589,1.3428442478179932,1.342517971992493,1.3425467014312744,0
2026-03-20 01:15:00,1.3421486616134644,1.342728853225708,1.3421000242233276,1.3426387310028076,0
2026-03-20 01:30:00,1.34197199344635,1.3423107862472534,1.341806411743164,1.3423107862472534,0
2026-03-20 01:45:00,1.341599464416504,1.3419630527496338,1.3413565158843994,1.3419630527496338,0
2026-03-20 02:00:00,1.3415544033050537,1.341845989227295,1.341333031654358,1.3416119813919067,0
2026-03-20 02:15:00,1.341309666633606,1.34151291847229,1.341252088546753,1.341505765914917,0
2026-03-20 02:30:00,1.3411297798156738,1.341509461402893,1.3410974740982056,1.3413385152816772,0
2026-03-20 02:45:00,1.341169357299805,1.341509461402893,1.3411046266555786,1.3411046266555786,0
2026-03-20 03:00:00,1.3408114910125732,1.3411351442337036,1.3408114910125732,1.3411351442337036,0
2026-03-20 03:15:00,1.340800642967224,1.3409284353256226,1.3404808044433594,1.3408437967300415,0
2026-03-20 03:30:00,1.340563416481018,1.3408043384552002,1.3405184745788574,1.3408043384552002,0
2026-03-20 03:45:00,1.340335249900818,1.3407000303268433,1.340335249900818,1.3405526876449585,0
2026-03-20 04:00:00,1.340421438217163,1.3405598402023315,1.34035325050354,1.3404017686843872,0
2026-03-20 04:15:00,1.3404394388198853,1.3406784534454346,1.3403639793395996,1.3405274152755735,0
2026-03-20 04:30:00,1.3405580520629885,1.340628147125244,1.3404430150985718,1.340484380722046,0
2026-03-20 04:45:00,1.3402849435806274,1.3406245708465576,1.3402849435806274,1.3404574394226074,0
2026-03-20 05:00:00,1.3407576084136963,1.3407576084136963,1.3402562141418457,1.3402562141418457,0
2026-03-20 05:15:00,1.3407881259918213,1.3408870697021484,1.3405832052230835,1.340768337249756,0
2026-03-20 05:30:00,1.3403801918029783,1.3406083583831787,1.3401843309402466,1.3406083583831787,0
2026-03-20 05:45:00,1.3400191068649292,1.3403980731964111,1.339967131614685,1.3403980731964111,0
2026-03-20 06:00:00,1.3410056829452517,1.3410056829452517,1.3401663303375244,1.3401663303375244,0
2026-03-20 06:15:00,1.3409805297851562,1.3411531448364258,1.3406802415847778,1.3411531448364258,0
2026-03-20 06:30:00,1.3405293226242063,1.3410199880599976,1.3405293226242063,1.3410199880599976,0
2026-03-20 06:45:00,1.3403136730194092,1.340556263923645,1.3400856256484983,1.3404287099838257,0
2026-03-20 07:00:00,1.341732621192932,1.3422242403030396,1.3398197889328003,1.340132236480713,0
2026-03-20 07:15:00,1.3423576354980469,1.342476487159729,1.341728925704956,1.341802716255188,0
2026-03-20 07:30:00,1.3426820039749146,1.3426820039749146,1.3417127132415771,1.3421791791915894,0
2026-03-20 07:45:00,1.3427306413650513,1.3430607318878174,1.3424890041351318,1.3427541255950928,0
2026-03-20 08:00:00,1.343376398086548,1.3433945178985596,1.3427035808563232,1.343091368675232,0
2026-03-20 08:15:00,1.3431544303894043,1.343589425086975,1.3431544303894043,1.34348464012146,0
2026-03-20 08:30:00,1.3426982164382937,1.3432410955429075,1.3426982164382937,1.342993974685669,0
2026-03-20 08:45:00,1.3419252634048462,1.342480182647705,1.3419252634048462,1.3423107862472534,0
2026-03-20 09:00:00,1.3412755727767944,1.3416587114334106,1.3408204317092896,1.3416082859039309,0
2026-03-20 09:15:00,1.3404197692871094,1.3410290479660034,1.3403280973434448,1.3410290479660034,0
2026-03-20 09:30:00,1.3399616479873655,1.3405436277389526,1.339661955833435,1.3403873443603516,0
2026-03-20 09:45:00,1.338284969329834,1.3397517204284668,1.338284969329834,1.3397517204284668,0
2026-03-20 10:00:00,1.33678936958313,1.3377801179885864,1.3364659547805786,1.3377801179885864,0
2026-03-20 10:15:00,1.33721661567688,1.3373310565948486,1.3367679119110107,1.337121844291687,0
2026-03-20 10:30:00,1.3377050161361694,1.3380181789398191,1.3368090391159058,1.337066411972046,0
2026-03-20 10:45:00,1.3379215002059937,1.3381847143173218,1.3374615907669067,1.3376262187957764,0
2026-03-20 11:00:00,1.3390196561813354,1.3391846418380735,1.337665557861328,1.3377604484558103,0
2026-03-20 11:15:00,1.3390753269195557,1.3392707109451294,1.338564395904541,1.338697075843811,0
2026-03-20 11:30:00,1.3398683071136477,1.3398683071136477,1.339064598083496,1.339240312576294,0
2026-03-20 11:45:00,1.339588284492493,1.3396905660629272,1.3384981155395508,1.3396905660629272,0
2026-03-20 12:00:00,1.3402831554412842,1.3408348560333252,1.3393712043762207,1.3397642374038696,0
2026-03-20 12:15:00,1.3397480249404907,1.3402328491210938,1.3396350145339966,1.3402328491210938,0
2026-03-20 12:30:00,1.338673710823059,1.3402256965637207,1.338284969329834,1.3402256965637207,0
2026-03-20 12:45:00,1.3381434679031372,1.3388923406600952,1.3377443552017212,1.3385841846466064,0
2026-03-20 13:00:00,1.3366000652313232,1.3380755186080933,1.3364731073379517,1.3380755186080933,0
2026-03-20 13:15:00,1.336440920829773,1.336986064910889,1.336396336555481,1.336396336555481,0
2026-03-20 13:30:00,1.3369072675704956,1.3369072675704956,1.335666298866272,1.3364605903625488,0
2026-03-20 13:45:00,1.3351188898086548,1.337361454963684,1.3351188898086548,1.3369662761688232,0
2026-03-20 14:00:00,1.3323899507522583,1.334887146949768,1.3323899507522583,1.3347837924957275,0
2026-03-20 14:15:00,1.330822467803955,1.3326847553253174,1.3305888175964355,1.3324947357177734,0
2026-03-20 14:30:00,1.331655502319336,1.3321343660354614,1.330888032913208,1.331201672554016,0
2026-03-20 14:45:00,1.331019163131714,1.331806182861328,1.3306490182876587,1.3315668106079102,0
2026-03-20 15:00:00,1.332924485206604,1.332924485206604,1.3309943675994873,1.3311856985092163,0
2026-03-20 15:15:00,1.332322597503662,1.334594964981079,1.332322597503662,1.3329956531524658,0
2026-03-20 15:30:00,1.332166314125061,1.3331555128097534,1.331820368766785,1.33249831199646,0
2026-03-20 15:45:00,1.3303550481796265,1.3321610689163208,1.3300384283065796,1.3319605588912964,0
2026-03-20 16:00:00,1.3322142362594604,1.332247972488403,1.3301939964294434,1.3301939964294434,0
2026-03-20 16:15:00,1.332480549812317,1.3331609964370728,1.332116723060608,1.332116723060608,0
2026-03-20 16:30:00,1.3321930170059204,1.332405924797058,1.331405520439148,1.3319693803787231,0
2026-03-20 16:45:00,1.3321948051452637,1.332990288734436,1.3317246437072754,1.33226215839386,0
2026-03-20 17:00:00,1.3328481912612915,1.3332711458206177,1.3319835662841797,1.332436203956604,0
2026-03-20 17:15:00,1.3338366746902466,1.3338366746902466,1.3325178623199463,1.3329511880874634,0
2026-03-20 17:30:00,1.3340537548065186,1.334219217300415,1.33350932598114,1.333991527557373,0
2026-03-20 17:45:00,1.3336124420166016,1.3341659307479858,1.3336124420166016,1.3339790105819702,0
2026-03-20 18:00:00,1.3345184326171875,1.3345379829406738,1.3340181112289429,1.334075093269348,0
2026-03-20 18:15:00,1.334589600563049,1.3351260423660278,1.333646297454834,1.334507703781128,0
2026-03-20 18:30:00,1.333737015724182,1.3348212242126465,1.333737015724182,1.3345005512237549,0
2026-03-20 18:45:00,1.3326314687728882,1.3338954448699951,1.3325568437576294,1.3337138891220093,0
2026-03-20 19:00:00,1.3329832553863523,1.3329832553863523,1.332200050354004,1.3328126668930054,0
2026-03-20 19:15:00,1.3328055143356323,1.3335306644439695,1.332803726196289,1.3333048820495603,0
2026-03-20 19:30:00,1.3336622714996338,1.3336622714996338,1.332082986831665,1.332862377166748,0
2026-03-20 19:45:00,1.3332977294921875,1.3341000080108645,1.3331520557403564,1.3336373567581177,0
2026-03-20 20:00:00,1.3335413932800293,1.3338847160339355,1.3334702253341677,1.3335537910461426,0
2026-03-20 20:15:00,1.3336907625198364,1.333774447441101,1.3335129022598269,1.333564519882202,0
2026-03-20 20:30:00,1.3336997032165527,1.3338686227798462,1.3336106538772583,1.333825945854187,0
2026-03-20 20:45:00,1.3340590000152588,1.3344168663024902,1.333704948425293,1.3337565660476685,0
2026-03-20 21:00:00,1.3342032432556152,1.3342032432556152,1.3342032432556152,1.3342032432556152,0
2026-03-20 21:15:00,1.334491729736328,1.334491729736328,1.334491729736328,1.334491729736328,0
