Datetime,Close,High,Low,Open,Volume
2026-01-08 05:00:00,4436.0,4441.0,4434.2001953125,4439.7998046875,1149
2026-01-08 05:15:00,4433.89990234375,4437.7998046875,4430.7998046875,4435.7998046875,2125
2026-01-08 05:30:00,4426.89990234375,4434.7998046875,4423.60009765625,4434.10009765625,3277
2026-01-08 05:45:00,4433.60009765625,4435.7998046875,4423.60009765625,4426.89990234375,1647
2026-01-08 06:00:00,4428.5,4437.2998046875,4423.7001953125,4433.39990234375,2069
2026-01-08 06:15:00,4434.2998046875,4436.2998046875,4426.2998046875,4428.7001953125,1259
2026-01-08 06:30:00,4443.7001953125,4445.7001953125,4434.60009765625,4434.60009765625,2207
2026-01-08 06:45:00,4441.5,4444.10009765625,4437.7001953125,4443.39990234375,1298
2026-01-08 07:00:00,4444.0,4448.39990234375,4440.2001953125,4441.39990234375,1392
2026-01-08 07:15:00,4444.89990234375,4445.60009765625,4439.5,4444.2001953125,1704
2026-01-08 07:30:00,4439.39990234375,4445.39990234375,4439.0,4444.7001953125,945
2026-01-08 07:45:00,4438.60009765625,4442.10009765625,4436.10009765625,4439.2001953125,857
2026-01-08 08:00:00,4433.89990234375,4441.39990234375,4433.10009765625,4438.5,1632
2026-01-08 08:15:00,4434.89990234375,4438.7998046875,4433.10009765625,4433.39990234375,634
2026-01-08 08:30:00,4429.0,4436.60009765625,4427.39990234375,4434.89990234375,1437
2026-01-08 08:45:00,4439.39990234375,4440.39990234375,4428.7001953125,4428.7998046875,1545
2026-01-08 09:00:00,4438.60009765625,4443.2998046875,4438.0,4439.2001953125,1021
2026-01-08 09:15:00,4438.0,4439.10009765625,4433.5,4438.7001953125,1311
2026-01-08 09:30:00,4440.7998046875,4442.5,4437.60009765625,4437.60009765625,1006
2026-01-08 09:45:00,4440.2998046875,4441.0,4436.7001953125,4440.89990234375,852
2026-01-08 10:00:00,4437.10009765625,4440.39990234375,4435.2998046875,4440.2998046875,859
2026-01-08 10:15:00,4432.2001953125,4438.39990234375,4430.60009765625,4436.7001953125,1069
2026-01-08 10:30:00,4440.7998046875,4443.0,4431.2998046875,4432.2001953125,1945
2026-01-08 10:45:00,4441.60009765625,4442.2001953125,4438.10009765625,4440.7001953125,1150
2026-01-08 11:00:00,4436.7001953125,4441.60009765625,4435.7998046875,4441.5,867
2026-01-08 11:15:00,4435.0,4437.89990234375,4433.0,4436.5,742
2026-01-08 11:30:00,4435.0,4436.60009765625,4433.0,4434.7001953125,430
2026-01-08 11:45:00,4431.0,4435.7001953125,4429.60009765625,4434.7001953125,979
2026-01-08 12:00:00,4420.10009765625,4430.89990234375,4419.39990234375,4430.89990234375,3463
2026-01-08 12:15:00,4428.2001953125,4430.0,4415.0,4419.7998046875,3555
2026-01-08 12:30:00,4436.7998046875,4439.0,4427.5,4427.89990234375,2460
2026-01-08 12:45:00,4434.7001953125,4438.10009765625,4433.7001953125,4436.7998046875,1409
2026-01-08 13:00:00,4428.39990234375,4437.39990234375,4425.0,4435.10009765625,2363
2026-01-08 13:15:00,4442.39990234375,4444.5,4428.39990234375,4428.39990234375,3270
2026-01-08 13:30:00,4441.89990234375,4444.39990234375,4434.39990234375,4443.0,3198
2026-01-08 13:45:00,4432.0,4442.7001953125,4429.60009765625,4442.2001953125,2854
2026-01-08 14:00:00,4431.60009765625,4436.5,4427.2001953125,4432.2998046875,4063
2026-01-08 14:15:00,4436.10009765625,4438.89990234375,4427.5,4431.7001953125,2386
2026-01-08 14:30:00,4435.0,4444.2001953125,4430.39990234375,4435.89990234375,5252
2026-01-08 14:45:00,4441.39990234375,4448.2001953125,4434.5,4434.5,4080
2026-01-08 15:00:00,4456.7998046875,4458.2998046875,4436.2998046875,4441.39990234375,7599
2026-01-08 15:15:00,4456.89990234375,4463.2001953125,4452.2001953125,4456.7998046875,9381
2026-01-08 15:30:00,4462.2001953125,4464.7998046875,4455.7001953125,4456.7998046875,6059
2026-01-08 15:45:00,4463.5,4465.7001953125,4456.7001953125,4462.60009765625,2979
2026-01-08 16:00:00,4456.60009765625,4467.5,4456.39990234375,4463.60009765625,3923
2026-01-08 16:15:00,4462.7998046875,4464.5,4456.2001953125,4456.60009765625,2033
2026-01-08 16:30:00,4470.2998046875,4474.5,4461.0,4462.60009765625,4369
2026-01-08 16:45:00,4472.5,4473.7001953125,4467.10009765625,4470.5,2097
2026-01-08 17:00:00,4469.5,4475.7998046875,4467.5,4472.7001953125,5915
2026-01-08 17:15:00,4470.7001953125,4471.7001953125,4466.7998046875,4469.0,1538
2026-01-08 17:30:00,4470.60009765625,4473.10009765625,4468.39990234375,4471.60009765625,1539
2026-01-08 17:45:00,4472.7998046875,4473.60009765625,4468.5,4471.0,1559
2026-01-08 18:00:00,4463.10009765625,4472.7998046875,4461.5,4472.7001953125,9075
2026-01-08 18:15:00,4461.2001953125,4466.0,4458.2998046875,4463.0,8663
2026-01-08 18:30:00,4461.2998046875,4463.0,4456.89990234375,4461.2001953125,2791
2026-01-08 18:45:00,4458.89990234375,4464.39990234375,4458.60009765625,4461.39990234375,1392
2026-01-08 19:00:00,4456.39990234375,4460.39990234375,4455.7001953125,4458.89990234375,1061
2026-01-08 19:15:00,4456.7001953125,4459.0,4453.7001953125,4456.39990234375,904
2026-01-08 19:30:00,4460.5,4462.0,4456.60009765625,4456.7001953125,2036
2026-01-08 19:45:00,4460.89990234375,4461.7998046875,4458.39990234375,4460.60009765625,487
2026-01-08 20:00:00,4466.89990234375,4467.89990234375,4460.2998046875,4460.7998046875,2968
2026-01-08 20:15:00,4478.7998046875,4482.7001953125,4466.0,4466.89990234375,3925
2026-01-08 20:30:00,4483.0,4487.7001953125,4479.10009765625,4479.10009765625,3621
2026-01-08 20:45:00,4485.10009765625,4487.39990234375,4481.10009765625,4483.10009765625,1767
2026-01-08 21:00:00,4487.10009765625,4489.2998046875,4485.10009765625,4485.2001953125,1110
2026-01-08 21:15:00,4484.60009765625,4487.7001953125,4482.0,4487.2998046875,1151
2026-01-08 21:30:00,4484.2998046875,4485.39990234375,4482.39990234375,4484.5,571
2026-01-08 21:45:00,4487.89990234375,4488.39990234375,4483.2998046875,4483.60009765625,792
2026-01-08 23:00:00,4486.60009765625,4493.7001953125,4485.0,4489.2998046875,914
2026-01-08 23:15:00,4486.60009765625,4488.60009765625,4485.0,4486.60009765625,1056
2026-01-08 23:30:00,4485.39990234375,4487.2001953125,4485.0,4486.7998046875,905
2026-01-08 23:45:00,4485.2998046875,4486.0,4482.2001953125,4485.5,810
2026-01-09 00:00:00,4481.2998046875,4486.89990234375,4481.10009765625,4485.60009765625,789
2026-01-09 00:15:00,4475.60009765625,4482.60009765625,4472.7998046875,4481.5,1560
2026-01-09 00:30:00,4476.89990234375,4478.2998046875,4473.39990234375,4475.5,727
2026-01-09 00:45:00,4472.39990234375,4477.0,4469.39990234375,4477.0,857
2026-01-09 01:00:00,4468.39990234375,4475.39990234375,4461.7998046875,4472.5,2608
2026-01-09 01:15:00,4465.7001953125,4470.7998046875,4461.7998046875,4468.2998046875,1505
2026-01-09 01:30:00,4471.2998046875,4472.89990234375,4464.39990234375,4466.0,948
2026-01-09 01:45:00,4477.39990234375,4478.7998046875,4471.0,4471.60009765625,1673
2026-01-09 02:00:00,4480.7998046875,4485.5,4477.7998046875,4477.7998046875,1774
2026-01-09 02:15:00,4481.5,4483.7998046875,4479.0,4481.10009765625,881
2026-01-09 02:30:00,4482.7001953125,4485.10009765625,4477.7001953125,4481.89990234375,1010
2026-01-09 02:45:00,4478.89990234375,4483.2001953125,4474.7998046875,4482.60009765625,755
2026-01-09 03:00:00,4473.2998046875,4479.5,4471.2998046875,4478.7001953125,823
2026-01-09 03:15:00,4472.2998046875,4475.7001953125,4470.10009765625,4473.2998046875,833
2026-01-09 03:30:00,4472.7001953125,4474.7001953125,4469.39990234375,4472.10009765625,755
2026-01-09 03:45:00,4472.7998046875,4475.0,4472.7998046875,4473.0,230
2026-01-09 04:00:00,4471.2998046875,4475.0,4471.0,4473.10009765625,316
2026-01-09 04:15:00,4471.7998046875,4473.0,4469.39990234375,4471.10009765625,490
2026-01-09 04:30:00,4472.0,4473.60009765625,4470.10009765625,4471.39990234375,716
2026-01-09 04:45:00,4474.5,4475.7998046875,4470.7998046875,4472.0,625
2026-01-09 05:00:00,4472.39990234375,4475.7001953125,4470.5,4473.39990234375,452
2026-01-09 05:15:00,4473.60009765625,4473.7001953125,4466.60009765625,4471.89990234375,1260
2026-01-09 05:30:00,4476.10009765625,4480.7998046875,4472.89990234375,4473.7001953125,1070
2026-01-09 05:45:00,4476.5,4478.2998046875,4474.0,4476.2001953125,769
2026-01-09 06:00:00,4475.89990234375,4480.0,4474.39990234375,4477.10009765625,776
2026-01-09 06:15:00,4482.39990234375,4482.39990234375,4474.5,4475.7998046875,644
2026-01-09 06:30:00,4483.89990234375,4484.7001953125,4481.60009765625,4482.39990234375,1039
2026-01-09 06:45:00,4483.0,4486.0,4481.60009765625,4484.0,1417
2026-01-09 07:00:00,4480.2998046875,4484.7001953125,4479.7998046875,4483.2998046875,1043
2026-01-09 07:15:00,4479.2001953125,4482.10009765625,4477.60009765625,4480.60009765625,840
2026-01-09 07:30:00,4480.2001953125,4481.89990234375,4477.2001953125,4479.2001953125,1196
2026-01-09 07:45:00,4479.2998046875,4482.39990234375,4478.2998046875,4480.5,1166
2026-01-09 08:00:00,4483.2998046875,4485.7998046875,4475.10009765625,4478.7998046875,1510
2026-01-09 08:15:00,4482.10009765625,4484.5,4481.10009765625,4483.5,642
2026-01-09 08:30:00,4475.60009765625,4482.60009765625,4474.2998046875,4482.2001953125,1238
2026-01-09 08:45:00,4476.89990234375,4477.39990234375,4472.7998046875,4475.89990234375,1146
2026-01-09 09:00:00,4483.2998046875,4483.7001953125,4477.0,4477.10009765625,901
2026-01-09 09:15:00,4482.2001953125,4486.39990234375,4481.7001953125,4483.5,1125
2026-01-09 09:30:00,4480.2998046875,4483.7998046875,4480.2001953125,4482.60009765625,773
2026-01-09 09:45:00,4479.39990234375,4482.89990234375,4479.2998046875,4480.2998046875,590
2026-01-09 10:00:00,4480.5,4482.7001953125,4478.2998046875,4479.7001953125,771
2026-01-09 10:15:00,4477.39990234375,4482.2998046875,4477.39990234375,4480.39990234375,623
2026-01-09 10:30:00,4478.2001953125,4481.10009765625,4476.60009765625,4477.39990234375,1039
2026-01-09 10:45:00,4481.2998046875,4481.7001953125,4475.7001953125,4477.7001953125,783
2026-01-09 11:00:00,4480.7001953125,4483.60009765625,4478.60009765625,4481.39990234375,861
2026-01-09 11:15:00,4479.7001953125,4481.7998046875,4479.2001953125,4480.60009765625,539
2026-01-09 11:30:00,4479.39990234375,4480.7998046875,4478.0,4479.5,1416
2026-01-09 11:45:00,4484.2998046875,4485.2998046875,4477.39990234375,4479.2998046875,1286
2026-01-09 12:00:00,4483.2998046875,4489.60009765625,4481.2001953125,4484.2001953125,1728
2026-01-09 12:15:00,4476.7998046875,4483.89990234375,4475.7001953125,4483.2998046875,1382
2026-01-09 12:30:00,4474.0,4477.60009765625,4469.5,4476.7998046875,2268
2026-01-09 12:45:00,4474.5,4476.89990234375,4472.2998046875,4474.5,1320
2026-01-09 13:00:00,4476.10009765625,4482.7998046875,4472.0,4474.60009765625,2050
2026-01-09 13:15:00,4482.0,4483.2998046875,4470.2998046875,4475.89990234375,2158
2026-01-09 13:30:00,4495.7998046875,4500.7998046875,4467.0,4482.2001953125,10250
2026-01-09 13:45:00,4492.0,4497.7998046875,4487.7001953125,4496.10009765625,3742
2026-01-09 14:00:00,4498.7998046875,4506.2001953125,4489.60009765625,4492.2001953125,5915
2026-01-09 14:15:00,4503.89990234375,4505.39990234375,4493.10009765625,4498.7998046875,4467
2026-01-09 14:30:00,4497.2998046875,4507.7998046875,4491.7001953125,4504.0,7985
2026-01-09 14:45:00,4503.89990234375,4504.89990234375,4488.10009765625,4497.0,5633
2026-01-09 15:00:00,4506.0,4509.89990234375,4499.2001953125,4503.39990234375,5635
2026-01-09 15:15:00,4515.5,4520.7998046875,4503.0,4505.89990234375,9611
2026-01-09 15:30:00,4524.0,4527.0,4514.89990234375,4515.2001953125,7180
2026-01-09 15:45:00,4521.5,4524.2998046875,4518.0,4524.10009765625,3526
2026-01-09 16:00:00,4512.7001953125,4523.7998046875,4509.2998046875,4521.7998046875,4506
2026-01-09 16:15:00,4513.5,4517.0,4509.7998046875,4512.7001953125,3195
2026-01-09 16:30:00,4514.7001953125,4517.10009765625,4510.60009765625,4513.2998046875,2229
2026-01-09 16:45:00,4516.5,4518.10009765625,4511.7998046875,4515.0,2734
2026-01-09 17:00:00,4518.5,4521.5,4514.5,4516.39990234375,2513
2026-01-09 17:15:00,4513.7998046875,4518.7998046875,4511.5,4518.7998046875,2709
2026-01-09 17:30:00,4511.5,4520.0,4510.7998046875,4513.39990234375,4999
2026-01-09 17:45:00,4493.89990234375,4513.0,4491.39990234375,4511.5,7761
2026-01-09 18:00:00,4501.89990234375,4502.89990234375,4492.39990234375,4493.60009765625,5556
2026-01-09 18:15:00,4501.0,4503.89990234375,4498.7001953125,4501.7998046875,12449
2026-01-09 18:30:00,4511.89990234375,4514.10009765625,4500.60009765625,4500.7998046875,6834
2026-01-09 18:45:00,4505.89990234375,4512.2998046875,4504.89990234375,4511.89990234375,2173
2026-01-09 19:00:00,4506.7001953125,4507.60009765625,4502.2998046875,4505.7998046875,1466
2026-01-09 19:15:00,4508.39990234375,4511.2998046875,4506.5,4506.60009765625,1218
2026-01-09 19:30:00,4505.89990234375,4509.60009765625,4505.2998046875,4508.5,1345
2026-01-09 19:45:00,4508.2998046875,4511.10009765625,4506.2001953125,4506.2001953125,925
2026-01-09 20:00:00,4515.89990234375,4516.39990234375,4506.7998046875,4508.0,2143
2026-01-09 20:15:00,4514.60009765625,4518.60009765625,4512.2001953125,4516.10009765625,1923
2026-01-09 20:30:00,4513.2001953125,4515.2001953125,4511.2998046875,4514.89990234375,936
2026-01-09 20:45:00,4516.10009765625,4518.7998046875,4512.89990234375,4513.2001953125,2018
2026-01-09 21:00:00,4516.7998046875,4517.39990234375,4513.60009765625,4516.0,747
2026-01-09 21:15:00,4518.39990234375,4519.2001953125,4516.39990234375,4517.0,382
2026-01-09 21:30:00,4518.89990234375,4520.2998046875,4514.7001953125,4518.2998046875,687
2026-01-09 21:45:00,4517.89990234375,4519.7998046875,4516.89990234375,4518.7001953125,476
2026-01-11 23:00:00,4539.10009765625,4540.60009765625,4531.39990234375,4538.10009765625,927
2026-01-11 23:15:00,4547.7001953125,4548.2998046875,4538.5,4539.10009765625,2648
2026-01-11 23:30:00,4552.39990234375,4555.0,4543.0,4547.7001953125,2489
2026-01-11 23:45:00,4550.10009765625,4554.10009765625,4548.39990234375,4552.10009765625,1424
2026-01-12 00:00:00,4563.2001953125,4564.5,4546.2998046875,4550.0,3079
2026-01-12 00:15:00,4575.39990234375,4576.39990234375,4561.10009765625,4563.39990234375,4315
2026-01-12 00:30:00,4603.10009765625,4605.2001953125,4572.89990234375,4575.0,12732
2026-01-12 00:45:00,4600.0,4612.7001953125,4599.2001953125,4602.39990234375,4973
2026-01-12 01:00:00,4592.7001953125,4606.10009765625,4588.60009765625,4600.2001953125,5122
2026-01-12 01:15:00,4594.2001953125,4595.2998046875,4585.39990234375,4593.10009765625,4806
2026-01-12 01:30:00,4585.10009765625,4596.2001953125,4583.39990234375,4594.39990234375,4200
2026-01-12 01:45:00,4582.10009765625,4591.2001953125,4581.39990234375,4585.2001953125,1795
2026-01-12 02:00:00,4578.5,4586.7001953125,4573.10009765625,4581.60009765625,3163
2026-01-12 02:15:00,4578.10009765625,4582.2001953125,4576.2998046875,4578.5,1477
2026-01-12 02:30:00,4590.2998046875,4591.0,4574.5,4578.0,2561
2026-01-12 02:45:00,4589.39990234375,4594.0,4585.5,4590.7001953125,2692
2026-01-12 03:00:00,4591.0,4592.2001953125,4587.10009765625,4589.5,921
2026-01-12 03:15:00,4593.10009765625,4593.2998046875,4588.39990234375,4590.39990234375,1064
2026-01-12 03:30:00,4584.5,4593.5,4584.0,4593.39990234375,984
2026-01-12 03:45:00,4582.60009765625,4586.2998046875,4579.39990234375,4584.2001953125,1448
2026-01-12 04:00:00,4580.7998046875,4583.0,4577.60009765625,4582.7998046875,872
2026-01-12 04:15:00,4580.5,4584.0,4579.0,4580.7998046875,841
2026-01-12 04:30:00,4579.2001953125,4581.7001953125,4574.7998046875,4580.7001953125,1213
2026-01-12 04:45:00,4579.39990234375,4581.5,4577.2001953125,4579.60009765625,668
2026-01-12 05:00:00,4581.0,4583.10009765625,4576.89990234375,4580.0,838
2026-01-12 05:15:00,4583.2998046875,4584.89990234375,4580.2001953125,4581.0,901
2026-01-12 05:30:00,4592.7998046875,4594.0,4580.2998046875,4583.0,1905
2026-01-12 05:45:00,4591.2998046875,4595.60009765625,4589.2998046875,4592.5,1765
2026-01-12 06:00:00,4584.2001953125,4591.2998046875,4582.5,4591.2998046875,1312
2026-01-12 06:15:00,4585.10009765625,4587.5,4580.7998046875,4583.7998046875,1044
2026-01-12 06:30:00,4585.60009765625,4588.0,4583.0,4585.0,1282
2026-01-12 06:45:00,4589.2998046875,4591.2998046875,4585.10009765625,4585.5,1354
2026-01-12 07:00:00,4594.2001953125,4594.89990234375,4585.39990234375,4589.7001953125,1615
2026-01-12 07:15:00,4591.7998046875,4598.5,4589.10009765625,4594.2001953125,2312
2026-01-12 07:30:00,4593.7998046875,4595.89990234375,4589.5,4592.2001953125,1816
2026-01-12 07:45:00,4597.7998046875,4599.7998046875,4593.39990234375,4594.60009765625,1982
2026-01-12 08:00:00,4593.5,4599.7998046875,4592.10009765625,4597.7001953125,1636
2026-01-12 08:15:00,4593.7001953125,4594.60009765625,4589.60009765625,4593.39990234375,1832
2026-01-12 08:30:00,4595.7001953125,4599.7998046875,4592.10009765625,4593.7998046875,1338
2026-01-12 08:45:00,4607.0,4608.5,4595.0,4595.60009765625,3169
2026-01-12 09:00:00,4607.7001953125,4608.2998046875,4603.2998046875,4606.89990234375,2060
2026-01-12 09:15:00,4606.39990234375,4609.60009765625,4604.39990234375,4607.5,1571
2026-01-12 09:30:00,4605.7001953125,4607.0,4603.7001953125,4606.7998046875,1619
2026-01-12 09:45:00,4599.39990234375,4605.7001953125,4597.89990234375,4605.7001953125,1521
2026-01-12 10:00:00,4602.39990234375,4603.89990234375,4596.10009765625,4599.5,1660
2026-01-12 10:15:00,4602.60009765625,4604.2001953125,4599.2001953125,4602.2998046875,919
2026-01-12 10:30:00,4600.2998046875,4604.89990234375,4597.2001953125,4602.60009765625,2180
2026-01-12 10:45:00,4604.5,4605.7998046875,4600.2001953125,4600.39990234375,1225
2026-01-12 11:00:00,4601.0,4605.39990234375,4600.7998046875,4604.7001953125,857
2026-01-12 11:15:00,4595.0,4604.0,4593.5,4600.7998046875,1825
2026-01-12 11:30:00,4601.89990234375,4601.89990234375,4594.2998046875,4595.0,1154
2026-01-12 11:45:00,4594.7998046875,4602.0,4591.5,4601.7001953125,1225
2026-01-12 12:00:00,4592.2998046875,4596.60009765625,4587.60009765625,4595.0,2175
2026-01-12 12:15:00,4592.2998046875,4592.5,4588.0,4591.5,1905
2026-01-12 12:30:00,4595.60009765625,4596.7001953125,4591.7998046875,4592.39990234375,1320
2026-01-12 12:45:00,4600.39990234375,4600.39990234375,4595.2001953125,4596.0,1686
2026-01-12 13:00:00,4617.10009765625,4620.2001953125,4598.5,4600.39990234375,6931
2026-01-12 13:15:00,4615.10009765625,4621.89990234375,4614.5,4617.2998046875,5502
2026-01-12 13:30:00,4619.2998046875,4623.7001953125,4615.39990234375,4615.39990234375,3989
2026-01-12 13:45:00,4626.2998046875,4630.7998046875,4618.2998046875,4619.60009765625,5024
2026-01-12 14:00:00,4606.5,4628.10009765625,4602.60009765625,4626.60009765625,8786
2026-01-12 14:15:00,4596.60009765625,4610.2001953125,4595.2001953125,4606.2998046875,7079
2026-01-12 14:30:00,4612.60009765625,4620.2001953125,4595.10009765625,4596.39990234375,8688
2026-01-12 14:45:00,4612.10009765625,4617.7998046875,4606.39990234375,4612.5,4489
2026-01-12 15:00:00,4627.2998046875,4629.2998046875,4611.39990234375,4611.7998046875,7466
2026-01-12 15:15:00,4629.7001953125,4632.10009765625,4619.7998046875,4627.39990234375,7893
2026-01-12 15:30:00,4634.5,4638.2001953125,4628.5,4629.7998046875,8786
2026-01-12 15:45:00,4630.89990234375,4635.89990234375,4628.10009765625,4634.2001953125,3224
2026-01-12 16:00:00,4639.2001953125,4640.10009765625,4627.39990234375,4630.89990234375,7433
2026-01-12 16:15:00,4629.7998046875,4640.5,4629.5,4639.2998046875,6777
2026-01-12 16:30:00,4622.60009765625,4633.39990234375,4618.0,4630.10009765625,4972
2026-01-12 16:45:00,4627.0,4628.7001953125,4622.39990234375,4622.60009765625,3408
2026-01-12 17:00:00,4624.7998046875,4628.2001953125,4623.0,4626.7998046875,2150
2026-01-12 17:15:00,4625.7001953125,4628.10009765625,4621.39990234375,4625.10009765625,2485
2026-01-12 17:30:00,4622.7998046875,4626.7998046875,4620.0,4625.7998046875,2682
2026-01-12 17:45:00,4626.89990234375,4630.7001953125,4622.7998046875,4622.89990234375,3238
2026-01-12 18:00:00,4618.10009765625,4629.2001953125,4618.10009765625,4626.89990234375,8933
2026-01-12 18:15:00,4615.2998046875,4618.39990234375,4609.7998046875,4618.2001953125,14180
2026-01-12 18:30:00,4615.39990234375,4620.5,4612.60009765625,4615.2001953125,4724
2026-01-12 18:45:00,4620.2998046875,4621.2001953125,4613.2998046875,4615.7001953125,2269
2026-01-12 19:00:00,4623.60009765625,4624.39990234375,4618.2998046875,4620.60009765625,1206
2026-01-12 19:15:00,4626.60009765625,4627.10009765625,4622.5,4623.60009765625,1913
2026-01-12 19:30:00,4626.10009765625,4628.89990234375,4623.7001953125,4626.89990234375,1960
2026-01-12 19:45:00,4620.60009765625,4626.60009765625,4618.60009765625,4625.89990234375,1809
2026-01-12 20:00:00,4612.10009765625,4621.2001953125,4608.7998046875,4620.5,2002
2026-01-12 20:15:00,4612.10009765625,4613.7001953125,4608.7998046875,4612.2998046875,1859
2026-01-12 20:30:00,4602.5,4614.39990234375,4602.2998046875,4612.2001953125,2401
2026-01-12 20:45:00,4603.2998046875,4608.5,4601.0,4602.60009765625,2659
2026-01-12 21:00:00,4602.60009765625,4606.7001953125,4600.5,4603.39990234375,1844
2026-01-12 21:15:00,4603.2001953125,4604.0,4600.0,4602.60009765625,753
2026-01-12 21:30:00,4599.7001953125,4604.89990234375,4599.2001953125,4603.5,600
2026-01-12 21:45:00,4608.7998046875,4609.0,4598.7001953125,4599.89990234375,960
2026-01-12 23:00:00,4587.0,4616.89990234375,4586.39990234375,4610.0,1721
2026-01-12 23:15:00,4593.5,4597.2001953125,4586.89990234375,4587.0,1409
2026-01-12 23:30:00,4594.7001953125,4599.2998046875,4592.60009765625,4593.5,1263
2026-01-12 23:45:00,4607.60009765625,4607.89990234375,4594.89990234375,4595.2998046875,1853
2026-01-13 00:00:00,4601.2998046875,4607.7001953125,4600.2998046875,4607.5,1084
2026-01-13 00:15:00,4596.5,4604.39990234375,4596.5,4601.0,857
2026-01-13 00:30:00,4594.7001953125,4599.5,4593.2998046875,4596.39990234375,824
2026-01-13 00:45:00,4595.7998046875,4600.89990234375,4594.89990234375,4594.89990234375,927
2026-01-13 01:00:00,4601.10009765625,4604.5,4590.10009765625,4596.2001953125,2370
2026-01-13 01:15:00,4590.7998046875,4604.5,4590.7001953125,4601.0,1060
2026-01-13 01:30:00,4591.7998046875,4596.0,4584.2998046875,4590.89990234375,2166
2026-01-13 01:45:00,4586.39990234375,4594.7998046875,4586.10009765625,4591.39990234375,992
2026-01-13 02:00:00,4595.2001953125,4599.5,4585.0,4586.0,1422
2026-01-13 02:15:00,4592.2998046875,4595.7001953125,4592.0,4595.2001953125,613
2026-01-13 02:30:00,4597.89990234375,4598.60009765625,4590.39990234375,4591.89990234375,1095
2026-01-13 02:45:00,4603.10009765625,4604.2001953125,4597.39990234375,4597.7001953125,1450
2026-01-13 03:00:00,4607.2001953125,4608.7001953125,4601.60009765625,4602.7998046875,1318
2026-01-13 03:15:00,4604.5,4607.7998046875,4603.60009765625,4606.89990234375,939
2026-01-13 03:30:00,4603.0,4607.60009765625,4602.5,4604.5,795
2026-01-13 03:45:00,4603.10009765625,4604.39990234375,4601.2998046875,4602.7001953125,840
2026-01-13 04:00:00,4606.7001953125,4607.2998046875,4603.0,4603.39990234375,694
2026-01-13 04:15:00,4606.10009765625,4608.7998046875,4605.39990234375,4607.10009765625,872
2026-01-13 04:30:00,4608.0,4608.60009765625,4603.39990234375,4606.10009765625,887
2026-01-13 04:45:00,4606.39990234375,4608.2998046875,4605.2998046875,4607.60009765625,683
2026-01-13 05:00:00,4603.2001953125,4607.7998046875,4600.7001953125,4605.60009765625,821
2026-01-13 05:15:00,4610.39990234375,4610.5,4603.2998046875,4603.60009765625,743
2026-01-13 05:30:00,4602.7001953125,4611.2001953125,4594.0,4610.2998046875,2028
2026-01-13 05:45:00,4600.7001953125,4604.7998046875,4599.5,4602.39990234375,1162
2026-01-13 06:00:00,4598.7998046875,4600.7998046875,4596.2998046875,4600.5,1241
2026-01-13 06:15:00,4593.7998046875,4599.5,4591.2998046875,4598.89990234375,1248
2026-01-13 06:30:00,4585.39990234375,4595.2001953125,4582.7998046875,4593.89990234375,2088
2026-01-13 06:45:00,4590.5,4592.60009765625,4584.5,4585.7001953125,1396
2026-01-13 07:00:00,4593.5,4594.0,4587.89990234375,4590.7998046875,1672
2026-01-13 07:15:00,4592.10009765625,4593.2001953125,4586.89990234375,4593.0,1488
2026-01-13 07:30:00,4588.7001953125,4595.2998046875,4587.89990234375,4592.10009765625,1581
2026-01-13 07:45:00,4589.10009765625,4590.89990234375,4585.60009765625,4588.5,1200
2026-01-13 08:00:00,4596.7001953125,4600.5,4587.7998046875,4588.89990234375,2104
2026-01-13 08:15:00,4598.60009765625,4601.5,4593.7001953125,4596.5,1478
2026-01-13 08:30:00,4602.2001953125,4605.39990234375,4597.89990234375,4598.7998046875,2011
2026-01-13 08:45:00,4601.60009765625,4604.0,4600.2001953125,4602.2001953125,819
2026-01-13 09:00:00,4602.7998046875,4604.10009765625,4598.2001953125,4601.10009765625,1162
2026-01-13 09:15:00,4597.89990234375,4603.7998046875,4596.7998046875,4602.5,969
2026-01-13 09:30:00,4599.5,4601.0,4595.39990234375,4597.89990234375,1238
2026-01-13 09:45:00,4595.2001953125,4600.0,4594.5,4599.2998046875,922
2026-01-13 10:00:00,4592.5,4596.10009765625,4589.39990234375,4595.2998046875,1282
2026-01-13 10:15:00,4593.60009765625,4595.39990234375,4589.89990234375,4592.60009765625,1035
2026-01-13 10:30:00,4596.2998046875,4597.2998046875,4590.39990234375,4593.39990234375,1483
2026-01-13 10:45:00,4595.0,4596.2001953125,4593.5,4596.2001953125,574
2026-01-13 11:00:00,4593.7998046875,4597.7998046875,4593.60009765625,4595.2001953125,817
2026-01-13 11:15:00,4595.7998046875,4598.0,4590.7998046875,4593.60009765625,3853
2026-01-13 11:30:00,4598.39990234375,4598.5,4593.89990234375,4595.5,693
2026-01-13 11:45:00,4596.89990234375,4600.7998046875,4594.7998046875,4598.7998046875,2008
2026-01-13 12:00:00,4591.7998046875,4597.7001953125,4591.60009765625,4597.0,1440
2026-01-13 12:15:00,4589.0,4593.10009765625,4586.2001953125,4591.89990234375,2165
2026-01-13 12:30:00,4594.39990234375,4594.7998046875,4587.7998046875,4588.89990234375,1399
2026-01-13 12:45:00,4602.0,4603.89990234375,4593.89990234375,4594.2001953125,1905
2026-01-13 13:00:00,4611.5,4614.89990234375,4599.10009765625,4601.7001953125,5984
2026-01-13 13:15:00,4609.2998046875,4615.39990234375,4608.2001953125,4611.60009765625,4220
2026-01-13 13:30:00,4626.60009765625,4629.0,4609.39990234375,4609.39990234375,12422
2026-01-13 13:45:00,4619.5,4629.2998046875,4615.39990234375,4626.5,7502
2026-01-13 14:00:00,4626.7001953125,4627.2001953125,4617.0,4619.5,4625
2026-01-13 14:15:00,4626.60009765625,4632.0,4622.5,4626.7001953125,4701
2026-01-13 14:30:00,4634.7998046875,4635.0,4619.7998046875,4626.7001953125,6841
2026-01-13 14:45:00,4638.89990234375,4644.0,4631.39990234375,4634.7998046875,11442
2026-01-13 15:00:00,4630.39990234375,4639.89990234375,4623.2001953125,4638.5,6016
2026-01-13 15:15:00,4617.0,4632.60009765625,4609.10009765625,4630.5,9513
2026-01-13 15:30:00,4623.89990234375,4625.0,4613.5,4617.2001953125,5108
2026-01-13 15:45:00,4627.60009765625,4629.39990234375,4621.39990234375,4623.2998046875,3461
2026-01-13 16:00:00,4620.60009765625,4629.5,4615.39990234375,4627.7001953125,3291
2026-01-13 16:15:00,4607.2998046875,4621.60009765625,4601.2998046875,4620.7998046875,4390
2026-01-13 16:30:00,4617.60009765625,4618.2998046875,4605.5,4606.89990234375,3658
2026-01-13 16:45:00,4622.2001953125,4622.7998046875,4616.2998046875,4617.60009765625,4057
2026-01-13 17:00:00,4617.2001953125,4624.89990234375,4615.39990234375,4622.2998046875,2501
2026-01-13 17:15:00,4618.39990234375,4621.2998046875,4615.2001953125,4617.2998046875,1751
2026-01-13 17:30:00,4612.7998046875,4620.7998046875,4611.7001953125,4618.5,2576
2026-01-13 17:45:00,4599.0,4615.39990234375,4595.0,4612.60009765625,10001
2026-01-13 18:00:00,4603.0,4603.2998046875,4594.0,4598.7998046875,9743
2026-01-13 18:15:00,4600.2998046875,4604.0,4589.5,4603.0,16291
2026-01-13 18:30:00,4608.5,4608.89990234375,4598.10009765625,4600.2001953125,5556
2026-01-13 18:45:00,4602.2998046875,4610.2001953125,4602.0,4608.60009765625,1989
2026-01-13 19:00:00,4603.7001953125,4604.0,4592.39990234375,4602.60009765625,3397
2026-01-13 19:15:00,4601.5,4605.39990234375,4592.5,4603.7998046875,2267
2026-01-13 19:30:00,4603.89990234375,4606.7998046875,4600.5,4601.7998046875,1931
2026-01-13 19:45:00,4605.2998046875,4606.60009765625,4598.2998046875,4604.0,1474
2026-01-13 20:00:00,4600.60009765625,4605.60009765625,4598.0,4605.2998046875,1959
2026-01-13 20:15:00,4596.60009765625,4603.2001953125,4595.2998046875,4600.5,1829
2026-01-13 20:30:00,4592.7001953125,4597.0,4576.7001953125,4596.5,7567
2026-01-13 20:45:00,4594.10009765625,4596.89990234375,4590.2998046875,4593.0,2059
2026-01-13 21:00:00,4591.5,4597.10009765625,4591.2998046875,4594.2001953125,1696
2026-01-13 21:15:00,4595.7998046875,4597.5,4590.7001953125,4591.5,934
2026-01-13 21:30:00,4596.89990234375,4597.39990234375,4593.39990234375,4595.7998046875,1115
2026-01-13 21:45:00,4594.39990234375,4597.7998046875,4593.7001953125,4597.0,384
2026-01-13 23:00:00,4602.89990234375,4603.10009765625,4594.2998046875,4594.2998046875,573
2026-01-13 23:15:00,4604.5,4605.2001953125,4600.0,4602.7998046875,752
2026-01-13 23:30:00,4601.7001953125,4604.60009765625,4600.2001953125,4604.60009765625,616
2026-01-13 23:45:00,4603.89990234375,4606.5,4600.7998046875,4602.10009765625,594
2026-01-14 00:00:00,4612.2998046875,4615.10009765625,4604.39990234375,4604.39990234375,1538
2026-01-14 00:15:00,4616.89990234375,4617.89990234375,4610.2001953125,4612.39990234375,1216
2026-01-14 00:30:00,4616.2001953125,4618.10009765625,4614.5,4617.10009765625,860
2026-01-14 00:45:00,4616.89990234375,4618.39990234375,4612.2001953125,4616.10009765625,868
2026-01-14 01:00:00,4622.7001953125,4624.0,4613.7001953125,4617.2001953125,2389
2026-01-14 01:15:00,4622.2001953125,4626.10009765625,4619.39990234375,4622.2998046875,1549
2026-01-14 01:30:00,4622.7001953125,4626.5,4620.89990234375,4622.5,1898
2026-01-14 01:45:00,4626.7001953125,4627.60009765625,4621.60009765625,4622.60009765625,3058
2026-01-14 02:00:00,4626.2001953125,4628.60009765625,4621.89990234375,4626.89990234375,1812
2026-01-14 02:15:00,4627.7998046875,4629.60009765625,4624.5,4625.7998046875,938
2026-01-14 02:30:00,4629.2998046875,4630.7001953125,4625.7998046875,4628.0,1236
2026-01-14 02:45:00,4629.10009765625,4631.5,4625.7001953125,4629.10009765625,1290
2026-01-14 03:00:00,4626.2998046875,4631.10009765625,4625.7998046875,4628.7998046875,1055
2026-01-14 03:15:00,4623.10009765625,4630.0,4621.5,4626.39990234375,1346
2026-01-14 03:30:00,4632.39990234375,4633.39990234375,4623.0,4623.2001953125,1544
2026-01-14 03:45:00,4636.5,4638.89990234375,4631.39990234375,4632.2998046875,2443
2026-01-14 04:00:00,4635.5,4638.60009765625,4634.60009765625,4636.60009765625,2675
2026-01-14 04:15:00,4634.39990234375,4638.2998046875,4633.0,4635.2001953125,1109
2026-01-14 04:30:00,4635.7998046875,4637.7998046875,4633.10009765625,4634.2001953125,912
2026-01-14 04:45:00,4636.0,4638.0,4634.7998046875,4635.7998046875,1148
2026-01-14 05:00:00,4641.2001953125,4646.7998046875,4636.7998046875,4636.7998046875,4043
2026-01-14 05:15:00,4641.60009765625,4642.7998046875,4638.10009765625,4641.2001953125,1159
2026-01-14 05:30:00,4643.2001953125,4647.60009765625,4639.0,4641.2001953125,2456
2026-01-14 05:45:00,4626.2998046875,4647.10009765625,4624.7001953125,4643.60009765625,4369
2026-01-14 06:00:00,4640.5,4642.2001953125,4625.2001953125,4626.2998046875,3021
2026-01-14 06:15:00,4640.0,4642.39990234375,4637.7001953125,4640.7001953125,1362
2026-01-14 06:30:00,4637.7998046875,4640.5,4633.2001953125,4639.7001953125,1496
2026-01-14 06:45:00,4644.5,4644.60009765625,4637.7001953125,4638.10009765625,1293
2026-01-14 07:00:00,4640.0,4645.7001953125,4638.89990234375,4644.7001953125,1612
2026-01-14 07:15:00,4644.2998046875,4647.2001953125,4639.2998046875,4640.10009765625,2114
2026-01-14 07:30:00,4643.7001953125,4645.39990234375,4640.89990234375,4644.2998046875,1690
2026-01-14 07:45:00,4639.7001953125,4645.0,4639.39990234375,4644.0,1363
2026-01-14 08:00:00,4634.5,4641.5,4630.5,4639.89990234375,2935
2026-01-14 08:15:00,4632.10009765625,4635.89990234375,4628.39990234375,4634.5,2623
2026-01-14 08:30:00,4639.39990234375,4639.5,4631.5,4632.2001953125,1770
2026-01-14 08:45:00,4641.7998046875,4644.89990234375,4638.5,4639.0,2157
2026-01-14 09:00:00,4645.60009765625,4646.39990234375,4640.10009765625,4641.89990234375,1382
2026-01-14 09:15:00,4644.7001953125,4646.7001953125,4643.39990234375,4645.60009765625,1402
2026-01-14 09:30:00,4635.2998046875,4644.89990234375,4634.5,4644.7001953125,2060
2026-01-14 09:45:00,4637.89990234375,4639.39990234375,4634.7998046875,4635.2001953125,1876
2026-01-14 10:00:00,4639.60009765625,4640.10009765625,4635.39990234375,4637.89990234375,1366
2026-01-14 10:15:00,4642.7001953125,4645.0,4639.60009765625,4639.60009765625,1599
2026-01-14 10:30:00,4643.60009765625,4646.2001953125,4640.2001953125,4642.7998046875,2065
2026-01-14 10:45:00,4641.2001953125,4644.60009765625,4639.10009765625,4644.0,1076
2026-01-14 11:00:00,4643.60009765625,4644.60009765625,4638.10009765625,4641.10009765625,1227
2026-01-14 11:15:00,4638.60009765625,4645.2998046875,4637.5,4643.60009765625,2013
2026-01-14 11:30:00,4639.0,4641.0,4635.5,4638.7998046875,1279
2026-01-14 11:45:00,4638.5,4640.0,4634.10009765625,4638.89990234375,1535
2026-01-14 12:00:00,4643.2001953125,4646.39990234375,4638.2998046875,4638.60009765625,3878
2026-01-14 12:15:00,4643.7001953125,4646.0,4641.60009765625,4643.2001953125,1962
2026-01-14 12:30:00,4642.5,4645.89990234375,4642.0,4643.7001953125,2156
2026-01-14 12:45:00,4646.89990234375,4650.10009765625,4641.7001953125,4642.5,3062
2026-01-14 13:00:00,4636.2998046875,4649.7998046875,4634.7001953125,4647.0,4793
2026-01-14 13:15:00,4640.2001953125,4643.60009765625,4635.2998046875,4636.0,2819
2026-01-14 13:30:00,4644.5,4645.2998046875,4631.2998046875,4639.7998046875,5450
2026-01-14 13:45:00,4643.7998046875,4644.7998046875,4637.0,4644.60009765625,2913
2026-01-14 14:00:00,4642.0,4646.7001953125,4637.10009765625,4643.7001953125,6155
2026-01-14 14:15:00,4642.7998046875,4645.7998046875,4638.7001953125,4641.7001953125,2242
2026-01-14 14:30:00,4625.7001953125,4642.89990234375,4621.10009765625,4642.89990234375,9294
2026-01-14 14:45:00,4624.5,4628.0,4613.89990234375,4625.5,7654
2026-01-14 15:00:00,4622.60009765625,4624.39990234375,4605.89990234375,4624.39990234375,14077
2026-01-14 15:15:00,4622.2998046875,4633.60009765625,4621.0,4622.39990234375,6675
2026-01-14 15:30:00,4620.0,4629.0,4616.2998046875,4622.2001953125,6027
2026-01-14 15:45:00,4624.7998046875,4626.2998046875,4617.10009765625,4619.60009765625,3293
2026-01-14 16:00:00,4624.60009765625,4628.5,4621.60009765625,4624.89990234375,3197
2026-01-14 16:15:00,4628.89990234375,4631.7001953125,4623.2001953125,4624.5,3604
2026-01-14 16:30:00,4623.0,4630.39990234375,4621.0,4628.89990234375,3494
2026-01-14 16:45:00,4624.10009765625,4624.39990234375,4615.2998046875,4622.5,5881
2026-01-14 17:00:00,4622.7001953125,4626.10009765625,4616.5,4624.0,3739
2026-01-14 17:15:00,4617.89990234375,4622.60009765625,4612.2998046875,4622.60009765625,3120
2026-01-14 17:30:00,4611.0,4619.0,4607.7001953125,4617.7998046875,6219
2026-01-14 17:45:00,4621.2998046875,4623.7001953125,4610.60009765625,4611.0,10753
2026-01-14 18:00:00,4630.5,4630.5,4619.60009765625,4621.39990234375,10805
2026-01-14 18:15:00,4635.39990234375,4637.10009765625,4629.0,4630.2998046875,12870
2026-01-14 18:30:00,4638.7998046875,4641.0,4635.2998046875,4635.60009765625,6287
2026-01-14 18:45:00,4642.5,4644.89990234375,4637.5,4638.7998046875,6301
2026-01-14 19:00:00,4644.60009765625,4650.5,4640.7998046875,4642.60009765625,5156
2026-01-14 19:15:00,4642.10009765625,4647.39990234375,4641.5,4644.39990234375,4646
2026-01-14 19:30:00,4647.2998046875,4648.10009765625,4641.60009765625,4642.39990234375,3009
2026-01-14 19:45:00,4646.7001953125,4649.10009765625,4643.2998046875,4647.2001953125,3768
2026-01-14 20:00:00,4643.5,4649.2001953125,4633.2998046875,4646.7001953125,10557
2026-01-14 20:15:00,4641.60009765625,4645.5,4638.7001953125,4643.2998046875,3910
2026-01-14 20:30:00,4633.0,4643.10009765625,4632.7001953125,4641.60009765625,3143
2026-01-14 20:45:00,4639.2001953125,4640.0,4633.2998046875,4633.39990234375,3421
2026-01-14 21:00:00,4631.2001953125,4639.7998046875,4631.2001953125,4639.2998046875,1436
2026-01-14 21:15:00,4629.10009765625,4633.7001953125,4627.2998046875,4631.0,1339
2026-01-14 21:30:00,4627.7998046875,4630.0,4623.60009765625,4628.7001953125,1114
2026-01-14 21:45:00,4633.89990234375,4636.0,4626.39990234375,4627.7998046875,1900
2026-01-14 23:00:00,4621.2001953125,4637.2001953125,4616.5,4635.7001953125,1082
2026-01-14 23:15:00,4614.0,4623.2001953125,4610.10009765625,4620.7001953125,2952
2026-01-14 23:30:00,4611.0,4617.7998046875,4607.2001953125,4613.89990234375,2315
2026-01-14 23:45:00,4619.60009765625,4620.7001953125,4611.10009765625,4611.10009765625,2176
2026-01-15 00:00:00,4621.0,4622.2998046875,4615.89990234375,4619.39990234375,1223
2026-01-15 00:15:00,4621.39990234375,4622.7001953125,4618.7998046875,4620.7998046875,1064
2026-01-15 00:30:00,4618.7001953125,4622.89990234375,4617.89990234375,4621.5,857
2026-01-15 00:45:00,4619.2998046875,4622.10009765625,4614.5,4618.39990234375,885
2026-01-15 01:00:00,4613.7998046875,4622.0,4611.0,4619.5,2372
2026-01-15 01:15:00,4605.10009765625,4614.89990234375,4601.2998046875,4613.60009765625,5205
2026-01-15 01:30:00,4606.5,4607.10009765625,4587.5,4604.89990234375,7526
2026-01-15 01:45:00,4604.2998046875,4611.2001953125,4601.2998046875,4606.5,2685
2026-01-15 02:00:00,4618.0,4618.60009765625,4601.7001953125,4604.0,2879
2026-01-15 02:15:00,4615.2001953125,4618.60009765625,4611.39990234375,4617.7998046875,1682
2026-01-15 02:30:00,4611.2998046875,4618.89990234375,4608.2998046875,4614.7001953125,2759
2026-01-15 02:45:00,4606.89990234375,4611.5,4599.39990234375,4611.5,2589
2026-01-15 03:00:00,4595.2998046875,4608.10009765625,4593.5,4606.60009765625,2787
2026-01-15 03:15:00,4588.7998046875,4598.7998046875,4584.7001953125,4595.0,3732
2026-01-15 03:30:00,4600.39990234375,4601.39990234375,4584.5,4588.5,2848
2026-01-15 03:45:00,4596.10009765625,4600.2001953125,4592.89990234375,4600.10009765625,1773
2026-01-15 04:00:00,4597.2998046875,4598.2998046875,4590.7001953125,4595.7998046875,1695
2026-01-15 04:15:00,4597.60009765625,4601.39990234375,4594.2998046875,4597.2998046875,1784
2026-01-15 04:30:00,4594.2998046875,4599.7998046875,4592.7998046875,4597.7001953125,1196
2026-01-15 04:45:00,4596.60009765625,4599.2001953125,4593.2998046875,4594.7998046875,900
2026-01-15 05:00:00,4591.2001953125,4596.10009765625,4591.10009765625,4595.7001953125,830
2026-01-15 05:15:00,4596.5,4596.60009765625,4584.60009765625,4591.2998046875,1890
2026-01-15 05:30:00,4593.2001953125,4597.7001953125,4584.89990234375,4597.0,1838
2026-01-15 05:45:00,4599.10009765625,4602.60009765625,4591.2001953125,4593.2998046875,1868
2026-01-15 06:00:00,4609.2001953125,4612.2001953125,4597.39990234375,4598.89990234375,2274
2026-01-15 06:15:00,4607.89990234375,4614.0,4607.89990234375,4609.0,1632
2026-01-15 06:30:00,4610.0,4612.10009765625,4604.39990234375,4607.60009765625,1471
2026-01-15 06:45:00,4614.5,4616.39990234375,4607.7001953125,4609.60009765625,1552
2026-01-15 07:00:00,4613.89990234375,4615.39990234375,4610.2998046875,4614.89990234375,1074
2026-01-15 07:15:00,4614.7998046875,4618.0,4612.89990234375,4614.0,1463
2026-01-15 07:30:00,4608.7001953125,4615.7998046875,4606.2001953125,4615.0,1682
2026-01-15 07:45:00,4606.10009765625,4609.10009765625,4603.5,4608.39990234375,1161
2026-01-15 08:00:00,4608.2001953125,4609.10009765625,4602.2001953125,4606.39990234375,1571
2026-01-15 08:15:00,4606.2998046875,4610.5,4604.5,4608.2001953125,2257
2026-01-15 08:30:00,4610.60009765625,4611.5,4603.2001953125,4606.2001953125,1283
2026-01-15 08:45:00,4608.2001953125,4610.7998046875,4605.2998046875,4610.60009765625,1086
2026-01-15 09:00:00,4608.10009765625,4608.7998046875,4604.60009765625,4608.10009765625,939
2026-01-15 09:15:00,4608.7001953125,4609.7998046875,4606.10009765625,4608.2001953125,1029
2026-01-15 09:30:00,4613.7001953125,4615.5,4607.0,4608.89990234375,2404
2026-01-15 09:45:00,4616.89990234375,4617.2001953125,4612.2001953125,4613.60009765625,1581
2026-01-15 10:00:00,4616.5,4618.2998046875,4613.39990234375,4616.7001953125,2483
2026-01-15 10:15:00,4616.2001953125,4620.10009765625,4615.10009765625,4616.7001953125,1960
2026-01-15 10:30:00,4622.2998046875,4623.7001953125,4614.39990234375,4616.2001953125,1681
2026-01-15 10:45:00,4624.2001953125,4624.89990234375,4621.10009765625,4622.10009765625,1180
2026-01-15 11:00:00,4623.10009765625,4625.89990234375,4622.7001953125,4624.2998046875,903
2026-01-15 11:15:00,4623.39990234375,4624.60009765625,4621.2998046875,4622.7001953125,1976
2026-01-15 11:30:00,4621.89990234375,4627.0,4621.60009765625,4623.39990234375,1181
2026-01-15 11:45:00,4623.39990234375,4624.39990234375,4619.60009765625,4622.0,1370
2026-01-15 12:00:00,4618.89990234375,4624.89990234375,4618.60009765625,4623.2998046875,1365
2026-01-15 12:15:00,4620.7001953125,4622.89990234375,4618.0,4619.10009765625,1207
2026-01-15 12:30:00,4621.10009765625,4622.7998046875,4619.60009765625,4620.60009765625,1051
2026-01-15 12:45:00,4617.89990234375,4621.7001953125,4615.7001953125,4621.2998046875,1366
2026-01-15 13:00:00,4615.5,4620.2001953125,4613.7001953125,4618.0,2112
2026-01-15 13:15:00,4609.89990234375,4618.0,4606.2998046875,4615.2001953125,2994
2026-01-15 13:30:00,4593.7998046875,4609.7001953125,4591.7001953125,4609.39990234375,9040
2026-01-15 13:45:00,4591.60009765625,4598.10009765625,4584.0,4593.5,7183
2026-01-15 14:00:00,4603.7001953125,4603.89990234375,4586.2998046875,4591.60009765625,5884
2026-01-15 14:15:00,4606.10009765625,4610.60009765625,4600.2998046875,4603.60009765625,5650
2026-01-15 14:30:00,4606.2001953125,4615.7001953125,4605.2001953125,4606.2001953125,5342
2026-01-15 14:45:00,4614.89990234375,4618.7998046875,4603.89990234375,4606.5,5051
2026-01-15 15:00:00,4617.2998046875,4619.0,4608.2001953125,4614.7998046875,5009
2026-01-15 15:15:00,4621.0,4622.2998046875,4616.2998046875,4617.5,4028
2026-01-15 15:30:00,4616.0,4622.2998046875,4614.0,4621.0,3419
2026-01-15 15:45:00,4620.2001953125,4621.7001953125,4614.2998046875,4615.89990234375,2722
2026-01-15 16:00:00,4626.7998046875,4628.2001953125,4613.0,4620.0,5766
2026-01-15 16:15:00,4616.5,4630.10009765625,4616.10009765625,4626.89990234375,5606
2026-01-15 16:30:00,4612.2001953125,4618.10009765625,4609.0,4616.5,3873
2026-01-15 16:45:00,4610.2001953125,4612.2001953125,4605.7001953125,4611.89990234375,3218
2026-01-15 17:00:00,4614.5,4616.0,4610.2998046875,4610.39990234375,2309
2026-01-15 17:15:00,4615.5,4618.89990234375,4612.2998046875,4614.60009765625,3184
2026-01-15 17:30:00,4619.2001953125,4621.7998046875,4614.89990234375,4615.39990234375,2605
2026-01-15 17:45:00,4621.5,4621.7001953125,4618.5,4619.39990234375,1553
2026-01-15 18:00:00,4622.7998046875,4625.2998046875,4621.2998046875,4621.39990234375,4369
2026-01-15 18:15:00,4624.10009765625,4626.0,4622.2001953125,4622.7001953125,4915
2026-01-15 18:30:00,4620.39990234375,4624.0,4617.60009765625,4624.0,2510
2026-01-15 18:45:00,4622.10009765625,4624.2998046875,4620.10009765625,4620.2998046875,1073
2026-01-15 19:00:00,4623.60009765625,4626.5,4621.89990234375,4622.2001953125,1734
2026-01-15 19:15:00,4622.7001953125,4625.2001953125,4622.0,4623.39990234375,1982
2026-01-15 19:30:00,4621.39990234375,4623.7001953125,4619.5,4622.7001953125,1200
2026-01-15 19:45:00,4620.0,4621.89990234375,4616.7998046875,4621.2998046875,1483
2026-01-15 20:00:00,4609.60009765625,4620.7001953125,4608.10009765625,4620.2001953125,2738
2026-01-15 20:15:00,4609.0,4613.0,4604.2001953125,4609.60009765625,2271
2026-01-15 20:30:00,4612.2998046875,4613.39990234375,4607.60009765625,4609.0,1042
2026-01-15 20:45:00,4609.7998046875,4613.2998046875,4607.39990234375,4612.5,1837
2026-01-15 21:00:00,4616.2001953125,4616.2001953125,4608.5,4609.5,1176
2026-01-15 21:15:00,4618.2001953125,4619.60009765625,4615.2001953125,4616.10009765625,636
2026-01-15 21:30:00,4619.7001953125,4619.7998046875,4617.7001953125,4618.2001953125,568
2026-01-15 21:45:00,4620.5,4620.60009765625,4617.7001953125,4619.7998046875,594
2026-01-15 23:00:00,4618.2998046875,4625.5,4618.0,4621.60009765625,743
2026-01-15 23:15:00,4613.7001953125,4619.5,4613.10009765625,4618.39990234375,1137
2026-01-15 23:30:00,4612.5,4615.5,4611.2001953125,4613.60009765625,863
2026-01-15 23:45:00,4614.60009765625,4615.10009765625,4610.60009765625,4612.2998046875,970
2026-01-16 00:00:00,4610.10009765625,4614.5,4607.5,4614.2001953125,1209
2026-01-16 00:15:00,4611.89990234375,4615.10009765625,4609.60009765625,4610.10009765625,889
2026-01-16 00:30:00,4605.5,4612.2998046875,4605.0,4611.89990234375,781
2026-01-16 00:45:00,4604.39990234375,4606.0,4602.39990234375,4605.5,1360
2026-01-16 01:00:00,4607.2001953125,4609.5,4597.7998046875,4603.7998046875,2387
2026-01-16 01:15:00,4609.7998046875,4611.2998046875,4603.7998046875,4607.7001953125,1657
2026-01-16 01:30:00,4609.0,4612.2998046875,4605.10009765625,4609.89990234375,1758
2026-01-16 01:45:00,4604.7998046875,4609.2001953125,4603.2001953125,4609.0,1557
2026-01-16 02:00:00,4601.39990234375,4607.5,4601.0,4604.7998046875,3305
2026-01-16 02:15:00,4603.5,4607.7001953125,4600.10009765625,4601.2998046875,1805
2026-01-16 02:30:00,4599.39990234375,4604.7001953125,4594.60009765625,4603.5,2338
2026-01-16 02:45:00,4598.39990234375,4602.2001953125,4595.0,4599.2001953125,1423
2026-01-16 03:00:00,4601.89990234375,4602.7001953125,4597.60009765625,4598.2001953125,795
2026-01-16 03:15:00,4598.7998046875,4603.2001953125,4598.39990234375,4602.0,823
2026-01-16 03:30:00,4599.5,4600.7001953125,4595.7998046875,4598.60009765625,685
2026-01-16 03:45:00,4599.39990234375,4600.7998046875,4598.2998046875,4599.39990234375,476
2026-01-16 04:00:00,4601.7998046875,4602.89990234375,4599.2001953125,4599.39990234375,936
2026-01-16 04:15:00,4601.89990234375,4604.7001953125,4601.60009765625,4602.0,606
2026-01-16 04:30:00,4603.2998046875,4604.2998046875,4600.7001953125,4601.89990234375,433
2026-01-16 04:45:00,4604.60009765625,4605.5,4602.5,4603.2998046875,402
2026-01-16 05:00:00,4599.7998046875,4604.7001953125,4598.60009765625,4604.5,535
2026-01-16 05:15:00,4604.39990234375,4605.0,4598.7001953125,4599.7001953125,496
2026-01-16 05:30:00,4610.5,4610.5,4599.60009765625,4604.39990234375,1754
2026-01-16 05:45:00,4615.39990234375,4620.2001953125,4610.2001953125,4610.60009765625,2268
2026-01-16 06:00:00,4608.60009765625,4616.2998046875,4607.60009765625,4615.5,1296
2026-01-16 06:15:00,4608.2001953125,4613.0,4607.2001953125,4608.7001953125,1403
2026-01-16 06:30:00,4599.7001953125,4612.10009765625,4599.5,4608.0,2477
2026-01-16 06:45:00,4601.7998046875,4603.2001953125,4597.10009765625,4599.7998046875,2695
2026-01-16 07:00:00,4614.2001953125,4616.10009765625,4600.5,4601.5,2281
2026-01-16 07:15:00,4609.89990234375,4614.10009765625,4608.7998046875,4614.10009765625,1599
2026-01-16 07:30:00,4607.10009765625,4616.2001953125,4605.2998046875,4609.89990234375,3351
2026-01-16 07:45:00,4611.5,4613.7998046875,4605.7001953125,4607.2998046875,1383
2026-01-16 08:00:00,4609.0,4614.5,4608.7998046875,4611.2001953125,1086
2026-01-16 08:15:00,4611.39990234375,4614.7998046875,4608.60009765625,4608.7001953125,1058
2026-01-16 08:30:00,4606.10009765625,4613.0,4605.89990234375,4611.2001953125,1207
2026-01-16 08:45:00,4606.7998046875,4611.2998046875,4605.2001953125,4605.89990234375,1186
2026-01-16 09:00:00,4608.5,4612.2001953125,4605.89990234375,4606.7998046875,976
2026-01-16 09:15:00,4604.60009765625,4608.7998046875,4603.2998046875,4608.7001953125,733
2026-01-16 09:30:00,4607.39990234375,4607.39990234375,4602.7001953125,4605.0,919
2026-01-16 09:45:00,4604.2001953125,4607.2998046875,4603.89990234375,4607.2001953125,574
2026-01-16 10:00:00,4610.60009765625,4611.60009765625,4604.10009765625,4604.10009765625,1018
2026-01-16 10:15:00,4611.5,4615.10009765625,4610.60009765625,4610.60009765625,1928
2026-01-16 10:30:00,4611.5,4613.39990234375,4610.60009765625,4611.2998046875,1059
2026-01-16 10:45:00,4604.10009765625,4612.60009765625,4603.60009765625,4611.2998046875,1583
2026-01-16 11:00:00,4610.39990234375,4610.7001953125,4602.2998046875,4604.10009765625,1568
2026-01-16 11:15:00,4615.10009765625,4615.5,4609.5,4610.2998046875,1168
2026-01-16 11:30:00,4619.7001953125,4620.0,4613.39990234375,4614.89990234375,1835
2026-01-16 11:45:00,4616.5,4620.5,4616.5,4619.7001953125,1776
2026-01-16 12:00:00,4615.0,4616.7998046875,4613.2001953125,4616.39990234375,1198
2026-01-16 12:15:00,4610.39990234375,4617.0,4608.60009765625,4615.10009765625,1546
2026-01-16 12:30:00,4607.7001953125,4610.7001953125,4606.39990234375,4610.5,1606
2026-01-16 12:45:00,4605.7001953125,4609.7001953125,4601.0,4607.60009765625,2378
2026-01-16 13:00:00,4600.89990234375,4609.89990234375,4598.7998046875,4605.7998046875,3673
2026-01-16 13:15:00,4590.5,4602.2001953125,4586.0,4600.89990234375,10308
2026-01-16 13:30:00,4603.10009765625,4605.7001953125,4588.5,4590.7001953125,5328
2026-01-16 13:45:00,4605.7001953125,4607.0,4600.60009765625,4603.2001953125,3691
2026-01-16 14:00:00,4611.0,4612.60009765625,4602.10009765625,4605.7001953125,3184
2026-01-16 14:15:00,4603.0,4613.2998046875,4602.2001953125,4611.10009765625,3050
2026-01-16 14:30:00,4612.2998046875,4615.39990234375,4599.89990234375,4602.7998046875,5910
2026-01-16 14:45:00,4611.89990234375,4618.89990234375,4610.89990234375,4612.60009765625,4971
2026-01-16 15:00:00,4620.7001953125,4624.60009765625,4611.2001953125,4611.39990234375,5541
2026-01-16 15:15:00,4568.10009765625,4622.10009765625,4567.2998046875,4620.60009765625,23995
2026-01-16 15:30:00,4558.39990234375,4573.39990234375,4539.10009765625,4567.7998046875,25034
2026-01-16 15:45:00,4574.7998046875,4579.0,4558.60009765625,4558.60009765625,11032
2026-01-16 16:00:00,4596.7998046875,4597.2998046875,4570.7998046875,4574.60009765625,9536
2026-01-16 16:15:00,4596.39990234375,4601.7001953125,4588.7001953125,4597.2001953125,6553
2026-01-16 16:30:00,4600.89990234375,4603.89990234375,4592.7998046875,4597.0,4368
2026-01-16 16:45:00,4595.7998046875,4602.2001953125,4586.7001953125,4601.0,4373
2026-01-16 17:00:00,4594.7001953125,4597.89990234375,4589.60009765625,4596.2001953125,1948
2026-01-16 17:15:00,4583.5,4595.2998046875,4581.0,4594.60009765625,3668
2026-01-16 17:30:00,4585.2998046875,4591.10009765625,4581.60009765625,4583.2998046875,1898
2026-01-16 17:45:00,4586.0,4588.7001953125,4583.5,4585.2001953125,1319
2026-01-16 18:00:00,4589.2001953125,4593.7998046875,4584.7001953125,4586.0,1844
2026-01-16 18:15:00,4595.2998046875,4596.89990234375,4586.60009765625,4589.2001953125,3536
2026-01-16 18:30:00,4600.39990234375,4601.10009765625,4593.39990234375,4595.2998046875,2341
2026-01-16 18:45:00,4587.89990234375,4601.0,4587.39990234375,4600.5,2507
2026-01-16 19:00:00,4589.2998046875,4593.60009765625,4586.2001953125,4587.7998046875,1383
2026-01-16 19:15:00,4588.89990234375,4591.39990234375,4585.7998046875,4589.10009765625,1091
2026-01-16 19:30:00,4594.2001953125,4596.7001953125,4588.89990234375,4588.89990234375,1014
2026-01-16 19:45:00,4595.2001953125,4597.2001953125,4593.2001953125,4594.2001953125,947
2026-01-16 20:00:00,4597.60009765625,4600.2001953125,4593.39990234375,4595.2998046875,1394
2026-01-16 20:15:00,4593.0,4597.7998046875,4592.10009765625,4597.60009765625,947
2026-01-16 20:30:00,4589.0,4592.60009765625,4585.0,4592.60009765625,3378
2026-01-16 20:45:00,4587.2998046875,4593.89990234375,4586.7998046875,4588.7998046875,2238
2026-01-16 21:00:00,4591.0,4591.39990234375,4587.2001953125,4587.2001953125,773
2026-01-16 21:15:00,4596.2001953125,4602.10009765625,4590.60009765625,4591.0,1527
2026-01-16 21:30:00,4598.2998046875,4599.7998046875,4595.60009765625,4596.10009765625,704
2026-01-16 21:45:00,4595.39990234375,4601.2001953125,4595.39990234375,4598.39990234375,754
2026-01-19 04:30:00,4668.2001953125,4669.7998046875,4595.39990234375,4595.39990234375,531
2026-01-19 04:45:00,4671.2001953125,4672.2998046875,4667.7001953125,4668.0,466
2026-01-20 05:00:00,4706.0,4707.7001953125,4700.60009765625,4700.89990234375,3277
2026-01-20 05:15:00,4702.10009765625,4706.7001953125,4701.2001953125,4706.0,2028
2026-01-20 05:30:00,4711.0,4712.7001953125,4700.0,4702.2998046875,5531
2026-01-20 05:45:00,4720.60009765625,4722.7998046875,4711.0,4711.0,4314
2026-01-20 06:00:00,4719.0,4723.39990234375,4713.7001953125,4720.7001953125,3933
2026-01-20 06:15:00,4718.0,4721.2001953125,4714.5,4718.7998046875,2080
2026-01-20 06:30:00,4716.5,4720.5,4711.2998046875,4717.89990234375,2639
2026-01-20 06:45:00,4718.60009765625,4721.5,4715.2001953125,4716.5,2261
2026-01-20 07:00:00,4721.5,4723.7001953125,4717.5,4718.39990234375,1870
2026-01-20 07:15:00,4723.7001953125,4727.60009765625,4720.60009765625,4721.5,3021
2026-01-20 07:30:00,4725.5,4727.10009765625,4722.0,4724.0,1536
2026-01-20 07:45:00,4721.39990234375,4728.0,4720.2001953125,4725.39990234375,3172
2026-01-20 08:00:00,4730.2998046875,4731.2998046875,4720.39990234375,4721.39990234375,2324
2026-01-20 08:15:00,4724.2001953125,4730.39990234375,4723.60009765625,4730.0,2590
2026-01-20 08:30:00,4728.7998046875,4730.10009765625,4721.39990234375,4724.39990234375,2715
2026-01-20 08:45:00,4735.60009765625,4738.0,4728.5,4728.7001953125,3461
2026-01-20 09:00:00,4731.2998046875,4737.7998046875,4730.2001953125,4735.5,3126
2026-01-20 09:15:00,4739.39990234375,4740.0,4727.2001953125,4731.10009765625,2770
2026-01-20 09:30:00,4739.60009765625,4742.10009765625,4738.7001953125,4738.89990234375,2610
2026-01-20 09:45:00,4737.60009765625,4742.89990234375,4737.2998046875,4739.39990234375,3257
2026-01-20 10:00:00,4736.89990234375,4740.39990234375,4735.7001953125,4737.5,1819
2026-01-20 10:15:00,4733.2998046875,4739.0,4733.2001953125,4736.89990234375,1651
2026-01-20 10:30:00,4730.10009765625,4734.60009765625,4729.0,4733.2001953125,2707
2026-01-20 10:45:00,4732.2998046875,4734.0,4728.7001953125,4730.2001953125,1114
2026-01-20 11:00:00,4732.0,4733.89990234375,4727.2998046875,4732.2998046875,1410
2026-01-20 11:15:00,4732.39990234375,4735.0,4731.0,4732.0,1023
2026-01-20 11:30:00,4737.7001953125,4737.89990234375,4731.39990234375,4732.5,1341
2026-01-20 11:45:00,4738.60009765625,4740.7998046875,4736.0,4737.89990234375,1591
2026-01-20 12:00:00,4736.0,4738.60009765625,4733.89990234375,4738.60009765625,1514
2026-01-20 12:15:00,4732.39990234375,4736.2001953125,4732.0,4736.0,1244
2026-01-20 12:30:00,4732.5,4735.2001953125,4729.5,4732.2998046875,2480
2026-01-20 12:45:00,4733.2998046875,4735.39990234375,4731.7001953125,4732.10009765625,2624
2026-01-20 13:00:00,4729.2998046875,4734.2001953125,4727.2998046875,4733.39990234375,3116
2026-01-20 13:15:00,4724.60009765625,4732.10009765625,4721.2001953125,4729.2998046875,4506
2026-01-20 13:30:00,4735.2001953125,4736.10009765625,4720.0,4724.7998046875,7886
2026-01-20 13:45:00,4742.2998046875,4743.7998046875,4732.5,4735.60009765625,6304
2026-01-20 14:00:00,4746.2001953125,4754.2001953125,4737.2998046875,4742.2998046875,10171
2026-01-20 14:15:00,4755.7998046875,4756.2001953125,4745.7998046875,4746.2001953125,5852
2026-01-20 14:30:00,4743.10009765625,4756.60009765625,4733.39990234375,4755.89990234375,11130
2026-01-20 14:45:00,4746.39990234375,4747.39990234375,4738.0,4743.10009765625,5005
2026-01-20 15:00:00,4749.2001953125,4753.7001953125,4743.5,4745.89990234375,7360
2026-01-20 15:15:00,4728.60009765625,4749.39990234375,4726.7001953125,4749.2998046875,9905
2026-01-20 15:30:00,4737.2001953125,4740.10009765625,4726.7998046875,4728.39990234375,6718
2026-01-20 15:45:00,4742.0,4743.7001953125,4733.10009765625,4737.2998046875,4941
2026-01-20 16:00:00,4745.5,4747.89990234375,4733.39990234375,4742.10009765625,4623
2026-01-20 16:15:00,4745.7998046875,4748.60009765625,4739.60009765625,4745.7001953125,5393
2026-01-20 16:30:00,4749.39990234375,4750.39990234375,4745.10009765625,4745.39990234375,3356
2026-01-20 16:45:00,4758.0,4762.0,4749.5,4749.60009765625,6301
2026-01-20 17:00:00,4758.2998046875,4758.7001953125,4750.2998046875,4757.7001953125,4445
2026-01-20 17:15:00,4759.39990234375,4761.7998046875,4756.2998046875,4758.5,3529
2026-01-20 17:30:00,4760.7001953125,4763.2001953125,4756.5,4759.60009765625,3341
2026-01-20 17:45:00,4763.7001953125,4767.0,4756.2998046875,4761.0,3964
2026-01-20 18:00:00,4768.0,4770.0,4763.10009765625,4763.7998046875,3557
2026-01-20 18:15:00,4766.2998046875,4771.2001953125,4764.10009765625,4768.0,7555
2026-01-20 18:30:00,4762.2998046875,4767.60009765625,4761.60009765625,4766.2001953125,3134
2026-01-20 18:45:00,4764.2001953125,4765.39990234375,4757.5,4762.2001953125,3127
2026-01-20 19:00:00,4764.10009765625,4765.60009765625,4761.2998046875,4764.39990234375,1288
2026-01-20 19:15:00,4764.60009765625,4771.5,4763.2001953125,4764.2001953125,2748
2026-01-20 19:30:00,4768.2998046875,4769.2001953125,4761.7001953125,4764.60009765625,1794
2026-01-20 19:45:00,4765.89990234375,4769.0,4763.60009765625,4768.2001953125,1128
2026-01-20 20:00:00,4765.2998046875,4766.60009765625,4760.89990234375,4765.7998046875,1578
2026-01-20 20:15:00,4755.60009765625,4766.10009765625,4752.60009765625,4765.7001953125,3414
2026-01-20 20:30:00,4755.0,4760.7001953125,4754.10009765625,4755.60009765625,2164
2026-01-20 20:45:00,4761.39990234375,4762.89990234375,4754.60009765625,4755.2001953125,2135
2026-01-20 21:00:00,4765.5,4765.7001953125,4761.10009765625,4761.5,993
2026-01-20 21:15:00,4765.2998046875,4766.2998046875,4764.5,4765.60009765625,582
2026-01-20 21:30:00,4764.60009765625,4765.10009765625,4762.5,4765.0,317
2026-01-20 21:45:00,4769.10009765625,4769.2998046875,4764.2001953125,4764.7001953125,695
2026-01-20 23:00:00,4761.89990234375,4771.2998046875,4761.7998046875,4767.5,491
2026-01-20 23:15:00,4763.5,4765.2998046875,4761.5,4762.10009765625,993
2026-01-20 23:30:00,4777.7998046875,4777.89990234375,4762.5,4763.39990234375,1338
2026-01-20 23:45:00,4779.7998046875,4784.89990234375,4775.5,4777.7998046875,2301
2026-01-21 00:00:00,4780.60009765625,4781.7998046875,4774.5,4779.60009765625,1260
2026-01-21 00:15:00,4782.2001953125,4784.89990234375,4778.2001953125,4780.7998046875,1145
2026-01-21 00:30:00,4789.89990234375,4791.10009765625,4781.60009765625,4782.0,2373
2026-01-21 00:45:00,4789.60009765625,4792.89990234375,4786.89990234375,4790.0,1615
2026-01-21 01:00:00,4812.2001953125,4814.39990234375,4788.5,4789.60009765625,6536
2026-01-21 01:15:00,4830.5,4831.0,4809.60009765625,4812.0,6757
2026-01-21 01:30:00,4821.7998046875,4839.60009765625,4818.10009765625,4830.39990234375,7229
2026-01-21 01:45:00,4838.5,4847.7001953125,4822.0,4822.0,6335
2026-01-21 02:00:00,4831.39990234375,4845.2998046875,4825.60009765625,4838.60009765625,4052
2026-01-21 02:15:00,4827.7001953125,4831.5,4820.39990234375,4831.5,2837
2026-01-21 02:30:00,4833.7998046875,4842.7998046875,4824.7998046875,4827.7001953125,3336
2026-01-21 02:45:00,4839.39990234375,4840.0,4830.2001953125,4834.0,1993
2026-01-21 03:00:00,4836.10009765625,4852.60009765625,4835.60009765625,4839.2001953125,4423
2026-01-21 03:15:00,4836.10009765625,4839.7001953125,4829.5,4836.0,3576
2026-01-21 03:30:00,4845.10009765625,4848.7998046875,4834.2001953125,4836.2998046875,2562
2026-01-21 03:45:00,4847.60009765625,4849.7001953125,4842.5,4845.39990234375,1199
2026-01-21 04:00:00,4847.2001953125,4849.2001953125,4840.0,4847.2998046875,1298
2026-01-21 04:15:00,4852.39990234375,4856.7998046875,4846.5,4847.5,2187
2026-01-21 04:30:00,4867.60009765625,4868.39990234375,4852.60009765625,4852.60009765625,2780
2026-01-21 04:45:00,4867.5,4873.60009765625,4864.7998046875,4868.2998046875,2283
2026-01-21 05:00:00,4869.60009765625,4869.89990234375,4861.7001953125,4868.39990234375,2227
2026-01-21 05:15:00,4871.39990234375,4876.89990234375,4866.5,4869.39990234375,2435
2026-01-21 05:30:00,4873.5,4880.89990234375,4866.0,4871.60009765625,3036
2026-01-21 05:45:00,4872.39990234375,4879.60009765625,4871.5,4873.39990234375,1813
2026-01-21 06:00:00,4874.10009765625,4878.0,4866.7998046875,4872.60009765625,2302
2026-01-21 06:15:00,4886.39990234375,4891.10009765625,4872.7001953125,4873.7998046875,3469
2026-01-21 06:30:00,4864.89990234375,4890.2001953125,4861.7998046875,4886.5,5018
2026-01-21 06:45:00,4850.2001953125,4869.0,4848.0,4864.39990234375,6123
2026-01-21 07:00:00,4839.89990234375,4852.5,4837.10009765625,4849.89990234375,5160
2026-01-21 07:15:00,4851.39990234375,4852.5,4835.2001953125,4840.0,4779
2026-01-21 07:30:00,4851.5,4853.89990234375,4840.60009765625,4851.2998046875,4296
2026-01-21 07:45:00,4857.5,4859.39990234375,4849.7998046875,4851.60009765625,2363
2026-01-21 08:00:00,4860.2998046875,4866.10009765625,4855.7001953125,4856.89990234375,2629
2026-01-21 08:15:00,4869.0,4871.60009765625,4860.39990234375,4860.5,2255
2026-01-21 08:30:00,4863.39990234375,4870.2001953125,4861.2998046875,4868.7998046875,2533
2026-01-21 08:45:00,4856.89990234375,4865.2998046875,4853.7001953125,4863.2998046875,2585
2026-01-21 09:00:00,4862.10009765625,4864.7998046875,4854.5,4856.89990234375,2377
2026-01-21 09:15:00,4878.0,4878.7998046875,4860.2001953125,4862.10009765625,4162
2026-01-21 09:30:00,4868.60009765625,4879.39990234375,4866.2998046875,4877.89990234375,2402
2026-01-21 09:45:00,4862.39990234375,4869.7001953125,4861.10009765625,4868.60009765625,1987
2026-01-21 10:00:00,4865.5,4868.89990234375,4861.60009765625,4862.5,1817
2026-01-21 10:15:00,4862.7001953125,4866.60009765625,4861.89990234375,4865.60009765625,2204
2026-01-21 10:30:00,4867.2001953125,4868.0,4862.0,4862.39990234375,1960
2026-01-21 10:45:00,4864.39990234375,4869.2001953125,4864.10009765625,4867.39990234375,1293
2026-01-21 11:00:00,4867.7001953125,4868.0,4863.10009765625,4864.2998046875,1360
2026-01-21 11:15:00,4869.0,4874.0,4867.60009765625,4867.7998046875,2926
2026-01-21 11:30:00,4864.60009765625,4869.5,4862.7998046875,4869.2001953125,2829
2026-01-21 11:45:00,4869.10009765625,4869.10009765625,4857.39990234375,4864.60009765625,2494
2026-01-21 12:00:00,4864.7998046875,4869.7998046875,4863.7998046875,4869.2998046875,2313
2026-01-21 12:15:00,4867.60009765625,4868.0,4858.10009765625,4864.60009765625,2487
2026-01-21 12:30:00,4868.0,4873.5,4866.0,4867.89990234375,3957
2026-01-21 12:45:00,4868.0,4870.10009765625,4859.5,4868.5,2801
2026-01-21 13:00:00,4872.10009765625,4874.2998046875,4861.0,4868.2001953125,3868
2026-01-21 13:15:00,4870.7998046875,4874.2001953125,4864.10009765625,4872.10009765625,3484
2026-01-21 13:30:00,4880.2998046875,4882.10009765625,4869.7001953125,4870.7001953125,5701
2026-01-21 13:45:00,4882.2998046875,4883.2998046875,4872.60009765625,4880.2998046875,4776
2026-01-21 14:00:00,4846.60009765625,4884.5,4840.7998046875,4882.60009765625,20261
2026-01-21 14:15:00,4862.5,4867.2998046875,4844.0,4847.2001953125,9907
2026-01-21 14:30:00,4862.89990234375,4874.89990234375,4852.10009765625,4862.39990234375,8462
2026-01-21 14:45:00,4853.7001953125,4864.60009765625,4848.2998046875,4863.39990234375,6883
2026-01-21 15:00:00,4862.39990234375,4871.2001953125,4849.5,4853.7001953125,7634
2026-01-21 15:15:00,4833.2998046875,4864.0,4813.7998046875,4862.39990234375,18587
2026-01-21 15:30:00,4839.10009765625,4847.7998046875,4831.39990234375,4833.5,7122
2026-01-21 15:45:00,4850.0,4856.60009765625,4836.0,4839.5,5536
2026-01-21 16:00:00,4849.5,4858.7001953125,4846.0,4850.0,5029
2026-01-21 16:15:00,4843.2998046875,4855.5,4831.60009765625,4849.7001953125,5639
2026-01-21 16:30:00,4837.7998046875,4852.7001953125,4836.60009765625,4842.7001953125,5863
2026-01-21 16:45:00,4836.5,4840.7001953125,4821.60009765625,4837.2998046875,5165
2026-01-21 17:00:00,4820.2001953125,4837.0,4817.2998046875,4836.7001953125,5487
2026-01-21 17:15:00,4823.5,4828.7998046875,4816.60009765625,4820.0,9967
2026-01-21 17:30:00,4812.0,4823.7998046875,4804.60009765625,4823.60009765625,7749
2026-01-21 17:45:00,4829.0,4830.39990234375,4811.2001953125,4812.10009765625,2927
2026-01-21 18:00:00,4828.10009765625,4834.39990234375,4825.2001953125,4828.60009765625,2526
2026-01-21 18:15:00,4836.60009765625,4839.7998046875,4822.60009765625,4828.2001953125,7972
2026-01-21 18:30:00,4840.39990234375,4841.2998046875,4833.2001953125,4836.7998046875,2832
2026-01-21 18:45:00,4853.2001953125,4853.5,4838.7001953125,4840.39990234375,2390
2026-01-21 19:00:00,4851.7998046875,4854.10009765625,4845.60009765625,4853.10009765625,1782
2026-01-21 19:15:00,4817.7998046875,4857.2001953125,4807.10009765625,4851.5,6990
2026-01-21 19:30:00,4768.2998046875,4823.7001953125,4767.39990234375,4818.7001953125,15890
2026-01-21 19:45:00,4783.39990234375,4785.39990234375,4757.10009765625,4768.2001953125,8411
2026-01-21 20:00:00,4789.39990234375,4790.2001953125,4774.5,4783.0,4171
2026-01-21 20:15:00,4800.0,4803.5,4786.39990234375,4789.5,5939
2026-01-21 20:30:00,4822.89990234375,4823.7001953125,4799.0,4799.7998046875,7020
2026-01-21 20:45:00,4830.0,4830.89990234375,4818.60009765625,4822.60009765625,4319
2026-01-21 21:00:00,4827.0,4829.60009765625,4816.0,4829.60009765625,2024
2026-01-21 21:15:00,4835.60009765625,4841.5,4826.7998046875,4827.0,1611
2026-01-21 21:30:00,4838.2998046875,4842.7001953125,4835.2998046875,4835.7998046875,799
2026-01-21 21:45:00,4836.2001953125,4842.7998046875,4830.7998046875,4838.7001953125,1673
2026-01-21 23:00:00,4816.2001953125,4837.7001953125,4803.2001953125,4836.2001953125,1351
2026-01-21 23:15:00,4795.89990234375,4816.39990234375,4786.2998046875,4815.7001953125,2366
2026-01-21 23:30:00,4789.10009765625,4803.10009765625,4787.2001953125,4796.5,1692
2026-01-21 23:45:00,4779.60009765625,4799.2998046875,4779.2998046875,4789.39990234375,1836
2026-01-22 00:00:00,4791.89990234375,4795.89990234375,4779.39990234375,4779.89990234375,2170
2026-01-22 00:15:00,4784.2998046875,4791.89990234375,4781.60009765625,4791.89990234375,1265
2026-01-22 00:30:00,4793.7001953125,4796.7001953125,4781.5,4784.2998046875,1523
2026-01-22 00:45:00,4798.7998046875,4799.7998046875,4788.7001953125,4794.2001953125,1085
2026-01-22 01:00:00,4792.39990234375,4798.39990234375,4772.7001953125,4798.39990234375,3801
2026-01-22 01:15:00,4796.7001953125,4810.60009765625,4789.2998046875,4792.7001953125,3205
2026-01-22 01:30:00,4805.0,4806.2998046875,4794.2998046875,4797.0,2126
2026-01-22 01:45:00,4799.2001953125,4806.39990234375,4798.7001953125,4804.2998046875,945
2026-01-22 02:00:00,4794.89990234375,4799.7998046875,4788.5,4798.89990234375,1952
2026-01-22 02:15:00,4788.39990234375,4796.89990234375,4787.39990234375,4795.0,1568
2026-01-22 02:30:00,4782.7998046875,4789.0,4775.2998046875,4788.7001953125,2706
2026-01-22 02:45:00,4789.89990234375,4793.60009765625,4783.39990234375,4783.5,1712
2026-01-22 03:00:00,4791.2001953125,4792.5,4785.0,4790.2001953125,1168
2026-01-22 03:15:00,4794.0,4797.10009765625,4787.0,4791.0,1019
2026-01-22 03:30:00,4791.5,4795.60009765625,4791.2001953125,4794.0,462
2026-01-22 03:45:00,4797.39990234375,4798.10009765625,4791.0,4791.2001953125,564
2026-01-22 04:00:00,4799.2001953125,4801.7998046875,4796.39990234375,4797.89990234375,1157
2026-01-22 04:15:00,4797.2001953125,4800.89990234375,4795.7001953125,4799.7001953125,705
2026-01-22 04:30:00,4796.5,4799.60009765625,4794.89990234375,4797.2998046875,872
2026-01-22 04:45:00,4797.7001953125,4799.0,4794.7001953125,4796.2001953125,507
2026-01-22 05:00:00,4801.2001953125,4802.5,4794.7001953125,4798.10009765625,1062
2026-01-22 05:15:00,4796.10009765625,4801.5,4795.7998046875,4801.5,586
2026-01-22 05:30:00,4801.39990234375,4803.7001953125,4796.0,4796.10009765625,1039
2026-01-22 05:45:00,4821.7998046875,4822.10009765625,4802.0,4802.0,3174
2026-01-22 06:00:00,4818.5,4825.10009765625,4816.60009765625,4821.60009765625,2264
2026-01-22 06:15:00,4825.89990234375,4829.60009765625,4817.2998046875,4818.7001953125,2527
2026-01-22 06:30:00,4824.5,4828.5,4824.0,4825.7998046875,1073
2026-01-22 06:45:00,4827.2998046875,4827.39990234375,4821.89990234375,4824.2998046875,931
2026-01-22 07:00:00,4834.10009765625,4836.2001953125,4826.39990234375,4827.39990234375,2306
2026-01-22 07:15:00,4838.2998046875,4839.2001953125,4831.2001953125,4834.60009765625,2283
2026-01-22 07:30:00,4834.39990234375,4841.10009765625,4833.7001953125,4838.5,1851
2026-01-22 07:45:00,4833.5,4837.2001953125,4831.5,4834.60009765625,1107
2026-01-22 08:00:00,4829.0,4836.7998046875,4825.5,4833.39990234375,1794
2026-01-22 08:15:00,4827.2998046875,4831.60009765625,4826.7998046875,4828.7998046875,1078
2026-01-22 08:30:00,4827.89990234375,4830.0,4823.2998046875,4827.5,1466
2026-01-22 08:45:00,4832.2001953125,4833.2001953125,4827.10009765625,4827.89990234375,2235
2026-01-22 09:00:00,4834.2998046875,4839.5,4830.7998046875,4832.2001953125,3346
2026-01-22 09:15:00,4831.10009765625,4835.2998046875,4829.39990234375,4834.39990234375,4065
2026-01-22 09:30:00,4817.60009765625,4832.60009765625,4815.2998046875,4830.7998046875,4041
2026-01-22 09:45:00,4824.39990234375,4824.60009765625,4815.89990234375,4817.2998046875,1671
2026-01-22 10:00:00,4825.0,4826.5,4820.7998046875,4824.7998046875,1367
2026-01-22 10:15:00,4828.39990234375,4829.2001953125,4822.10009765625,4825.0,1631
2026-01-22 10:30:00,4829.89990234375,4831.2001953125,4825.60009765625,4828.2998046875,1381
2026-01-22 10:45:00,4831.0,4833.7001953125,4829.10009765625,4830.0,1034
2026-01-22 11:00:00,4828.10009765625,4833.7998046875,4828.0,4830.7998046875,927
2026-01-22 11:15:00,4829.60009765625,4831.5,4826.2001953125,4827.89990234375,1811
2026-01-22 11:30:00,4833.0,4833.5,4827.10009765625,4829.5,1215
2026-01-22 11:45:00,4833.2001953125,4838.5,4832.2998046875,4832.89990234375,2175
2026-01-22 12:00:00,4826.5,4832.89990234375,4825.39990234375,4832.89990234375,1890
2026-01-22 12:15:00,4833.89990234375,4834.60009765625,4826.39990234375,4827.0,1866
2026-01-22 12:30:00,4831.5,4834.60009765625,4831.2001953125,4833.39990234375,1385
2026-01-22 12:45:00,4821.5,4831.7001953125,4820.5,4831.7001953125,2200
2026-01-22 13:00:00,4828.89990234375,4829.60009765625,4817.60009765625,4821.60009765625,2994
2026-01-22 13:15:00,4828.5,4837.39990234375,4827.60009765625,4828.89990234375,3496
2026-01-22 13:30:00,4815.0,4829.89990234375,4809.60009765625,4827.60009765625,6959
2026-01-22 13:45:00,4823.7998046875,4824.2001953125,4811.7998046875,4815.0,4600
2026-01-22 14:00:00,4825.7001953125,4827.39990234375,4821.7001953125,4823.5,4531
2026-01-22 14:15:00,4831.2998046875,4832.10009765625,4823.7001953125,4825.5,4580
2026-01-22 14:30:00,4847.7998046875,4849.39990234375,4829.5,4831.10009765625,10831
2026-01-22 14:45:00,4836.7001953125,4848.89990234375,4836.5,4847.60009765625,5218
2026-01-22 15:00:00,4841.39990234375,4842.60009765625,4826.39990234375,4836.7001953125,7689
2026-01-22 15:15:00,4856.5,4858.89990234375,4837.89990234375,4841.2998046875,7262
2026-01-22 15:30:00,4866.39990234375,4868.60009765625,4856.10009765625,4856.2998046875,6431
2026-01-22 15:45:00,4874.0,4876.7998046875,4863.39990234375,4866.39990234375,6125
2026-01-22 16:00:00,4876.39990234375,4879.2001953125,4870.10009765625,4874.2001953125,5014
2026-01-22 16:15:00,4878.89990234375,4883.60009765625,4873.2998046875,4876.39990234375,6400
2026-01-22 16:30:00,4883.7001953125,4888.10009765625,4876.0,4879.0,5615
2026-01-22 16:45:00,4880.7998046875,4888.0,4877.5,4883.7001953125,3749
2026-01-22 17:00:00,4883.2001953125,4887.5,4871.0,4880.7998046875,7515
2026-01-22 17:15:00,4892.89990234375,4896.89990234375,4879.39990234375,4883.7001953125,6515
2026-01-22 17:30:00,4901.89990234375,4902.7001953125,4892.5,4893.2001953125,4644
2026-01-22 17:45:00,4907.7998046875,4909.5,4899.60009765625,4901.89990234375,6059
2026-01-22 18:00:00,4911.5,4918.5,4904.60009765625,4907.7001953125,7232
2026-01-22 18:15:00,4913.39990234375,4916.7998046875,4909.7998046875,4911.2998046875,5861
2026-01-22 18:30:00,4916.0,4919.7001953125,4910.39990234375,4913.5,4200
2026-01-22 18:45:00,4918.7001953125,4922.5,4913.7998046875,4915.7998046875,2605
2026-01-22 19:00:00,4927.0,4927.60009765625,4918.2998046875,4918.7001953125,3199
2026-01-22 19:15:00,4917.60009765625,4927.10009765625,4912.89990234375,4926.89990234375,3844
2026-01-22 19:30:00,4916.7998046875,4921.5,4916.7001953125,4918.0,1680
2026-01-22 19:45:00,4915.2001953125,4916.89990234375,4909.2998046875,4916.7001953125,2762
2026-01-22 20:00:00,4929.39990234375,4929.89990234375,4914.7998046875,4915.5,2158
2026-01-22 20:15:00,4929.2001953125,4932.2001953125,4927.89990234375,4929.2998046875,3142
2026-01-22 20:30:00,4926.0,4930.60009765625,4922.0,4929.2998046875,2229
2026-01-22 20:45:00,4920.5,4928.5,4917.7001953125,4926.39990234375,2092
2026-01-22 21:00:00,4926.60009765625,4926.7001953125,4918.2998046875,4920.7001953125,1360
2026-01-22 21:15:00,4928.89990234375,4929.0,4924.10009765625,4926.5,774
2026-01-22 21:30:00,4942.39990234375,4944.0,4927.7001953125,4928.60009765625,2102
2026-01-22 21:45:00,4938.39990234375,4944.2998046875,4938.39990234375,4941.89990234375,1433
2026-01-22 23:00:00,4945.89990234375,4964.0,4938.89990234375,4940.0,3129
2026-01-22 23:15:00,4942.7001953125,4949.7998046875,4941.89990234375,4946.39990234375,1725
2026-01-22 23:30:00,4941.10009765625,4943.2998046875,4932.39990234375,4942.7001953125,1508
2026-01-22 23:45:00,4960.7998046875,4963.0,4941.2001953125,4941.2001953125,3706
2026-01-23 00:00:00,4953.7998046875,4965.39990234375,4952.7001953125,4961.2001953125,1851
2026-01-23 00:15:00,4954.7998046875,4961.0,4950.10009765625,4954.2998046875,1314
2026-01-23 00:30:00,4952.2001953125,4959.2998046875,4949.7001953125,4956.60009765625,2030
2026-01-23 00:45:00,4967.60009765625,4968.5,4952.2998046875,4952.39990234375,1829
2026-01-23 01:00:00,4951.10009765625,4970.0,4938.0,4968.0,5339
2026-01-23 01:15:00,4949.7001953125,4957.0,4944.89990234375,4951.2998046875,2171
2026-01-23 01:30:00,4954.10009765625,4959.0,4949.0,4950.2998046875,1590
2026-01-23 01:45:00,4956.7998046875,4966.0,4954.10009765625,4954.2998046875,2574
2026-01-23 02:00:00,4951.5,4959.89990234375,4949.7001953125,4956.0,1361
2026-01-23 02:15:00,4954.5,4955.2998046875,4948.39990234375,4951.5,1786
2026-01-23 02:30:00,4959.0,4959.89990234375,4954.39990234375,4954.5,1092
2026-01-23 02:45:00,4957.7001953125,4964.5,4957.39990234375,4959.2001953125,1638
2026-01-23 03:00:00,4957.2001953125,4961.10009765625,4955.2998046875,4957.39990234375,1958
2026-01-23 03:15:00,4945.0,4957.60009765625,4939.5,4957.10009765625,3042
2026-01-23 03:30:00,4950.60009765625,4954.89990234375,4944.2001953125,4945.5,2637
2026-01-23 03:45:00,4953.0,4955.60009765625,4949.2998046875,4950.2998046875,811
2026-01-23 04:00:00,4953.2998046875,4954.2998046875,4951.5,4952.7001953125,466
2026-01-23 04:15:00,4953.7001953125,4954.2998046875,4951.0,4953.2001953125,380
2026-01-23 04:30:00,4958.2998046875,4959.2001953125,4952.5,4953.5,1964
2026-01-23 04:45:00,4958.0,4960.0,4956.60009765625,4958.2001953125,781
2026-01-23 05:00:00,4957.2998046875,4958.7998046875,4955.7001953125,4957.7998046875,668
2026-01-23 05:15:00,4958.60009765625,4961.2998046875,4956.60009765625,4957.2001953125,791
2026-01-23 05:30:00,4962.2998046875,4963.0,4957.7001953125,4958.7001953125,1339
2026-01-23 05:45:00,4962.10009765625,4969.0,4961.7998046875,4962.7001953125,2093
2026-01-23 06:00:00,4953.2998046875,4964.2998046875,4946.2001953125,4962.2998046875,3997
2026-01-23 06:15:00,4953.7001953125,4959.5,4951.89990234375,4953.39990234375,1722
2026-01-23 06:30:00,4953.60009765625,4956.5,4950.89990234375,4953.10009765625,1147
2026-01-23 06:45:00,4954.10009765625,4956.7001953125,4951.10009765625,4953.7998046875,1653
2026-01-23 07:00:00,4956.7998046875,4958.5,4952.2998046875,4954.5,1776
2026-01-23 07:15:00,4958.0,4960.7001953125,4952.60009765625,4956.7998046875,1520
2026-01-23 07:30:00,4947.5,4959.5,4947.2998046875,4958.0,2033
2026-01-23 07:45:00,4945.5,4952.60009765625,4944.2998046875,4947.60009765625,1752
2026-01-23 08:00:00,4943.2998046875,4948.7001953125,4941.2998046875,4945.2001953125,2360
2026-01-23 08:15:00,4914.7998046875,4943.7001953125,4901.89990234375,4942.7998046875,9086
2026-01-23 08:30:00,4925.5,4926.89990234375,4911.5,4914.7998046875,3938
2026-01-23 08:45:00,4915.2998046875,4926.0,4909.7998046875,4925.5,3143
2026-01-23 09:00:00,4914.0,4921.7001953125,4911.39990234375,4914.7998046875,1989
2026-01-23 09:15:00,4906.89990234375,4917.2001953125,4901.2001953125,4914.10009765625,4150
2026-01-23 09:30:00,4918.7998046875,4919.7998046875,4905.10009765625,4907.10009765625,3238
2026-01-23 09:45:00,4919.39990234375,4922.7001953125,4915.89990234375,4918.7998046875,2463
2026-01-23 10:00:00,4922.2001953125,4923.7001953125,4916.60009765625,4919.60009765625,1751
2026-01-23 10:15:00,4930.5,4933.2998046875,4922.2998046875,4922.2998046875,2362
2026-01-23 10:30:00,4929.5,4931.60009765625,4926.2001953125,4930.2001953125,1704
2026-01-23 10:45:00,4931.0,4932.0,4925.60009765625,4929.5,1279
2026-01-23 11:00:00,4919.39990234375,4931.5,4916.60009765625,4930.89990234375,3025
2026-01-23 11:15:00,4921.7998046875,4922.7001953125,4912.7998046875,4919.39990234375,1569
2026-01-23 11:30:00,4924.2998046875,4925.7998046875,4920.5,4922.0,1201
2026-01-23 11:45:00,4923.2998046875,4927.2998046875,4921.60009765625,4924.2001953125,1571
2026-01-23 12:00:00,4934.39990234375,4935.0,4918.7998046875,4923.7001953125,1788
2026-01-23 12:15:00,4934.7001953125,4938.0,4931.10009765625,4934.60009765625,1258
2026-01-23 12:30:00,4936.89990234375,4940.0,4933.0,4935.10009765625,1617
2026-01-23 12:45:00,4940.0,4943.39990234375,4936.7001953125,4937.2001953125,3067
2026-01-23 13:00:00,4941.2001953125,4948.60009765625,4934.0,4940.2001953125,4099
2026-01-23 13:15:00,4931.60009765625,4941.7998046875,4924.2998046875,4941.39990234375,6131
2026-01-23 13:30:00,4932.5,4940.5,4928.10009765625,4931.39990234375,4107
2026-01-23 13:45:00,4939.7998046875,4942.2998046875,4931.60009765625,4932.60009765625,4287
2026-01-23 14:00:00,4945.39990234375,4948.7001953125,4935.60009765625,4940.2998046875,3499
2026-01-23 14:15:00,4940.7998046875,4946.60009765625,4940.39990234375,4945.5,2927
2026-01-23 14:30:00,4947.2998046875,4950.7001953125,4933.5,4940.7001953125,6809
2026-01-23 14:45:00,4944.10009765625,4957.2998046875,4943.0,4948.2998046875,6359
2026-01-23 15:00:00,4953.39990234375,4956.60009765625,4938.89990234375,4943.60009765625,6236
2026-01-23 15:15:00,4945.0,4954.7998046875,4942.89990234375,4953.60009765625,6283
2026-01-23 15:30:00,4959.89990234375,4961.5,4944.39990234375,4945.2001953125,6154
2026-01-23 15:45:00,4961.89990234375,4964.0,4952.0,4959.89990234375,5193
2026-01-23 16:00:00,4971.89990234375,4978.0,4960.0,4961.89990234375,9394
2026-01-23 16:15:00,4986.5,4987.89990234375,4970.39990234375,4972.0,8850
2026-01-23 16:30:00,4984.2001953125,4989.89990234375,4980.10009765625,4986.60009765625,7581
2026-01-23 16:45:00,4981.39990234375,4984.0,4976.7001953125,4983.7001953125,5392
2026-01-23 17:00:00,4985.89990234375,4988.2001953125,4978.2001953125,4981.7001953125,4776
2026-01-23 17:15:00,4983.7998046875,4988.89990234375,4981.5,4985.7001953125,3235
2026-01-23 17:30:00,4984.10009765625,4989.39990234375,4983.2998046875,4983.89990234375,3450
2026-01-23 17:45:00,4966.89990234375,4986.10009765625,4963.0,4983.7998046875,6193
2026-01-23 18:00:00,4982.2998046875,4984.10009765625,4966.2998046875,4967.2001953125,4135
2026-01-23 18:15:00,4979.60009765625,4985.39990234375,4978.7001953125,4981.89990234375,5021
2026-01-23 18:30:00,4965.7998046875,4981.2001953125,4965.0,4979.7998046875,3900
2026-01-23 18:45:00,4967.7998046875,4971.0,4959.5,4965.7998046875,2875
2026-01-23 19:00:00,4975.5,4980.2001953125,4968.2001953125,4968.2001953125,2952
2026-01-23 19:15:00,4978.7998046875,4980.0,4975.0,4975.5,2422
2026-01-23 19:30:00,4979.89990234375,4982.0,4975.5,4978.5,2520
2026-01-23 19:45:00,4985.2001953125,4991.39990234375,4979.39990234375,4979.89990234375,3318
2026-01-23 20:00:00,4982.10009765625,4986.7001953125,4971.7001953125,4985.10009765625,2829
2026-01-23 20:15:00,4981.2001953125,4986.10009765625,4978.39990234375,4982.10009765625,1995
2026-01-23 20:30:00,4982.60009765625,4984.0,4976.0,4981.39990234375,1714
2026-01-23 20:45:00,4981.39990234375,4984.5,4979.2001953125,4982.7001953125,2386
2026-01-23 21:00:00,4981.7998046875,4986.5,4979.0,4981.39990234375,1568
2026-01-23 21:15:00,4982.60009765625,4984.10009765625,4978.60009765625,4981.7998046875,960
2026-01-23 21:30:00,4982.7998046875,4983.7998046875,4981.2001953125,4982.2001953125,661
2026-01-23 21:45:00,4979.7001953125,4990.2001953125,4979.7001953125,4982.7998046875,2025
2026-01-25 23:00:00,5022.2001953125,5026.89990234375,5014.39990234375,5023.7998046875,1021
2026-01-25 23:15:00,5017.7001953125,5031.0,5010.89990234375,5021.5,4320
2026-01-25 23:30:00,5024.60009765625,5031.39990234375,5015.39990234375,5017.5,3495
2026-01-25 23:45:00,5038.7001953125,5039.39990234375,5024.2998046875,5024.2998046875,2551
2026-01-26 00:00:00,5038.0,5043.10009765625,5033.10009765625,5039.39990234375,2229
2026-01-26 00:15:00,5042.0,5042.0,5029.2998046875,5037.60009765625,2227
2026-01-26 00:30:00,5049.2998046875,5051.39990234375,5041.10009765625,5042.0,2468
2026-01-26 00:45:00,5041.0,5051.10009765625,5037.39990234375,5049.39990234375,2559
2026-01-26 01:00:00,5056.39990234375,5057.7001953125,5028.0,5040.7998046875,5924
2026-01-26 01:15:00,5072.7998046875,5073.7998046875,5055.2001953125,5056.39990234375,5888
2026-01-26 01:30:00,5080.89990234375,5082.89990234375,5068.7998046875,5072.7001953125,6726
2026-01-26 01:45:00,5068.7998046875,5082.60009765625,5065.2001953125,5081.2001953125,3807
2026-01-26 02:00:00,5073.0,5077.2001953125,5064.2001953125,5068.89990234375,2975
2026-01-26 02:15:00,5086.39990234375,5087.7998046875,5071.0,5073.2001953125,2592
2026-01-26 02:30:00,5086.89990234375,5091.5,5077.10009765625,5086.39990234375,3179
2026-01-26 02:45:00,5078.89990234375,5089.10009765625,5078.39990234375,5086.7998046875,1854
2026-01-26 03:00:00,5083.2998046875,5083.5,5069.5,5078.5,2473
2026-01-26 03:15:00,5077.39990234375,5086.5,5073.39990234375,5083.5,2049
2026-01-26 03:30:00,5076.2001953125,5082.0,5073.0,5077.7998046875,1498
2026-01-26 03:45:00,5073.89990234375,5077.39990234375,5067.5,5076.39990234375,2386
2026-01-26 04:00:00,5073.39990234375,5076.0,5069.89990234375,5074.10009765625,1773
2026-01-26 04:15:00,5070.2001953125,5074.10009765625,5069.2998046875,5073.10009765625,1048
2026-01-26 04:30:00,5064.89990234375,5071.0,5060.89990234375,5070.2001953125,1941
2026-01-26 04:45:00,5068.60009765625,5070.2001953125,5055.60009765625,5064.89990234375,2895
2026-01-26 05:00:00,5057.5,5070.60009765625,5052.7998046875,5067.89990234375,2483
2026-01-26 05:15:00,5062.7001953125,5065.0,5049.7001953125,5058.2001953125,3424
2026-01-26 05:30:00,5057.89990234375,5065.39990234375,5050.39990234375,5062.7998046875,3858
2026-01-26 05:45:00,5072.10009765625,5074.2998046875,5056.2001953125,5057.39990234375,2831
2026-01-26 06:00:00,5067.0,5080.2001953125,5065.2001953125,5071.7998046875,3214
2026-01-26 06:15:00,5072.7998046875,5074.89990234375,5063.0,5067.7998046875,2533
2026-01-26 06:30:00,5088.89990234375,5089.7001953125,5072.10009765625,5072.39990234375,2882
2026-01-26 06:45:00,5074.2001953125,5107.89990234375,5072.7001953125,5088.89990234375,8803
2026-01-26 07:00:00,5087.2998046875,5088.7998046875,5070.0,5074.5,3474
2026-01-26 07:15:00,5091.89990234375,5092.39990234375,5086.7001953125,5087.39990234375,2015
2026-01-26 07:30:00,5085.39990234375,5092.2998046875,5082.60009765625,5092.0,1270
2026-01-26 07:45:00,5086.39990234375,5091.39990234375,5085.2998046875,5085.7001953125,1294
2026-01-26 08:00:00,5093.7998046875,5094.10009765625,5084.7998046875,5086.2998046875,2148
2026-01-26 08:15:00,5094.2998046875,5095.7998046875,5092.39990234375,5093.7998046875,1905
2026-01-26 08:30:00,5091.2998046875,5096.10009765625,5087.7998046875,5094.39990234375,5205
2026-01-26 08:45:00,5081.2998046875,5091.5,5077.39990234375,5091.2998046875,3340
2026-01-26 09:00:00,5089.2998046875,5091.2001953125,5079.89990234375,5081.2998046875,2864
2026-01-26 09:15:00,5094.7001953125,5094.7001953125,5085.7998046875,5089.39990234375,3129
2026-01-26 09:30:00,5089.2001953125,5097.39990234375,5085.10009765625,5094.7001953125,2734
2026-01-26 09:45:00,5082.2001953125,5091.10009765625,5073.10009765625,5089.5,3999
2026-01-26 10:00:00,5086.7998046875,5088.2001953125,5076.5,5082.39990234375,2993
2026-01-26 10:15:00,5085.0,5089.2001953125,5083.89990234375,5086.7998046875,1980
2026-01-26 10:30:00,5091.10009765625,5093.0,5083.60009765625,5085.39990234375,2255
2026-01-26 10:45:00,5090.10009765625,5092.39990234375,5088.5,5090.89990234375,1569
2026-01-26 11:00:00,5086.2001953125,5091.2998046875,5085.60009765625,5090.10009765625,1763
2026-01-26 11:15:00,5085.39990234375,5087.10009765625,5076.5,5086.5,2419
2026-01-26 11:30:00,5088.10009765625,5090.7001953125,5081.7001953125,5085.60009765625,2124
2026-01-26 11:45:00,5089.7998046875,5090.7001953125,5085.2998046875,5087.89990234375,1718
2026-01-26 12:00:00,5088.0,5092.10009765625,5085.39990234375,5089.60009765625,2261
2026-01-26 12:15:00,5087.89990234375,5095.39990234375,5083.7001953125,5088.2998046875,3470
2026-01-26 12:30:00,5081.0,5087.89990234375,5076.7001953125,5087.89990234375,4053
2026-01-26 12:45:00,5076.2001953125,5083.7001953125,5074.5,5081.2001953125,3270
2026-01-26 13:00:00,5077.7998046875,5080.5,5063.2001953125,5076.60009765625,8842
2026-01-26 13:15:00,5068.89990234375,5080.89990234375,5064.60009765625,5078.0,4281
2026-01-26 13:30:00,5068.7001953125,5070.89990234375,5052.0,5070.2001953125,8070
2026-01-26 13:45:00,5065.89990234375,5073.60009765625,5064.2001953125,5068.89990234375,5525
2026-01-26 14:00:00,5068.7001953125,5070.60009765625,5055.5,5065.7001953125,5509
2026-01-26 14:15:00,5075.60009765625,5080.10009765625,5060.89990234375,5068.89990234375,8004
2026-01-26 14:30:00,5078.60009765625,5088.10009765625,5071.89990234375,5075.60009765625,12655
2026-01-26 14:45:00,5093.7001953125,5094.7001953125,5077.39990234375,5078.60009765625,10751
2026-01-26 15:00:00,5092.7001953125,5095.2001953125,5083.2998046875,5094.10009765625,11459
2026-01-26 15:15:00,5088.2001953125,5094.60009765625,5081.5,5093.0,8256
2026-01-26 15:30:00,5075.7001953125,5090.39990234375,5071.2998046875,5088.10009765625,11795
2026-01-26 15:45:00,5088.39990234375,5092.7998046875,5075.39990234375,5076.0,8139
2026-01-26 16:00:00,5099.2001953125,5103.0,5087.2001953125,5088.39990234375,10163
2026-01-26 16:15:00,5072.89990234375,5101.7998046875,5067.2001953125,5099.0,9079
2026-01-26 16:30:00,5074.0,5080.2998046875,5062.0,5073.2998046875,8552
2026-01-26 16:45:00,5086.39990234375,5092.10009765625,5073.7001953125,5074.0,5361
2026-01-26 17:00:00,5091.39990234375,5094.5,5082.2998046875,5087.0,4945
2026-01-26 17:15:00,5085.2998046875,5092.5,5076.7001953125,5091.60009765625,3947
2026-01-26 17:30:00,5098.89990234375,5099.0,5078.7998046875,5085.0,4084
2026-01-26 17:45:00,5098.10009765625,5102.10009765625,5094.39990234375,5098.89990234375,6169
2026-01-26 18:00:00,5074.5,5100.2998046875,5072.60009765625,5097.89990234375,5506
2026-01-26 18:15:00,5081.39990234375,5086.89990234375,5073.0,5074.89990234375,9922
2026-01-26 18:30:00,5060.2001953125,5081.60009765625,5053.39990234375,5081.5,7890
2026-01-26 18:45:00,5064.60009765625,5078.89990234375,5060.2001953125,5060.7001953125,4966
2026-01-26 19:00:00,5055.2001953125,5065.5,5031.10009765625,5065.2001953125,9811
2026-01-26 19:15:00,5022.60009765625,5056.60009765625,5014.7998046875,5054.7001953125,9522
2026-01-26 19:30:00,5029.7998046875,5039.5,5020.0,5022.2998046875,5545
2026-01-26 19:45:00,5023.60009765625,5033.2001953125,5002.7001953125,5029.60009765625,7759
2026-01-26 20:00:00,5045.39990234375,5049.5,5022.0,5023.60009765625,4727
2026-01-26 20:15:00,5052.0,5052.5,5035.60009765625,5044.89990234375,4208
2026-01-26 20:30:00,5042.5,5058.2998046875,5030.5,5052.2001953125,6409
2026-01-26 20:45:00,5049.39990234375,5056.5,5038.5,5042.5,3559
2026-01-26 21:00:00,5028.2001953125,5053.89990234375,5028.10009765625,5049.60009765625,2936
2026-01-26 21:15:00,5015.0,5029.60009765625,5003.7001953125,5028.5,4186
2026-01-26 21:30:00,4999.5,5015.39990234375,4983.60009765625,5013.0,5728
2026-01-26 21:45:00,5004.7998046875,5011.7001953125,4999.60009765625,4999.60009765625,1700
2026-01-26 23:00:00,5034.2998046875,5035.2998046875,5004.5,5005.5,1317
2026-01-26 23:15:00,5039.2998046875,5044.7001953125,5031.39990234375,5034.10009765625,2004
2026-01-26 23:30:00,5050.7001953125,5052.10009765625,5034.2001953125,5038.7998046875,1355
2026-01-26 23:45:00,5037.7001953125,5056.0,5037.7001953125,5051.10009765625,1844
2026-01-27 00:00:00,5047.2001953125,5048.60009765625,5032.60009765625,5037.7001953125,1228
2026-01-27 00:15:00,5039.89990234375,5048.7001953125,5039.2001953125,5047.39990234375,767
2026-01-27 00:30:00,5027.60009765625,5044.7001953125,5024.10009765625,5040.10009765625,1481
2026-01-27 00:45:00,5027.10009765625,5030.0,5008.2998046875,5027.10009765625,3385
2026-01-27 01:00:00,5067.0,5067.0,5013.0,5027.2998046875,6088
2026-01-27 01:15:00,5060.5,5071.5,5057.60009765625,5067.0,3713
2026-01-27 01:30:00,5057.7001953125,5064.7001953125,5049.0,5060.2001953125,1879
2026-01-27 01:45:00,5055.2998046875,5062.0,5051.0,5057.7001953125,1296
2026-01-27 02:00:00,5058.7001953125,5062.5,5043.89990234375,5054.7001953125,1941
2026-01-27 02:15:00,5063.2998046875,5065.89990234375,5056.0,5059.5,1438
2026-01-27 02:30:00,5073.7001953125,5074.7001953125,5062.0,5063.2001953125,1670
2026-01-27 02:45:00,5067.39990234375,5074.7998046875,5060.2001953125,5073.39990234375,1254
2026-01-27 03:00:00,5060.5,5068.7998046875,5058.10009765625,5067.89990234375,1149
2026-01-27 03:15:00,5059.39990234375,5067.2001953125,5054.39990234375,5061.0,1100
2026-01-27 03:30:00,5069.7001953125,5071.2998046875,5058.5,5059.0,849
2026-01-27 03:45:00,5071.89990234375,5074.2998046875,5066.7998046875,5069.39990234375,1171
2026-01-27 04:00:00,5064.5,5073.60009765625,5063.7001953125,5071.7001953125,895
2026-01-27 04:15:00,5069.60009765625,5070.7998046875,5064.5,5064.5,628
2026-01-27 04:30:00,5061.2001953125,5070.2001953125,5056.39990234375,5069.2998046875,951
2026-01-27 04:45:00,5061.10009765625,5065.60009765625,5057.2001953125,5061.2998046875,1055
2026-01-27 05:00:00,5058.0,5063.7001953125,5051.89990234375,5062.60009765625,1386
2026-01-27 05:15:00,5059.39990234375,5061.89990234375,5053.0,5058.5,1417
2026-01-27 05:30:00,5069.2001953125,5069.60009765625,5054.2998046875,5058.89990234375,1529
2026-01-27 05:45:00,5078.10009765625,5080.2998046875,5069.7001953125,5069.7001953125,2366
2026-01-27 06:00:00,5078.5,5082.0,5071.60009765625,5077.89990234375,1574
2026-01-27 06:15:00,5077.7001953125,5083.2001953125,5074.60009765625,5078.2998046875,1048
2026-01-27 06:30:00,5081.5,5084.0,5074.2998046875,5077.60009765625,1402
2026-01-27 06:45:00,5081.5,5089.60009765625,5077.2998046875,5081.10009765625,2429
2026-01-27 07:00:00,5080.89990234375,5090.0,5077.7998046875,5081.39990234375,3351
2026-01-27 07:15:00,5083.2998046875,5086.10009765625,5077.10009765625,5080.5,3455
2026-01-27 07:30:00,5089.39990234375,5097.2998046875,5083.60009765625,5083.60009765625,3781
2026-01-27 07:45:00,5081.60009765625,5092.5,5081.2998046875,5088.89990234375,1810
2026-01-27 08:00:00,5082.10009765625,5084.10009765625,5074.7998046875,5081.5,2920
2026-01-27 08:15:00,5073.39990234375,5084.0,5071.2001953125,5082.39990234375,2493
2026-01-27 08:30:00,5078.5,5078.7001953125,5068.5,5073.7001953125,3949
2026-01-27 08:45:00,5075.60009765625,5082.0,5073.89990234375,5078.7998046875,1710
2026-01-27 09:00:00,5079.60009765625,5080.2998046875,5074.10009765625,5075.0,1582
2026-01-27 09:15:00,5084.39990234375,5084.5,5078.5,5079.7998046875,1818
2026-01-27 09:30:00,5084.7998046875,5090.60009765625,5082.10009765625,5084.39990234375,1861
2026-01-27 09:45:00,5095.2998046875,5096.2998046875,5079.10009765625,5084.2998046875,3128
2026-01-27 10:00:00,5093.60009765625,5095.2998046875,5088.0,5095.2001953125,3233
2026-01-27 10:15:00,5084.89990234375,5095.10009765625,5084.2001953125,5093.2998046875,1698
2026-01-27 10:30:00,5081.0,5085.7001953125,5078.2998046875,5084.7001953125,2388
2026-01-27 10:45:00,5082.5,5083.60009765625,5078.2001953125,5081.5,1014
2026-01-27 11:00:00,5086.60009765625,5086.7001953125,5080.0,5082.7001953125,1490
2026-01-27 11:15:00,5082.89990234375,5087.0,5081.5,5086.7001953125,1790
2026-01-27 11:30:00,5081.89990234375,5084.60009765625,5079.5,5083.89990234375,1194
2026-01-27 11:45:00,5073.10009765625,5082.10009765625,5062.2001953125,5081.89990234375,4325
2026-01-27 12:00:00,5077.2001953125,5079.2001953125,5071.5,5072.89990234375,2472
2026-01-27 12:15:00,5075.5,5077.2998046875,5069.5,5077.0,1836
2026-01-27 12:30:00,5085.10009765625,5086.5,5074.60009765625,5074.7998046875,2137
2026-01-27 12:45:00,5081.60009765625,5087.39990234375,5077.7001953125,5085.2998046875,2284
2026-01-27 13:00:00,5087.0,5088.7998046875,5075.0,5081.5,6508
2026-01-27 13:15:00,5076.7998046875,5089.39990234375,5072.0,5086.7001953125,4861
2026-01-27 13:30:00,5070.0,5082.39990234375,5065.7998046875,5077.2998046875,5165
2026-01-27 13:45:00,5073.7998046875,5078.7001953125,5067.60009765625,5069.60009765625,4619
2026-01-27 14:00:00,5056.0,5073.7001953125,5051.0,5073.7001953125,7909
2026-01-27 14:15:00,5055.10009765625,5061.89990234375,5042.0,5056.0,8424
2026-01-27 14:30:00,5074.7998046875,5077.89990234375,5054.39990234375,5055.2001953125,9382
2026-01-27 14:45:00,5049.60009765625,5075.0,5046.0,5074.7001953125,10585
2026-01-27 15:00:00,5053.7001953125,5066.2998046875,5042.2998046875,5049.2001953125,11657
2026-01-27 15:15:00,5065.7001953125,5073.39990234375,5052.10009765625,5053.60009765625,8113
2026-01-27 15:30:00,5077.7001953125,5083.7001953125,5065.10009765625,5065.39990234375,7987
2026-01-27 15:45:00,5087.60009765625,5088.2998046875,5076.7998046875,5077.10009765625,5790
2026-01-27 16:00:00,5092.2001953125,5095.7001953125,5080.5,5087.5,7711
2026-01-27 16:15:00,5095.7001953125,5100.2998046875,5090.2998046875,5091.7998046875,6445
2026-01-27 16:30:00,5085.5,5096.60009765625,5082.89990234375,5095.60009765625,6770
2026-01-27 16:45:00,5085.10009765625,5089.2001953125,5080.60009765625,5085.5,3464
2026-01-27 17:00:00,5089.39990234375,5090.0,5077.89990234375,5085.2001953125,5418
2026-01-27 17:15:00,5085.7998046875,5092.0,5076.5,5089.5,4526
2026-01-27 17:30:00,5080.10009765625,5087.39990234375,5076.10009765625,5085.2998046875,3856
2026-01-27 17:45:00,5079.2001953125,5084.0,5074.7001953125,5079.2001953125,4443
2026-01-27 18:00:00,5079.2001953125,5085.5,5074.0,5079.10009765625,3632
2026-01-27 18:15:00,5082.7001953125,5087.0,5076.60009765625,5079.39990234375,5372
2026-01-27 18:30:00,5086.7001953125,5090.0,5082.60009765625,5082.7001953125,2608
2026-01-27 18:45:00,5085.89990234375,5093.5,5084.7998046875,5086.60009765625,2609
2026-01-27 19:00:00,5085.2998046875,5087.0,5078.60009765625,5085.5,2139
2026-01-27 19:15:00,5086.2001953125,5089.2001953125,5083.7001953125,5085.2998046875,1680
2026-01-27 19:30:00,5091.2998046875,5091.60009765625,5085.7001953125,5086.7001953125,1669
2026-01-27 19:45:00,5097.2998046875,5098.2998046875,5089.0,5091.39990234375,2860
2026-01-27 20:00:00,5142.2998046875,5144.0,5096.2001953125,5097.10009765625,10131
2026-01-27 20:15:00,5141.10009765625,5151.39990234375,5131.10009765625,5141.39990234375,10400
2026-01-27 20:30:00,5141.89990234375,5149.0,5132.10009765625,5141.0,5812
2026-01-27 20:45:00,5174.7001953125,5184.2001953125,5141.5,5141.5,11497
2026-01-27 21:00:00,5176.39990234375,5187.2001953125,5169.2001953125,5175.0,5677
2026-01-27 21:15:00,5173.89990234375,5180.2001953125,5169.10009765625,5176.2998046875,2004
2026-01-27 21:30:00,5185.0,5186.60009765625,5171.0,5173.5,1994
2026-01-27 21:45:00,5179.60009765625,5190.7998046875,5173.39990234375,5184.5,2259
2026-01-27 23:00:00,5168.2001953125,5181.89990234375,5161.89990234375,5179.0,1296
2026-01-27 23:15:00,5167.60009765625,5170.2998046875,5156.39990234375,5167.7001953125,1317
2026-01-27 23:30:00,5161.5,5168.7998046875,5161.0,5166.2001953125,1007
2026-01-27 23:45:00,5169.2001953125,5173.89990234375,5160.7998046875,5161.89990234375,738
2026-01-28 00:00:00,5162.7001953125,5169.7001953125,5154.7998046875,5169.2998046875,1139
2026-01-28 00:15:00,5160.2001953125,5164.0,5157.2998046875,5162.7001953125,487
2026-01-28 00:30:00,5165.10009765625,5167.39990234375,5160.7001953125,5160.7001953125,397
2026-01-28 00:45:00,5168.5,5177.0,5165.39990234375,5165.7001953125,614
2026-01-28 01:00:00,5186.89990234375,5199.0,5165.10009765625,5168.89990234375,2202
2026-01-28 01:15:00,5190.10009765625,5192.39990234375,5178.10009765625,5186.39990234375,711
2026-01-28 01:30:00,5209.7001953125,5211.39990234375,5182.7998046875,5190.2001953125,1148
2026-01-28 01:45:00,5199.5,5220.7001953125,5199.39990234375,5211.2001953125,1338
2026-01-28 02:00:00,5204.39990234375,5212.10009765625,5196.60009765625,5199.0,1602
2026-01-28 02:15:00,5213.0,5215.2998046875,5202.7001953125,5204.5,674
2026-01-28 02:30:00,5216.2998046875,5224.2001953125,5211.5,5213.2001953125,917
2026-01-28 02:45:00,5226.39990234375,5228.89990234375,5215.89990234375,5216.7998046875,529
2026-01-28 03:00:00,5237.39990234375,5242.2001953125,5225.2001953125,5226.2998046875,1209
2026-01-28 03:15:00,5231.2001953125,5240.39990234375,5231.0,5238.5,917
2026-01-28 03:30:00,5227.5,5234.5,5218.7001953125,5231.7001953125,870
2026-01-28 03:45:00,5229.2001953125,5238.2001953125,5225.0,5226.5,625
2026-01-28 04:00:00,5229.7001953125,5235.0,5227.89990234375,5228.7998046875,348
2026-01-28 04:15:00,5233.39990234375,5235.7998046875,5227.39990234375,5230.5,478
2026-01-28 04:30:00,5236.7998046875,5237.7001953125,5230.2998046875,5233.2001953125,731
2026-01-28 04:45:00,5242.7001953125,5244.0,5229.89990234375,5236.0,445
2026-01-28 05:00:00,5247.39990234375,5251.10009765625,5237.10009765625,5240.89990234375,698
2026-01-28 05:15:00,5252.2001953125,5255.5,5245.89990234375,5247.39990234375,595
2026-01-28 05:30:00,5258.5,5259.2998046875,5244.0,5252.60009765625,651
2026-01-28 05:45:00,5253.89990234375,5259.2001953125,5250.7998046875,5256.10009765625,354
2026-01-28 06:00:00,5252.7001953125,5255.5,5245.60009765625,5253.10009765625,411
2026-01-28 06:15:00,5248.60009765625,5258.2998046875,5245.0,5253.5,641
2026-01-28 06:30:00,5254.7001953125,5257.10009765625,5247.39990234375,5248.39990234375,473
2026-01-28 06:45:00,5262.7001953125,5264.39990234375,5250.2001953125,5255.10009765625,625
2026-01-28 07:00:00,5267.7998046875,5269.0,5255.7001953125,5263.2001953125,677
2026-01-28 07:15:00,5274.60009765625,5277.2001953125,5266.5,5266.60009765625,1320
2026-01-28 07:30:00,5275.7998046875,5279.7998046875,5265.5,5274.60009765625,1077
2026-01-28 07:45:00,5286.2001953125,5288.0,5272.5,5275.39990234375,560
2026-01-28 08:00:00,5288.39990234375,5294.89990234375,5282.0,5285.39990234375,1060
2026-01-28 08:15:00,5295.39990234375,5296.0,5283.89990234375,5288.39990234375,791
2026-01-28 08:30:00,5323.7998046875,5345.0,5293.7001953125,5295.39990234375,74374
2026-01-28 08:45:00,5327.0,5329.7001953125,5314.0,5323.39990234375,4768
2026-01-28 09:00:00,5316.39990234375,5331.2001953125,5314.10009765625,5326.7998046875,2778
2026-01-28 09:15:00,5310.10009765625,5316.39990234375,5302.7001953125,5316.39990234375,4855
2026-01-28 09:30:00,5300.7001953125,5314.7998046875,5296.7998046875,5309.7998046875,3504
2026-01-28 09:45:00,5311.7998046875,5312.7001953125,5301.60009765625,5301.7001953125,1814
2026-01-28 10:00:00,5316.7001953125,5319.89990234375,5306.60009765625,5311.89990234375,2400
2026-01-28 10:15:00,5312.2998046875,5316.7998046875,5308.89990234375,5316.2998046875,1505
2026-01-28 10:30:00,5307.7998046875,5312.89990234375,5302.5,5312.0,3113
2026-01-28 10:45:00,5303.7001953125,5314.2001953125,5303.7001953125,5308.0,2056
2026-01-28 11:00:00,5293.10009765625,5305.0,5271.0,5304.2998046875,6782
2026-01-28 11:15:00,5292.0,5295.0,5278.0,5292.2001953125,2669
2026-01-28 11:30:00,5293.7998046875,5295.0,5284.2001953125,5292.2001953125,2112
2026-01-28 11:45:00,5294.2001953125,5300.2998046875,5292.5,5293.89990234375,2173
2026-01-28 12:00:00,5294.10009765625,5296.89990234375,5284.2998046875,5294.39990234375,3169
2026-01-28 12:15:00,5293.7998046875,5301.60009765625,5290.7998046875,5294.0,3586
2026-01-28 12:30:00,5302.10009765625,5305.7998046875,5293.5,5293.7998046875,2989
2026-01-28 12:45:00,5311.7001953125,5311.7998046875,5297.89990234375,5302.2001953125,3261
2026-01-28 13:00:00,5307.7998046875,5322.10009765625,5300.60009765625,5311.60009765625,6263
2026-01-28 13:15:00,5314.60009765625,5318.5,5305.7001953125,5307.2998046875,6038
2026-01-28 13:30:00,5293.7998046875,5318.89990234375,5290.0,5315.10009765625,6771
2026-01-28 13:45:00,5298.60009765625,5301.2998046875,5288.7001953125,5293.89990234375,3787
2026-01-28 14:00:00,5294.5,5303.10009765625,5280.7001953125,5299.0,6103
2026-01-28 14:15:00,5291.5,5303.60009765625,5291.39990234375,5295.2998046875,5462
2026-01-28 14:30:00,5311.0,5316.7001953125,5282.2998046875,5291.89990234375,12184
2026-01-28 14:45:00,5318.7998046875,5321.39990234375,5302.39990234375,5311.7001953125,7790
2026-01-28 15:00:00,5288.60009765625,5331.0,5266.5,5318.7001953125,25609
2026-01-28 15:15:00,5302.0,5307.39990234375,5277.0,5288.7001953125,12893
2026-01-28 15:30:00,5313.7001953125,5317.39990234375,5299.5,5302.2001953125,7469
2026-01-28 15:45:00,5311.2998046875,5315.0,5300.2001953125,5313.7001953125,6572
2026-01-28 16:00:00,5317.89990234375,5322.39990234375,5307.5,5311.60009765625,6117
2026-01-28 16:15:00,5321.39990234375,5327.0,5315.60009765625,5318.39990234375,6043
2026-01-28 16:30:00,5316.7998046875,5323.39990234375,5310.2001953125,5321.60009765625,8011
2026-01-28 16:45:00,5333.60009765625,5334.5,5315.60009765625,5316.7998046875,8709
2026-01-28 17:00:00,5329.10009765625,5341.2001953125,5326.5,5334.0,6434
2026-01-28 17:15:00,5335.89990234375,5338.10009765625,5322.0,5328.89990234375,5768
2026-01-28 17:30:00,5321.2998046875,5336.2998046875,5316.10009765625,5336.10009765625,5785
2026-01-28 17:45:00,5332.2001953125,5338.60009765625,5317.5,5320.5,4451
2026-01-28 18:00:00,5334.10009765625,5340.0,5326.7001953125,5332.39990234375,4285
2026-01-28 18:15:00,5339.39990234375,5360.60009765625,5333.2001953125,5334.0,12012
2026-01-28 18:30:00,5307.2998046875,5343.39990234375,5301.10009765625,5339.7001953125,10015
2026-01-28 18:45:00,5317.2998046875,5318.5,5304.60009765625,5307.5,3499
2026-01-28 19:00:00,5330.7998046875,5331.2998046875,5301.0,5315.0,5913
2026-01-28 19:15:00,5316.39990234375,5335.39990234375,5316.0,5331.0,4399
2026-01-28 19:30:00,5344.39990234375,5345.60009765625,5314.0,5316.2998046875,4611
2026-01-28 19:45:00,5359.10009765625,5365.89990234375,5337.60009765625,5343.7998046875,5704
2026-01-28 20:00:00,5360.0,5373.7998046875,5355.7001953125,5358.60009765625,5275
2026-01-28 20:15:00,5388.10009765625,5389.60009765625,5353.39990234375,5360.5,5523
2026-01-28 20:30:00,5416.5,5424.7998046875,5386.89990234375,5388.2998046875,6925
2026-01-28 20:45:00,5409.39990234375,5425.10009765625,5399.2001953125,5416.7998046875,7373
2026-01-28 21:00:00,5420.0,5429.7001953125,5409.39990234375,5409.7998046875,3428
2026-01-28 21:15:00,5417.0,5424.10009765625,5413.10009765625,5420.0,1913
2026-01-28 21:30:00,5419.10009765625,5423.10009765625,5413.7001953125,5416.89990234375,1228
2026-01-28 21:45:00,5447.7998046875,5452.7998046875,5416.2001953125,5419.0,3902
2026-01-28 23:00:00,5504.2998046875,5505.10009765625,5449.39990234375,5449.89990234375,4040
2026-01-28 23:15:00,5519.5,5525.89990234375,5501.2998046875,5504.10009765625,7178
2026-01-28 23:30:00,5559.2001953125,5626.7998046875,5517.7998046875,5520.0,15953
2026-01-28 23:45:00,5539.39990234375,5571.7001953125,5510.7998046875,5559.2001953125,12148
2026-01-29 00:00:00,5524.2001953125,5540.7001953125,5481.39990234375,5539.89990234375,7329
2026-01-29 00:15:00,5526.10009765625,5530.2998046875,5492.60009765625,5523.39990234375,3793
2026-01-29 00:30:00,5537.10009765625,5555.0,5520.7998046875,5526.7001953125,5060
2026-01-29 00:45:00,5548.5,5551.2998046875,5528.7998046875,5536.2001953125,3451
2026-01-29 01:00:00,5509.5,5555.0,5472.39990234375,5548.89990234375,9593
2026-01-29 01:15:00,5537.5,5543.7998046875,5508.5,5508.5,5288
2026-01-29 01:30:00,5569.2998046875,5580.5,5537.39990234375,5537.39990234375,6761
2026-01-29 01:45:00,5574.0,5578.60009765625,5555.7001953125,5569.5,4244
2026-01-29 02:00:00,5550.5,5574.7001953125,5532.60009765625,5574.10009765625,5650
2026-01-29 02:15:00,5553.7001953125,5554.5,5538.2998046875,5551.2001953125,2982
2026-01-29 02:30:00,5554.7001953125,5578.39990234375,5547.7001953125,5554.39990234375,4556
2026-01-29 02:45:00,5565.7001953125,5573.2998046875,5551.2001953125,5554.5,2683
2026-01-29 03:00:00,5567.5,5578.5,5538.2001953125,5565.2001953125,4776
2026-01-29 03:15:00,5551.10009765625,5569.7998046875,5550.89990234375,5567.89990234375,2560
2026-01-29 03:30:00,5557.7998046875,5567.2998046875,5549.60009765625,5551.60009765625,2340
2026-01-29 03:45:00,5576.89990234375,5579.2998046875,5556.7998046875,5557.5,2600
2026-01-29 04:00:00,5564.89990234375,5582.5,5564.2001953125,5570.7998046875,3335
2026-01-29 04:15:00,5577.7001953125,5580.89990234375,5563.7001953125,5564.2998046875,1577
2026-01-29 04:30:00,5587.89990234375,5595.0,5575.2001953125,5577.7998046875,3160
2026-01-29 04:45:00,5589.7998046875,5591.2001953125,5581.2998046875,5588.60009765625,2642
2026-01-29 05:00:00,5589.0,5590.7998046875,5579.60009765625,5585.5,2450
2026-01-29 05:15:00,5570.0,5589.39990234375,5544.5,5589.10009765625,5557
2026-01-29 05:30:00,5577.5,5584.10009765625,5569.10009765625,5570.5,3275
2026-01-29 05:45:00,5590.89990234375,5593.2998046875,5576.89990234375,5577.39990234375,2514
2026-01-29 06:00:00,5614.2998046875,5618.7998046875,5591.10009765625,5591.10009765625,5673
2026-01-29 06:15:00,5615.7998046875,5625.89990234375,5605.7001953125,5614.60009765625,3614
2026-01-29 06:30:00,5612.0,5617.60009765625,5608.10009765625,5615.2998046875,2046
2026-01-29 06:45:00,5591.0,5614.7998046875,5583.7998046875,5612.10009765625,4526
2026-01-29 07:00:00,5591.7001953125,5604.0,5589.7998046875,5591.0,3638
2026-01-29 07:15:00,5570.2001953125,5594.60009765625,5566.2001953125,5591.2001953125,4751
2026-01-29 07:30:00,5578.2001953125,5586.89990234375,5571.2998046875,5571.2998046875,2957
2026-01-29 07:45:00,5578.39990234375,5582.0,5573.2001953125,5578.2998046875,1609
2026-01-29 08:00:00,5568.60009765625,5584.7998046875,5553.2001953125,5578.39990234375,5636
2026-01-29 08:15:00,5560.5,5573.89990234375,5553.7001953125,5568.2998046875,4187
2026-01-29 08:30:00,5514.2998046875,5561.39990234375,5506.0,5560.5,8031
2026-01-29 08:45:00,5540.60009765625,5548.2998046875,5503.89990234375,5514.39990234375,5823
2026-01-29 09:00:00,5537.89990234375,5546.39990234375,5528.10009765625,5540.10009765625,4233
2026-01-29 09:15:00,5547.0,5549.39990234375,5530.7001953125,5537.7001953125,3976
2026-01-29 09:30:00,5555.2001953125,5560.2998046875,5542.89990234375,5547.0,3037
2026-01-29 09:45:00,5544.7998046875,5558.39990234375,5541.7998046875,5555.7001953125,2140
2026-01-29 10:00:00,5554.89990234375,5555.10009765625,5532.5,5544.7001953125,2932
2026-01-29 10:15:00,5542.0,5556.39990234375,5536.7001953125,5555.0,2757
2026-01-29 10:30:00,5539.39990234375,5541.7998046875,5528.5,5541.7998046875,3434
2026-01-29 10:45:00,5514.10009765625,5539.89990234375,5513.0,5539.60009765625,3171
2026-01-29 11:00:00,5537.0,5537.2998046875,5501.0,5514.5,4873
2026-01-29 11:15:00,5546.2998046875,5546.89990234375,5535.39990234375,5537.2001953125,2413
2026-01-29 11:30:00,5544.7998046875,5549.7001953125,5538.7001953125,5546.10009765625,2082
2026-01-29 11:45:00,5553.5,5559.89990234375,5545.10009765625,5545.10009765625,2872
2026-01-29 12:00:00,5565.60009765625,5569.5,5549.2001953125,5553.2001953125,2600
2026-01-29 12:15:00,5570.7998046875,5573.2998046875,5558.60009765625,5566.10009765625,2541
2026-01-29 12:30:00,5559.60009765625,5572.5,5555.7001953125,5571.0,2444
2026-01-29 12:45:00,5564.5,5573.0,5557.10009765625,5559.7998046875,2827
2026-01-29 13:00:00,5544.89990234375,5571.5,5543.39990234375,5565.2001953125,4209
2026-01-29 13:15:00,5550.10009765625,5556.60009765625,5537.7001953125,5544.89990234375,4545
2026-01-29 13:30:00,5555.7998046875,5560.7001953125,5528.7998046875,5549.89990234375,6235
2026-01-29 13:45:00,5540.2998046875,5556.2998046875,5536.10009765625,5555.7998046875,4334
2026-01-29 14:00:00,5559.2001953125,5570.2001953125,5540.7001953125,5540.7001953125,7108
2026-01-29 14:15:00,5575.7998046875,5581.2998046875,5546.89990234375,5559.5,9928
2026-01-29 14:30:00,5547.2001953125,5578.2998046875,5531.60009765625,5575.2998046875,12170
2026-01-29 14:45:00,5525.2998046875,5552.39990234375,5519.2998046875,5547.39990234375,13502
2026-01-29 15:00:00,5412.0,5525.2998046875,5390.89990234375,5525.2998046875,37135
2026-01-29 15:15:00,5223.7998046875,5415.5,5126.0,5411.7998046875,44589
2026-01-29 15:30:00,5153.5,5293.5,5137.2998046875,5225.5,27228
2026-01-29 15:45:00,5212.89990234375,5242.7001953125,5147.39990234375,5153.89990234375,15197
2026-01-29 16:00:00,5302.89990234375,5306.0,5201.5,5210.7001953125,15594
2026-01-29 16:15:00,5317.2001953125,5324.7001953125,5261.0,5303.2998046875,10133
2026-01-29 16:30:00,5301.2001953125,5338.89990234375,5273.10009765625,5316.5,9587
2026-01-29 16:45:00,5292.5,5306.60009765625,5255.60009765625,5303.10009765625,6526
2026-01-29 17:00:00,5323.7001953125,5328.0,5292.2001953125,5292.89990234375,5252
2026-01-29 17:15:00,5391.89990234375,5397.89990234375,5322.5,5324.10009765625,9374
2026-01-29 17:30:00,5397.60009765625,5404.2001953125,5364.39990234375,5391.39990234375,6776
2026-01-29 17:45:00,5364.2998046875,5400.2001953125,5343.89990234375,5397.2001953125,7193
2026-01-29 18:00:00,5383.39990234375,5387.5,5358.2001953125,5364.0,4076
2026-01-29 18:15:00,5359.89990234375,5387.89990234375,5336.0,5384.2998046875,7446
2026-01-29 18:30:00,5369.89990234375,5390.5,5350.7998046875,5360.0,4870
2026-01-29 18:45:00,5367.7001953125,5390.60009765625,5364.60009765625,5369.2001953125,3090
2026-01-29 19:00:00,5334.89990234375,5374.2998046875,5330.0,5368.60009765625,3691
2026-01-29 19:15:00,5346.39990234375,5361.89990234375,5332.60009765625,5335.2998046875,2373
2026-01-29 19:30:00,5345.2001953125,5356.7998046875,5318.7001953125,5347.60009765625,4628
2026-01-29 19:45:00,5334.10009765625,5354.7998046875,5327.2998046875,5344.89990234375,2599
2026-01-29 20:00:00,5324.5,5340.39990234375,5311.0,5334.7998046875,3755
2026-01-29 20:15:00,5348.60009765625,5355.0,5318.39990234375,5324.60009765625,3544
2026-01-29 20:30:00,5384.2998046875,5388.5,5339.0,5349.0,3991
2026-01-29 20:45:00,5423.2998046875,5438.60009765625,5382.7001953125,5384.2001953125,6669
2026-01-29 21:00:00,5428.89990234375,5435.2001953125,5412.0,5422.89990234375,2738
2026-01-29 21:15:00,5441.89990234375,5456.2001953125,5418.7001953125,5429.2998046875,2433
2026-01-29 21:30:00,5414.39990234375,5443.0,5408.10009765625,5443.0,1537
2026-01-29 21:45:00,5410.7998046875,5429.2001953125,5400.0,5414.60009765625,1683
2026-01-29 23:00:00,5452.10009765625,5478.60009765625,5407.5,5410.0,2214
2026-01-29 23:15:00,5447.0,5459.2998046875,5417.2998046875,5451.60009765625,2368
2026-01-29 23:30:00,5468.0,5469.2998046875,5436.89990234375,5446.7001953125,1622
2026-01-29 23:45:00,5467.60009765625,5477.5,5457.7998046875,5467.5,2194
2026-01-30 00:00:00,5475.10009765625,5480.2001953125,5460.7998046875,5467.5,2961
2026-01-30 00:15:00,5456.0,5480.2001953125,5448.0,5473.7001953125,3042
2026-01-30 00:30:00,5439.39990234375,5466.2001953125,5435.0,5456.2998046875,2790
2026-01-30 00:45:00,5435.2998046875,5449.89990234375,5418.2001953125,5440.60009765625,2569
2026-01-30 01:00:00,5341.2001953125,5438.89990234375,5332.2001953125,5436.0,8285
2026-01-30 01:15:00,5388.10009765625,5396.0,5335.7998046875,5341.2998046875,5048
2026-01-30 01:30:00,5393.2001953125,5404.2001953125,5375.39990234375,5387.89990234375,2706
2026-01-30 01:45:00,5331.7001953125,5379.60009765625,5320.39990234375,5379.60009765625,4543
2026-01-30 02:00:00,5244.2998046875,5345.7998046875,5228.5,5330.2998046875,10143
2026-01-30 02:15:00,5205.89990234375,5249.2001953125,5145.7998046875,5247.10009765625,13516
2026-01-30 02:30:00,5246.2001953125,5262.5,5171.0,5205.10009765625,7463
2026-01-30 02:45:00,5255.0,5275.60009765625,5231.0,5247.0,4857
2026-01-30 03:00:00,5210.60009765625,5259.7998046875,5195.0,5254.7998046875,3639
2026-01-30 03:15:00,5230.10009765625,5236.0,5201.0,5209.7998046875,2465
2026-01-30 03:30:00,5184.5,5253.2001953125,5181.0,5229.0,3895
2026-01-30 03:45:00,5225.10009765625,5229.0,5176.89990234375,5185.2998046875,2686
2026-01-30 04:00:00,5242.2998046875,5255.7001953125,5222.0,5224.2001953125,2092
2026-01-30 04:15:00,5239.7001953125,5260.0,5226.89990234375,5242.39990234375,1640
2026-01-30 04:30:00,5242.89990234375,5255.39990234375,5234.7998046875,5239.60009765625,1095
2026-01-30 04:45:00,5243.10009765625,5354.7998046875,5227.60009765625,5354.7998046875,1056
2026-01-30 05:00:00,5252.39990234375,5252.39990234375,5231.0,5242.10009765625,1138
2026-01-30 05:15:00,5257.2998046875,5269.2001953125,5250.2001953125,5253.0,1741
2026-01-30 05:30:00,5259.39990234375,5268.5,5240.39990234375,5256.7998046875,1682
2026-01-30 05:45:00,5212.39990234375,5263.7001953125,5208.0,5259.2998046875,1725
2026-01-30 06:00:00,5217.2998046875,5232.7001953125,5198.39990234375,5210.7001953125,2128
2026-01-30 06:15:00,5184.0,5225.7001953125,5183.7998046875,5218.10009765625,2145
2026-01-30 06:30:00,5185.39990234375,5209.0,5178.2001953125,5185.2001953125,2502
2026-01-30 06:45:00,5183.89990234375,5199.0,5171.39990234375,5185.10009765625,2135
2026-01-30 07:00:00,5200.2998046875,5215.0,5150.0,5184.10009765625,4114
2026-01-30 07:15:00,5202.2001953125,5213.10009765625,5192.5,5200.5,1974
2026-01-30 07:30:00,5173.39990234375,5205.7998046875,5143.7001953125,5202.10009765625,3846
2026-01-30 07:45:00,5209.2001953125,5212.39990234375,5170.0,5174.2998046875,2184
2026-01-30 08:00:00,5174.2998046875,5208.7998046875,5167.10009765625,5208.7998046875,3313
2026-01-30 08:15:00,5180.39990234375,5198.5,5160.0,5174.39990234375,2402
2026-01-30 08:30:00,5123.5,5183.10009765625,5075.10009765625,5179.7998046875,9791
2026-01-30 08:45:00,5145.0,5156.2998046875,5118.2001953125,5124.2998046875,3626
2026-01-30 09:00:00,5055.5,5161.5,5040.7001953125,5143.7998046875,9166
2026-01-30 09:15:00,5055.0,5097.7998046875,5047.0,5056.10009765625,5494
2026-01-30 09:30:00,5004.60009765625,5096.39990234375,5002.39990234375,5055.2001953125,6492
2026-01-30 09:45:00,5040.0,5057.89990234375,4962.7001953125,5002.7998046875,10678
2026-01-30 10:00:00,5065.5,5080.0,5027.0,5039.2998046875,4337
2026-01-30 10:15:00,5086.39990234375,5104.60009765625,5059.2001953125,5066.2998046875,3210
2026-01-30 10:30:00,5104.2998046875,5122.60009765625,5081.89990234375,5086.39990234375,4050
2026-01-30 10:45:00,5147.7001953125,5150.2001953125,5102.39990234375,5106.2001953125,3553
2026-01-30 11:00:00,5148.7998046875,5155.60009765625,5117.7001953125,5146.0,3358
2026-01-30 11:15:00,5152.2998046875,5158.7001953125,5133.7001953125,5149.10009765625,2534
2026-01-30 11:30:00,5148.5,5166.0,5146.0,5152.7001953125,2826
2026-01-30 11:45:00,5164.7001953125,5173.89990234375,5114.7001953125,5149.2998046875,4837
2026-01-30 12:00:00,5158.10009765625,5175.60009765625,5149.89990234375,5165.2998046875,2735
2026-01-30 12:15:00,5149.10009765625,5169.60009765625,5138.39990234375,5158.60009765625,2198
2026-01-30 12:30:00,5142.7998046875,5165.39990234375,5131.5,5149.2001953125,2002
2026-01-30 12:45:00,5092.0,5145.2001953125,5082.60009765625,5142.7998046875,6623
2026-01-30 13:00:00,5104.2001953125,5127.7998046875,5081.7001953125,5093.10009765625,6034
2026-01-30 13:15:00,5054.7001953125,5106.0,5040.10009765625,5103.7001953125,6044
2026-01-30 13:30:00,5064.89990234375,5076.7001953125,5038.10009765625,5058.5,5019
2026-01-30 13:45:00,5045.60009765625,5064.60009765625,5018.2998046875,5064.60009765625,5948
2026-01-30 14:00:00,5080.10009765625,5101.0,5044.39990234375,5046.7001953125,6070
2026-01-30 14:15:00,5100.0,5115.60009765625,5068.10009765625,5080.60009765625,4634
2026-01-30 14:30:00,5109.5,5142.2998046875,5083.0,5099.7998046875,8346
2026-01-30 14:45:00,5061.0,5125.2998046875,5039.60009765625,5109.60009765625,10938
2026-01-30 15:00:00,5054.60009765625,5073.5,5006.2998046875,5059.7001953125,15106
2026-01-30 15:15:00,5073.5,5088.0,5053.5,5053.60009765625,6249
2026-01-30 15:30:00,5086.60009765625,5103.0,5066.39990234375,5073.0,5530
2026-01-30 15:45:00,5078.7998046875,5104.0,5066.39990234375,5088.0,4723
2026-01-30 16:00:00,5057.10009765625,5080.7001953125,5043.2001953125,5079.2998046875,4399
2026-01-30 16:15:00,5023.0,5064.2001953125,5012.0,5058.5,6329
2026-01-30 16:30:00,5036.5,5045.0,4984.10009765625,5023.5,8468
2026-01-30 16:45:00,5011.7001953125,5041.39990234375,4961.10009765625,5036.2001953125,10828
2026-01-30 17:00:00,4941.2998046875,5012.2998046875,4921.0,5009.60009765625,12457
2026-01-30 17:15:00,4950.2998046875,4966.2998046875,4921.7998046875,4940.7001953125,9350
2026-01-30 17:30:00,4884.0,4950.39990234375,4863.0,4949.7001953125,10675
2026-01-30 17:45:00,4874.5,4904.10009765625,4825.0,4883.89990234375,13715
2026-01-30 18:00:00,4833.2001953125,4916.0,4809.0,4874.39990234375,12853
2026-01-30 18:15:00,4766.89990234375,4843.89990234375,4714.5,4832.89990234375,27555
2026-01-30 18:30:00,4801.0,4812.0,4700.39990234375,4768.10009765625,13440
2026-01-30 18:45:00,4899.60009765625,4917.0,4794.5,4800.7001953125,15822
2026-01-30 19:00:00,4913.39990234375,4941.10009765625,4888.10009765625,4898.2998046875,8574
2026-01-30 19:15:00,4918.7998046875,4926.7998046875,4860.0,4914.10009765625,5084
2026-01-30 19:30:00,4952.39990234375,4956.39990234375,4905.60009765625,4918.60009765625,3715
2026-01-30 19:45:00,4954.89990234375,4971.89990234375,4932.39990234375,4951.2001953125,3758
2026-01-30 20:00:00,4922.89990234375,4956.60009765625,4901.0,4955.2998046875,4470
2026-01-30 20:15:00,4913.39990234375,4936.5,4902.0,4921.60009765625,2152
2026-01-30 20:30:00,4885.7001953125,4917.0,4865.60009765625,4916.7998046875,3990
2026-01-30 20:45:00,4870.7998046875,4901.0,4828.5,4883.7001953125,6581
2026-01-30 21:00:00,4864.39990234375,4888.0,4855.5,4871.2001953125,2473
2026-01-30 21:15:00,4898.10009765625,4913.60009765625,4860.0,4863.39990234375,2416
2026-01-30 21:30:00,4884.7998046875,4905.39990234375,4872.7998046875,4899.0,1357
2026-01-30 21:45:00,4907.5,4917.89990234375,4879.89990234375,4885.0,1907
2026-02-01 23:00:00,4760.2998046875,4834.0,4728.2001953125,4828.5,2495
2026-02-01 23:15:00,4745.0,4780.89990234375,4705.2998046875,4760.2998046875,5177
2026-02-01 23:30:00,4793.5,4806.0,4731.7001953125,4744.0,4095
2026-02-01 23:45:00,4764.7001953125,4796.5,4741.0,4793.7998046875,3600
2026-02-02 00:00:00,4866.10009765625,4867.89990234375,4763.2998046875,4765.60009765625,4534
2026-02-02 00:15:00,4867.10009765625,4905.60009765625,4847.7001953125,4867.2998046875,4540
2026-02-02 00:30:00,4829.5,4871.5,4819.0,4868.39990234375,3476
2026-02-02 00:45:00,4790.60009765625,4833.0,4783.2998046875,4828.5,3500
2026-02-02 01:00:00,4667.7001953125,4809.2001953125,4604.2998046875,4791.2998046875,14633
2026-02-02 01:15:00,4719.7998046875,4734.89990234375,4664.10009765625,4668.89990234375,7811
2026-02-02 01:30:00,4736.7998046875,4762.0,4686.10009765625,4718.5,4893
2026-02-02 01:45:00,4764.7998046875,4773.89990234375,4726.0,4739.0,3268
2026-02-02 02:00:00,4756.89990234375,4774.7998046875,4721.10009765625,4758.7001953125,3537
2026-02-02 02:15:00,4763.60009765625,4771.7998046875,4739.10009765625,4758.10009765625,2736
2026-02-02 02:30:00,4788.5,4797.0,4758.89990234375,4763.5,2668
2026-02-02 02:45:00,4733.2998046875,4787.2998046875,4720.0,4787.2998046875,3670
2026-02-02 03:00:00,4712.0,4750.0,4710.2998046875,4733.39990234375,2415
2026-02-02 03:15:00,4718.0,4752.7001953125,4680.2998046875,4715.10009765625,3493
2026-02-02 03:30:00,4687.10009765625,4722.39990234375,4650.0,4718.60009765625,4657
2026-02-02 03:45:00,4665.60009765625,4715.7998046875,4657.60009765625,4686.39990234375,2984
2026-02-02 04:00:00,4682.0,4683.89990234375,4622.60009765625,4667.0,5138
2026-02-02 04:15:00,4690.39990234375,4725.39990234375,4680.2001953125,4680.60009765625,2687
2026-02-02 04:30:00,4709.2998046875,4720.10009765625,4674.0,4692.60009765625,1750
2026-02-02 04:45:00,4701.39990234375,4734.5,4691.39990234375,4708.7998046875,1461
2026-02-02 05:00:00,4681.2001953125,4717.10009765625,4668.2998046875,4698.0,1793
2026-02-02 05:15:00,4677.39990234375,4694.2001953125,4667.89990234375,4682.7001953125,1209
2026-02-02 05:30:00,4595.2001953125,4678.5,4590.0,4677.2998046875,6017
2026-02-02 05:45:00,4571.5,4598.5,4515.0,4593.39990234375,11274
2026-02-02 06:00:00,4556.2001953125,4596.7001953125,4541.0,4573.0,3585
2026-02-02 06:15:00,4510.5,4571.0,4455.0,4555.10009765625,7198
2026-02-02 06:30:00,4473.2001953125,4525.0,4423.2001953125,4508.5,6289
2026-02-02 06:45:00,4526.2001953125,4545.0,4449.0,4472.89990234375,5496
2026-02-02 07:00:00,4559.60009765625,4577.39990234375,4504.89990234375,4525.7998046875,5048
2026-02-02 07:15:00,4582.39990234375,4596.39990234375,4545.10009765625,4558.10009765625,3179
2026-02-02 07:30:00,4605.5,4616.0,4546.5,4582.7001953125,3849
2026-02-02 07:45:00,4609.5,4641.0,4603.60009765625,4605.60009765625,3585
2026-02-02 08:00:00,4630.39990234375,4651.10009765625,4579.39990234375,4609.5,4464
2026-02-02 08:15:00,4667.39990234375,4674.0,4622.7998046875,4631.5,3828
2026-02-02 08:30:00,4663.7001953125,4672.39990234375,4628.60009765625,4666.89990234375,2634
2026-02-02 08:45:00,4662.10009765625,4674.10009765625,4648.7001953125,4663.5,2786
2026-02-02 09:00:00,4667.60009765625,4681.39990234375,4623.0,4661.5,3014
2026-02-02 09:15:00,4712.0,4723.0,4647.2001953125,4666.7001953125,3206
2026-02-02 09:30:00,4712.2001953125,4736.39990234375,4700.7001953125,4710.5,3353
2026-02-02 09:45:00,4743.10009765625,4754.0,4707.5,4711.2998046875,2582
2026-02-02 10:00:00,4752.39990234375,4757.60009765625,4725.0,4740.0,2036
2026-02-02 10:15:00,4705.0,4752.7998046875,4692.0,4752.7998046875,3317
2026-02-02 10:30:00,4696.2998046875,4721.7998046875,4682.89990234375,4705.89990234375,3266
2026-02-02 10:45:00,4727.2998046875,4734.0,4678.0,4694.7001953125,1958
2026-02-02 11:00:00,4771.0,4772.7998046875,4726.10009765625,4728.39990234375,1616
2026-02-02 11:15:00,4778.2001953125,4787.2001953125,4763.0,4772.10009765625,4028
2026-02-02 11:30:00,4797.60009765625,4804.60009765625,4772.2998046875,4778.5,4496
2026-02-02 11:45:00,4790.2998046875,4805.10009765625,4781.2001953125,4798.60009765625,2028
2026-02-02 12:00:00,4788.39990234375,4802.39990234375,4767.39990234375,4791.2001953125,2712
2026-02-02 12:15:00,4803.10009765625,4817.60009765625,4785.0,4787.10009765625,2340
2026-02-02 12:30:00,4823.2001953125,4823.2001953125,4795.0,4803.5,2529
2026-02-02 12:45:00,4816.10009765625,4837.60009765625,4796.2998046875,4823.2001953125,3629
2026-02-02 13:00:00,4807.2001953125,4828.0,4741.2001953125,4816.0,8609
2026-02-02 13:15:00,4763.2001953125,4818.0,4750.39990234375,4805.7998046875,5372
2026-02-02 13:30:00,4710.0,4765.7998046875,4692.10009765625,4763.2998046875,7747
2026-02-02 13:45:00,4729.0,4746.39990234375,4707.7001953125,4709.5,6491
2026-02-02 14:00:00,4750.2998046875,4763.7001953125,4722.7998046875,4729.60009765625,4987
2026-02-02 14:15:00,4745.0,4753.89990234375,4703.39990234375,4750.2001953125,4711
2026-02-02 14:30:00,4775.89990234375,4818.0,4733.0,4745.7001953125,9333
2026-02-02 14:45:00,4744.0,4786.10009765625,4722.0,4777.5,7705
2026-02-02 15:00:00,4733.2998046875,4768.0,4712.2001953125,4739.5,7434
2026-02-02 15:15:00,4703.5,4750.0,4695.39990234375,4732.89990234375,4695
2026-02-02 15:30:00,4697.60009765625,4727.2001953125,4668.7998046875,4703.0,6703
2026-02-02 15:45:00,4641.7001953125,4700.2001953125,4638.0,4697.39990234375,5541
2026-02-02 16:00:00,4719.2998046875,4728.7998046875,4617.60009765625,4642.89990234375,7572
2026-02-02 16:15:00,4693.89990234375,4733.10009765625,4683.60009765625,4721.2998046875,5340
2026-02-02 16:30:00,4691.10009765625,4710.7001953125,4666.0,4694.2001953125,4186
2026-02-02 16:45:00,4687.5,4699.0,4671.0,4690.5,3520
2026-02-02 17:00:00,4730.2998046875,4737.7001953125,4681.5,4687.5,4355
2026-02-02 17:15:00,4689.2001953125,4736.60009765625,4682.0,4731.2001953125,4106
2026-02-02 17:30:00,4696.0,4710.2001953125,4678.10009765625,4688.89990234375,5291
2026-02-02 17:45:00,4696.0,4710.2998046875,4685.0,4696.10009765625,4020
2026-02-02 18:00:00,4656.89990234375,4696.0,4651.5,4695.89990234375,4589
2026-02-02 18:15:00,4653.89990234375,4668.2001953125,4639.60009765625,4656.7001953125,7455
2026-02-02 18:30:00,4679.60009765625,4696.10009765625,4654.2001953125,4654.2001953125,3028
2026-02-02 18:45:00,4679.5,4694.2998046875,4665.7998046875,4679.10009765625,1445
2026-02-02 19:00:00,4669.7001953125,4684.5,4659.10009765625,4679.5,1809
2026-02-02 19:15:00,4665.89990234375,4676.7998046875,4653.5,4668.5,1422
2026-02-02 19:30:00,4717.60009765625,4722.89990234375,4659.0,4664.7001953125,2571
2026-02-02 19:45:00,4707.39990234375,4736.0,4699.10009765625,4718.2001953125,2649
2026-02-02 20:00:00,4715.89990234375,4723.2998046875,4691.39990234375,4707.39990234375,1820
2026-02-02 20:15:00,4693.7001953125,4716.2001953125,4673.2001953125,4714.2001953125,2101
2026-02-02 20:30:00,4703.39990234375,4716.60009765625,4679.60009765625,4694.5,1727
2026-02-02 20:45:00,4676.2998046875,4706.2998046875,4671.2998046875,4703.2998046875,2186
2026-02-02 21:00:00,4699.2001953125,4701.10009765625,4667.0,4677.89990234375,1191
2026-02-02 21:15:00,4705.5,4712.0,4683.7001953125,4700.39990234375,739
2026-02-02 21:30:00,4693.60009765625,4710.10009765625,4691.0,4705.89990234375,702
2026-02-02 21:45:00,4680.89990234375,4697.60009765625,4671.60009765625,4693.39990234375,603
2026-02-02 23:00:00,4743.0,4748.5,4690.2001953125,4691.0,906
2026-02-02 23:15:00,4761.2001953125,4788.0,4740.0,4742.2998046875,1594
2026-02-02 23:30:00,4756.10009765625,4775.2998046875,4740.2001953125,4762.2001953125,1235
2026-02-02 23:45:00,4798.5,4799.89990234375,4754.10009765625,4754.89990234375,1192
2026-02-03 00:00:00,4808.2998046875,4819.7001953125,4788.10009765625,4798.7001953125,2137
2026-02-03 00:15:00,4842.7001953125,4851.89990234375,4809.89990234375,4809.89990234375,2493
2026-02-03 00:30:00,4843.7001953125,4853.7001953125,4835.10009765625,4841.5,1912
2026-02-03 00:45:00,4802.7001953125,4850.2001953125,4796.0,4843.89990234375,2089
2026-02-03 01:00:00,4852.2998046875,4853.39990234375,4788.0,4803.10009765625,3259
2026-02-03 01:15:00,4877.0,4880.10009765625,4845.10009765625,4852.5,3186
2026-02-03 01:30:00,4867.7998046875,4882.0,4851.7001953125,4875.7001953125,2193
2026-02-03 01:45:00,4862.7001953125,4872.39990234375,4840.2998046875,4867.2001953125,1885
2026-02-03 02:00:00,4823.0,4864.0,4811.39990234375,4863.2001953125,2850
2026-02-03 02:15:00,4796.2998046875,4824.10009765625,4776.60009765625,4822.7998046875,3087
2026-02-03 02:30:00,4778.7001953125,4811.89990234375,4778.7001953125,4797.0,2402
2026-02-03 02:45:00,4806.2001953125,4806.5,4768.5,4777.7998046875,1954
2026-02-03 03:00:00,4790.39990234375,4816.7001953125,4783.89990234375,4806.10009765625,1458
2026-02-03 03:15:00,4795.7998046875,4802.0,4774.2998046875,4790.7998046875,1436
2026-02-03 03:30:00,4828.39990234375,4835.0,4792.39990234375,4795.39990234375,1473
2026-02-03 03:45:00,4831.60009765625,4836.10009765625,4808.60009765625,4827.2998046875,1036
2026-02-03 04:00:00,4838.2001953125,4848.0,4830.10009765625,4831.0,823
2026-02-03 04:15:00,4828.0,4841.60009765625,4822.60009765625,4838.2001953125,597
2026-02-03 04:30:00,4842.7001953125,4848.39990234375,4828.10009765625,4829.0,859
2026-02-03 04:45:00,4832.60009765625,4848.2998046875,4830.7998046875,4842.5,541
2026-02-03 05:00:00,4835.89990234375,4844.7998046875,4831.2998046875,4832.7998046875,586
2026-02-03 05:15:00,4861.89990234375,4865.5,4835.2998046875,4835.89990234375,1237
2026-02-03 05:30:00,4842.89990234375,4863.10009765625,4838.2001953125,4861.7998046875,1503
2026-02-03 05:45:00,4846.2998046875,4852.7998046875,4835.0,4842.7998046875,842
2026-02-03 06:00:00,4865.2998046875,4871.39990234375,4838.0,4848.0,992
2026-02-03 06:15:00,4893.7001953125,4897.5,4863.2998046875,4864.89990234375,2393
2026-02-03 06:30:00,4913.7001953125,4916.0,4890.0,4892.5,2882
2026-02-03 06:45:00,4903.0,4916.0,4885.7998046875,4913.7998046875,2176
2026-02-03 07:00:00,4916.0,4916.0,4893.0,4901.2001953125,1722
2026-02-03 07:15:00,4922.5,4924.0,4901.7001953125,4915.89990234375,2412
2026-02-03 07:30:00,4943.2998046875,4956.0,4920.60009765625,4922.39990234375,4347
2026-02-03 07:45:00,4940.0,4949.89990234375,4935.0,4943.10009765625,2369
2026-02-03 08:00:00,4951.5,4955.7998046875,4921.0,4940.2001953125,3747
2026-02-03 08:15:00,4959.39990234375,4965.39990234375,4950.2001953125,4951.60009765625,3205
2026-02-03 08:30:00,4959.2998046875,4975.5,4953.10009765625,4959.2998046875,2980
2026-02-03 08:45:00,4935.7998046875,4962.2998046875,4934.7001953125,4959.0,2677
2026-02-03 09:00:00,4939.89990234375,4947.2998046875,4931.2001953125,4935.7998046875,2482
2026-02-03 09:15:00,4915.2001953125,4939.5,4914.2001953125,4939.5,3546
2026-02-03 09:30:00,4945.5,4946.60009765625,4908.7001953125,4915.2001953125,2485
2026-02-03 09:45:00,4939.7998046875,4950.0,4937.2998046875,4945.10009765625,1776
2026-02-03 10:00:00,4945.7001953125,4953.0,4935.0,4939.60009765625,1948
2026-02-03 10:15:00,4936.89990234375,4946.2998046875,4935.7998046875,4946.2998046875,1344
2026-02-03 10:30:00,4941.7001953125,4946.5,4935.2001953125,4936.39990234375,2359
2026-02-03 10:45:00,4924.7998046875,4946.39990234375,4922.39990234375,4941.7001953125,1761
2026-02-03 11:00:00,4929.39990234375,4935.2001953125,4911.60009765625,4925.2001953125,1769
2026-02-03 11:15:00,4923.0,4931.7998046875,4905.2001953125,4928.39990234375,1823
2026-02-03 11:30:00,4931.7001953125,4941.89990234375,4920.0,4923.10009765625,988
2026-02-03 11:45:00,4938.89990234375,4939.0,4920.39990234375,4931.7998046875,1329
2026-02-03 12:00:00,4947.2001953125,4959.5,4932.10009765625,4939.60009765625,2245
2026-02-03 12:15:00,4926.7001953125,4948.60009765625,4915.0,4947.89990234375,2885
2026-02-03 12:30:00,4935.2001953125,4942.89990234375,4923.10009765625,4926.39990234375,1880
2026-02-03 12:45:00,4938.2001953125,4942.39990234375,4930.0,4935.39990234375,1321
2026-02-03 13:00:00,4954.60009765625,4955.5,4926.7001953125,4938.39990234375,3554
2026-02-03 13:15:00,4960.7998046875,4965.39990234375,4942.0,4954.10009765625,5039
2026-02-03 13:30:00,4968.2001953125,4968.5,4955.10009765625,4961.2998046875,5222
2026-02-03 13:45:00,4958.0,4977.7001953125,4946.60009765625,4968.2001953125,6598
2026-02-03 14:00:00,4948.60009765625,4963.10009765625,4942.7998046875,4958.7001953125,4496
2026-02-03 14:15:00,4948.2001953125,4949.0,4920.0,4948.60009765625,5544
2026-02-03 14:30:00,4942.60009765625,4952.60009765625,4917.60009765625,4948.60009765625,6699
2026-02-03 14:45:00,4939.2001953125,4954.10009765625,4933.7998046875,4942.10009765625,4927
2026-02-03 15:00:00,4959.2001953125,4971.2001953125,4926.89990234375,4939.10009765625,7163
2026-02-03 15:15:00,4947.60009765625,4966.39990234375,4930.39990234375,4959.7998046875,4126
2026-02-03 15:30:00,4946.39990234375,4951.2998046875,4929.0,4947.7001953125,2576
2026-02-03 15:45:00,4957.7001953125,4958.39990234375,4940.89990234375,4945.7001953125,3016
2026-02-03 16:00:00,4966.89990234375,4969.10009765625,4952.10009765625,4957.2001953125,2867
2026-02-03 16:15:00,4995.89990234375,5004.7001953125,4963.10009765625,4966.89990234375,7209
2026-02-03 16:30:00,5004.39990234375,5018.10009765625,4987.0,4995.7998046875,5137
2026-02-03 16:45:00,4978.2001953125,5006.89990234375,4974.60009765625,5004.7998046875,5347
2026-02-03 17:00:00,4966.39990234375,4985.5,4945.2001953125,4978.2998046875,6841
2026-02-03 17:15:00,4971.60009765625,4992.7001953125,4959.39990234375,4966.10009765625,4283
2026-02-03 17:30:00,4944.7001953125,4987.7998046875,4935.0,4971.10009765625,4755
2026-02-03 17:45:00,4951.5,4971.0,4929.7001953125,4944.39990234375,3988
2026-02-03 18:00:00,4966.10009765625,4977.2998046875,4948.7998046875,4951.10009765625,3636
2026-02-03 18:15:00,4931.39990234375,4971.2998046875,4926.7998046875,4967.10009765625,6524
2026-02-03 18:30:00,4929.2001953125,4940.7998046875,4900.5,4931.0,5881
2026-02-03 18:45:00,4930.5,4937.7998046875,4913.10009765625,4928.2998046875,2910
2026-02-03 19:00:00,4939.0,4940.7998046875,4902.0,4930.2001953125,3588
2026-02-03 19:15:00,4953.2001953125,4956.39990234375,4937.10009765625,4938.7001953125,3269
2026-02-03 19:30:00,4962.89990234375,4971.89990234375,4944.5,4952.5,2181
2026-02-03 19:45:00,4949.2998046875,4964.7001953125,4938.89990234375,4963.5,2008
2026-02-03 20:00:00,4943.2001953125,4949.89990234375,4924.5,4949.89990234375,2189
2026-02-03 20:15:00,4961.7001953125,4965.0,4934.60009765625,4943.2001953125,1652
2026-02-03 20:30:00,4974.2001953125,4980.0,4960.7001953125,4962.2998046875,2204
2026-02-03 20:45:00,4967.5,4979.7998046875,4955.2001953125,4974.0,1875
2026-02-03 21:00:00,4981.39990234375,4987.5,4961.2998046875,4967.10009765625,1146
2026-02-03 21:15:00,4974.2001953125,4982.0,4966.2001953125,4980.60009765625,485
2026-02-03 21:30:00,4963.2998046875,4981.89990234375,4958.2998046875,4974.10009765625,608
2026-02-03 21:45:00,4970.5,4971.5,4957.2998046875,4962.5,374
2026-02-03 23:00:00,4955.2001953125,4997.7998046875,4930.39990234375,4966.10009765625,1184
2026-02-03 23:15:00,4946.10009765625,4967.10009765625,4942.7001953125,4955.2001953125,903
2026-02-03 23:30:00,4970.39990234375,4972.5,4942.7001953125,4945.0,623
2026-02-03 23:45:00,4968.7001953125,4977.10009765625,4962.5,4970.89990234375,637
2026-02-04 00:00:00,5008.2998046875,5009.7998046875,4966.89990234375,4969.89990234375,1402
2026-02-04 00:15:00,5002.2001953125,5023.2001953125,5000.0,5008.10009765625,2246
2026-02-04 00:30:00,5009.2001953125,5016.7998046875,4990.5,5002.89990234375,1331
2026-02-04 00:45:00,5038.10009765625,5039.7001953125,5008.60009765625,5009.39990234375,2623
2026-02-04 01:00:00,5072.2998046875,5075.2001953125,5006.39990234375,5038.60009765625,5443
2026-02-04 01:15:00,5058.7998046875,5075.5,5053.2001953125,5073.7998046875,2488
2026-02-04 01:30:00,5053.89990234375,5061.10009765625,5030.7998046875,5058.60009765625,2943
2026-02-04 01:45:00,5067.2001953125,5071.60009765625,5049.10009765625,5054.10009765625,1628
2026-02-04 02:00:00,5080.10009765625,5086.7998046875,5067.7998046875,5067.89990234375,2134
2026-02-04 02:15:00,5078.5,5085.89990234375,5073.60009765625,5080.89990234375,1523
2026-02-04 02:30:00,5079.89990234375,5082.89990234375,5059.5,5078.2998046875,1750
2026-02-04 02:45:00,5061.60009765625,5081.89990234375,5055.10009765625,5081.5,1387
2026-02-04 03:00:00,5069.2001953125,5077.10009765625,5056.2001953125,5060.89990234375,1238
2026-02-04 03:15:00,5072.0,5075.0,5059.0,5069.60009765625,983
2026-02-04 03:30:00,5083.2998046875,5093.0,5071.89990234375,5071.89990234375,1901
2026-02-04 03:45:00,5090.2998046875,5094.0,5081.60009765625,5083.0,746
2026-02-04 04:00:00,5092.60009765625,5094.60009765625,5082.7001953125,5090.7001953125,820
2026-02-04 04:15:00,5082.2001953125,5094.0,5076.2998046875,5093.2998046875,727
2026-02-04 04:30:00,5092.0,5093.39990234375,5080.5,5082.0,528
2026-02-04 04:45:00,5100.2001953125,5101.0,5091.0,5091.60009765625,1189
2026-02-04 05:00:00,5102.7998046875,5103.89990234375,5096.39990234375,5100.10009765625,915
2026-02-04 05:15:00,5099.2001953125,5105.0,5097.39990234375,5102.89990234375,955
2026-02-04 05:30:00,5100.60009765625,5105.7998046875,5088.5,5099.2998046875,1979
2026-02-04 05:45:00,5098.2998046875,5109.2998046875,5096.39990234375,5100.7001953125,1711
2026-02-04 06:00:00,5080.2998046875,5102.5,5075.0,5099.39990234375,2111
2026-02-04 06:15:00,5075.2998046875,5088.0,5071.0,5079.0,1992
2026-02-04 06:30:00,5090.89990234375,5092.0,5073.7001953125,5075.5,1742
2026-02-04 06:45:00,5096.60009765625,5100.39990234375,5088.0,5090.89990234375,1510
2026-02-04 07:00:00,5083.5,5103.7001953125,5083.2001953125,5098.0,1536
2026-02-04 07:15:00,5109.89990234375,5110.0,5082.5,5084.10009765625,1884
2026-02-04 07:30:00,5101.89990234375,5111.0,5086.60009765625,5110.0,2074
2026-02-04 07:45:00,5106.7998046875,5113.5,5101.7998046875,5101.7998046875,1938
2026-02-04 08:00:00,5099.5,5113.89990234375,5096.7001953125,5106.2998046875,2192
2026-02-04 08:15:00,5106.5,5109.5,5098.39990234375,5098.89990234375,1142
2026-02-04 08:30:00,5102.39990234375,5107.2001953125,5091.10009765625,5106.60009765625,1753
2026-02-04 08:45:00,5106.5,5108.39990234375,5093.89990234375,5101.7001953125,1349
2026-02-04 09:00:00,5092.2001953125,5109.7001953125,5091.39990234375,5105.89990234375,1922
2026-02-04 09:15:00,5080.0,5092.60009765625,5076.0,5092.39990234375,2766
2026-02-04 09:30:00,5080.7001953125,5089.89990234375,5065.0,5079.5,2067
2026-02-04 09:45:00,5082.2998046875,5087.2998046875,5070.10009765625,5080.39990234375,1274
2026-02-04 10:00:00,5076.89990234375,5086.89990234375,5071.2998046875,5083.10009765625,1209
2026-02-04 10:15:00,5067.10009765625,5079.89990234375,5064.7001953125,5076.60009765625,1610
2026-02-04 10:30:00,5082.7998046875,5084.60009765625,5066.7998046875,5066.7998046875,2307
2026-02-04 10:45:00,5072.2001953125,5084.7998046875,5068.2998046875,5082.7998046875,1245
2026-02-04 11:00:00,5065.60009765625,5076.89990234375,5064.7998046875,5070.7001953125,783
2026-02-04 11:15:00,5047.60009765625,5066.89990234375,5036.0,5064.89990234375,3634
2026-02-04 11:30:00,5055.2998046875,5063.7998046875,5045.2001953125,5047.89990234375,1409
2026-02-04 11:45:00,5071.2998046875,5074.2998046875,5053.7001953125,5055.2998046875,821
2026-02-04 12:00:00,5069.0,5078.7998046875,5060.60009765625,5070.60009765625,1413
2026-02-04 12:15:00,5070.7001953125,5073.60009765625,5062.7998046875,5068.7998046875,997
2026-02-04 12:30:00,5078.5,5088.10009765625,5070.7998046875,5070.7998046875,1491
2026-02-04 12:45:00,5064.60009765625,5080.7998046875,5058.60009765625,5079.2001953125,1270
2026-02-04 13:00:00,5052.2001953125,5069.5,5045.0,5064.2998046875,2763
2026-02-04 13:15:00,5072.0,5076.89990234375,5052.10009765625,5053.60009765625,2720
2026-02-04 13:30:00,5060.0,5082.0,5056.0,5072.5,1956
2026-02-04 13:45:00,5077.0,5087.0,5058.0,5059.5,2804
2026-02-04 14:00:00,5071.10009765625,5082.5,5057.5,5077.7998046875,2750
2026-02-04 14:15:00,5054.2001953125,5074.7998046875,5051.2001953125,5071.5,3710
2026-02-04 14:30:00,5018.60009765625,5061.10009765625,4988.39990234375,5054.2998046875,13480
2026-02-04 14:45:00,5008.39990234375,5041.7001953125,4993.0,5017.2001953125,7859
2026-02-04 15:00:00,5013.2998046875,5030.7001953125,4994.5,5007.2998046875,6233
2026-02-04 15:15:00,4981.39990234375,5016.7998046875,4970.2001953125,5012.89990234375,7247
2026-02-04 15:30:00,4967.60009765625,4985.89990234375,4909.0,4981.7998046875,14437
2026-02-04 15:45:00,4943.10009765625,4974.2001953125,4933.0,4967.7001953125,5466
2026-02-04 16:00:00,4956.2998046875,4964.10009765625,4917.5,4943.10009765625,6648
2026-02-04 16:15:00,4947.2998046875,4960.7998046875,4913.0,4956.89990234375,5561
2026-02-04 16:30:00,4919.0,4958.0,4917.10009765625,4948.0,4198
2026-02-04 16:45:00,4926.89990234375,4933.5,4867.7001953125,4918.39990234375,9431
2026-02-04 17:00:00,4943.39990234375,4945.60009765625,4914.0,4926.5,3762
2026-02-04 17:15:00,4939.5,4948.0,4909.60009765625,4943.7998046875,5057
2026-02-04 17:30:00,4929.7998046875,4953.0,4922.39990234375,4938.60009765625,4810
2026-02-04 17:45:00,4921.2998046875,4932.0,4916.7001953125,4929.2998046875,3861
2026-02-04 18:00:00,4931.7998046875,4944.0,4893.89990234375,4919.60009765625,4281
2026-02-04 18:15:00,4948.2001953125,4956.89990234375,4916.89990234375,4933.2998046875,6555
2026-02-04 18:30:00,4942.60009765625,4951.0,4926.0,4948.2001953125,2427
2026-02-04 18:45:00,4949.7001953125,4954.0,4932.39990234375,4941.7001953125,2206
2026-02-04 19:00:00,4968.39990234375,4969.2001953125,4936.7001953125,4949.7998046875,3171
2026-02-04 19:15:00,4955.0,4972.2998046875,4941.0,4968.2998046875,2347
2026-02-04 19:30:00,4963.7998046875,4966.5,4950.0,4955.0,947
2026-02-04 19:45:00,4963.5,4979.39990234375,4952.7001953125,4963.5,2837
2026-02-04 20:00:00,4955.60009765625,4968.5,4943.0,4963.60009765625,1442
2026-02-04 20:15:00,4944.39990234375,4958.5,4941.10009765625,4955.7998046875,1187
2026-02-04 20:30:00,4963.89990234375,4973.39990234375,4936.0,4945.10009765625,1643
2026-02-04 20:45:00,4961.60009765625,4972.7001953125,4957.0,4965.0,1795
2026-02-04 21:00:00,4977.10009765625,4977.39990234375,4960.0,4960.89990234375,428
2026-02-04 21:15:00,4981.7001953125,4982.7001953125,4972.0,4977.0,416
2026-02-04 21:30:00,4984.7001953125,4994.0,4975.89990234375,4981.60009765625,571
2026-02-04 21:45:00,4986.39990234375,4994.10009765625,4982.39990234375,4985.89990234375,421
2026-02-04 23:00:00,5031.39990234375,5032.0,4986.60009765625,4986.60009765625,780
2026-02-04 23:15:00,5040.89990234375,5043.2001953125,5021.0,5031.2998046875,1443
2026-02-04 23:30:00,5043.0,5044.7998046875,5030.7998046875,5039.7001953125,1127
2026-02-04 23:45:00,5033.39990234375,5045.0,5028.60009765625,5042.89990234375,891
2026-02-05 00:00:00,5019.2001953125,5039.10009765625,5017.60009765625,5033.2001953125,1061
2026-02-05 00:15:00,5037.39990234375,5040.7001953125,5018.0,5018.7001953125,1219
2026-02-05 00:30:00,5039.89990234375,5039.89990234375,5030.7998046875,5037.5,883
2026-02-05 00:45:00,5028.10009765625,5041.89990234375,5025.10009765625,5040.0,1125
2026-02-05 01:00:00,4989.10009765625,5033.7001953125,4988.0,5028.7001953125,3359
2026-02-05 01:15:00,4973.2001953125,4994.7001953125,4957.0,4990.2001953125,4866
2026-02-05 01:30:00,5000.89990234375,5006.0,4974.2001953125,4974.2001953125,1850
2026-02-05 01:45:00,4978.2998046875,5007.89990234375,4978.2998046875,5000.5,1791
2026-02-05 02:00:00,4935.2998046875,4982.10009765625,4918.7998046875,4979.2001953125,5141
2026-02-05 02:15:00,4956.0,4962.7998046875,4911.0,4935.2001953125,4378
2026-02-05 02:30:00,4915.10009765625,4960.7998046875,4914.0,4956.10009765625,3039
2026-02-05 02:45:00,4831.0,4918.7001953125,4822.60009765625,4915.2001953125,10354
2026-02-05 03:00:00,4866.7998046875,4878.2998046875,4805.0,4830.39990234375,5012
2026-02-05 03:15:00,4876.7998046875,4907.10009765625,4852.2998046875,4866.7998046875,3718
2026-02-05 03:30:00,4886.2998046875,4899.0,4856.2001953125,4878.7001953125,2181
2026-02-05 03:45:00,4898.5,4904.7998046875,4869.7998046875,4885.60009765625,1580
2026-02-05 04:00:00,4892.7001953125,4903.0,4880.7998046875,4898.39990234375,1050
2026-02-05 04:15:00,4905.39990234375,4910.7998046875,4888.89990234375,4891.5,1366
2026-02-05 04:30:00,4904.2001953125,4908.0,4888.39990234375,4905.39990234375,718
2026-02-05 04:45:00,4888.5,4906.39990234375,4883.2001953125,4905.0,759
2026-02-05 05:00:00,4869.7998046875,4894.39990234375,4866.60009765625,4881.7001953125,1366
2026-02-05 05:15:00,4887.10009765625,4888.39990234375,4858.60009765625,4871.5,1344
2026-02-05 05:30:00,4903.60009765625,4905.0,4842.0,4887.0,2895
2026-02-05 05:45:00,4911.7998046875,4923.7001953125,4902.60009765625,4904.5,1803
2026-02-05 06:00:00,4927.10009765625,4937.5,4893.0,4914.10009765625,1563
2026-02-05 06:15:00,4947.0,4947.39990234375,4917.2998046875,4926.39990234375,1494
2026-02-05 06:30:00,4947.0,4948.2001953125,4926.2001953125,4947.0,1179
2026-02-05 06:45:00,4938.7998046875,4951.89990234375,4915.0,4947.0,1653
2026-02-05 07:00:00,4940.5,4950.7998046875,4933.2001953125,4937.2001953125,1241
2026-02-05 07:15:00,4950.7998046875,4960.2001953125,4929.2001953125,4940.2001953125,2441
2026-02-05 07:30:00,4929.7998046875,4953.10009765625,4914.7001953125,4951.2998046875,1896
2026-02-05 07:45:00,4934.2998046875,4939.0,4925.60009765625,4929.10009765625,929
2026-02-05 08:00:00,4959.2001953125,4961.2001953125,4932.0,4934.10009765625,1373
2026-02-05 08:15:00,4940.60009765625,4962.0,4939.2001953125,4959.89990234375,1458
2026-02-05 08:30:00,4943.0,4949.89990234375,4936.7998046875,4941.39990234375,1192
2026-02-05 08:45:00,4934.0,4943.5,4921.39990234375,4943.2998046875,1791
2026-02-05 09:00:00,4885.2001953125,4937.10009765625,4884.2998046875,4934.39990234375,3552
2026-02-05 09:15:00,4896.5,4910.39990234375,4876.60009765625,4885.39990234375,2544
2026-02-05 09:30:00,4911.10009765625,4913.7998046875,4896.2998046875,4896.5,931
2026-02-05 09:45:00,4876.89990234375,4916.0,4871.10009765625,4911.2001953125,2089
2026-02-05 10:00:00,4895.39990234375,4896.0,4874.0,4875.89990234375,1462
2026-02-05 10:15:00,4883.10009765625,4900.0,4868.0,4894.7001953125,1055
2026-02-05 10:30:00,4896.7001953125,4900.0,4872.7001953125,4883.2998046875,1542
2026-02-05 10:45:00,4897.89990234375,4907.60009765625,4888.2001953125,4897.2998046875,854
2026-02-05 11:00:00,4908.10009765625,4909.5,4896.60009765625,4896.7998046875,954
2026-02-05 11:15:00,4911.7001953125,4915.5,4899.89990234375,4908.2998046875,950
2026-02-05 11:30:00,4891.89990234375,4913.2998046875,4890.0,4912.60009765625,793
2026-02-05 11:45:00,4889.10009765625,4906.5,4885.60009765625,4891.39990234375,1443
2026-02-05 12:00:00,4861.7998046875,4899.89990234375,4854.7001953125,4889.2998046875,2727
2026-02-05 12:15:00,4869.10009765625,4870.2001953125,4831.0,4860.7998046875,3999
2026-02-05 12:30:00,4868.7001953125,4893.89990234375,4862.10009765625,4868.7998046875,3635
2026-02-05 12:45:00,4876.2001953125,4891.5,4857.89990234375,4869.39990234375,2555
2026-02-05 13:00:00,4845.7998046875,4876.2998046875,4822.0,4876.10009765625,5421
2026-02-05 13:15:00,4873.60009765625,4888.39990234375,4845.89990234375,4845.89990234375,3636
2026-02-05 13:30:00,4847.39990234375,4893.10009765625,4845.2001953125,4876.0,3547
2026-02-05 13:45:00,4858.2001953125,4870.0,4842.60009765625,4846.39990234375,2314
2026-02-05 14:00:00,4836.2001953125,4872.0,4833.60009765625,4858.0,3635
2026-02-05 14:15:00,4857.0,4859.89990234375,4831.2001953125,4836.7998046875,3665
2026-02-05 14:30:00,4881.60009765625,4887.2001953125,4827.2001953125,4857.10009765625,8232
2026-02-05 14:45:00,4867.7998046875,4891.10009765625,4859.60009765625,4881.60009765625,5751
2026-02-05 15:00:00,4849.7998046875,4888.0,4842.60009765625,4866.5,7622
2026-02-05 15:15:00,4840.89990234375,4867.10009765625,4834.0,4848.89990234375,3793
2026-02-05 15:30:00,4832.10009765625,4859.2001953125,4830.0,4839.5,4479
2026-02-05 15:45:00,4838.60009765625,4846.39990234375,4820.7998046875,4831.7998046875,4936
2026-02-05 16:00:00,4841.5,4862.2998046875,4833.5,4837.7998046875,3525
2026-02-05 16:15:00,4871.2998046875,4879.7998046875,4839.5,4841.60009765625,3951
2026-02-05 16:30:00,4901.10009765625,4905.60009765625,4867.0,4872.2001953125,3098
2026-02-05 16:45:00,4912.0,4930.0,4887.0,4901.7998046875,5609
2026-02-05 17:00:00,4898.0,4913.2998046875,4888.39990234375,4910.89990234375,2394
2026-02-05 17:15:00,4889.7998046875,4903.2998046875,4881.5,4898.7998046875,1902
2026-02-05 17:30:00,4893.10009765625,4901.2001953125,4882.10009765625,4889.60009765625,1606
2026-02-05 17:45:00,4891.5,4907.5,4886.39990234375,4893.7001953125,1593
2026-02-05 18:00:00,4882.7001953125,4897.89990234375,4876.7001953125,4891.39990234375,1451
2026-02-05 18:15:00,4892.10009765625,4898.39990234375,4872.7998046875,4882.7998046875,4545
2026-02-05 18:30:00,4893.7998046875,4894.7998046875,4876.89990234375,4891.5,1546
2026-02-05 18:45:00,4880.39990234375,4895.89990234375,4874.10009765625,4893.60009765625,931
2026-02-05 19:00:00,4874.39990234375,4889.0,4860.10009765625,4881.2001953125,1684
2026-02-05 19:15:00,4874.39990234375,4883.0,4869.60009765625,4873.7001953125,717
2026-02-05 19:30:00,4861.10009765625,4878.0,4850.89990234375,4875.2001953125,1960
2026-02-05 19:45:00,4852.5,4867.2001953125,4847.0,4859.7998046875,1095
2026-02-05 20:00:00,4856.0,4866.2001953125,4836.0,4853.0,1763
2026-02-05 20:15:00,4847.2001953125,4858.2998046875,4832.0,4855.2001953125,1369
2026-02-05 20:30:00,4835.2998046875,4854.39990234375,4828.5,4848.2001953125,1322
2026-02-05 20:45:00,4833.60009765625,4839.39990234375,4814.60009765625,4833.7001953125,3740
2026-02-05 21:00:00,4831.7998046875,4848.5,4826.7001953125,4833.2001953125,1085
2026-02-05 21:15:00,4824.7998046875,4835.39990234375,4817.2998046875,4832.7998046875,1175
2026-02-05 21:30:00,4785.7998046875,4826.10009765625,4780.5,4824.7998046875,4808
2026-02-05 21:45:00,4798.10009765625,4802.0,4779.60009765625,4785.0,1802
2026-02-05 23:00:00,4786.2998046875,4815.89990234375,4778.0,4800.0,796
2026-02-05 23:15:00,4769.10009765625,4790.7998046875,4766.0,4787.39990234375,3501
2026-02-05 23:30:00,4759.5,4774.7001953125,4750.2998046875,4770.0,2540
2026-02-05 23:45:00,4722.0,4760.2998046875,4721.2001953125,4760.10009765625,2851
2026-02-06 00:00:00,4699.60009765625,4725.2001953125,4696.0,4722.0,3955
2026-02-06 00:15:00,4742.0,4748.10009765625,4670.0,4699.5,7010
2026-02-06 00:30:00,4776.2998046875,4778.0,4724.7998046875,4742.0,3758
2026-02-06 00:45:00,4779.89990234375,4781.7001953125,4756.10009765625,4775.0,2387
2026-02-06 01:00:00,4767.5,4780.7998046875,4710.0,4779.10009765625,5472
2026-02-06 01:15:00,4730.0,4781.10009765625,4720.7998046875,4766.2001953125,2403
2026-02-06 01:30:00,4758.7998046875,4765.7998046875,4723.60009765625,4730.10009765625,1460
2026-02-06 01:45:00,4792.10009765625,4803.39990234375,4755.2001953125,4760.5,2499
2026-02-06 02:00:00,4804.2998046875,4813.7998046875,4777.7998046875,4792.7001953125,2082
2026-02-06 02:15:00,4837.60009765625,4838.7998046875,4798.89990234375,4805.10009765625,2346
2026-02-06 02:30:00,4844.0,4863.5,4826.10009765625,4836.7001953125,4025
2026-02-06 02:45:00,4833.5,4849.89990234375,4826.2998046875,4844.7001953125,1651
2026-02-06 03:00:00,4831.0,4856.39990234375,4825.60009765625,4832.5,1097
2026-02-06 03:15:00,4829.0,4844.5,4816.7001953125,4831.89990234375,1392
2026-02-06 03:30:00,4821.60009765625,4842.7998046875,4817.39990234375,4829.2998046875,843
2026-02-06 03:45:00,4841.10009765625,4846.0,4822.89990234375,4822.89990234375,731
2026-02-06 04:00:00,4836.7998046875,4845.60009765625,4832.10009765625,4842.0,438
2026-02-06 04:15:00,4843.2998046875,4844.7001953125,4823.89990234375,4837.2001953125,409
2026-02-06 04:30:00,4840.5,4848.89990234375,4836.60009765625,4843.5,393
2026-02-06 04:45:00,4831.89990234375,4842.39990234375,4828.10009765625,4840.10009765625,425
2026-02-06 05:00:00,4841.10009765625,4843.39990234375,4824.5,4830.39990234375,484
2026-02-06 05:15:00,4868.89990234375,4870.0,4836.89990234375,4842.7998046875,1094
2026-02-06 05:30:00,4882.39990234375,4889.0,4853.7001953125,4868.7998046875,2217
2026-02-06 05:45:00,4915.2998046875,4916.2001953125,4879.2998046875,4882.2998046875,3547
2026-02-06 06:00:00,4883.60009765625,4921.60009765625,4882.89990234375,4916.2998046875,2262
2026-02-06 06:15:00,4873.89990234375,4891.2998046875,4867.7001953125,4884.2998046875,2283
2026-02-06 06:30:00,4865.60009765625,4885.89990234375,4855.5,4871.89990234375,1607
2026-02-06 06:45:00,4865.60009765625,4875.2001953125,4841.0,4865.0,1472
2026-02-06 07:00:00,4868.7001953125,4874.10009765625,4856.7998046875,4865.0,1320
2026-02-06 07:15:00,4878.39990234375,4881.89990234375,4862.0,4869.10009765625,1148
2026-02-06 07:30:00,4877.89990234375,4880.60009765625,4867.39990234375,4878.2001953125,800
2026-02-06 07:45:00,4862.2998046875,4877.5,4861.2001953125,4876.89990234375,888
2026-02-06 08:00:00,4872.2001953125,4874.89990234375,4849.5,4861.60009765625,1863
2026-02-06 08:15:00,4890.0,4896.60009765625,4869.5,4873.7001953125,1611
2026-02-06 08:30:00,4883.10009765625,4904.5,4877.10009765625,4888.7001953125,1520
2026-02-06 08:45:00,4884.7998046875,4887.10009765625,4875.0,4883.10009765625,1004
2026-02-06 09:00:00,4863.0,4894.39990234375,4862.39990234375,4884.10009765625,1406
2026-02-06 09:15:00,4887.39990234375,4891.2001953125,4862.2001953125,4862.39990234375,1352
2026-02-06 09:30:00,4880.2001953125,4896.5,4880.2001953125,4887.2998046875,893
2026-02-06 09:45:00,4889.5,4893.39990234375,4878.39990234375,4881.2998046875,932
2026-02-06 10:00:00,4894.39990234375,4900.0,4887.7998046875,4888.0,914
2026-02-06 10:15:00,4876.60009765625,4898.60009765625,4872.60009765625,4894.2998046875,936
2026-02-06 10:30:00,4897.10009765625,4899.89990234375,4874.7001953125,4876.0,1058
2026-02-06 10:45:00,4899.89990234375,4901.7001953125,4888.7001953125,4897.2001953125,788
2026-02-06 11:00:00,4906.0,4910.0,4885.60009765625,4899.7001953125,1182
2026-02-06 11:15:00,4912.2001953125,4916.2998046875,4900.2001953125,4906.89990234375,1236
2026-02-06 11:30:00,4908.5,4915.60009765625,4900.2001953125,4912.60009765625,1086
2026-02-06 11:45:00,4909.10009765625,4918.7001953125,4904.5,4909.2998046875,1055
2026-02-06 12:00:00,4917.7001953125,4925.7001953125,4905.10009765625,4910.10009765625,1532
2026-02-06 12:15:00,4898.60009765625,4918.5,4892.0,4918.2001953125,1647
2026-02-06 12:30:00,4915.7998046875,4916.89990234375,4898.39990234375,4899.5,1633
2026-02-06 12:45:00,4921.7001953125,4926.0,4915.2001953125,4915.2001953125,2229
2026-02-06 13:00:00,4931.7001953125,4948.7998046875,4918.2001953125,4922.0,4140
2026-02-06 13:15:00,4931.2001953125,4951.2998046875,4927.10009765625,4932.0,2804
2026-02-06 13:30:00,4953.89990234375,4961.0,4930.10009765625,4930.10009765625,3008
2026-02-06 13:45:00,4951.0,4957.0,4943.10009765625,4955.10009765625,1512
2026-02-06 14:00:00,4944.10009765625,4955.0,4931.60009765625,4951.7001953125,2453
2026-02-06 14:15:00,4926.89990234375,4948.5,4916.2001953125,4943.60009765625,2748
2026-02-06 14:30:00,4955.5,4971.0,4918.5,4926.7001953125,6440
2026-02-06 14:45:00,4972.5,4973.7001953125,4950.7001953125,4956.39990234375,3071
2026-02-06 15:00:00,4972.2998046875,4988.7998046875,4962.60009765625,4970.7998046875,5125
2026-02-06 15:15:00,4980.5,4984.2998046875,4960.0,4972.2001953125,2252
2026-02-06 15:30:00,4965.89990234375,4985.0,4962.0,4980.5,2334
2026-02-06 15:45:00,4967.60009765625,4974.89990234375,4951.2001953125,4965.7001953125,2588
2026-02-06 16:00:00,4964.39990234375,4974.7001953125,4960.7001953125,4967.7998046875,1686
2026-02-06 16:15:00,4962.5,4970.2001953125,4945.0,4964.39990234375,2405
2026-02-06 16:30:00,4963.2998046875,4971.89990234375,4953.2998046875,4961.7998046875,1697
2026-02-06 16:45:00,4975.2998046875,4978.0,4959.89990234375,4963.2001953125,1713
2026-02-06 17:00:00,4981.2001953125,4984.60009765625,4973.0,4975.2998046875,1674
2026-02-06 17:15:00,4978.2998046875,4983.5,4976.10009765625,4981.89990234375,1447
2026-02-06 17:30:00,4977.89990234375,4992.89990234375,4972.2001953125,4978.7998046875,2126
2026-02-06 17:45:00,4984.2998046875,4988.39990234375,4977.10009765625,4978.10009765625,1760
2026-02-06 18:00:00,4989.39990234375,4995.60009765625,4983.0,4984.7998046875,1775
2026-02-06 18:15:00,4980.0,4990.7998046875,4967.89990234375,4990.0,4367
2026-02-06 18:30:00,4988.2001953125,4989.89990234375,4975.5,4979.60009765625,1056
2026-02-06 18:45:00,4986.2998046875,4992.2001953125,4984.0,4987.5,645
2026-02-06 19:00:00,4982.2001953125,4987.0,4976.89990234375,4986.2998046875,676
2026-02-06 19:15:00,4980.7998046875,4985.10009765625,4980.60009765625,4982.2001953125,736
2026-02-06 19:30:00,4975.7001953125,4982.5,4971.7998046875,4980.7998046875,754
2026-02-06 19:45:00,4980.7001953125,4987.0,4975.2001953125,4975.2998046875,917
2026-02-06 20:00:00,4977.0,4983.0,4973.7998046875,4980.39990234375,640
2026-02-06 20:15:00,4979.0,4981.39990234375,4970.0,4977.10009765625,905
2026-02-06 20:30:00,4967.89990234375,4979.0,4960.39990234375,4979.0,1455
2026-02-06 20:45:00,4977.2001953125,4978.0,4964.10009765625,4967.89990234375,1524
2026-02-06 21:00:00,4973.2001953125,4981.5,4970.10009765625,4977.2001953125,668
2026-02-06 21:15:00,4977.5,4978.39990234375,4971.0,4973.7998046875,409
2026-02-06 21:30:00,4984.0,4988.0,4977.2001953125,4977.2998046875,575
2026-02-06 21:45:00,4979.7998046875,4992.10009765625,4979.7998046875,4983.60009765625,709
2026-02-08 23:00:00,5004.0,5008.7001953125,4991.2998046875,5000.0,428
2026-02-08 23:15:00,5046.7998046875,5049.10009765625,5000.89990234375,5004.2998046875,2521
2026-02-08 23:30:00,5062.5,5067.2998046875,5041.7001953125,5046.10009765625,2538
2026-02-08 23:45:00,5057.39990234375,5069.0,5055.5,5062.7001953125,970
2026-02-09 00:00:00,5051.39990234375,5068.0,5046.0,5057.5,1195
2026-02-09 00:15:00,5056.89990234375,5063.0,5043.60009765625,5051.7001953125,1179
2026-02-09 00:30:00,5049.10009765625,5059.60009765625,5038.0,5057.7001953125,862
2026-02-09 00:45:00,5041.2001953125,5049.5,5033.10009765625,5048.89990234375,635
2026-02-09 01:00:00,5039.7998046875,5064.2001953125,5026.2001953125,5042.10009765625,2249
2026-02-09 01:15:00,5038.5,5053.89990234375,5030.60009765625,5041.2998046875,1164
2026-02-09 01:30:00,5029.7001953125,5044.2001953125,4997.0,5038.39990234375,2347
2026-02-09 01:45:00,5002.2998046875,5033.2998046875,5000.5,5030.0,1311
2026-02-09 02:00:00,5018.60009765625,5021.5,4989.2998046875,5002.39990234375,1627
2026-02-09 02:15:00,5021.2001953125,5022.2998046875,5009.60009765625,5017.89990234375,580
2026-02-09 02:30:00,5017.2998046875,5027.7001953125,5009.60009765625,5021.0,1180
2026-02-09 02:45:00,5026.60009765625,5037.2001953125,5005.7998046875,5017.39990234375,1472
2026-02-09 03:00:00,5040.60009765625,5041.7998046875,5025.7998046875,5026.5,821
2026-02-09 03:15:00,5045.10009765625,5046.7998046875,5030.89990234375,5040.2001953125,742
2026-02-09 03:30:00,5044.89990234375,5051.7998046875,5038.2998046875,5044.5,743
2026-02-09 03:45:00,5037.10009765625,5049.10009765625,5032.2998046875,5044.7998046875,511
2026-02-09 04:00:00,5032.7998046875,5044.5,5032.7001953125,5036.5,403
2026-02-09 04:15:00,5037.89990234375,5045.60009765625,5029.2001953125,5033.5,537
2026-02-09 04:30:00,5040.5,5044.60009765625,5036.0,5038.10009765625,281
2026-02-09 04:45:00,5034.7001953125,5041.39990234375,5028.7001953125,5040.5,417
2026-02-09 05:00:00,5036.7001953125,5041.5,5032.39990234375,5034.0,372
2026-02-09 05:15:00,5050.7998046875,5053.0,5037.2998046875,5037.2998046875,457
2026-02-09 05:30:00,5055.10009765625,5063.10009765625,5046.89990234375,5051.10009765625,1001
2026-02-09 05:45:00,5058.0,5059.60009765625,5044.2001953125,5054.89990234375,836
2026-02-09 06:00:00,5055.7998046875,5067.60009765625,5052.89990234375,5058.60009765625,1105
2026-02-09 06:15:00,5047.5,5059.0,5035.10009765625,5055.2998046875,1103
2026-02-09 06:30:00,5057.0,5058.0,5042.60009765625,5045.60009765625,739
2026-02-09 06:45:00,5052.39990234375,5062.0,5048.2998046875,5057.2998046875,975
2026-02-09 07:00:00,5033.5,5052.5,5029.7998046875,5052.5,1156
2026-02-09 07:15:00,5030.0,5036.60009765625,5015.2001953125,5035.2998046875,1549
2026-02-09 07:30:00,5033.7001953125,5036.5,5028.39990234375,5029.0,668
2026-02-09 07:45:00,5027.2001953125,5033.39990234375,5021.7998046875,5033.39990234375,716
2026-02-09 08:00:00,5040.7001953125,5042.10009765625,5023.89990234375,5026.7998046875,911
2026-02-09 08:15:00,5046.2001953125,5053.10009765625,5041.10009765625,5041.10009765625,1165
2026-02-09 08:30:00,5050.89990234375,5053.10009765625,5042.0,5046.10009765625,758
2026-02-09 08:45:00,5048.10009765625,5057.0,5045.2998046875,5050.89990234375,682
2026-02-09 09:00:00,5046.7998046875,5062.60009765625,5043.5,5048.7001953125,1195
2026-02-09 09:15:00,5044.7998046875,5049.0,5038.0,5046.7001953125,790
2026-02-09 09:30:00,5035.39990234375,5048.5,5033.0,5044.7998046875,675
2026-02-09 09:45:00,5028.2001953125,5036.89990234375,5023.60009765625,5035.5,1154
2026-02-09 10:00:00,5031.10009765625,5034.7998046875,5017.0,5028.5,1327
2026-02-09 10:15:00,5012.5,5036.89990234375,5006.5,5030.7998046875,1484
2026-02-09 10:30:00,5007.0,5020.39990234375,5002.60009765625,5012.7998046875,1944
2026-02-09 10:45:00,5011.2998046875,5020.0,5003.5,5006.89990234375,805
2026-02-09 11:00:00,5012.7998046875,5020.0,5009.2001953125,5011.5,867
2026-02-09 11:15:00,5026.7001953125,5028.10009765625,5012.10009765625,5015.10009765625,785
2026-02-09 11:30:00,5029.5,5034.2001953125,5022.5,5027.39990234375,592
2026-02-09 11:45:00,5031.10009765625,5040.0,5028.39990234375,5029.7998046875,719
2026-02-09 12:00:00,5037.2998046875,5039.0,5028.2998046875,5032.0,674
2026-02-09 12:15:00,5035.5,5039.7001953125,5031.89990234375,5038.2001953125,586
2026-02-09 12:30:00,5037.2001953125,5043.60009765625,5031.0,5035.39990234375,799
2026-02-09 12:45:00,5035.7001953125,5041.39990234375,5029.5,5038.0,750
2026-02-09 13:00:00,5043.2998046875,5046.7998046875,5030.0,5035.39990234375,1740
2026-02-09 13:15:00,5026.39990234375,5046.60009765625,5025.10009765625,5044.5,1946
2026-02-09 13:30:00,5021.0,5037.2001953125,5016.89990234375,5027.0,1569
2026-02-09 13:45:00,5028.89990234375,5032.7998046875,5017.7001953125,5020.2001953125,1245
2026-02-09 14:00:00,5036.60009765625,5039.60009765625,5023.7998046875,5028.39990234375,1138
2026-02-09 14:15:00,5042.89990234375,5046.39990234375,5031.39990234375,5037.7001953125,1487
2026-02-09 14:30:00,5059.10009765625,5060.0,5036.0,5042.89990234375,4702
2026-02-09 14:45:00,5059.60009765625,5063.2998046875,5053.39990234375,5059.60009765625,2490
2026-02-09 15:00:00,5052.0,5064.5,5050.0,5059.5,2412
2026-02-09 15:15:00,5056.0,5058.7001953125,5045.60009765625,5052.39990234375,2155
2026-02-09 15:30:00,5079.5,5079.60009765625,5056.0,5056.0,3776
2026-02-09 15:45:00,5082.2001953125,5084.39990234375,5075.7001953125,5079.60009765625,1968
2026-02-09 16:00:00,5086.7998046875,5094.7001953125,5079.7998046875,5082.60009765625,2276
2026-02-09 16:15:00,5096.2998046875,5105.10009765625,5087.5,5087.5,4368
2026-02-09 16:30:00,5102.0,5103.39990234375,5090.60009765625,5096.60009765625,2060
2026-02-09 16:45:00,5096.89990234375,5106.7998046875,5094.39990234375,5102.60009765625,1722
2026-02-09 17:00:00,5087.2001953125,5099.7001953125,5085.0,5097.7998046875,1991
2026-02-09 17:15:00,5092.7001953125,5096.0,5087.39990234375,5087.39990234375,838
2026-02-09 17:30:00,5086.60009765625,5094.89990234375,5085.0,5092.60009765625,782
2026-02-09 17:45:00,5069.7998046875,5088.10009765625,5064.39990234375,5086.7998046875,2516
2026-02-09 18:00:00,5082.39990234375,5083.5,5070.0,5070.60009765625,1767
2026-02-09 18:15:00,5078.7998046875,5084.10009765625,5068.5,5082.39990234375,3372
2026-02-09 18:30:00,5080.5,5083.5,5072.7001953125,5078.5,1217
2026-02-09 18:45:00,5087.0,5088.39990234375,5075.2998046875,5080.7998046875,709
2026-02-09 19:00:00,5090.60009765625,5093.10009765625,5086.5,5086.89990234375,1044
2026-02-09 19:15:00,5098.10009765625,5098.7001953125,5088.2998046875,5090.2001953125,672
2026-02-09 19:30:00,5099.7998046875,5104.0,5096.89990234375,5098.89990234375,978
2026-02-09 19:45:00,5098.39990234375,5102.10009765625,5097.10009765625,5100.0,516
2026-02-09 20:00:00,5103.5,5105.0,5097.60009765625,5098.2998046875,748
2026-02-09 20:15:00,5104.0,5105.89990234375,5099.39990234375,5103.60009765625,874
2026-02-09 20:30:00,5102.10009765625,5111.10009765625,5096.60009765625,5104.0,1242
2026-02-09 20:45:00,5102.89990234375,5106.2998046875,5098.0,5102.7998046875,1151
2026-02-09 21:00:00,5086.7001953125,5107.10009765625,5085.89990234375,5103.60009765625,785
2026-02-09 21:15:00,5079.2998046875,5090.2998046875,5072.5,5087.39990234375,678
2026-02-09 21:30:00,5085.89990234375,5089.39990234375,5078.2998046875,5079.7001953125,583
2026-02-09 21:45:00,5084.2001953125,5091.10009765625,5080.10009765625,5086.39990234375,305
2026-02-09 23:00:00,5038.10009765625,5100.89990234375,5011.0,5084.2998046875,2207
2026-02-09 23:15:00,5047.0,5054.5,5025.60009765625,5039.10009765625,1127
2026-02-09 23:30:00,5064.0,5066.0,5037.89990234375,5046.7998046875,800
2026-02-09 23:45:00,5055.2998046875,5068.10009765625,5053.5,5063.60009765625,573
2026-02-10 00:00:00,5058.60009765625,5073.0,5056.10009765625,5056.39990234375,732
2026-02-10 00:15:00,5057.2001953125,5069.0,5055.0,5058.89990234375,361
2026-02-10 00:30:00,5047.39990234375,5064.5,5039.0,5058.5,826
2026-02-10 00:45:00,5042.60009765625,5048.39990234375,5031.0,5047.39990234375,810
2026-02-10 01:00:00,5054.2998046875,5058.89990234375,5035.5,5042.89990234375,1186
2026-02-10 01:15:00,5040.60009765625,5062.0,5036.7001953125,5055.5,774
2026-02-10 01:30:00,5051.39990234375,5056.2998046875,5037.5,5037.5,650
2026-02-10 01:45:00,5054.89990234375,5059.2001953125,5045.60009765625,5051.39990234375,999
2026-02-10 02:00:00,5064.89990234375,5069.0,5053.2001953125,5055.10009765625,738
2026-02-10 02:15:00,5069.39990234375,5079.0,5062.0,5064.89990234375,831
2026-02-10 02:30:00,5073.2001953125,5075.60009765625,5064.2001953125,5070.10009765625,467
2026-02-10 02:45:00,5061.2001953125,5075.0,5056.7001953125,5073.89990234375,903
2026-02-10 03:00:00,5049.10009765625,5060.7001953125,5047.2998046875,5059.0,578
2026-02-10 03:15:00,5044.2001953125,5051.2001953125,5039.0,5048.7001953125,840
2026-02-10 03:30:00,5047.2001953125,5054.10009765625,5042.2001953125,5043.89990234375,491
2026-02-10 03:45:00,5051.5,5052.2998046875,5036.5,5047.2001953125,542
2026-02-10 04:00:00,5045.89990234375,5052.89990234375,5039.5,5052.39990234375,424
2026-02-10 04:15:00,5050.60009765625,5052.7001953125,5044.7998046875,5045.5,301
2026-02-10 04:30:00,5049.0,5051.0,5044.0,5049.89990234375,242
2026-02-10 04:45:00,5052.7998046875,5056.2998046875,5046.89990234375,5048.0,317
2026-02-10 05:00:00,5052.0,5057.39990234375,5049.10009765625,5052.89990234375,162
2026-02-10 05:15:00,5041.2998046875,5051.5,5032.7998046875,5050.5,761
2026-02-10 05:30:00,5054.5,5054.60009765625,5034.5,5040.5,859
2026-02-10 05:45:00,5061.89990234375,5064.0,5052.89990234375,5054.89990234375,718
2026-02-10 06:00:00,5058.60009765625,5068.39990234375,5055.60009765625,5061.39990234375,540
2026-02-10 06:15:00,5053.60009765625,5059.7998046875,5052.7001953125,5058.7998046875,312
2026-02-10 06:30:00,5051.2001953125,5060.89990234375,5048.60009765625,5053.39990234375,459
2026-02-10 06:45:00,5045.7998046875,5058.7001953125,5041.0,5050.39990234375,879
2026-02-10 07:00:00,5050.0,5055.7001953125,5040.0,5045.7001953125,585
2026-02-10 07:15:00,5046.2998046875,5053.5,5040.7998046875,5049.7001953125,557
2026-02-10 07:30:00,5050.39990234375,5056.2001953125,5046.0,5046.7998046875,455
2026-02-10 07:45:00,5055.2998046875,5057.10009765625,5047.5,5050.89990234375,477
2026-02-10 08:00:00,5054.39990234375,5063.0,5049.60009765625,5054.5,746
2026-02-10 08:15:00,5057.2998046875,5063.0,5054.2001953125,5054.7998046875,362
2026-02-10 08:30:00,5070.89990234375,5071.0,5056.0,5057.5,650
2026-02-10 08:45:00,5063.7998046875,5077.10009765625,5060.2001953125,5070.2998046875,1357
2026-02-10 09:00:00,5073.60009765625,5085.2998046875,5062.60009765625,5063.60009765625,959
2026-02-10 09:15:00,5074.5,5077.7998046875,5067.39990234375,5074.10009765625,764
2026-02-10 09:30:00,5071.2001953125,5075.5,5067.5,5074.5,676
2026-02-10 09:45:00,5068.5,5072.0,5063.39990234375,5071.2001953125,1115
2026-02-10 10:00:00,5063.89990234375,5075.0,5063.39990234375,5068.60009765625,1138
2026-02-10 10:15:00,5069.7998046875,5073.2998046875,5059.89990234375,5063.2998046875,1270
2026-02-10 10:30:00,5077.2001953125,5081.2998046875,5068.10009765625,5069.7998046875,1621
2026-02-10 10:45:00,5070.2001953125,5080.2001953125,5066.7998046875,5077.7998046875,817
2026-02-10 11:00:00,5073.7001953125,5076.2001953125,5067.39990234375,5069.5,474
2026-02-10 11:15:00,5071.7001953125,5074.7998046875,5068.39990234375,5073.7998046875,308
2026-02-10 11:30:00,5070.7001953125,5077.0,5069.0,5070.39990234375,806
2026-02-10 11:45:00,5079.0,5081.0,5068.2001953125,5070.39990234375,822
2026-02-10 12:00:00,5067.2001953125,5080.7001953125,5064.39990234375,5079.7001953125,1077
2026-02-10 12:15:00,5069.0,5075.0,5065.39990234375,5066.7998046875,881
2026-02-10 12:30:00,5051.7998046875,5070.89990234375,5044.7001953125,5070.0,1403
2026-02-10 12:45:00,5054.89990234375,5058.0,5042.0,5051.7998046875,2031
2026-02-10 13:00:00,5064.7998046875,5064.89990234375,5048.60009765625,5055.0,1807
2026-02-10 13:15:00,5059.2998046875,5069.0,5055.5,5064.2001953125,1270
2026-02-10 13:30:00,5074.89990234375,5082.39990234375,5060.7001953125,5060.7001953125,2468
2026-02-10 13:45:00,5074.10009765625,5080.2001953125,5071.89990234375,5075.89990234375,1083
2026-02-10 14:00:00,5079.5,5082.0,5069.39990234375,5074.10009765625,1282
2026-02-10 14:15:00,5093.89990234375,5098.2998046875,5079.60009765625,5079.60009765625,2740
2026-02-10 14:30:00,5079.60009765625,5102.7001953125,5076.7998046875,5093.5,3492
2026-02-10 14:45:00,5063.0,5080.60009765625,5043.2001953125,5080.0,5617
2026-02-10 15:00:00,5065.60009765625,5066.39990234375,5051.39990234375,5062.0,3265
2026-02-10 15:15:00,5055.10009765625,5070.89990234375,5055.0,5064.7998046875,1670
2026-02-10 15:30:00,5036.7001953125,5060.0,5021.2998046875,5054.2998046875,5373
2026-02-10 15:45:00,5041.60009765625,5053.60009765625,5034.2001953125,5036.39990234375,2169
2026-02-10 16:00:00,5043.60009765625,5045.7998046875,5028.7998046875,5042.7001953125,2048
2026-02-10 16:15:00,5033.10009765625,5047.2998046875,5028.2001953125,5043.7001953125,2149
2026-02-10 16:30:00,5045.0,5046.39990234375,5031.0,5032.39990234375,1250
2026-02-10 16:45:00,5046.5,5049.7001953125,5038.7998046875,5045.10009765625,983
2026-02-10 17:00:00,5047.60009765625,5050.5,5043.60009765625,5046.39990234375,1004
2026-02-10 17:15:00,5060.0,5062.0,5047.2998046875,5047.89990234375,1396
2026-02-10 17:30:00,5060.89990234375,5062.60009765625,5055.0,5060.0,767
2026-02-10 17:45:00,5049.7001953125,5064.0,5048.2998046875,5061.2001953125,954
2026-02-10 18:00:00,5039.60009765625,5051.2998046875,5036.7998046875,5049.10009765625,1554
2026-02-10 18:15:00,5031.39990234375,5041.89990234375,5026.7001953125,5039.2001953125,3487
2026-02-10 18:30:00,5038.10009765625,5039.2001953125,5027.2001953125,5031.39990234375,1257
2026-02-10 18:45:00,5036.0,5039.89990234375,5029.2998046875,5037.60009765625,691
2026-02-10 19:00:00,5035.10009765625,5036.2998046875,5031.39990234375,5035.2998046875,576
2026-02-10 19:15:00,5043.60009765625,5044.7998046875,5035.0,5035.7001953125,892
2026-02-10 19:30:00,5047.2998046875,5053.2001953125,5044.10009765625,5044.10009765625,982
2026-02-10 19:45:00,5050.7998046875,5053.2001953125,5047.5,5047.7998046875,372
2026-02-10 20:00:00,5048.5,5052.5,5042.89990234375,5050.5,515
2026-02-10 20:15:00,5051.0,5056.7001953125,5045.7998046875,5048.7001953125,740
2026-02-10 20:30:00,5058.7998046875,5059.2998046875,5050.0,5051.10009765625,664
2026-02-10 20:45:00,5052.89990234375,5068.89990234375,5050.2001953125,5058.7998046875,2076
2026-02-10 21:00:00,5052.0,5055.0,5048.39990234375,5052.0,453
2026-02-10 21:15:00,5048.39990234375,5051.7001953125,5045.2001953125,5051.0,221
2026-02-10 21:30:00,5046.7998046875,5050.7998046875,5046.0,5048.0,140
2026-02-10 21:45:00,5047.89990234375,5050.39990234375,5043.0,5047.2998046875,275
2026-02-10 23:00:00,5056.7998046875,5060.0,5046.2998046875,5048.0,162
2026-02-10 23:15:00,5070.10009765625,5077.39990234375,5056.10009765625,5056.7998046875,844
2026-02-10 23:30:00,5065.0,5070.5,5061.0,5069.10009765625,278
2026-02-10 23:45:00,5064.10009765625,5069.7998046875,5061.7998046875,5065.39990234375,224
2026-02-11 00:00:00,5056.60009765625,5067.60009765625,5053.2001953125,5064.7001953125,762
2026-02-11 00:15:00,5061.89990234375,5063.60009765625,5050.89990234375,5056.5,541
2026-02-11 00:30:00,5064.7001953125,5072.10009765625,5062.10009765625,5063.2998046875,437
2026-02-11 00:45:00,5060.89990234375,5065.2001953125,5057.60009765625,5064.0,426
2026-02-11 01:00:00,5063.7001953125,5070.2001953125,5053.39990234375,5060.39990234375,749
2026-02-11 01:15:00,5060.39990234375,5068.89990234375,5056.39990234375,5065.2001953125,415
2026-02-11 01:30:00,5066.60009765625,5068.60009765625,5055.2001953125,5060.5,452
2026-02-11 01:45:00,5075.0,5075.89990234375,5063.7998046875,5066.10009765625,749
2026-02-11 02:00:00,5059.89990234375,5079.89990234375,5058.0,5075.60009765625,839
2026-02-11 02:15:00,5065.0,5070.0,5055.60009765625,5059.7998046875,547
2026-02-11 02:30:00,5077.39990234375,5077.39990234375,5064.7001953125,5064.7998046875,363
2026-02-11 02:45:00,5079.2001953125,5081.0,5074.10009765625,5077.39990234375,754
2026-02-11 03:00:00,5072.39990234375,5079.7001953125,5072.39990234375,5078.60009765625,450
2026-02-11 03:15:00,5080.39990234375,5082.7998046875,5068.2001953125,5073.10009765625,676
2026-02-11 03:30:00,5082.2998046875,5084.5,5077.10009765625,5080.2998046875,512
2026-02-11 03:45:00,5079.0,5085.0,5077.2998046875,5082.89990234375,386
2026-02-11 04:00:00,5081.5,5083.2998046875,5077.2998046875,5078.60009765625,347
2026-02-11 04:15:00,5082.7001953125,5083.7001953125,5080.5,5082.60009765625,186
2026-02-11 04:30:00,5076.0,5083.5,5075.0,5082.89990234375,250
2026-02-11 04:45:00,5073.2001953125,5080.2998046875,5070.0,5076.0,489
2026-02-11 05:00:00,5072.2998046875,5074.5,5067.60009765625,5071.2001953125,467
2026-02-11 05:15:00,5077.10009765625,5078.2001953125,5070.10009765625,5072.10009765625,335
2026-02-11 05:30:00,5086.2998046875,5088.10009765625,5076.39990234375,5077.60009765625,812
2026-02-11 05:45:00,5076.7998046875,5086.89990234375,5070.10009765625,5086.2001953125,816
2026-02-11 06:00:00,5078.60009765625,5081.2998046875,5073.60009765625,5076.60009765625,362
2026-02-11 06:15:00,5080.89990234375,5086.0,5077.60009765625,5078.2998046875,412
2026-02-11 06:30:00,5077.89990234375,5084.0,5077.2001953125,5079.7998046875,486
2026-02-11 06:45:00,5088.2998046875,5088.7998046875,5076.0,5077.7998046875,909
2026-02-11 07:00:00,5083.2998046875,5093.2998046875,5080.7998046875,5088.39990234375,2136
2026-02-11 07:15:00,5083.89990234375,5089.7998046875,5076.39990234375,5083.2998046875,1668
2026-02-11 07:30:00,5078.39990234375,5086.2001953125,5076.2998046875,5083.60009765625,1456
2026-02-11 07:45:00,5078.7001953125,5080.0,5072.2001953125,5078.5,670
2026-02-11 08:00:00,5075.7001953125,5084.10009765625,5075.2998046875,5078.89990234375,630
2026-02-11 08:15:00,5075.0,5079.10009765625,5073.89990234375,5075.7001953125,384
2026-02-11 08:30:00,5076.10009765625,5077.5,5068.7998046875,5075.2998046875,749
2026-02-11 08:45:00,5077.0,5078.5,5073.89990234375,5076.0,455
2026-02-11 09:00:00,5074.89990234375,5079.2001953125,5070.39990234375,5077.39990234375,449
2026-02-11 09:15:00,5078.10009765625,5078.10009765625,5073.2001953125,5075.10009765625,524
2026-02-11 09:30:00,5088.10009765625,5090.5,5077.2998046875,5078.0,1264
2026-02-11 09:45:00,5086.60009765625,5095.89990234375,5082.7001953125,5088.2998046875,1533
2026-02-11 10:00:00,5092.7001953125,5093.89990234375,5086.0,5086.5,708
2026-02-11 10:15:00,5095.0,5100.7001953125,5092.10009765625,5093.10009765625,1751
2026-02-11 10:30:00,5124.89990234375,5128.7998046875,5092.0,5094.7998046875,3529
2026-02-11 10:45:00,5118.60009765625,5127.10009765625,5116.2998046875,5124.7001953125,3437
2026-02-11 11:00:00,5114.5,5121.10009765625,5107.39990234375,5118.7998046875,1814
2026-02-11 11:15:00,5132.39990234375,5133.60009765625,5115.0,5115.0,1825
2026-02-11 11:30:00,5134.2001953125,5135.2998046875,5125.7998046875,5133.10009765625,1224
2026-02-11 11:45:00,5136.7998046875,5141.7998046875,5133.5,5134.39990234375,1749
2026-02-11 12:00:00,5131.2998046875,5144.5,5123.7998046875,5137.39990234375,1811
2026-02-11 12:15:00,5119.89990234375,5132.2998046875,5111.5,5131.60009765625,1624
2026-02-11 12:30:00,5091.89990234375,5124.0,5071.39990234375,5120.60009765625,5364
2026-02-11 12:45:00,5107.2001953125,5108.5,5088.60009765625,5091.39990234375,2655
2026-02-11 13:00:00,5106.0,5111.5,5095.5,5107.5,1987
2026-02-11 13:15:00,5108.89990234375,5115.0,5087.10009765625,5105.60009765625,2409
2026-02-11 13:30:00,5083.39990234375,5104.39990234375,5036.2998046875,5104.39990234375,9386
2026-02-11 13:45:00,5089.60009765625,5096.0,5077.2998046875,5082.39990234375,2670
2026-02-11 14:00:00,5097.0,5102.39990234375,5084.2998046875,5088.2001953125,2272
2026-02-11 14:15:00,5094.0,5107.10009765625,5089.2998046875,5097.5,2178
2026-02-11 14:30:00,5065.2001953125,5100.10009765625,5058.7001953125,5093.89990234375,3936
2026-02-11 14:45:00,5082.2998046875,5088.39990234375,5064.2998046875,5065.39990234375,2534
2026-02-11 15:00:00,5090.2998046875,5105.5,5076.0,5082.2998046875,3862
2026-02-11 15:15:00,5072.60009765625,5098.2998046875,5066.7001953125,5090.60009765625,2551
2026-02-11 15:30:00,5071.0,5081.0,5062.0,5071.10009765625,2648
2026-02-11 15:45:00,5084.2001953125,5085.89990234375,5067.89990234375,5070.7998046875,1763
2026-02-11 16:00:00,5079.10009765625,5087.89990234375,5074.5,5083.10009765625,1441
2026-02-11 16:15:00,5085.2001953125,5085.89990234375,5065.5,5079.7998046875,1681
2026-02-11 16:30:00,5097.89990234375,5101.7998046875,5078.60009765625,5084.0,2624
2026-02-11 16:45:00,5099.2001953125,5100.2998046875,5095.0,5097.89990234375,1246
2026-02-11 17:00:00,5109.0,5110.2001953125,5091.39990234375,5098.7001953125,2310
2026-02-11 17:15:00,5112.39990234375,5116.7998046875,5101.7998046875,5109.7001953125,1923
2026-02-11 17:30:00,5120.5,5123.39990234375,5106.0,5111.60009765625,1887
2026-02-11 17:45:00,5116.5,5122.0,5112.60009765625,5120.5,1482
2026-02-11 18:00:00,5098.0,5117.89990234375,5090.10009765625,5115.7998046875,2290
2026-02-11 18:15:00,5098.2001953125,5104.0,5093.0,5097.2001953125,3593
2026-02-11 18:30:00,5107.7001953125,5110.39990234375,5095.2001953125,5097.89990234375,2495
2026-02-11 18:45:00,5107.39990234375,5112.2998046875,5104.2998046875,5107.5,985
2026-02-11 19:00:00,5114.10009765625,5117.7001953125,5106.60009765625,5107.7998046875,961
2026-02-11 19:15:00,5116.0,5119.39990234375,5112.60009765625,5114.2998046875,680
2026-02-11 19:30:00,5110.2001953125,5116.60009765625,5106.10009765625,5116.0,846
2026-02-11 19:45:00,5106.5,5113.39990234375,5101.10009765625,5110.7998046875,1024
2026-02-11 20:00:00,5112.39990234375,5112.7998046875,5104.39990234375,5106.2001953125,407
2026-02-11 20:15:00,5109.2001953125,5113.39990234375,5107.7998046875,5112.7001953125,308
2026-02-11 20:30:00,5110.89990234375,5111.7998046875,5102.39990234375,5108.7998046875,509
2026-02-11 20:45:00,5111.39990234375,5114.7998046875,5108.89990234375,5111.5,621
2026-02-11 21:00:00,5112.60009765625,5113.7001953125,5108.89990234375,5111.39990234375,264
2026-02-11 21:15:00,5106.89990234375,5118.0,5101.89990234375,5113.10009765625,749
2026-02-11 21:30:00,5104.7998046875,5109.0,5094.10009765625,5107.2001953125,482
2026-02-11 21:45:00,5107.7998046875,5109.89990234375,5101.39990234375,5104.5,305
2026-02-11 23:00:00,5086.0,5122.7998046875,5074.0,5107.2998046875,1176
2026-02-11 23:15:00,5091.39990234375,5093.7998046875,5081.2001953125,5085.10009765625,696
2026-02-11 23:30:00,5086.5,5092.60009765625,5082.0,5090.7001953125,238
2026-02-11 23:45:00,5083.5,5098.5,5081.60009765625,5098.5,510
2026-02-12 00:00:00,5079.2001953125,5090.0,5071.0,5083.5,992
2026-02-12 00:15:00,5081.5,5088.39990234375,5075.39990234375,5079.10009765625,619
2026-02-12 00:30:00,5081.10009765625,5088.0,5077.10009765625,5083.0,336
2026-02-12 00:45:00,5084.89990234375,5087.7001953125,5080.0,5081.2998046875,400
2026-02-12 01:00:00,5071.0,5084.89990234375,5065.0,5083.0,965
2026-02-12 01:15:00,5080.0,5083.2001953125,5068.0,5070.10009765625,594
2026-02-12 01:30:00,5082.5,5085.7998046875,5076.2001953125,5079.2998046875,579
2026-02-12 01:45:00,5084.7998046875,5084.7998046875,5074.2998046875,5081.89990234375,683
2026-02-12 02:00:00,5089.0,5093.7001953125,5084.2998046875,5084.89990234375,612
2026-02-12 02:15:00,5087.2998046875,5094.0,5082.7998046875,5088.7001953125,482
2026-02-12 02:30:00,5079.2001953125,5090.7001953125,5077.0,5087.39990234375,414
2026-02-12 02:45:00,5086.7001953125,5087.7001953125,5075.5,5078.5,520
2026-02-12 03:00:00,5089.60009765625,5096.0,5083.60009765625,5085.7001953125,433
2026-02-12 03:15:00,5081.2998046875,5092.0,5075.7001953125,5089.10009765625,738
2026-02-12 03:30:00,5086.2998046875,5088.0,5079.7998046875,5081.2001953125,273
2026-02-12 03:45:00,5078.2001953125,5086.2998046875,5076.2001953125,5086.2998046875,353
2026-02-12 04:00:00,5076.2001953125,5080.7998046875,5073.39990234375,5077.7001953125,259
2026-02-12 04:15:00,5077.7001953125,5079.10009765625,5072.2001953125,5076.0,361
2026-02-12 04:30:00,5078.7998046875,5081.7001953125,5075.2001953125,5076.60009765625,146
2026-02-12 04:45:00,5090.39990234375,5091.10009765625,5076.2001953125,5078.7001953125,349
2026-02-12 05:00:00,5095.7998046875,5099.2998046875,5086.2001953125,5090.0,983
2026-02-12 05:15:00,5092.2998046875,5099.10009765625,5091.60009765625,5096.0,441
2026-02-12 05:30:00,5092.7998046875,5093.39990234375,5085.7001953125,5092.7001953125,673
2026-02-12 05:45:00,5096.2998046875,5097.39990234375,5088.60009765625,5093.89990234375,312
2026-02-12 06:00:00,5090.7998046875,5097.7998046875,5083.60009765625,5097.2001953125,460
2026-02-12 06:15:00,5077.0,5092.0,5077.0,5091.0,684
2026-02-12 06:30:00,5080.0,5080.0,5068.89990234375,5076.89990234375,1254
2026-02-12 06:45:00,5081.10009765625,5083.60009765625,5075.10009765625,5080.0,878
2026-02-12 07:00:00,5084.10009765625,5087.5,5073.60009765625,5080.89990234375,840
2026-02-12 07:15:00,5083.60009765625,5086.2998046875,5078.0,5085.0,567
2026-02-12 07:30:00,5079.60009765625,5085.39990234375,5079.2998046875,5083.60009765625,317
2026-02-12 07:45:00,5085.2998046875,5087.0,5078.10009765625,5079.0,474
2026-02-12 08:00:00,5089.2998046875,5095.0,5085.2998046875,5085.7001953125,902
2026-02-12 08:15:00,5082.0,5091.2001953125,5082.0,5090.2001953125,544
2026-02-12 08:30:00,5084.5,5084.89990234375,5073.5,5081.7998046875,769
2026-02-12 08:45:00,5090.0,5093.60009765625,5081.5,5084.60009765625,815
2026-02-12 09:00:00,5094.89990234375,5097.60009765625,5087.2998046875,5089.5,1107
2026-02-12 09:15:00,5092.7998046875,5099.2001953125,5092.60009765625,5094.89990234375,632
2026-02-12 09:30:00,5094.7001953125,5095.89990234375,5090.0,5093.2998046875,528
2026-02-12 09:45:00,5095.0,5102.5,5093.10009765625,5094.89990234375,924
2026-02-12 10:00:00,5088.0,5099.2998046875,5085.60009765625,5094.7998046875,1112
2026-02-12 10:15:00,5086.10009765625,5088.5,5085.10009765625,5087.7001953125,614
2026-02-12 10:30:00,5083.89990234375,5085.7001953125,5083.10009765625,5084.7998046875,1204
2026-02-12 10:45:00,5083.7998046875,5084.5,5077.0,5083.7998046875,1175
2026-02-12 11:00:00,5082.7998046875,5087.2998046875,5080.60009765625,5084.0,492
2026-02-12 11:15:00,5084.7001953125,5087.7998046875,5082.89990234375,5082.89990234375,309
2026-02-12 11:30:00,5085.60009765625,5086.7998046875,5083.0,5084.7001953125,218
2026-02-12 11:45:00,5085.60009765625,5090.2001953125,5083.5,5086.10009765625,534
2026-02-12 12:00:00,5083.7998046875,5088.39990234375,5078.2998046875,5086.5,767
2026-02-12 12:15:00,5084.2998046875,5086.2001953125,5081.89990234375,5083.7998046875,527
2026-02-12 12:30:00,5079.5,5090.7998046875,5076.2001953125,5084.60009765625,849
2026-02-12 12:45:00,5074.2001953125,5080.2001953125,5070.60009765625,5078.89990234375,1530
2026-02-12 13:00:00,5087.5,5087.7001953125,5073.10009765625,5074.39990234375,1396
2026-02-12 13:15:00,5086.7001953125,5096.5,5084.10009765625,5087.10009765625,1931
2026-02-12 13:30:00,5098.5,5100.2998046875,5082.5,5087.10009765625,1810
2026-02-12 13:45:00,5098.2001953125,5106.7001953125,5097.60009765625,5098.60009765625,1718
2026-02-12 14:00:00,5088.7001953125,5101.10009765625,5084.7001953125,5098.2001953125,2879
2026-02-12 14:15:00,5082.60009765625,5092.2001953125,5078.0,5088.89990234375,2232
2026-02-12 14:30:00,5078.2001953125,5094.7998046875,5076.5,5083.10009765625,2796
2026-02-12 14:45:00,5067.0,5084.60009765625,5061.2998046875,5078.89990234375,3804
2026-02-12 15:00:00,5087.5,5090.0,5061.7001953125,5066.39990234375,3910
2026-02-12 15:15:00,5088.39990234375,5092.10009765625,5084.10009765625,5087.10009765625,2258
2026-02-12 15:30:00,5093.2998046875,5095.2001953125,5087.89990234375,5088.2998046875,1966
2026-02-12 15:45:00,5083.89990234375,5098.0,5082.7998046875,5093.89990234375,2320
2026-02-12 16:00:00,4972.89990234375,5091.60009765625,4965.2998046875,5083.5,12350
2026-02-12 16:15:00,4919.2001953125,4987.7998046875,4900.0,4972.89990234375,21295
2026-02-12 16:30:00,4976.0,4990.7998046875,4915.89990234375,4918.0,11949
2026-02-12 16:45:00,4976.2998046875,4983.60009765625,4951.2001953125,4974.2998046875,5918
2026-02-12 17:00:00,4980.10009765625,4988.7998046875,4960.5,4974.5,4353
2026-02-12 17:15:00,4985.5,5004.39990234375,4976.2001953125,4980.0,3822
2026-02-12 17:30:00,4990.0,4996.2001953125,4978.2001953125,4985.2001953125,3127
2026-02-12 17:45:00,4961.5,4992.0,4959.89990234375,4990.60009765625,2665
2026-02-12 18:00:00,4954.0,4972.0,4941.2998046875,4961.7001953125,3664
2026-02-12 18:15:00,4948.5,4955.7998046875,4926.89990234375,4953.39990234375,5490
2026-02-12 18:30:00,4960.39990234375,4967.0,4945.7001953125,4949.2998046875,2516
2026-02-12 18:45:00,4955.89990234375,4972.39990234375,4953.7001953125,4960.7998046875,1444
2026-02-12 19:00:00,4953.2998046875,4962.0,4947.10009765625,4956.10009765625,1159
2026-02-12 19:15:00,4951.5,4965.0,4949.60009765625,4953.39990234375,1105
2026-02-12 19:30:00,4966.89990234375,4971.2001953125,4951.5,4952.10009765625,865
2026-02-12 19:45:00,4965.0,4978.2998046875,4963.89990234375,4966.7001953125,1390
2026-02-12 20:00:00,4960.60009765625,4968.39990234375,4952.0,4965.2998046875,739
2026-02-12 20:15:00,4943.2998046875,4960.7998046875,4941.39990234375,4960.7998046875,1044
2026-02-12 20:30:00,4941.10009765625,4948.7001953125,4931.0,4942.5,1364
2026-02-12 20:45:00,4935.10009765625,4945.7998046875,4931.2001953125,4941.89990234375,1484
2026-02-12 21:00:00,4937.39990234375,4943.60009765625,4932.0,4935.7001953125,885
2026-02-12 21:15:00,4940.60009765625,4945.0,4933.39990234375,4936.7001953125,557
2026-02-12 21:30:00,4939.10009765625,4947.0,4938.0,4940.2001953125,479
2026-02-12 21:45:00,4941.39990234375,4947.2998046875,4935.7998046875,4937.89990234375,393
2026-02-12 23:00:00,4930.7998046875,4951.5,4907.10009765625,4950.0,788
2026-02-12 23:15:00,4940.2998046875,4948.10009765625,4931.10009765625,4931.10009765625,897
2026-02-12 23:30:00,4933.39990234375,4946.0,4925.5,4939.2998046875,910
2026-02-12 23:45:00,4939.7001953125,4939.7001953125,4924.60009765625,4933.89990234375,411
2026-02-13 00:00:00,4960.89990234375,4967.7001953125,4932.10009765625,4938.5,1262
2026-02-13 00:15:00,4955.39990234375,4966.39990234375,4952.7998046875,4960.10009765625,544
2026-02-13 00:30:00,4959.10009765625,4965.0,4950.60009765625,4955.60009765625,755
2026-02-13 00:45:00,4946.7001953125,4963.2001953125,4945.2001953125,4958.7001953125,582
2026-02-13 01:00:00,4983.7998046875,4986.0,4945.60009765625,4946.7001953125,1720
2026-02-13 01:15:00,4988.5,4998.89990234375,4980.7001953125,4984.2001953125,1225
2026-02-13 01:30:00,4998.89990234375,5001.39990234375,4983.0,4987.7001953125,1248
2026-02-13 01:45:00,4999.7998046875,5007.7998046875,4994.10009765625,4999.7001953125,1336
2026-02-13 02:00:00,4997.5,5003.89990234375,4991.10009765625,5000.2998046875,697
2026-02-13 02:15:00,5005.2001953125,5005.2001953125,4994.7998046875,4996.60009765625,344
2026-02-13 02:30:00,5002.60009765625,5008.39990234375,4992.0,5004.60009765625,989
2026-02-13 02:45:00,5008.0,5011.0,4991.0,5002.2001953125,936
2026-02-13 03:00:00,5001.7001953125,5008.5,4999.0,5007.7998046875,516
2026-02-13 03:15:00,4996.2998046875,5003.2001953125,4992.0,5002.0,407
2026-02-13 03:30:00,4996.0,5002.5,4993.7001953125,4996.60009765625,302
2026-02-13 03:45:00,5001.60009765625,5003.39990234375,4994.39990234375,4995.7001953125,258
2026-02-13 04:00:00,5004.89990234375,5006.7001953125,4994.5,5000.0,447
2026-02-13 04:15:00,5004.10009765625,5016.39990234375,5003.60009765625,5005.5,441
2026-02-13 04:30:00,4996.10009765625,5005.0,4994.39990234375,5004.60009765625,314
2026-02-13 04:45:00,4994.0,4997.2001953125,4991.7001953125,4996.7001953125,213
2026-02-13 05:00:00,4997.2001953125,5001.39990234375,4993.10009765625,4996.10009765625,299
2026-02-13 05:15:00,4999.2001953125,5005.39990234375,4984.10009765625,4997.60009765625,787
2026-02-13 05:30:00,4983.0,4999.10009765625,4978.0,4999.10009765625,1126
2026-02-13 05:45:00,4965.39990234375,4984.2001953125,4963.2001953125,4983.60009765625,1272
2026-02-13 06:00:00,4976.7001953125,4980.89990234375,4964.39990234375,4964.60009765625,934
2026-02-13 06:15:00,4972.39990234375,4980.10009765625,4968.0,4977.2998046875,676
2026-02-13 06:30:00,4973.39990234375,4980.7001953125,4969.39990234375,4971.2998046875,491
2026-02-13 06:45:00,4986.7001953125,4988.0,4969.10009765625,4974.60009765625,981
2026-02-13 07:00:00,4979.10009765625,4987.5,4970.0,4985.89990234375,1245
2026-02-13 07:15:00,4987.39990234375,4996.0,4978.0,4978.7001953125,1367
2026-02-13 07:30:00,4990.2001953125,5001.89990234375,4985.2998046875,4988.0,959
2026-02-13 07:45:00,4994.60009765625,5001.60009765625,4988.60009765625,4990.2998046875,674
2026-02-13 08:00:00,4998.7998046875,5009.5,4991.2001953125,4995.0,1087
2026-02-13 08:15:00,5001.7998046875,5005.89990234375,4996.2998046875,4999.2001953125,589
2026-02-13 08:30:00,5002.5,5005.39990234375,4998.2001953125,5001.89990234375,555
2026-02-13 08:45:00,5001.89990234375,5006.60009765625,4990.0,5003.7001953125,942
2026-02-13 09:00:00,4997.39990234375,5002.7998046875,4996.0,5002.7998046875,721
2026-02-13 09:15:00,4984.89990234375,5001.60009765625,4984.0,4997.5,890
2026-02-13 09:30:00,4991.0,4994.39990234375,4981.2001953125,4984.0,586
2026-02-13 09:45:00,4990.10009765625,4997.0,4988.89990234375,4990.39990234375,793
2026-02-13 10:00:00,4992.7001953125,4998.0,4987.39990234375,4990.0,1040
2026-02-13 10:15:00,4997.2001953125,5000.89990234375,4986.7998046875,4993.0,1070
2026-02-13 10:30:00,4989.5,4998.5,4988.10009765625,4998.2001953125,918
2026-02-13 10:45:00,4970.7998046875,4990.7001953125,4967.2001953125,4989.2998046875,1712
2026-02-13 11:00:00,4972.2001953125,4974.2001953125,4961.0,4970.7998046875,1955
2026-02-13 11:15:00,4965.0,4972.2998046875,4952.7998046875,4971.39990234375,1814
2026-02-13 11:30:00,4964.2001953125,4968.7998046875,4955.2998046875,4965.60009765625,1154
2026-02-13 11:45:00,4973.39990234375,4975.0,4959.2998046875,4963.2998046875,760
2026-02-13 12:00:00,4984.0,4984.39990234375,4971.7998046875,4973.10009765625,1383
2026-02-13 12:15:00,4987.5,4993.0,4982.89990234375,4983.10009765625,982
2026-02-13 12:30:00,4985.89990234375,4993.7998046875,4983.60009765625,4987.7001953125,690
2026-02-13 12:45:00,4988.7998046875,4994.0,4983.7001953125,4986.7001953125,871
2026-02-13 13:00:00,4987.5,4996.2998046875,4985.0,4990.0,639
2026-02-13 13:15:00,4988.2001953125,4991.10009765625,4977.10009765625,4987.5,1560
2026-02-13 13:30:00,5005.39990234375,5024.5,4987.0,4988.2001953125,5870
2026-02-13 13:45:00,5008.39990234375,5013.89990234375,4993.5,5005.7001953125,2167
2026-02-13 14:00:00,5020.10009765625,5022.0,5006.10009765625,5007.2001953125,2015
2026-02-13 14:15:00,5024.10009765625,5029.5,5016.39990234375,5020.2998046875,2156
2026-02-13 14:30:00,5012.89990234375,5036.7001953125,4986.10009765625,5024.5,6369
2026-02-13 14:45:00,5017.39990234375,5028.60009765625,5010.0,5012.5,3285
2026-02-13 15:00:00,5025.0,5034.2998046875,5014.0,5017.39990234375,3696
2026-02-13 15:15:00,5032.2998046875,5034.39990234375,5015.7001953125,5026.2001953125,2148
2026-02-13 15:30:00,5028.7998046875,5043.2998046875,5026.7998046875,5032.0,2755
2026-02-13 15:45:00,4998.7001953125,5032.60009765625,4995.2001953125,5029.5,3405
2026-02-13 16:00:00,5019.60009765625,5019.60009765625,4997.39990234375,4999.0,2196
2026-02-13 16:15:00,5050.60009765625,5056.7998046875,5018.2001953125,5019.0,4702
2026-02-13 16:30:00,5039.39990234375,5051.2998046875,5034.2001953125,5050.7001953125,2980
2026-02-13 16:45:00,5030.0,5041.2998046875,5027.2001953125,5039.5,1313
2026-02-13 17:00:00,5037.5,5045.5,5029.89990234375,5030.0,1315
2026-02-13 17:15:00,5039.5,5041.7998046875,5027.7998046875,5037.2998046875,1045
2026-02-13 17:30:00,5044.7998046875,5051.5,5038.0,5039.5,1681
2026-02-13 17:45:00,5043.5,5046.39990234375,5038.7001953125,5045.0,884
2026-02-13 18:00:00,5051.7998046875,5052.60009765625,5038.0,5043.5,1138
2026-02-13 18:15:00,5044.7001953125,5054.0,5042.5,5051.39990234375,2390
2026-02-13 18:30:00,5052.7998046875,5055.2001953125,5042.7001953125,5045.0,1415
2026-02-13 18:45:00,5054.10009765625,5058.89990234375,5049.10009765625,5052.60009765625,1401
2026-02-13 19:00:00,5062.2998046875,5069.10009765625,5053.10009765625,5054.7001953125,1605
2026-02-13 19:15:00,5063.7001953125,5068.0,5059.0,5062.0,863
2026-02-13 19:30:00,5057.2998046875,5065.5,5055.5,5063.89990234375,989
2026-02-13 19:45:00,5046.39990234375,5060.7998046875,5046.39990234375,5057.60009765625,1079
2026-02-13 20:00:00,5051.89990234375,5057.10009765625,5045.10009765625,5046.2001953125,1055
2026-02-13 20:15:00,5051.2998046875,5055.7998046875,5049.10009765625,5051.10009765625,1042
2026-02-13 20:30:00,5052.7001953125,5056.39990234375,5046.7998046875,5050.7998046875,967
2026-02-13 20:45:00,5054.0,5056.2998046875,5043.2998046875,5052.2998046875,1123
2026-02-13 21:00:00,5055.0,5057.89990234375,5051.39990234375,5053.89990234375,495
2026-02-13 21:15:00,5055.0,5056.2001953125,5052.10009765625,5055.10009765625,216
2026-02-13 21:30:00,5060.10009765625,5060.60009765625,5052.60009765625,5054.2001953125,263
2026-02-13 21:45:00,5046.2998046875,5067.39990234375,5046.2998046875,5060.0,738
2026-02-15 23:15:00,5048.10009765625,5050.2998046875,5040.2998046875,5046.2998046875,134
2026-02-15 23:30:00,5039.2998046875,5051.60009765625,5036.10009765625,5047.89990234375,450
2026-02-15 23:45:00,5038.5,5040.7998046875,5031.60009765625,5039.0,333
2026-02-16 00:00:00,5035.7001953125,5040.7998046875,5018.2001953125,5038.39990234375,972
2026-02-16 00:15:00,5031.0,5040.2998046875,5027.0,5036.60009765625,313
2026-02-16 00:30:00,5033.10009765625,5033.7998046875,5027.60009765625,5031.7001953125,223
2026-02-16 00:45:00,5035.0,5043.0,5029.7001953125,5032.5,205
2026-02-16 01:00:00,5041.39990234375,5042.5,5026.39990234375,5034.10009765625,372
2026-02-16 01:15:00,5048.7001953125,5051.39990234375,5041.60009765625,5041.60009765625,570
2026-02-16 01:30:00,5049.2998046875,5050.5,5045.10009765625,5049.0,214
2026-02-16 01:45:00,5047.60009765625,5049.89990234375,5044.2998046875,5049.7998046875,231
2026-02-16 02:00:00,5040.89990234375,5051.0,5039.10009765625,5048.39990234375,299
2026-02-16 02:15:00,5038.2998046875,5044.7001953125,5037.5,5041.5,136
2026-02-16 02:30:00,5021.60009765625,5040.7998046875,5020.0,5038.7001953125,972
2026-02-16 02:45:00,5014.7998046875,5022.2001953125,5011.2998046875,5022.2001953125,701
2026-02-16 03:00:00,5017.2001953125,5019.5,5007.10009765625,5013.7001953125,737
2026-02-16 03:15:00,5014.2001953125,5018.0,5013.2998046875,5017.5,359
2026-02-16 03:30:00,5010.7998046875,5016.5,5008.0,5014.0,428
2026-02-16 03:45:00,5007.2001953125,5013.60009765625,4986.0,5009.7998046875,1128
2026-02-16 04:00:00,4995.2998046875,5012.2001953125,4988.0,5006.2001953125,1015
2026-02-16 04:15:00,4995.60009765625,4999.2001953125,4991.10009765625,4995.0,438
2026-02-16 04:30:00,4994.7001953125,4997.10009765625,4991.2998046875,4994.10009765625,377
2026-02-16 04:45:00,4994.7001953125,4999.10009765625,4993.10009765625,4994.2998046875,252
2026-02-17 05:00:00,4946.7001953125,4972.2998046875,4945.2001953125,4970.7998046875,939
2026-02-17 05:15:00,4919.2001953125,4946.7998046875,4906.10009765625,4945.89990234375,4285
2026-02-17 05:30:00,4898.5,4921.10009765625,4875.2001953125,4919.89990234375,3885
2026-02-17 05:45:00,4906.89990234375,4919.0,4892.2001953125,4897.10009765625,1283
2026-02-17 06:00:00,4909.89990234375,4914.5,4906.7001953125,4906.7001953125,814
2026-02-17 06:15:00,4913.10009765625,4921.89990234375,4905.10009765625,4910.2998046875,643
2026-02-17 06:30:00,4927.2998046875,4932.89990234375,4910.0,4912.7001953125,1016
2026-02-17 06:45:00,4930.0,4932.2001953125,4917.60009765625,4927.7001953125,1333
2026-02-17 07:00:00,4925.2998046875,4932.2001953125,4922.39990234375,4928.5,629
2026-02-17 07:15:00,4926.89990234375,4937.60009765625,4924.5,4925.7998046875,800
2026-02-17 07:30:00,4936.0,4939.7998046875,4922.2998046875,4926.7001953125,880
2026-02-17 07:45:00,4935.7998046875,4941.7001953125,4933.2998046875,4935.60009765625,520
2026-02-17 08:00:00,4946.2998046875,4949.39990234375,4934.7998046875,4936.0,1112
2026-02-17 08:15:00,4939.2998046875,4948.0,4938.0,4946.7001953125,506
2026-02-17 08:30:00,4936.60009765625,4944.2001953125,4935.0,4938.7998046875,623
2026-02-17 08:45:00,4939.5,4944.2001953125,4936.7001953125,4936.89990234375,477
2026-02-17 09:00:00,4940.60009765625,4948.39990234375,4937.7998046875,4939.0,652
2026-02-17 09:15:00,4937.89990234375,4943.0,4936.7001953125,4940.2998046875,419
2026-02-17 09:30:00,4940.0,4944.10009765625,4935.2998046875,4937.89990234375,595
2026-02-17 09:45:00,4945.2001953125,4951.60009765625,4926.2998046875,4940.10009765625,1406
2026-02-17 10:00:00,4955.5,4959.5,4942.5,4944.60009765625,1120
2026-02-17 10:15:00,4947.5,4956.60009765625,4947.39990234375,4955.89990234375,637
2026-02-17 10:30:00,4941.2998046875,4947.7998046875,4938.89990234375,4947.2001953125,1376
2026-02-17 10:45:00,4932.10009765625,4942.60009765625,4927.10009765625,4940.89990234375,1257
2026-02-17 11:00:00,4945.0,4946.2001953125,4932.5,4932.5,894
2026-02-17 11:15:00,4947.10009765625,4950.2998046875,4943.7001953125,4945.0,418
2026-02-17 11:30:00,4947.0,4949.7998046875,4941.7001953125,4947.60009765625,602
2026-02-17 11:45:00,4948.7001953125,4950.2001953125,4940.60009765625,4947.60009765625,671
2026-02-17 12:00:00,4952.89990234375,4958.60009765625,4947.5,4948.39990234375,1175
2026-02-17 12:15:00,4962.2001953125,4964.0,4953.39990234375,4953.39990234375,1022
2026-02-17 12:30:00,4957.39990234375,4963.60009765625,4952.89990234375,4962.0,1030
2026-02-17 12:45:00,4951.60009765625,4957.5,4948.5,4957.39990234375,638
2026-02-17 13:00:00,4941.5,4953.0,4938.0,4951.2998046875,1128
2026-02-17 13:15:00,4939.2001953125,4942.7001953125,4930.7001953125,4941.2001953125,2085
2026-02-17 13:30:00,4941.5,4942.2998046875,4926.7998046875,4940.7998046875,2343
2026-02-17 13:45:00,4889.39990234375,4944.7001953125,4887.7998046875,4940.7998046875,6313
2026-02-17 14:00:00,4915.5,4918.7001953125,4854.2001953125,4888.7001953125,10325
2026-02-17 14:15:00,4917.0,4923.5,4908.2001953125,4914.89990234375,2938
2026-02-17 14:30:00,4889.0,4926.2998046875,4885.7001953125,4916.39990234375,4831
2026-02-17 14:45:00,4881.2998046875,4899.10009765625,4874.10009765625,4888.2998046875,3152
2026-02-17 15:00:00,4876.0,4891.60009765625,4867.0,4880.7998046875,3602
2026-02-17 15:15:00,4880.39990234375,4896.89990234375,4871.60009765625,4875.2001953125,2502
2026-02-17 15:30:00,4887.39990234375,4891.7001953125,4871.0,4880.0,2100
2026-02-17 15:45:00,4897.2001953125,4902.10009765625,4879.60009765625,4886.5,1519
2026-02-17 16:00:00,4902.7998046875,4913.0,4894.10009765625,4897.10009765625,2801
2026-02-17 16:15:00,4902.5,4910.5,4899.39990234375,4902.89990234375,1234
2026-02-17 16:30:00,4897.0,4906.60009765625,4892.7998046875,4902.39990234375,1901
2026-02-17 16:45:00,4887.7001953125,4902.89990234375,4886.7998046875,4896.89990234375,1286
2026-02-17 17:00:00,4874.0,4890.0,4868.0,4887.5,3039
2026-02-17 17:15:00,4883.5,4884.10009765625,4873.5,4873.5,1021
2026-02-17 17:30:00,4878.2998046875,4887.0,4878.0,4883.2998046875,1053
2026-02-17 17:45:00,4884.0,4886.5,4872.39990234375,4879.10009765625,1819
2026-02-17 18:00:00,4885.2001953125,4890.7998046875,4881.10009765625,4883.5,1466
2026-02-17 18:15:00,4906.10009765625,4910.7001953125,4885.7001953125,4886.0,3779
2026-02-17 18:30:00,4907.7001953125,4914.7998046875,4898.7001953125,4905.5,1562
2026-02-17 18:45:00,4917.7001953125,4931.0,4904.7001953125,4908.2998046875,2149
2026-02-17 19:00:00,4912.5,4920.60009765625,4911.5,4917.89990234375,985
2026-02-17 19:15:00,4902.7998046875,4917.10009765625,4900.39990234375,4912.5,1045
2026-02-17 19:30:00,4903.0,4907.2001953125,4895.2001953125,4902.5,791
2026-02-17 19:45:00,4899.2998046875,4904.7998046875,4898.7001953125,4902.89990234375,309
2026-02-17 20:00:00,4898.2998046875,4901.2001953125,4892.2001953125,4899.2001953125,539
2026-02-17 20:15:00,4896.89990234375,4898.89990234375,4891.7001953125,4898.60009765625,371
2026-02-17 20:30:00,4897.2001953125,4902.39990234375,4892.2001953125,4895.60009765625,465
2026-02-17 20:45:00,4896.7001953125,4902.60009765625,4895.10009765625,4897.60009765625,697
2026-02-17 21:00:00,4899.2001953125,4903.2001953125,4893.5,4896.2001953125,379
2026-02-17 21:15:00,4898.2998046875,4905.2001953125,4896.0,4899.10009765625,359
2026-02-17 21:30:00,4897.89990234375,4900.2998046875,4897.2001953125,4898.0,144
2026-02-17 21:45:00,4896.10009765625,4898.39990234375,4894.60009765625,4897.60009765625,215
2026-02-17 23:00:00,4899.2001953125,4901.0,4868.5,4898.5,324
2026-02-17 23:15:00,4896.5,4902.2001953125,4885.39990234375,4900.0,488
2026-02-17 23:30:00,4894.7998046875,4901.7001953125,4884.0,4895.7998046875,334
2026-02-17 23:45:00,4876.89990234375,4893.5,4871.2998046875,4893.5,857
2026-02-18 00:00:00,4881.89990234375,4888.7001953125,4875.7998046875,4876.0,511
2026-02-18 00:15:00,4886.89990234375,4890.0,4876.0,4881.10009765625,450
2026-02-18 00:30:00,4895.5,4899.5,4885.7998046875,4886.7998046875,416
2026-02-18 00:45:00,4891.7998046875,4901.2001953125,4887.5,4895.5,371
2026-02-18 01:00:00,4904.39990234375,4909.0,4891.7998046875,4891.7998046875,861
2026-02-18 01:15:00,4905.2001953125,4909.7998046875,4899.0,4904.7998046875,606
2026-02-18 01:30:00,4904.0,4911.7001953125,4901.89990234375,4904.5,265
2026-02-18 01:45:00,4908.0,4910.60009765625,4900.2998046875,4903.39990234375,400
2026-02-18 02:00:00,4916.89990234375,4920.2998046875,4904.60009765625,4907.2998046875,700
2026-02-18 02:15:00,4919.0,4923.0,4913.5,4916.5,563
2026-02-18 02:30:00,4923.2001953125,4925.0,4919.0,4919.2998046875,300
2026-02-18 02:45:00,4923.7998046875,4925.7998046875,4921.0,4923.5,187
2026-02-18 03:00:00,4931.2998046875,4936.0,4922.7001953125,4924.0,750
2026-02-18 03:15:00,4937.89990234375,4938.89990234375,4931.2998046875,4931.5,322
2026-02-18 03:30:00,4937.0,4939.7001953125,4935.0,4938.10009765625,250
2026-02-18 03:45:00,4939.5,4940.60009765625,4936.7001953125,4937.2001953125,420
2026-02-18 04:00:00,4947.60009765625,4950.0,4937.0,4939.10009765625,673
2026-02-18 04:15:00,4952.0,4952.2998046875,4943.5,4947.60009765625,339
2026-02-18 04:30:00,4952.2001953125,4955.7998046875,4950.2001953125,4952.2998046875,315
2026-02-18 04:45:00,4951.60009765625,4961.7998046875,4951.2998046875,4952.2998046875,465
2026-02-18 05:00:00,4951.7001953125,4957.89990234375,4949.2001953125,4953.5,520
2026-02-18 05:15:00,4954.7001953125,4958.60009765625,4950.7001953125,4952.39990234375,167
2026-02-18 05:30:00,4954.0,4959.10009765625,4953.7998046875,4954.89990234375,232
2026-02-18 05:45:00,4952.39990234375,4958.0,4952.0,4953.7998046875,131
2026-02-18 06:00:00,4945.89990234375,4952.89990234375,4944.2001953125,4952.7001953125,505
2026-02-18 06:15:00,4949.60009765625,4952.5,4944.5,4946.5,279
2026-02-18 06:30:00,4950.7001953125,4952.0,4945.7998046875,4949.2998046875,355
2026-02-18 06:45:00,4949.7001953125,4955.2998046875,4949.7001953125,4950.7001953125,309
2026-02-18 07:00:00,4957.0,4961.5,4949.5,4949.60009765625,632
2026-02-18 07:15:00,4958.5,4962.2001953125,4951.2001953125,4958.10009765625,549
2026-02-18 07:30:00,4954.10009765625,4960.0,4953.0,4957.89990234375,396
2026-02-18 07:45:00,4949.5,4954.7998046875,4948.60009765625,4953.7998046875,481
2026-02-18 08:00:00,4948.7998046875,4953.2001953125,4946.60009765625,4950.2001953125,863
2026-02-18 08:15:00,4946.0,4949.2998046875,4942.39990234375,4949.0,907
2026-02-18 08:30:00,4940.7001953125,4947.10009765625,4939.2998046875,4946.10009765625,950
2026-02-18 08:45:00,4937.7001953125,4942.60009765625,4936.2998046875,4941.60009765625,788
2026-02-18 09:00:00,4937.2001953125,4940.7001953125,4933.10009765625,4937.5,1180
2026-02-18 09:15:00,4941.2001953125,4943.2998046875,4933.2001953125,4937.5,918
2026-02-18 09:30:00,4940.7001953125,4943.5,4936.2998046875,4941.2001953125,612
2026-02-18 09:45:00,4937.89990234375,4942.39990234375,4936.5,4941.2001953125,457
2026-02-18 10:00:00,4940.5,4945.39990234375,4937.2001953125,4937.39990234375,890
2026-02-18 10:15:00,4942.10009765625,4945.10009765625,4938.2998046875,4940.89990234375,1140
2026-02-18 10:30:00,4931.7998046875,4941.7998046875,4929.2998046875,4941.7998046875,1274
2026-02-18 10:45:00,4935.0,4937.10009765625,4930.39990234375,4932.10009765625,532
2026-02-18 11:00:00,4936.0,4936.7001953125,4932.5,4934.5,432
2026-02-18 11:15:00,4935.60009765625,4938.2001953125,4935.0,4936.5,512
2026-02-18 11:30:00,4931.60009765625,4937.10009765625,4931.2998046875,4935.60009765625,396
2026-02-18 11:45:00,4933.39990234375,4936.39990234375,4925.89990234375,4931.89990234375,827
2026-02-18 12:00:00,4942.0,4946.89990234375,4931.89990234375,4932.7001953125,1778
2026-02-18 12:15:00,4941.39990234375,4950.0,4941.39990234375,4942.5,1360
2026-02-18 12:30:00,4949.7998046875,4951.89990234375,4938.10009765625,4941.2998046875,1011
2026-02-18 12:45:00,4963.5,4967.5,4948.7998046875,4949.7998046875,2054
2026-02-18 13:00:00,4978.0,4983.10009765625,4962.89990234375,4963.2998046875,3705
2026-02-18 13:15:00,4977.7001953125,4980.7998046875,4973.0,4978.39990234375,1863
2026-02-18 13:30:00,4976.2998046875,4989.7998046875,4972.60009765625,4978.2001953125,3254
2026-02-18 13:45:00,4974.2001953125,4977.0,4969.7001953125,4976.7998046875,1689
2026-02-18 14:00:00,4979.7001953125,4982.0,4972.60009765625,4975.0,1370
2026-02-18 14:15:00,4980.89990234375,4984.39990234375,4975.7001953125,4979.60009765625,1184
2026-02-18 14:30:00,5002.89990234375,5007.2001953125,4975.5,4981.39990234375,5136
2026-02-18 14:45:00,5012.2998046875,5015.5,5001.2001953125,5002.89990234375,3256
2026-02-18 15:00:00,5024.7001953125,5029.0,5011.7001953125,5012.10009765625,5744
2026-02-18 15:15:00,5025.10009765625,5029.60009765625,5020.89990234375,5025.0,2341
2026-02-18 15:30:00,5021.0,5025.60009765625,5017.7998046875,5025.5,2028
2026-02-18 15:45:00,5018.7998046875,5021.2001953125,5015.60009765625,5021.2001953125,1673
2026-02-18 16:00:00,5020.60009765625,5024.0,5017.39990234375,5018.89990234375,1561
2026-02-18 16:15:00,5017.7001953125,5021.0,5011.5,5020.0,1525
2026-02-18 16:30:00,5025.7998046875,5027.5,5015.0,5017.39990234375,1478
2026-02-18 16:45:00,5021.2001953125,5031.89990234375,5020.2001953125,5026.39990234375,1714
2026-02-18 17:00:00,5020.0,5022.7998046875,5016.39990234375,5021.39990234375,1595
2026-02-18 17:15:00,5020.2001953125,5021.7001953125,5018.5,5020.5,646
2026-02-18 17:30:00,5019.10009765625,5020.89990234375,5014.2001953125,5020.2001953125,1113
2026-02-18 17:45:00,5020.10009765625,5021.89990234375,5018.10009765625,5019.0,668
2026-02-18 18:00:00,5018.7998046875,5024.2001953125,5018.7998046875,5020.2001953125,813
2026-02-18 18:15:00,5009.5,5020.7001953125,5007.7001953125,5019.0,2420
2026-02-18 18:30:00,5004.60009765625,5014.2001953125,5001.2001953125,5009.0,2082
2026-02-18 18:45:00,5008.2001953125,5008.5,5002.89990234375,5004.0,798
2026-02-18 19:00:00,5012.5,5015.60009765625,5005.0,5007.60009765625,1523
2026-02-18 19:15:00,4999.7001953125,5016.39990234375,4993.7998046875,5012.39990234375,1755
2026-02-18 19:30:00,5003.2001953125,5005.2998046875,4993.7001953125,5000.0,1233
2026-02-18 19:45:00,5000.7001953125,5005.5,4999.2001953125,5003.5,535
2026-02-18 20:00:00,4999.0,5005.2998046875,4995.89990234375,5000.7001953125,641
2026-02-18 20:15:00,4998.0,5001.89990234375,4997.0,4998.7001953125,569
2026-02-18 20:30:00,5006.2998046875,5008.39990234375,4997.5,4997.89990234375,543
2026-02-18 20:45:00,5005.2998046875,5006.89990234375,4999.7998046875,5005.5,985
2026-02-18 21:00:00,5001.2998046875,5006.7001953125,5001.0,5004.89990234375,269
2026-02-18 21:15:00,5002.2001953125,5004.5,5001.0,5001.10009765625,161
2026-02-18 21:30:00,5000.39990234375,5002.5,4998.89990234375,5002.2001953125,194
2026-02-18 21:45:00,4996.10009765625,5001.10009765625,4995.60009765625,5000.10009765625,222
2026-02-18 23:00:00,4996.10009765625,5000.0,4971.5,4993.7001953125,435
2026-02-18 23:15:00,5000.89990234375,5003.0,4990.0,4995.5,301
2026-02-18 23:30:00,5000.60009765625,5007.7998046875,4997.7998046875,5001.2001953125,385
2026-02-18 23:45:00,4994.7998046875,5001.7998046875,4987.0,5000.60009765625,522
2026-02-19 00:00:00,4986.89990234375,4994.7998046875,4979.5,4994.60009765625,639
2026-02-19 00:15:00,4986.60009765625,4991.39990234375,4982.2998046875,4987.2001953125,352
2026-02-19 00:30:00,4984.2001953125,4992.0,4983.5,4986.39990234375,331
2026-02-19 00:45:00,4980.2001953125,4984.60009765625,4978.5,4983.2001953125,362
2026-02-19 01:00:00,4984.7998046875,4988.0,4979.10009765625,4980.2001953125,444
2026-02-19 01:15:00,4983.10009765625,4986.39990234375,4980.10009765625,4984.2001953125,175
2026-02-19 01:30:00,4989.5,4989.60009765625,4980.2998046875,4983.5,296
2026-02-19 01:45:00,4992.10009765625,4995.0,4987.89990234375,4990.0,269
2026-02-19 02:00:00,4993.0,4996.2001953125,4990.60009765625,4992.7001953125,294
2026-02-19 02:15:00,4992.2001953125,4993.7001953125,4984.89990234375,4993.5,363
2026-02-19 02:30:00,4990.39990234375,4992.60009765625,4987.60009765625,4992.10009765625,214
2026-02-19 02:45:00,4986.89990234375,4992.2001953125,4986.2998046875,4990.0,168
2026-02-19 03:00:00,4988.5,4990.0,4985.2001953125,4986.89990234375,212
2026-02-19 03:15:00,4988.39990234375,4990.7001953125,4985.89990234375,4988.2998046875,175
2026-02-19 03:30:00,4996.5,4998.2001953125,4988.5,4988.7998046875,824
2026-02-19 03:45:00,5000.39990234375,5002.60009765625,4995.7998046875,4995.7998046875,427
2026-02-19 04:00:00,5000.60009765625,5003.7998046875,4997.2998046875,5000.0,310
2026-02-19 04:15:00,4998.39990234375,5002.10009765625,4996.7998046875,5000.2001953125,214
2026-02-19 04:30:00,4999.2001953125,5004.7001953125,4997.7998046875,4998.10009765625,294
2026-02-19 04:45:00,5002.7998046875,5004.0,4995.2998046875,4999.7998046875,344
2026-02-19 05:00:00,5009.0,5012.2001953125,5002.5,5002.5,438
2026-02-19 05:15:00,5007.5,5008.7998046875,5005.60009765625,5008.39990234375,255
2026-02-19 05:30:00,5014.10009765625,5014.7001953125,5007.2001953125,5007.7001953125,348
2026-02-19 05:45:00,5015.5,5017.60009765625,5013.2998046875,5014.5,489
2026-02-19 06:00:00,5017.2001953125,5018.39990234375,5014.39990234375,5015.10009765625,404
2026-02-19 06:15:00,5019.2001953125,5020.60009765625,5015.39990234375,5017.5,387
2026-02-19 06:30:00,5026.7001953125,5028.7998046875,5018.7998046875,5018.7998046875,657
2026-02-19 06:45:00,5035.39990234375,5038.0,5027.2998046875,5027.2998046875,1146
2026-02-19 07:00:00,5035.7001953125,5039.7998046875,5034.5,5036.5,828
2026-02-19 07:15:00,5036.0,5038.10009765625,5032.5,5035.7998046875,458
2026-02-19 07:30:00,5033.7001953125,5038.60009765625,5032.7998046875,5036.39990234375,344
2026-02-19 07:45:00,5028.0,5035.10009765625,5026.89990234375,5033.2001953125,612
2026-02-19 08:00:00,5029.89990234375,5030.2998046875,5023.89990234375,5028.0,731
2026-02-19 08:15:00,5033.39990234375,5033.39990234375,5027.39990234375,5029.7998046875,541
2026-02-19 08:30:00,5037.7998046875,5038.89990234375,5028.5,5033.2001953125,440
2026-02-19 08:45:00,5035.5,5040.89990234375,5031.7001953125,5038.7998046875,930
2026-02-19 09:00:00,5038.0,5038.5,5034.0,5035.7998046875,476
2026-02-19 09:15:00,5019.5,5039.10009765625,5016.2001953125,5038.2001953125,1598
2026-02-19 09:30:00,5022.2998046875,5024.89990234375,5012.0,5019.89990234375,1287
2026-02-19 09:45:00,5014.39990234375,5024.2998046875,5014.39990234375,5021.89990234375,685
2026-02-19 10:00:00,5008.89990234375,5015.2001953125,5002.2001953125,5014.39990234375,1480
2026-02-19 10:15:00,5006.2001953125,5011.7998046875,5004.60009765625,5008.2998046875,766
2026-02-19 10:30:00,5008.39990234375,5014.7998046875,5000.7001953125,5006.0,1437
2026-02-19 10:45:00,5013.0,5013.0,5007.39990234375,5008.10009765625,502
2026-02-19 11:00:00,5012.39990234375,5016.7998046875,5008.5,5013.0,589
2026-02-19 11:15:00,5004.39990234375,5014.0,4997.10009765625,5012.89990234375,1499
2026-02-19 11:30:00,5002.10009765625,5006.60009765625,5001.60009765625,5004.39990234375,739
2026-02-19 11:45:00,5003.2998046875,5005.5,4997.2001953125,5001.60009765625,993
2026-02-19 12:00:00,5007.60009765625,5009.7998046875,4999.7998046875,5003.7998046875,838
2026-02-19 12:15:00,5011.2998046875,5011.2998046875,5003.5,5008.0,547
2026-02-19 12:30:00,5005.60009765625,5012.0,5002.5,5011.5,970
2026-02-19 12:45:00,5004.39990234375,5007.60009765625,5000.2998046875,5006.39990234375,563
2026-02-19 13:00:00,5003.10009765625,5005.7998046875,4994.10009765625,5005.10009765625,1102
2026-02-19 13:15:00,5003.0,5007.5,4999.2998046875,5003.10009765625,829
2026-02-19 13:30:00,5013.7998046875,5017.39990234375,4990.10009765625,5001.5,2444
2026-02-19 13:45:00,5016.60009765625,5018.5,5011.10009765625,5013.89990234375,1304
2026-02-19 14:00:00,4992.2001953125,5016.89990234375,4990.5,5016.5,2178
2026-02-19 14:15:00,4997.39990234375,5001.89990234375,4991.39990234375,4991.7998046875,1166
2026-02-19 14:30:00,5011.7001953125,5014.39990234375,4982.0,4997.2001953125,4345
2026-02-19 14:45:00,5024.60009765625,5029.60009765625,5006.39990234375,5011.60009765625,3304
2026-02-19 15:00:00,5018.39990234375,5029.5,5018.10009765625,5025.2001953125,3394
2026-02-19 15:15:00,5035.7001953125,5035.7998046875,5014.7001953125,5018.89990234375,2860
2026-02-19 15:30:00,5035.0,5042.7998046875,5031.89990234375,5035.2001953125,3482
2026-02-19 15:45:00,5033.39990234375,5035.89990234375,5026.2998046875,5035.2001953125,1815
2026-02-19 16:00:00,5024.7001953125,5034.2001953125,5020.60009765625,5033.89990234375,1865
2026-02-19 16:15:00,5017.89990234375,5026.2001953125,5011.5,5025.2998046875,2149
2026-02-19 16:30:00,5026.10009765625,5028.60009765625,5017.60009765625,5018.10009765625,1320
2026-02-19 16:45:00,5014.2001953125,5026.60009765625,5008.7998046875,5025.60009765625,1413
2026-02-19 17:00:00,5016.0,5019.10009765625,5011.0,5014.2001953125,961
2026-02-19 17:15:00,5013.2998046875,5021.10009765625,5011.7998046875,5015.60009765625,990
2026-02-19 17:30:00,5012.7001953125,5015.60009765625,5005.0,5013.5,1039
2026-02-19 17:45:00,5004.2001953125,5013.7001953125,5001.89990234375,5012.2998046875,955
2026-02-19 18:00:00,5007.0,5008.10009765625,4998.10009765625,5004.5,1443
2026-02-19 18:15:00,4997.0,5008.7998046875,4995.0,5007.60009765625,1862
2026-02-19 18:30:00,4994.89990234375,5002.2998046875,4994.0,4997.2998046875,949
2026-02-19 18:45:00,5000.7001953125,5003.7001953125,4995.39990234375,4995.39990234375,744
2026-02-19 19:00:00,5006.39990234375,5008.89990234375,4999.5,5000.7001953125,599
2026-02-19 19:15:00,5008.10009765625,5009.7001953125,5005.10009765625,5005.60009765625,371
2026-02-19 19:30:00,5003.7998046875,5009.2001953125,4996.7998046875,5008.39990234375,743
2026-02-19 19:45:00,5006.5,5007.5,5001.0,5004.0,506
2026-02-19 20:00:00,5009.7001953125,5011.0,5006.89990234375,5006.89990234375,463
2026-02-19 20:15:00,5014.39990234375,5016.0,5008.0,5009.7001953125,438
2026-02-19 20:30:00,5017.7998046875,5019.39990234375,5013.7998046875,5014.5,555
2026-02-19 20:45:00,5020.60009765625,5022.2001953125,5017.2001953125,5018.2998046875,992
2026-02-19 21:00:00,5018.39990234375,5022.7998046875,5016.2001953125,5020.7001953125,539
2026-02-19 21:15:00,5012.10009765625,5020.0,5010.2001953125,5018.7001953125,619
2026-02-19 21:30:00,5017.7001953125,5017.89990234375,5012.39990234375,5012.5,204
2026-02-19 21:45:00,5015.5,5018.5,5011.39990234375,5017.2998046875,313
2026-02-19 23:00:00,5017.2998046875,5026.5,5012.0,5015.0,285
2026-02-19 23:15:00,5015.0,5021.5,5011.2998046875,5018.7001953125,314
2026-02-19 23:30:00,5014.89990234375,5019.5,5013.7001953125,5015.7998046875,218
2026-02-19 23:45:00,5005.60009765625,5018.89990234375,5003.5,5015.2001953125,466
2026-02-20 00:00:00,5011.60009765625,5015.0,5003.5,5006.39990234375,315
2026-02-20 00:15:00,5009.2998046875,5014.39990234375,5006.2998046875,5012.7001953125,136
2026-02-20 00:30:00,5011.89990234375,5015.10009765625,5005.10009765625,5009.89990234375,198
2026-02-20 00:45:00,5024.5,5025.5,5012.10009765625,5012.10009765625,375
2026-02-20 01:00:00,5031.89990234375,5033.39990234375,5024.39990234375,5024.60009765625,754
2026-02-20 01:15:00,5017.7998046875,5031.5,5014.2001953125,5031.39990234375,682
2026-02-20 01:30:00,5016.39990234375,5022.10009765625,5012.89990234375,5018.0,428
2026-02-20 01:45:00,5016.7998046875,5018.5,5013.7998046875,5016.39990234375,247
2026-02-20 02:00:00,5015.0,5025.7001953125,5010.60009765625,5015.5,743
2026-02-20 02:15:00,5015.39990234375,5017.5,5010.89990234375,5015.2001953125,412
2026-02-20 02:30:00,5017.10009765625,5021.7998046875,5015.7998046875,5015.7998046875,219
2026-02-20 02:45:00,5013.7001953125,5017.2998046875,5010.89990234375,5017.2001953125,373
2026-02-20 03:00:00,5012.2001953125,5015.2998046875,5006.60009765625,5013.7001953125,403
2026-02-20 03:15:00,5010.0,5016.7001953125,5010.0,5012.60009765625,127
2026-02-20 03:30:00,5004.60009765625,5017.2001953125,4999.2998046875,5010.60009765625,747
2026-02-20 03:45:00,5006.0,5013.60009765625,5003.7001953125,5005.2998046875,506
2026-02-20 04:00:00,5010.10009765625,5010.60009765625,5004.2001953125,5005.60009765625,202
2026-02-20 04:15:00,5012.2998046875,5012.7001953125,5008.10009765625,5010.5,105
2026-02-20 04:30:00,5016.10009765625,5021.2001953125,5011.5,5012.7998046875,290
2026-02-20 04:45:00,5017.5,5018.2001953125,5014.0,5016.5,107
2026-02-20 05:00:00,5019.2998046875,5023.89990234375,5018.0,5018.10009765625,354
2026-02-20 05:15:00,5019.2998046875,5020.5,5016.5,5019.2998046875,223
2026-02-20 05:30:00,5017.39990234375,5022.60009765625,5015.89990234375,5019.2998046875,322
2026-02-20 05:45:00,5030.10009765625,5030.10009765625,5016.10009765625,5017.2998046875,548
2026-02-20 06:00:00,5034.7001953125,5038.5,5029.7001953125,5030.5,840
2026-02-20 06:15:00,5040.7998046875,5048.60009765625,5034.7001953125,5034.7001953125,1028
2026-02-20 06:30:00,5045.2001953125,5046.89990234375,5039.10009765625,5041.10009765625,418
2026-02-20 06:45:00,5039.60009765625,5048.89990234375,5038.39990234375,5045.5,637
2026-02-20 07:00:00,5041.10009765625,5047.2998046875,5034.39990234375,5040.2998046875,703
2026-02-20 07:15:00,5034.10009765625,5042.2001953125,5028.39990234375,5042.0,854
2026-02-20 07:30:00,5035.5,5036.7001953125,5031.5,5034.5,840
2026-02-20 07:45:00,5025.2998046875,5035.39990234375,5024.60009765625,5034.89990234375,982
2026-02-20 08:00:00,5031.2998046875,5035.5,5023.7998046875,5025.60009765625,1229
2026-02-20 08:15:00,5037.2001953125,5039.0,5030.10009765625,5031.10009765625,741
2026-02-20 08:30:00,5041.89990234375,5046.7001953125,5037.0,5037.7998046875,984
2026-02-20 08:45:00,5048.7001953125,5050.60009765625,5042.10009765625,5042.10009765625,1119
2026-02-20 09:00:00,5059.0,5061.39990234375,5047.2998046875,5048.5,1721
2026-02-20 09:15:00,5053.89990234375,5063.0,5053.0,5058.7998046875,1370
2026-02-20 09:30:00,5052.10009765625,5055.5,5049.2001953125,5053.7998046875,1092
2026-02-20 09:45:00,5047.60009765625,5054.5,5046.89990234375,5052.2998046875,741
2026-02-20 10:00:00,5045.5,5048.2998046875,5038.5,5047.7998046875,1036
2026-02-20 10:15:00,5046.0,5051.0,5042.60009765625,5045.7998046875,1109
2026-02-20 10:30:00,5053.7001953125,5058.10009765625,5046.5,5046.5,1422
2026-02-20 10:45:00,5054.60009765625,5057.0,5045.2998046875,5053.60009765625,1188
2026-02-20 11:00:00,5051.39990234375,5054.7998046875,5050.7001953125,5054.7001953125,585
2026-02-20 11:15:00,5048.7001953125,5052.2998046875,5045.7998046875,5051.10009765625,740
2026-02-20 11:30:00,5046.5,5052.89990234375,5042.0,5048.39990234375,1235
2026-02-20 11:45:00,5036.7998046875,5048.10009765625,5034.7001953125,5046.10009765625,1821
2026-02-20 12:00:00,5040.89990234375,5042.7998046875,5032.60009765625,5037.0,1458
2026-02-20 12:15:00,5030.60009765625,5042.2998046875,5030.10009765625,5041.60009765625,1553
2026-02-20 12:30:00,5044.0,5044.7001953125,5025.7001953125,5030.7001953125,2476
2026-02-20 12:45:00,5044.5,5045.60009765625,5040.5,5044.10009765625,507
2026-02-20 13:00:00,5044.0,5047.5,5042.2998046875,5044.10009765625,632
2026-02-20 13:15:00,5048.2998046875,5051.10009765625,5044.0,5044.2998046875,1001
2026-02-20 13:30:00,5050.39990234375,5052.7001953125,5037.7001953125,5048.39990234375,1887
2026-02-20 13:45:00,5063.5,5068.7001953125,5050.5,5051.10009765625,3678
2026-02-20 14:00:00,5062.7001953125,5067.10009765625,5056.7998046875,5063.10009765625,2534
2026-02-20 14:15:00,5061.10009765625,5064.7998046875,5058.2001953125,5063.0,1949
2026-02-20 14:30:00,5072.7998046875,5079.0,5057.2001953125,5060.7998046875,5888
2026-02-20 14:45:00,5074.7998046875,5081.2001953125,5067.89990234375,5073.5,2917
2026-02-20 15:00:00,5041.2998046875,5084.5,5005.5,5073.60009765625,12790
2026-02-20 15:15:00,5044.60009765625,5064.2998046875,5030.7001953125,5042.0,5656
2026-02-20 15:30:00,5065.0,5066.2001953125,5036.2001953125,5045.0,3502
2026-02-20 15:45:00,5062.2998046875,5072.7998046875,5056.2001953125,5065.2998046875,2898
2026-02-20 16:00:00,5075.0,5076.2001953125,5058.2001953125,5062.2998046875,2400
2026-02-20 16:15:00,5073.7001953125,5077.0,5064.89990234375,5075.0,1964
2026-02-20 16:30:00,5083.7001953125,5089.7998046875,5072.89990234375,5073.7998046875,3083
2026-02-20 16:45:00,5087.0,5088.5,5080.7001953125,5083.7998046875,1911
2026-02-20 17:00:00,5087.5,5094.2998046875,5084.89990234375,5087.0,2649
2026-02-20 17:15:00,5085.2001953125,5088.89990234375,5075.2001953125,5087.5,2341
2026-02-20 17:30:00,5089.0,5091.0,5082.60009765625,5085.0,1554
2026-02-20 17:45:00,5093.7001953125,5097.2998046875,5088.0,5089.39990234375,1927
2026-02-20 18:00:00,5090.60009765625,5094.39990234375,5087.39990234375,5093.7001953125,1466
2026-02-20 18:15:00,5079.89990234375,5091.89990234375,5075.10009765625,5090.89990234375,3956
2026-02-20 18:30:00,5088.7998046875,5097.0,5078.2001953125,5079.7998046875,3700
2026-02-20 18:45:00,5094.0,5096.2001953125,5088.7998046875,5088.7998046875,1345
2026-02-20 19:00:00,5094.2001953125,5098.0,5091.2998046875,5093.60009765625,1018
2026-02-20 19:15:00,5092.7001953125,5098.39990234375,5091.10009765625,5093.7998046875,1604
2026-02-20 19:30:00,5096.39990234375,5097.0,5092.7001953125,5092.7001953125,576
2026-02-20 19:45:00,5102.39990234375,5104.60009765625,5094.89990234375,5096.2001953125,1400
2026-02-20 20:00:00,5102.2998046875,5104.2998046875,5099.7998046875,5102.2998046875,941
2026-02-20 20:15:00,5107.7001953125,5109.89990234375,5101.2998046875,5102.2001953125,1264
2026-02-20 20:30:00,5107.5,5110.39990234375,5105.7001953125,5107.7001953125,1172
2026-02-20 20:45:00,5119.39990234375,5120.7001953125,5106.10009765625,5107.7998046875,1881
2026-02-20 21:00:00,5115.7001953125,5121.7001953125,5114.39990234375,5119.5,958
2026-02-20 21:15:00,5120.89990234375,5121.60009765625,5114.2998046875,5116.0,903
2026-02-20 21:30:00,5122.10009765625,5123.2001953125,5120.39990234375,5120.89990234375,613
2026-02-20 21:45:00,5080.89990234375,5131.0,5080.89990234375,5122.5,1271
2026-02-22 23:00:00,5168.0,5168.2001953125,5157.0,5157.0,824
2026-02-22 23:15:00,5168.10009765625,5174.0,5162.2998046875,5167.89990234375,1296
2026-02-22 23:30:00,5181.2001953125,5181.2998046875,5166.5,5167.7998046875,1984
2026-02-22 23:45:00,5187.2001953125,5194.2001953125,5175.89990234375,5180.60009765625,1512
2026-02-23 00:00:00,5160.7001953125,5188.5,5153.2001953125,5187.0,3429
2026-02-23 00:15:00,5175.10009765625,5175.7998046875,5151.0,5161.2998046875,2000
2026-02-23 00:30:00,5162.7001953125,5182.7001953125,5160.60009765625,5175.2998046875,1515
2026-02-23 00:45:00,5165.89990234375,5168.2001953125,5156.0,5161.7001953125,748
2026-02-23 01:00:00,5169.10009765625,5180.10009765625,5161.60009765625,5166.2998046875,1072
2026-02-23 01:15:00,5181.2001953125,5182.0,5168.0,5170.2998046875,804
2026-02-23 01:30:00,5188.2001953125,5188.7998046875,5177.2998046875,5181.5,799
2026-02-23 01:45:00,5179.39990234375,5190.0,5177.7998046875,5188.5,794
2026-02-23 02:00:00,5183.0,5189.2998046875,5178.7998046875,5179.10009765625,709
2026-02-23 02:15:00,5183.10009765625,5189.7001953125,5179.89990234375,5182.7998046875,620
2026-02-23 02:30:00,5196.0,5198.7998046875,5183.2998046875,5183.60009765625,1082
2026-02-23 02:45:00,5195.0,5198.7001953125,5185.60009765625,5196.60009765625,787
2026-02-23 03:00:00,5180.7001953125,5197.60009765625,5173.2001953125,5195.2001953125,1530
2026-02-23 03:15:00,5186.2998046875,5186.7998046875,5176.0,5180.0,740
2026-02-23 03:30:00,5190.5,5192.7998046875,5186.39990234375,5186.39990234375,529
2026-02-23 03:45:00,5188.39990234375,5192.7998046875,5187.7998046875,5190.39990234375,373
2026-02-23 04:00:00,5183.60009765625,5190.2998046875,5177.2998046875,5188.2998046875,682
2026-02-23 04:15:00,5181.39990234375,5186.2001953125,5180.5,5184.0,229
2026-02-23 04:30:00,5181.5,5185.2998046875,5177.2998046875,5182.39990234375,472
2026-02-23 04:45:00,5181.2998046875,5183.60009765625,5179.2001953125,5181.10009765625,313
2026-02-23 05:00:00,5179.89990234375,5183.2998046875,5173.89990234375,5182.0,720
2026-02-23 05:15:00,5179.60009765625,5180.89990234375,5174.7998046875,5180.10009765625,317
2026-02-23 05:30:00,5178.5,5179.7998046875,5175.2001953125,5179.5,311
2026-02-23 05:45:00,5179.89990234375,5181.60009765625,5177.89990234375,5178.7001953125,354
2026-02-23 06:00:00,5181.2998046875,5182.89990234375,5179.0,5180.2998046875,389
2026-02-23 06:15:00,5174.2001953125,5183.2001953125,5173.60009765625,5181.39990234375,388
2026-02-23 06:30:00,5169.89990234375,5178.60009765625,5168.60009765625,5174.89990234375,967
2026-02-23 06:45:00,5167.2998046875,5174.39990234375,5166.10009765625,5170.10009765625,765
2026-02-23 07:00:00,5169.2001953125,5176.2998046875,5159.2998046875,5167.39990234375,1715
2026-02-23 07:15:00,5158.0,5171.2001953125,5145.10009765625,5169.2001953125,1966
2026-02-23 07:30:00,5157.39990234375,5158.7998046875,5146.39990234375,5157.7001953125,1341
2026-02-23 07:45:00,5157.60009765625,5160.5,5156.0,5157.7001953125,1005
2026-02-23 08:00:00,5159.2998046875,5160.7998046875,5152.2001953125,5157.5,994
2026-02-23 08:15:00,5146.10009765625,5160.5,5143.0,5159.7998046875,1235
2026-02-23 08:30:00,5148.7998046875,5153.10009765625,5142.7998046875,5146.0,1071
2026-02-23 08:45:00,5161.0,5162.89990234375,5148.60009765625,5148.7998046875,1241
2026-02-23 09:00:00,5166.7001953125,5167.7998046875,5159.39990234375,5160.7001953125,1774
2026-02-23 09:15:00,5169.89990234375,5170.2998046875,5165.5,5167.0,946
2026-02-23 09:30:00,5167.0,5170.60009765625,5163.60009765625,5170.0,781
2026-02-23 09:45:00,5170.10009765625,5170.5,5164.7001953125,5167.2001953125,461
2026-02-23 10:00:00,5170.60009765625,5174.0,5167.10009765625,5170.39990234375,938
2026-02-23 10:15:00,5176.60009765625,5177.2998046875,5170.10009765625,5170.39990234375,1745
2026-02-23 10:30:00,5173.10009765625,5178.39990234375,5165.60009765625,5176.60009765625,2001
2026-02-23 10:45:00,5184.0,5184.7998046875,5172.7998046875,5173.39990234375,1395
2026-02-23 11:00:00,5174.10009765625,5184.5,5173.7001953125,5184.0,852
2026-02-23 11:15:00,5171.10009765625,5175.2998046875,5167.2998046875,5174.5,1165
2026-02-23 11:30:00,5171.39990234375,5174.2001953125,5168.5,5171.2001953125,626
2026-02-23 11:45:00,5170.2998046875,5175.2001953125,5170.0,5171.7001953125,579
2026-02-23 12:00:00,5169.2001953125,5175.39990234375,5167.5,5170.2998046875,1039
2026-02-23 12:15:00,5170.7001953125,5172.7998046875,5165.89990234375,5170.39990234375,819
2026-02-23 12:30:00,5185.2998046875,5185.39990234375,5170.10009765625,5171.10009765625,1487
2026-02-23 12:45:00,5185.0,5186.39990234375,5180.39990234375,5185.2998046875,1258
2026-02-23 13:00:00,5175.89990234375,5186.39990234375,5173.7001953125,5185.0,1604
2026-02-23 13:15:00,5170.10009765625,5177.39990234375,5164.10009765625,5175.5,2142
2026-02-23 13:30:00,5173.10009765625,5174.5,5168.0,5170.60009765625,1377
2026-02-23 13:45:00,5166.2001953125,5173.5,5165.2998046875,5172.7001953125,1416
2026-02-23 14:00:00,5177.2001953125,5178.2001953125,5161.5,5165.89990234375,1671
2026-02-23 14:15:00,5185.7998046875,5185.7998046875,5176.2001953125,5177.2001953125,1878
2026-02-23 14:30:00,5211.7001953125,5212.2001953125,5185.10009765625,5185.39990234375,5734
2026-02-23 14:45:00,5213.5,5221.89990234375,5208.0,5212.0,6593
2026-02-23 15:00:00,5220.5,5220.60009765625,5201.60009765625,5213.10009765625,4320
2026-02-23 15:15:00,5218.7998046875,5225.0,5212.7998046875,5220.5,3554
2026-02-23 15:30:00,5222.60009765625,5224.0,5207.2998046875,5219.2998046875,2287
2026-02-23 15:45:00,5216.60009765625,5226.2001953125,5211.5,5222.5,3107
2026-02-23 16:00:00,5223.60009765625,5226.10009765625,5196.0,5216.2998046875,4147
2026-02-23 16:15:00,5236.39990234375,5240.89990234375,5222.10009765625,5223.89990234375,4403
2026-02-23 16:30:00,5230.7998046875,5237.10009765625,5227.7998046875,5236.60009765625,2399
2026-02-23 16:45:00,5230.39990234375,5238.7998046875,5227.39990234375,5230.89990234375,1889
2026-02-23 17:00:00,5224.5,5234.5,5220.39990234375,5231.10009765625,2441
2026-02-23 17:15:00,5230.7001953125,5233.0,5223.39990234375,5224.2998046875,1306
2026-02-23 17:30:00,5219.7001953125,5231.5,5211.2001953125,5231.0,2555
2026-02-23 17:45:00,5227.39990234375,5228.0,5216.7001953125,5219.2998046875,976
2026-02-23 18:00:00,5232.5,5235.89990234375,5227.0,5228.0,1190
2026-02-23 18:15:00,5226.2001953125,5233.2998046875,5220.7998046875,5232.60009765625,3184
2026-02-23 18:30:00,5226.60009765625,5233.2998046875,5225.0,5226.10009765625,1140
2026-02-23 18:45:00,5229.5,5232.2998046875,5225.89990234375,5226.7998046875,653
2026-02-23 19:00:00,5231.2001953125,5232.39990234375,5226.39990234375,5229.0,578
2026-02-23 19:15:00,5229.2998046875,5235.2998046875,5227.10009765625,5231.39990234375,919
2026-02-23 19:30:00,5236.7998046875,5237.2001953125,5228.39990234375,5229.39990234375,892
2026-02-23 19:45:00,5235.39990234375,5238.39990234375,5234.2001953125,5236.60009765625,901
2026-02-23 20:00:00,5243.2998046875,5244.5,5234.60009765625,5235.0,1400
2026-02-23 20:15:00,5245.2001953125,5246.10009765625,5241.89990234375,5242.7998046875,1257
2026-02-23 20:30:00,5247.5,5249.89990234375,5244.60009765625,5245.10009765625,865
2026-02-23 20:45:00,5255.60009765625,5257.2998046875,5244.60009765625,5247.39990234375,1812
2026-02-23 21:00:00,5250.60009765625,5256.5,5249.2001953125,5255.2001953125,852
2026-02-23 21:15:00,5249.39990234375,5251.60009765625,5248.2001953125,5250.10009765625,355
2026-02-23 21:30:00,5248.60009765625,5252.2998046875,5245.89990234375,5249.0,413
2026-02-23 21:45:00,5247.89990234375,5251.0,5246.2998046875,5247.89990234375,472
2026-02-23 23:00:00,5262.7001953125,5269.39990234375,5241.0,5247.5,776
2026-02-23 23:15:00,5255.2998046875,5269.2998046875,5253.2998046875,5264.0,740
2026-02-23 23:30:00,5261.39990234375,5266.60009765625,5256.39990234375,5256.89990234375,619
2026-02-23 23:45:00,5254.5,5261.89990234375,5253.60009765625,5261.39990234375,426
2026-02-24 00:00:00,5248.7001953125,5254.10009765625,5236.7998046875,5254.10009765625,2329
2026-02-24 00:15:00,5246.7001953125,5257.39990234375,5243.7001953125,5249.10009765625,1301
2026-02-24 00:30:00,5250.0,5252.0,5243.60009765625,5247.0,628
2026-02-24 00:45:00,5243.10009765625,5251.5,5239.2001953125,5249.60009765625,1227
2026-02-24 01:00:00,5204.7998046875,5243.0,5202.0,5243.0,5900
2026-02-24 01:15:00,5184.2998046875,5208.2001953125,5164.10009765625,5204.89990234375,6202
2026-02-24 01:30:00,5193.7001953125,5196.0,5180.39990234375,5184.7001953125,1959
2026-02-24 01:45:00,5196.60009765625,5199.0,5183.2001953125,5193.7998046875,1709
2026-02-24 02:00:00,5192.7001953125,5200.7001953125,5186.2001953125,5197.0,1330
2026-02-24 02:15:00,5192.10009765625,5194.89990234375,5184.5,5191.5,551
2026-02-24 02:30:00,5203.10009765625,5208.5,5192.0,5192.0,1246
2026-02-24 02:45:00,5209.0,5210.89990234375,5203.10009765625,5204.2001953125,743
2026-02-24 03:00:00,5209.0,5212.2001953125,5205.39990234375,5209.39990234375,508
2026-02-24 03:15:00,5201.7998046875,5210.10009765625,5201.39990234375,5208.60009765625,383
2026-02-24 03:30:00,5199.10009765625,5208.2998046875,5195.5,5202.89990234375,481
2026-02-24 03:45:00,5192.0,5199.7998046875,5190.7001953125,5199.0,454
2026-02-24 04:00:00,5187.7001953125,5192.0,5181.0,5191.5,824
2026-02-24 04:15:00,5191.7998046875,5195.2998046875,5188.7001953125,5188.7001953125,403
2026-02-24 04:30:00,5184.89990234375,5192.89990234375,5184.89990234375,5192.89990234375,343
2026-02-24 04:45:00,5188.39990234375,5191.0,5183.0,5184.0,432
2026-02-24 05:00:00,5192.2001953125,5194.39990234375,5183.7001953125,5188.10009765625,719
2026-02-24 05:15:00,5187.10009765625,5195.39990234375,5186.2998046875,5191.7998046875,546
2026-02-24 05:30:00,5192.60009765625,5194.60009765625,5184.10009765625,5187.5,804
2026-02-24 05:45:00,5203.0,5205.60009765625,5192.39990234375,5192.5,767
2026-02-24 06:00:00,5203.0,5204.7998046875,5197.2001953125,5203.2001953125,695
2026-02-24 06:15:00,5188.7998046875,5203.60009765625,5186.7998046875,5203.0,570
2026-02-24 06:30:00,5189.39990234375,5193.2998046875,5173.60009765625,5188.39990234375,1528
2026-02-24 06:45:00,5193.60009765625,5195.2001953125,5188.0,5189.60009765625,503
2026-02-24 07:00:00,5190.5,5193.5,5183.60009765625,5193.0,1637
2026-02-24 07:15:00,5202.39990234375,5203.0,5188.89990234375,5191.0,1572
2026-02-24 07:30:00,5199.60009765625,5203.60009765625,5193.89990234375,5202.10009765625,1459
2026-02-24 07:45:00,5198.7001953125,5202.39990234375,5194.2001953125,5199.0,507
2026-02-24 08:00:00,5190.2998046875,5199.0,5188.89990234375,5198.60009765625,1501
2026-02-24 08:15:00,5189.89990234375,5193.7998046875,5184.5,5190.10009765625,1058
2026-02-24 08:30:00,5194.7001953125,5201.60009765625,5189.0,5189.39990234375,1046
2026-02-24 08:45:00,5193.0,5196.0,5188.7001953125,5193.89990234375,872
2026-02-24 09:00:00,5191.5,5199.39990234375,5190.7998046875,5192.2998046875,805
2026-02-24 09:15:00,5187.7001953125,5194.0,5187.0,5190.89990234375,765
2026-02-24 09:30:00,5189.2001953125,5192.89990234375,5185.39990234375,5187.89990234375,613
2026-02-24 09:45:00,5190.7001953125,5192.10009765625,5186.39990234375,5188.7998046875,362
2026-02-24 10:00:00,5193.7001953125,5195.0,5190.2001953125,5190.2001953125,622
2026-02-24 10:15:00,5194.7001953125,5201.0,5191.2998046875,5193.7001953125,770
2026-02-24 10:30:00,5189.5,5196.0,5182.2998046875,5195.2998046875,2428
2026-02-24 10:45:00,5192.2998046875,5193.7998046875,5188.0,5189.39990234375,422
2026-02-24 11:00:00,5195.7998046875,5196.60009765625,5191.7001953125,5192.2998046875,510
2026-02-24 11:15:00,5194.2001953125,5196.2998046875,5190.60009765625,5195.89990234375,360
2026-02-24 11:30:00,5197.5,5197.5,5192.5,5194.2001953125,315
2026-02-24 11:45:00,5191.89990234375,5198.0,5191.39990234375,5197.7001953125,708
2026-02-24 12:00:00,5186.60009765625,5192.5,5183.7998046875,5192.10009765625,1067
2026-02-24 12:15:00,5180.2998046875,5187.7998046875,5165.0,5186.39990234375,3091
2026-02-24 12:30:00,5176.60009765625,5183.5,5172.2001953125,5180.5,1694
2026-02-24 12:45:00,5168.7998046875,5177.5,5162.2001953125,5175.89990234375,1827
2026-02-24 13:00:00,5178.0,5180.10009765625,5169.2001953125,5169.2001953125,2490
2026-02-24 13:15:00,5174.5,5177.2998046875,5170.2001953125,5177.2998046875,2219
2026-02-24 13:30:00,5164.0,5177.39990234375,5151.39990234375,5175.2998046875,4298
2026-02-24 13:45:00,5132.2998046875,5164.60009765625,5126.89990234375,5163.7001953125,6658
2026-02-24 14:00:00,5123.2001953125,5145.0,5109.5,5132.0,7578
2026-02-24 14:15:00,5132.89990234375,5137.7001953125,5117.7998046875,5122.2001953125,4486
2026-02-24 14:30:00,5155.10009765625,5157.0,5127.39990234375,5132.39990234375,5489
2026-02-24 14:45:00,5145.5,5157.0,5144.2001953125,5155.2001953125,3089
2026-02-24 15:00:00,5155.0,5156.0,5135.2001953125,5147.7001953125,3304
2026-02-24 15:15:00,5156.39990234375,5164.7001953125,5152.89990234375,5155.10009765625,3155
2026-02-24 15:30:00,5167.7998046875,5168.60009765625,5152.2001953125,5156.10009765625,2605
2026-02-24 15:45:00,5168.2001953125,5173.39990234375,5163.2998046875,5168.2001953125,2169
2026-02-24 16:00:00,5165.7001953125,5170.7001953125,5159.60009765625,5168.5,1573
2026-02-24 16:15:00,5162.0,5169.5,5159.7001953125,5165.39990234375,984
2026-02-24 16:30:00,5163.2998046875,5168.7998046875,5153.10009765625,5162.10009765625,2126
2026-02-24 16:45:00,5159.7001953125,5163.7001953125,5147.7998046875,5163.39990234375,1865
2026-02-24 17:00:00,5174.2001953125,5175.7001953125,5159.39990234375,5159.7001953125,1735
2026-02-24 17:15:00,5176.7998046875,5181.5,5173.10009765625,5174.39990234375,2583
2026-02-24 17:30:00,5178.7001953125,5179.60009765625,5174.89990234375,5177.0,880
2026-02-24 17:45:00,5182.0,5182.2998046875,5175.7001953125,5178.7998046875,801
2026-02-24 18:00:00,5182.5,5188.5,5182.10009765625,5182.10009765625,2132
2026-02-24 18:15:00,5176.60009765625,5183.7998046875,5173.7001953125,5182.60009765625,3811
2026-02-24 18:30:00,5177.2998046875,5179.60009765625,5171.2998046875,5176.7998046875,1240
2026-02-24 18:45:00,5178.89990234375,5181.39990234375,5174.2998046875,5177.89990234375,639
2026-02-24 19:00:00,5174.39990234375,5178.5,5166.7001953125,5178.0,1130
2026-02-24 19:15:00,5169.2001953125,5175.39990234375,5164.2001953125,5174.5,896
2026-02-24 19:30:00,5170.39990234375,5175.0,5167.0,5169.7998046875,815
2026-02-24 19:45:00,5171.7998046875,5173.5,5169.60009765625,5170.0,480
2026-02-24 20:00:00,5166.60009765625,5173.7001953125,5164.2001953125,5172.10009765625,587
2026-02-24 20:15:00,5186.5,5188.2001953125,5165.89990234375,5166.7998046875,1388
2026-02-24 20:30:00,5190.10009765625,5191.39990234375,5183.60009765625,5186.7001953125,1165
2026-02-24 20:45:00,5181.7998046875,5190.39990234375,5175.89990234375,5190.10009765625,1106
2026-02-24 21:00:00,5179.39990234375,5183.89990234375,5174.39990234375,5181.89990234375,499
2026-02-24 21:15:00,5173.60009765625,5180.7998046875,5171.7001953125,5179.39990234375,283
2026-02-24 21:30:00,5168.7001953125,5173.7998046875,5164.2998046875,5173.7998046875,506
2026-02-24 21:45:00,5160.5,5168.89990234375,5158.0,5168.89990234375,433
2026-02-24 23:00:00,5152.89990234375,5164.0,5135.89990234375,5160.0,583
2026-02-24 23:15:00,5148.10009765625,5155.60009765625,5146.7001953125,5153.89990234375,254
2026-02-24 23:30:00,5164.7001953125,5168.0,5147.7001953125,5148.39990234375,808
2026-02-24 23:45:00,5165.0,5170.0,5163.2001953125,5164.7998046875,405
2026-02-25 00:00:00,5159.0,5167.7998046875,5154.2998046875,5165.10009765625,497
2026-02-25 00:15:00,5158.2001953125,5165.0,5155.60009765625,5158.2998046875,283
2026-02-25 00:30:00,5165.89990234375,5174.0,5159.0,5159.0,571
2026-02-25 00:45:00,5171.0,5175.2998046875,5160.10009765625,5165.60009765625,551
2026-02-25 01:00:00,5192.2998046875,5195.2998046875,5162.7998046875,5171.10009765625,1913
2026-02-25 01:15:00,5202.89990234375,5206.60009765625,5191.89990234375,5192.60009765625,1811
2026-02-25 01:30:00,5198.2001953125,5208.0,5196.2001953125,5202.60009765625,1030
2026-02-25 01:45:00,5195.10009765625,5204.2998046875,5192.2001953125,5198.2998046875,622
2026-02-25 02:00:00,5207.0,5207.2998046875,5194.39990234375,5194.39990234375,684
2026-02-25 02:15:00,5208.0,5212.0,5202.7998046875,5207.0,980
2026-02-25 02:30:00,5203.7001953125,5208.89990234375,5200.0,5208.2998046875,586
2026-02-25 02:45:00,5198.60009765625,5204.7001953125,5184.2998046875,5203.60009765625,1185
2026-02-25 03:00:00,5204.10009765625,5208.7001953125,5199.2998046875,5199.2998046875,614
2026-02-25 03:15:00,5204.7998046875,5205.7998046875,5197.10009765625,5203.7998046875,473
2026-02-25 03:30:00,5202.7001953125,5206.7001953125,5197.2001953125,5204.0,623
2026-02-25 03:45:00,5200.60009765625,5205.60009765625,5196.5,5202.10009765625,503
2026-02-25 04:00:00,5199.5,5202.60009765625,5189.2998046875,5200.10009765625,762
2026-02-25 04:15:00,5201.60009765625,5203.89990234375,5198.7001953125,5198.7001953125,459
2026-02-25 04:30:00,5203.2998046875,5203.2998046875,5198.7001953125,5201.2001953125,278
2026-02-25 04:45:00,5201.2998046875,5203.60009765625,5198.7001953125,5203.2998046875,280
2026-02-25 05:00:00,5207.2998046875,5210.60009765625,5201.7001953125,5202.10009765625,665
2026-02-25 05:15:00,5214.39990234375,5215.60009765625,5206.7998046875,5207.60009765625,868
2026-02-25 05:30:00,5222.10009765625,5223.7001953125,5211.10009765625,5214.10009765625,1782
2026-02-25 05:45:00,5221.2001953125,5230.0,5220.39990234375,5222.7998046875,1551
2026-02-25 06:00:00,5211.5,5220.89990234375,5201.7001953125,5220.10009765625,1658
2026-02-25 06:15:00,5209.0,5214.7001953125,5208.2001953125,5211.5,630
2026-02-25 06:30:00,5211.0,5213.39990234375,5207.2998046875,5208.2001953125,302
2026-02-25 06:45:00,5213.2001953125,5213.89990234375,5208.5,5210.10009765625,343
2026-02-25 07:00:00,5208.0,5214.39990234375,5206.60009765625,5213.7001953125,764
2026-02-25 07:15:00,5208.2001953125,5210.0,5200.5,5207.7001953125,733
2026-02-25 07:30:00,5205.39990234375,5209.5,5204.89990234375,5208.2998046875,536
2026-02-25 07:45:00,5203.7998046875,5208.2001953125,5199.5,5205.2001953125,732
2026-02-25 08:00:00,5206.39990234375,5209.60009765625,5203.5,5203.7001953125,511
2026-02-25 08:15:00,5212.7001953125,5213.39990234375,5205.89990234375,5206.39990234375,679
2026-02-25 08:30:00,5211.2998046875,5216.60009765625,5210.0,5212.7998046875,672
2026-02-25 08:45:00,5204.5,5211.60009765625,5203.0,5211.10009765625,764
2026-02-25 09:00:00,5202.60009765625,5207.0,5194.5,5204.2998046875,1568
2026-02-25 09:15:00,5205.7998046875,5207.5,5200.7998046875,5202.60009765625,948
2026-02-25 09:30:00,5210.0,5212.7998046875,5204.7001953125,5206.0,887
2026-02-25 09:45:00,5212.89990234375,5213.89990234375,5207.0,5210.10009765625,947
2026-02-25 10:00:00,5203.39990234375,5214.7001953125,5202.0,5212.39990234375,932
2026-02-25 10:15:00,5194.0,5203.7998046875,5191.5,5203.5,1648
2026-02-25 10:30:00,5195.60009765625,5199.89990234375,5188.0,5193.89990234375,1694
2026-02-25 10:45:00,5193.7001953125,5195.89990234375,5191.0,5195.39990234375,419
2026-02-25 11:00:00,5181.10009765625,5194.60009765625,5180.39990234375,5193.2998046875,1439
2026-02-25 11:15:00,5186.89990234375,5187.7001953125,5173.2001953125,5181.7998046875,1871
2026-02-25 11:30:00,5191.2998046875,5192.60009765625,5185.0,5187.2998046875,1013
2026-02-25 11:45:00,5199.5,5200.7998046875,5190.2001953125,5191.7001953125,1007
2026-02-25 12:00:00,5199.60009765625,5201.0,5196.2001953125,5199.2998046875,1038
2026-02-25 12:15:00,5201.5,5205.2001953125,5199.7001953125,5200.10009765625,1047
2026-02-25 12:30:00,5202.39990234375,5204.10009765625,5195.0,5201.5,1070
2026-02-25 12:45:00,5201.0,5203.39990234375,5196.7998046875,5202.7998046875,696
2026-02-25 13:00:00,5205.39990234375,5208.2998046875,5199.0,5201.89990234375,1833
2026-02-25 13:15:00,5206.2998046875,5210.0,5204.2001953125,5205.7001953125,1221
2026-02-25 13:30:00,5205.5,5209.89990234375,5200.2998046875,5206.7001953125,1196
2026-02-25 13:45:00,5203.7001953125,5209.5,5202.39990234375,5205.7001953125,1263
2026-02-25 14:00:00,5203.7001953125,5210.0,5202.0,5203.2001953125,1339
2026-02-25 14:15:00,5196.10009765625,5204.60009765625,5192.7998046875,5203.89990234375,2212
2026-02-25 14:30:00,5193.2998046875,5199.89990234375,5177.0,5196.39990234375,5815
2026-02-25 14:45:00,5210.2001953125,5211.7998046875,5192.7998046875,5193.0,3732
2026-02-25 15:00:00,5211.89990234375,5222.0,5208.60009765625,5209.2998046875,4933
2026-02-25 15:15:00,5199.2001953125,5215.0,5193.0,5212.60009765625,2594
2026-02-25 15:30:00,5210.39990234375,5212.5,5190.2998046875,5199.5,2088
2026-02-25 15:45:00,5214.5,5217.7001953125,5205.2998046875,5210.2998046875,1945
2026-02-25 16:00:00,5212.10009765625,5218.2998046875,5209.10009765625,5214.10009765625,1672
2026-02-25 16:15:00,5222.39990234375,5226.39990234375,5211.5,5212.39990234375,2179
2026-02-25 16:30:00,5227.2001953125,5227.2001953125,5218.60009765625,5222.5,1646
2026-02-25 16:45:00,5231.7001953125,5233.60009765625,5226.39990234375,5227.2001953125,2189
2026-02-25 17:00:00,5234.7001953125,5237.2998046875,5227.10009765625,5232.0,1640
2026-02-25 17:15:00,5232.60009765625,5235.60009765625,5230.7998046875,5234.89990234375,1154
2026-02-25 17:30:00,5228.2001953125,5234.0,5227.60009765625,5232.89990234375,1186
2026-02-25 17:45:00,5226.5,5230.2998046875,5222.89990234375,5228.2998046875,1400
2026-02-25 18:00:00,5226.39990234375,5227.0,5226.39990234375,5226.5,8
2026-02-25 19:45:00,5224.39990234375,5229.2998046875,5218.10009765625,5226.2001953125,2742
2026-02-25 20:00:00,5214.7001953125,5225.0,5214.2001953125,5224.10009765625,1239
2026-02-25 20:15:00,5205.10009765625,5215.39990234375,5202.0,5214.5,2060
2026-02-25 20:30:00,5200.39990234375,5209.7998046875,5191.2001953125,5205.2998046875,1978
2026-02-25 20:45:00,5169.89990234375,5200.10009765625,5163.2998046875,5200.10009765625,3695
2026-02-25 21:00:00,5180.10009765625,5184.0,5168.60009765625,5171.2001953125,1806
2026-02-25 21:15:00,5186.89990234375,5191.39990234375,5179.2001953125,5179.7998046875,1149
2026-02-25 21:30:00,5187.89990234375,5191.2001953125,5184.39990234375,5187.2001953125,447
2026-02-25 21:45:00,5183.7001953125,5189.60009765625,5180.5,5187.7998046875,651
2026-02-25 23:00:00,5185.10009765625,5198.10009765625,5175.2001953125,5175.2998046875,400
2026-02-25 23:15:00,5186.0,5195.7998046875,5180.0,5184.7998046875,719
2026-02-25 23:30:00,5188.0,5190.10009765625,5179.10009765625,5185.7001953125,691
2026-02-25 23:45:00,5180.0,5195.2001953125,5176.2001953125,5188.7998046875,1382
2026-02-26 00:00:00,5183.2001953125,5185.0,5170.10009765625,5179.10009765625,1207
2026-02-26 00:15:00,5200.10009765625,5201.7001953125,5183.10009765625,5183.10009765625,1068
2026-02-26 00:30:00,5203.5,5204.7998046875,5196.2998046875,5200.89990234375,908
2026-02-26 00:45:00,5203.2001953125,5207.39990234375,5200.0,5203.89990234375,639
2026-02-26 01:00:00,5203.7001953125,5213.39990234375,5197.7001953125,5203.7998046875,1550
2026-02-26 01:15:00,5196.39990234375,5211.0,5194.7001953125,5204.2998046875,869
2026-02-26 01:30:00,5205.0,5208.2998046875,5194.5,5196.2001953125,893
2026-02-26 01:45:00,5206.7998046875,5209.39990234375,5200.2001953125,5204.89990234375,682
2026-02-26 02:00:00,5198.39990234375,5211.5,5198.0,5207.0,716
2026-02-26 02:15:00,5196.0,5205.2998046875,5196.0,5199.0,556
2026-02-26 02:30:00,5191.2998046875,5199.39990234375,5188.7998046875,5195.7998046875,1039
2026-02-26 02:45:00,5199.60009765625,5202.0,5191.60009765625,5191.60009765625,480
2026-02-26 03:00:00,5202.39990234375,5203.7998046875,5198.2001953125,5199.39990234375,340
2026-02-26 03:15:00,5203.89990234375,5209.39990234375,5201.2001953125,5202.89990234375,677
2026-02-26 03:30:00,5202.2001953125,5205.5,5201.60009765625,5203.89990234375,265
2026-02-26 03:45:00,5208.10009765625,5208.60009765625,5200.0,5201.7998046875,340
2026-02-26 04:00:00,5212.5,5215.39990234375,5207.89990234375,5208.10009765625,690
2026-02-26 04:15:00,5210.10009765625,5213.0,5207.39990234375,5212.7001953125,409
2026-02-26 04:30:00,5210.0,5211.60009765625,5208.89990234375,5209.89990234375,622
2026-02-26 04:45:00,5208.7001953125,5210.89990234375,5206.60009765625,5210.2998046875,287
2026-02-26 05:00:00,5214.0,5215.7001953125,5206.10009765625,5208.7998046875,436
2026-02-26 05:15:00,5216.60009765625,5221.89990234375,5212.5,5214.0,1082
2026-02-26 05:30:00,5215.7998046875,5219.7001953125,5212.2998046875,5216.2998046875,693
2026-02-26 05:45:00,5214.39990234375,5216.5,5207.5,5216.10009765625,711
2026-02-26 06:00:00,5215.0,5216.10009765625,5209.89990234375,5214.7998046875,470
2026-02-26 06:15:00,5210.10009765625,5214.60009765625,5209.5,5214.60009765625,464
2026-02-26 06:30:00,5213.2001953125,5215.10009765625,5209.7998046875,5209.7998046875,660
2026-02-26 06:45:00,5209.7998046875,5214.2001953125,5207.0,5213.60009765625,816
2026-02-26 07:00:00,5204.2001953125,5211.5,5198.0,5210.2001953125,1095
2026-02-26 07:15:00,5201.60009765625,5207.2998046875,5198.7001953125,5204.2001953125,918
2026-02-26 07:30:00,5203.10009765625,5206.5,5201.10009765625,5202.0,813
2026-02-26 07:45:00,5202.60009765625,5204.89990234375,5196.39990234375,5202.7998046875,817
2026-02-26 08:00:00,5206.2998046875,5207.89990234375,5195.89990234375,5202.7998046875,1139
2026-02-26 08:15:00,5193.10009765625,5207.5,5191.10009765625,5206.10009765625,1337
2026-02-26 08:30:00,5190.60009765625,5196.7001953125,5186.5,5192.60009765625,1909
2026-02-26 08:45:00,5195.7998046875,5198.5,5182.89990234375,5190.39990234375,1468
2026-02-26 09:00:00,5197.60009765625,5198.60009765625,5190.10009765625,5195.39990234375,958
2026-02-26 09:15:00,5197.2001953125,5198.39990234375,5190.89990234375,5197.7998046875,854
2026-02-26 09:30:00,5197.7001953125,5199.7998046875,5195.39990234375,5197.10009765625,1126
2026-02-26 09:45:00,5202.39990234375,5205.7998046875,5198.10009765625,5198.2998046875,1514
2026-02-26 10:00:00,5204.0,5206.39990234375,5201.7998046875,5202.60009765625,597
2026-02-26 10:15:00,5195.0,5204.7998046875,5194.89990234375,5204.2001953125,1223
2026-02-26 10:30:00,5188.0,5195.2998046875,5187.60009765625,5194.89990234375,1860
2026-02-26 10:45:00,5187.10009765625,5191.10009765625,5180.60009765625,5187.5,1827
2026-02-26 11:00:00,5191.7998046875,5194.2998046875,5184.7998046875,5186.7998046875,1427
2026-02-26 11:15:00,5187.89990234375,5192.0,5186.7001953125,5191.60009765625,880
2026-02-26 11:30:00,5190.2001953125,5191.7998046875,5187.7001953125,5188.10009765625,532
2026-02-26 11:45:00,5180.7001953125,5190.5,5176.39990234375,5190.5,1331
2026-02-26 12:00:00,5184.60009765625,5186.0,5173.10009765625,5180.89990234375,1785
2026-02-26 12:15:00,5194.7001953125,5196.5,5182.2001953125,5184.2001953125,1538
2026-02-26 12:30:00,5203.7001953125,5203.7998046875,5194.2001953125,5195.10009765625,1850
2026-02-26 12:45:00,5200.0,5204.2001953125,5195.2998046875,5203.89990234375,1121
2026-02-26 13:00:00,5190.2001953125,5202.10009765625,5184.60009765625,5200.10009765625,2315
2026-02-26 13:15:00,5191.10009765625,5195.2001953125,5187.10009765625,5189.89990234375,1527
2026-02-26 13:30:00,5181.2001953125,5193.2001953125,5180.2001953125,5191.2001953125,1928
2026-02-26 13:45:00,5182.2998046875,5187.89990234375,5180.89990234375,5181.10009765625,1320
2026-02-26 14:00:00,5182.2998046875,5186.0,5176.0,5182.2001953125,1900
2026-02-26 14:15:00,5186.7001953125,5188.5,5179.2998046875,5182.0,1379
2026-02-26 14:30:00,5188.5,5191.39990234375,5154.60009765625,5186.39990234375,6979
2026-02-26 14:45:00,5181.10009765625,5192.2001953125,5179.7001953125,5188.7001953125,2286
2026-02-26 15:00:00,5178.39990234375,5188.60009765625,5174.89990234375,5180.7001953125,2650
2026-02-26 15:15:00,5157.5,5179.39990234375,5144.7998046875,5178.5,6250
2026-02-26 15:30:00,5192.2998046875,5192.7001953125,5156.2001953125,5157.2998046875,4658
2026-02-26 15:45:00,5202.5,5210.10009765625,5191.2998046875,5192.10009765625,5248
2026-02-26 16:00:00,5193.7001953125,5204.2998046875,5189.39990234375,5203.0,2827
2026-02-26 16:15:00,5197.60009765625,5201.7998046875,5190.7998046875,5194.2001953125,1714
2026-02-26 16:30:00,5199.7001953125,5203.2001953125,5194.7001953125,5196.89990234375,1624
2026-02-26 16:45:00,5196.2998046875,5202.2998046875,5192.10009765625,5200.2998046875,1556
2026-02-26 17:00:00,5196.5,5207.39990234375,5195.2998046875,5196.7001953125,1862
2026-02-26 17:15:00,5191.0,5199.0,5190.39990234375,5196.7998046875,1345
2026-02-26 17:30:00,5190.7998046875,5194.7998046875,5188.7001953125,5191.2001953125,1146
2026-02-26 17:45:00,5184.0,5192.5,5178.60009765625,5191.2998046875,2260
2026-02-26 18:00:00,5190.60009765625,5190.7001953125,5180.5,5184.2001953125,1876
2026-02-26 18:15:00,5194.10009765625,5195.2998046875,5188.5,5190.2998046875,3423
2026-02-26 18:30:00,5198.10009765625,5199.0,5176.2998046875,5194.2001953125,3725
2026-02-26 18:45:00,5196.89990234375,5202.7998046875,5195.0,5198.10009765625,1586
2026-02-26 19:00:00,5203.0,5205.2001953125,5195.89990234375,5197.2998046875,1236
2026-02-26 19:15:00,5202.7001953125,5206.2001953125,5201.5,5203.10009765625,936
2026-02-26 19:30:00,5203.39990234375,5208.0,5200.2001953125,5203.0,1206
2026-02-26 19:45:00,5204.2001953125,5211.2998046875,5203.2998046875,5204.10009765625,1262
2026-02-26 20:00:00,5213.7998046875,5215.0,5203.7998046875,5203.89990234375,1014
2026-02-26 20:15:00,5210.7998046875,5215.10009765625,5208.7001953125,5213.7001953125,987
2026-02-26 20:30:00,5215.7001953125,5216.7001953125,5207.7998046875,5210.89990234375,968
2026-02-26 20:45:00,5213.5,5218.2001953125,5206.89990234375,5215.7998046875,1520
2026-02-26 21:00:00,5213.5,5217.7998046875,5213.5,5213.7998046875,485
2026-02-26 21:15:00,5203.2998046875,5214.2001953125,5202.2001953125,5213.5,631
2026-02-26 21:30:00,5207.60009765625,5208.5,5201.7001953125,5202.89990234375,332
2026-02-26 21:45:00,5201.5,5207.2998046875,5200.2001953125,5207.2998046875,367
2026-02-26 23:00:00,5200.2001953125,5206.7001953125,5191.5,5201.89990234375,517
2026-02-26 23:15:00,5200.89990234375,5204.2001953125,5197.7998046875,5200.39990234375,298
2026-02-26 23:30:00,5202.2998046875,5206.10009765625,5198.0,5201.0,508
2026-02-26 23:45:00,5200.89990234375,5205.2001953125,5199.0,5202.2001953125,345
2026-02-27 00:00:00,5202.7001953125,5203.39990234375,5195.10009765625,5201.60009765625,607
2026-02-27 00:15:00,5204.2001953125,5212.0,5201.7001953125,5202.2001953125,696
2026-02-27 00:30:00,5191.39990234375,5206.10009765625,5186.0,5204.2001953125,1207
2026-02-27 00:45:00,5191.60009765625,5194.0,5188.0,5191.2001953125,508
2026-02-27 01:00:00,5192.89990234375,5195.39990234375,5182.89990234375,5191.10009765625,1435
2026-02-27 01:15:00,5191.39990234375,5196.7998046875,5191.2001953125,5193.39990234375,354
2026-02-27 01:30:00,5204.5,5207.5,5189.39990234375,5191.10009765625,796
2026-02-27 01:45:00,5210.2001953125,5210.5,5203.10009765625,5204.7001953125,709
2026-02-27 02:00:00,5211.0,5216.2001953125,5207.60009765625,5210.2001953125,1476
2026-02-27 02:15:00,5200.89990234375,5211.7001953125,5200.7998046875,5210.89990234375,789
2026-02-27 02:30:00,5198.5,5203.10009765625,5191.2998046875,5201.2998046875,1587
2026-02-27 02:45:00,5200.2998046875,5201.60009765625,5190.2001953125,5199.10009765625,657
2026-02-27 03:00:00,5199.0,5202.0,5197.5,5200.7001953125,561
2026-02-27 03:15:00,5203.5,5205.0,5198.10009765625,5199.39990234375,523
2026-02-27 03:30:00,5203.5,5205.60009765625,5200.2001953125,5203.39990234375,438
2026-02-27 03:45:00,5201.2001953125,5207.39990234375,5200.89990234375,5203.60009765625,588
2026-02-27 04:00:00,5203.10009765625,5204.2998046875,5200.60009765625,5200.60009765625,232
2026-02-27 04:15:00,5204.10009765625,5205.5,5198.0,5203.39990234375,318
2026-02-27 04:30:00,5203.7998046875,5205.2998046875,5202.0,5203.7998046875,128
2026-02-27 04:45:00,5200.5,5204.2001953125,5199.10009765625,5203.7998046875,259
2026-02-27 05:00:00,5204.2001953125,5204.2001953125,5198.0,5198.10009765625,311
2026-02-27 05:15:00,5211.5,5211.5,5202.5,5204.2001953125,561
2026-02-27 05:30:00,5208.7998046875,5214.2998046875,5207.2998046875,5211.5,1068
2026-02-27 05:45:00,5214.7001953125,5217.5,5207.7998046875,5209.10009765625,818
2026-02-27 06:00:00,5213.60009765625,5215.5,5210.0,5214.60009765625,708
2026-02-27 06:15:00,5210.10009765625,5216.2998046875,5209.2001953125,5213.7001953125,545
2026-02-27 06:30:00,5210.2998046875,5213.7001953125,5208.60009765625,5210.5,575
2026-02-27 06:45:00,5202.7998046875,5211.0,5201.89990234375,5211.0,988
2026-02-27 07:00:00,5198.5,5206.5,5198.2001953125,5202.89990234375,1849
2026-02-27 07:15:00,5195.39990234375,5202.2998046875,5194.5,5198.7998046875,2068
2026-02-27 07:30:00,5197.39990234375,5199.60009765625,5192.60009765625,5195.60009765625,845
2026-02-27 07:45:00,5193.10009765625,5199.39990234375,5192.60009765625,5197.5,907
2026-02-27 08:00:00,5195.2001953125,5199.39990234375,5193.2001953125,5193.2001953125,866
2026-02-27 08:15:00,5194.60009765625,5197.10009765625,5191.10009765625,5195.7001953125,853
2026-02-27 08:30:00,5197.10009765625,5199.2001953125,5193.7001953125,5194.10009765625,653
2026-02-27 08:45:00,5195.10009765625,5199.0,5193.10009765625,5197.0,623
2026-02-27 09:00:00,5194.7001953125,5198.0,5191.5,5195.39990234375,853
2026-02-27 09:15:00,5195.7001953125,5198.60009765625,5193.60009765625,5194.7998046875,659
2026-02-27 09:30:00,5197.5,5198.10009765625,5194.2001953125,5195.2001953125,527
2026-02-27 09:45:00,5192.2998046875,5199.2998046875,5188.5,5197.7998046875,1488
2026-02-27 10:00:00,5190.60009765625,5193.2998046875,5183.2001953125,5192.5,1137
2026-02-27 10:15:00,5189.5,5197.2001953125,5188.5,5190.5,1304
2026-02-27 10:30:00,5192.0,5192.7001953125,5184.60009765625,5189.60009765625,1449
2026-02-27 10:45:00,5193.60009765625,5195.60009765625,5191.39990234375,5192.0,665
2026-02-27 11:00:00,5189.7001953125,5194.2998046875,5189.2001953125,5193.60009765625,471
2026-02-27 11:15:00,5193.7001953125,5195.2001953125,5188.2998046875,5189.60009765625,688
2026-02-27 11:30:00,5193.7998046875,5196.5,5192.89990234375,5193.89990234375,802
2026-02-27 11:45:00,5202.0,5202.2001953125,5193.89990234375,5194.0,928
2026-02-27 12:00:00,5202.2998046875,5207.0,5201.5,5202.10009765625,1184
2026-02-27 12:15:00,5203.60009765625,5206.39990234375,5201.7998046875,5202.2998046875,720
2026-02-27 12:30:00,5201.89990234375,5205.0,5200.7001953125,5203.7998046875,865
2026-02-27 12:45:00,5204.2998046875,5205.7001953125,5199.60009765625,5201.7001953125,930
2026-02-27 13:00:00,5230.89990234375,5235.0,5203.5,5204.5,6919
2026-02-27 13:15:00,5254.89990234375,5259.2998046875,5230.89990234375,5231.39990234375,7332
2026-02-27 13:30:00,5234.0,5256.0,5225.39990234375,5254.0,6597
2026-02-27 13:45:00,5240.7998046875,5243.39990234375,5228.60009765625,5234.2001953125,2973
2026-02-27 14:00:00,5244.2998046875,5248.0,5235.10009765625,5240.7998046875,2804
2026-02-27 14:15:00,5248.89990234375,5254.2998046875,5241.39990234375,5244.60009765625,2580
2026-02-27 14:30:00,5243.0,5251.39990234375,5230.60009765625,5248.89990234375,4716
2026-02-27 14:45:00,5240.89990234375,5247.0,5233.10009765625,5242.2998046875,3463
2026-02-27 15:00:00,5255.7001953125,5258.10009765625,5237.0,5240.7998046875,5890
2026-02-27 15:15:00,5248.89990234375,5258.5,5232.60009765625,5256.10009765625,4167
2026-02-27 15:30:00,5248.39990234375,5255.0,5244.7001953125,5249.39990234375,2733
2026-02-27 15:45:00,5257.7998046875,5265.0,5247.7001953125,5249.0,4661
2026-02-27 16:00:00,5273.39990234375,5274.5,5252.0,5258.0,4577
2026-02-27 16:15:00,5252.5,5276.60009765625,5240.60009765625,5272.7001953125,5159
2026-02-27 16:30:00,5253.89990234375,5257.10009765625,5247.60009765625,5252.5,2539
2026-02-27 16:45:00,5246.89990234375,5256.2998046875,5246.7001953125,5253.89990234375,1776
2026-02-27 17:00:00,5248.5,5253.5,5243.7001953125,5247.10009765625,2969
2026-02-27 17:15:00,5246.2998046875,5249.7998046875,5240.60009765625,5248.7001953125,2500
2026-02-27 17:30:00,5251.89990234375,5254.39990234375,5237.39990234375,5246.0,3150
2026-02-27 17:45:00,5252.39990234375,5254.5,5249.7001953125,5251.89990234375,1224
2026-02-27 18:00:00,5251.5,5256.2998046875,5251.2998046875,5252.2001953125,1376
2026-02-27 18:15:00,5248.2001953125,5252.2001953125,5240.0,5251.2001953125,3684
2026-02-27 18:30:00,5257.2998046875,5257.7998046875,5244.5,5248.10009765625,1654
2026-02-27 18:45:00,5263.0,5264.7998046875,5256.39990234375,5257.2001953125,1501
2026-02-27 19:00:00,5265.2001953125,5269.10009765625,5258.2001953125,5262.7998046875,1829
2026-02-27 19:15:00,5266.5,5270.7998046875,5263.39990234375,5264.89990234375,969
2026-02-27 19:30:00,5264.39990234375,5269.7998046875,5262.0,5266.89990234375,814
2026-02-27 19:45:00,5268.39990234375,5269.5,5264.10009765625,5264.5,705
2026-02-27 20:00:00,5270.0,5271.10009765625,5266.89990234375,5267.89990234375,565
2026-02-27 20:15:00,5275.5,5280.7998046875,5270.5,5270.5,1660
2026-02-27 20:30:00,5278.2998046875,5281.60009765625,5273.2998046875,5275.39990234375,1148
2026-02-27 20:45:00,5281.2998046875,5283.7998046875,5278.0,5278.2001953125,1646
2026-02-27 21:00:00,5278.10009765625,5282.60009765625,5276.2001953125,5281.60009765625,1211
2026-02-27 21:15:00,5280.7001953125,5282.2001953125,5275.60009765625,5278.10009765625,852
2026-02-27 21:30:00,5292.2998046875,5294.2998046875,5278.5,5280.39990234375,1303
2026-02-27 21:45:00,5247.89990234375,5299.0,5247.89990234375,5292.2998046875,1121
2026-03-01 23:00:00,5360.2998046875,5371.2001953125,5354.2998046875,5364.2001953125,1415
2026-03-01 23:15:00,5368.5,5372.0,5357.0,5360.2998046875,3158
2026-03-01 23:30:00,5395.5,5409.7001953125,5366.60009765625,5369.2001953125,4082
2026-03-01 23:45:00,5400.39990234375,5405.0,5387.7998046875,5395.10009765625,2226
2026-03-02 00:00:00,5390.7001953125,5402.0,5376.0,5401.2998046875,2497
2026-03-02 00:15:00,5379.2998046875,5389.7001953125,5363.2001953125,5389.5,1955
2026-03-02 00:30:00,5380.0,5388.0,5373.89990234375,5379.2998046875,1061
2026-03-02 00:45:00,5360.60009765625,5380.7001953125,5353.89990234375,5378.2998046875,2107
2026-03-02 01:00:00,5353.60009765625,5360.60009765625,5328.2001953125,5360.5,5757
2026-03-02 01:15:00,5320.5,5359.60009765625,5315.2998046875,5353.7998046875,3272
2026-03-02 01:30:00,5345.7998046875,5352.0,5317.60009765625,5320.2998046875,2430
2026-03-02 01:45:00,5338.2998046875,5350.89990234375,5334.5,5345.7001953125,1499
2026-03-02 02:00:00,5341.2998046875,5348.10009765625,5329.2001953125,5338.5,1552
2026-03-02 02:15:00,5344.39990234375,5349.89990234375,5339.5,5342.0,925
2026-03-02 02:30:00,5363.60009765625,5364.89990234375,5341.60009765625,5343.7998046875,1173
2026-03-02 02:45:00,5358.7998046875,5364.2001953125,5353.7998046875,5363.60009765625,990
2026-03-02 03:00:00,5368.89990234375,5370.60009765625,5357.39990234375,5358.7998046875,878
2026-03-02 03:15:00,5368.5,5372.7998046875,5363.0,5367.89990234375,701
2026-03-02 03:30:00,5374.7001953125,5378.0,5366.39990234375,5368.0,907
2026-03-02 03:45:00,5378.7001953125,5379.5,5372.7001953125,5374.2998046875,591
2026-03-02 04:00:00,5368.7998046875,5380.0,5368.10009765625,5378.60009765625,755
2026-03-02 04:15:00,5377.0,5379.2998046875,5368.5,5369.0,543
2026-03-02 04:30:00,5366.7001953125,5377.60009765625,5358.39990234375,5377.2001953125,969
2026-03-02 04:45:00,5369.7998046875,5371.2998046875,5363.5,5366.7998046875,353
2026-03-02 05:00:00,5363.0,5368.2001953125,5358.89990234375,5368.2001953125,666
2026-03-02 05:15:00,5363.5,5367.39990234375,5353.39990234375,5362.7001953125,736
2026-03-02 05:30:00,5373.7998046875,5376.7998046875,5361.89990234375,5364.10009765625,884
2026-03-02 05:45:00,5378.89990234375,5380.0,5372.60009765625,5373.10009765625,852
2026-03-02 06:00:00,5388.7998046875,5393.39990234375,5376.7001953125,5378.7998046875,1640
2026-03-02 06:15:00,5395.39990234375,5397.0,5387.10009765625,5388.39990234375,1317
2026-03-02 06:30:00,5389.7998046875,5397.39990234375,5388.2998046875,5394.89990234375,1456
2026-03-02 06:45:00,5401.5,5403.89990234375,5390.2001953125,5390.2001953125,1660
2026-03-02 07:00:00,5420.60009765625,5422.2001953125,5398.89990234375,5401.7001953125,3172
2026-03-02 07:15:00,5422.0,5434.10009765625,5419.5,5421.60009765625,3218
2026-03-02 07:30:00,5417.60009765625,5426.0,5416.2001953125,5422.5,1978
2026-03-02 07:45:00,5423.0,5429.2001953125,5416.7998046875,5418.0,1748
2026-03-02 08:00:00,5425.0,5428.5,5417.39990234375,5422.7998046875,1926
2026-03-02 08:15:00,5431.0,5431.39990234375,5416.5,5425.2998046875,2223
2026-03-02 08:30:00,5416.7998046875,5432.0,5411.60009765625,5431.2001953125,2351
2026-03-02 08:45:00,5408.89990234375,5425.2998046875,5406.2998046875,5416.39990234375,2958
2026-03-02 09:00:00,5409.10009765625,5415.39990234375,5404.39990234375,5409.10009765625,2138
2026-03-02 09:15:00,5409.2001953125,5413.60009765625,5400.0,5409.60009765625,1546
2026-03-02 09:30:00,5411.60009765625,5418.39990234375,5408.39990234375,5409.2001953125,1519
2026-03-02 09:45:00,5406.89990234375,5411.7998046875,5402.2998046875,5411.7001953125,1289
2026-03-02 10:00:00,5405.5,5409.39990234375,5393.60009765625,5407.7998046875,2230
2026-03-02 10:15:00,5404.89990234375,5407.2998046875,5398.60009765625,5405.2001953125,1154
2026-03-02 10:30:00,5415.39990234375,5416.7998046875,5401.7998046875,5405.10009765625,2072
2026-03-02 10:45:00,5404.10009765625,5416.10009765625,5396.0,5415.89990234375,1754
2026-03-02 11:00:00,5403.0,5409.2001953125,5396.7001953125,5404.2001953125,1240
2026-03-02 11:15:00,5405.10009765625,5412.0,5402.39990234375,5402.60009765625,1009
2026-03-02 11:30:00,5403.39990234375,5415.0,5403.39990234375,5405.5,898
2026-03-02 11:45:00,5399.60009765625,5404.2998046875,5386.0,5403.2001953125,2484
2026-03-02 12:00:00,5406.2998046875,5413.0,5393.5,5399.89990234375,2001
2026-03-02 12:15:00,5409.0,5410.7001953125,5399.2998046875,5406.2998046875,1157
2026-03-02 12:30:00,5411.39990234375,5413.60009765625,5403.7001953125,5409.10009765625,1119
2026-03-02 12:45:00,5412.39990234375,5413.7001953125,5401.10009765625,5411.7001953125,1502
2026-03-02 13:00:00,5399.39990234375,5425.60009765625,5396.7998046875,5412.2001953125,4417
2026-03-02 13:15:00,5416.89990234375,5425.2001953125,5397.7998046875,5398.89990234375,3902
2026-03-02 13:30:00,5409.10009765625,5432.2001953125,5408.2998046875,5417.39990234375,4261
2026-03-02 13:45:00,5409.7998046875,5414.0,5404.5,5409.2001953125,1961
2026-03-02 14:00:00,5390.0,5410.7998046875,5378.0,5409.0,4872
2026-03-02 14:15:00,5347.7001953125,5391.5,5320.2998046875,5389.5,11301
2026-03-02 14:30:00,5360.5,5370.10009765625,5318.60009765625,5347.89990234375,10343
2026-03-02 14:45:00,5346.39990234375,5365.10009765625,5334.0,5361.7001953125,5089
2026-03-02 15:00:00,5347.2998046875,5360.60009765625,5330.60009765625,5346.10009765625,6406
2026-03-02 15:15:00,5344.7998046875,5353.5,5331.2001953125,5347.10009765625,3307
2026-03-02 15:30:00,5357.2001953125,5364.2998046875,5344.2001953125,5344.7998046875,2196
2026-03-02 15:45:00,5329.60009765625,5360.0,5321.60009765625,5356.7001953125,4027
2026-03-02 16:00:00,5314.7998046875,5329.2998046875,5272.89990234375,5328.7001953125,11445
2026-03-02 16:15:00,5324.2001953125,5328.7001953125,5294.0,5314.5,4930
2026-03-02 16:30:00,5315.5,5326.39990234375,5295.89990234375,5323.89990234375,3736
2026-03-02 16:45:00,5304.0,5320.60009765625,5303.0,5315.7998046875,1906
2026-03-02 17:00:00,5312.7998046875,5325.5,5300.39990234375,5303.60009765625,2663
2026-03-02 17:15:00,5319.0,5327.2001953125,5306.0,5313.2001953125,1346
2026-03-02 17:30:00,5318.7001953125,5335.10009765625,5317.39990234375,5318.89990234375,1690
2026-03-02 17:45:00,5321.10009765625,5324.89990234375,5311.89990234375,5318.5,1017
2026-03-02 18:00:00,5309.0,5322.2998046875,5302.89990234375,5321.39990234375,1204
2026-03-02 18:15:00,5311.0,5320.0,5307.0,5309.2001953125,3275
2026-03-02 18:30:00,5316.7001953125,5316.7001953125,5304.2001953125,5311.0,1629
2026-03-02 18:45:00,5329.7998046875,5330.7998046875,5315.89990234375,5316.7001953125,1843
2026-03-02 19:00:00,5344.7001953125,5347.2001953125,5328.2001953125,5329.89990234375,2399
2026-03-02 19:15:00,5345.0,5347.0,5332.7998046875,5345.10009765625,1388
2026-03-02 19:30:00,5338.89990234375,5348.5,5338.39990234375,5345.10009765625,985
2026-03-02 19:45:00,5344.2001953125,5346.0,5336.60009765625,5338.89990234375,911
2026-03-02 20:00:00,5351.39990234375,5360.89990234375,5342.2001953125,5344.10009765625,1956
2026-03-02 20:15:00,5347.7001953125,5360.7998046875,5342.5,5351.7998046875,1914
2026-03-02 20:30:00,5356.10009765625,5359.7001953125,5346.7998046875,5348.0,934
2026-03-02 20:45:00,5346.10009765625,5357.2998046875,5345.0,5356.10009765625,1193
2026-03-02 21:00:00,5349.7001953125,5354.0,5345.5,5346.5,686
2026-03-02 21:15:00,5346.7001953125,5354.60009765625,5346.0,5349.89990234375,256
2026-03-02 21:30:00,5345.5,5347.5,5340.2998046875,5346.7001953125,405
2026-03-02 21:45:00,5335.89990234375,5345.39990234375,5335.39990234375,5345.39990234375,513
2026-03-02 23:00:00,5352.2998046875,5360.89990234375,5334.89990234375,5335.7001953125,453
2026-03-02 23:15:00,5350.10009765625,5355.2001953125,5342.7998046875,5352.89990234375,473
2026-03-02 23:30:00,5345.0,5350.7001953125,5344.10009765625,5350.7001953125,311
2026-03-02 23:45:00,5359.10009765625,5360.39990234375,5343.7998046875,5345.2998046875,512
2026-03-03 00:00:00,5362.2001953125,5365.0,5350.10009765625,5359.89990234375,569
2026-03-03 00:15:00,5371.7998046875,5374.60009765625,5361.89990234375,5362.60009765625,1055
2026-03-03 00:30:00,5368.7998046875,5376.89990234375,5362.0,5371.89990234375,820
2026-03-03 00:45:00,5364.5,5374.0,5360.39990234375,5369.7001953125,753
2026-03-03 01:00:00,5382.5,5386.7001953125,5361.2001953125,5364.89990234375,2282
2026-03-03 01:15:00,5391.2998046875,5394.2001953125,5379.7001953125,5382.39990234375,1248
2026-03-03 01:30:00,5376.60009765625,5392.39990234375,5375.7998046875,5391.7998046875,959
2026-03-03 01:45:00,5352.89990234375,5379.10009765625,5351.5,5376.2001953125,1981
2026-03-03 02:00:00,5363.0,5370.7001953125,5346.7001953125,5353.7001953125,1797
2026-03-03 02:15:00,5372.89990234375,5373.60009765625,5358.39990234375,5364.2001953125,796
2026-03-03 02:30:00,5375.60009765625,5378.89990234375,5368.89990234375,5372.39990234375,875
2026-03-03 02:45:00,5380.0,5381.7998046875,5372.7001953125,5373.2001953125,798
2026-03-03 03:00:00,5379.7998046875,5385.10009765625,5378.2001953125,5380.7001953125,719
2026-03-03 03:15:00,5380.5,5387.2001953125,5376.7998046875,5380.89990234375,718
2026-03-03 03:30:00,5383.2998046875,5383.89990234375,5378.7998046875,5380.5,272
2026-03-03 03:45:00,5381.2001953125,5383.2998046875,5372.2001953125,5382.89990234375,426
2026-03-03 04:00:00,5375.39990234375,5381.2001953125,5373.0,5380.7998046875,589
2026-03-03 04:15:00,5385.2001953125,5389.0,5373.5,5375.60009765625,700
2026-03-03 04:30:00,5383.7998046875,5389.2001953125,5381.0,5385.2001953125,399
2026-03-03 04:45:00,5377.89990234375,5384.0,5375.2998046875,5384.0,705
2026-03-03 05:00:00,5375.39990234375,5381.5,5368.10009765625,5374.7001953125,900
2026-03-03 05:15:00,5372.89990234375,5378.7001953125,5366.7998046875,5376.7001953125,609
2026-03-03 05:30:00,5359.39990234375,5373.39990234375,5347.5,5373.10009765625,1536
2026-03-03 05:45:00,5331.89990234375,5360.5,5318.0,5358.7998046875,2751
2026-03-03 06:00:00,5302.2001953125,5336.2001953125,5292.10009765625,5333.7001953125,2905
2026-03-03 06:15:00,5329.7998046875,5333.0,5300.7001953125,5302.7998046875,2756
2026-03-03 06:30:00,5322.5,5331.89990234375,5308.0,5330.10009765625,2236
2026-03-03 06:45:00,5323.0,5328.10009765625,5303.2998046875,5323.60009765625,1425
2026-03-03 07:00:00,5327.39990234375,5331.2001953125,5318.5,5322.7998046875,1067
2026-03-03 07:15:00,5326.0,5332.0,5322.7001953125,5327.5,1314
2026-03-03 07:30:00,5339.7001953125,5341.39990234375,5326.0,5326.0,1222
2026-03-03 07:45:00,5340.60009765625,5346.10009765625,5336.89990234375,5339.7998046875,1215
2026-03-03 08:00:00,5333.89990234375,5349.0,5333.2998046875,5340.5,1549
2026-03-03 08:15:00,5325.5,5341.5,5323.89990234375,5334.60009765625,1402
2026-03-03 08:30:00,5318.2001953125,5326.7001953125,5308.5,5325.7001953125,2318
2026-03-03 08:45:00,5308.7998046875,5324.10009765625,5302.7998046875,5318.2998046875,1641
2026-03-03 09:00:00,5308.7001953125,5317.39990234375,5295.0,5308.5,2432
2026-03-03 09:15:00,5253.2998046875,5314.89990234375,5236.0,5308.5,7102
2026-03-03 09:30:00,5275.89990234375,5282.5,5251.7001953125,5253.7998046875,5719
2026-03-03 09:45:00,5286.7998046875,5292.89990234375,5271.5,5276.2001953125,2740
2026-03-03 10:00:00,5285.10009765625,5300.10009765625,5280.10009765625,5287.2998046875,1837
2026-03-03 10:15:00,5289.10009765625,5293.2001953125,5275.39990234375,5285.39990234375,996
2026-03-03 10:30:00,5272.2001953125,5288.2998046875,5259.10009765625,5287.0,2624
2026-03-03 10:45:00,5259.7001953125,5272.2998046875,5246.10009765625,5272.2998046875,2813
2026-03-03 11:00:00,5209.2998046875,5274.7998046875,5168.0,5258.2998046875,9833
2026-03-03 11:15:00,5136.39990234375,5219.2998046875,5122.10009765625,5208.10009765625,7642
2026-03-03 11:30:00,5132.89990234375,5152.2001953125,5081.39990234375,5136.2998046875,12230
2026-03-03 11:45:00,5154.0,5168.2001953125,5131.60009765625,5132.7998046875,5321
2026-03-03 12:00:00,5203.2998046875,5203.5,5148.2001953125,5154.5,5658
2026-03-03 12:15:00,5215.89990234375,5220.60009765625,5191.2998046875,5203.0,4999
2026-03-03 12:30:00,5213.60009765625,5223.2998046875,5198.39990234375,5215.7001953125,3566
2026-03-03 12:45:00,5234.5,5236.89990234375,5205.7001953125,5213.39990234375,3478
2026-03-03 13:00:00,5174.2998046875,5234.60009765625,5152.10009765625,5234.60009765625,7596
2026-03-03 13:15:00,5188.60009765625,5195.5,5170.10009765625,5174.39990234375,3315
2026-03-03 13:30:00,5165.89990234375,5197.60009765625,5157.5,5188.5,3159
2026-03-03 13:45:00,5166.5,5169.2001953125,5137.2001953125,5166.2001953125,4611
2026-03-03 14:00:00,5176.10009765625,5185.7998046875,5159.7001953125,5166.89990234375,3240
2026-03-03 14:15:00,5155.7998046875,5177.2001953125,5130.89990234375,5175.7998046875,3924
2026-03-03 14:30:00,5081.39990234375,5154.7998046875,5071.0,5154.7998046875,10939
2026-03-03 14:45:00,5048.0,5088.7998046875,5025.0,5080.2998046875,15365
2026-03-03 15:00:00,5048.7001953125,5079.2001953125,5034.7001953125,5048.7998046875,9765
2026-03-03 15:15:00,5053.60009765625,5063.7998046875,5005.0,5048.7998046875,8693
2026-03-03 15:30:00,5072.0,5081.7001953125,5047.2998046875,5053.5,5628
2026-03-03 15:45:00,5105.2998046875,5107.39990234375,5063.5,5071.89990234375,5100
2026-03-03 16:00:00,5119.0,5133.0,5100.2998046875,5105.39990234375,4411
2026-03-03 16:15:00,5123.39990234375,5137.0,5109.2001953125,5118.7001953125,3331
2026-03-03 16:30:00,5122.2001953125,5145.2001953125,5117.60009765625,5123.5,3739
2026-03-03 16:45:00,5117.89990234375,5126.7998046875,5108.2001953125,5122.5,3394
2026-03-03 17:00:00,5108.89990234375,5117.7998046875,5091.2998046875,5117.7998046875,3353
2026-03-03 17:15:00,5092.89990234375,5120.60009765625,5090.89990234375,5108.5,2293
2026-03-03 17:30:00,5088.60009765625,5096.2001953125,5075.10009765625,5093.7001953125,2894
2026-03-03 17:45:00,5089.5,5094.7001953125,5077.7001953125,5088.60009765625,2313
2026-03-03 18:00:00,5113.89990234375,5114.7001953125,5089.2998046875,5089.39990234375,2696
2026-03-03 18:15:00,5123.39990234375,5128.10009765625,5103.7001953125,5114.7998046875,4328
2026-03-03 18:30:00,5144.2998046875,5149.7998046875,5118.10009765625,5123.2998046875,2864
2026-03-03 18:45:00,5146.5,5149.60009765625,5138.2001953125,5144.7998046875,1403
2026-03-03 19:00:00,5122.60009765625,5161.5,5120.60009765625,5147.0,2374
2026-03-03 19:15:00,5116.89990234375,5132.39990234375,5112.7001953125,5123.2998046875,1830
2026-03-03 19:30:00,5129.10009765625,5129.2001953125,5109.2998046875,5116.7998046875,1614
2026-03-03 19:45:00,5122.2998046875,5138.60009765625,5117.5,5129.39990234375,1420
2026-03-03 20:00:00,5129.7998046875,5136.89990234375,5121.10009765625,5123.7001953125,975
2026-03-03 20:15:00,5133.39990234375,5141.7001953125,5123.60009765625,5128.7001953125,928
2026-03-03 20:30:00,5121.39990234375,5136.60009765625,5112.89990234375,5133.5,1073
2026-03-03 20:45:00,5109.2998046875,5123.2998046875,5096.0,5121.7001953125,2218
2026-03-03 21:00:00,5110.2998046875,5115.2001953125,5105.7998046875,5108.60009765625,697
2026-03-03 21:15:00,5100.89990234375,5112.2001953125,5100.10009765625,5110.5,509
2026-03-03 21:30:00,5102.7998046875,5107.7998046875,5095.0,5101.0,744
2026-03-03 21:45:00,5099.5,5104.7001953125,5093.2998046875,5101.89990234375,488
2026-03-03 23:00:00,5126.2001953125,5127.7998046875,5092.7998046875,5110.0,370
2026-03-03 23:15:00,5134.89990234375,5137.2001953125,5125.0,5127.2001953125,903
2026-03-03 23:30:00,5135.10009765625,5137.7998046875,5125.89990234375,5135.7001953125,427
2026-03-03 23:45:00,5133.39990234375,5139.10009765625,5129.10009765625,5134.0,425
2026-03-04 00:00:00,5124.2998046875,5134.7001953125,5114.2998046875,5134.5,788
2026-03-04 00:15:00,5134.0,5137.10009765625,5121.2001953125,5124.7998046875,777
2026-03-04 00:30:00,5140.7001953125,5146.89990234375,5131.5,5134.2001953125,657
2026-03-04 00:45:00,5147.2998046875,5149.5,5136.7001953125,5140.5,1156
2026-03-04 01:00:00,5167.5,5171.10009765625,5147.89990234375,5148.2001953125,2337
2026-03-04 01:15:00,5153.5,5173.0,5153.5,5168.2001953125,1569
2026-03-04 01:30:00,5171.10009765625,5172.0,5150.7001953125,5153.39990234375,1479
2026-03-04 01:45:00,5183.7001953125,5188.10009765625,5166.60009765625,5171.89990234375,2297
2026-03-04 02:00:00,5199.60009765625,5200.7001953125,5177.5,5183.89990234375,1639
2026-03-04 02:15:00,5187.39990234375,5199.60009765625,5185.0,5197.89990234375,1535
2026-03-04 02:30:00,5188.7001953125,5189.7001953125,5172.60009765625,5187.2998046875,1272
2026-03-04 02:45:00,5165.39990234375,5189.7001953125,5162.60009765625,5189.39990234375,1654
2026-03-04 03:00:00,5165.2998046875,5169.7001953125,5150.0,5164.7998046875,1390
2026-03-04 03:15:00,5171.2001953125,5177.2998046875,5160.2998046875,5165.60009765625,727
2026-03-04 03:30:00,5170.89990234375,5176.89990234375,5162.2001953125,5171.60009765625,859
2026-03-04 03:45:00,5183.10009765625,5186.2998046875,5168.0,5170.5,748
2026-03-04 04:00:00,5183.2001953125,5189.60009765625,5180.7998046875,5183.2998046875,525
2026-03-04 04:15:00,5177.39990234375,5183.39990234375,5171.5,5183.2001953125,570
2026-03-04 04:30:00,5170.0,5179.89990234375,5160.10009765625,5176.2998046875,685
2026-03-04 04:45:00,5166.39990234375,5173.2001953125,5163.60009765625,5170.2998046875,564
2026-03-04 05:00:00,5169.10009765625,5174.7998046875,5160.5,5165.7001953125,367
2026-03-04 05:15:00,5165.39990234375,5174.5,5161.2998046875,5167.7998046875,316
2026-03-04 05:30:00,5169.0,5176.10009765625,5163.7998046875,5165.2998046875,789
2026-03-04 05:45:00,5169.5,5177.2001953125,5162.7998046875,5169.2001953125,783
2026-03-04 06:00:00,5151.0,5168.89990234375,5130.0,5168.39990234375,2521
2026-03-04 06:15:00,5143.5,5160.7001953125,5135.5,5151.39990234375,1219
2026-03-04 06:30:00,5158.39990234375,5166.89990234375,5141.7001953125,5143.39990234375,1075
2026-03-04 06:45:00,5170.2998046875,5170.2998046875,5156.2001953125,5157.7998046875,1097
2026-03-04 07:00:00,5177.5,5186.0,5168.5,5169.0,1976
2026-03-04 07:15:00,5177.60009765625,5184.39990234375,5172.7998046875,5177.10009765625,2094
2026-03-04 07:30:00,5179.0,5183.0,5173.39990234375,5177.2998046875,733
2026-03-04 07:45:00,5178.2001953125,5185.7998046875,5178.2001953125,5179.10009765625,733
2026-03-04 08:00:00,5167.2001953125,5182.10009765625,5157.7998046875,5178.2998046875,1637
2026-03-04 08:15:00,5173.0,5178.89990234375,5162.0,5167.2001953125,1083
2026-03-04 08:30:00,5186.0,5186.7001953125,5172.0,5172.7001953125,1033
2026-03-04 08:45:00,5178.60009765625,5192.7998046875,5177.2998046875,5186.2001953125,1553
2026-03-04 09:00:00,5175.60009765625,5181.89990234375,5170.0,5177.89990234375,1818
2026-03-04 09:15:00,5181.5,5189.5,5172.7998046875,5174.5,1091
2026-03-04 09:30:00,5193.60009765625,5195.7998046875,5180.0,5181.7001953125,1104
2026-03-04 09:45:00,5193.89990234375,5196.39990234375,5187.10009765625,5194.2998046875,1110
2026-03-04 10:00:00,5209.7998046875,5210.0,5193.5,5194.0,3094
2026-03-04 10:15:00,5200.0,5214.7001953125,5199.0,5210.39990234375,2209
2026-03-04 10:30:00,5197.39990234375,5202.7998046875,5191.2001953125,5200.60009765625,2379
2026-03-04 10:45:00,5201.89990234375,5205.60009765625,5193.2998046875,5197.39990234375,1372
2026-03-04 11:00:00,5206.89990234375,5208.7998046875,5199.2998046875,5201.2998046875,887
2026-03-04 11:15:00,5206.7001953125,5209.89990234375,5201.7001953125,5207.2998046875,726
2026-03-04 11:30:00,5205.10009765625,5213.2001953125,5203.39990234375,5207.5,1245
2026-03-04 11:45:00,5204.2001953125,5206.5,5199.39990234375,5205.5,689
2026-03-04 12:00:00,5209.7001953125,5218.2998046875,5204.0,5204.2998046875,1542
2026-03-04 12:15:00,5190.39990234375,5210.39990234375,5186.39990234375,5210.39990234375,2087
2026-03-04 12:30:00,5178.89990234375,5190.5,5167.89990234375,5190.2998046875,2270
2026-03-04 12:45:00,5182.0,5184.89990234375,5170.7001953125,5178.2001953125,1196
2026-03-04 13:00:00,5205.0,5207.5,5182.10009765625,5182.2001953125,2223
2026-03-04 13:15:00,5203.10009765625,5207.10009765625,5190.0,5205.2998046875,2461
2026-03-04 13:30:00,5199.89990234375,5203.7001953125,5192.7998046875,5203.2998046875,1402
2026-03-04 13:45:00,5178.5,5203.2001953125,5177.2998046875,5199.0,1608
2026-03-04 14:00:00,5175.2998046875,5191.2998046875,5173.7001953125,5178.10009765625,2174
2026-03-04 14:15:00,5175.60009765625,5185.0,5169.60009765625,5175.0,1953
2026-03-04 14:30:00,5181.39990234375,5195.2001953125,5172.39990234375,5176.5,3677
2026-03-04 14:45:00,5155.7001953125,5189.2001953125,5148.39990234375,5182.0,5517
2026-03-04 15:00:00,5143.2001953125,5173.0,5140.2001953125,5155.2001953125,4609
2026-03-04 15:15:00,5166.39990234375,5170.0,5141.7998046875,5143.10009765625,4640
2026-03-04 15:30:00,5153.7001953125,5177.2998046875,5148.0,5167.60009765625,3120
2026-03-04 15:45:00,5161.60009765625,5163.2001953125,5143.0,5154.0,1966
2026-03-04 16:00:00,5158.39990234375,5172.60009765625,5153.39990234375,5161.2001953125,1786
2026-03-04 16:15:00,5157.39990234375,5167.2001953125,5148.5,5158.89990234375,2208
2026-03-04 16:30:00,5158.5,5170.2001953125,5155.0,5157.2998046875,1765
2026-03-04 16:45:00,5161.5,5164.5,5154.2998046875,5158.39990234375,1412
2026-03-04 17:00:00,5158.60009765625,5165.0,5154.0,5160.89990234375,1163
2026-03-04 17:15:00,5145.7998046875,5161.7001953125,5131.5,5158.5,2739
2026-03-04 17:30:00,5148.60009765625,5151.2001953125,5140.7998046875,5146.7998046875,1541
2026-03-04 17:45:00,5153.60009765625,5160.0,5147.60009765625,5149.2001953125,1260
2026-03-04 18:00:00,5136.0,5155.5,5126.5,5152.7001953125,2258
2026-03-04 18:15:00,5134.39990234375,5138.7001953125,5121.10009765625,5136.60009765625,4136
2026-03-04 18:30:00,5135.89990234375,5140.2998046875,5119.39990234375,5134.7001953125,1971
2026-03-04 18:45:00,5144.7001953125,5145.60009765625,5134.2998046875,5136.39990234375,1057
2026-03-04 19:00:00,5141.89990234375,5147.7001953125,5136.7998046875,5144.7998046875,925
2026-03-04 19:15:00,5135.2001953125,5143.89990234375,5135.0,5142.2001953125,596
2026-03-04 19:30:00,5141.60009765625,5143.0,5133.60009765625,5134.7998046875,609
2026-03-04 19:45:00,5148.7001953125,5150.5,5140.5,5142.10009765625,753
2026-03-04 20:00:00,5140.2001953125,5149.7998046875,5137.60009765625,5148.39990234375,385
2026-03-04 20:15:00,5148.2998046875,5149.7998046875,5134.7998046875,5140.5,606
2026-03-04 20:30:00,5155.39990234375,5159.2001953125,5148.60009765625,5149.0,620
2026-03-04 20:45:00,5146.7998046875,5156.10009765625,5145.0,5155.7001953125,1099
2026-03-04 21:00:00,5152.60009765625,5156.2998046875,5146.10009765625,5146.89990234375,664
2026-03-04 21:15:00,5153.60009765625,5153.7998046875,5148.2998046875,5152.2998046875,336
2026-03-04 21:30:00,5147.2998046875,5153.60009765625,5141.39990234375,5153.60009765625,495
2026-03-04 21:45:00,5151.60009765625,5154.5,5147.0,5147.39990234375,273
2026-03-04 23:00:00,5158.2001953125,5166.60009765625,5152.0,5155.7001953125,313
2026-03-04 23:15:00,5164.89990234375,5168.0,5158.2998046875,5158.5,616
2026-03-04 23:30:00,5166.39990234375,5167.2001953125,5159.89990234375,5165.10009765625,221
2026-03-04 23:45:00,5176.2001953125,5177.7998046875,5165.89990234375,5167.2001953125,758
2026-03-05 00:00:00,5182.39990234375,5184.2998046875,5170.39990234375,5176.5,863
2026-03-05 00:15:00,5185.39990234375,5191.5,5182.0,5182.5,825
2026-03-05 00:30:00,5183.89990234375,5188.60009765625,5179.89990234375,5184.7001953125,362
2026-03-05 00:45:00,5183.89990234375,5188.60009765625,5177.5,5182.7001953125,563
2026-03-05 01:00:00,5187.39990234375,5198.0,5181.0,5184.10009765625,1573
2026-03-05 01:15:00,5187.7998046875,5193.7001953125,5183.2001953125,5188.2001953125,792
2026-03-05 01:30:00,5182.2998046875,5189.89990234375,5177.10009765625,5187.7998046875,1378
2026-03-05 01:45:00,5181.7001953125,5189.39990234375,5178.5,5182.5,792
2026-03-05 02:00:00,5187.89990234375,5190.5,5180.89990234375,5181.2001953125,785
2026-03-05 02:15:00,5193.7001953125,5198.0,5185.5,5187.2001953125,859
2026-03-05 02:30:00,5184.89990234375,5196.60009765625,5183.89990234375,5193.2001953125,695
2026-03-05 02:45:00,5201.60009765625,5201.7998046875,5183.2998046875,5184.2998046875,1170
2026-03-05 03:00:00,5195.0,5204.2998046875,5192.89990234375,5201.7001953125,781
2026-03-05 03:15:00,5194.5,5200.7001953125,5193.2001953125,5194.5,457
2026-03-05 03:30:00,5197.5,5200.0,5190.0,5193.60009765625,584
2026-03-05 03:45:00,5189.5,5199.7998046875,5187.2998046875,5197.7001953125,404
2026-03-05 04:00:00,5192.39990234375,5195.0,5185.5,5189.39990234375,566
2026-03-05 04:15:00,5187.5,5195.89990234375,5184.0,5192.89990234375,462
2026-03-05 04:30:00,5183.39990234375,5189.10009765625,5182.89990234375,5187.2998046875,158
2026-03-05 04:45:00,5179.7001953125,5184.7998046875,5175.2001953125,5183.7001953125,721
2026-03-05 05:00:00,5184.89990234375,5185.7001953125,5178.39990234375,5181.0,323
2026-03-05 05:15:00,5181.7998046875,5185.89990234375,5179.0,5184.89990234375,351
2026-03-05 05:30:00,5175.2001953125,5183.7998046875,5170.7001953125,5181.60009765625,991
2026-03-05 05:45:00,5157.7001953125,5178.5,5156.89990234375,5174.39990234375,1099
2026-03-05 06:00:00,5141.7998046875,5164.2001953125,5129.0,5157.89990234375,3297
2026-03-05 06:15:00,5151.39990234375,5152.89990234375,5133.2001953125,5142.10009765625,1366
2026-03-05 06:30:00,5159.60009765625,5165.39990234375,5148.5,5150.7998046875,898
2026-03-05 06:45:00,5176.5,5177.5,5157.2998046875,5159.2998046875,835
2026-03-05 07:00:00,5171.10009765625,5181.7998046875,5170.7001953125,5175.89990234375,1059
2026-03-05 07:15:00,5175.7001953125,5177.2001953125,5168.60009765625,5170.89990234375,1056
2026-03-05 07:30:00,5169.39990234375,5176.2001953125,5168.7001953125,5175.0,555
2026-03-05 07:45:00,5171.39990234375,5175.7001953125,5168.0,5170.2001953125,589
2026-03-05 08:00:00,5151.5,5172.0,5151.5,5171.10009765625,1420
2026-03-05 08:15:00,5153.60009765625,5157.10009765625,5146.2001953125,5151.39990234375,1287
2026-03-05 08:30:00,5170.5,5172.89990234375,5152.60009765625,5153.2001953125,1316
2026-03-05 08:45:00,5176.0,5180.10009765625,5170.89990234375,5170.89990234375,1545
2026-03-05 09:00:00,5190.10009765625,5192.5,5171.2998046875,5175.89990234375,2162
2026-03-05 09:15:00,5180.2998046875,5192.0,5177.89990234375,5190.5,1155
2026-03-05 09:30:00,5173.10009765625,5180.10009765625,5162.7001953125,5179.7998046875,1526
2026-03-05 09:45:00,5171.7998046875,5176.2998046875,5167.7998046875,5173.60009765625,639
2026-03-05 10:00:00,5165.2001953125,5171.10009765625,5156.89990234375,5171.10009765625,1381
2026-03-05 10:15:00,5166.5,5169.2001953125,5161.89990234375,5164.39990234375,568
2026-03-05 10:30:00,5167.0,5169.60009765625,5157.7001953125,5166.39990234375,1264
2026-03-05 10:45:00,5175.60009765625,5178.5,5166.7001953125,5167.5,1073
2026-03-05 11:00:00,5175.5,5178.5,5172.10009765625,5175.5,903
2026-03-05 11:15:00,5173.7001953125,5178.10009765625,5171.39990234375,5176.0,598
2026-03-05 11:30:00,5171.60009765625,5175.10009765625,5168.0,5173.39990234375,465
2026-03-05 11:45:00,5174.7998046875,5176.10009765625,5171.0,5171.60009765625,890
2026-03-05 12:00:00,5180.0,5182.7001953125,5174.2001953125,5175.10009765625,1428
2026-03-05 12:15:00,5172.60009765625,5181.2998046875,5172.60009765625,5179.7998046875,594
2026-03-05 12:30:00,5174.0,5179.0,5171.5,5172.5,425
2026-03-05 12:45:00,5173.0,5176.7998046875,5171.89990234375,5173.2998046875,613
2026-03-05 13:00:00,5165.89990234375,5174.89990234375,5156.5,5173.60009765625,2963
2026-03-05 13:15:00,5131.60009765625,5170.10009765625,5085.5,5165.7998046875,12912
2026-03-05 13:30:00,5140.2998046875,5147.0,5123.2001953125,5130.7001953125,4386
2026-03-05 13:45:00,5126.5,5141.0,5118.60009765625,5139.89990234375,2880
2026-03-05 14:00:00,5121.7001953125,5139.2001953125,5119.2001953125,5126.7998046875,2483
2026-03-05 14:15:00,5128.7998046875,5129.7001953125,5111.2001953125,5121.5,2689
2026-03-05 14:30:00,5105.7998046875,5132.60009765625,5099.2001953125,5128.39990234375,4865
2026-03-05 14:45:00,5110.7998046875,5120.0,5100.0,5105.89990234375,3869
2026-03-05 15:00:00,5094.10009765625,5128.5,5065.5,5110.7001953125,8854
2026-03-05 15:15:00,5095.10009765625,5103.2001953125,5080.0,5093.60009765625,3945
2026-03-05 15:30:00,5089.0,5102.60009765625,5086.2001953125,5095.0,2723
2026-03-05 15:45:00,5111.2998046875,5112.5,5088.2001953125,5089.39990234375,2006
2026-03-05 16:00:00,5091.2001953125,5113.5,5082.60009765625,5111.7998046875,2650
2026-03-05 16:15:00,5072.0,5094.2001953125,5068.0,5091.60009765625,2687
2026-03-05 16:30:00,5079.60009765625,5081.2998046875,5062.39990234375,5072.60009765625,3066
2026-03-05 16:45:00,5086.5,5089.7998046875,5079.10009765625,5079.5,1531
2026-03-05 17:00:00,5095.2001953125,5098.5,5082.2998046875,5086.60009765625,2718
2026-03-05 17:15:00,5083.89990234375,5097.7998046875,5083.89990234375,5095.60009765625,1755
2026-03-05 17:30:00,5072.0,5086.39990234375,5063.5,5084.5,2712
2026-03-05 17:45:00,5071.2001953125,5077.60009765625,5063.7998046875,5071.7998046875,1763
2026-03-05 18:00:00,5080.60009765625,5082.39990234375,5058.89990234375,5071.0,2764
2026-03-05 18:15:00,5080.0,5084.7998046875,5070.0,5080.39990234375,3857
2026-03-05 18:30:00,5092.0,5094.60009765625,5079.2001953125,5080.2001953125,2153
2026-03-05 18:45:00,5077.60009765625,5092.2998046875,5076.0,5092.2998046875,1301
2026-03-05 19:00:00,5081.89990234375,5089.7001953125,5076.10009765625,5077.60009765625,822
2026-03-05 19:15:00,5075.10009765625,5081.7001953125,5070.2998046875,5081.39990234375,1037
2026-03-05 19:30:00,5073.7001953125,5075.5,5063.5,5074.7998046875,1007
2026-03-05 19:45:00,5074.60009765625,5078.5,5070.7998046875,5073.7998046875,635
2026-03-05 20:00:00,5088.2001953125,5089.39990234375,5071.2001953125,5074.2998046875,1910
2026-03-05 20:15:00,5089.7998046875,5104.39990234375,5085.60009765625,5088.89990234375,2195
2026-03-05 20:30:00,5090.2998046875,5091.89990234375,5084.0,5090.39990234375,680
2026-03-05 20:45:00,5086.60009765625,5091.2001953125,5082.2001953125,5090.39990234375,1368
2026-03-05 21:00:00,5086.10009765625,5093.89990234375,5082.0,5086.2998046875,803
2026-03-05 21:15:00,5091.0,5091.0,5085.10009765625,5085.7001953125,343
2026-03-05 21:30:00,5084.7998046875,5092.39990234375,5082.2001953125,5090.60009765625,346
2026-03-05 21:45:00,5093.2998046875,5094.60009765625,5083.5,5084.2998046875,432
2026-03-05 23:00:00,5096.0,5119.2001953125,5092.2001953125,5099.7001953125,271
2026-03-05 23:15:00,5100.39990234375,5107.0,5093.39990234375,5095.39990234375,670
2026-03-05 23:30:00,5110.89990234375,5111.7001953125,5096.89990234375,5101.5,507
2026-03-05 23:45:00,5095.60009765625,5110.10009765625,5094.2998046875,5110.0,702
2026-03-06 00:00:00,5094.60009765625,5100.60009765625,5082.89990234375,5095.5,1010
2026-03-06 00:15:00,5099.7998046875,5101.0,5087.89990234375,5094.7001953125,348
2026-03-06 00:30:00,5092.39990234375,5100.7998046875,5084.2001953125,5100.10009765625,428
2026-03-06 00:45:00,5092.5,5098.10009765625,5085.2998046875,5091.7998046875,566
2026-03-06 01:00:00,5085.2998046875,5094.7998046875,5074.0,5092.39990234375,1397
2026-03-06 01:15:00,5093.7998046875,5097.0,5083.0,5086.7998046875,670
2026-03-06 01:30:00,5126.10009765625,5128.60009765625,5093.7001953125,5093.7001953125,1803
2026-03-06 01:45:00,5142.10009765625,5151.2998046875,5125.2001953125,5126.0,2901
2026-03-06 02:00:00,5138.0,5145.89990234375,5133.5,5142.0,1620
2026-03-06 02:15:00,5136.89990234375,5142.39990234375,5135.7998046875,5138.10009765625,612
2026-03-06 02:30:00,5133.0,5140.0,5129.7998046875,5137.10009765625,707
2026-03-06 02:45:00,5133.89990234375,5136.7998046875,5130.10009765625,5131.5,527
2026-03-06 03:00:00,5141.39990234375,5143.0,5132.10009765625,5134.7998046875,763
2026-03-06 03:15:00,5144.60009765625,5149.7998046875,5138.7001953125,5141.10009765625,1017
2026-03-06 03:30:00,5140.89990234375,5146.39990234375,5137.60009765625,5144.60009765625,569
2026-03-06 03:45:00,5139.89990234375,5143.7001953125,5138.60009765625,5141.60009765625,219
2026-03-06 04:00:00,5143.39990234375,5144.7001953125,5139.60009765625,5139.89990234375,274
2026-03-06 04:15:00,5138.2998046875,5145.2001953125,5136.2001953125,5144.7998046875,273
2026-03-06 04:30:00,5141.5,5142.0,5137.2001953125,5138.5,227
2026-03-06 04:45:00,5137.2001953125,5144.7001953125,5135.0,5142.10009765625,334
2026-03-06 05:00:00,5135.89990234375,5138.7001953125,5131.2001953125,5136.0,533
2026-03-06 05:15:00,5138.39990234375,5138.89990234375,5131.5,5135.10009765625,444
2026-03-06 05:30:00,5129.5,5138.60009765625,5127.39990234375,5138.60009765625,835
2026-03-06 05:45:00,5126.60009765625,5131.7001953125,5122.89990234375,5130.2001953125,779
2026-03-06 06:00:00,5125.2998046875,5130.0,5118.7001953125,5126.10009765625,656
2026-03-06 06:15:00,5128.7001953125,5131.89990234375,5123.0,5125.2998046875,372
2026-03-06 06:30:00,5130.0,5131.7998046875,5125.10009765625,5128.10009765625,573
2026-03-06 06:45:00,5124.89990234375,5131.60009765625,5123.89990234375,5129.39990234375,639
2026-03-06 07:00:00,5119.2998046875,5126.0,5114.0,5124.7001953125,1177
2026-03-06 07:15:00,5123.10009765625,5128.10009765625,5119.10009765625,5119.60009765625,1218
2026-03-06 07:30:00,5123.0,5125.2001953125,5116.39990234375,5123.2001953125,1252
2026-03-06 07:45:00,5128.2001953125,5129.39990234375,5121.0,5122.89990234375,650
2026-03-06 08:00:00,5124.2001953125,5132.2998046875,5119.5,5128.0,954
2026-03-06 08:15:00,5109.0,5126.60009765625,5107.89990234375,5123.89990234375,1124
2026-03-06 08:30:00,5116.0,5117.0,5104.5,5108.5,770
2026-03-06 08:45:00,5116.7001953125,5122.10009765625,5115.5,5115.5,645
2026-03-06 09:00:00,5104.39990234375,5117.7998046875,5103.0,5117.60009765625,1513
2026-03-06 09:15:00,5107.60009765625,5111.2001953125,5100.5,5104.0,1136
2026-03-06 09:30:00,5104.7001953125,5112.60009765625,5094.0,5106.89990234375,2105
2026-03-06 09:45:00,5093.5,5106.10009765625,5091.39990234375,5104.2998046875,960
2026-03-06 10:00:00,5091.2001953125,5099.0,5084.2001953125,5094.5,1560
2026-03-06 10:15:00,5096.10009765625,5102.0,5088.10009765625,5090.89990234375,1290
2026-03-06 10:30:00,5089.5,5099.89990234375,5089.5,5095.7001953125,1081
2026-03-06 10:45:00,5099.89990234375,5102.0,5090.5,5090.5,855
2026-03-06 11:00:00,5094.89990234375,5100.7001953125,5089.39990234375,5100.7001953125,1134
2026-03-06 11:15:00,5104.2001953125,5107.39990234375,5094.7998046875,5094.7998046875,939
2026-03-06 11:30:00,5090.5,5109.60009765625,5090.10009765625,5103.5,963
2026-03-06 11:45:00,5086.10009765625,5096.2998046875,5071.0,5090.2001953125,2140
2026-03-06 12:00:00,5098.60009765625,5100.0,5085.2998046875,5086.2998046875,1402
2026-03-06 12:15:00,5097.2998046875,5105.5,5094.7001953125,5098.89990234375,1218
2026-03-06 12:30:00,5105.10009765625,5105.7998046875,5094.0,5097.39990234375,925
2026-03-06 12:45:00,5091.89990234375,5105.5,5090.0,5105.5,1117
2026-03-06 13:00:00,5081.60009765625,5092.60009765625,5073.89990234375,5091.60009765625,2777
2026-03-06 13:15:00,5092.7001953125,5097.0,5080.7998046875,5081.10009765625,1653
2026-03-06 13:30:00,5129.2998046875,5140.0,5092.7001953125,5092.7001953125,7319
2026-03-06 13:45:00,5093.7998046875,5130.7001953125,5082.0,5130.0,5621
2026-03-06 14:00:00,5104.7001953125,5111.60009765625,5089.89990234375,5093.2001953125,3820
2026-03-06 14:15:00,5112.2001953125,5118.0,5096.39990234375,5105.10009765625,2919
2026-03-06 14:30:00,5096.39990234375,5123.89990234375,5092.0,5112.89990234375,4144
2026-03-06 14:45:00,5139.2998046875,5142.39990234375,5095.5,5097.39990234375,4469
2026-03-06 15:00:00,5159.2001953125,5171.7001953125,5137.39990234375,5139.2998046875,10128
2026-03-06 15:15:00,5172.0,5182.0,5154.0,5159.7001953125,4938
2026-03-06 15:30:00,5164.0,5176.7001953125,5159.7001953125,5172.2998046875,3672
2026-03-06 15:45:00,5151.2001953125,5167.2998046875,5144.2998046875,5164.39990234375,3489
2026-03-06 16:00:00,5153.7998046875,5160.7998046875,5145.5,5151.7001953125,1654
2026-03-06 16:15:00,5151.7998046875,5163.0,5146.39990234375,5153.10009765625,1677
2026-03-06 16:30:00,5151.7001953125,5156.0,5136.0,5152.7998046875,2508
2026-03-06 16:45:00,5149.5,5158.39990234375,5139.2001953125,5151.5,3255
2026-03-06 17:00:00,5146.2998046875,5152.2001953125,5138.7001953125,5150.10009765625,1785
2026-03-06 17:15:00,5153.10009765625,5155.5,5143.39990234375,5145.89990234375,1615
2026-03-06 17:30:00,5146.7001953125,5162.7998046875,5145.89990234375,5151.89990234375,1574
2026-03-06 17:45:00,5150.2001953125,5150.39990234375,5141.7001953125,5147.2001953125,1240
2026-03-06 18:00:00,5154.2001953125,5156.7001953125,5147.89990234375,5149.89990234375,2468
2026-03-06 18:15:00,5159.2998046875,5160.2998046875,5152.10009765625,5154.39990234375,7925
2026-03-06 18:30:00,5174.39990234375,5174.7998046875,5157.5,5159.2998046875,3997
2026-03-06 18:45:00,5170.2998046875,5176.5,5165.7001953125,5174.5,1400
2026-03-06 19:00:00,5180.39990234375,5180.39990234375,5169.7998046875,5170.39990234375,1490
2026-03-06 19:15:00,5173.5,5183.7998046875,5173.2998046875,5180.39990234375,963
2026-03-06 19:30:00,5166.7001953125,5176.2998046875,5166.2001953125,5174.39990234375,735
2026-03-06 19:45:00,5168.5,5172.7998046875,5165.2001953125,5167.2998046875,557
2026-03-06 20:00:00,5163.60009765625,5171.2001953125,5162.10009765625,5168.2001953125,1276
2026-03-06 20:15:00,5162.60009765625,5169.2001953125,5161.10009765625,5163.89990234375,840
2026-03-06 20:30:00,5165.5,5169.60009765625,5157.5,5162.2998046875,971
2026-03-06 20:45:00,5161.39990234375,5168.39990234375,5159.0,5165.89990234375,1057
2026-03-06 21:00:00,5173.5,5175.89990234375,5159.2001953125,5161.10009765625,990
2026-03-06 21:15:00,5176.39990234375,5178.89990234375,5173.2001953125,5173.7998046875,582
2026-03-06 21:30:00,5178.2001953125,5180.2001953125,5174.89990234375,5176.39990234375,331
2026-03-06 21:45:00,5158.7001953125,5185.0,5158.7001953125,5178.2001953125,257
2026-03-08 22:00:00,5170.2998046875,5180.0,5161.10009765625,5165.5,3596
2026-03-08 22:15:00,5165.39990234375,5171.2001953125,5138.0,5168.5,1672
2026-03-08 22:30:00,5135.5,5175.0,5115.2001953125,5165.89990234375,1797
2026-03-08 22:45:00,5138.5,5145.0,5113.5,5136.7001953125,1721
2026-03-08 23:00:00,5110.0,5145.5,5094.5,5140.2998046875,2208
2026-03-08 23:15:00,5111.89990234375,5114.39990234375,5101.60009765625,5110.0,1353
2026-03-08 23:30:00,5081.10009765625,5113.2001953125,5050.0,5112.7001953125,4723
2026-03-08 23:45:00,5083.39990234375,5087.7001953125,5061.89990234375,5079.89990234375,1874
2026-03-09 00:00:00,5043.10009765625,5088.89990234375,5035.5,5083.10009765625,3805
2026-03-09 00:15:00,5053.89990234375,5060.39990234375,5040.0,5044.0,1743
2026-03-09 00:30:00,5059.7001953125,5067.2001953125,5050.89990234375,5052.39990234375,1006
2026-03-09 00:45:00,5056.89990234375,5064.7998046875,5040.2998046875,5060.0,1757
2026-03-09 01:00:00,5078.0,5081.10009765625,5021.2001953125,5056.7001953125,4081
2026-03-09 01:15:00,5078.7998046875,5094.39990234375,5075.7001953125,5078.2001953125,3111
2026-03-09 01:30:00,5086.39990234375,5092.2998046875,5077.2998046875,5077.7001953125,1264
2026-03-09 01:45:00,5077.60009765625,5089.2998046875,5071.10009765625,5085.39990234375,1207
2026-03-09 02:00:00,5101.2001953125,5102.2998046875,5061.89990234375,5076.39990234375,2856
2026-03-09 02:15:00,5083.7001953125,5101.60009765625,5078.39990234375,5101.2001953125,1587
2026-03-09 02:30:00,5099.2998046875,5100.2001953125,5082.10009765625,5083.89990234375,1698
2026-03-09 02:45:00,5100.89990234375,5105.7998046875,5092.10009765625,5099.2001953125,1451
2026-03-09 03:00:00,5093.5,5105.89990234375,5090.2001953125,5101.2998046875,958
2026-03-09 03:15:00,5091.10009765625,5109.10009765625,5090.7998046875,5092.7001953125,1365
2026-03-09 03:30:00,5093.39990234375,5100.7001953125,5087.60009765625,5091.89990234375,695
2026-03-09 03:45:00,5098.0,5100.0,5093.7998046875,5093.7998046875,349
2026-03-09 04:00:00,5096.89990234375,5103.39990234375,5093.2001953125,5098.0,308
2026-03-09 04:15:00,5096.2998046875,5101.5,5094.7001953125,5097.2001953125,279
2026-03-09 04:30:00,5096.7998046875,5099.7998046875,5093.7998046875,5096.10009765625,227
2026-03-09 04:45:00,5096.39990234375,5097.60009765625,5091.2998046875,5096.39990234375,387
2026-03-09 05:00:00,5103.0,5109.0,5087.10009765625,5096.60009765625,1040
2026-03-09 05:15:00,5102.5,5112.0,5094.39990234375,5103.5,1128
2026-03-09 05:30:00,5128.39990234375,5129.0,5099.10009765625,5102.2001953125,1500
2026-03-09 05:45:00,5131.60009765625,5147.60009765625,5126.2998046875,5128.39990234375,2191
2026-03-09 06:00:00,5135.10009765625,5141.7001953125,5126.0,5131.39990234375,1357
2026-03-09 06:15:00,5133.89990234375,5138.2001953125,5130.39990234375,5135.39990234375,665
2026-03-09 06:30:00,5113.89990234375,5136.5,5112.2001953125,5134.10009765625,1034
2026-03-09 06:45:00,5104.7998046875,5119.10009765625,5103.60009765625,5114.2001953125,1220
2026-03-09 07:00:00,5103.89990234375,5109.7998046875,5095.39990234375,5104.7998046875,1730
2026-03-09 07:15:00,5114.2001953125,5114.2001953125,5102.60009765625,5104.2001953125,1197
2026-03-09 07:30:00,5108.89990234375,5115.2001953125,5107.2001953125,5114.39990234375,1002
2026-03-09 07:45:00,5106.7001953125,5109.2998046875,5101.10009765625,5108.89990234375,1126
2026-03-09 08:00:00,5107.5,5118.7001953125,5106.39990234375,5106.7998046875,1442
2026-03-09 08:15:00,5099.0,5114.5,5098.10009765625,5107.2998046875,1089
2026-03-09 08:30:00,5098.0,5105.0,5094.89990234375,5098.89990234375,1037
2026-03-09 08:45:00,5104.39990234375,5110.39990234375,5095.0,5097.7998046875,964
2026-03-09 09:00:00,5120.60009765625,5124.7998046875,5102.7998046875,5104.10009765625,1579
2026-03-09 09:15:00,5133.2998046875,5134.89990234375,5120.0,5120.7998046875,1391
2026-03-09 09:30:00,5112.10009765625,5140.5,5111.60009765625,5133.0,2471
2026-03-09 09:45:00,5114.2998046875,5116.10009765625,5105.2998046875,5111.39990234375,1867
2026-03-09 10:00:00,5117.5,5119.7998046875,5111.39990234375,5114.0,1421
2026-03-09 10:15:00,5107.89990234375,5118.89990234375,5106.60009765625,5117.7998046875,1441
2026-03-09 10:30:00,5103.39990234375,5107.7001953125,5096.60009765625,5107.7001953125,2287
2026-03-09 10:45:00,5094.7998046875,5104.10009765625,5090.89990234375,5103.0,1553
2026-03-09 11:00:00,5098.0,5104.7998046875,5094.7998046875,5094.7998046875,906
2026-03-09 11:15:00,5093.2998046875,5100.0,5086.5,5097.39990234375,2139
2026-03-09 11:30:00,5093.39990234375,5100.7001953125,5089.7998046875,5093.7998046875,1639
2026-03-09 11:45:00,5095.7001953125,5101.7001953125,5091.7001953125,5092.89990234375,949
2026-03-09 12:00:00,5103.7001953125,5107.39990234375,5096.2001953125,5096.2001953125,1934
2026-03-09 12:15:00,5117.2998046875,5118.10009765625,5102.2998046875,5104.0,1930
2026-03-09 12:30:00,5114.7998046875,5120.5,5111.7998046875,5117.7998046875,1732
2026-03-09 12:45:00,5103.10009765625,5115.10009765625,5101.0,5115.10009765625,1655
2026-03-09 13:00:00,5101.0,5107.2001953125,5095.39990234375,5103.10009765625,1696
2026-03-09 13:15:00,5102.5,5106.2998046875,5092.39990234375,5100.0,1887
2026-03-09 13:30:00,5084.7001953125,5119.5,5082.39990234375,5102.39990234375,5898
2026-03-09 13:45:00,5081.5,5093.0,5075.0,5083.7998046875,3717
2026-03-09 14:00:00,5078.89990234375,5095.89990234375,5066.89990234375,5081.10009765625,4134
2026-03-09 14:15:00,5091.10009765625,5092.39990234375,5072.10009765625,5079.2001953125,2458
2026-03-09 14:30:00,5120.89990234375,5123.7001953125,5088.0,5089.39990234375,4277
2026-03-09 14:45:00,5102.60009765625,5124.7001953125,5094.2998046875,5121.0,3238
2026-03-09 15:00:00,5099.89990234375,5103.2998046875,5087.7998046875,5102.2001953125,4840
2026-03-09 15:15:00,5107.5,5108.2001953125,5089.7998046875,5099.7001953125,2946
2026-03-09 15:30:00,5103.2998046875,5111.2001953125,5101.60009765625,5107.5,1717
2026-03-09 15:45:00,5108.5,5112.0,5102.60009765625,5103.5,2180
2026-03-09 16:00:00,5111.7001953125,5118.39990234375,5105.39990234375,5108.10009765625,1870
2026-03-09 16:15:00,5112.7001953125,5114.0,5103.10009765625,5112.2001953125,1750
2026-03-09 16:30:00,5115.89990234375,5119.7001953125,5110.89990234375,5112.5,1886
2026-03-09 16:45:00,5113.10009765625,5117.2001953125,5111.5,5116.10009765625,2282
2026-03-09 17:00:00,5108.7998046875,5115.5,5106.7998046875,5113.2001953125,2865
2026-03-09 17:15:00,5103.7998046875,5111.0,5099.60009765625,5108.39990234375,4761
2026-03-09 17:30:00,5100.2001953125,5106.7001953125,5097.7001953125,5104.0,2052
2026-03-09 17:45:00,5104.89990234375,5108.60009765625,5099.5,5099.5,978
2026-03-09 18:00:00,5106.7001953125,5107.0,5101.60009765625,5104.89990234375,840
2026-03-09 18:15:00,5114.39990234375,5116.5,5105.7998046875,5106.60009765625,856
2026-03-09 18:30:00,5127.89990234375,5130.0,5113.5,5114.7001953125,2494
2026-03-09 18:45:00,5133.2001953125,5136.7001953125,5125.0,5128.10009765625,3281
2026-03-09 19:00:00,5132.7998046875,5140.7998046875,5128.2998046875,5133.2998046875,1475
2026-03-09 19:15:00,5150.2001953125,5154.7001953125,5128.2998046875,5132.60009765625,2440
2026-03-09 19:30:00,5145.5,5150.39990234375,5136.10009765625,5150.10009765625,2025
2026-03-09 19:45:00,5150.5,5153.7998046875,5139.39990234375,5145.10009765625,1715
2026-03-09 20:00:00,5149.2001953125,5158.0,5147.5,5150.89990234375,963
2026-03-09 20:15:00,5149.10009765625,5150.0,5143.7001953125,5149.2001953125,581
2026-03-09 20:30:00,5148.7001953125,5149.2001953125,5143.89990234375,5148.60009765625,393
2026-03-09 20:45:00,5148.7001953125,5150.10009765625,5143.7001953125,5148.5,541
2026-03-09 22:00:00,5142.39990234375,5161.10009765625,5130.0,5152.39990234375,344
2026-03-09 22:15:00,5141.2998046875,5145.39990234375,5127.10009765625,5142.39990234375,493
2026-03-09 22:30:00,5144.7998046875,5148.5,5137.0,5140.89990234375,400
2026-03-09 22:45:00,5162.10009765625,5163.0,5144.60009765625,5144.7001953125,601
2026-03-09 23:00:00,5155.5,5164.2998046875,5147.39990234375,5161.89990234375,716
2026-03-09 23:15:00,5155.0,5165.60009765625,5152.2001953125,5155.2001953125,643
2026-03-09 23:30:00,5147.2998046875,5159.2998046875,5145.60009765625,5154.7001953125,514
2026-03-09 23:45:00,5149.7998046875,5153.60009765625,5146.7998046875,5147.7001953125,383
2026-03-10 00:00:00,5146.7998046875,5151.10009765625,5140.5,5149.2998046875,539
2026-03-10 00:15:00,5141.10009765625,5148.2001953125,5138.7001953125,5146.39990234375,678
2026-03-10 00:30:00,5147.2998046875,5147.39990234375,5134.7998046875,5139.89990234375,940
2026-03-10 00:45:00,5140.2001953125,5150.0,5137.89990234375,5147.0,625
2026-03-10 01:00:00,5153.0,5163.2998046875,5134.0,5140.2998046875,1736
2026-03-10 01:15:00,5167.39990234375,5177.60009765625,5152.10009765625,5152.5,2556
2026-03-10 01:30:00,5174.7001953125,5177.2001953125,5162.2998046875,5168.5,1739
2026-03-10 01:45:00,5193.2001953125,5195.2001953125,5173.0,5174.60009765625,2097
2026-03-10 02:00:00,5184.2001953125,5195.7998046875,5179.0,5192.7998046875,1740
2026-03-10 02:15:00,5188.60009765625,5189.39990234375,5181.2001953125,5184.2998046875,863
2026-03-10 02:30:00,5190.89990234375,5193.0,5184.2998046875,5188.2001953125,924
2026-03-10 02:45:00,5174.2998046875,5194.2001953125,5172.10009765625,5191.0,1359
2026-03-10 03:00:00,5175.0,5181.89990234375,5173.39990234375,5173.7998046875,898
2026-03-10 03:15:00,5175.10009765625,5179.0,5170.0,5174.60009765625,767
2026-03-10 03:30:00,5170.7001953125,5176.2001953125,5167.89990234375,5174.60009765625,462
2026-03-10 03:45:00,5166.39990234375,5171.39990234375,5163.0,5171.10009765625,661
2026-03-10 04:00:00,5172.7001953125,5174.0,5162.39990234375,5165.2998046875,902
2026-03-10 04:15:00,5171.10009765625,5175.2998046875,5170.0,5173.10009765625,735
2026-03-10 04:30:00,5170.89990234375,5174.10009765625,5170.2998046875,5171.0,166
2026-03-10 04:45:00,5172.10009765625,5174.10009765625,5170.2998046875,5170.2998046875,128
2026-03-10 05:00:00,5182.2998046875,5182.2998046875,5172.39990234375,5172.5,554
2026-03-10 05:15:00,5180.10009765625,5183.2001953125,5178.10009765625,5182.2998046875,263
2026-03-10 05:30:00,5177.7001953125,5183.2001953125,5176.39990234375,5180.60009765625,458
2026-03-10 05:45:00,5186.7001953125,5188.2001953125,5176.0,5177.60009765625,553
2026-03-10 06:00:00,5188.39990234375,5190.0,5183.2001953125,5187.2998046875,505
2026-03-10 06:15:00,5185.2001953125,5188.5,5180.7001953125,5188.5,560
2026-03-10 06:30:00,5184.39990234375,5188.39990234375,5183.10009765625,5185.60009765625,682
2026-03-10 06:45:00,5183.60009765625,5186.10009765625,5182.39990234375,5184.7001953125,610
2026-03-10 07:00:00,5183.60009765625,5188.0,5179.7001953125,5184.10009765625,863
2026-03-10 07:15:00,5178.7998046875,5186.2998046875,5167.2998046875,5182.7998046875,1468
2026-03-10 07:30:00,5185.39990234375,5187.60009765625,5174.5,5179.0,1359
2026-03-10 07:45:00,5190.5,5191.2998046875,5183.89990234375,5185.89990234375,1131
2026-03-10 08:00:00,5189.10009765625,5195.0,5184.5,5190.60009765625,1673
2026-03-10 08:15:00,5193.39990234375,5193.5,5185.0,5189.0,1205
2026-03-10 08:30:00,5198.60009765625,5204.0,5192.2001953125,5193.2998046875,2529
2026-03-10 08:45:00,5192.5,5203.7998046875,5191.89990234375,5199.10009765625,1946
2026-03-10 09:00:00,5197.2001953125,5198.39990234375,5189.7001953125,5192.60009765625,1101
2026-03-10 09:15:00,5196.0,5198.2001953125,5189.7998046875,5197.0,1369
2026-03-10 09:30:00,5196.7001953125,5197.0,5190.5,5195.60009765625,905
2026-03-10 09:45:00,5191.7998046875,5198.2001953125,5191.5,5196.5,587
2026-03-10 10:00:00,5190.2998046875,5193.2998046875,5184.10009765625,5191.5,1709
2026-03-10 10:15:00,5183.0,5191.0,5182.10009765625,5190.2001953125,851
2026-03-10 10:30:00,5178.2001953125,5185.7998046875,5165.60009765625,5183.2998046875,2677
2026-03-10 10:45:00,5186.60009765625,5187.5,5178.0,5178.10009765625,1238
2026-03-10 11:00:00,5196.60009765625,5201.10009765625,5185.7998046875,5186.60009765625,2144
2026-03-10 11:15:00,5192.89990234375,5199.89990234375,5189.2998046875,5196.7001953125,1616
2026-03-10 11:30:00,5183.7001953125,5194.5,5183.0,5192.7998046875,1626
2026-03-10 11:45:00,5184.2001953125,5188.89990234375,5180.89990234375,5183.5,1390
2026-03-10 12:00:00,5180.2001953125,5185.7001953125,5171.39990234375,5184.60009765625,1770
2026-03-10 12:15:00,5188.89990234375,5189.7998046875,5174.39990234375,5179.7998046875,1689
2026-03-10 12:30:00,5194.7998046875,5195.0,5187.7998046875,5189.10009765625,1513
2026-03-10 12:45:00,5196.5,5198.89990234375,5189.89990234375,5195.0,1669
2026-03-10 13:00:00,5210.89990234375,5213.39990234375,5194.89990234375,5196.2001953125,6656
2026-03-10 13:15:00,5230.7998046875,5238.89990234375,5209.10009765625,5211.0,6713
2026-03-10 13:30:00,5218.39990234375,5231.7998046875,5216.2998046875,5231.2998046875,4845
2026-03-10 13:45:00,5214.2001953125,5224.60009765625,5204.60009765625,5218.39990234375,5130
2026-03-10 14:00:00,5203.89990234375,5218.5,5193.60009765625,5215.39990234375,5420
2026-03-10 14:15:00,5218.2998046875,5224.0,5203.0,5203.60009765625,4907
2026-03-10 14:30:00,5215.2001953125,5222.7998046875,5212.0,5217.89990234375,3526
2026-03-10 14:45:00,5215.7998046875,5221.39990234375,5214.0,5215.7998046875,2600
2026-03-10 15:00:00,5232.89990234375,5236.0,5212.0,5216.0,5446
2026-03-10 15:15:00,5235.39990234375,5238.5,5231.5,5233.2998046875,2477
2026-03-10 15:30:00,5245.7001953125,5246.60009765625,5235.0,5235.39990234375,4230
2026-03-10 15:45:00,5238.0,5248.7001953125,5236.0,5245.7998046875,4057
2026-03-10 16:00:00,5233.2998046875,5239.7998046875,5232.2001953125,5238.10009765625,2005
2026-03-10 16:15:00,5242.10009765625,5245.10009765625,5232.2998046875,5232.89990234375,4640
2026-03-10 16:30:00,5237.60009765625,5244.0,5236.7001953125,5242.0,2106
2026-03-10 16:45:00,5236.89990234375,5241.2998046875,5235.10009765625,5237.7001953125,2018
2026-03-10 17:00:00,5243.5,5244.5,5236.10009765625,5236.89990234375,3522
2026-03-10 17:15:00,5242.60009765625,5243.60009765625,5232.60009765625,5243.2001953125,6139
2026-03-10 17:30:00,5237.2001953125,5244.10009765625,5236.89990234375,5242.2998046875,2476
2026-03-10 17:45:00,5237.10009765625,5241.89990234375,5235.5,5236.89990234375,1199
2026-03-10 18:00:00,5224.7998046875,5237.2998046875,5224.2001953125,5237.0,2295
2026-03-10 18:15:00,5211.39990234375,5227.7001953125,5169.0,5225.0,9386
2026-03-10 18:30:00,5204.7998046875,5217.2001953125,5198.7998046875,5211.60009765625,1610
2026-03-10 18:45:00,5200.0,5213.7998046875,5199.60009765625,5202.5,1200
2026-03-10 19:00:00,5206.7998046875,5208.39990234375,5193.0,5200.2998046875,1185
2026-03-10 19:15:00,5209.0,5216.5,5206.60009765625,5207.0,980
2026-03-10 19:30:00,5196.0,5209.39990234375,5188.7001953125,5209.2001953125,2566
2026-03-10 19:45:00,5207.0,5208.0,5196.2001953125,5196.39990234375,1072
2026-03-10 20:00:00,5206.2001953125,5207.39990234375,5201.7001953125,5206.7001953125,539
2026-03-10 20:15:00,5203.2998046875,5207.2001953125,5200.2998046875,5206.2001953125,398
2026-03-10 20:30:00,5206.39990234375,5206.39990234375,5201.5,5203.0,278
2026-03-10 20:45:00,5198.7001953125,5207.7001953125,5198.5,5206.2998046875,407
2026-03-10 22:00:00,5199.2998046875,5204.5,5191.2998046875,5194.0,232
2026-03-10 22:15:00,5199.60009765625,5206.2001953125,5197.2998046875,5198.60009765625,493
2026-03-10 22:30:00,5200.7998046875,5203.7998046875,5195.2001953125,5198.10009765625,366
2026-03-10 22:45:00,5196.7001953125,5203.0,5193.60009765625,5200.7998046875,432
2026-03-10 23:00:00,5199.7001953125,5204.5,5196.39990234375,5197.2001953125,378
2026-03-10 23:15:00,5201.39990234375,5206.0,5195.2001953125,5199.39990234375,401
2026-03-10 23:30:00,5198.7998046875,5203.7998046875,5198.2001953125,5201.2998046875,260
2026-03-10 23:45:00,5204.89990234375,5205.0,5195.39990234375,5199.2998046875,448
2026-03-11 00:00:00,5199.89990234375,5205.89990234375,5194.0,5205.0,612
2026-03-11 00:15:00,5219.7998046875,5223.2001953125,5199.2001953125,5199.60009765625,1403
2026-03-11 00:30:00,5218.7998046875,5220.2001953125,5213.5,5220.2001953125,629
2026-03-11 00:45:00,5223.10009765625,5227.0,5218.7998046875,5218.7998046875,1127
2026-03-11 01:00:00,5222.7001953125,5230.7001953125,5219.60009765625,5223.0,1090
2026-03-11 01:15:00,5222.2998046875,5230.89990234375,5218.2001953125,5222.60009765625,1080
2026-03-11 01:30:00,5222.2998046875,5227.7001953125,5220.60009765625,5223.2001953125,584
2026-03-11 01:45:00,5215.89990234375,5225.5,5215.89990234375,5223.0,447
2026-03-11 02:00:00,5209.2998046875,5217.0,5202.0,5215.89990234375,1475
2026-03-11 02:15:00,5212.10009765625,5214.5,5208.39990234375,5209.0,530
2026-03-11 02:30:00,5215.7001953125,5218.0,5209.89990234375,5212.2001953125,769
2026-03-11 02:45:00,5225.39990234375,5228.7001953125,5215.7998046875,5216.7001953125,1177
2026-03-11 03:00:00,5221.7998046875,5228.5,5219.89990234375,5225.5,448
2026-03-11 03:15:00,5212.89990234375,5222.89990234375,5212.89990234375,5221.7001953125,860
2026-03-11 03:30:00,5215.7998046875,5217.89990234375,5211.7001953125,5212.7998046875,376
2026-03-11 03:45:00,5211.10009765625,5216.7001953125,5207.5,5216.39990234375,700
2026-03-11 04:00:00,5214.0,5215.0,5207.89990234375,5211.5,392
2026-03-11 04:15:00,5215.7001953125,5217.10009765625,5213.0,5214.10009765625,500
2026-03-11 04:30:00,5214.7998046875,5216.7998046875,5212.5,5215.60009765625,235
2026-03-11 04:45:00,5212.7998046875,5214.7998046875,5210.2001953125,5214.7998046875,286
2026-03-11 05:00:00,5212.7998046875,5216.7998046875,5211.7001953125,5212.5,315
2026-03-11 05:15:00,5208.89990234375,5214.60009765625,5208.39990234375,5212.7001953125,309
2026-03-11 05:30:00,5209.10009765625,5213.10009765625,5197.7998046875,5208.89990234375,1433
2026-03-11 05:45:00,5207.60009765625,5209.60009765625,5203.7001953125,5208.39990234375,512
2026-03-11 06:00:00,5217.0,5218.10009765625,5204.2998046875,5207.2001953125,637
2026-03-11 06:15:00,5214.2001953125,5218.39990234375,5210.60009765625,5216.7001953125,506
2026-03-11 06:30:00,5202.7998046875,5213.89990234375,5199.60009765625,5213.7001953125,910
2026-03-11 06:45:00,5205.7998046875,5206.89990234375,5200.0,5202.2998046875,753
2026-03-11 07:00:00,5206.39990234375,5209.7998046875,5202.7998046875,5205.0,1202
2026-03-11 07:15:00,5205.2001953125,5207.7998046875,5203.2001953125,5206.89990234375,884
2026-03-11 07:30:00,5198.89990234375,5206.39990234375,5192.10009765625,5206.0,1967
2026-03-11 07:45:00,5203.7001953125,5205.10009765625,5197.60009765625,5199.10009765625,1195
2026-03-11 08:00:00,5206.2998046875,5206.7001953125,5196.10009765625,5203.2998046875,812
2026-03-11 08:15:00,5193.10009765625,5205.89990234375,5188.5,5205.89990234375,1512
2026-03-11 08:30:00,5189.39990234375,5195.2001953125,5183.2998046875,5192.60009765625,2292
2026-03-11 08:45:00,5195.2001953125,5196.10009765625,5187.0,5189.10009765625,1041
2026-03-11 09:00:00,5191.60009765625,5195.7998046875,5187.10009765625,5194.89990234375,900
2026-03-11 09:15:00,5195.2998046875,5198.0,5191.39990234375,5191.39990234375,1235
2026-03-11 09:30:00,5199.5,5205.10009765625,5194.89990234375,5194.89990234375,1128
2026-03-11 09:45:00,5195.7001953125,5202.60009765625,5194.39990234375,5199.7001953125,1199
2026-03-11 10:00:00,5201.2001953125,5203.0,5194.2998046875,5195.7998046875,1080
2026-03-11 10:15:00,5199.7998046875,5203.0,5197.2998046875,5201.39990234375,704
2026-03-11 10:30:00,5187.10009765625,5200.10009765625,5184.7998046875,5199.89990234375,2162
2026-03-11 10:45:00,5194.10009765625,5198.89990234375,5184.7998046875,5186.7998046875,980
2026-03-11 11:00:00,5195.2001953125,5201.10009765625,5192.0,5194.2998046875,1301
2026-03-11 11:15:00,5188.7998046875,5197.5,5187.2001953125,5195.5,1073
2026-03-11 11:30:00,5193.0,5198.60009765625,5187.7998046875,5188.60009765625,1296
2026-03-11 11:45:00,5189.2001953125,5196.60009765625,5182.2998046875,5192.7998046875,1155
2026-03-11 12:00:00,5199.2998046875,5201.5,5185.5,5188.7001953125,1842
2026-03-11 12:15:00,5199.7001953125,5203.39990234375,5195.7001953125,5199.60009765625,1503
2026-03-11 12:30:00,5187.7998046875,5207.5,5180.2001953125,5200.39990234375,3290
2026-03-11 12:45:00,5175.10009765625,5188.2001953125,5172.0,5187.5,2813
2026-03-11 13:00:00,5185.2998046875,5189.5,5169.10009765625,5174.7001953125,3393
2026-03-11 13:15:00,5189.2998046875,5191.10009765625,5183.39990234375,5185.0,1258
2026-03-11 13:30:00,5172.7001953125,5189.0,5172.0,5189.0,3340
2026-03-11 13:45:00,5184.2998046875,5184.89990234375,5155.89990234375,5172.39990234375,6352
2026-03-11 14:00:00,5197.0,5197.60009765625,5182.2001953125,5184.0,3980
2026-03-11 14:15:00,5201.89990234375,5203.7998046875,5189.5,5197.39990234375,2979
2026-03-11 14:30:00,5191.0,5204.2998046875,5181.7998046875,5201.89990234375,3072
2026-03-11 14:45:00,5190.7998046875,5201.39990234375,5188.0,5190.60009765625,3608
2026-03-11 15:00:00,5177.7998046875,5193.7998046875,5177.7001953125,5190.7001953125,3465
2026-03-11 15:15:00,5180.10009765625,5187.0,5175.5,5177.7998046875,2182
2026-03-11 15:30:00,5176.60009765625,5181.5,5173.7998046875,5179.60009765625,3193
2026-03-11 15:45:00,5173.39990234375,5182.7001953125,5169.89990234375,5176.60009765625,1306
2026-03-11 16:00:00,5179.7998046875,5180.0,5170.7998046875,5173.39990234375,1962
2026-03-11 16:15:00,5174.2998046875,5179.7001953125,5171.60009765625,5179.7001953125,1473
2026-03-11 16:30:00,5181.7001953125,5184.39990234375,5173.2998046875,5174.0,1570
2026-03-11 16:45:00,5183.10009765625,5185.5,5177.7998046875,5181.7998046875,1388
2026-03-11 17:00:00,5183.2998046875,5188.5,5181.7001953125,5183.2998046875,2877
2026-03-11 17:15:00,5179.39990234375,5185.7998046875,5177.0,5183.2001953125,8739
2026-03-11 17:30:00,5170.2001953125,5179.89990234375,5158.39990234375,5179.39990234375,7229
2026-03-11 17:45:00,5176.60009765625,5177.10009765625,5168.2998046875,5170.2998046875,1245
2026-03-11 18:00:00,5179.60009765625,5182.2998046875,5176.2001953125,5176.60009765625,894
2026-03-11 18:15:00,5185.39990234375,5186.10009765625,5179.2998046875,5179.39990234375,1654
2026-03-11 18:30:00,5185.2001953125,5186.2998046875,5184.2001953125,5185.39990234375,773
2026-03-11 18:45:00,5180.10009765625,5186.0,5178.10009765625,5185.2001953125,594
2026-03-11 19:00:00,5179.89990234375,5181.7998046875,5176.89990234375,5180.2001953125,607
2026-03-11 19:15:00,5184.7001953125,5185.5,5179.60009765625,5179.7001953125,411
2026-03-11 19:30:00,5187.2001953125,5187.7998046875,5183.60009765625,5185.2998046875,504
2026-03-11 19:45:00,5191.0,5191.2001953125,5184.60009765625,5187.39990234375,744
2026-03-11 20:00:00,5186.10009765625,5191.5,5184.5,5190.7998046875,422
2026-03-11 20:15:00,5185.60009765625,5187.10009765625,5182.89990234375,5185.7998046875,424
2026-03-11 20:30:00,5184.10009765625,5185.7998046875,5183.7001953125,5185.7001953125,177
2026-03-11 20:45:00,5183.89990234375,5186.2001953125,5183.10009765625,5184.0,273
2026-03-11 22:00:00,5181.5,5189.7998046875,5169.7998046875,5185.39990234375,447
2026-03-11 22:15:00,5175.2998046875,5182.2001953125,5171.39990234375,5181.60009765625,382
2026-03-11 22:30:00,5163.7998046875,5175.2001953125,5158.60009765625,5175.2001953125,828
2026-03-11 22:45:00,5144.7998046875,5174.2001953125,5135.0,5164.2998046875,1740
2026-03-11 23:00:00,5157.5,5160.2998046875,5141.0,5144.5,1056
2026-03-11 23:15:00,5161.7001953125,5162.7998046875,5156.5,5158.7001953125,364
2026-03-11 23:30:00,5152.10009765625,5163.89990234375,5151.2998046875,5161.60009765625,591
2026-03-11 23:45:00,5140.0,5152.0,5138.7998046875,5151.7001953125,944
2026-03-12 00:00:00,5143.89990234375,5147.7998046875,5130.0,5139.39990234375,1713
2026-03-12 00:15:00,5159.0,5164.10009765625,5144.89990234375,5144.89990234375,1117
2026-03-12 00:30:00,5159.60009765625,5168.0,5157.39990234375,5158.2998046875,961
2026-03-12 00:45:00,5158.10009765625,5161.39990234375,5155.60009765625,5159.60009765625,547
2026-03-12 01:00:00,5162.0,5171.89990234375,5156.7998046875,5158.2001953125,1609
2026-03-12 01:15:00,5161.2998046875,5166.10009765625,5156.2001953125,5162.5,726
2026-03-12 01:30:00,5175.10009765625,5175.7001953125,5159.10009765625,5162.89990234375,1211
2026-03-12 01:45:00,5174.39990234375,5178.39990234375,5169.5,5174.7998046875,933
2026-03-12 02:00:00,5179.39990234375,5180.0,5172.5,5173.7001953125,584
2026-03-12 02:15:00,5173.39990234375,5180.60009765625,5172.2001953125,5178.7001953125,818
2026-03-12 02:30:00,5162.10009765625,5176.89990234375,5160.2998046875,5173.2998046875,1360
2026-03-12 02:45:00,5156.0,5163.2001953125,5150.5,5163.0,1691
2026-03-12 03:00:00,5159.0,5160.5,5153.60009765625,5155.7001953125,702
2026-03-12 03:15:00,5156.2001953125,5159.7001953125,5152.0,5158.89990234375,1005
2026-03-12 03:30:00,5157.39990234375,5158.7001953125,5152.7998046875,5156.0,561
2026-03-12 03:45:00,5158.2001953125,5159.60009765625,5156.2001953125,5157.5,275
2026-03-12 04:00:00,5157.39990234375,5158.39990234375,5155.0,5158.39990234375,158
2026-03-12 04:15:00,5157.60009765625,5159.2001953125,5155.2001953125,5157.39990234375,434
2026-03-12 04:30:00,5148.60009765625,5157.39990234375,5148.60009765625,5157.10009765625,669
2026-03-12 04:45:00,5147.39990234375,5151.60009765625,5145.2998046875,5148.89990234375,514
2026-03-12 05:00:00,5151.2001953125,5153.7998046875,5146.10009765625,5147.60009765625,560
2026-03-12 05:15:00,5147.2001953125,5153.7998046875,5142.0,5150.7998046875,600
2026-03-12 05:30:00,5158.5,5159.7998046875,5145.7001953125,5147.89990234375,644
2026-03-12 05:45:00,5159.7001953125,5162.5,5156.7998046875,5157.89990234375,665
2026-03-12 06:00:00,5159.7998046875,5163.10009765625,5156.7001953125,5159.60009765625,396
2026-03-12 06:15:00,5161.7001953125,5162.7001953125,5152.7001953125,5159.0,512
2026-03-12 06:30:00,5174.2998046875,5175.5,5161.10009765625,5162.0,1206
2026-03-12 06:45:00,5172.60009765625,5176.2001953125,5170.7998046875,5174.39990234375,1014
2026-03-12 07:00:00,5175.7998046875,5176.2998046875,5170.2998046875,5171.89990234375,668
2026-03-12 07:15:00,5174.7998046875,5176.2998046875,5171.7001953125,5175.7998046875,945
2026-03-12 07:30:00,5184.5,5185.60009765625,5174.0,5174.7001953125,1299
2026-03-12 07:45:00,5188.39990234375,5190.89990234375,5181.89990234375,5184.89990234375,1180
2026-03-12 08:00:00,5187.89990234375,5195.89990234375,5186.7998046875,5188.2001953125,1764
2026-03-12 08:15:00,5183.89990234375,5190.89990234375,5183.2998046875,5187.7001953125,1068
2026-03-12 08:30:00,5187.39990234375,5188.2001953125,5183.89990234375,5183.89990234375,629
2026-03-12 08:45:00,5184.39990234375,5189.2001953125,5181.39990234375,5187.60009765625,734
2026-03-12 09:00:00,5182.2001953125,5187.39990234375,5181.60009765625,5184.60009765625,1113
2026-03-12 09:15:00,5186.0,5187.39990234375,5179.7998046875,5182.39990234375,1163
2026-03-12 09:30:00,5190.89990234375,5193.5,5186.2001953125,5186.2001953125,970
2026-03-12 09:45:00,5194.2001953125,5196.2001953125,5189.0,5191.0,1202
2026-03-12 10:00:00,5193.39990234375,5197.7998046875,5192.7998046875,5194.10009765625,1173
2026-03-12 10:15:00,5186.2001953125,5193.60009765625,5186.0,5193.5,847
2026-03-12 10:30:00,5187.2998046875,5189.60009765625,5181.7998046875,5186.60009765625,1936
2026-03-12 10:45:00,5188.2001953125,5189.60009765625,5184.2001953125,5188.10009765625,1019
2026-03-12 11:00:00,5185.2001953125,5189.60009765625,5184.2001953125,5187.89990234375,366
2026-03-12 11:15:00,5182.39990234375,5185.5,5178.60009765625,5184.89990234375,738
2026-03-12 11:30:00,5186.60009765625,5186.7001953125,5181.2998046875,5182.7001953125,632
2026-03-12 11:45:00,5184.7998046875,5187.5,5182.5,5187.10009765625,713
2026-03-12 12:00:00,5174.7998046875,5186.2001953125,5173.10009765625,5185.0,1539
2026-03-12 12:15:00,5179.39990234375,5179.39990234375,5168.5,5174.5,2225
2026-03-12 12:30:00,5180.2998046875,5182.7998046875,5174.39990234375,5179.39990234375,1806
2026-03-12 12:45:00,5187.7001953125,5192.2998046875,5180.2998046875,5180.2998046875,2372
2026-03-12 13:00:00,5190.89990234375,5192.5,5185.2998046875,5187.5,2537
2026-03-12 13:15:00,5177.2998046875,5191.39990234375,5164.7998046875,5191.39990234375,3120
2026-03-12 13:30:00,5166.5,5177.60009765625,5161.7001953125,5177.60009765625,4193
2026-03-12 13:45:00,5157.39990234375,5166.2998046875,5152.10009765625,5165.2998046875,3141
2026-03-12 14:00:00,5166.89990234375,5170.2001953125,5156.0,5157.0,2427
2026-03-12 14:15:00,5159.10009765625,5169.7001953125,5156.2001953125,5168.0,2055
2026-03-12 14:30:00,5155.2001953125,5160.7001953125,5145.7998046875,5158.5,2864
2026-03-12 14:45:00,5148.7998046875,5160.0,5144.2001953125,5154.89990234375,2982
2026-03-12 15:00:00,5129.89990234375,5150.89990234375,5114.60009765625,5148.60009765625,7889
2026-03-12 15:15:00,5134.7001953125,5138.2001953125,5123.2001953125,5130.2001953125,2471
2026-03-12 15:30:00,5137.0,5140.5,5124.39990234375,5134.7001953125,3532
2026-03-12 15:45:00,5138.0,5141.0,5131.5,5137.2001953125,2167
2026-03-12 16:00:00,5133.89990234375,5141.10009765625,5126.7998046875,5138.10009765625,2106
2026-03-12 16:15:00,5137.5,5144.0,5133.60009765625,5134.60009765625,3156
2026-03-12 16:30:00,5141.39990234375,5144.2998046875,5131.0,5137.7998046875,2999
2026-03-12 16:45:00,5130.10009765625,5141.7001953125,5128.2998046875,5141.5,1909
2026-03-12 17:00:00,5128.60009765625,5136.5,5127.5,5129.89990234375,1621
2026-03-12 17:15:00,5126.0,5129.89990234375,5120.10009765625,5128.60009765625,5915
2026-03-12 17:30:00,5117.0,5127.0,5111.7001953125,5126.10009765625,4386
2026-03-12 17:45:00,5112.39990234375,5119.2998046875,5109.0,5117.2998046875,1989
2026-03-12 18:00:00,5114.0,5119.5,5111.7001953125,5111.89990234375,1719
2026-03-12 18:15:00,5111.2001953125,5117.5,5107.60009765625,5114.2001953125,1270
2026-03-12 18:30:00,5104.5,5110.89990234375,5103.39990234375,5110.7998046875,1544
2026-03-12 18:45:00,5100.0,5105.2001953125,5095.2998046875,5104.2001953125,2345
2026-03-12 19:00:00,5090.60009765625,5101.0,5084.5,5100.2001953125,2682
2026-03-12 19:15:00,5099.5,5101.5,5086.89990234375,5091.0,1582
2026-03-12 19:30:00,5098.2998046875,5102.89990234375,5097.0,5099.2998046875,919
2026-03-12 19:45:00,5091.7001953125,5102.7001953125,5088.39990234375,5098.0,1847
2026-03-12 20:00:00,5091.89990234375,5097.60009765625,5091.10009765625,5092.0,654
2026-03-12 20:15:00,5077.39990234375,5095.60009765625,5076.7998046875,5091.7998046875,2455
2026-03-12 20:30:00,5077.0,5077.60009765625,5058.2001953125,5077.39990234375,4062
2026-03-12 20:45:00,5084.10009765625,5086.39990234375,5076.7998046875,5076.89990234375,843
2026-03-12 22:00:00,5084.5,5090.5,5074.60009765625,5084.0,703
2026-03-12 22:15:00,5096.2001953125,5098.89990234375,5084.10009765625,5084.2998046875,931
2026-03-12 22:30:00,5092.60009765625,5095.7001953125,5088.89990234375,5095.39990234375,296
2026-03-12 22:45:00,5099.10009765625,5099.2998046875,5091.7001953125,5093.5,297
2026-03-12 23:00:00,5094.2001953125,5099.7998046875,5092.60009765625,5099.60009765625,624
2026-03-12 23:15:00,5097.7001953125,5102.7998046875,5094.0,5094.0,669
2026-03-12 23:30:00,5098.0,5101.7001953125,5095.39990234375,5097.39990234375,1006
2026-03-12 23:45:00,5101.5,5104.39990234375,5097.7001953125,5097.7001953125,465
2026-03-13 00:00:00,5109.10009765625,5111.5,5100.39990234375,5101.0,1150
2026-03-13 00:15:00,5109.7998046875,5112.0,5107.2998046875,5109.10009765625,660
2026-03-13 00:30:00,5111.0,5113.7001953125,5109.39990234375,5109.39990234375,830
2026-03-13 00:45:00,5116.60009765625,5118.10009765625,5110.39990234375,5110.7998046875,824
2026-03-13 01:00:00,5122.39990234375,5124.60009765625,5116.2998046875,5116.7001953125,2046
2026-03-13 01:15:00,5122.0,5123.89990234375,5116.89990234375,5122.89990234375,1444
2026-03-13 01:30:00,5115.39990234375,5125.2001953125,5113.39990234375,5122.2998046875,1650
2026-03-13 01:45:00,5128.5,5128.5,5111.39990234375,5115.5,2195
2026-03-13 02:00:00,5127.2998046875,5132.39990234375,5126.5,5127.89990234375,1164
2026-03-13 02:15:00,5126.2001953125,5127.2001953125,5118.2998046875,5126.89990234375,1192
2026-03-13 02:30:00,5122.2001953125,5126.0,5119.7998046875,5126.0,477
2026-03-13 02:45:00,5115.39990234375,5122.39990234375,5113.7001953125,5122.0,869
2026-03-13 03:00:00,5113.7001953125,5119.5,5112.39990234375,5115.7998046875,941
2026-03-13 03:15:00,5113.5,5117.60009765625,5111.2998046875,5114.60009765625,466
2026-03-13 03:30:00,5114.2998046875,5115.39990234375,5109.39990234375,5113.7001953125,414
2026-03-13 03:45:00,5119.2001953125,5120.0,5113.89990234375,5114.0,508
2026-03-13 04:00:00,5117.60009765625,5121.10009765625,5115.7001953125,5118.89990234375,706
2026-03-13 04:15:00,5107.7001953125,5117.7001953125,5106.7998046875,5117.39990234375,385
2026-03-13 04:30:00,5107.5,5110.2998046875,5105.5,5108.89990234375,574
2026-03-13 04:45:00,5107.10009765625,5109.60009765625,5105.7998046875,5107.60009765625,372
2026-03-13 05:00:00,5112.0,5112.2001953125,5105.7001953125,5107.39990234375,842
2026-03-13 05:15:00,5108.89990234375,5113.60009765625,5107.89990234375,5111.60009765625,505
2026-03-13 05:30:00,5103.2001953125,5114.89990234375,5102.39990234375,5109.10009765625,1345
2026-03-13 05:45:00,5106.2001953125,5108.60009765625,5100.60009765625,5103.7001953125,1376
2026-03-13 06:00:00,5107.60009765625,5111.2998046875,5104.89990234375,5106.10009765625,933
2026-03-13 06:15:00,5099.10009765625,5107.89990234375,5092.0,5107.2998046875,1823
2026-03-13 06:30:00,5094.89990234375,5101.89990234375,5091.7001953125,5099.10009765625,1428
2026-03-13 06:45:00,5092.2001953125,5098.7001953125,5088.60009765625,5095.60009765625,1201
2026-03-13 07:00:00,5094.10009765625,5098.2998046875,5087.2001953125,5092.2001953125,1061
2026-03-13 07:15:00,5089.10009765625,5094.5,5075.5,5094.10009765625,2326
2026-03-13 07:30:00,5093.89990234375,5097.39990234375,5088.0,5089.2001953125,1187
2026-03-13 07:45:00,5089.5,5096.89990234375,5086.60009765625,5093.39990234375,1061
2026-03-13 08:00:00,5082.5,5089.7998046875,5070.7001953125,5089.7998046875,1986
2026-03-13 08:15:00,5075.0,5083.89990234375,5066.0,5082.2001953125,1954
2026-03-13 08:30:00,5081.2001953125,5088.89990234375,5074.89990234375,5074.89990234375,1663
2026-03-13 08:45:00,5092.2001953125,5092.7998046875,5080.2998046875,5080.60009765625,1010
2026-03-13 09:00:00,5097.39990234375,5101.89990234375,5091.0,5092.2998046875,1472
2026-03-13 09:15:00,5096.60009765625,5098.0,5088.7998046875,5097.39990234375,1076
2026-03-13 09:30:00,5089.89990234375,5097.60009765625,5087.89990234375,5096.89990234375,888
2026-03-13 09:45:00,5094.2998046875,5098.7001953125,5089.2998046875,5089.89990234375,667
2026-03-13 10:00:00,5098.2001953125,5098.2001953125,5090.39990234375,5094.0,782
2026-03-13 10:15:00,5094.2001953125,5101.39990234375,5093.0,5098.2001953125,795
2026-03-13 10:30:00,5092.2998046875,5094.39990234375,5085.0,5093.89990234375,1668
2026-03-13 10:45:00,5099.60009765625,5103.39990234375,5089.2998046875,5092.2998046875,1316
2026-03-13 11:00:00,5095.89990234375,5102.39990234375,5091.10009765625,5099.89990234375,1288
2026-03-13 11:15:00,5100.60009765625,5102.5,5094.10009765625,5095.39990234375,1074
2026-03-13 11:30:00,5099.2001953125,5101.10009765625,5096.89990234375,5100.89990234375,838
2026-03-13 11:45:00,5112.89990234375,5112.89990234375,5096.89990234375,5100.10009765625,1628
2026-03-13 12:00:00,5114.2998046875,5124.2001953125,5112.7001953125,5113.0,2235
2026-03-13 12:15:00,5119.60009765625,5121.2001953125,5109.7998046875,5113.89990234375,1611
2026-03-13 12:30:00,5118.2998046875,5122.89990234375,5114.39990234375,5121.7998046875,1670
2026-03-13 12:45:00,5124.39990234375,5128.5,5117.5,5118.60009765625,2145
2026-03-13 13:00:00,5118.7001953125,5127.89990234375,5116.10009765625,5124.60009765625,2295
2026-03-13 13:15:00,5114.60009765625,5121.10009765625,5113.2998046875,5118.89990234375,1185
2026-03-13 13:30:00,5118.10009765625,5118.5,5102.10009765625,5114.2998046875,3083
2026-03-13 13:45:00,5107.5,5123.2001953125,5105.2998046875,5118.10009765625,2355
2026-03-13 14:00:00,5095.2001953125,5114.10009765625,5095.2001953125,5107.10009765625,2941
2026-03-13 14:15:00,5094.5,5100.2998046875,5088.39990234375,5095.5,2759
2026-03-13 14:30:00,5084.5,5097.2998046875,5079.39990234375,5094.2998046875,3051
2026-03-13 14:45:00,5045.7998046875,5084.39990234375,5039.2998046875,5084.2001953125,8826
2026-03-13 15:00:00,5074.2001953125,5076.0,5042.2001953125,5045.89990234375,7946
2026-03-13 15:15:00,5067.7001953125,5076.2001953125,5061.5,5073.7001953125,2797
2026-03-13 15:30:00,5051.89990234375,5072.7998046875,5046.5,5067.2998046875,3223
2026-03-13 15:45:00,5039.10009765625,5062.10009765625,5032.2001953125,5050.89990234375,6634
2026-03-13 16:00:00,5036.39990234375,5045.10009765625,5022.7998046875,5038.7998046875,7124
2026-03-13 16:15:00,5044.7998046875,5045.89990234375,5034.2998046875,5035.7001953125,2770
2026-03-13 16:30:00,5048.60009765625,5057.0,5044.2001953125,5045.2001953125,2464
2026-03-13 16:45:00,5050.60009765625,5056.0,5045.60009765625,5049.39990234375,1605
2026-03-13 17:00:00,5061.0,5061.39990234375,5047.7001953125,5050.10009765625,1912
2026-03-13 17:15:00,5060.5,5066.2998046875,5056.10009765625,5061.5,5416
2026-03-13 17:30:00,5057.89990234375,5068.10009765625,5055.5,5060.7998046875,1526
2026-03-13 17:45:00,5050.89990234375,5059.7001953125,5047.5,5057.7001953125,1062
2026-03-13 18:00:00,5046.60009765625,5056.0,5045.2001953125,5050.7998046875,1016
2026-03-13 18:15:00,5046.10009765625,5050.5,5040.7001953125,5047.2998046875,1166
2026-03-13 18:30:00,5048.89990234375,5053.60009765625,5044.7998046875,5045.7001953125,1324
2026-03-13 18:45:00,5050.89990234375,5050.89990234375,5045.7001953125,5048.5,1066
2026-03-13 19:00:00,5044.39990234375,5054.2001953125,5038.2998046875,5050.89990234375,2334
2026-03-13 19:15:00,5040.0,5045.0,5036.89990234375,5044.89990234375,1588
2026-03-13 19:30:00,5029.7001953125,5041.39990234375,5026.7998046875,5040.0,1480
2026-03-13 19:45:00,5022.0,5029.7001953125,5014.10009765625,5029.7001953125,3575
2026-03-13 20:00:00,5021.5,5026.60009765625,5017.2001953125,5022.2998046875,1191
2026-03-13 20:15:00,5018.7998046875,5026.2998046875,5017.0,5021.39990234375,1046
2026-03-13 20:30:00,5029.10009765625,5030.0,5017.7001953125,5018.5,853
2026-03-13 20:45:00,5061.7001953125,5061.7001953125,5021.10009765625,5028.89990234375,613
2026-03-15 22:00:00,5026.89990234375,5029.89990234375,5022.10009765625,5027.60009765625,2009
2026-03-15 22:15:00,5016.5,5027.2998046875,5003.0,5027.0,1227
2026-03-15 22:30:00,5013.7998046875,5021.5,5011.10009765625,5015.7001953125,1079
2026-03-15 22:45:00,5028.7998046875,5029.39990234375,5013.5,5013.5,600
2026-03-15 23:00:00,5010.10009765625,5030.0,5004.5,5028.0,1088
2026-03-15 23:15:00,4992.7998046875,5011.2998046875,4970.10009765625,5010.5,3113
2026-03-15 23:30:00,4988.39990234375,4996.0,4982.10009765625,4993.60009765625,857
2026-03-15 23:45:00,5000.60009765625,5002.2001953125,4975.2998046875,4987.89990234375,1393
2026-03-16 00:00:00,5027.2998046875,5032.89990234375,5000.0,5001.10009765625,2354
2026-03-16 00:15:00,5019.7998046875,5027.89990234375,5018.2998046875,5027.2001953125,623
2026-03-16 00:30:00,5032.0,5035.39990234375,5018.7001953125,5021.7998046875,1657
2026-03-16 00:45:00,5030.39990234375,5035.0,5021.2998046875,5031.89990234375,870
2026-03-16 01:00:00,4990.2001953125,5031.5,4990.0,5031.5,2330
2026-03-16 01:15:00,4992.2998046875,5009.89990234375,4986.0,4990.0,1935
2026-03-16 01:30:00,5008.2001953125,5009.2998046875,4986.10009765625,4992.2998046875,1368
2026-03-16 01:45:00,5020.0,5020.2001953125,5007.10009765625,5008.7001953125,862
2026-03-16 02:00:00,5018.0,5022.7001953125,5013.5,5019.39990234375,657
2026-03-16 02:15:00,5016.5,5022.0,5013.60009765625,5018.0,675
2026-03-16 02:30:00,5009.60009765625,5016.7001953125,5005.89990234375,5016.0,878
2026-03-16 02:45:00,5006.60009765625,5012.39990234375,5001.39990234375,5009.10009765625,744
2026-03-16 03:00:00,5001.7998046875,5010.60009765625,5001.5,5007.2001953125,880
2026-03-16 03:15:00,5014.0,5015.0,5001.39990234375,5002.2001953125,478
2026-03-16 03:30:00,5022.2001953125,5022.60009765625,5013.7001953125,5014.60009765625,634
2026-03-16 03:45:00,5022.5,5024.2998046875,5019.39990234375,5022.60009765625,361
2026-03-16 04:00:00,5027.89990234375,5029.89990234375,5022.7998046875,5023.2001953125,650
2026-03-16 04:15:00,5025.5,5030.10009765625,5024.39990234375,5028.2001953125,360
2026-03-16 04:30:00,5020.60009765625,5028.7998046875,5018.5,5025.5,411
2026-03-16 04:45:00,5016.5,5021.0,5016.0,5020.10009765625,135
2026-03-16 05:00:00,5016.0,5020.0,5014.7998046875,5016.39990234375,288
2026-03-16 05:15:00,5014.89990234375,5017.2001953125,5011.7998046875,5017.2001953125,511
2026-03-16 05:30:00,5020.10009765625,5021.60009765625,5006.89990234375,5014.2998046875,865
2026-03-16 05:45:00,5021.10009765625,5024.0,5019.39990234375,5019.7998046875,535
2026-03-16 06:00:00,5030.7998046875,5031.60009765625,5016.7998046875,5021.0,1176
2026-03-16 06:15:00,5031.5,5039.7998046875,5029.39990234375,5030.7001953125,1311
2026-03-16 06:30:00,5026.60009765625,5033.2001953125,5024.5,5031.7998046875,797
2026-03-16 06:45:00,5016.2001953125,5026.7001953125,5008.5,5026.0,1935
2026-03-16 07:00:00,5013.60009765625,5020.0,5013.2998046875,5016.10009765625,644
2026-03-16 07:15:00,5006.60009765625,5013.2998046875,5002.5,5013.0,2262
2026-03-16 07:30:00,4995.7001953125,5011.7001953125,4992.89990234375,5007.2998046875,2840
2026-03-16 07:45:00,4998.89990234375,5003.60009765625,4996.2001953125,4996.2001953125,1110
2026-03-16 08:00:00,4993.10009765625,5004.7001953125,4991.60009765625,4998.7001953125,2251
2026-03-16 08:15:00,5001.2001953125,5008.0,4991.60009765625,4992.7001953125,2549
2026-03-16 08:30:00,4990.7998046875,5002.5,4988.2001953125,5001.10009765625,1848
2026-03-16 08:45:00,4995.0,5001.5,4989.2001953125,4990.39990234375,1420
2026-03-16 09:00:00,4988.60009765625,4995.0,4983.5,4994.10009765625,3649
2026-03-16 09:15:00,4992.39990234375,4994.2001953125,4987.5,4988.2001953125,1285
2026-03-16 09:30:00,4985.7001953125,4995.60009765625,4985.10009765625,4992.7001953125,2381
2026-03-16 09:45:00,4979.39990234375,4989.2998046875,4976.5,4985.2001953125,2266
2026-03-16 10:00:00,4980.7001953125,4983.7001953125,4973.5,4979.7001953125,1843
2026-03-16 10:15:00,4990.7001953125,4995.7001953125,4980.2001953125,4980.2998046875,1994
2026-03-16 10:30:00,4990.39990234375,4994.2998046875,4985.0,4991.5,1884
2026-03-16 10:45:00,5004.2001953125,5005.2998046875,4988.7001953125,4990.0,2139
2026-03-16 11:00:00,5007.7001953125,5013.10009765625,5001.0,5004.2998046875,1773
2026-03-16 11:15:00,5024.10009765625,5028.2001953125,5007.89990234375,5008.0,2763
2026-03-16 11:30:00,5020.7998046875,5025.2998046875,5018.5,5024.10009765625,1257
2026-03-16 11:45:00,5001.89990234375,5023.5,4996.7998046875,5020.89990234375,3556
2026-03-16 12:00:00,5010.60009765625,5012.0,4999.5,5001.7001953125,1740
2026-03-16 12:15:00,5028.2998046875,5030.60009765625,5007.89990234375,5010.39990234375,5525
2026-03-16 12:30:00,5027.2998046875,5033.5,5024.0,5028.2001953125,2756
2026-03-16 12:45:00,5024.89990234375,5027.60009765625,5016.2001953125,5027.5,3032
2026-03-16 13:00:00,5027.7001953125,5028.7998046875,5018.7998046875,5025.39990234375,1738
2026-03-16 13:15:00,5027.0,5036.5,5024.2001953125,5027.7998046875,4218
2026-03-16 13:30:00,5038.0,5041.2998046875,5023.39990234375,5027.10009765625,3485
2026-03-16 13:45:00,5035.7001953125,5039.89990234375,5029.0,5037.5,3467
2026-03-16 14:00:00,5034.10009765625,5044.5,5033.0,5035.7998046875,3750
2026-03-16 14:15:00,5020.39990234375,5036.0,5020.39990234375,5034.7001953125,3034
2026-03-16 14:30:00,5006.39990234375,5021.2001953125,5005.5,5020.39990234375,3993
2026-03-16 14:45:00,5000.7998046875,5007.60009765625,4992.10009765625,5006.5,5380
2026-03-16 15:00:00,5003.60009765625,5007.5,4994.7001953125,5000.39990234375,5285
2026-03-16 15:15:00,4997.0,5010.89990234375,4988.5,5003.2001953125,3480
2026-03-16 15:30:00,5001.89990234375,5008.7001953125,4995.2001953125,4996.7001953125,2976
2026-03-16 15:45:00,4991.89990234375,5004.2001953125,4988.60009765625,5001.7001953125,3038
2026-03-16 16:00:00,5001.7001953125,5004.2001953125,4990.5,4991.5,1582
2026-03-16 16:15:00,4984.5,5003.39990234375,4982.7998046875,5001.2998046875,3121
2026-03-16 16:30:00,4992.60009765625,4995.10009765625,4978.60009765625,4985.0,3361
2026-03-16 16:45:00,4995.89990234375,4998.2001953125,4988.2001953125,4992.2001953125,1400
2026-03-16 17:00:00,5007.7998046875,5009.60009765625,4995.89990234375,4996.10009765625,2484
2026-03-16 17:15:00,5001.60009765625,5008.5,5000.0,5007.5,3320
2026-03-16 17:30:00,4993.0,5002.2001953125,4991.0,5001.2998046875,1736
2026-03-16 17:45:00,4996.7001953125,4998.2001953125,4989.5,4993.89990234375,951
2026-03-16 18:00:00,5004.7998046875,5007.0,4995.7998046875,4997.0,1849
2026-03-16 18:15:00,5012.7001953125,5014.10009765625,5003.2001953125,5005.5,1276
2026-03-16 18:30:00,5020.7998046875,5021.7001953125,5011.39990234375,5012.2001953125,1530
2026-03-16 18:45:00,5018.89990234375,5024.0,5017.7998046875,5020.89990234375,985
2026-03-16 19:00:00,5017.89990234375,5026.5,5014.7998046875,5018.7001953125,1600
2026-03-16 19:15:00,5016.39990234375,5021.5,5015.60009765625,5017.7001953125,666
2026-03-16 19:30:00,5016.2998046875,5020.60009765625,5014.0,5016.2998046875,767
2026-03-16 19:45:00,5019.2998046875,5021.89990234375,5014.5,5016.7998046875,1123
2026-03-16 20:00:00,5022.89990234375,5028.0,5014.2001953125,5018.89990234375,1015
2026-03-16 20:15:00,5020.2001953125,5023.7001953125,5020.10009765625,5022.7001953125,328
2026-03-16 20:30:00,5015.10009765625,5020.2998046875,5013.60009765625,5020.0,426
2026-03-16 20:45:00,5011.2998046875,5016.7998046875,5010.7998046875,5014.7998046875,639
2026-03-16 22:00:00,5009.60009765625,5021.89990234375,5006.5,5012.2001953125,332
2026-03-16 22:15:00,5006.7998046875,5013.60009765625,5004.2001953125,5009.2998046875,402
2026-03-16 22:30:00,5006.7998046875,5010.2001953125,5003.89990234375,5007.60009765625,175
2026-03-16 22:45:00,5007.60009765625,5011.5,5005.7001953125,5006.5,247
2026-03-16 23:00:00,5011.2998046875,5011.5,5007.0,5007.2001953125,168
2026-03-16 23:15:00,5014.5,5015.0,5010.2998046875,5010.89990234375,185
2026-03-16 23:30:00,5013.60009765625,5019.2001953125,5013.5,5014.89990234375,629
2026-03-16 23:45:00,5018.0,5021.0,5011.5,5013.89990234375,300
2026-03-17 00:00:00,5010.89990234375,5019.2998046875,5006.89990234375,5018.0,799
2026-03-17 00:15:00,5008.39990234375,5015.0,5004.89990234375,5010.7001953125,431
2026-03-17 00:30:00,5006.39990234375,5011.5,5002.5,5008.2998046875,306
2026-03-17 00:45:00,5007.10009765625,5010.2998046875,5002.2998046875,5005.7001953125,339
2026-03-17 01:00:00,5013.7998046875,5016.60009765625,4998.7001953125,5006.2998046875,1209
2026-03-17 01:15:00,5017.5,5018.5,5011.2001953125,5014.2998046875,543
2026-03-17 01:30:00,5021.7998046875,5024.2001953125,5015.39990234375,5017.0,889
2026-03-17 01:45:00,5032.10009765625,5032.7001953125,5021.0,5021.60009765625,1052
2026-03-17 02:00:00,5025.2998046875,5034.10009765625,5024.7001953125,5032.2998046875,678
2026-03-17 02:15:00,5029.7998046875,5029.7998046875,5024.10009765625,5026.2001953125,365
2026-03-17 02:30:00,5033.0,5033.39990234375,5025.7998046875,5029.60009765625,428
2026-03-17 02:45:00,5026.2001953125,5033.5,5025.60009765625,5033.5,312
2026-03-17 03:00:00,5026.39990234375,5029.5,5024.2001953125,5026.0,272
2026-03-17 03:15:00,5036.5,5036.7998046875,5026.0,5026.2998046875,581
2026-03-17 03:30:00,5032.2001953125,5037.5,5031.10009765625,5036.7001953125,495
2026-03-17 03:45:00,5030.2998046875,5034.10009765625,5029.7001953125,5032.2998046875,350
2026-03-17 04:00:00,5033.2001953125,5034.0,5030.5,5031.10009765625,170
2026-03-17 04:15:00,5036.89990234375,5037.10009765625,5030.10009765625,5033.39990234375,334
2026-03-17 04:30:00,5044.5,5046.7001953125,5036.2001953125,5036.89990234375,1073
2026-03-17 04:45:00,5042.39990234375,5046.7001953125,5041.60009765625,5044.7001953125,767
2026-03-17 05:00:00,5044.89990234375,5045.7001953125,5036.7001953125,5043.10009765625,802
2026-03-17 05:15:00,5040.2998046875,5049.39990234375,5038.2998046875,5045.39990234375,1028
2026-03-17 05:30:00,5036.89990234375,5044.60009765625,5036.0,5040.2001953125,882
2026-03-17 05:45:00,5024.5,5037.60009765625,5024.2998046875,5037.10009765625,1313
2026-03-17 06:00:00,5016.7001953125,5027.0,5011.0,5025.2998046875,2180
2026-03-17 06:15:00,5015.89990234375,5018.60009765625,5009.0,5017.10009765625,1256
2026-03-17 06:30:00,5018.7998046875,5021.10009765625,5014.2001953125,5015.60009765625,549
2026-03-17 06:45:00,5013.89990234375,5019.7998046875,5012.2001953125,5019.10009765625,1016
2026-03-17 07:00:00,5018.2998046875,5021.10009765625,5013.10009765625,5013.7001953125,1347
2026-03-17 07:15:00,5020.60009765625,5022.89990234375,5013.0,5018.10009765625,1094
2026-03-17 07:30:00,5026.7998046875,5031.89990234375,5020.2001953125,5020.5,1366
2026-03-17 07:45:00,5025.0,5029.2998046875,5021.10009765625,5027.10009765625,875
2026-03-17 08:00:00,5025.7001953125,5029.7998046875,5022.5,5025.2001953125,1322
2026-03-17 08:15:00,5025.2001953125,5033.5,5023.10009765625,5025.10009765625,1196
2026-03-17 08:30:00,5026.0,5029.39990234375,5022.89990234375,5025.2998046875,955
2026-03-17 08:45:00,5029.0,5029.7001953125,5022.2998046875,5026.39990234375,1040
2026-03-17 09:00:00,5018.2001953125,5030.2998046875,5017.7001953125,5029.2001953125,1482
2026-03-17 09:15:00,5022.10009765625,5023.7998046875,5016.39990234375,5018.2998046875,1432
2026-03-17 09:30:00,5018.5,5022.7998046875,5015.2001953125,5021.5,1028
2026-03-17 09:45:00,5014.7001953125,5020.0,5014.39990234375,5018.10009765625,836
2026-03-17 10:00:00,5008.2998046875,5020.7001953125,5005.39990234375,5014.7001953125,2379
2026-03-17 10:15:00,5008.10009765625,5013.5,5005.7001953125,5008.2001953125,1273
2026-03-17 10:30:00,5003.2001953125,5014.10009765625,4994.7998046875,5007.7998046875,2978
2026-03-17 10:45:00,5004.39990234375,5008.89990234375,4999.0,5002.7998046875,1519
2026-03-17 11:00:00,5009.10009765625,5010.2998046875,5001.0,5004.0,1238
2026-03-17 11:15:00,5011.39990234375,5014.39990234375,5009.10009765625,5009.39990234375,954
2026-03-17 11:30:00,5013.7998046875,5014.2998046875,5008.2998046875,5011.5,673
2026-03-17 11:45:00,5007.2998046875,5016.10009765625,5006.2001953125,5013.89990234375,1265
2026-03-17 12:00:00,5013.0,5014.39990234375,5003.2998046875,5007.0,1637
2026-03-17 12:15:00,5024.89990234375,5025.5,5013.0,5013.39990234375,2140
2026-03-17 12:30:00,5022.39990234375,5029.0,5021.2001953125,5025.0,2272
2026-03-17 12:45:00,5016.2998046875,5023.0,5014.7001953125,5023.0,2009
2026-03-17 13:00:00,5021.2001953125,5022.89990234375,5015.0,5016.60009765625,1778
2026-03-17 13:15:00,5017.10009765625,5024.2998046875,5015.2001953125,5021.2001953125,1873
2026-03-17 13:30:00,5032.7001953125,5036.7001953125,5015.89990234375,5017.5,5117
2026-03-17 13:45:00,5021.89990234375,5033.2001953125,5010.60009765625,5032.5,3239
2026-03-17 14:00:00,5023.7001953125,5026.5,5014.60009765625,5021.60009765625,1894
2026-03-17 14:15:00,5013.2001953125,5024.10009765625,5011.39990234375,5023.60009765625,1736
2026-03-17 14:30:00,5018.0,5019.5,5007.2001953125,5012.89990234375,2391
2026-03-17 14:45:00,5012.5,5024.2998046875,5011.7001953125,5018.2001953125,2034
2026-03-17 15:00:00,5012.89990234375,5022.2001953125,5010.7001953125,5011.89990234375,3076
2026-03-17 15:15:00,4999.0,5019.7001953125,4997.7001953125,5013.2998046875,3419
2026-03-17 15:30:00,4988.60009765625,5005.2001953125,4977.0,4999.5,6684
2026-03-17 15:45:00,5002.60009765625,5003.60009765625,4988.0,4988.5,2880
2026-03-17 16:00:00,4998.39990234375,5003.60009765625,4995.60009765625,5002.5,1496
2026-03-17 16:15:00,5008.2001953125,5010.0,4997.10009765625,4998.89990234375,2386
2026-03-17 16:30:00,5006.60009765625,5010.2998046875,5004.2998046875,5008.39990234375,1865
2026-03-17 16:45:00,5006.39990234375,5008.2998046875,5002.0,5006.7001953125,1205
2026-03-17 17:00:00,5008.2998046875,5011.39990234375,5006.10009765625,5006.5,2055
2026-03-17 17:15:00,5007.39990234375,5013.7001953125,5006.10009765625,5008.5,2164
2026-03-17 17:30:00,5002.2998046875,5011.2001953125,5002.10009765625,5007.39990234375,2426
2026-03-17 17:45:00,5007.0,5008.2001953125,5001.0,5002.5,599
2026-03-17 18:00:00,5011.0,5012.39990234375,5005.5,5007.39990234375,827
2026-03-17 18:15:00,5008.2001953125,5013.5,5008.10009765625,5011.10009765625,718
2026-03-17 18:30:00,5006.7998046875,5008.5,5003.89990234375,5008.0,632
2026-03-17 18:45:00,5007.5,5012.2001953125,5006.7001953125,5007.2001953125,600
2026-03-17 19:00:00,5005.2001953125,5009.39990234375,5004.0,5007.10009765625,688
2026-03-17 19:15:00,5004.0,5006.39990234375,5002.2998046875,5005.2998046875,777
2026-03-17 19:30:00,5006.10009765625,5008.0,5000.39990234375,5004.2001953125,965
2026-03-17 19:45:00,5005.10009765625,5007.5,5002.89990234375,5006.5,872
2026-03-17 20:00:00,5008.2998046875,5011.0,5004.7001953125,5004.89990234375,538
2026-03-17 20:15:00,5008.60009765625,5009.60009765625,5006.60009765625,5008.2001953125,257
2026-03-17 20:30:00,5008.5,5009.7001953125,5007.60009765625,5008.60009765625,227
2026-03-17 20:45:00,5011.2998046875,5011.60009765625,5006.0,5008.39990234375,671
2026-03-17 22:00:00,5006.39990234375,5011.2001953125,5001.10009765625,5010.60009765625,123
2026-03-17 22:15:00,5006.2998046875,5008.7998046875,5004.0,5007.0,126
2026-03-17 22:30:00,4999.89990234375,5005.5,4999.10009765625,5005.5,275
2026-03-17 22:45:00,5003.60009765625,5007.10009765625,4996.89990234375,5000.2998046875,477
2026-03-17 23:00:00,5002.89990234375,5007.10009765625,5002.2001953125,5003.39990234375,177
2026-03-17 23:15:00,5003.7001953125,5005.5,5002.7001953125,5003.0,210
2026-03-17 23:30:00,5005.7001953125,5007.89990234375,5003.60009765625,5003.7998046875,161
2026-03-17 23:45:00,5006.60009765625,5007.0,5005.0,5006.0,39
2026-03-18 00:00:00,5014.0,5017.2998046875,5005.0,5006.60009765625,1068
2026-03-18 00:15:00,5007.39990234375,5016.5,5007.0,5014.7998046875,566
2026-03-18 00:30:00,5008.7998046875,5009.39990234375,5004.7001953125,5006.89990234375,1018
2026-03-18 00:45:00,5008.39990234375,5012.7998046875,5005.60009765625,5008.7001953125,522
2026-03-18 01:00:00,5016.89990234375,5021.0,5002.0,5008.89990234375,1876
2026-03-18 01:15:00,5012.7998046875,5022.0,5012.2998046875,5016.89990234375,729
2026-03-18 01:30:00,5005.7998046875,5014.10009765625,5005.7998046875,5012.39990234375,863
2026-03-18 01:45:00,5002.2001953125,5005.7998046875,4994.2998046875,5005.7998046875,1658
2026-03-18 02:00:00,5002.7001953125,5005.7998046875,4999.7001953125,5002.2001953125,499
2026-03-18 02:15:00,5005.60009765625,5010.7001953125,5002.2998046875,5003.0,459
2026-03-18 02:30:00,5004.89990234375,5007.0,5003.2001953125,5006.0,328
2026-03-18 02:45:00,4994.89990234375,5007.39990234375,4993.0,5005.39990234375,901
2026-03-18 03:00:00,4997.10009765625,4999.7001953125,4988.5,4994.89990234375,1206
2026-03-18 03:15:00,4999.2998046875,5000.0,4996.7998046875,4997.60009765625,338
2026-03-18 03:30:00,4997.5,5000.89990234375,4996.89990234375,4999.5,271
2026-03-18 03:45:00,4992.7001953125,4998.2998046875,4991.7998046875,4998.10009765625,273
2026-03-18 04:00:00,4994.10009765625,4995.7998046875,4992.39990234375,4994.5,333
2026-03-18 04:15:00,4993.39990234375,4997.0,4993.39990234375,4993.89990234375,347
2026-03-18 04:30:00,4987.5,4994.0,4984.89990234375,4994.0,1262
2026-03-18 04:45:00,4989.89990234375,4990.39990234375,4985.2998046875,4987.7001953125,637
2026-03-18 05:00:00,4993.7001953125,4995.0,4987.7001953125,4990.39990234375,928
2026-03-18 05:15:00,4994.0,4996.2998046875,4988.7001953125,4993.10009765625,741
2026-03-18 05:30:00,5002.39990234375,5004.5,4990.5,4994.2998046875,1355
2026-03-18 05:45:00,5001.10009765625,5006.2001953125,4998.0,5002.10009765625,758
2026-03-18 06:00:00,5012.7998046875,5013.0,4999.60009765625,5000.39990234375,1020
2026-03-18 06:15:00,5012.5,5015.0,5010.7001953125,5013.0,1113
2026-03-18 06:30:00,5015.39990234375,5020.5,5012.7001953125,5012.7998046875,1266
2026-03-18 06:45:00,5013.7998046875,5018.7001953125,5012.2998046875,5015.10009765625,1045
2026-03-18 07:00:00,5014.2998046875,5019.39990234375,5013.7001953125,5014.10009765625,681
2026-03-18 07:15:00,5013.2998046875,5014.39990234375,5010.2998046875,5014.0,751
2026-03-18 07:30:00,5006.10009765625,5014.0,5005.2001953125,5013.5,769
2026-03-18 07:45:00,4999.10009765625,5006.2998046875,4994.7001953125,5005.7001953125,1733
2026-03-18 08:00:00,4996.7001953125,5001.7001953125,4991.5,4999.0,3161
2026-03-18 08:15:00,4993.2001953125,4999.60009765625,4987.5,4997.10009765625,1822
2026-03-18 08:30:00,4989.10009765625,4996.10009765625,4988.10009765625,4992.7998046875,1621
2026-03-18 08:45:00,4990.7001953125,4994.0,4981.10009765625,4989.0,4124
2026-03-18 09:00:00,4990.2998046875,4994.7001953125,4989.7001953125,4991.10009765625,1037
2026-03-18 09:15:00,4996.60009765625,4998.5,4988.7001953125,4990.2998046875,1572
2026-03-18 09:30:00,4998.10009765625,5000.0,4996.0,4996.7998046875,815
2026-03-18 09:45:00,4996.39990234375,4999.60009765625,4995.0,4998.0,602
2026-03-18 10:00:00,4993.60009765625,4996.39990234375,4991.89990234375,4996.2998046875,1422
2026-03-18 10:15:00,4986.89990234375,4995.2998046875,4985.10009765625,4993.7001953125,1039
2026-03-18 10:30:00,4981.7998046875,4991.89990234375,4963.5,4986.7998046875,5948
2026-03-18 10:45:00,4971.7001953125,4984.39990234375,4962.60009765625,4981.39990234375,2921
2026-03-18 11:00:00,4973.39990234375,4974.39990234375,4953.60009765625,4971.7001953125,4546
2026-03-18 11:15:00,4952.2998046875,4977.7001953125,4950.0,4973.39990234375,2914
2026-03-18 11:30:00,4942.7001953125,4965.7001953125,4935.39990234375,4952.0,6177
2026-03-18 11:45:00,4933.2998046875,4948.7998046875,4928.0,4942.10009765625,4898
2026-03-18 12:00:00,4911.2998046875,4935.89990234375,4908.10009765625,4933.89990234375,7270
2026-03-18 12:15:00,4903.7001953125,4915.7998046875,4897.2998046875,4910.89990234375,6984
2026-03-18 12:30:00,4880.7998046875,4906.0,4877.0,4905.7001953125,10672
2026-03-18 12:45:00,4884.39990234375,4894.7998046875,4873.0,4881.2998046875,5958
2026-03-18 13:00:00,4861.60009765625,4884.2001953125,4851.2001953125,4884.0,10847
2026-03-18 13:15:00,4864.2001953125,4868.89990234375,4837.10009765625,4861.2001953125,6890
2026-03-18 13:30:00,4876.7998046875,4889.2001953125,4852.89990234375,4864.5,7836
2026-03-18 13:45:00,4881.7998046875,4884.0,4863.60009765625,4876.5,4469
2026-03-18 14:00:00,4884.5,4899.0,4875.7001953125,4881.89990234375,5555
2026-03-18 14:15:00,4863.7998046875,4887.2998046875,4862.10009765625,4884.7001953125,3692
2026-03-18 14:30:00,4864.7998046875,4868.39990234375,4859.39990234375,4864.2998046875,3220
2026-03-18 14:45:00,4873.10009765625,4876.10009765625,4863.60009765625,4864.10009765625,2153
2026-03-18 15:00:00,4879.0,4881.7998046875,4869.10009765625,4872.89990234375,2742
2026-03-18 15:15:00,4875.39990234375,4883.60009765625,4870.60009765625,4879.2001953125,2362
2026-03-18 15:30:00,4868.2001953125,4879.0,4867.89990234375,4875.0,1352
2026-03-18 15:45:00,4866.2998046875,4870.5,4864.5,4867.7998046875,1624
2026-03-18 16:00:00,4881.7001953125,4883.2998046875,4864.7001953125,4866.2001953125,1863
2026-03-18 16:15:00,4886.7001953125,4887.2001953125,4877.7998046875,4881.7001953125,1300
2026-03-18 16:30:00,4886.60009765625,4887.0,4877.2001953125,4886.7001953125,1923
2026-03-18 16:45:00,4891.2001953125,4894.7998046875,4884.0,4886.60009765625,2248
2026-03-18 17:00:00,4891.2001953125,4894.5,4888.10009765625,4891.39990234375,1436
2026-03-18 17:15:00,4895.39990234375,4902.60009765625,4889.60009765625,4891.5,4238
2026-03-18 17:30:00,4899.39990234375,4904.0,4891.5,4895.7001953125,3057
2026-03-18 17:45:00,4895.10009765625,4900.39990234375,4893.5,4899.0,1820
2026-03-18 18:00:00,4891.7998046875,4904.5,4885.10009765625,4895.2001953125,3651
2026-03-18 18:15:00,4890.10009765625,4894.39990234375,4880.7998046875,4891.7998046875,2377
2026-03-18 18:30:00,4882.89990234375,4892.7001953125,4876.60009765625,4890.2001953125,2903
2026-03-18 18:45:00,4857.2998046875,4882.7001953125,4856.2001953125,4882.0,3164
2026-03-18 19:00:00,4860.60009765625,4865.0,4847.0,4856.89990234375,4097
2026-03-18 19:15:00,4852.39990234375,4868.89990234375,4847.0,4861.10009765625,2498
2026-03-18 19:30:00,4854.39990234375,4864.10009765625,4849.7998046875,4852.2001953125,1610
2026-03-18 19:45:00,4846.7998046875,4855.0,4841.39990234375,4854.5,2908
2026-03-18 20:00:00,4829.5,4852.10009765625,4827.60009765625,4846.5,2074
2026-03-18 20:15:00,4814.2998046875,4831.89990234375,4811.60009765625,4829.2001953125,2728
2026-03-18 20:30:00,4824.2998046875,4825.0,4809.2998046875,4813.7001953125,2118
2026-03-18 20:45:00,4823.89990234375,4830.7001953125,4820.2998046875,4824.7001953125,995
2026-03-18 22:00:00,4821.10009765625,4839.89990234375,4817.7001953125,4828.0,701
2026-03-18 22:15:00,4818.0,4827.5,4806.0,4820.39990234375,1373
2026-03-18 22:30:00,4830.2998046875,4832.0,4811.60009765625,4818.5,765
2026-03-18 22:45:00,4837.10009765625,4842.0,4828.2998046875,4828.7001953125,848
2026-03-18 23:00:00,4836.7001953125,4839.60009765625,4831.5,4836.5,501
2026-03-18 23:15:00,4839.7998046875,4843.10009765625,4830.5,4836.10009765625,643
2026-03-18 23:30:00,4836.7001953125,4845.0,4836.10009765625,4839.2001953125,411
2026-03-18 23:45:00,4839.2001953125,4840.5,4832.0,4836.2001953125,382
2026-03-19 00:00:00,4845.60009765625,4850.7998046875,4837.60009765625,4838.39990234375,841
2026-03-19 00:15:00,4844.2001953125,4846.0,4838.39990234375,4845.7998046875,521
2026-03-19 00:30:00,4842.89990234375,4850.60009765625,4839.7001953125,4843.5,798
2026-03-19 00:45:00,4842.60009765625,4847.7001953125,4839.10009765625,4842.60009765625,547
2026-03-19 01:00:00,4840.2001953125,4855.0,4833.7001953125,4842.2998046875,1511
2026-03-19 01:15:00,4847.2001953125,4847.2001953125,4834.5,4838.7998046875,1036
2026-03-19 01:30:00,4866.89990234375,4868.7001953125,4844.0,4847.10009765625,1798
2026-03-19 01:45:00,4851.2998046875,4867.2001953125,4850.39990234375,4866.7001953125,1213
2026-03-19 02:00:00,4850.2998046875,4853.5,4842.60009765625,4851.2001953125,908
2026-03-19 02:15:00,4858.60009765625,4859.2001953125,4849.39990234375,4850.7998046875,634
2026-03-19 02:30:00,4863.39990234375,4863.39990234375,4855.0,4858.5,580
2026-03-19 02:45:00,4859.5,4863.2998046875,4854.89990234375,4863.0,662
2026-03-19 03:00:00,4865.7001953125,4866.60009765625,4856.5,4859.7998046875,684
2026-03-19 03:15:00,4861.7001953125,4867.39990234375,4858.10009765625,4865.60009765625,494
2026-03-19 03:30:00,4857.2998046875,4861.7998046875,4853.7001953125,4861.2998046875,346
2026-03-19 03:45:00,4852.7001953125,4858.2998046875,4852.2998046875,4857.2001953125,514
2026-03-19 04:00:00,4852.39990234375,4853.2998046875,4848.7001953125,4852.39990234375,410
2026-03-19 04:15:00,4851.2998046875,4855.2001953125,4851.10009765625,4852.2001953125,268
2026-03-19 04:30:00,4850.7998046875,4854.39990234375,4849.60009765625,4851.89990234375,263
2026-03-19 04:45:00,4851.7998046875,4852.10009765625,4847.0,4850.7001953125,252
2026-03-19 05:00:00,4852.10009765625,4855.39990234375,4848.10009765625,4851.5,667
2026-03-19 05:15:00,4849.10009765625,4855.7001953125,4848.0,4852.5,528
2026-03-19 05:30:00,4835.0,4848.2998046875,4833.7001953125,4848.10009765625,1807
2026-03-19 05:45:00,4829.2001953125,4841.7001953125,4828.10009765625,4835.2001953125,1296
2026-03-19 06:00:00,4834.2998046875,4844.2001953125,4828.89990234375,4829.10009765625,1145
2026-03-19 06:15:00,4815.2998046875,4835.5,4813.7998046875,4834.89990234375,1789
2026-03-19 06:30:00,4788.7998046875,4821.5,4782.39990234375,4815.60009765625,4752
2026-03-19 06:45:00,4765.2001953125,4791.0,4749.0,4788.7998046875,6605
2026-03-19 07:00:00,4779.2998046875,4786.0,4765.10009765625,4765.2998046875,2208
2026-03-19 07:15:00,4772.60009765625,4783.5,4759.2001953125,4781.0,2581
2026-03-19 07:30:00,4741.10009765625,4773.39990234375,4736.2001953125,4772.0,3250
2026-03-19 07:45:00,4729.60009765625,4756.2001953125,4727.2998046875,4740.7998046875,3315
2026-03-19 08:00:00,4715.89990234375,4742.2001953125,4703.0,4729.2998046875,4938
2026-03-19 08:15:00,4720.2998046875,4738.60009765625,4714.7998046875,4717.0,3619
2026-03-19 08:30:00,4690.2998046875,4724.0,4688.0,4719.7998046875,4691
2026-03-19 08:45:00,4710.60009765625,4721.10009765625,4688.39990234375,4689.39990234375,2866
2026-03-19 09:00:00,4697.2001953125,4723.0,4690.2998046875,4711.2001953125,3058
2026-03-19 09:15:00,4711.60009765625,4724.89990234375,4695.7998046875,4697.60009765625,3864
2026-03-19 09:30:00,4707.2001953125,4728.10009765625,4705.60009765625,4710.7998046875,2658
2026-03-19 09:45:00,4701.10009765625,4719.60009765625,4698.10009765625,4707.10009765625,3206
2026-03-19 10:00:00,4707.7998046875,4722.0,4699.60009765625,4700.60009765625,2706
2026-03-19 10:15:00,4685.60009765625,4708.10009765625,4672.5,4707.0,4020
2026-03-19 10:30:00,4686.7998046875,4703.2998046875,4676.2998046875,4685.7001953125,3759
2026-03-19 10:45:00,4681.89990234375,4692.39990234375,4669.39990234375,4686.2998046875,5956
2026-03-19 11:00:00,4689.60009765625,4702.7001953125,4681.7001953125,4682.2998046875,4951
2026-03-19 11:15:00,4689.7001953125,4696.0,4679.5,4689.2001953125,2609
2026-03-19 11:30:00,4667.5,4699.5,4660.7001953125,4689.89990234375,4782
2026-03-19 11:45:00,4654.39990234375,4671.0,4652.39990234375,4667.10009765625,4540
2026-03-19 12:00:00,4621.10009765625,4657.0,4611.2998046875,4654.89990234375,8534
2026-03-19 12:15:00,4608.5,4633.5,4605.0,4621.39990234375,7775
2026-03-19 12:30:00,4565.2001953125,4620.7998046875,4561.7998046875,4608.5,12090
2026-03-19 12:45:00,4577.2998046875,4588.5,4533.10009765625,4565.2998046875,11830
2026-03-19 13:00:00,4541.10009765625,4576.10009765625,4505.0,4576.10009765625,15225
2026-03-19 13:15:00,4578.89990234375,4584.0,4525.7001953125,4540.89990234375,8344
2026-03-19 13:30:00,4561.60009765625,4585.60009765625,4548.5,4579.39990234375,6992
2026-03-19 13:45:00,4624.0,4625.0,4540.7001953125,4561.0,11210
2026-03-19 14:00:00,4634.0,4651.7998046875,4620.2001953125,4624.89990234375,11220
2026-03-19 14:15:00,4587.2998046875,4638.2998046875,4586.60009765625,4633.7998046875,8040
2026-03-19 14:30:00,4615.2998046875,4625.0,4583.39990234375,4586.7998046875,6052
2026-03-19 14:45:00,4603.5,4630.39990234375,4600.0,4614.5,4265
2026-03-19 15:00:00,4630.5,4641.7001953125,4595.2001953125,4603.2001953125,5902
2026-03-19 15:15:00,4605.5,4632.0,4598.39990234375,4630.60009765625,4049
2026-03-19 15:30:00,4573.10009765625,4604.89990234375,4571.2998046875,4604.89990234375,5455
2026-03-19 15:45:00,4598.2998046875,4613.7001953125,4566.0,4572.7998046875,5501
2026-03-19 16:00:00,4606.2998046875,4628.0,4594.5,4598.0,4376
2026-03-19 16:15:00,4602.2001953125,4619.2001953125,4594.89990234375,4606.2998046875,3305
2026-03-19 16:30:00,4595.89990234375,4610.60009765625,4586.60009765625,4602.60009765625,2830
2026-03-19 16:45:00,4587.10009765625,4601.10009765625,4579.2001953125,4596.10009765625,2722
2026-03-19 17:00:00,4582.10009765625,4599.2001953125,4576.7001953125,4587.2001953125,2753
2026-03-19 17:15:00,4606.2998046875,4617.0,4577.0,4582.39990234375,5187
2026-03-19 17:30:00,4607.39990234375,4622.10009765625,4602.89990234375,4606.89990234375,3089
2026-03-19 17:45:00,4618.7998046875,4633.2998046875,4608.2001953125,4608.2001953125,3075
2026-03-19 18:00:00,4616.89990234375,4621.7001953125,4603.60009765625,4619.2998046875,2575
2026-03-19 18:15:00,4611.39990234375,4620.39990234375,4607.0,4616.89990234375,862
2026-03-19 18:30:00,4612.0,4614.0,4598.7001953125,4611.5,1679
2026-03-19 18:45:00,4625.7998046875,4626.2998046875,4607.60009765625,4611.5,2040
2026-03-19 19:00:00,4660.2998046875,4666.89990234375,4625.7998046875,4625.7998046875,5306
2026-03-19 19:15:00,4647.2998046875,4665.39990234375,4636.7998046875,4660.2001953125,3750
2026-03-19 19:30:00,4642.10009765625,4652.7998046875,4636.10009765625,4647.89990234375,2944
2026-03-19 19:45:00,4647.89990234375,4653.7001953125,4635.0,4641.7998046875,2104
2026-03-19 20:00:00,4657.2998046875,4661.10009765625,4646.0,4647.5,1129
2026-03-19 20:15:00,4660.2001953125,4664.2001953125,4653.2001953125,4657.39990234375,811
2026-03-19 20:30:00,4657.5,4662.60009765625,4656.2998046875,4660.7998046875,574
2026-03-19 20:45:00,4651.89990234375,4664.7001953125,4650.2001953125,4657.5,969
2026-03-19 22:00:00,4673.7001953125,4674.60009765625,4652.7998046875,4653.89990234375,768
2026-03-19 22:15:00,4668.5,4679.5,4662.89990234375,4673.7001953125,963
2026-03-19 22:30:00,4647.89990234375,4668.10009765625,4647.89990234375,4668.10009765625,656
2026-03-19 22:45:00,4638.10009765625,4652.39990234375,4638.0,4648.39990234375,684
2026-03-19 23:00:00,4641.0,4650.0,4638.7001953125,4638.7001953125,512
2026-03-19 23:15:00,4646.0,4649.10009765625,4640.2001953125,4641.39990234375,603
2026-03-19 23:30:00,4638.10009765625,4650.0,4635.7998046875,4646.7998046875,513
2026-03-19 23:45:00,4645.5,4649.0,4637.7001953125,4637.7001953125,465
2026-03-20 00:00:00,4663.60009765625,4664.60009765625,4645.10009765625,4645.5,1068
2026-03-20 00:15:00,4650.0,4666.60009765625,4643.89990234375,4662.89990234375,713
2026-03-20 00:30:00,4656.5,4657.89990234375,4646.60009765625,4650.39990234375,606
2026-03-20 00:45:00,4649.5,4661.7001953125,4648.7998046875,4657.39990234375,652
2026-03-20 01:00:00,4653.60009765625,4681.5,4640.5,4649.60009765625,3014
2026-03-20 01:15:00,4664.2001953125,4664.2001953125,4650.0,4652.89990234375,1233
2026-03-20 01:30:00,4689.0,4691.0,4663.5,4664.5,2462
2026-03-20 01:45:00,4679.10009765625,4701.5,4674.7001953125,4688.7998046875,1967
2026-03-20 02:00:00,4686.89990234375,4691.0,4672.2001953125,4680.0,1363
2026-03-20 02:15:00,4685.0,4691.39990234375,4682.10009765625,4686.89990234375,939
2026-03-20 02:30:00,4686.5,4692.39990234375,4680.0,4685.39990234375,1153
2026-03-20 02:45:00,4699.2998046875,4704.5,4683.5,4686.39990234375,1655
2026-03-20 03:00:00,4717.7998046875,4725.0,4694.39990234375,4698.89990234375,1714
2026-03-20 03:15:00,4734.60009765625,4737.10009765625,4717.10009765625,4717.7998046875,2003
2026-03-20 03:30:00,4731.2001953125,4738.2001953125,4728.5,4734.7998046875,956
2026-03-20 03:45:00,4725.2001953125,4730.89990234375,4722.10009765625,4730.7998046875,1037
2026-03-20 04:00:00,4719.39990234375,4728.0,4717.60009765625,4726.2998046875,799
2026-03-20 04:15:00,4723.60009765625,4724.60009765625,4719.0,4719.7998046875,596
2026-03-20 04:30:00,4720.5,4727.10009765625,4718.39990234375,4723.7998046875,742
2026-03-20 04:45:00,4722.0,4723.0,4715.5,4719.89990234375,491
2026-03-20 05:00:00,4718.2001953125,4722.2998046875,4711.0,4722.0,935
2026-03-20 05:15:00,4720.39990234375,4724.10009765625,4717.7001953125,4719.0,608
2026-03-20 05:30:00,4710.39990234375,4720.39990234375,4702.39990234375,4719.89990234375,1808
2026-03-20 05:45:00,4689.89990234375,4711.7998046875,4686.7998046875,4711.5,2144
2026-03-20 06:00:00,4692.60009765625,4702.60009765625,4686.0,4690.0,1468
2026-03-20 06:15:00,4689.2001953125,4697.10009765625,4681.2001953125,4692.0,1644
2026-03-20 06:30:00,4666.39990234375,4690.7001953125,4661.60009765625,4689.39990234375,2233
2026-03-20 06:45:00,4670.2998046875,4676.5,4663.10009765625,4666.2998046875,1786
2026-03-20 07:00:00,4680.2998046875,4685.2998046875,4668.7998046875,4669.89990234375,2276
2026-03-20 07:15:00,4689.0,4689.7998046875,4677.10009765625,4679.89990234375,1195
2026-03-20 07:30:00,4695.2001953125,4699.10009765625,4686.2001953125,4689.0,1415
2026-03-20 07:45:00,4707.2001953125,4709.0,4695.39990234375,4695.39990234375,1882
2026-03-20 08:00:00,4717.0,4718.5,4702.89990234375,4707.7001953125,2434
2026-03-20 08:15:00,4724.10009765625,4736.2998046875,4716.7998046875,4716.7998046875,3773
2026-03-20 08:30:00,4709.2001953125,4724.39990234375,4700.7001953125,4724.2998046875,3035
2026-03-20 08:45:00,4695.10009765625,4710.0,4685.2001953125,4709.2001953125,2301
2026-03-20 09:00:00,4695.10009765625,4701.7998046875,4685.5,4694.5,1514
2026-03-20 09:15:00,4693.0,4698.39990234375,4685.10009765625,4695.10009765625,1240
2026-03-20 09:30:00,4674.2001953125,4693.39990234375,4671.7998046875,4693.39990234375,1763
2026-03-20 09:45:00,4668.39990234375,4678.7001953125,4660.5,4674.2998046875,2666
2026-03-20 10:00:00,4663.60009765625,4670.10009765625,4650.39990234375,4668.2998046875,3169
2026-03-20 10:15:00,4658.2998046875,4667.39990234375,4646.39990234375,4663.2998046875,2086
2026-03-20 10:30:00,4660.60009765625,4670.5,4649.89990234375,4658.2998046875,2755
2026-03-20 10:45:00,4646.39990234375,4661.2001953125,4639.10009765625,4660.10009765625,2076
2026-03-20 11:00:00,4664.2998046875,4668.5,4638.2001953125,4645.7998046875,2369
2026-03-20 11:15:00,4666.7001953125,4670.2998046875,4660.39990234375,4664.2001953125,1390
2026-03-20 11:30:00,4671.10009765625,4676.0,4663.0,4667.2001953125,1892
2026-03-20 11:45:00,4673.39990234375,4674.0,4658.7998046875,4671.2001953125,1395
2026-03-20 12:00:00,4686.7001953125,4696.89990234375,4673.39990234375,4673.39990234375,3388
2026-03-20 12:15:00,4679.5,4693.5,4678.89990234375,4686.89990234375,2807
2026-03-20 12:30:00,4671.0,4683.2001953125,4662.7998046875,4679.7998046875,3383
2026-03-20 12:45:00,4679.0,4682.2001953125,4666.5,4670.7001953125,1877
2026-03-20 13:00:00,4662.39990234375,4680.5,4654.10009765625,4679.39990234375,4361
2026-03-20 13:15:00,4661.10009765625,4670.5,4655.89990234375,4662.7998046875,2031
2026-03-20 13:30:00,4662.89990234375,4666.60009765625,4637.2001953125,4660.89990234375,6449
2026-03-20 13:45:00,4617.0,4665.89990234375,4613.10009765625,4663.60009765625,7024
2026-03-20 14:00:00,4587.7001953125,4623.2001953125,4585.7001953125,4617.10009765625,7130
2026-03-20 14:15:00,4560.60009765625,4588.89990234375,4551.10009765625,4587.0,8477
2026-03-20 14:30:00,4577.10009765625,4585.89990234375,4557.5,4558.2001953125,5916
2026-03-20 14:45:00,4564.89990234375,4583.89990234375,4547.60009765625,4576.5,4684
2026-03-20 15:00:00,4578.39990234375,4582.39990234375,4561.60009765625,4564.5,4816
2026-03-20 15:15:00,4564.7001953125,4578.60009765625,4542.10009765625,4578.60009765625,5727
2026-03-20 15:30:00,4564.7001953125,4577.7998046875,4558.39990234375,4564.39990234375,3272
2026-03-20 15:45:00,4555.2998046875,4564.7998046875,4545.7001953125,4564.2998046875,2848
2026-03-20 16:00:00,4590.39990234375,4590.7998046875,4554.0,4554.89990234375,4505
2026-03-20 16:15:00,4586.89990234375,4616.2998046875,4585.5,4590.7001953125,5741
2026-03-20 16:30:00,4583.5,4594.89990234375,4572.2001953125,4586.60009765625,3514
2026-03-20 16:45:00,4585.2998046875,4590.2998046875,4568.7998046875,4583.10009765625,3012
2026-03-20 17:00:00,4584.0,4602.5,4575.2001953125,4585.60009765625,4045
2026-03-20 17:15:00,4574.2001953125,4584.7998046875,4570.7001953125,4584.39990234375,3442
2026-03-20 17:30:00,4568.2001953125,4576.7998046875,4556.7001953125,4574.60009765625,3749
2026-03-20 17:45:00,4575.89990234375,4579.5,4564.7998046875,4568.0,2320
2026-03-20 18:00:00,4565.89990234375,4580.5,4563.7998046875,4576.10009765625,1695
2026-03-20 18:15:00,4557.0,4570.39990234375,4538.7001953125,4566.89990234375,3140
2026-03-20 18:30:00,4528.39990234375,4559.2998046875,4526.0,4556.39990234375,2374
2026-03-20 18:45:00,4500.7001953125,4531.39990234375,4478.39990234375,4528.60009765625,9040
2026-03-20 19:00:00,4501.5,4517.60009765625,4487.5,4501.2998046875,3697
2026-03-20 19:15:00,4500.0,4509.60009765625,4487.39990234375,4501.60009765625,1875
2026-03-20 19:30:00,4515.7998046875,4518.7001953125,4494.10009765625,4500.7998046875,2083
2026-03-20 19:45:00,4503.7998046875,4518.5,4498.89990234375,4515.7001953125,2407
2026-03-20 20:00:00,4507.2001953125,4509.5,4495.60009765625,4503.5,1421
2026-03-20 20:15:00,4503.0,4516.60009765625,4503.0,4507.5,850
2026-03-20 20:30:00,4505.2998046875,4507.0,4498.89990234375,4503.2001953125,678
2026-03-20 20:45:00,4492.0,4506.5,4488.5,4505.7001953125,1054
