Datetime,Close,High,Low,Open,Volume
2026-01-08 05:00:00,4433.89990234375,4441.0,4430.7998046875,4439.7998046875,3274
2026-01-08 05:30:00,4433.60009765625,4435.7998046875,4423.60009765625,4434.10009765625,4924
2026-01-08 06:00:00,4434.2998046875,4437.2998046875,4423.7001953125,4433.39990234375,3328
2026-01-08 06:30:00,4441.5,4445.7001953125,4434.60009765625,4434.60009765625,3505
2026-01-08 07:00:00,4444.89990234375,4448.39990234375,4439.5,4441.39990234375,3096
2026-01-08 07:30:00,4438.60009765625,4445.39990234375,4436.10009765625,4444.7001953125,1802
2026-01-08 08:00:00,4434.89990234375,4441.39990234375,4433.10009765625,4438.5,2266
2026-01-08 08:30:00,4439.39990234375,4440.39990234375,4427.39990234375,4434.89990234375,2982
2026-01-08 09:00:00,4438.0,4443.2998046875,4433.5,4439.2001953125,2332
2026-01-08 09:30:00,4440.2998046875,4442.5,4436.7001953125,4437.60009765625,1858
2026-01-08 10:00:00,4432.2001953125,4440.39990234375,4430.60009765625,4440.2998046875,1928
2026-01-08 10:30:00,4441.60009765625,4443.0,4431.2998046875,4432.2001953125,3095
2026-01-08 11:00:00,4435.0,4441.60009765625,4433.0,4441.5,1609
2026-01-08 11:30:00,4431.0,4436.60009765625,4429.60009765625,4434.7001953125,1409
2026-01-08 12:00:00,4428.2001953125,4430.89990234375,4415.0,4430.89990234375,7018
2026-01-08 12:30:00,4434.7001953125,4439.0,4427.5,4427.89990234375,3869
2026-01-08 13:00:00,4442.39990234375,4444.5,4425.0,4435.10009765625,5633
2026-01-08 13:30:00,4432.0,4444.39990234375,4429.60009765625,4443.0,6052
2026-01-08 14:00:00,4436.10009765625,4438.89990234375,4427.2001953125,4432.2998046875,6449
2026-01-08 14:30:00,4441.39990234375,4448.2001953125,4430.39990234375,4435.89990234375,9332
2026-01-08 15:00:00,4456.89990234375,4463.2001953125,4436.2998046875,4441.39990234375,16980
2026-01-08 15:30:00,4463.5,4465.7001953125,4455.7001953125,4456.7998046875,9038
2026-01-08 16:00:00,4462.7998046875,4467.5,4456.2001953125,4463.60009765625,5956
2026-01-08 16:30:00,4472.5,4474.5,4461.0,4462.60009765625,6466
2026-01-08 17:00:00,4470.7001953125,4475.7998046875,4466.7998046875,4472.7001953125,7453
2026-01-08 17:30:00,4472.7998046875,4473.60009765625,4468.39990234375,4471.60009765625,3098
2026-01-08 18:00:00,4461.2001953125,4472.7998046875,4458.2998046875,4472.7001953125,17738
2026-01-08 18:30:00,4458.89990234375,4464.39990234375,4456.89990234375,4461.2001953125,4183
2026-01-08 19:00:00,4456.7001953125,4460.39990234375,4453.7001953125,4458.89990234375,1965
2026-01-08 19:30:00,4460.89990234375,4462.0,4456.60009765625,4456.7001953125,2523
2026-01-08 20:00:00,4478.7998046875,4482.7001953125,4460.2998046875,4460.7998046875,6893
2026-01-08 20:30:00,4485.10009765625,4487.7001953125,4479.10009765625,4479.10009765625,5388
2026-01-08 21:00:00,4484.60009765625,4489.2998046875,4482.0,4485.2001953125,2261
2026-01-08 21:30:00,4487.89990234375,4488.39990234375,4482.39990234375,4484.5,1363
2026-01-08 23:00:00,4486.60009765625,4493.7001953125,4485.0,4489.2998046875,1970
2026-01-08 23:30:00,4485.2998046875,4487.2001953125,4482.2001953125,4486.7998046875,1715
2026-01-09 00:00:00,4475.60009765625,4486.89990234375,4472.7998046875,4485.60009765625,2349
2026-01-09 00:30:00,4472.39990234375,4478.2998046875,4469.39990234375,4475.5,1584
2026-01-09 01:00:00,4465.7001953125,4475.39990234375,4461.7998046875,4472.5,4113
2026-01-09 01:30:00,4477.39990234375,4478.7998046875,4464.39990234375,4466.0,2621
2026-01-09 02:00:00,4481.5,4485.5,4477.7998046875,4477.7998046875,2655
2026-01-09 02:30:00,4478.89990234375,4485.10009765625,4474.7998046875,4481.89990234375,1765
2026-01-09 03:00:00,4472.2998046875,4479.5,4470.10009765625,4478.7001953125,1656
2026-01-09 03:30:00,4472.7998046875,4475.0,4469.39990234375,4472.10009765625,985
2026-01-09 04:00:00,4471.7998046875,4475.0,4469.39990234375,4473.10009765625,806
2026-01-09 04:30:00,4474.5,4475.7998046875,4470.10009765625,4471.39990234375,1341
2026-01-09 05:00:00,4473.60009765625,4475.7001953125,4466.60009765625,4473.39990234375,1712
2026-01-09 05:30:00,4476.5,4480.7998046875,4472.89990234375,4473.7001953125,1839
2026-01-09 06:00:00,4482.39990234375,4482.39990234375,4474.39990234375,4477.10009765625,1420
2026-01-09 06:30:00,4483.0,4486.0,4481.60009765625,4482.39990234375,2456
2026-01-09 07:00:00,4479.2001953125,4484.7001953125,4477.60009765625,4483.2998046875,1883
2026-01-09 07:30:00,4479.2998046875,4482.39990234375,4477.2001953125,4479.2001953125,2362
2026-01-09 08:00:00,4482.10009765625,4485.7998046875,4475.10009765625,4478.7998046875,2152
2026-01-09 08:30:00,4476.89990234375,4482.60009765625,4472.7998046875,4482.2001953125,2384
2026-01-09 09:00:00,4482.2001953125,4486.39990234375,4477.0,4477.10009765625,2026
2026-01-09 09:30:00,4479.39990234375,4483.7998046875,4479.2998046875,4482.60009765625,1363
2026-01-09 10:00:00,4477.39990234375,4482.7001953125,4477.39990234375,4479.7001953125,1394
2026-01-09 10:30:00,4481.2998046875,4481.7001953125,4475.7001953125,4477.39990234375,1822
2026-01-09 11:00:00,4479.7001953125,4483.60009765625,4478.60009765625,4481.39990234375,1400
2026-01-09 11:30:00,4484.2998046875,4485.2998046875,4477.39990234375,4479.5,2702
2026-01-09 12:00:00,4476.7998046875,4489.60009765625,4475.7001953125,4484.2001953125,3110
2026-01-09 12:30:00,4474.5,4477.60009765625,4469.5,4476.7998046875,3588
2026-01-09 13:00:00,4482.0,4483.2998046875,4470.2998046875,4474.60009765625,4208
2026-01-09 13:30:00,4492.0,4500.7998046875,4467.0,4482.2001953125,13992
2026-01-09 14:00:00,4503.89990234375,4506.2001953125,4489.60009765625,4492.2001953125,10382
2026-01-09 14:30:00,4503.89990234375,4507.7998046875,4488.10009765625,4504.0,13618
2026-01-09 15:00:00,4515.5,4520.7998046875,4499.2001953125,4503.39990234375,15246
2026-01-09 15:30:00,4521.5,4527.0,4514.89990234375,4515.2001953125,10706
2026-01-09 16:00:00,4513.5,4523.7998046875,4509.2998046875,4521.7998046875,7701
2026-01-09 16:30:00,4516.5,4518.10009765625,4510.60009765625,4513.2998046875,4963
2026-01-09 17:00:00,4513.7998046875,4521.5,4511.5,4516.39990234375,5222
2026-01-09 17:30:00,4493.89990234375,4520.0,4491.39990234375,4513.39990234375,12760
2026-01-09 18:00:00,4501.0,4503.89990234375,4492.39990234375,4493.60009765625,18005
2026-01-09 18:30:00,4505.89990234375,4514.10009765625,4500.60009765625,4500.7998046875,9007
2026-01-09 19:00:00,4508.39990234375,4511.2998046875,4502.2998046875,4505.7998046875,2684
2026-01-09 19:30:00,4508.2998046875,4511.10009765625,4505.2998046875,4508.5,2270
2026-01-09 20:00:00,4514.60009765625,4518.60009765625,4506.7998046875,4508.0,4066
2026-01-09 20:30:00,4516.10009765625,4518.7998046875,4511.2998046875,4514.89990234375,2954
2026-01-09 21:00:00,4518.39990234375,4519.2001953125,4513.60009765625,4516.0,1129
2026-01-09 21:30:00,4517.89990234375,4520.2998046875,4514.7001953125,4518.2998046875,1163
2026-01-11 23:00:00,4547.7001953125,4548.2998046875,4531.39990234375,4538.10009765625,3575
2026-01-11 23:30:00,4550.10009765625,4555.0,4543.0,4547.7001953125,3913
2026-01-12 00:00:00,4575.39990234375,4576.39990234375,4546.2998046875,4550.0,7394
2026-01-12 00:30:00,4600.0,4612.7001953125,4572.89990234375,4575.0,17705
2026-01-12 01:00:00,4594.2001953125,4606.10009765625,4585.39990234375,4600.2001953125,9928
2026-01-12 01:30:00,4582.10009765625,4596.2001953125,4581.39990234375,4594.39990234375,5995
2026-01-12 02:00:00,4578.10009765625,4586.7001953125,4573.10009765625,4581.60009765625,4640
2026-01-12 02:30:00,4589.39990234375,4594.0,4574.5,4578.0,5253
2026-01-12 03:00:00,4593.10009765625,4593.2998046875,4587.10009765625,4589.5,1985
2026-01-12 03:30:00,4582.60009765625,4593.5,4579.39990234375,4593.39990234375,2432
2026-01-12 04:00:00,4580.5,4584.0,4577.60009765625,4582.7998046875,1713
2026-01-12 04:30:00,4579.39990234375,4581.7001953125,4574.7998046875,4580.7001953125,1881
2026-01-12 05:00:00,4583.2998046875,4584.89990234375,4576.89990234375,4580.0,1739
2026-01-12 05:30:00,4591.2998046875,4595.60009765625,4580.2998046875,4583.0,3670
2026-01-12 06:00:00,4585.10009765625,4591.2998046875,4580.7998046875,4591.2998046875,2356
2026-01-12 06:30:00,4589.2998046875,4591.2998046875,4583.0,4585.0,2636
2026-01-12 07:00:00,4591.7998046875,4598.5,4585.39990234375,4589.7001953125,3927
2026-01-12 07:30:00,4597.7998046875,4599.7998046875,4589.5,4592.2001953125,3798
2026-01-12 08:00:00,4593.7001953125,4599.7998046875,4589.60009765625,4597.7001953125,3468
2026-01-12 08:30:00,4607.0,4608.5,4592.10009765625,4593.7998046875,4507
2026-01-12 09:00:00,4606.39990234375,4609.60009765625,4603.2998046875,4606.89990234375,3631
2026-01-12 09:30:00,4599.39990234375,4607.0,4597.89990234375,4606.7998046875,3140
2026-01-12 10:00:00,4602.60009765625,4604.2001953125,4596.10009765625,4599.5,2579
2026-01-12 10:30:00,4604.5,4605.7998046875,4597.2001953125,4602.60009765625,3405
2026-01-12 11:00:00,4595.0,4605.39990234375,4593.5,4604.7001953125,2682
2026-01-12 11:30:00,4594.7998046875,4602.0,4591.5,4595.0,2379
2026-01-12 12:00:00,4592.2998046875,4596.60009765625,4587.60009765625,4595.0,4080
2026-01-12 12:30:00,4600.39990234375,4600.39990234375,4591.7998046875,4592.39990234375,3006
2026-01-12 13:00:00,4615.10009765625,4621.89990234375,4598.5,4600.39990234375,12433
2026-01-12 13:30:00,4626.2998046875,4630.7998046875,4615.39990234375,4615.39990234375,9013
2026-01-12 14:00:00,4596.60009765625,4628.10009765625,4595.2001953125,4626.60009765625,15865
2026-01-12 14:30:00,4612.10009765625,4620.2001953125,4595.10009765625,4596.39990234375,13177
2026-01-12 15:00:00,4629.7001953125,4632.10009765625,4611.39990234375,4611.7998046875,15359
2026-01-12 15:30:00,4630.89990234375,4638.2001953125,4628.10009765625,4629.7998046875,12010
2026-01-12 16:00:00,4629.7998046875,4640.5,4627.39990234375,4630.89990234375,14210
2026-01-12 16:30:00,4627.0,4633.39990234375,4618.0,4630.10009765625,8380
2026-01-12 17:00:00,4625.7001953125,4628.2001953125,4621.39990234375,4626.7998046875,4635
2026-01-12 17:30:00,4626.89990234375,4630.7001953125,4620.0,4625.7998046875,5920
2026-01-12 18:00:00,4615.2998046875,4629.2001953125,4609.7998046875,4626.89990234375,23113
2026-01-12 18:30:00,4620.2998046875,4621.2001953125,4612.60009765625,4615.2001953125,6993
2026-01-12 19:00:00,4626.60009765625,4627.10009765625,4618.2998046875,4620.60009765625,3119
2026-01-12 19:30:00,4620.60009765625,4628.89990234375,4618.60009765625,4626.89990234375,3769
2026-01-12 20:00:00,4612.10009765625,4621.2001953125,4608.7998046875,4620.5,3861
2026-01-12 20:30:00,4603.2998046875,4614.39990234375,4601.0,4612.2001953125,5060
2026-01-12 21:00:00,4603.2001953125,4606.7001953125,4600.0,4603.39990234375,2597
2026-01-12 21:30:00,4608.7998046875,4609.0,4598.7001953125,4603.5,1560
2026-01-12 23:00:00,4593.5,4616.89990234375,4586.39990234375,4610.0,3130
2026-01-12 23:30:00,4607.60009765625,4607.89990234375,4592.60009765625,4593.5,3116
2026-01-13 00:00:00,4596.5,4607.7001953125,4596.5,4607.5,1941
2026-01-13 00:30:00,4595.7998046875,4600.89990234375,4593.2998046875,4596.39990234375,1751
2026-01-13 01:00:00,4590.7998046875,4604.5,4590.10009765625,4596.2001953125,3430
2026-01-13 01:30:00,4586.39990234375,4596.0,4584.2998046875,4590.89990234375,3158
2026-01-13 02:00:00,4592.2998046875,4599.5,4585.0,4586.0,2035
2026-01-13 02:30:00,4603.10009765625,4604.2001953125,4590.39990234375,4591.89990234375,2545
2026-01-13 03:00:00,4604.5,4608.7001953125,4601.60009765625,4602.7998046875,2257
2026-01-13 03:30:00,4603.10009765625,4607.60009765625,4601.2998046875,4604.5,1635
2026-01-13 04:00:00,4606.10009765625,4608.7998046875,4603.0,4603.39990234375,1566
2026-01-13 04:30:00,4606.39990234375,4608.60009765625,4603.39990234375,4606.10009765625,1570
2026-01-13 05:00:00,4610.39990234375,4610.5,4600.7001953125,4605.60009765625,1564
2026-01-13 05:30:00,4600.7001953125,4611.2001953125,4594.0,4610.2998046875,3190
2026-01-13 06:00:00,4593.7998046875,4600.7998046875,4591.2998046875,4600.5,2489
2026-01-13 06:30:00,4590.5,4595.2001953125,4582.7998046875,4593.89990234375,3484
2026-01-13 07:00:00,4592.10009765625,4594.0,4586.89990234375,4590.7998046875,3160
2026-01-13 07:30:00,4589.10009765625,4595.2998046875,4585.60009765625,4592.10009765625,2781
2026-01-13 08:00:00,4598.60009765625,4601.5,4587.7998046875,4588.89990234375,3582
2026-01-13 08:30:00,4601.60009765625,4605.39990234375,4597.89990234375,4598.7998046875,2830
2026-01-13 09:00:00,4597.89990234375,4604.10009765625,4596.7998046875,4601.10009765625,2131
2026-01-13 09:30:00,4595.2001953125,4601.0,4594.5,4597.89990234375,2160
2026-01-13 10:00:00,4593.60009765625,4596.10009765625,4589.39990234375,4595.2998046875,2317
2026-01-13 10:30:00,4595.0,4597.2998046875,4590.39990234375,4593.39990234375,2057
2026-01-13 11:00:00,4595.7998046875,4598.0,4590.7998046875,4595.2001953125,4670
2026-01-13 11:30:00,4596.89990234375,4600.7998046875,4593.89990234375,4595.5,2701
2026-01-13 12:00:00,4589.0,4597.7001953125,4586.2001953125,4597.0,3605
2026-01-13 12:30:00,4602.0,4603.89990234375,4587.7998046875,4588.89990234375,3304
2026-01-13 13:00:00,4609.2998046875,4615.39990234375,4599.10009765625,4601.7001953125,10204
2026-01-13 13:30:00,4619.5,4629.2998046875,4609.39990234375,4609.39990234375,19924
2026-01-13 14:00:00,4626.60009765625,4632.0,4617.0,4619.5,9326
2026-01-13 14:30:00,4638.89990234375,4644.0,4619.7998046875,4626.7001953125,18283
2026-01-13 15:00:00,4617.0,4639.89990234375,4609.10009765625,4638.5,15529
2026-01-13 15:30:00,4627.60009765625,4629.39990234375,4613.5,4617.2001953125,8569
2026-01-13 16:00:00,4607.2998046875,4629.5,4601.2998046875,4627.7001953125,7681
2026-01-13 16:30:00,4622.2001953125,4622.7998046875,4605.5,4606.89990234375,7715
2026-01-13 17:00:00,4618.39990234375,4624.89990234375,4615.2001953125,4622.2998046875,4252
2026-01-13 17:30:00,4599.0,4620.7998046875,4595.0,4618.5,12577
2026-01-13 18:00:00,4600.2998046875,4604.0,4589.5,4598.7998046875,26034
2026-01-13 18:30:00,4602.2998046875,4610.2001953125,4598.10009765625,4600.2001953125,7545
2026-01-13 19:00:00,4601.5,4605.39990234375,4592.39990234375,4602.60009765625,5664
2026-01-13 19:30:00,4605.2998046875,4606.7998046875,4598.2998046875,4601.7998046875,3405
2026-01-13 20:00:00,4596.60009765625,4605.60009765625,4595.2998046875,4605.2998046875,3788
2026-01-13 20:30:00,4594.10009765625,4597.0,4576.7001953125,4596.5,9626
2026-01-13 21:00:00,4595.7998046875,4597.5,4590.7001953125,4594.2001953125,2630
2026-01-13 21:30:00,4594.39990234375,4597.7998046875,4593.39990234375,4595.7998046875,1499
2026-01-13 23:00:00,4604.5,4605.2001953125,4594.2998046875,4594.2998046875,1325
2026-01-13 23:30:00,4603.89990234375,4606.5,4600.2001953125,4604.60009765625,1210
2026-01-14 00:00:00,4616.89990234375,4617.89990234375,4604.39990234375,4604.39990234375,2754
2026-01-14 00:30:00,4616.89990234375,4618.39990234375,4612.2001953125,4617.10009765625,1728
2026-01-14 01:00:00,4622.2001953125,4626.10009765625,4613.7001953125,4617.2001953125,3938
2026-01-14 01:30:00,4626.7001953125,4627.60009765625,4620.89990234375,4622.5,4956
2026-01-14 02:00:00,4627.7998046875,4629.60009765625,4621.89990234375,4626.89990234375,2750
2026-01-14 02:30:00,4629.10009765625,4631.5,4625.7001953125,4628.0,2526
2026-01-14 03:00:00,4623.10009765625,4631.10009765625,4621.5,4628.7998046875,2401
2026-01-14 03:30:00,4636.5,4638.89990234375,4623.0,4623.2001953125,3987
2026-01-14 04:00:00,4634.39990234375,4638.60009765625,4633.0,4636.60009765625,3784
2026-01-14 04:30:00,4636.0,4638.0,4633.10009765625,4634.2001953125,2060
2026-01-14 05:00:00,4641.60009765625,4646.7998046875,4636.7998046875,4636.7998046875,5202
2026-01-14 05:30:00,4626.2998046875,4647.60009765625,4624.7001953125,4641.2001953125,6825
2026-01-14 06:00:00,4640.0,4642.39990234375,4625.2001953125,4626.2998046875,4383
2026-01-14 06:30:00,4644.5,4644.60009765625,4633.2001953125,4639.7001953125,2789
2026-01-14 07:00:00,4644.2998046875,4647.2001953125,4638.89990234375,4644.7001953125,3726
2026-01-14 07:30:00,4639.7001953125,4645.39990234375,4639.39990234375,4644.2998046875,3053
2026-01-14 08:00:00,4632.10009765625,4641.5,4628.39990234375,4639.89990234375,5558
2026-01-14 08:30:00,4641.7998046875,4644.89990234375,4631.5,4632.2001953125,3927
2026-01-14 09:00:00,4644.7001953125,4646.7001953125,4640.10009765625,4641.89990234375,2784
2026-01-14 09:30:00,4637.89990234375,4644.89990234375,4634.5,4644.7001953125,3936
2026-01-14 10:00:00,4642.7001953125,4645.0,4635.39990234375,4637.89990234375,2965
2026-01-14 10:30:00,4641.2001953125,4646.2001953125,4639.10009765625,4642.7998046875,3141
2026-01-14 11:00:00,4638.60009765625,4645.2998046875,4637.5,4641.10009765625,3240
2026-01-14 11:30:00,4638.5,4641.0,4634.10009765625,4638.7998046875,2814
2026-01-14 12:00:00,4643.7001953125,4646.39990234375,4638.2998046875,4638.60009765625,5840
2026-01-14 12:30:00,4646.89990234375,4650.10009765625,4641.7001953125,4643.7001953125,5218
2026-01-14 13:00:00,4640.2001953125,4649.7998046875,4634.7001953125,4647.0,7612
2026-01-14 13:30:00,4643.7998046875,4645.2998046875,4631.2998046875,4639.7998046875,8363
2026-01-14 14:00:00,4642.7998046875,4646.7001953125,4637.10009765625,4643.7001953125,8397
2026-01-14 14:30:00,4624.5,4642.89990234375,4613.89990234375,4642.89990234375,16948
2026-01-14 15:00:00,4622.2998046875,4633.60009765625,4605.89990234375,4624.39990234375,20752
2026-01-14 15:30:00,4624.7998046875,4629.0,4616.2998046875,4622.2001953125,9320
2026-01-14 16:00:00,4628.89990234375,4631.7001953125,4621.60009765625,4624.89990234375,6801
2026-01-14 16:30:00,4624.10009765625,4630.39990234375,4615.2998046875,4628.89990234375,9375
2026-01-14 17:00:00,4617.89990234375,4626.10009765625,4612.2998046875,4624.0,6859
2026-01-14 17:30:00,4621.2998046875,4623.7001953125,4607.7001953125,4617.7998046875,16972
2026-01-14 18:00:00,4635.39990234375,4637.10009765625,4619.60009765625,4621.39990234375,23675
2026-01-14 18:30:00,4642.5,4644.89990234375,4635.2998046875,4635.60009765625,12588
2026-01-14 19:00:00,4642.10009765625,4650.5,4640.7998046875,4642.60009765625,9802
2026-01-14 19:30:00,4646.7001953125,4649.10009765625,4641.60009765625,4642.39990234375,6777
2026-01-14 20:00:00,4641.60009765625,4649.2001953125,4633.2998046875,4646.7001953125,14467
2026-01-14 20:30:00,4639.2001953125,4643.10009765625,4632.7001953125,4641.60009765625,6564
2026-01-14 21:00:00,4629.10009765625,4639.7998046875,4627.2998046875,4639.2998046875,2775
2026-01-14 21:30:00,4633.89990234375,4636.0,4623.60009765625,4628.7001953125,3014
2026-01-14 23:00:00,4614.0,4637.2001953125,4610.10009765625,4635.7001953125,4034
2026-01-14 23:30:00,4619.60009765625,4620.7001953125,4607.2001953125,4613.89990234375,4491
2026-01-15 00:00:00,4621.39990234375,4622.7001953125,4615.89990234375,4619.39990234375,2287
2026-01-15 00:30:00,4619.2998046875,4622.89990234375,4614.5,4621.5,1742
2026-01-15 01:00:00,4605.10009765625,4622.0,4601.2998046875,4619.5,7577
2026-01-15 01:30:00,4604.2998046875,4611.2001953125,4587.5,4604.89990234375,10211
2026-01-15 02:00:00,4615.2001953125,4618.60009765625,4601.7001953125,4604.0,4561
2026-01-15 02:30:00,4606.89990234375,4618.89990234375,4599.39990234375,4614.7001953125,5348
2026-01-15 03:00:00,4588.7998046875,4608.10009765625,4584.7001953125,4606.60009765625,6519
2026-01-15 03:30:00,4596.10009765625,4601.39990234375,4584.5,4588.5,4621
2026-01-15 04:00:00,4597.60009765625,4601.39990234375,4590.7001953125,4595.7998046875,3479
2026-01-15 04:30:00,4596.60009765625,4599.7998046875,4592.7998046875,4597.7001953125,2096
2026-01-15 05:00:00,4596.5,4596.60009765625,4584.60009765625,4595.7001953125,2720
2026-01-15 05:30:00,4599.10009765625,4602.60009765625,4584.89990234375,4597.0,3706
2026-01-15 06:00:00,4607.89990234375,4614.0,4597.39990234375,4598.89990234375,3906
2026-01-15 06:30:00,4614.5,4616.39990234375,4604.39990234375,4607.60009765625,3023
2026-01-15 07:00:00,4614.7998046875,4618.0,4610.2998046875,4614.89990234375,2537
2026-01-15 07:30:00,4606.10009765625,4615.7998046875,4603.5,4615.0,2843
2026-01-15 08:00:00,4606.2998046875,4610.5,4602.2001953125,4606.39990234375,3828
2026-01-15 08:30:00,4608.2001953125,4611.5,4603.2001953125,4606.2001953125,2369
2026-01-15 09:00:00,4608.7001953125,4609.7998046875,4604.60009765625,4608.10009765625,1968
2026-01-15 09:30:00,4616.89990234375,4617.2001953125,4607.0,4608.89990234375,3985
2026-01-15 10:00:00,4616.2001953125,4620.10009765625,4613.39990234375,4616.7001953125,4443
2026-01-15 10:30:00,4624.2001953125,4624.89990234375,4614.39990234375,4616.2001953125,2861
2026-01-15 11:00:00,4623.39990234375,4625.89990234375,4621.2998046875,4624.2998046875,2879
2026-01-15 11:30:00,4623.39990234375,4627.0,4619.60009765625,4623.39990234375,2551
2026-01-15 12:00:00,4620.7001953125,4624.89990234375,4618.0,4623.2998046875,2572
2026-01-15 12:30:00,4617.89990234375,4622.7998046875,4615.7001953125,4620.60009765625,2417
2026-01-15 13:00:00,4609.89990234375,4620.2001953125,4606.2998046875,4618.0,5106
2026-01-15 13:30:00,4591.60009765625,4609.7001953125,4584.0,4609.39990234375,16223
2026-01-15 14:00:00,4606.10009765625,4610.60009765625,4586.2998046875,4591.60009765625,11534
2026-01-15 14:30:00,4614.89990234375,4618.7998046875,4603.89990234375,4606.2001953125,10393
2026-01-15 15:00:00,4621.0,4622.2998046875,4608.2001953125,4614.7998046875,9037
2026-01-15 15:30:00,4620.2001953125,4622.2998046875,4614.0,4621.0,6141
2026-01-15 16:00:00,4616.5,4630.10009765625,4613.0,4620.0,11372
2026-01-15 16:30:00,4610.2001953125,4618.10009765625,4605.7001953125,4616.5,7091
2026-01-15 17:00:00,4615.5,4618.89990234375,4610.2998046875,4610.39990234375,5493
2026-01-15 17:30:00,4621.5,4621.7998046875,4614.89990234375,4615.39990234375,4158
2026-01-15 18:00:00,4624.10009765625,4626.0,4621.2998046875,4621.39990234375,9284
2026-01-15 18:30:00,4622.10009765625,4624.2998046875,4617.60009765625,4624.0,3583
2026-01-15 19:00:00,4622.7001953125,4626.5,4621.89990234375,4622.2001953125,3716
2026-01-15 19:30:00,4620.0,4623.7001953125,4616.7998046875,4622.7001953125,2683
2026-01-15 20:00:00,4609.0,4620.7001953125,4604.2001953125,4620.2001953125,5009
2026-01-15 20:30:00,4609.7998046875,4613.39990234375,4607.39990234375,4609.0,2879
2026-01-15 21:00:00,4618.2001953125,4619.60009765625,4608.5,4609.5,1812
2026-01-15 21:30:00,4620.5,4620.60009765625,4617.7001953125,4618.2001953125,1162
2026-01-15 23:00:00,4613.7001953125,4625.5,4613.10009765625,4621.60009765625,1880
2026-01-15 23:30:00,4614.60009765625,4615.5,4610.60009765625,4613.60009765625,1833
2026-01-16 00:00:00,4611.89990234375,4615.10009765625,4607.5,4614.2001953125,2098
2026-01-16 00:30:00,4604.39990234375,4612.2998046875,4602.39990234375,4611.89990234375,2141
2026-01-16 01:00:00,4609.7998046875,4611.2998046875,4597.7998046875,4603.7998046875,4044
2026-01-16 01:30:00,4604.7998046875,4612.2998046875,4603.2001953125,4609.89990234375,3315
2026-01-16 02:00:00,4603.5,4607.7001953125,4600.10009765625,4604.7998046875,5110
2026-01-16 02:30:00,4598.39990234375,4604.7001953125,4594.60009765625,4603.5,3761
2026-01-16 03:00:00,4598.7998046875,4603.2001953125,4597.60009765625,4598.2001953125,1618
2026-01-16 03:30:00,4599.39990234375,4600.7998046875,4595.7998046875,4598.60009765625,1161
2026-01-16 04:00:00,4601.89990234375,4604.7001953125,4599.2001953125,4599.39990234375,1542
2026-01-16 04:30:00,4604.60009765625,4605.5,4600.7001953125,4601.89990234375,835
2026-01-16 05:00:00,4604.39990234375,4605.0,4598.60009765625,4604.5,1031
2026-01-16 05:30:00,4615.39990234375,4620.2001953125,4599.60009765625,4604.39990234375,4022
2026-01-16 06:00:00,4608.2001953125,4616.2998046875,4607.2001953125,4615.5,2699
2026-01-16 06:30:00,4601.7998046875,4612.10009765625,4597.10009765625,4608.0,5172
2026-01-16 07:00:00,4609.89990234375,4616.10009765625,4600.5,4601.5,3880
2026-01-16 07:30:00,4611.5,4616.2001953125,4605.2998046875,4609.89990234375,4734
2026-01-16 08:00:00,4611.39990234375,4614.7998046875,4608.60009765625,4611.2001953125,2144
2026-01-16 08:30:00,4606.7998046875,4613.0,4605.2001953125,4611.2001953125,2393
2026-01-16 09:00:00,4604.60009765625,4612.2001953125,4603.2998046875,4606.7998046875,1709
2026-01-16 09:30:00,4604.2001953125,4607.39990234375,4602.7001953125,4605.0,1493
2026-01-16 10:00:00,4611.5,4615.10009765625,4604.10009765625,4604.10009765625,2946
2026-01-16 10:30:00,4604.10009765625,4613.39990234375,4603.60009765625,4611.2998046875,2642
2026-01-16 11:00:00,4615.10009765625,4615.5,4602.2998046875,4604.10009765625,2736
2026-01-16 11:30:00,4616.5,4620.5,4613.39990234375,4614.89990234375,3611
2026-01-16 12:00:00,4610.39990234375,4617.0,4608.60009765625,4616.39990234375,2744
2026-01-16 12:30:00,4605.7001953125,4610.7001953125,4601.0,4610.5,3984
2026-01-16 13:00:00,4590.5,4609.89990234375,4586.0,4605.7998046875,13981
2026-01-16 13:30:00,4605.7001953125,4607.0,4588.5,4590.7001953125,9019
2026-01-16 14:00:00,4603.0,4613.2998046875,4602.10009765625,4605.7001953125,6234
2026-01-16 14:30:00,4611.89990234375,4618.89990234375,4599.89990234375,4602.7998046875,10881
2026-01-16 15:00:00,4568.10009765625,4624.60009765625,4567.2998046875,4611.39990234375,29536
2026-01-16 15:30:00,4574.7998046875,4579.0,4539.10009765625,4567.7998046875,36066
2026-01-16 16:00:00,4596.39990234375,4601.7001953125,4570.7998046875,4574.60009765625,16089
2026-01-16 16:30:00,4595.7998046875,4603.89990234375,4586.7001953125,4597.0,8741
2026-01-16 17:00:00,4583.5,4597.89990234375,4581.0,4596.2001953125,5616
2026-01-16 17:30:00,4586.0,4591.10009765625,4581.60009765625,4583.2998046875,3217
2026-01-16 18:00:00,4595.2998046875,4596.89990234375,4584.7001953125,4586.0,5380
2026-01-16 18:30:00,4587.89990234375,4601.10009765625,4587.39990234375,4595.2998046875,4848
2026-01-16 19:00:00,4588.89990234375,4593.60009765625,4585.7998046875,4587.7998046875,2474
2026-01-16 19:30:00,4595.2001953125,4597.2001953125,4588.89990234375,4588.89990234375,1961
2026-01-16 20:00:00,4593.0,4600.2001953125,4592.10009765625,4595.2998046875,2341
2026-01-16 20:30:00,4587.2998046875,4593.89990234375,4585.0,4592.60009765625,5616
2026-01-16 21:00:00,4596.2001953125,4602.10009765625,4587.2001953125,4587.2001953125,2300
2026-01-16 21:30:00,4595.39990234375,4601.2001953125,4595.39990234375,4596.10009765625,1458
2026-01-19 04:30:00,4671.2001953125,4672.2998046875,4595.39990234375,4595.39990234375,997
2026-01-20 05:00:00,4702.10009765625,4707.7001953125,4700.60009765625,4700.89990234375,5305
2026-01-20 05:30:00,4720.60009765625,4722.7998046875,4700.0,4702.2998046875,9845
2026-01-20 06:00:00,4718.0,4723.39990234375,4713.7001953125,4720.7001953125,6013
2026-01-20 06:30:00,4718.60009765625,4721.5,4711.2998046875,4717.89990234375,4900
2026-01-20 07:00:00,4723.7001953125,4727.60009765625,4717.5,4718.39990234375,4891
2026-01-20 07:30:00,4721.39990234375,4728.0,4720.2001953125,4724.0,4708
2026-01-20 08:00:00,4724.2001953125,4731.2998046875,4720.39990234375,4721.39990234375,4914
2026-01-20 08:30:00,4735.60009765625,4738.0,4721.39990234375,4724.39990234375,6176
2026-01-20 09:00:00,4739.39990234375,4740.0,4727.2001953125,4735.5,5896
2026-01-20 09:30:00,4737.60009765625,4742.89990234375,4737.2998046875,4738.89990234375,5867
2026-01-20 10:00:00,4733.2998046875,4740.39990234375,4733.2001953125,4737.5,3470
2026-01-20 10:30:00,4732.2998046875,4734.60009765625,4728.7001953125,4733.2001953125,3821
2026-01-20 11:00:00,4732.39990234375,4735.0,4727.2998046875,4732.2998046875,2433
2026-01-20 11:30:00,4738.60009765625,4740.7998046875,4731.39990234375,4732.5,2932
2026-01-20 12:00:00,4732.39990234375,4738.60009765625,4732.0,4738.60009765625,2758
2026-01-20 12:30:00,4733.2998046875,4735.39990234375,4729.5,4732.2998046875,5104
2026-01-20 13:00:00,4724.60009765625,4734.2001953125,4721.2001953125,4733.39990234375,7622
2026-01-20 13:30:00,4742.2998046875,4743.7998046875,4720.0,4724.7998046875,14190
2026-01-20 14:00:00,4755.7998046875,4756.2001953125,4737.2998046875,4742.2998046875,16023
2026-01-20 14:30:00,4746.39990234375,4756.60009765625,4733.39990234375,4755.89990234375,16135
2026-01-20 15:00:00,4728.60009765625,4753.7001953125,4726.7001953125,4745.89990234375,17265
2026-01-20 15:30:00,4742.0,4743.7001953125,4726.7998046875,4728.39990234375,11659
2026-01-20 16:00:00,4745.7998046875,4748.60009765625,4733.39990234375,4742.10009765625,10016
2026-01-20 16:30:00,4758.0,4762.0,4745.10009765625,4745.39990234375,9657
2026-01-20 17:00:00,4759.39990234375,4761.7998046875,4750.2998046875,4757.7001953125,7974
2026-01-20 17:30:00,4763.7001953125,4767.0,4756.2998046875,4759.60009765625,7305
2026-01-20 18:00:00,4766.2998046875,4771.2001953125,4763.10009765625,4763.7998046875,11112
2026-01-20 18:30:00,4764.2001953125,4767.60009765625,4757.5,4766.2001953125,6261
2026-01-20 19:00:00,4764.60009765625,4771.5,4761.2998046875,4764.39990234375,4036
2026-01-20 19:30:00,4765.89990234375,4769.2001953125,4761.7001953125,4764.60009765625,2922
2026-01-20 20:00:00,4755.60009765625,4766.60009765625,4752.60009765625,4765.7998046875,4992
2026-01-20 20:30:00,4761.39990234375,4762.89990234375,4754.10009765625,4755.60009765625,4299
2026-01-20 21:00:00,4765.2998046875,4766.2998046875,4761.10009765625,4761.5,1575
2026-01-20 21:30:00,4769.10009765625,4769.2998046875,4762.5,4765.0,1012
2026-01-20 23:00:00,4763.5,4771.2998046875,4761.5,4767.5,1484
2026-01-20 23:30:00,4779.7998046875,4784.89990234375,4762.5,4763.39990234375,3639
2026-01-21 00:00:00,4782.2001953125,4784.89990234375,4774.5,4779.60009765625,2405
2026-01-21 00:30:00,4789.60009765625,4792.89990234375,4781.60009765625,4782.0,3988
2026-01-21 01:00:00,4830.5,4831.0,4788.5,4789.60009765625,13293
2026-01-21 01:30:00,4838.5,4847.7001953125,4818.10009765625,4830.39990234375,13564
2026-01-21 02:00:00,4827.7001953125,4845.2998046875,4820.39990234375,4838.60009765625,6889
2026-01-21 02:30:00,4839.39990234375,4842.7998046875,4824.7998046875,4827.7001953125,5329
2026-01-21 03:00:00,4836.10009765625,4852.60009765625,4829.5,4839.2001953125,7999
2026-01-21 03:30:00,4847.60009765625,4849.7001953125,4834.2001953125,4836.2998046875,3761
2026-01-21 04:00:00,4852.39990234375,4856.7998046875,4840.0,4847.2998046875,3485
2026-01-21 04:30:00,4867.5,4873.60009765625,4852.60009765625,4852.60009765625,5063
2026-01-21 05:00:00,4871.39990234375,4876.89990234375,4861.7001953125,4868.39990234375,4662
2026-01-21 05:30:00,4872.39990234375,4880.89990234375,4866.0,4871.60009765625,4849
2026-01-21 06:00:00,4886.39990234375,4891.10009765625,4866.7998046875,4872.60009765625,5771
2026-01-21 06:30:00,4850.2001953125,4890.2001953125,4848.0,4886.5,11141
2026-01-21 07:00:00,4851.39990234375,4852.5,4835.2001953125,4849.89990234375,9939
2026-01-21 07:30:00,4857.5,4859.39990234375,4840.60009765625,4851.2998046875,6659
2026-01-21 08:00:00,4869.0,4871.60009765625,4855.7001953125,4856.89990234375,4884
2026-01-21 08:30:00,4856.89990234375,4870.2001953125,4853.7001953125,4868.7998046875,5118
2026-01-21 09:00:00,4878.0,4878.7998046875,4854.5,4856.89990234375,6539
2026-01-21 09:30:00,4862.39990234375,4879.39990234375,4861.10009765625,4877.89990234375,4389
2026-01-21 10:00:00,4862.7001953125,4868.89990234375,4861.60009765625,4862.5,4021
2026-01-21 10:30:00,4864.39990234375,4869.2001953125,4862.0,4862.39990234375,3253
2026-01-21 11:00:00,4869.0,4874.0,4863.10009765625,4864.2998046875,4286
2026-01-21 11:30:00,4869.10009765625,4869.5,4857.39990234375,4869.2001953125,5323
2026-01-21 12:00:00,4867.60009765625,4869.7998046875,4858.10009765625,4869.2998046875,4800
2026-01-21 12:30:00,4868.0,4873.5,4859.5,4867.89990234375,6758
2026-01-21 13:00:00,4870.7998046875,4874.2998046875,4861.0,4868.2001953125,7352
2026-01-21 13:30:00,4882.2998046875,4883.2998046875,4869.7001953125,4870.7001953125,10477
2026-01-21 14:00:00,4862.5,4884.5,4840.7998046875,4882.60009765625,30168
2026-01-21 14:30:00,4853.7001953125,4874.89990234375,4848.2998046875,4862.39990234375,15345
2026-01-21 15:00:00,4833.2998046875,4871.2001953125,4813.7998046875,4853.7001953125,26221
2026-01-21 15:30:00,4850.0,4856.60009765625,4831.39990234375,4833.5,12658
2026-01-21 16:00:00,4843.2998046875,4858.7001953125,4831.60009765625,4850.0,10668
2026-01-21 16:30:00,4836.5,4852.7001953125,4821.60009765625,4842.7001953125,11028
2026-01-21 17:00:00,4823.5,4837.0,4816.60009765625,4836.7001953125,15454
2026-01-21 17:30:00,4829.0,4830.39990234375,4804.60009765625,4823.60009765625,10676
2026-01-21 18:00:00,4836.60009765625,4839.7998046875,4822.60009765625,4828.60009765625,10498
2026-01-21 18:30:00,4853.2001953125,4853.5,4833.2001953125,4836.7998046875,5222
2026-01-21 19:00:00,4817.7998046875,4857.2001953125,4807.10009765625,4853.10009765625,8772
2026-01-21 19:30:00,4783.39990234375,4823.7001953125,4757.10009765625,4818.7001953125,24301
2026-01-21 20:00:00,4800.0,4803.5,4774.5,4783.0,10110
2026-01-21 20:30:00,4830.0,4830.89990234375,4799.0,4799.7998046875,11339
2026-01-21 21:00:00,4835.60009765625,4841.5,4816.0,4829.60009765625,3635
2026-01-21 21:30:00,4836.2001953125,4842.7998046875,4830.7998046875,4835.7998046875,2472
2026-01-21 23:00:00,4795.89990234375,4837.7001953125,4786.2998046875,4836.2001953125,3717
2026-01-21 23:30:00,4779.60009765625,4803.10009765625,4779.2998046875,4796.5,3528
2026-01-22 00:00:00,4784.2998046875,4795.89990234375,4779.39990234375,4779.89990234375,3435
2026-01-22 00:30:00,4798.7998046875,4799.7998046875,4781.5,4784.2998046875,2608
2026-01-22 01:00:00,4796.7001953125,4810.60009765625,4772.7001953125,4798.39990234375,7006
2026-01-22 01:30:00,4799.2001953125,4806.39990234375,4794.2998046875,4797.0,3071
2026-01-22 02:00:00,4788.39990234375,4799.7998046875,4787.39990234375,4798.89990234375,3520
2026-01-22 02:30:00,4789.89990234375,4793.60009765625,4775.2998046875,4788.7001953125,4418
2026-01-22 03:00:00,4794.0,4797.10009765625,4785.0,4790.2001953125,2187
2026-01-22 03:30:00,4797.39990234375,4798.10009765625,4791.0,4794.0,1026
2026-01-22 04:00:00,4797.2001953125,4801.7998046875,4795.7001953125,4797.89990234375,1862
2026-01-22 04:30:00,4797.7001953125,4799.60009765625,4794.7001953125,4797.2998046875,1379
2026-01-22 05:00:00,4796.10009765625,4802.5,4794.7001953125,4798.10009765625,1648
2026-01-22 05:30:00,4821.7998046875,4822.10009765625,4796.0,4796.10009765625,4213
2026-01-22 06:00:00,4825.89990234375,4829.60009765625,4816.60009765625,4821.60009765625,4791
2026-01-22 06:30:00,4827.2998046875,4828.5,4821.89990234375,4825.7998046875,2004
2026-01-22 07:00:00,4838.2998046875,4839.2001953125,4826.39990234375,4827.39990234375,4589
2026-01-22 07:30:00,4833.5,4841.10009765625,4831.5,4838.5,2958
2026-01-22 08:00:00,4827.2998046875,4836.7998046875,4825.5,4833.39990234375,2872
2026-01-22 08:30:00,4832.2001953125,4833.2001953125,4823.2998046875,4827.5,3701
2026-01-22 09:00:00,4831.10009765625,4839.5,4829.39990234375,4832.2001953125,7411
2026-01-22 09:30:00,4824.39990234375,4832.60009765625,4815.2998046875,4830.7998046875,5712
2026-01-22 10:00:00,4828.39990234375,4829.2001953125,4820.7998046875,4824.7998046875,2998
2026-01-22 10:30:00,4831.0,4833.7001953125,4825.60009765625,4828.2998046875,2415
2026-01-22 11:00:00,4829.60009765625,4833.7998046875,4826.2001953125,4830.7998046875,2738
2026-01-22 11:30:00,4833.2001953125,4838.5,4827.10009765625,4829.5,3390
2026-01-22 12:00:00,4833.89990234375,4834.60009765625,4825.39990234375,4832.89990234375,3756
2026-01-22 12:30:00,4821.5,4834.60009765625,4820.5,4833.39990234375,3585
2026-01-22 13:00:00,4828.5,4837.39990234375,4817.60009765625,4821.60009765625,6490
2026-01-22 13:30:00,4823.7998046875,4829.89990234375,4809.60009765625,4827.60009765625,11559
2026-01-22 14:00:00,4831.2998046875,4832.10009765625,4821.7001953125,4823.5,9111
2026-01-22 14:30:00,4836.7001953125,4849.39990234375,4829.5,4831.10009765625,16049
2026-01-22 15:00:00,4856.5,4858.89990234375,4826.39990234375,4836.7001953125,14951
2026-01-22 15:30:00,4874.0,4876.7998046875,4856.10009765625,4856.2998046875,12556
2026-01-22 16:00:00,4878.89990234375,4883.60009765625,4870.10009765625,4874.2001953125,11414
2026-01-22 16:30:00,4880.7998046875,4888.10009765625,4876.0,4879.0,9364
2026-01-22 17:00:00,4892.89990234375,4896.89990234375,4871.0,4880.7998046875,14030
2026-01-22 17:30:00,4907.7998046875,4909.5,4892.5,4893.2001953125,10703
2026-01-22 18:00:00,4913.39990234375,4918.5,4904.60009765625,4907.7001953125,13093
2026-01-22 18:30:00,4918.7001953125,4922.5,4910.39990234375,4913.5,6805
2026-01-22 19:00:00,4917.60009765625,4927.60009765625,4912.89990234375,4918.7001953125,7043
2026-01-22 19:30:00,4915.2001953125,4921.5,4909.2998046875,4918.0,4442
2026-01-22 20:00:00,4929.2001953125,4932.2001953125,4914.7998046875,4915.5,5300
2026-01-22 20:30:00,4920.5,4930.60009765625,4917.7001953125,4929.2998046875,4321
2026-01-22 21:00:00,4928.89990234375,4929.0,4918.2998046875,4920.7001953125,2134
2026-01-22 21:30:00,4938.39990234375,4944.2998046875,4927.7001953125,4928.60009765625,3535
2026-01-22 23:00:00,4942.7001953125,4964.0,4938.89990234375,4940.0,4854
2026-01-22 23:30:00,4960.7998046875,4963.0,4932.39990234375,4942.7001953125,5214
2026-01-23 00:00:00,4954.7998046875,4965.39990234375,4950.10009765625,4961.2001953125,3165
2026-01-23 00:30:00,4967.60009765625,4968.5,4949.7001953125,4956.60009765625,3859
2026-01-23 01:00:00,4949.7001953125,4970.0,4938.0,4968.0,7510
2026-01-23 01:30:00,4956.7998046875,4966.0,4949.0,4950.2998046875,4164
2026-01-23 02:00:00,4954.5,4959.89990234375,4948.39990234375,4956.0,3147
2026-01-23 02:30:00,4957.7001953125,4964.5,4954.39990234375,4954.5,2730
2026-01-23 03:00:00,4945.0,4961.10009765625,4939.5,4957.39990234375,5000
2026-01-23 03:30:00,4953.0,4955.60009765625,4944.2001953125,4945.5,3448
2026-01-23 04:00:00,4953.7001953125,4954.2998046875,4951.0,4952.7001953125,846
2026-01-23 04:30:00,4958.0,4960.0,4952.5,4953.5,2745
2026-01-23 05:00:00,4958.60009765625,4961.2998046875,4955.7001953125,4957.7998046875,1459
2026-01-23 05:30:00,4962.10009765625,4969.0,4957.7001953125,4958.7001953125,3432
2026-01-23 06:00:00,4953.7001953125,4964.2998046875,4946.2001953125,4962.2998046875,5719
2026-01-23 06:30:00,4954.10009765625,4956.7001953125,4950.89990234375,4953.10009765625,2800
2026-01-23 07:00:00,4958.0,4960.7001953125,4952.2998046875,4954.5,3296
2026-01-23 07:30:00,4945.5,4959.5,4944.2998046875,4958.0,3785
2026-01-23 08:00:00,4914.7998046875,4948.7001953125,4901.89990234375,4945.2001953125,11446
2026-01-23 08:30:00,4915.2998046875,4926.89990234375,4909.7998046875,4914.7998046875,7081
2026-01-23 09:00:00,4906.89990234375,4921.7001953125,4901.2001953125,4914.7998046875,6139
2026-01-23 09:30:00,4919.39990234375,4922.7001953125,4905.10009765625,4907.10009765625,5701
2026-01-23 10:00:00,4930.5,4933.2998046875,4916.60009765625,4919.60009765625,4113
2026-01-23 10:30:00,4931.0,4932.0,4925.60009765625,4930.2001953125,2983
2026-01-23 11:00:00,4921.7998046875,4931.5,4912.7998046875,4930.89990234375,4594
2026-01-23 11:30:00,4923.2998046875,4927.2998046875,4920.5,4922.0,2772
2026-01-23 12:00:00,4934.7001953125,4938.0,4918.7998046875,4923.7001953125,3046
2026-01-23 12:30:00,4940.0,4943.39990234375,4933.0,4935.10009765625,4684
2026-01-23 13:00:00,4931.60009765625,4948.60009765625,4924.2998046875,4940.2001953125,10230
2026-01-23 13:30:00,4939.7998046875,4942.2998046875,4928.10009765625,4931.39990234375,8394
2026-01-23 14:00:00,4940.7998046875,4948.7001953125,4935.60009765625,4940.2998046875,6426
2026-01-23 14:30:00,4944.10009765625,4957.2998046875,4933.5,4940.7001953125,13168
2026-01-23 15:00:00,4945.0,4956.60009765625,4938.89990234375,4943.60009765625,12519
2026-01-23 15:30:00,4961.89990234375,4964.0,4944.39990234375,4945.2001953125,11347
2026-01-23 16:00:00,4986.5,4987.89990234375,4960.0,4961.89990234375,18244
2026-01-23 16:30:00,4981.39990234375,4989.89990234375,4976.7001953125,4986.60009765625,12973
2026-01-23 17:00:00,4983.7998046875,4988.89990234375,4978.2001953125,4981.7001953125,8011
2026-01-23 17:30:00,4966.89990234375,4989.39990234375,4963.0,4983.89990234375,9643
2026-01-23 18:00:00,4979.60009765625,4985.39990234375,4966.2998046875,4967.2001953125,9156
2026-01-23 18:30:00,4967.7998046875,4981.2001953125,4959.5,4979.7998046875,6775
2026-01-23 19:00:00,4978.7998046875,4980.2001953125,4968.2001953125,4968.2001953125,5374
2026-01-23 19:30:00,4985.2001953125,4991.39990234375,4975.5,4978.5,5838
2026-01-23 20:00:00,4981.2001953125,4986.7001953125,4971.7001953125,4985.10009765625,4824
2026-01-23 20:30:00,4981.39990234375,4984.5,4976.0,4981.39990234375,4100
2026-01-23 21:00:00,4982.60009765625,4986.5,4978.60009765625,4981.39990234375,2528
2026-01-23 21:30:00,4979.7001953125,4990.2001953125,4979.7001953125,4982.2001953125,2686
2026-01-25 23:00:00,5017.7001953125,5031.0,5010.89990234375,5023.7998046875,5341
2026-01-25 23:30:00,5038.7001953125,5039.39990234375,5015.39990234375,5017.5,6046
2026-01-26 00:00:00,5042.0,5043.10009765625,5029.2998046875,5039.39990234375,4456
2026-01-26 00:30:00,5041.0,5051.39990234375,5037.39990234375,5042.0,5027
2026-01-26 01:00:00,5072.7998046875,5073.7998046875,5028.0,5040.7998046875,11812
2026-01-26 01:30:00,5068.7998046875,5082.89990234375,5065.2001953125,5072.7001953125,10533
2026-01-26 02:00:00,5086.39990234375,5087.7998046875,5064.2001953125,5068.89990234375,5567
2026-01-26 02:30:00,5078.89990234375,5091.5,5077.10009765625,5086.39990234375,5033
2026-01-26 03:00:00,5077.39990234375,5086.5,5069.5,5078.5,4522
2026-01-26 03:30:00,5073.89990234375,5082.0,5067.5,5077.7998046875,3884
2026-01-26 04:00:00,5070.2001953125,5076.0,5069.2998046875,5074.10009765625,2821
2026-01-26 04:30:00,5068.60009765625,5071.0,5055.60009765625,5070.2001953125,4836
2026-01-26 05:00:00,5062.7001953125,5070.60009765625,5049.7001953125,5067.89990234375,5907
2026-01-26 05:30:00,5072.10009765625,5074.2998046875,5050.39990234375,5062.7998046875,6689
2026-01-26 06:00:00,5072.7998046875,5080.2001953125,5063.0,5071.7998046875,5747
2026-01-26 06:30:00,5074.2001953125,5107.89990234375,5072.10009765625,5072.39990234375,11685
2026-01-26 07:00:00,5091.89990234375,5092.39990234375,5070.0,5074.5,5489
2026-01-26 07:30:00,5086.39990234375,5092.2998046875,5082.60009765625,5092.0,2564
2026-01-26 08:00:00,5094.2998046875,5095.7998046875,5084.7998046875,5086.2998046875,4053
2026-01-26 08:30:00,5081.2998046875,5096.10009765625,5077.39990234375,5094.39990234375,8545
2026-01-26 09:00:00,5094.7001953125,5094.7001953125,5079.89990234375,5081.2998046875,5993
2026-01-26 09:30:00,5082.2001953125,5097.39990234375,5073.10009765625,5094.7001953125,6733
2026-01-26 10:00:00,5085.0,5089.2001953125,5076.5,5082.39990234375,4973
2026-01-26 10:30:00,5090.10009765625,5093.0,5083.60009765625,5085.39990234375,3824
2026-01-26 11:00:00,5085.39990234375,5091.2998046875,5076.5,5090.10009765625,4182
2026-01-26 11:30:00,5089.7998046875,5090.7001953125,5081.7001953125,5085.60009765625,3842
2026-01-26 12:00:00,5087.89990234375,5095.39990234375,5083.7001953125,5089.60009765625,5731
2026-01-26 12:30:00,5076.2001953125,5087.89990234375,5074.5,5087.89990234375,7323
2026-01-26 13:00:00,5068.89990234375,5080.89990234375,5063.2001953125,5076.60009765625,13123
2026-01-26 13:30:00,5065.89990234375,5073.60009765625,5052.0,5070.2001953125,13595
2026-01-26 14:00:00,5075.60009765625,5080.10009765625,5055.5,5065.7001953125,13513
2026-01-26 14:30:00,5093.7001953125,5094.7001953125,5071.89990234375,5075.60009765625,23406
2026-01-26 15:00:00,5088.2001953125,5095.2001953125,5081.5,5094.10009765625,19715
2026-01-26 15:30:00,5088.39990234375,5092.7998046875,5071.2998046875,5088.10009765625,19934
2026-01-26 16:00:00,5072.89990234375,5103.0,5067.2001953125,5088.39990234375,19242
2026-01-26 16:30:00,5086.39990234375,5092.10009765625,5062.0,5073.2998046875,13913
2026-01-26 17:00:00,5085.2998046875,5094.5,5076.7001953125,5087.0,8892
2026-01-26 17:30:00,5098.10009765625,5102.10009765625,5078.7998046875,5085.0,10253
2026-01-26 18:00:00,5081.39990234375,5100.2998046875,5072.60009765625,5097.89990234375,15428
2026-01-26 18:30:00,5064.60009765625,5081.60009765625,5053.39990234375,5081.5,12856
2026-01-26 19:00:00,5022.60009765625,5065.5,5014.7998046875,5065.2001953125,19333
2026-01-26 19:30:00,5023.60009765625,5039.5,5002.7001953125,5022.2998046875,13304
2026-01-26 20:00:00,5052.0,5052.5,5022.0,5023.60009765625,8935
2026-01-26 20:30:00,5049.39990234375,5058.2998046875,5030.5,5052.2001953125,9968
2026-01-26 21:00:00,5015.0,5053.89990234375,5003.7001953125,5049.60009765625,7122
2026-01-26 21:30:00,5004.7998046875,5015.39990234375,4983.60009765625,5013.0,7428
2026-01-26 23:00:00,5039.2998046875,5044.7001953125,5004.5,5005.5,3321
2026-01-26 23:30:00,5037.7001953125,5056.0,5034.2001953125,5038.7998046875,3199
2026-01-27 00:00:00,5039.89990234375,5048.7001953125,5032.60009765625,5037.7001953125,1995
2026-01-27 00:30:00,5027.10009765625,5044.7001953125,5008.2998046875,5040.10009765625,4866
2026-01-27 01:00:00,5060.5,5071.5,5013.0,5027.2998046875,9801
2026-01-27 01:30:00,5055.2998046875,5064.7001953125,5049.0,5060.2001953125,3175
2026-01-27 02:00:00,5063.2998046875,5065.89990234375,5043.89990234375,5054.7001953125,3379
2026-01-27 02:30:00,5067.39990234375,5074.7998046875,5060.2001953125,5063.2001953125,2924
2026-01-27 03:00:00,5059.39990234375,5068.7998046875,5054.39990234375,5067.89990234375,2249
2026-01-27 03:30:00,5071.89990234375,5074.2998046875,5058.5,5059.0,2020
2026-01-27 04:00:00,5069.60009765625,5073.60009765625,5063.7001953125,5071.7001953125,1523
2026-01-27 04:30:00,5061.10009765625,5070.2001953125,5056.39990234375,5069.2998046875,2006
2026-01-27 05:00:00,5059.39990234375,5063.7001953125,5051.89990234375,5062.60009765625,2803
2026-01-27 05:30:00,5078.10009765625,5080.2998046875,5054.2998046875,5058.89990234375,3895
2026-01-27 06:00:00,5077.7001953125,5083.2001953125,5071.60009765625,5077.89990234375,2622
2026-01-27 06:30:00,5081.5,5089.60009765625,5074.2998046875,5077.60009765625,3831
2026-01-27 07:00:00,5083.2998046875,5090.0,5077.10009765625,5081.39990234375,6806
2026-01-27 07:30:00,5081.60009765625,5097.2998046875,5081.2998046875,5083.60009765625,5591
2026-01-27 08:00:00,5073.39990234375,5084.10009765625,5071.2001953125,5081.5,5413
2026-01-27 08:30:00,5075.60009765625,5082.0,5068.5,5073.7001953125,5659
2026-01-27 09:00:00,5084.39990234375,5084.5,5074.10009765625,5075.0,3400
2026-01-27 09:30:00,5095.2998046875,5096.2998046875,5079.10009765625,5084.39990234375,4989
2026-01-27 10:00:00,5084.89990234375,5095.2998046875,5084.2001953125,5095.2001953125,4931
2026-01-27 10:30:00,5082.5,5085.7001953125,5078.2001953125,5084.7001953125,3402
2026-01-27 11:00:00,5082.89990234375,5087.0,5080.0,5082.7001953125,3280
2026-01-27 11:30:00,5073.10009765625,5084.60009765625,5062.2001953125,5083.89990234375,5519
2026-01-27 12:00:00,5075.5,5079.2001953125,5069.5,5072.89990234375,4308
2026-01-27 12:30:00,5081.60009765625,5087.39990234375,5074.60009765625,5074.7998046875,4421
2026-01-27 13:00:00,5076.7998046875,5089.39990234375,5072.0,5081.5,11369
2026-01-27 13:30:00,5073.7998046875,5082.39990234375,5065.7998046875,5077.2998046875,9784
2026-01-27 14:00:00,5055.10009765625,5073.7001953125,5042.0,5073.7001953125,16333
2026-01-27 14:30:00,5049.60009765625,5077.89990234375,5046.0,5055.2001953125,19967
2026-01-27 15:00:00,5065.7001953125,5073.39990234375,5042.2998046875,5049.2001953125,19770
2026-01-27 15:30:00,5087.60009765625,5088.2998046875,5065.10009765625,5065.39990234375,13777
2026-01-27 16:00:00,5095.7001953125,5100.2998046875,5080.5,5087.5,14156
2026-01-27 16:30:00,5085.10009765625,5096.60009765625,5080.60009765625,5095.60009765625,10234
2026-01-27 17:00:00,5085.7998046875,5092.0,5076.5,5085.2001953125,9944
2026-01-27 17:30:00,5079.2001953125,5087.39990234375,5074.7001953125,5085.2998046875,8299
2026-01-27 18:00:00,5082.7001953125,5087.0,5074.0,5079.10009765625,9004
2026-01-27 18:30:00,5085.89990234375,5093.5,5082.60009765625,5082.7001953125,5217
2026-01-27 19:00:00,5086.2001953125,5089.2001953125,5078.60009765625,5085.5,3819
2026-01-27 19:30:00,5097.2998046875,5098.2998046875,5085.7001953125,5086.7001953125,4529
2026-01-27 20:00:00,5141.10009765625,5151.39990234375,5096.2001953125,5097.10009765625,20531
2026-01-27 20:30:00,5174.7001953125,5184.2001953125,5132.10009765625,5141.0,17309
2026-01-27 21:00:00,5173.89990234375,5187.2001953125,5169.10009765625,5175.0,7681
2026-01-27 21:30:00,5179.60009765625,5190.7998046875,5171.0,5173.5,4253
2026-01-27 23:00:00,5167.60009765625,5181.89990234375,5156.39990234375,5179.0,2613
2026-01-27 23:30:00,5169.2001953125,5173.89990234375,5160.7998046875,5166.2001953125,1745
2026-01-28 00:00:00,5160.2001953125,5169.7001953125,5154.7998046875,5169.2998046875,1626
2026-01-28 00:30:00,5168.5,5177.0,5160.7001953125,5160.7001953125,1011
2026-01-28 01:00:00,5190.10009765625,5199.0,5165.10009765625,5168.89990234375,2913
2026-01-28 01:30:00,5199.5,5220.7001953125,5182.7998046875,5190.2001953125,2486
2026-01-28 02:00:00,5213.0,5215.2998046875,5196.60009765625,5199.0,2276
2026-01-28 02:30:00,5226.39990234375,5228.89990234375,5211.5,5213.2001953125,1446
2026-01-28 03:00:00,5231.2001953125,5242.2001953125,5225.2001953125,5226.2998046875,2126
2026-01-28 03:30:00,5229.2001953125,5238.2001953125,5218.7001953125,5231.7001953125,1495
2026-01-28 04:00:00,5233.39990234375,5235.7998046875,5227.39990234375,5228.7998046875,826
2026-01-28 04:30:00,5242.7001953125,5244.0,5229.89990234375,5233.2001953125,1176
2026-01-28 05:00:00,5252.2001953125,5255.5,5237.10009765625,5240.89990234375,1293
2026-01-28 05:30:00,5253.89990234375,5259.2998046875,5244.0,5252.60009765625,1005
2026-01-28 06:00:00,5248.60009765625,5258.2998046875,5245.0,5253.10009765625,1052
2026-01-28 06:30:00,5262.7001953125,5264.39990234375,5247.39990234375,5248.39990234375,1098
2026-01-28 07:00:00,5274.60009765625,5277.2001953125,5255.7001953125,5263.2001953125,1997
2026-01-28 07:30:00,5286.2001953125,5288.0,5265.5,5274.60009765625,1637
2026-01-28 08:00:00,5295.39990234375,5296.0,5282.0,5285.39990234375,1851
2026-01-28 08:30:00,5327.0,5345.0,5293.7001953125,5295.39990234375,79142
2026-01-28 09:00:00,5310.10009765625,5331.2001953125,5302.7001953125,5326.7998046875,7633
2026-01-28 09:30:00,5311.7998046875,5314.7998046875,5296.7998046875,5309.7998046875,5318
2026-01-28 10:00:00,5312.2998046875,5319.89990234375,5306.60009765625,5311.89990234375,3905
2026-01-28 10:30:00,5303.7001953125,5314.2001953125,5302.5,5312.0,5169
2026-01-28 11:00:00,5292.0,5305.0,5271.0,5304.2998046875,9451
2026-01-28 11:30:00,5294.2001953125,5300.2998046875,5284.2001953125,5292.2001953125,4285
2026-01-28 12:00:00,5293.7998046875,5301.60009765625,5284.2998046875,5294.39990234375,6755
2026-01-28 12:30:00,5311.7001953125,5311.7998046875,5293.5,5293.7998046875,6250
2026-01-28 13:00:00,5314.60009765625,5322.10009765625,5300.60009765625,5311.60009765625,12301
2026-01-28 13:30:00,5298.60009765625,5318.89990234375,5288.7001953125,5315.10009765625,10558
2026-01-28 14:00:00,5291.5,5303.60009765625,5280.7001953125,5299.0,11565
2026-01-28 14:30:00,5318.7998046875,5321.39990234375,5282.2998046875,5291.89990234375,19974
2026-01-28 15:00:00,5302.0,5331.0,5266.5,5318.7001953125,38502
2026-01-28 15:30:00,5311.2998046875,5317.39990234375,5299.5,5302.2001953125,14041
2026-01-28 16:00:00,5321.39990234375,5327.0,5307.5,5311.60009765625,12160
2026-01-28 16:30:00,5333.60009765625,5334.5,5310.2001953125,5321.60009765625,16720
2026-01-28 17:00:00,5335.89990234375,5341.2001953125,5322.0,5334.0,12202
2026-01-28 17:30:00,5332.2001953125,5338.60009765625,5316.10009765625,5336.10009765625,10236
2026-01-28 18:00:00,5339.39990234375,5360.60009765625,5326.7001953125,5332.39990234375,16297
2026-01-28 18:30:00,5317.2998046875,5343.39990234375,5301.10009765625,5339.7001953125,13514
2026-01-28 19:00:00,5316.39990234375,5335.39990234375,5301.0,5315.0,10312
2026-01-28 19:30:00,5359.10009765625,5365.89990234375,5314.0,5316.2998046875,10315
2026-01-28 20:00:00,5388.10009765625,5389.60009765625,5353.39990234375,5358.60009765625,10798
2026-01-28 20:30:00,5409.39990234375,5425.10009765625,5386.89990234375,5388.2998046875,14298
2026-01-28 21:00:00,5417.0,5429.7001953125,5409.39990234375,5409.7998046875,5341
2026-01-28 21:30:00,5447.7998046875,5452.7998046875,5413.7001953125,5416.89990234375,5130
2026-01-28 23:00:00,5519.5,5525.89990234375,5449.39990234375,5449.89990234375,11218
2026-01-28 23:30:00,5539.39990234375,5626.7998046875,5510.7998046875,5520.0,28101
2026-01-29 00:00:00,5526.10009765625,5540.7001953125,5481.39990234375,5539.89990234375,11122
2026-01-29 00:30:00,5548.5,5555.0,5520.7998046875,5526.7001953125,8511
2026-01-29 01:00:00,5537.5,5555.0,5472.39990234375,5548.89990234375,14881
2026-01-29 01:30:00,5574.0,5580.5,5537.39990234375,5537.39990234375,11005
2026-01-29 02:00:00,5553.7001953125,5574.7001953125,5532.60009765625,5574.10009765625,8632
2026-01-29 02:30:00,5565.7001953125,5578.39990234375,5547.7001953125,5554.39990234375,7239
2026-01-29 03:00:00,5551.10009765625,5578.5,5538.2001953125,5565.2001953125,7336
2026-01-29 03:30:00,5576.89990234375,5579.2998046875,5549.60009765625,5551.60009765625,4940
2026-01-29 04:00:00,5577.7001953125,5582.5,5563.7001953125,5570.7998046875,4912
2026-01-29 04:30:00,5589.7998046875,5595.0,5575.2001953125,5577.7998046875,5802
2026-01-29 05:00:00,5570.0,5590.7998046875,5544.5,5585.5,8007
2026-01-29 05:30:00,5590.89990234375,5593.2998046875,5569.10009765625,5570.5,5789
2026-01-29 06:00:00,5615.7998046875,5625.89990234375,5591.10009765625,5591.10009765625,9287
2026-01-29 06:30:00,5591.0,5617.60009765625,5583.7998046875,5615.2998046875,6572
2026-01-29 07:00:00,5570.2001953125,5604.0,5566.2001953125,5591.0,8389
2026-01-29 07:30:00,5578.39990234375,5586.89990234375,5571.2998046875,5571.2998046875,4566
2026-01-29 08:00:00,5560.5,5584.7998046875,5553.2001953125,5578.39990234375,9823
2026-01-29 08:30:00,5540.60009765625,5561.39990234375,5503.89990234375,5560.5,13854
2026-01-29 09:00:00,5547.0,5549.39990234375,5528.10009765625,5540.10009765625,8209
2026-01-29 09:30:00,5544.7998046875,5560.2998046875,5541.7998046875,5547.0,5177
2026-01-29 10:00:00,5542.0,5556.39990234375,5532.5,5544.7001953125,5689
2026-01-29 10:30:00,5514.10009765625,5541.7998046875,5513.0,5541.7998046875,6605
2026-01-29 11:00:00,5546.2998046875,5546.89990234375,5501.0,5514.5,7286
2026-01-29 11:30:00,5553.5,5559.89990234375,5538.7001953125,5546.10009765625,4954
2026-01-29 12:00:00,5570.7998046875,5573.2998046875,5549.2001953125,5553.2001953125,5141
2026-01-29 12:30:00,5564.5,5573.0,5555.7001953125,5571.0,5271
2026-01-29 13:00:00,5550.10009765625,5571.5,5537.7001953125,5565.2001953125,8754
2026-01-29 13:30:00,5540.2998046875,5560.7001953125,5528.7998046875,5549.89990234375,10569
2026-01-29 14:00:00,5575.7998046875,5581.2998046875,5540.7001953125,5540.7001953125,17036
2026-01-29 14:30:00,5525.2998046875,5578.2998046875,5519.2998046875,5575.2998046875,25672
2026-01-29 15:00:00,5223.7998046875,5525.2998046875,5126.0,5525.2998046875,81724
2026-01-29 15:30:00,5212.89990234375,5293.5,5137.2998046875,5225.5,42425
2026-01-29 16:00:00,5317.2001953125,5324.7001953125,5201.5,5210.7001953125,25727
2026-01-29 16:30:00,5292.5,5338.89990234375,5255.60009765625,5316.5,16113
2026-01-29 17:00:00,5391.89990234375,5397.89990234375,5292.2001953125,5292.89990234375,14626
2026-01-29 17:30:00,5364.2998046875,5404.2001953125,5343.89990234375,5391.39990234375,13969
2026-01-29 18:00:00,5359.89990234375,5387.89990234375,5336.0,5364.0,11522
2026-01-29 18:30:00,5367.7001953125,5390.60009765625,5350.7998046875,5360.0,7960
2026-01-29 19:00:00,5346.39990234375,5374.2998046875,5330.0,5368.60009765625,6064
2026-01-29 19:30:00,5334.10009765625,5356.7998046875,5318.7001953125,5347.60009765625,7227
2026-01-29 20:00:00,5348.60009765625,5355.0,5311.0,5334.7998046875,7299
2026-01-29 20:30:00,5423.2998046875,5438.60009765625,5339.0,5349.0,10660
2026-01-29 21:00:00,5441.89990234375,5456.2001953125,5412.0,5422.89990234375,5171
2026-01-29 21:30:00,5410.7998046875,5443.0,5400.0,5443.0,3220
2026-01-29 23:00:00,5447.0,5478.60009765625,5407.5,5410.0,4582
2026-01-29 23:30:00,5467.60009765625,5477.5,5436.89990234375,5446.7001953125,3816
2026-01-30 00:00:00,5456.0,5480.2001953125,5448.0,5467.5,6003
2026-01-30 00:30:00,5435.2998046875,5466.2001953125,5418.2001953125,5456.2998046875,5359
2026-01-30 01:00:00,5388.10009765625,5438.89990234375,5332.2001953125,5436.0,13333
2026-01-30 01:30:00,5331.7001953125,5404.2001953125,5320.39990234375,5387.89990234375,7249
2026-01-30 02:00:00,5205.89990234375,5345.7998046875,5145.7998046875,5330.2998046875,23659
2026-01-30 02:30:00,5255.0,5275.60009765625,5171.0,5205.10009765625,12320
2026-01-30 03:00:00,5230.10009765625,5259.7998046875,5195.0,5254.7998046875,6104
2026-01-30 03:30:00,5225.10009765625,5253.2001953125,5176.89990234375,5229.0,6581
2026-01-30 04:00:00,5239.7001953125,5260.0,5222.0,5224.2001953125,3732
2026-01-30 04:30:00,5243.10009765625,5354.7998046875,5227.60009765625,5239.60009765625,2151
2026-01-30 05:00:00,5257.2998046875,5269.2001953125,5231.0,5242.10009765625,2879
2026-01-30 05:30:00,5212.39990234375,5268.5,5208.0,5256.7998046875,3407
2026-01-30 06:00:00,5184.0,5232.7001953125,5183.7998046875,5210.7001953125,4273
2026-01-30 06:30:00,5183.89990234375,5209.0,5171.39990234375,5185.2001953125,4637
2026-01-30 07:00:00,5202.2001953125,5215.0,5150.0,5184.10009765625,6088
2026-01-30 07:30:00,5209.2001953125,5212.39990234375,5143.7001953125,5202.10009765625,6030
2026-01-30 08:00:00,5180.39990234375,5208.7998046875,5160.0,5208.7998046875,5715
2026-01-30 08:30:00,5145.0,5183.10009765625,5075.10009765625,5179.7998046875,13417
2026-01-30 09:00:00,5055.0,5161.5,5040.7001953125,5143.7998046875,14660
2026-01-30 09:30:00,5040.0,5096.39990234375,4962.7001953125,5055.2001953125,17170
2026-01-30 10:00:00,5086.39990234375,5104.60009765625,5027.0,5039.2998046875,7547
2026-01-30 10:30:00,5147.7001953125,5150.2001953125,5081.89990234375,5086.39990234375,7603
2026-01-30 11:00:00,5152.2998046875,5158.7001953125,5117.7001953125,5146.0,5892
2026-01-30 11:30:00,5164.7001953125,5173.89990234375,5114.7001953125,5152.7001953125,7663
2026-01-30 12:00:00,5149.10009765625,5175.60009765625,5138.39990234375,5165.2998046875,4933
2026-01-30 12:30:00,5092.0,5165.39990234375,5082.60009765625,5149.2001953125,8625
2026-01-30 13:00:00,5054.7001953125,5127.7998046875,5040.10009765625,5093.10009765625,12078
2026-01-30 13:30:00,5045.60009765625,5076.7001953125,5018.2998046875,5058.5,10967
2026-01-30 14:00:00,5100.0,5115.60009765625,5044.39990234375,5046.7001953125,10704
2026-01-30 14:30:00,5061.0,5142.2998046875,5039.60009765625,5099.7998046875,19284
2026-01-30 15:00:00,5073.5,5088.0,5006.2998046875,5059.7001953125,21355
2026-01-30 15:30:00,5078.7998046875,5104.0,5066.39990234375,5073.0,10253
2026-01-30 16:00:00,5023.0,5080.7001953125,5012.0,5079.2998046875,10728
2026-01-30 16:30:00,5011.7001953125,5045.0,4961.10009765625,5023.5,19296
2026-01-30 17:00:00,4950.2998046875,5012.2998046875,4921.0,5009.60009765625,21807
2026-01-30 17:30:00,4874.5,4950.39990234375,4825.0,4949.7001953125,24390
2026-01-30 18:00:00,4766.89990234375,4916.0,4714.5,4874.39990234375,40408
2026-01-30 18:30:00,4899.60009765625,4917.0,4700.39990234375,4768.10009765625,29262
2026-01-30 19:00:00,4918.7998046875,4941.10009765625,4860.0,4898.2998046875,13658
2026-01-30 19:30:00,4954.89990234375,4971.89990234375,4905.60009765625,4918.60009765625,7473
2026-01-30 20:00:00,4913.39990234375,4956.60009765625,4901.0,4955.2998046875,6622
2026-01-30 20:30:00,4870.7998046875,4917.0,4828.5,4916.7998046875,10571
2026-01-30 21:00:00,4898.10009765625,4913.60009765625,4855.5,4871.2001953125,4889
2026-01-30 21:30:00,4907.5,4917.89990234375,4872.7998046875,4899.0,3264
2026-02-01 23:00:00,4745.0,4834.0,4705.2998046875,4828.5,7672
2026-02-01 23:30:00,4764.7001953125,4806.0,4731.7001953125,4744.0,7695
2026-02-02 00:00:00,4867.10009765625,4905.60009765625,4763.2998046875,4765.60009765625,9074
2026-02-02 00:30:00,4790.60009765625,4871.5,4783.2998046875,4868.39990234375,6976
2026-02-02 01:00:00,4719.7998046875,4809.2001953125,4604.2998046875,4791.2998046875,22444
2026-02-02 01:30:00,4764.7998046875,4773.89990234375,4686.10009765625,4718.5,8161
2026-02-02 02:00:00,4763.60009765625,4774.7998046875,4721.10009765625,4758.7001953125,6273
2026-02-02 02:30:00,4733.2998046875,4797.0,4720.0,4763.5,6338
2026-02-02 03:00:00,4718.0,4752.7001953125,4680.2998046875,4733.39990234375,5908
2026-02-02 03:30:00,4665.60009765625,4722.39990234375,4650.0,4718.60009765625,7641
2026-02-02 04:00:00,4690.39990234375,4725.39990234375,4622.60009765625,4667.0,7825
2026-02-02 04:30:00,4701.39990234375,4734.5,4674.0,4692.60009765625,3211
2026-02-02 05:00:00,4677.39990234375,4717.10009765625,4667.89990234375,4698.0,3002
2026-02-02 05:30:00,4571.5,4678.5,4515.0,4677.2998046875,17291
2026-02-02 06:00:00,4510.5,4596.7001953125,4455.0,4573.0,10783
2026-02-02 06:30:00,4526.2001953125,4545.0,4423.2001953125,4508.5,11785
2026-02-02 07:00:00,4582.39990234375,4596.39990234375,4504.89990234375,4525.7998046875,8227
2026-02-02 07:30:00,4609.5,4641.0,4546.5,4582.7001953125,7434
2026-02-02 08:00:00,4667.39990234375,4674.0,4579.39990234375,4609.5,8292
2026-02-02 08:30:00,4662.10009765625,4674.10009765625,4628.60009765625,4666.89990234375,5420
2026-02-02 09:00:00,4712.0,4723.0,4623.0,4661.5,6220
2026-02-02 09:30:00,4743.10009765625,4754.0,4700.7001953125,4710.5,5935
2026-02-02 10:00:00,4705.0,4757.60009765625,4692.0,4740.0,5353
2026-02-02 10:30:00,4727.2998046875,4734.0,4678.0,4705.89990234375,5224
2026-02-02 11:00:00,4778.2001953125,4787.2001953125,4726.10009765625,4728.39990234375,5644
2026-02-02 11:30:00,4790.2998046875,4805.10009765625,4772.2998046875,4778.5,6524
2026-02-02 12:00:00,4803.10009765625,4817.60009765625,4767.39990234375,4791.2001953125,5052
2026-02-02 12:30:00,4816.10009765625,4837.60009765625,4795.0,4803.5,6158
2026-02-02 13:00:00,4763.2001953125,4828.0,4741.2001953125,4816.0,13981
2026-02-02 13:30:00,4729.0,4765.7998046875,4692.10009765625,4763.2998046875,14238
2026-02-02 14:00:00,4745.0,4763.7001953125,4703.39990234375,4729.60009765625,9698
2026-02-02 14:30:00,4744.0,4818.0,4722.0,4745.7001953125,17038
2026-02-02 15:00:00,4703.5,4768.0,4695.39990234375,4739.5,12129
2026-02-02 15:30:00,4641.7001953125,4727.2001953125,4638.0,4703.0,12244
2026-02-02 16:00:00,4693.89990234375,4733.10009765625,4617.60009765625,4642.89990234375,12912
2026-02-02 16:30:00,4687.5,4710.7001953125,4666.0,4694.2001953125,7706
2026-02-02 17:00:00,4689.2001953125,4737.7001953125,4681.5,4687.5,8461
2026-02-02 17:30:00,4696.0,4710.2998046875,4678.10009765625,4688.89990234375,9311
2026-02-02 18:00:00,4653.89990234375,4696.0,4639.60009765625,4695.89990234375,12044
2026-02-02 18:30:00,4679.5,4696.10009765625,4654.2001953125,4654.2001953125,4473
2026-02-02 19:00:00,4665.89990234375,4684.5,4653.5,4679.5,3231
2026-02-02 19:30:00,4707.39990234375,4736.0,4659.0,4664.7001953125,5220
2026-02-02 20:00:00,4693.7001953125,4723.2998046875,4673.2001953125,4707.39990234375,3921
2026-02-02 20:30:00,4676.2998046875,4716.60009765625,4671.2998046875,4694.5,3913
2026-02-02 21:00:00,4705.5,4712.0,4667.0,4677.89990234375,1930
2026-02-02 21:30:00,4680.89990234375,4710.10009765625,4671.60009765625,4705.89990234375,1305
2026-02-02 23:00:00,4761.2001953125,4788.0,4690.2001953125,4691.0,2500
2026-02-02 23:30:00,4798.5,4799.89990234375,4740.2001953125,4762.2001953125,2427
2026-02-03 00:00:00,4842.7001953125,4851.89990234375,4788.10009765625,4798.7001953125,4630
2026-02-03 00:30:00,4802.7001953125,4853.7001953125,4796.0,4841.5,4001
2026-02-03 01:00:00,4877.0,4880.10009765625,4788.0,4803.10009765625,6445
2026-02-03 01:30:00,4862.7001953125,4882.0,4840.2998046875,4875.7001953125,4078
2026-02-03 02:00:00,4796.2998046875,4864.0,4776.60009765625,4863.2001953125,5937
2026-02-03 02:30:00,4806.2001953125,4811.89990234375,4768.5,4797.0,4356
2026-02-03 03:00:00,4795.7998046875,4816.7001953125,4774.2998046875,4806.10009765625,2894
2026-02-03 03:30:00,4831.60009765625,4836.10009765625,4792.39990234375,4795.39990234375,2509
2026-02-03 04:00:00,4828.0,4848.0,4822.60009765625,4831.0,1420
2026-02-03 04:30:00,4832.60009765625,4848.39990234375,4828.10009765625,4829.0,1400
2026-02-03 05:00:00,4861.89990234375,4865.5,4831.2998046875,4832.7998046875,1823
2026-02-03 05:30:00,4846.2998046875,4863.10009765625,4835.0,4861.7998046875,2345
2026-02-03 06:00:00,4893.7001953125,4897.5,4838.0,4848.0,3385
2026-02-03 06:30:00,4903.0,4916.0,4885.7998046875,4892.5,5058
2026-02-03 07:00:00,4922.5,4924.0,4893.0,4901.2001953125,4134
2026-02-03 07:30:00,4940.0,4956.0,4920.60009765625,4922.39990234375,6716
2026-02-03 08:00:00,4959.39990234375,4965.39990234375,4921.0,4940.2001953125,6952
2026-02-03 08:30:00,4935.7998046875,4975.5,4934.7001953125,4959.2998046875,5657
2026-02-03 09:00:00,4915.2001953125,4947.2998046875,4914.2001953125,4935.7998046875,6028
2026-02-03 09:30:00,4939.7998046875,4950.0,4908.7001953125,4915.2001953125,4261
2026-02-03 10:00:00,4936.89990234375,4953.0,4935.0,4939.60009765625,3292
2026-02-03 10:30:00,4924.7998046875,4946.5,4922.39990234375,4936.39990234375,4120
2026-02-03 11:00:00,4923.0,4935.2001953125,4905.2001953125,4925.2001953125,3592
2026-02-03 11:30:00,4938.89990234375,4941.89990234375,4920.0,4923.10009765625,2317
2026-02-03 12:00:00,4926.7001953125,4959.5,4915.0,4939.60009765625,5130
2026-02-03 12:30:00,4938.2001953125,4942.89990234375,4923.10009765625,4926.39990234375,3201
2026-02-03 13:00:00,4960.7998046875,4965.39990234375,4926.7001953125,4938.39990234375,8593
2026-02-03 13:30:00,4958.0,4977.7001953125,4946.60009765625,4961.2998046875,11820
2026-02-03 14:00:00,4948.2001953125,4963.10009765625,4920.0,4958.7001953125,10040
2026-02-03 14:30:00,4939.2001953125,4954.10009765625,4917.60009765625,4948.60009765625,11626
2026-02-03 15:00:00,4947.60009765625,4971.2001953125,4926.89990234375,4939.10009765625,11289
2026-02-03 15:30:00,4957.7001953125,4958.39990234375,4929.0,4947.7001953125,5592
2026-02-03 16:00:00,4995.89990234375,5004.7001953125,4952.10009765625,4957.2001953125,10076
2026-02-03 16:30:00,4978.2001953125,5018.10009765625,4974.60009765625,4995.7998046875,10484
2026-02-03 17:00:00,4971.60009765625,4992.7001953125,4945.2001953125,4978.2998046875,11124
2026-02-03 17:30:00,4951.5,4987.7998046875,4929.7001953125,4971.10009765625,8743
2026-02-03 18:00:00,4931.39990234375,4977.2998046875,4926.7998046875,4951.10009765625,10160
2026-02-03 18:30:00,4930.5,4940.7998046875,4900.5,4931.0,8791
2026-02-03 19:00:00,4953.2001953125,4956.39990234375,4902.0,4930.2001953125,6857
2026-02-03 19:30:00,4949.2998046875,4971.89990234375,4938.89990234375,4952.5,4189
2026-02-03 20:00:00,4961.7001953125,4965.0,4924.5,4949.89990234375,3841
2026-02-03 20:30:00,4967.5,4980.0,4955.2001953125,4962.2998046875,4079
2026-02-03 21:00:00,4974.2001953125,4987.5,4961.2998046875,4967.10009765625,1631
2026-02-03 21:30:00,4970.5,4981.89990234375,4957.2998046875,4974.10009765625,982
2026-02-03 23:00:00,4946.10009765625,4997.7998046875,4930.39990234375,4966.10009765625,2087
2026-02-03 23:30:00,4968.7001953125,4977.10009765625,4942.7001953125,4945.0,1260
2026-02-04 00:00:00,5002.2001953125,5023.2001953125,4966.89990234375,4969.89990234375,3648
2026-02-04 00:30:00,5038.10009765625,5039.7001953125,4990.5,5002.89990234375,3954
2026-02-04 01:00:00,5058.7998046875,5075.5,5006.39990234375,5038.60009765625,7931
2026-02-04 01:30:00,5067.2001953125,5071.60009765625,5030.7998046875,5058.60009765625,4571
2026-02-04 02:00:00,5078.5,5086.7998046875,5067.7998046875,5067.89990234375,3657
2026-02-04 02:30:00,5061.60009765625,5082.89990234375,5055.10009765625,5078.2998046875,3137
2026-02-04 03:00:00,5072.0,5077.10009765625,5056.2001953125,5060.89990234375,2221
2026-02-04 03:30:00,5090.2998046875,5094.0,5071.89990234375,5071.89990234375,2647
2026-02-04 04:00:00,5082.2001953125,5094.60009765625,5076.2998046875,5090.7001953125,1547
2026-02-04 04:30:00,5100.2001953125,5101.0,5080.5,5082.0,1717
2026-02-04 05:00:00,5099.2001953125,5105.0,5096.39990234375,5100.10009765625,1870
2026-02-04 05:30:00,5098.2998046875,5109.2998046875,5088.5,5099.2998046875,3690
2026-02-04 06:00:00,5075.2998046875,5102.5,5071.0,5099.39990234375,4103
2026-02-04 06:30:00,5096.60009765625,5100.39990234375,5073.7001953125,5075.5,3252
2026-02-04 07:00:00,5109.89990234375,5110.0,5082.5,5098.0,3420
2026-02-04 07:30:00,5106.7998046875,5113.5,5086.60009765625,5110.0,4012
2026-02-04 08:00:00,5106.5,5113.89990234375,5096.7001953125,5106.2998046875,3334
2026-02-04 08:30:00,5106.5,5108.39990234375,5091.10009765625,5106.60009765625,3102
2026-02-04 09:00:00,5080.0,5109.7001953125,5076.0,5105.89990234375,4688
2026-02-04 09:30:00,5082.2998046875,5089.89990234375,5065.0,5079.5,3341
2026-02-04 10:00:00,5067.10009765625,5086.89990234375,5064.7001953125,5083.10009765625,2819
2026-02-04 10:30:00,5072.2001953125,5084.7998046875,5066.7998046875,5066.7998046875,3552
2026-02-04 11:00:00,5047.60009765625,5076.89990234375,5036.0,5070.7001953125,4417
2026-02-04 11:30:00,5071.2998046875,5074.2998046875,5045.2001953125,5047.89990234375,2230
2026-02-04 12:00:00,5070.7001953125,5078.7998046875,5060.60009765625,5070.60009765625,2410
2026-02-04 12:30:00,5064.60009765625,5088.10009765625,5058.60009765625,5070.7998046875,2761
2026-02-04 13:00:00,5072.0,5076.89990234375,5045.0,5064.2998046875,5483
2026-02-04 13:30:00,5077.0,5087.0,5056.0,5072.5,4760
2026-02-04 14:00:00,5054.2001953125,5082.5,5051.2001953125,5077.7998046875,6460
2026-02-04 14:30:00,5008.39990234375,5061.10009765625,4988.39990234375,5054.2998046875,21339
2026-02-04 15:00:00,4981.39990234375,5030.7001953125,4970.2001953125,5007.2998046875,13480
2026-02-04 15:30:00,4943.10009765625,4985.89990234375,4909.0,4981.7998046875,19903
2026-02-04 16:00:00,4947.2998046875,4964.10009765625,4913.0,4943.10009765625,12209
2026-02-04 16:30:00,4926.89990234375,4958.0,4867.7001953125,4948.0,13629
2026-02-04 17:00:00,4939.5,4948.0,4909.60009765625,4926.5,8819
2026-02-04 17:30:00,4921.2998046875,4953.0,4916.7001953125,4938.60009765625,8671
2026-02-04 18:00:00,4948.2001953125,4956.89990234375,4893.89990234375,4919.60009765625,10836
2026-02-04 18:30:00,4949.7001953125,4954.0,4926.0,4948.2001953125,4633
2026-02-04 19:00:00,4955.0,4972.2998046875,4936.7001953125,4949.7998046875,5518
2026-02-04 19:30:00,4963.5,4979.39990234375,4950.0,4955.0,3784
2026-02-04 20:00:00,4944.39990234375,4968.5,4941.10009765625,4963.60009765625,2629
2026-02-04 20:30:00,4961.60009765625,4973.39990234375,4936.0,4945.10009765625,3438
2026-02-04 21:00:00,4981.7001953125,4982.7001953125,4960.0,4960.89990234375,844
2026-02-04 21:30:00,4986.39990234375,4994.10009765625,4975.89990234375,4981.60009765625,992
2026-02-04 23:00:00,5040.89990234375,5043.2001953125,4986.60009765625,4986.60009765625,2223
2026-02-04 23:30:00,5033.39990234375,5045.0,5028.60009765625,5039.7001953125,2018
2026-02-05 00:00:00,5037.39990234375,5040.7001953125,5017.60009765625,5033.2001953125,2280
2026-02-05 00:30:00,5028.10009765625,5041.89990234375,5025.10009765625,5037.5,2008
2026-02-05 01:00:00,4973.2001953125,5033.7001953125,4957.0,5028.7001953125,8225
2026-02-05 01:30:00,4978.2998046875,5007.89990234375,4974.2001953125,4974.2001953125,3641
2026-02-05 02:00:00,4956.0,4982.10009765625,4911.0,4979.2001953125,9519
2026-02-05 02:30:00,4831.0,4960.7998046875,4822.60009765625,4956.10009765625,13393
2026-02-05 03:00:00,4876.7998046875,4907.10009765625,4805.0,4830.39990234375,8730
2026-02-05 03:30:00,4898.5,4904.7998046875,4856.2001953125,4878.7001953125,3761
2026-02-05 04:00:00,4905.39990234375,4910.7998046875,4880.7998046875,4898.39990234375,2416
2026-02-05 04:30:00,4888.5,4908.0,4883.2001953125,4905.39990234375,1477
2026-02-05 05:00:00,4887.10009765625,4894.39990234375,4858.60009765625,4881.7001953125,2710
2026-02-05 05:30:00,4911.7998046875,4923.7001953125,4842.0,4887.0,4698
2026-02-05 06:00:00,4947.0,4947.39990234375,4893.0,4914.10009765625,3057
2026-02-05 06:30:00,4938.7998046875,4951.89990234375,4915.0,4947.0,2832
2026-02-05 07:00:00,4950.7998046875,4960.2001953125,4929.2001953125,4937.2001953125,3682
2026-02-05 07:30:00,4934.2998046875,4953.10009765625,4914.7001953125,4951.2998046875,2825
2026-02-05 08:00:00,4940.60009765625,4962.0,4932.0,4934.10009765625,2831
2026-02-05 08:30:00,4934.0,4949.89990234375,4921.39990234375,4941.39990234375,2983
2026-02-05 09:00:00,4896.5,4937.10009765625,4876.60009765625,4934.39990234375,6096
2026-02-05 09:30:00,4876.89990234375,4916.0,4871.10009765625,4896.5,3020
2026-02-05 10:00:00,4883.10009765625,4900.0,4868.0,4875.89990234375,2517
2026-02-05 10:30:00,4897.89990234375,4907.60009765625,4872.7001953125,4883.2998046875,2396
2026-02-05 11:00:00,4911.7001953125,4915.5,4896.60009765625,4896.7998046875,1904
2026-02-05 11:30:00,4889.10009765625,4913.2998046875,4885.60009765625,4912.60009765625,2236
2026-02-05 12:00:00,4869.10009765625,4899.89990234375,4831.0,4889.2998046875,6726
2026-02-05 12:30:00,4876.2001953125,4893.89990234375,4857.89990234375,4868.7998046875,6190
2026-02-05 13:00:00,4873.60009765625,4888.39990234375,4822.0,4876.10009765625,9057
2026-02-05 13:30:00,4858.2001953125,4893.10009765625,4842.60009765625,4876.0,5861
2026-02-05 14:00:00,4857.0,4872.0,4831.2001953125,4858.0,7300
2026-02-05 14:30:00,4867.7998046875,4891.10009765625,4827.2001953125,4857.10009765625,13983
2026-02-05 15:00:00,4840.89990234375,4888.0,4834.0,4866.5,11415
2026-02-05 15:30:00,4838.60009765625,4859.2001953125,4820.7998046875,4839.5,9415
2026-02-05 16:00:00,4871.2998046875,4879.7998046875,4833.5,4837.7998046875,7476
2026-02-05 16:30:00,4912.0,4930.0,4867.0,4872.2001953125,8707
2026-02-05 17:00:00,4889.7998046875,4913.2998046875,4881.5,4910.89990234375,4296
2026-02-05 17:30:00,4891.5,4907.5,4882.10009765625,4889.60009765625,3199
2026-02-05 18:00:00,4892.10009765625,4898.39990234375,4872.7998046875,4891.39990234375,5996
2026-02-05 18:30:00,4880.39990234375,4895.89990234375,4874.10009765625,4891.5,2477
2026-02-05 19:00:00,4874.39990234375,4889.0,4860.10009765625,4881.2001953125,2401
2026-02-05 19:30:00,4852.5,4878.0,4847.0,4875.2001953125,3055
2026-02-05 20:00:00,4847.2001953125,4866.2001953125,4832.0,4853.0,3132
2026-02-05 20:30:00,4833.60009765625,4854.39990234375,4814.60009765625,4848.2001953125,5062
2026-02-05 21:00:00,4824.7998046875,4848.5,4817.2998046875,4833.2001953125,2260
2026-02-05 21:30:00,4798.10009765625,4826.10009765625,4779.60009765625,4824.7998046875,6610
2026-02-05 23:00:00,4769.10009765625,4815.89990234375,4766.0,4800.0,4297
2026-02-05 23:30:00,4722.0,4774.7001953125,4721.2001953125,4770.0,5391
2026-02-06 00:00:00,4742.0,4748.10009765625,4670.0,4722.0,10965
2026-02-06 00:30:00,4779.89990234375,4781.7001953125,4724.7998046875,4742.0,6145
2026-02-06 01:00:00,4730.0,4781.10009765625,4710.0,4779.10009765625,7875
2026-02-06 01:30:00,4792.10009765625,4803.39990234375,4723.60009765625,4730.10009765625,3959
2026-02-06 02:00:00,4837.60009765625,4838.7998046875,4777.7998046875,4792.7001953125,4428
2026-02-06 02:30:00,4833.5,4863.5,4826.10009765625,4836.7001953125,5676
2026-02-06 03:00:00,4829.0,4856.39990234375,4816.7001953125,4832.5,2489
2026-02-06 03:30:00,4841.10009765625,4846.0,4817.39990234375,4829.2998046875,1574
2026-02-06 04:00:00,4843.2998046875,4845.60009765625,4823.89990234375,4842.0,847
2026-02-06 04:30:00,4831.89990234375,4848.89990234375,4828.10009765625,4843.5,818
2026-02-06 05:00:00,4868.89990234375,4870.0,4824.5,4830.39990234375,1578
2026-02-06 05:30:00,4915.2998046875,4916.2001953125,4853.7001953125,4868.7998046875,5764
2026-02-06 06:00:00,4873.89990234375,4921.60009765625,4867.7001953125,4916.2998046875,4545
2026-02-06 06:30:00,4865.60009765625,4885.89990234375,4841.0,4871.89990234375,3079
2026-02-06 07:00:00,4878.39990234375,4881.89990234375,4856.7998046875,4865.0,2468
2026-02-06 07:30:00,4862.2998046875,4880.60009765625,4861.2001953125,4878.2001953125,1688
2026-02-06 08:00:00,4890.0,4896.60009765625,4849.5,4861.60009765625,3474
2026-02-06 08:30:00,4884.7998046875,4904.5,4875.0,4888.7001953125,2524
2026-02-06 09:00:00,4887.39990234375,4894.39990234375,4862.2001953125,4884.10009765625,2758
2026-02-06 09:30:00,4889.5,4896.5,4878.39990234375,4887.2998046875,1825
2026-02-06 10:00:00,4876.60009765625,4900.0,4872.60009765625,4888.0,1850
2026-02-06 10:30:00,4899.89990234375,4901.7001953125,4874.7001953125,4876.0,1846
2026-02-06 11:00:00,4912.2001953125,4916.2998046875,4885.60009765625,4899.7001953125,2418
2026-02-06 11:30:00,4909.10009765625,4918.7001953125,4900.2001953125,4912.60009765625,2141
2026-02-06 12:00:00,4898.60009765625,4925.7001953125,4892.0,4910.10009765625,3179
2026-02-06 12:30:00,4921.7001953125,4926.0,4898.39990234375,4899.5,3862
2026-02-06 13:00:00,4931.2001953125,4951.2998046875,4918.2001953125,4922.0,6944
2026-02-06 13:30:00,4951.0,4961.0,4930.10009765625,4930.10009765625,4520
2026-02-06 14:00:00,4926.89990234375,4955.0,4916.2001953125,4951.7001953125,5201
2026-02-06 14:30:00,4972.5,4973.7001953125,4918.5,4926.7001953125,9511
2026-02-06 15:00:00,4980.5,4988.7998046875,4960.0,4970.7998046875,7377
2026-02-06 15:30:00,4967.60009765625,4985.0,4951.2001953125,4980.5,4922
2026-02-06 16:00:00,4962.5,4974.7001953125,4945.0,4967.7998046875,4091
2026-02-06 16:30:00,4975.2998046875,4978.0,4953.2998046875,4961.7998046875,3410
2026-02-06 17:00:00,4978.2998046875,4984.60009765625,4973.0,4975.2998046875,3121
2026-02-06 17:30:00,4984.2998046875,4992.89990234375,4972.2001953125,4978.7998046875,3886
2026-02-06 18:00:00,4980.0,4995.60009765625,4967.89990234375,4984.7998046875,6142
2026-02-06 18:30:00,4986.2998046875,4992.2001953125,4975.5,4979.60009765625,1701
2026-02-06 19:00:00,4980.7998046875,4987.0,4976.89990234375,4986.2998046875,1412
2026-02-06 19:30:00,4980.7001953125,4987.0,4971.7998046875,4980.7998046875,1671
2026-02-06 20:00:00,4979.0,4983.0,4970.0,4980.39990234375,1545
2026-02-06 20:30:00,4977.2001953125,4979.0,4960.39990234375,4979.0,2979
2026-02-06 21:00:00,4977.5,4981.5,4970.10009765625,4977.2001953125,1077
2026-02-06 21:30:00,4979.7998046875,4992.10009765625,4977.2001953125,4977.2998046875,1284
2026-02-08 23:00:00,5046.7998046875,5049.10009765625,4991.2998046875,5000.0,2949
2026-02-08 23:30:00,5057.39990234375,5069.0,5041.7001953125,5046.10009765625,3508
2026-02-09 00:00:00,5056.89990234375,5068.0,5043.60009765625,5057.5,2374
2026-02-09 00:30:00,5041.2001953125,5059.60009765625,5033.10009765625,5057.7001953125,1497
2026-02-09 01:00:00,5038.5,5064.2001953125,5026.2001953125,5042.10009765625,3413
2026-02-09 01:30:00,5002.2998046875,5044.2001953125,4997.0,5038.39990234375,3658
2026-02-09 02:00:00,5021.2001953125,5022.2998046875,4989.2998046875,5002.39990234375,2207
2026-02-09 02:30:00,5026.60009765625,5037.2001953125,5005.7998046875,5021.0,2652
2026-02-09 03:00:00,5045.10009765625,5046.7998046875,5025.7998046875,5026.5,1563
2026-02-09 03:30:00,5037.10009765625,5051.7998046875,5032.2998046875,5044.5,1254
2026-02-09 04:00:00,5037.89990234375,5045.60009765625,5029.2001953125,5036.5,940
2026-02-09 04:30:00,5034.7001953125,5044.60009765625,5028.7001953125,5038.10009765625,698
2026-02-09 05:00:00,5050.7998046875,5053.0,5032.39990234375,5034.0,829
2026-02-09 05:30:00,5058.0,5063.10009765625,5044.2001953125,5051.10009765625,1837
2026-02-09 06:00:00,5047.5,5067.60009765625,5035.10009765625,5058.60009765625,2208
2026-02-09 06:30:00,5052.39990234375,5062.0,5042.60009765625,5045.60009765625,1714
2026-02-09 07:00:00,5030.0,5052.5,5015.2001953125,5052.5,2705
2026-02-09 07:30:00,5027.2001953125,5036.5,5021.7998046875,5029.0,1384
2026-02-09 08:00:00,5046.2001953125,5053.10009765625,5023.89990234375,5026.7998046875,2076
2026-02-09 08:30:00,5048.10009765625,5057.0,5042.0,5046.10009765625,1440
2026-02-09 09:00:00,5044.7998046875,5062.60009765625,5038.0,5048.7001953125,1985
2026-02-09 09:30:00,5028.2001953125,5048.5,5023.60009765625,5044.7998046875,1829
2026-02-09 10:00:00,5012.5,5036.89990234375,5006.5,5028.5,2811
2026-02-09 10:30:00,5011.2998046875,5020.39990234375,5002.60009765625,5012.7998046875,2749
2026-02-09 11:00:00,5026.7001953125,5028.10009765625,5009.2001953125,5011.5,1652
2026-02-09 11:30:00,5031.10009765625,5040.0,5022.5,5027.39990234375,1311
2026-02-09 12:00:00,5035.5,5039.7001953125,5028.2998046875,5032.0,1260
2026-02-09 12:30:00,5035.7001953125,5043.60009765625,5029.5,5035.39990234375,1549
2026-02-09 13:00:00,5026.39990234375,5046.7998046875,5025.10009765625,5035.39990234375,3686
2026-02-09 13:30:00,5028.89990234375,5037.2001953125,5016.89990234375,5027.0,2814
2026-02-09 14:00:00,5042.89990234375,5046.39990234375,5023.7998046875,5028.39990234375,2625
2026-02-09 14:30:00,5059.60009765625,5063.2998046875,5036.0,5042.89990234375,7192
2026-02-09 15:00:00,5056.0,5064.5,5045.60009765625,5059.5,4567
2026-02-09 15:30:00,5082.2001953125,5084.39990234375,5056.0,5056.0,5744
2026-02-09 16:00:00,5096.2998046875,5105.10009765625,5079.7998046875,5082.60009765625,6644
2026-02-09 16:30:00,5096.89990234375,5106.7998046875,5090.60009765625,5096.60009765625,3782
2026-02-09 17:00:00,5092.7001953125,5099.7001953125,5085.0,5097.7998046875,2829
2026-02-09 17:30:00,5069.7998046875,5094.89990234375,5064.39990234375,5092.60009765625,3298
2026-02-09 18:00:00,5078.7998046875,5084.10009765625,5068.5,5070.60009765625,5139
2026-02-09 18:30:00,5087.0,5088.39990234375,5072.7001953125,5078.5,1926
2026-02-09 19:00:00,5098.10009765625,5098.7001953125,5086.5,5086.89990234375,1716
2026-02-09 19:30:00,5098.39990234375,5104.0,5096.89990234375,5098.89990234375,1494
2026-02-09 20:00:00,5104.0,5105.89990234375,5097.60009765625,5098.2998046875,1622
2026-02-09 20:30:00,5102.89990234375,5111.10009765625,5096.60009765625,5104.0,2393
2026-02-09 21:00:00,5079.2998046875,5107.10009765625,5072.5,5103.60009765625,1463
2026-02-09 21:30:00,5084.2001953125,5091.10009765625,5078.2998046875,5079.7001953125,888
2026-02-09 23:00:00,5047.0,5100.89990234375,5011.0,5084.2998046875,3334
2026-02-09 23:30:00,5055.2998046875,5068.10009765625,5037.89990234375,5046.7998046875,1373
2026-02-10 00:00:00,5057.2001953125,5073.0,5055.0,5056.39990234375,1093
2026-02-10 00:30:00,5042.60009765625,5064.5,5031.0,5058.5,1636
2026-02-10 01:00:00,5040.60009765625,5062.0,5035.5,5042.89990234375,1960
2026-02-10 01:30:00,5054.89990234375,5059.2001953125,5037.5,5037.5,1649
2026-02-10 02:00:00,5069.39990234375,5079.0,5053.2001953125,5055.10009765625,1569
2026-02-10 02:30:00,5061.2001953125,5075.60009765625,5056.7001953125,5070.10009765625,1370
2026-02-10 03:00:00,5044.2001953125,5060.7001953125,5039.0,5059.0,1418
2026-02-10 03:30:00,5051.5,5054.10009765625,5036.5,5043.89990234375,1033
2026-02-10 04:00:00,5050.60009765625,5052.89990234375,5039.5,5052.39990234375,725
2026-02-10 04:30:00,5052.7998046875,5056.2998046875,5044.0,5049.89990234375,559
2026-02-10 05:00:00,5041.2998046875,5057.39990234375,5032.7998046875,5052.89990234375,923
2026-02-10 05:30:00,5061.89990234375,5064.0,5034.5,5040.5,1577
2026-02-10 06:00:00,5053.60009765625,5068.39990234375,5052.7001953125,5061.39990234375,852
2026-02-10 06:30:00,5045.7998046875,5060.89990234375,5041.0,5053.39990234375,1338
2026-02-10 07:00:00,5046.2998046875,5055.7001953125,5040.0,5045.7001953125,1142
2026-02-10 07:30:00,5055.2998046875,5057.10009765625,5046.0,5046.7998046875,932
2026-02-10 08:00:00,5057.2998046875,5063.0,5049.60009765625,5054.5,1108
2026-02-10 08:30:00,5063.7998046875,5077.10009765625,5056.0,5057.5,2007
2026-02-10 09:00:00,5074.5,5085.2998046875,5062.60009765625,5063.60009765625,1723
2026-02-10 09:30:00,5068.5,5075.5,5063.39990234375,5074.5,1791
2026-02-10 10:00:00,5069.7998046875,5075.0,5059.89990234375,5068.60009765625,2408
2026-02-10 10:30:00,5070.2001953125,5081.2998046875,5066.7998046875,5069.7998046875,2438
2026-02-10 11:00:00,5071.7001953125,5076.2001953125,5067.39990234375,5069.5,782
2026-02-10 11:30:00,5079.0,5081.0,5068.2001953125,5070.39990234375,1628
2026-02-10 12:00:00,5069.0,5080.7001953125,5064.39990234375,5079.7001953125,1958
2026-02-10 12:30:00,5054.89990234375,5070.89990234375,5042.0,5070.0,3434
2026-02-10 13:00:00,5059.2998046875,5069.0,5048.60009765625,5055.0,3077
2026-02-10 13:30:00,5074.10009765625,5082.39990234375,5060.7001953125,5060.7001953125,3551
2026-02-10 14:00:00,5093.89990234375,5098.2998046875,5069.39990234375,5074.10009765625,4022
2026-02-10 14:30:00,5063.0,5102.7001953125,5043.2001953125,5093.5,9109
2026-02-10 15:00:00,5055.10009765625,5070.89990234375,5051.39990234375,5062.0,4935
2026-02-10 15:30:00,5041.60009765625,5060.0,5021.2998046875,5054.2998046875,7542
2026-02-10 16:00:00,5033.10009765625,5047.2998046875,5028.2001953125,5042.7001953125,4197
2026-02-10 16:30:00,5046.5,5049.7001953125,5031.0,5032.39990234375,2233
2026-02-10 17:00:00,5060.0,5062.0,5043.60009765625,5046.39990234375,2400
2026-02-10 17:30:00,5049.7001953125,5064.0,5048.2998046875,5060.0,1721
2026-02-10 18:00:00,5031.39990234375,5051.2998046875,5026.7001953125,5049.10009765625,5041
2026-02-10 18:30:00,5036.0,5039.89990234375,5027.2001953125,5031.39990234375,1948
2026-02-10 19:00:00,5043.60009765625,5044.7998046875,5031.39990234375,5035.2998046875,1468
2026-02-10 19:30:00,5050.7998046875,5053.2001953125,5044.10009765625,5044.10009765625,1354
2026-02-10 20:00:00,5051.0,5056.7001953125,5042.89990234375,5050.5,1255
2026-02-10 20:30:00,5052.89990234375,5068.89990234375,5050.0,5051.10009765625,2740
2026-02-10 21:00:00,5048.39990234375,5055.0,5045.2001953125,5052.0,674
2026-02-10 21:30:00,5047.89990234375,5050.7998046875,5043.0,5048.0,415
2026-02-10 23:00:00,5070.10009765625,5077.39990234375,5046.2998046875,5048.0,1006
2026-02-10 23:30:00,5064.10009765625,5070.5,5061.0,5069.10009765625,502
2026-02-11 00:00:00,5061.89990234375,5067.60009765625,5050.89990234375,5064.7001953125,1303
2026-02-11 00:30:00,5060.89990234375,5072.10009765625,5057.60009765625,5063.2998046875,863
2026-02-11 01:00:00,5060.39990234375,5070.2001953125,5053.39990234375,5060.39990234375,1164
2026-02-11 01:30:00,5075.0,5075.89990234375,5055.2001953125,5060.5,1201
2026-02-11 02:00:00,5065.0,5079.89990234375,5055.60009765625,5075.60009765625,1386
2026-02-11 02:30:00,5079.2001953125,5081.0,5064.7001953125,5064.7998046875,1117
2026-02-11 03:00:00,5080.39990234375,5082.7998046875,5068.2001953125,5078.60009765625,1126
2026-02-11 03:30:00,5079.0,5085.0,5077.10009765625,5080.2998046875,898
2026-02-11 04:00:00,5082.7001953125,5083.7001953125,5077.2998046875,5078.60009765625,533
2026-02-11 04:30:00,5073.2001953125,5083.5,5070.0,5082.89990234375,739
2026-02-11 05:00:00,5077.10009765625,5078.2001953125,5067.60009765625,5071.2001953125,802
2026-02-11 05:30:00,5076.7998046875,5088.10009765625,5070.10009765625,5077.60009765625,1628
2026-02-11 06:00:00,5080.89990234375,5086.0,5073.60009765625,5076.60009765625,774
2026-02-11 06:30:00,5088.2998046875,5088.7998046875,5076.0,5079.7998046875,1395
2026-02-11 07:00:00,5083.89990234375,5093.2998046875,5076.39990234375,5088.39990234375,3804
2026-02-11 07:30:00,5078.7001953125,5086.2001953125,5072.2001953125,5083.60009765625,2126
2026-02-11 08:00:00,5075.0,5084.10009765625,5073.89990234375,5078.89990234375,1014
2026-02-11 08:30:00,5077.0,5078.5,5068.7998046875,5075.2998046875,1204
2026-02-11 09:00:00,5078.10009765625,5079.2001953125,5070.39990234375,5077.39990234375,973
2026-02-11 09:30:00,5086.60009765625,5095.89990234375,5077.2998046875,5078.0,2797
2026-02-11 10:00:00,5095.0,5100.7001953125,5086.0,5086.5,2459
2026-02-11 10:30:00,5118.60009765625,5128.7998046875,5092.0,5094.7998046875,6966
2026-02-11 11:00:00,5132.39990234375,5133.60009765625,5107.39990234375,5118.7998046875,3639
2026-02-11 11:30:00,5136.7998046875,5141.7998046875,5125.7998046875,5133.10009765625,2973
2026-02-11 12:00:00,5119.89990234375,5144.5,5111.5,5137.39990234375,3435
2026-02-11 12:30:00,5107.2001953125,5124.0,5071.39990234375,5120.60009765625,8019
2026-02-11 13:00:00,5108.89990234375,5115.0,5087.10009765625,5107.5,4396
2026-02-11 13:30:00,5089.60009765625,5104.39990234375,5036.2998046875,5104.39990234375,12056
2026-02-11 14:00:00,5094.0,5107.10009765625,5084.2998046875,5088.2001953125,4450
2026-02-11 14:30:00,5082.2998046875,5100.10009765625,5058.7001953125,5093.89990234375,6470
2026-02-11 15:00:00,5072.60009765625,5105.5,5066.7001953125,5082.2998046875,6413
2026-02-11 15:30:00,5084.2001953125,5085.89990234375,5062.0,5071.10009765625,4411
2026-02-11 16:00:00,5085.2001953125,5087.89990234375,5065.5,5083.10009765625,3122
2026-02-11 16:30:00,5099.2001953125,5101.7998046875,5078.60009765625,5084.0,3870
2026-02-11 17:00:00,5112.39990234375,5116.7998046875,5091.39990234375,5098.7001953125,4233
2026-02-11 17:30:00,5116.5,5123.39990234375,5106.0,5111.60009765625,3369
2026-02-11 18:00:00,5098.2001953125,5117.89990234375,5090.10009765625,5115.7998046875,5883
2026-02-11 18:30:00,5107.39990234375,5112.2998046875,5095.2001953125,5097.89990234375,3480
2026-02-11 19:00:00,5116.0,5119.39990234375,5106.60009765625,5107.7998046875,1641
2026-02-11 19:30:00,5106.5,5116.60009765625,5101.10009765625,5116.0,1870
2026-02-11 20:00:00,5109.2001953125,5113.39990234375,5104.39990234375,5106.2001953125,715
2026-02-11 20:30:00,5111.39990234375,5114.7998046875,5102.39990234375,5108.7998046875,1130
2026-02-11 21:00:00,5106.89990234375,5118.0,5101.89990234375,5111.39990234375,1013
2026-02-11 21:30:00,5107.7998046875,5109.89990234375,5094.10009765625,5107.2001953125,787
2026-02-11 23:00:00,5091.39990234375,5122.7998046875,5074.0,5107.2998046875,1872
2026-02-11 23:30:00,5083.5,5098.5,5081.60009765625,5090.7001953125,748
2026-02-12 00:00:00,5081.5,5090.0,5071.0,5083.5,1611
2026-02-12 00:30:00,5084.89990234375,5088.0,5077.10009765625,5083.0,736
2026-02-12 01:00:00,5080.0,5084.89990234375,5065.0,5083.0,1559
2026-02-12 01:30:00,5084.7998046875,5085.7998046875,5074.2998046875,5079.2998046875,1262
2026-02-12 02:00:00,5087.2998046875,5094.0,5082.7998046875,5084.89990234375,1094
2026-02-12 02:30:00,5086.7001953125,5090.7001953125,5075.5,5087.39990234375,934
2026-02-12 03:00:00,5081.2998046875,5096.0,5075.7001953125,5085.7001953125,1171
2026-02-12 03:30:00,5078.2001953125,5088.0,5076.2001953125,5081.2001953125,626
2026-02-12 04:00:00,5077.7001953125,5080.7998046875,5072.2001953125,5077.7001953125,620
2026-02-12 04:30:00,5090.39990234375,5091.10009765625,5075.2001953125,5076.60009765625,495
2026-02-12 05:00:00,5092.2998046875,5099.2998046875,5086.2001953125,5090.0,1424
2026-02-12 05:30:00,5096.2998046875,5097.39990234375,5085.7001953125,5092.7001953125,985
2026-02-12 06:00:00,5077.0,5097.7998046875,5077.0,5097.2001953125,1144
2026-02-12 06:30:00,5081.10009765625,5083.60009765625,5068.89990234375,5076.89990234375,2132
2026-02-12 07:00:00,5083.60009765625,5087.5,5073.60009765625,5080.89990234375,1407
2026-02-12 07:30:00,5085.2998046875,5087.0,5078.10009765625,5083.60009765625,791
2026-02-12 08:00:00,5082.0,5095.0,5082.0,5085.7001953125,1446
2026-02-12 08:30:00,5090.0,5093.60009765625,5073.5,5081.7998046875,1584
2026-02-12 09:00:00,5092.7998046875,5099.2001953125,5087.2998046875,5089.5,1739
2026-02-12 09:30:00,5095.0,5102.5,5090.0,5093.2998046875,1452
2026-02-12 10:00:00,5086.10009765625,5099.2998046875,5085.10009765625,5094.7998046875,1726
2026-02-12 10:30:00,5083.7998046875,5085.7001953125,5077.0,5084.7998046875,2379
2026-02-12 11:00:00,5084.7001953125,5087.7998046875,5080.60009765625,5084.0,801
2026-02-12 11:30:00,5085.60009765625,5090.2001953125,5083.0,5084.7001953125,752
2026-02-12 12:00:00,5084.2998046875,5088.39990234375,5078.2998046875,5086.5,1294
2026-02-12 12:30:00,5074.2001953125,5090.7998046875,5070.60009765625,5084.60009765625,2379
2026-02-12 13:00:00,5086.7001953125,5096.5,5073.10009765625,5074.39990234375,3327
2026-02-12 13:30:00,5098.2001953125,5106.7001953125,5082.5,5087.10009765625,3528
2026-02-12 14:00:00,5082.60009765625,5101.10009765625,5078.0,5098.2001953125,5111
2026-02-12 14:30:00,5067.0,5094.7998046875,5061.2998046875,5083.10009765625,6600
2026-02-12 15:00:00,5088.39990234375,5092.10009765625,5061.7001953125,5066.39990234375,6168
2026-02-12 15:30:00,5083.89990234375,5098.0,5082.7998046875,5088.2998046875,4286
2026-02-12 16:00:00,4919.2001953125,5091.60009765625,4900.0,5083.5,33645
2026-02-12 16:30:00,4976.2998046875,4990.7998046875,4915.89990234375,4918.0,17867
2026-02-12 17:00:00,4985.5,5004.39990234375,4960.5,4974.5,8175
2026-02-12 17:30:00,4961.5,4996.2001953125,4959.89990234375,4985.2001953125,5792
2026-02-12 18:00:00,4948.5,4972.0,4926.89990234375,4961.7001953125,9154
2026-02-12 18:30:00,4955.89990234375,4972.39990234375,4945.7001953125,4949.2998046875,3960
2026-02-12 19:00:00,4951.5,4965.0,4947.10009765625,4956.10009765625,2264
2026-02-12 19:30:00,4965.0,4978.2998046875,4951.5,4952.10009765625,2255
2026-02-12 20:00:00,4943.2998046875,4968.39990234375,4941.39990234375,4965.2998046875,1783
2026-02-12 20:30:00,4935.10009765625,4948.7001953125,4931.0,4942.5,2848
2026-02-12 21:00:00,4940.60009765625,4945.0,4932.0,4935.7001953125,1442
2026-02-12 21:30:00,4941.39990234375,4947.2998046875,4935.7998046875,4940.2001953125,872
2026-02-12 23:00:00,4940.2998046875,4951.5,4907.10009765625,4950.0,1685
2026-02-12 23:30:00,4939.7001953125,4946.0,4924.60009765625,4939.2998046875,1321
2026-02-13 00:00:00,4955.39990234375,4967.7001953125,4932.10009765625,4938.5,1806
2026-02-13 00:30:00,4946.7001953125,4965.0,4945.2001953125,4955.60009765625,1337
2026-02-13 01:00:00,4988.5,4998.89990234375,4945.60009765625,4946.7001953125,2945
2026-02-13 01:30:00,4999.7998046875,5007.7998046875,4983.0,4987.7001953125,2584
2026-02-13 02:00:00,5005.2001953125,5005.2001953125,4991.10009765625,5000.2998046875,1041
2026-02-13 02:30:00,5008.0,5011.0,4991.0,5004.60009765625,1925
2026-02-13 03:00:00,4996.2998046875,5008.5,4992.0,5007.7998046875,923
2026-02-13 03:30:00,5001.60009765625,5003.39990234375,4993.7001953125,4996.60009765625,560
2026-02-13 04:00:00,5004.10009765625,5016.39990234375,4994.5,5000.0,888
2026-02-13 04:30:00,4994.0,5005.0,4991.7001953125,5004.60009765625,527
2026-02-13 05:00:00,4999.2001953125,5005.39990234375,4984.10009765625,4996.10009765625,1086
2026-02-13 05:30:00,4965.39990234375,4999.10009765625,4963.2001953125,4999.10009765625,2398
2026-02-13 06:00:00,4972.39990234375,4980.89990234375,4964.39990234375,4964.60009765625,1610
2026-02-13 06:30:00,4986.7001953125,4988.0,4969.10009765625,4971.2998046875,1472
2026-02-13 07:00:00,4987.39990234375,4996.0,4970.0,4985.89990234375,2612
2026-02-13 07:30:00,4994.60009765625,5001.89990234375,4985.2998046875,4988.0,1633
2026-02-13 08:00:00,5001.7998046875,5009.5,4991.2001953125,4995.0,1676
2026-02-13 08:30:00,5001.89990234375,5006.60009765625,4990.0,5001.89990234375,1497
2026-02-13 09:00:00,4984.89990234375,5002.7998046875,4984.0,5002.7998046875,1611
2026-02-13 09:30:00,4990.10009765625,4997.0,4981.2001953125,4984.0,1379
2026-02-13 10:00:00,4997.2001953125,5000.89990234375,4986.7998046875,4990.0,2110
2026-02-13 10:30:00,4970.7998046875,4998.5,4967.2001953125,4998.2001953125,2630
2026-02-13 11:00:00,4965.0,4974.2001953125,4952.7998046875,4970.7998046875,3769
2026-02-13 11:30:00,4973.39990234375,4975.0,4955.2998046875,4965.60009765625,1914
2026-02-13 12:00:00,4987.5,4993.0,4971.7998046875,4973.10009765625,2365
2026-02-13 12:30:00,4988.7998046875,4994.0,4983.60009765625,4987.7001953125,1561
2026-02-13 13:00:00,4988.2001953125,4996.2998046875,4977.10009765625,4990.0,2199
2026-02-13 13:30:00,5008.39990234375,5024.5,4987.0,4988.2001953125,8037
2026-02-13 14:00:00,5024.10009765625,5029.5,5006.10009765625,5007.2001953125,4171
2026-02-13 14:30:00,5017.39990234375,5036.7001953125,4986.10009765625,5024.5,9654
2026-02-13 15:00:00,5032.2998046875,5034.39990234375,5014.0,5017.39990234375,5844
2026-02-13 15:30:00,4998.7001953125,5043.2998046875,4995.2001953125,5032.0,6160
2026-02-13 16:00:00,5050.60009765625,5056.7998046875,4997.39990234375,4999.0,6898
2026-02-13 16:30:00,5030.0,5051.2998046875,5027.2001953125,5050.7001953125,4293
2026-02-13 17:00:00,5039.5,5045.5,5027.7998046875,5030.0,2360
2026-02-13 17:30:00,5043.5,5051.5,5038.0,5039.5,2565
2026-02-13 18:00:00,5044.7001953125,5054.0,5038.0,5043.5,3528
2026-02-13 18:30:00,5054.10009765625,5058.89990234375,5042.7001953125,5045.0,2816
2026-02-13 19:00:00,5063.7001953125,5069.10009765625,5053.10009765625,5054.7001953125,2468
2026-02-13 19:30:00,5046.39990234375,5065.5,5046.39990234375,5063.89990234375,2068
2026-02-13 20:00:00,5051.2998046875,5057.10009765625,5045.10009765625,5046.2001953125,2097
2026-02-13 20:30:00,5054.0,5056.39990234375,5043.2998046875,5050.7998046875,2090
2026-02-13 21:00:00,5055.0,5057.89990234375,5051.39990234375,5053.89990234375,711
2026-02-13 21:30:00,5046.2998046875,5067.39990234375,5046.2998046875,5054.2001953125,1001
2026-02-15 23:00:00,5048.10009765625,5050.2998046875,5040.2998046875,5046.2998046875,134
2026-02-15 23:30:00,5038.5,5051.60009765625,5031.60009765625,5047.89990234375,783
2026-02-16 00:00:00,5031.0,5040.7998046875,5018.2001953125,5038.39990234375,1285
2026-02-16 00:30:00,5035.0,5043.0,5027.60009765625,5031.7001953125,428
2026-02-16 01:00:00,5048.7001953125,5051.39990234375,5026.39990234375,5034.10009765625,942
2026-02-16 01:30:00,5047.60009765625,5050.5,5044.2998046875,5049.0,445
2026-02-16 02:00:00,5038.2998046875,5051.0,5037.5,5048.39990234375,435
2026-02-16 02:30:00,5014.7998046875,5040.7998046875,5011.2998046875,5038.7001953125,1673
2026-02-16 03:00:00,5014.2001953125,5019.5,5007.10009765625,5013.7001953125,1096
2026-02-16 03:30:00,5007.2001953125,5016.5,4986.0,5014.0,1556
2026-02-16 04:00:00,4995.60009765625,5012.2001953125,4988.0,5006.2001953125,1453
2026-02-16 04:30:00,4994.7001953125,4999.10009765625,4991.2998046875,4994.10009765625,629
2026-02-17 05:00:00,4919.2001953125,4972.2998046875,4906.10009765625,4970.7998046875,5224
2026-02-17 05:30:00,4906.89990234375,4921.10009765625,4875.2001953125,4919.89990234375,5168
2026-02-17 06:00:00,4913.10009765625,4921.89990234375,4905.10009765625,4906.7001953125,1457
2026-02-17 06:30:00,4930.0,4932.89990234375,4910.0,4912.7001953125,2349
2026-02-17 07:00:00,4926.89990234375,4937.60009765625,4922.39990234375,4928.5,1429
2026-02-17 07:30:00,4935.7998046875,4941.7001953125,4922.2998046875,4926.7001953125,1400
2026-02-17 08:00:00,4939.2998046875,4949.39990234375,4934.7998046875,4936.0,1618
2026-02-17 08:30:00,4939.5,4944.2001953125,4935.0,4938.7998046875,1100
2026-02-17 09:00:00,4937.89990234375,4948.39990234375,4936.7001953125,4939.0,1071
2026-02-17 09:30:00,4945.2001953125,4951.60009765625,4926.2998046875,4937.89990234375,2001
2026-02-17 10:00:00,4947.5,4959.5,4942.5,4944.60009765625,1757
2026-02-17 10:30:00,4932.10009765625,4947.7998046875,4927.10009765625,4947.2001953125,2633
2026-02-17 11:00:00,4947.10009765625,4950.2998046875,4932.5,4932.5,1312
2026-02-17 11:30:00,4948.7001953125,4950.2001953125,4940.60009765625,4947.60009765625,1273
2026-02-17 12:00:00,4962.2001953125,4964.0,4947.5,4948.39990234375,2197
2026-02-17 12:30:00,4951.60009765625,4963.60009765625,4948.5,4962.0,1668
2026-02-17 13:00:00,4939.2001953125,4953.0,4930.7001953125,4951.2998046875,3213
2026-02-17 13:30:00,4889.39990234375,4944.7001953125,4887.7998046875,4940.7998046875,8656
2026-02-17 14:00:00,4917.0,4923.5,4854.2001953125,4888.7001953125,13263
2026-02-17 14:30:00,4881.2998046875,4926.2998046875,4874.10009765625,4916.39990234375,7983
2026-02-17 15:00:00,4880.39990234375,4896.89990234375,4867.0,4880.7998046875,6104
2026-02-17 15:30:00,4897.2001953125,4902.10009765625,4871.0,4880.0,3619
2026-02-17 16:00:00,4902.5,4913.0,4894.10009765625,4897.10009765625,4035
2026-02-17 16:30:00,4887.7001953125,4906.60009765625,4886.7998046875,4902.39990234375,3187
2026-02-17 17:00:00,4883.5,4890.0,4868.0,4887.5,4060
2026-02-17 17:30:00,4884.0,4887.0,4872.39990234375,4883.2998046875,2872
2026-02-17 18:00:00,4906.10009765625,4910.7001953125,4881.10009765625,4883.5,5245
2026-02-17 18:30:00,4917.7001953125,4931.0,4898.7001953125,4905.5,3711
2026-02-17 19:00:00,4902.7998046875,4920.60009765625,4900.39990234375,4917.89990234375,2030
2026-02-17 19:30:00,4899.2998046875,4907.2001953125,4895.2001953125,4902.5,1100
2026-02-17 20:00:00,4896.89990234375,4901.2001953125,4891.7001953125,4899.2001953125,910
2026-02-17 20:30:00,4896.7001953125,4902.60009765625,4892.2001953125,4895.60009765625,1162
2026-02-17 21:00:00,4898.2998046875,4905.2001953125,4893.5,4896.2001953125,738
2026-02-17 21:30:00,4896.10009765625,4900.2998046875,4894.60009765625,4898.0,359
2026-02-17 23:00:00,4896.5,4902.2001953125,4868.5,4898.5,812
2026-02-17 23:30:00,4876.89990234375,4901.7001953125,4871.2998046875,4895.7998046875,1191
2026-02-18 00:00:00,4886.89990234375,4890.0,4875.7998046875,4876.0,961
2026-02-18 00:30:00,4891.7998046875,4901.2001953125,4885.7998046875,4886.7998046875,787
2026-02-18 01:00:00,4905.2001953125,4909.7998046875,4891.7998046875,4891.7998046875,1467
2026-02-18 01:30:00,4908.0,4911.7001953125,4900.2998046875,4904.5,665
2026-02-18 02:00:00,4919.0,4923.0,4904.60009765625,4907.2998046875,1263
2026-02-18 02:30:00,4923.7998046875,4925.7998046875,4919.0,4919.2998046875,487
2026-02-18 03:00:00,4937.89990234375,4938.89990234375,4922.7001953125,4924.0,1072
2026-02-18 03:30:00,4939.5,4940.60009765625,4935.0,4938.10009765625,670
2026-02-18 04:00:00,4952.0,4952.2998046875,4937.0,4939.10009765625,1012
2026-02-18 04:30:00,4951.60009765625,4961.7998046875,4950.2001953125,4952.2998046875,780
2026-02-18 05:00:00,4954.7001953125,4958.60009765625,4949.2001953125,4953.5,687
2026-02-18 05:30:00,4952.39990234375,4959.10009765625,4952.0,4954.89990234375,363
2026-02-18 06:00:00,4949.60009765625,4952.89990234375,4944.2001953125,4952.7001953125,784
2026-02-18 06:30:00,4949.7001953125,4955.2998046875,4945.7998046875,4949.2998046875,664
2026-02-18 07:00:00,4958.5,4962.2001953125,4949.5,4949.60009765625,1181
2026-02-18 07:30:00,4949.5,4960.0,4948.60009765625,4957.89990234375,877
2026-02-18 08:00:00,4946.0,4953.2001953125,4942.39990234375,4950.2001953125,1770
2026-02-18 08:30:00,4937.7001953125,4947.10009765625,4936.2998046875,4946.10009765625,1738
2026-02-18 09:00:00,4941.2001953125,4943.2998046875,4933.10009765625,4937.5,2098
2026-02-18 09:30:00,4937.89990234375,4943.5,4936.2998046875,4941.2001953125,1069
2026-02-18 10:00:00,4942.10009765625,4945.39990234375,4937.2001953125,4937.39990234375,2030
2026-02-18 10:30:00,4935.0,4941.7998046875,4929.2998046875,4941.7998046875,1806
2026-02-18 11:00:00,4935.60009765625,4938.2001953125,4932.5,4934.5,944
2026-02-18 11:30:00,4933.39990234375,4937.10009765625,4925.89990234375,4935.60009765625,1223
2026-02-18 12:00:00,4941.39990234375,4950.0,4931.89990234375,4932.7001953125,3138
2026-02-18 12:30:00,4963.5,4967.5,4938.10009765625,4941.2998046875,3065
2026-02-18 13:00:00,4977.7001953125,4983.10009765625,4962.89990234375,4963.2998046875,5568
2026-02-18 13:30:00,4974.2001953125,4989.7998046875,4969.7001953125,4978.2001953125,4943
2026-02-18 14:00:00,4980.89990234375,4984.39990234375,4972.60009765625,4975.0,2554
2026-02-18 14:30:00,5012.2998046875,5015.5,4975.5,4981.39990234375,8392
2026-02-18 15:00:00,5025.10009765625,5029.60009765625,5011.7001953125,5012.10009765625,8085
2026-02-18 15:30:00,5018.7998046875,5025.60009765625,5015.60009765625,5025.5,3701
2026-02-18 16:00:00,5017.7001953125,5024.0,5011.5,5018.89990234375,3086
2026-02-18 16:30:00,5021.2001953125,5031.89990234375,5015.0,5017.39990234375,3192
2026-02-18 17:00:00,5020.2001953125,5022.7998046875,5016.39990234375,5021.39990234375,2241
2026-02-18 17:30:00,5020.10009765625,5021.89990234375,5014.2001953125,5020.2001953125,1781
2026-02-18 18:00:00,5009.5,5024.2001953125,5007.7001953125,5020.2001953125,3233
2026-02-18 18:30:00,5008.2001953125,5014.2001953125,5001.2001953125,5009.0,2880
2026-02-18 19:00:00,4999.7001953125,5016.39990234375,4993.7998046875,5007.60009765625,3278
2026-02-18 19:30:00,5000.7001953125,5005.5,4993.7001953125,5000.0,1768
2026-02-18 20:00:00,4998.0,5005.2998046875,4995.89990234375,5000.7001953125,1210
2026-02-18 20:30:00,5005.2998046875,5008.39990234375,4997.5,4997.89990234375,1528
2026-02-18 21:00:00,5002.2001953125,5006.7001953125,5001.0,5004.89990234375,430
2026-02-18 21:30:00,4996.10009765625,5002.5,4995.60009765625,5002.2001953125,416
2026-02-18 23:00:00,5000.89990234375,5003.0,4971.5,4993.7001953125,736
2026-02-18 23:30:00,4994.7998046875,5007.7998046875,4987.0,5001.2001953125,907
2026-02-19 00:00:00,4986.60009765625,4994.7998046875,4979.5,4994.60009765625,991
2026-02-19 00:30:00,4980.2001953125,4992.0,4978.5,4986.39990234375,693
2026-02-19 01:00:00,4983.10009765625,4988.0,4979.10009765625,4980.2001953125,619
2026-02-19 01:30:00,4992.10009765625,4995.0,4980.2998046875,4983.5,565
2026-02-19 02:00:00,4992.2001953125,4996.2001953125,4984.89990234375,4992.7001953125,657
2026-02-19 02:30:00,4986.89990234375,4992.60009765625,4986.2998046875,4992.10009765625,382
2026-02-19 03:00:00,4988.39990234375,4990.7001953125,4985.2001953125,4986.89990234375,387
2026-02-19 03:30:00,5000.39990234375,5002.60009765625,4988.5,4988.7998046875,1251
2026-02-19 04:00:00,4998.39990234375,5003.7998046875,4996.7998046875,5000.0,524
2026-02-19 04:30:00,5002.7998046875,5004.7001953125,4995.2998046875,4998.10009765625,638
2026-02-19 05:00:00,5007.5,5012.2001953125,5002.5,5002.5,693
2026-02-19 05:30:00,5015.5,5017.60009765625,5007.2001953125,5007.7001953125,837
2026-02-19 06:00:00,5019.2001953125,5020.60009765625,5014.39990234375,5015.10009765625,791
2026-02-19 06:30:00,5035.39990234375,5038.0,5018.7998046875,5018.7998046875,1803
2026-02-19 07:00:00,5036.0,5039.7998046875,5032.5,5036.5,1286
2026-02-19 07:30:00,5028.0,5038.60009765625,5026.89990234375,5036.39990234375,956
2026-02-19 08:00:00,5033.39990234375,5033.39990234375,5023.89990234375,5028.0,1272
2026-02-19 08:30:00,5035.5,5040.89990234375,5028.5,5033.2001953125,1370
2026-02-19 09:00:00,5019.5,5039.10009765625,5016.2001953125,5035.7998046875,2074
2026-02-19 09:30:00,5014.39990234375,5024.89990234375,5012.0,5019.89990234375,1972
2026-02-19 10:00:00,5006.2001953125,5015.2001953125,5002.2001953125,5014.39990234375,2246
2026-02-19 10:30:00,5013.0,5014.7998046875,5000.7001953125,5006.0,1939
2026-02-19 11:00:00,5004.39990234375,5016.7998046875,4997.10009765625,5013.0,2088
2026-02-19 11:30:00,5003.2998046875,5006.60009765625,4997.2001953125,5004.39990234375,1732
2026-02-19 12:00:00,5011.2998046875,5011.2998046875,4999.7998046875,5003.7998046875,1385
2026-02-19 12:30:00,5004.39990234375,5012.0,5000.2998046875,5011.5,1533
2026-02-19 13:00:00,5003.0,5007.5,4994.10009765625,5005.10009765625,1931
2026-02-19 13:30:00,5016.60009765625,5018.5,4990.10009765625,5001.5,3748
2026-02-19 14:00:00,4997.39990234375,5016.89990234375,4990.5,5016.5,3344
2026-02-19 14:30:00,5024.60009765625,5029.60009765625,4982.0,4997.2001953125,7649
2026-02-19 15:00:00,5035.7001953125,5035.7998046875,5014.7001953125,5025.2001953125,6254
2026-02-19 15:30:00,5033.39990234375,5042.7998046875,5026.2998046875,5035.2001953125,5297
2026-02-19 16:00:00,5017.89990234375,5034.2001953125,5011.5,5033.89990234375,4014
2026-02-19 16:30:00,5014.2001953125,5028.60009765625,5008.7998046875,5018.10009765625,2733
2026-02-19 17:00:00,5013.2998046875,5021.10009765625,5011.0,5014.2001953125,1951
2026-02-19 17:30:00,5004.2001953125,5015.60009765625,5001.89990234375,5013.5,1994
2026-02-19 18:00:00,4997.0,5008.7998046875,4995.0,5004.5,3305
2026-02-19 18:30:00,5000.7001953125,5003.7001953125,4994.0,4997.2998046875,1693
2026-02-19 19:00:00,5008.10009765625,5009.7001953125,4999.5,5000.7001953125,970
2026-02-19 19:30:00,5006.5,5009.2001953125,4996.7998046875,5008.39990234375,1249
2026-02-19 20:00:00,5014.39990234375,5016.0,5006.89990234375,5006.89990234375,901
2026-02-19 20:30:00,5020.60009765625,5022.2001953125,5013.7998046875,5014.5,1547
2026-02-19 21:00:00,5012.10009765625,5022.7998046875,5010.2001953125,5020.7001953125,1158
2026-02-19 21:30:00,5015.5,5018.5,5011.39990234375,5012.5,517
2026-02-19 23:00:00,5015.0,5026.5,5011.2998046875,5015.0,599
2026-02-19 23:30:00,5005.60009765625,5019.5,5003.5,5015.7998046875,684
2026-02-20 00:00:00,5009.2998046875,5015.0,5003.5,5006.39990234375,451
2026-02-20 00:30:00,5024.5,5025.5,5005.10009765625,5009.89990234375,573
2026-02-20 01:00:00,5017.7998046875,5033.39990234375,5014.2001953125,5024.60009765625,1436
2026-02-20 01:30:00,5016.7998046875,5022.10009765625,5012.89990234375,5018.0,675
2026-02-20 02:00:00,5015.39990234375,5025.7001953125,5010.60009765625,5015.5,1155
2026-02-20 02:30:00,5013.7001953125,5021.7998046875,5010.89990234375,5015.7998046875,592
2026-02-20 03:00:00,5010.0,5016.7001953125,5006.60009765625,5013.7001953125,530
2026-02-20 03:30:00,5006.0,5017.2001953125,4999.2998046875,5010.60009765625,1253
2026-02-20 04:00:00,5012.2998046875,5012.7001953125,5004.2001953125,5005.60009765625,307
2026-02-20 04:30:00,5017.5,5021.2001953125,5011.5,5012.7998046875,397
2026-02-20 05:00:00,5019.2998046875,5023.89990234375,5016.5,5018.10009765625,577
2026-02-20 05:30:00,5030.10009765625,5030.10009765625,5015.89990234375,5019.2998046875,870
2026-02-20 06:00:00,5040.7998046875,5048.60009765625,5029.7001953125,5030.5,1868
2026-02-20 06:30:00,5039.60009765625,5048.89990234375,5038.39990234375,5041.10009765625,1055
2026-02-20 07:00:00,5034.10009765625,5047.2998046875,5028.39990234375,5040.2998046875,1557
2026-02-20 07:30:00,5025.2998046875,5036.7001953125,5024.60009765625,5034.5,1822
2026-02-20 08:00:00,5037.2001953125,5039.0,5023.7998046875,5025.60009765625,1970
2026-02-20 08:30:00,5048.7001953125,5050.60009765625,5037.0,5037.7998046875,2103
2026-02-20 09:00:00,5053.89990234375,5063.0,5047.2998046875,5048.5,3091
2026-02-20 09:30:00,5047.60009765625,5055.5,5046.89990234375,5053.7998046875,1833
2026-02-20 10:00:00,5046.0,5051.0,5038.5,5047.7998046875,2145
2026-02-20 10:30:00,5054.60009765625,5058.10009765625,5045.2998046875,5046.5,2610
2026-02-20 11:00:00,5048.7001953125,5054.7998046875,5045.7998046875,5054.7001953125,1325
2026-02-20 11:30:00,5036.7998046875,5052.89990234375,5034.7001953125,5048.39990234375,3056
2026-02-20 12:00:00,5030.60009765625,5042.7998046875,5030.10009765625,5037.0,3011
2026-02-20 12:30:00,5044.5,5045.60009765625,5025.7001953125,5030.7001953125,2983
2026-02-20 13:00:00,5048.2998046875,5051.10009765625,5042.2998046875,5044.10009765625,1633
2026-02-20 13:30:00,5063.5,5068.7001953125,5037.7001953125,5048.39990234375,5565
2026-02-20 14:00:00,5061.10009765625,5067.10009765625,5056.7998046875,5063.10009765625,4483
2026-02-20 14:30:00,5074.7998046875,5081.2001953125,5057.2001953125,5060.7998046875,8805
2026-02-20 15:00:00,5044.60009765625,5084.5,5005.5,5073.60009765625,18446
2026-02-20 15:30:00,5062.2998046875,5072.7998046875,5036.2001953125,5045.0,6400
2026-02-20 16:00:00,5073.7001953125,5077.0,5058.2001953125,5062.2998046875,4364
2026-02-20 16:30:00,5087.0,5089.7998046875,5072.89990234375,5073.7998046875,4994
2026-02-20 17:00:00,5085.2001953125,5094.2998046875,5075.2001953125,5087.0,4990
2026-02-20 17:30:00,5093.7001953125,5097.2998046875,5082.60009765625,5085.0,3481
2026-02-20 18:00:00,5079.89990234375,5094.39990234375,5075.10009765625,5093.7001953125,5422
2026-02-20 18:30:00,5094.0,5097.0,5078.2001953125,5079.7998046875,5045
2026-02-20 19:00:00,5092.7001953125,5098.39990234375,5091.10009765625,5093.60009765625,2622
2026-02-20 19:30:00,5102.39990234375,5104.60009765625,5092.7001953125,5092.7001953125,1976
2026-02-20 20:00:00,5107.7001953125,5109.89990234375,5099.7998046875,5102.2998046875,2205
2026-02-20 20:30:00,5119.39990234375,5120.7001953125,5105.7001953125,5107.7001953125,3053
2026-02-20 21:00:00,5120.89990234375,5121.7001953125,5114.2998046875,5119.5,1861
2026-02-20 21:30:00,5080.89990234375,5131.0,5080.89990234375,5120.89990234375,1884
2026-02-22 23:00:00,5168.10009765625,5174.0,5157.0,5157.0,2120
2026-02-22 23:30:00,5187.2001953125,5194.2001953125,5166.5,5167.7998046875,3496
2026-02-23 00:00:00,5175.10009765625,5188.5,5151.0,5187.0,5429
2026-02-23 00:30:00,5165.89990234375,5182.7001953125,5156.0,5175.2998046875,2263
2026-02-23 01:00:00,5181.2001953125,5182.0,5161.60009765625,5166.2998046875,1876
2026-02-23 01:30:00,5179.39990234375,5190.0,5177.2998046875,5181.5,1593
2026-02-23 02:00:00,5183.10009765625,5189.7001953125,5178.7998046875,5179.10009765625,1329
2026-02-23 02:30:00,5195.0,5198.7998046875,5183.2998046875,5183.60009765625,1869
2026-02-23 03:00:00,5186.2998046875,5197.60009765625,5173.2001953125,5195.2001953125,2270
2026-02-23 03:30:00,5188.39990234375,5192.7998046875,5186.39990234375,5186.39990234375,902
2026-02-23 04:00:00,5181.39990234375,5190.2998046875,5177.2998046875,5188.2998046875,911
2026-02-23 04:30:00,5181.2998046875,5185.2998046875,5177.2998046875,5182.39990234375,785
2026-02-23 05:00:00,5179.60009765625,5183.2998046875,5173.89990234375,5182.0,1037
2026-02-23 05:30:00,5179.89990234375,5181.60009765625,5175.2001953125,5179.5,665
2026-02-23 06:00:00,5174.2001953125,5183.2001953125,5173.60009765625,5180.2998046875,777
2026-02-23 06:30:00,5167.2998046875,5178.60009765625,5166.10009765625,5174.89990234375,1732
2026-02-23 07:00:00,5158.0,5176.2998046875,5145.10009765625,5167.39990234375,3681
2026-02-23 07:30:00,5157.60009765625,5160.5,5146.39990234375,5157.7001953125,2346
2026-02-23 08:00:00,5146.10009765625,5160.7998046875,5143.0,5157.5,2229
2026-02-23 08:30:00,5161.0,5162.89990234375,5142.7998046875,5146.0,2312
2026-02-23 09:00:00,5169.89990234375,5170.2998046875,5159.39990234375,5160.7001953125,2720
2026-02-23 09:30:00,5170.10009765625,5170.60009765625,5163.60009765625,5170.0,1242
2026-02-23 10:00:00,5176.60009765625,5177.2998046875,5167.10009765625,5170.39990234375,2683
2026-02-23 10:30:00,5184.0,5184.7998046875,5165.60009765625,5176.60009765625,3396
2026-02-23 11:00:00,5171.10009765625,5184.5,5167.2998046875,5184.0,2017
2026-02-23 11:30:00,5170.2998046875,5175.2001953125,5168.5,5171.2001953125,1205
2026-02-23 12:00:00,5170.7001953125,5175.39990234375,5165.89990234375,5170.2998046875,1858
2026-02-23 12:30:00,5185.0,5186.39990234375,5170.10009765625,5171.10009765625,2745
2026-02-23 13:00:00,5170.10009765625,5186.39990234375,5164.10009765625,5185.0,3746
2026-02-23 13:30:00,5166.2001953125,5174.5,5165.2998046875,5170.60009765625,2793
2026-02-23 14:00:00,5185.7998046875,5185.7998046875,5161.5,5165.89990234375,3549
2026-02-23 14:30:00,5213.5,5221.89990234375,5185.10009765625,5185.39990234375,12327
2026-02-23 15:00:00,5218.7998046875,5225.0,5201.60009765625,5213.10009765625,7874
2026-02-23 15:30:00,5216.60009765625,5226.2001953125,5207.2998046875,5219.2998046875,5394
2026-02-23 16:00:00,5236.39990234375,5240.89990234375,5196.0,5216.2998046875,8550
2026-02-23 16:30:00,5230.39990234375,5238.7998046875,5227.39990234375,5236.60009765625,4288
2026-02-23 17:00:00,5230.7001953125,5234.5,5220.39990234375,5231.10009765625,3747
2026-02-23 17:30:00,5227.39990234375,5231.5,5211.2001953125,5231.0,3531
2026-02-23 18:00:00,5226.2001953125,5235.89990234375,5220.7998046875,5228.0,4374
2026-02-23 18:30:00,5229.5,5233.2998046875,5225.0,5226.10009765625,1793
2026-02-23 19:00:00,5229.2998046875,5235.2998046875,5226.39990234375,5229.0,1497
2026-02-23 19:30:00,5235.39990234375,5238.39990234375,5228.39990234375,5229.39990234375,1793
2026-02-23 20:00:00,5245.2001953125,5246.10009765625,5234.60009765625,5235.0,2657
2026-02-23 20:30:00,5255.60009765625,5257.2998046875,5244.60009765625,5245.10009765625,2677
2026-02-23 21:00:00,5249.39990234375,5256.5,5248.2001953125,5255.2001953125,1207
2026-02-23 21:30:00,5247.89990234375,5252.2998046875,5245.89990234375,5249.0,885
2026-02-23 23:00:00,5255.2998046875,5269.39990234375,5241.0,5247.5,1516
2026-02-23 23:30:00,5254.5,5266.60009765625,5253.60009765625,5256.89990234375,1045
2026-02-24 00:00:00,5246.7001953125,5257.39990234375,5236.7998046875,5254.10009765625,3630
2026-02-24 00:30:00,5243.10009765625,5252.0,5239.2001953125,5247.0,1855
2026-02-24 01:00:00,5184.2998046875,5243.0,5164.10009765625,5243.0,12102
2026-02-24 01:30:00,5196.60009765625,5199.0,5180.39990234375,5184.7001953125,3668
2026-02-24 02:00:00,5192.10009765625,5200.7001953125,5184.5,5197.0,1881
2026-02-24 02:30:00,5209.0,5210.89990234375,5192.0,5192.0,1989
2026-02-24 03:00:00,5201.7998046875,5212.2001953125,5201.39990234375,5209.39990234375,891
2026-02-24 03:30:00,5192.0,5208.2998046875,5190.7001953125,5202.89990234375,935
2026-02-24 04:00:00,5191.7998046875,5195.2998046875,5181.0,5191.5,1227
2026-02-24 04:30:00,5188.39990234375,5192.89990234375,5183.0,5192.89990234375,775
2026-02-24 05:00:00,5187.10009765625,5195.39990234375,5183.7001953125,5188.10009765625,1265
2026-02-24 05:30:00,5203.0,5205.60009765625,5184.10009765625,5187.5,1571
2026-02-24 06:00:00,5188.7998046875,5204.7998046875,5186.7998046875,5203.2001953125,1265
2026-02-24 06:30:00,5193.60009765625,5195.2001953125,5173.60009765625,5188.39990234375,2031
2026-02-24 07:00:00,5202.39990234375,5203.0,5183.60009765625,5193.0,3209
2026-02-24 07:30:00,5198.7001953125,5203.60009765625,5193.89990234375,5202.10009765625,1966
2026-02-24 08:00:00,5189.89990234375,5199.0,5184.5,5198.60009765625,2559
2026-02-24 08:30:00,5193.0,5201.60009765625,5188.7001953125,5189.39990234375,1918
2026-02-24 09:00:00,5187.7001953125,5199.39990234375,5187.0,5192.2998046875,1570
2026-02-24 09:30:00,5190.7001953125,5192.89990234375,5185.39990234375,5187.89990234375,975
2026-02-24 10:00:00,5194.7001953125,5201.0,5190.2001953125,5190.2001953125,1392
2026-02-24 10:30:00,5192.2998046875,5196.0,5182.2998046875,5195.2998046875,2850
2026-02-24 11:00:00,5194.2001953125,5196.60009765625,5190.60009765625,5192.2998046875,870
2026-02-24 11:30:00,5191.89990234375,5198.0,5191.39990234375,5194.2001953125,1023
2026-02-24 12:00:00,5180.2998046875,5192.5,5165.0,5192.10009765625,4158
2026-02-24 12:30:00,5168.7998046875,5183.5,5162.2001953125,5180.5,3521
2026-02-24 13:00:00,5174.5,5180.10009765625,5169.2001953125,5169.2001953125,4709
2026-02-24 13:30:00,5132.2998046875,5177.39990234375,5126.89990234375,5175.2998046875,10956
2026-02-24 14:00:00,5132.89990234375,5145.0,5109.5,5132.0,12064
2026-02-24 14:30:00,5145.5,5157.0,5127.39990234375,5132.39990234375,8578
2026-02-24 15:00:00,5156.39990234375,5164.7001953125,5135.2001953125,5147.7001953125,6459
2026-02-24 15:30:00,5168.2001953125,5173.39990234375,5152.2001953125,5156.10009765625,4774
2026-02-24 16:00:00,5162.0,5170.7001953125,5159.60009765625,5168.5,2557
2026-02-24 16:30:00,5159.7001953125,5168.7998046875,5147.7998046875,5162.10009765625,3991
2026-02-24 17:00:00,5176.7998046875,5181.5,5159.39990234375,5159.7001953125,4318
2026-02-24 17:30:00,5182.0,5182.2998046875,5174.89990234375,5177.0,1681
2026-02-24 18:00:00,5176.60009765625,5188.5,5173.7001953125,5182.10009765625,5943
2026-02-24 18:30:00,5178.89990234375,5181.39990234375,5171.2998046875,5176.7998046875,1879
2026-02-24 19:00:00,5169.2001953125,5178.5,5164.2001953125,5178.0,2026
2026-02-24 19:30:00,5171.7998046875,5175.0,5167.0,5169.7998046875,1295
2026-02-24 20:00:00,5186.5,5188.2001953125,5164.2001953125,5172.10009765625,1975
2026-02-24 20:30:00,5181.7998046875,5191.39990234375,5175.89990234375,5186.7001953125,2271
2026-02-24 21:00:00,5173.60009765625,5183.89990234375,5171.7001953125,5181.89990234375,782
2026-02-24 21:30:00,5160.5,5173.7998046875,5158.0,5173.7998046875,939
2026-02-24 23:00:00,5148.10009765625,5164.0,5135.89990234375,5160.0,837
2026-02-24 23:30:00,5165.0,5170.0,5147.7001953125,5148.39990234375,1213
2026-02-25 00:00:00,5158.2001953125,5167.7998046875,5154.2998046875,5165.10009765625,780
2026-02-25 00:30:00,5171.0,5175.2998046875,5159.0,5159.0,1122
2026-02-25 01:00:00,5202.89990234375,5206.60009765625,5162.7998046875,5171.10009765625,3724
2026-02-25 01:30:00,5195.10009765625,5208.0,5192.2001953125,5202.60009765625,1652
2026-02-25 02:00:00,5208.0,5212.0,5194.39990234375,5194.39990234375,1664
2026-02-25 02:30:00,5198.60009765625,5208.89990234375,5184.2998046875,5208.2998046875,1771
2026-02-25 03:00:00,5204.7998046875,5208.7001953125,5197.10009765625,5199.2998046875,1087
2026-02-25 03:30:00,5200.60009765625,5206.7001953125,5196.5,5204.0,1126
2026-02-25 04:00:00,5201.60009765625,5203.89990234375,5189.2998046875,5200.10009765625,1221
2026-02-25 04:30:00,5201.2998046875,5203.60009765625,5198.7001953125,5201.2001953125,558
2026-02-25 05:00:00,5214.39990234375,5215.60009765625,5201.7001953125,5202.10009765625,1533
2026-02-25 05:30:00,5221.2001953125,5230.0,5211.10009765625,5214.10009765625,3333
2026-02-25 06:00:00,5209.0,5220.89990234375,5201.7001953125,5220.10009765625,2288
2026-02-25 06:30:00,5213.2001953125,5213.89990234375,5207.2998046875,5208.2001953125,645
2026-02-25 07:00:00,5208.2001953125,5214.39990234375,5200.5,5213.7001953125,1497
2026-02-25 07:30:00,5203.7998046875,5209.5,5199.5,5208.2998046875,1268
2026-02-25 08:00:00,5212.7001953125,5213.39990234375,5203.5,5203.7001953125,1190
2026-02-25 08:30:00,5204.5,5216.60009765625,5203.0,5212.7998046875,1436
2026-02-25 09:00:00,5205.7998046875,5207.5,5194.5,5204.2998046875,2516
2026-02-25 09:30:00,5212.89990234375,5213.89990234375,5204.7001953125,5206.0,1834
2026-02-25 10:00:00,5194.0,5214.7001953125,5191.5,5212.39990234375,2580
2026-02-25 10:30:00,5193.7001953125,5199.89990234375,5188.0,5193.89990234375,2113
2026-02-25 11:00:00,5186.89990234375,5194.60009765625,5173.2001953125,5193.2998046875,3310
2026-02-25 11:30:00,5199.5,5200.7998046875,5185.0,5187.2998046875,2020
2026-02-25 12:00:00,5201.5,5205.2001953125,5196.2001953125,5199.2998046875,2085
2026-02-25 12:30:00,5201.0,5204.10009765625,5195.0,5201.5,1766
2026-02-25 13:00:00,5206.2998046875,5210.0,5199.0,5201.89990234375,3054
2026-02-25 13:30:00,5203.7001953125,5209.89990234375,5200.2998046875,5206.7001953125,2459
2026-02-25 14:00:00,5196.10009765625,5210.0,5192.7998046875,5203.2001953125,3551
2026-02-25 14:30:00,5210.2001953125,5211.7998046875,5177.0,5196.39990234375,9547
2026-02-25 15:00:00,5199.2001953125,5222.0,5193.0,5209.2998046875,7527
2026-02-25 15:30:00,5214.5,5217.7001953125,5190.2998046875,5199.5,4033
2026-02-25 16:00:00,5222.39990234375,5226.39990234375,5209.10009765625,5214.10009765625,3851
2026-02-25 16:30:00,5231.7001953125,5233.60009765625,5218.60009765625,5222.5,3835
2026-02-25 17:00:00,5232.60009765625,5237.2998046875,5227.10009765625,5232.0,2794
2026-02-25 17:30:00,5226.5,5234.0,5222.89990234375,5232.89990234375,2586
2026-02-25 18:00:00,5226.39990234375,5227.0,5226.39990234375,5226.5,8
2026-02-25 19:30:00,5224.39990234375,5229.2998046875,5218.10009765625,5226.2001953125,2742
2026-02-25 20:00:00,5205.10009765625,5225.0,5202.0,5224.10009765625,3299
2026-02-25 20:30:00,5169.89990234375,5209.7998046875,5163.2998046875,5205.2998046875,5673
2026-02-25 21:00:00,5186.89990234375,5191.39990234375,5168.60009765625,5171.2001953125,2955
2026-02-25 21:30:00,5183.7001953125,5191.2001953125,5180.5,5187.2001953125,1098
2026-02-25 23:00:00,5186.0,5198.10009765625,5175.2001953125,5175.2998046875,1119
2026-02-25 23:30:00,5180.0,5195.2001953125,5176.2001953125,5185.7001953125,2073
2026-02-26 00:00:00,5200.10009765625,5201.7001953125,5170.10009765625,5179.10009765625,2275
2026-02-26 00:30:00,5203.2001953125,5207.39990234375,5196.2998046875,5200.89990234375,1547
2026-02-26 01:00:00,5196.39990234375,5213.39990234375,5194.7001953125,5203.7998046875,2419
2026-02-26 01:30:00,5206.7998046875,5209.39990234375,5194.5,5196.2001953125,1575
2026-02-26 02:00:00,5196.0,5211.5,5196.0,5207.0,1272
2026-02-26 02:30:00,5199.60009765625,5202.0,5188.7998046875,5195.7998046875,1519
2026-02-26 03:00:00,5203.89990234375,5209.39990234375,5198.2001953125,5199.39990234375,1017
2026-02-26 03:30:00,5208.10009765625,5208.60009765625,5200.0,5203.89990234375,605
2026-02-26 04:00:00,5210.10009765625,5215.39990234375,5207.39990234375,5208.10009765625,1099
2026-02-26 04:30:00,5208.7001953125,5211.60009765625,5206.60009765625,5209.89990234375,909
2026-02-26 05:00:00,5216.60009765625,5221.89990234375,5206.10009765625,5208.7998046875,1518
2026-02-26 05:30:00,5214.39990234375,5219.7001953125,5207.5,5216.2998046875,1404
2026-02-26 06:00:00,5210.10009765625,5216.10009765625,5209.5,5214.7998046875,934
2026-02-26 06:30:00,5209.7998046875,5215.10009765625,5207.0,5209.7998046875,1476
2026-02-26 07:00:00,5201.60009765625,5211.5,5198.0,5210.2001953125,2013
2026-02-26 07:30:00,5202.60009765625,5206.5,5196.39990234375,5202.0,1630
2026-02-26 08:00:00,5193.10009765625,5207.89990234375,5191.10009765625,5202.7998046875,2476
2026-02-26 08:30:00,5195.7998046875,5198.5,5182.89990234375,5192.60009765625,3377
2026-02-26 09:00:00,5197.2001953125,5198.60009765625,5190.10009765625,5195.39990234375,1812
2026-02-26 09:30:00,5202.39990234375,5205.7998046875,5195.39990234375,5197.10009765625,2640
2026-02-26 10:00:00,5195.0,5206.39990234375,5194.89990234375,5202.60009765625,1820
2026-02-26 10:30:00,5187.10009765625,5195.2998046875,5180.60009765625,5194.89990234375,3687
2026-02-26 11:00:00,5187.89990234375,5194.2998046875,5184.7998046875,5186.7998046875,2307
2026-02-26 11:30:00,5180.7001953125,5191.7998046875,5176.39990234375,5188.10009765625,1863
2026-02-26 12:00:00,5194.7001953125,5196.5,5173.10009765625,5180.89990234375,3323
2026-02-26 12:30:00,5200.0,5204.2001953125,5194.2001953125,5195.10009765625,2971
2026-02-26 13:00:00,5191.10009765625,5202.10009765625,5184.60009765625,5200.10009765625,3842
2026-02-26 13:30:00,5182.2998046875,5193.2001953125,5180.2001953125,5191.2001953125,3248
2026-02-26 14:00:00,5186.7001953125,5188.5,5176.0,5182.2001953125,3279
2026-02-26 14:30:00,5181.10009765625,5192.2001953125,5154.60009765625,5186.39990234375,9265
2026-02-26 15:00:00,5157.5,5188.60009765625,5144.7998046875,5180.7001953125,8900
2026-02-26 15:30:00,5202.5,5210.10009765625,5156.2001953125,5157.2998046875,9906
2026-02-26 16:00:00,5197.60009765625,5204.2998046875,5189.39990234375,5203.0,4541
2026-02-26 16:30:00,5196.2998046875,5203.2001953125,5192.10009765625,5196.89990234375,3180
2026-02-26 17:00:00,5191.0,5207.39990234375,5190.39990234375,5196.7001953125,3207
2026-02-26 17:30:00,5184.0,5194.7998046875,5178.60009765625,5191.2001953125,3406
2026-02-26 18:00:00,5194.10009765625,5195.2998046875,5180.5,5184.2001953125,5299
2026-02-26 18:30:00,5196.89990234375,5202.7998046875,5176.2998046875,5194.2001953125,5311
2026-02-26 19:00:00,5202.7001953125,5206.2001953125,5195.89990234375,5197.2998046875,2172
2026-02-26 19:30:00,5204.2001953125,5211.2998046875,5200.2001953125,5203.0,2468
2026-02-26 20:00:00,5210.7998046875,5215.10009765625,5203.7998046875,5203.89990234375,2001
2026-02-26 20:30:00,5213.5,5218.2001953125,5206.89990234375,5210.89990234375,2488
2026-02-26 21:00:00,5203.2998046875,5217.7998046875,5202.2001953125,5213.7998046875,1116
2026-02-26 21:30:00,5201.5,5208.5,5200.2001953125,5202.89990234375,699
2026-02-26 23:00:00,5200.89990234375,5206.7001953125,5191.5,5201.89990234375,815
2026-02-26 23:30:00,5200.89990234375,5206.10009765625,5198.0,5201.0,853
2026-02-27 00:00:00,5204.2001953125,5212.0,5195.10009765625,5201.60009765625,1303
2026-02-27 00:30:00,5191.60009765625,5206.10009765625,5186.0,5204.2001953125,1715
2026-02-27 01:00:00,5191.39990234375,5196.7998046875,5182.89990234375,5191.10009765625,1789
2026-02-27 01:30:00,5210.2001953125,5210.5,5189.39990234375,5191.10009765625,1505
2026-02-27 02:00:00,5200.89990234375,5216.2001953125,5200.7998046875,5210.2001953125,2265
2026-02-27 02:30:00,5200.2998046875,5203.10009765625,5190.2001953125,5201.2998046875,2244
2026-02-27 03:00:00,5203.5,5205.0,5197.5,5200.7001953125,1084
2026-02-27 03:30:00,5201.2001953125,5207.39990234375,5200.2001953125,5203.39990234375,1026
2026-02-27 04:00:00,5204.10009765625,5205.5,5198.0,5200.60009765625,550
2026-02-27 04:30:00,5200.5,5205.2998046875,5199.10009765625,5203.7998046875,387
2026-02-27 05:00:00,5211.5,5211.5,5198.0,5198.10009765625,872
2026-02-27 05:30:00,5214.7001953125,5217.5,5207.2998046875,5211.5,1886
2026-02-27 06:00:00,5210.10009765625,5216.2998046875,5209.2001953125,5214.60009765625,1253
2026-02-27 06:30:00,5202.7998046875,5213.7001953125,5201.89990234375,5210.5,1563
2026-02-27 07:00:00,5195.39990234375,5206.5,5194.5,5202.89990234375,3917
2026-02-27 07:30:00,5193.10009765625,5199.60009765625,5192.60009765625,5195.60009765625,1752
2026-02-27 08:00:00,5194.60009765625,5199.39990234375,5191.10009765625,5193.2001953125,1719
2026-02-27 08:30:00,5195.10009765625,5199.2001953125,5193.10009765625,5194.10009765625,1276
2026-02-27 09:00:00,5195.7001953125,5198.60009765625,5191.5,5195.39990234375,1512
2026-02-27 09:30:00,5192.2998046875,5199.2998046875,5188.5,5195.2001953125,2015
2026-02-27 10:00:00,5189.5,5197.2001953125,5183.2001953125,5192.5,2441
2026-02-27 10:30:00,5193.60009765625,5195.60009765625,5184.60009765625,5189.60009765625,2114
2026-02-27 11:00:00,5193.7001953125,5195.2001953125,5188.2998046875,5193.60009765625,1159
2026-02-27 11:30:00,5202.0,5202.2001953125,5192.89990234375,5193.89990234375,1730
2026-02-27 12:00:00,5203.60009765625,5207.0,5201.5,5202.10009765625,1904
2026-02-27 12:30:00,5204.2998046875,5205.7001953125,5199.60009765625,5203.7998046875,1795
2026-02-27 13:00:00,5254.89990234375,5259.2998046875,5203.5,5204.5,14251
2026-02-27 13:30:00,5240.7998046875,5256.0,5225.39990234375,5254.0,9570
2026-02-27 14:00:00,5248.89990234375,5254.2998046875,5235.10009765625,5240.7998046875,5384
2026-02-27 14:30:00,5240.89990234375,5251.39990234375,5230.60009765625,5248.89990234375,8179
2026-02-27 15:00:00,5248.89990234375,5258.5,5232.60009765625,5240.7998046875,10057
2026-02-27 15:30:00,5257.7998046875,5265.0,5244.7001953125,5249.39990234375,7394
2026-02-27 16:00:00,5252.5,5276.60009765625,5240.60009765625,5258.0,9736
2026-02-27 16:30:00,5246.89990234375,5257.10009765625,5246.7001953125,5252.5,4315
2026-02-27 17:00:00,5246.2998046875,5253.5,5240.60009765625,5247.10009765625,5469
2026-02-27 17:30:00,5252.39990234375,5254.5,5237.39990234375,5246.0,4374
2026-02-27 18:00:00,5248.2001953125,5256.2998046875,5240.0,5252.2001953125,5060
2026-02-27 18:30:00,5263.0,5264.7998046875,5244.5,5248.10009765625,3155
2026-02-27 19:00:00,5266.5,5270.7998046875,5258.2001953125,5262.7998046875,2798
2026-02-27 19:30:00,5268.39990234375,5269.7998046875,5262.0,5266.89990234375,1519
2026-02-27 20:00:00,5275.5,5280.7998046875,5266.89990234375,5267.89990234375,2225
2026-02-27 20:30:00,5281.2998046875,5283.7998046875,5273.2998046875,5275.39990234375,2794
2026-02-27 21:00:00,5280.7001953125,5282.60009765625,5275.60009765625,5281.60009765625,2063
2026-02-27 21:30:00,5247.89990234375,5299.0,5247.89990234375,5280.39990234375,2424
2026-03-01 23:00:00,5368.5,5372.0,5354.2998046875,5364.2001953125,4573
2026-03-01 23:30:00,5400.39990234375,5409.7001953125,5366.60009765625,5369.2001953125,6308
2026-03-02 00:00:00,5379.2998046875,5402.0,5363.2001953125,5401.2998046875,4452
2026-03-02 00:30:00,5360.60009765625,5388.0,5353.89990234375,5379.2998046875,3168
2026-03-02 01:00:00,5320.5,5360.60009765625,5315.2998046875,5360.5,9029
2026-03-02 01:30:00,5338.2998046875,5352.0,5317.60009765625,5320.2998046875,3929
2026-03-02 02:00:00,5344.39990234375,5349.89990234375,5329.2001953125,5338.5,2477
2026-03-02 02:30:00,5358.7998046875,5364.89990234375,5341.60009765625,5343.7998046875,2163
2026-03-02 03:00:00,5368.5,5372.7998046875,5357.39990234375,5358.7998046875,1579
2026-03-02 03:30:00,5378.7001953125,5379.5,5366.39990234375,5368.0,1498
2026-03-02 04:00:00,5377.0,5380.0,5368.10009765625,5378.60009765625,1298
2026-03-02 04:30:00,5369.7998046875,5377.60009765625,5358.39990234375,5377.2001953125,1322
2026-03-02 05:00:00,5363.5,5368.2001953125,5353.39990234375,5368.2001953125,1402
2026-03-02 05:30:00,5378.89990234375,5380.0,5361.89990234375,5364.10009765625,1736
2026-03-02 06:00:00,5395.39990234375,5397.0,5376.7001953125,5378.7998046875,2957
2026-03-02 06:30:00,5401.5,5403.89990234375,5388.2998046875,5394.89990234375,3116
2026-03-02 07:00:00,5422.0,5434.10009765625,5398.89990234375,5401.7001953125,6390
2026-03-02 07:30:00,5423.0,5429.2001953125,5416.2001953125,5422.5,3726
2026-03-02 08:00:00,5431.0,5431.39990234375,5416.5,5422.7998046875,4149
2026-03-02 08:30:00,5408.89990234375,5432.0,5406.2998046875,5431.2001953125,5309
2026-03-02 09:00:00,5409.2001953125,5415.39990234375,5400.0,5409.10009765625,3684
2026-03-02 09:30:00,5406.89990234375,5418.39990234375,5402.2998046875,5409.2001953125,2808
2026-03-02 10:00:00,5404.89990234375,5409.39990234375,5393.60009765625,5407.7998046875,3384
2026-03-02 10:30:00,5404.10009765625,5416.7998046875,5396.0,5405.10009765625,3826
2026-03-02 11:00:00,5405.10009765625,5412.0,5396.7001953125,5404.2001953125,2249
2026-03-02 11:30:00,5399.60009765625,5415.0,5386.0,5405.5,3382
2026-03-02 12:00:00,5409.0,5413.0,5393.5,5399.89990234375,3158
2026-03-02 12:30:00,5412.39990234375,5413.7001953125,5401.10009765625,5409.10009765625,2621
2026-03-02 13:00:00,5416.89990234375,5425.60009765625,5396.7998046875,5412.2001953125,8319
2026-03-02 13:30:00,5409.7998046875,5432.2001953125,5404.5,5417.39990234375,6222
2026-03-02 14:00:00,5347.7001953125,5410.7998046875,5320.2998046875,5409.0,16173
2026-03-02 14:30:00,5346.39990234375,5370.10009765625,5318.60009765625,5347.89990234375,15432
2026-03-02 15:00:00,5344.7998046875,5360.60009765625,5330.60009765625,5346.10009765625,9713
2026-03-02 15:30:00,5329.60009765625,5364.2998046875,5321.60009765625,5344.7998046875,6223
2026-03-02 16:00:00,5324.2001953125,5329.2998046875,5272.89990234375,5328.7001953125,16375
2026-03-02 16:30:00,5304.0,5326.39990234375,5295.89990234375,5323.89990234375,5642
2026-03-02 17:00:00,5319.0,5327.2001953125,5300.39990234375,5303.60009765625,4009
2026-03-02 17:30:00,5321.10009765625,5335.10009765625,5311.89990234375,5318.89990234375,2707
2026-03-02 18:00:00,5311.0,5322.2998046875,5302.89990234375,5321.39990234375,4479
2026-03-02 18:30:00,5329.7998046875,5330.7998046875,5304.2001953125,5311.0,3472
2026-03-02 19:00:00,5345.0,5347.2001953125,5328.2001953125,5329.89990234375,3787
2026-03-02 19:30:00,5344.2001953125,5348.5,5336.60009765625,5345.10009765625,1896
2026-03-02 20:00:00,5347.7001953125,5360.89990234375,5342.2001953125,5344.10009765625,3870
2026-03-02 20:30:00,5346.10009765625,5359.7001953125,5345.0,5348.0,2127
2026-03-02 21:00:00,5346.7001953125,5354.60009765625,5345.5,5346.5,942
2026-03-02 21:30:00,5335.89990234375,5347.5,5335.39990234375,5346.7001953125,918
2026-03-02 23:00:00,5350.10009765625,5360.89990234375,5334.89990234375,5335.7001953125,926
2026-03-02 23:30:00,5359.10009765625,5360.39990234375,5343.7998046875,5350.7001953125,823
2026-03-03 00:00:00,5371.7998046875,5374.60009765625,5350.10009765625,5359.89990234375,1624
2026-03-03 00:30:00,5364.5,5376.89990234375,5360.39990234375,5371.89990234375,1573
2026-03-03 01:00:00,5391.2998046875,5394.2001953125,5361.2001953125,5364.89990234375,3530
2026-03-03 01:30:00,5352.89990234375,5392.39990234375,5351.5,5391.7998046875,2940
2026-03-03 02:00:00,5372.89990234375,5373.60009765625,5346.7001953125,5353.7001953125,2593
2026-03-03 02:30:00,5380.0,5381.7998046875,5368.89990234375,5372.39990234375,1673
2026-03-03 03:00:00,5380.5,5387.2001953125,5376.7998046875,5380.7001953125,1437
2026-03-03 03:30:00,5381.2001953125,5383.89990234375,5372.2001953125,5380.5,698
2026-03-03 04:00:00,5385.2001953125,5389.0,5373.0,5380.7998046875,1289
2026-03-03 04:30:00,5377.89990234375,5389.2001953125,5375.2998046875,5385.2001953125,1104
2026-03-03 05:00:00,5372.89990234375,5381.5,5366.7998046875,5374.7001953125,1509
2026-03-03 05:30:00,5331.89990234375,5373.39990234375,5318.0,5373.10009765625,4287
2026-03-03 06:00:00,5329.7998046875,5336.2001953125,5292.10009765625,5333.7001953125,5661
2026-03-03 06:30:00,5323.0,5331.89990234375,5303.2998046875,5330.10009765625,3661
2026-03-03 07:00:00,5326.0,5332.0,5318.5,5322.7998046875,2381
2026-03-03 07:30:00,5340.60009765625,5346.10009765625,5326.0,5326.0,2437
2026-03-03 08:00:00,5325.5,5349.0,5323.89990234375,5340.5,2951
2026-03-03 08:30:00,5308.7998046875,5326.7001953125,5302.7998046875,5325.7001953125,3959
2026-03-03 09:00:00,5253.2998046875,5317.39990234375,5236.0,5308.5,9534
2026-03-03 09:30:00,5286.7998046875,5292.89990234375,5251.7001953125,5253.7998046875,8459
2026-03-03 10:00:00,5289.10009765625,5300.10009765625,5275.39990234375,5287.2998046875,2833
2026-03-03 10:30:00,5259.7001953125,5288.2998046875,5246.10009765625,5287.0,5437
2026-03-03 11:00:00,5136.39990234375,5274.7998046875,5122.10009765625,5258.2998046875,17475
2026-03-03 11:30:00,5154.0,5168.2001953125,5081.39990234375,5136.2998046875,17551
2026-03-03 12:00:00,5215.89990234375,5220.60009765625,5148.2001953125,5154.5,10657
2026-03-03 12:30:00,5234.5,5236.89990234375,5198.39990234375,5215.7001953125,7044
2026-03-03 13:00:00,5188.60009765625,5234.60009765625,5152.10009765625,5234.60009765625,10911
2026-03-03 13:30:00,5166.5,5197.60009765625,5137.2001953125,5188.5,7770
2026-03-03 14:00:00,5155.7998046875,5185.7998046875,5130.89990234375,5166.89990234375,7164
2026-03-03 14:30:00,5048.0,5154.7998046875,5025.0,5154.7998046875,26304
2026-03-03 15:00:00,5053.60009765625,5079.2001953125,5005.0,5048.7998046875,18458
2026-03-03 15:30:00,5105.2998046875,5107.39990234375,5047.2998046875,5053.5,10728
2026-03-03 16:00:00,5123.39990234375,5137.0,5100.2998046875,5105.39990234375,7742
2026-03-03 16:30:00,5117.89990234375,5145.2001953125,5108.2001953125,5123.5,7133
2026-03-03 17:00:00,5092.89990234375,5120.60009765625,5090.89990234375,5117.7998046875,5646
2026-03-03 17:30:00,5089.5,5096.2001953125,5075.10009765625,5093.7001953125,5207
2026-03-03 18:00:00,5123.39990234375,5128.10009765625,5089.2998046875,5089.39990234375,7024
2026-03-03 18:30:00,5146.5,5149.7998046875,5118.10009765625,5123.2998046875,4267
2026-03-03 19:00:00,5116.89990234375,5161.5,5112.7001953125,5147.0,4204
2026-03-03 19:30:00,5122.2998046875,5138.60009765625,5109.2998046875,5116.7998046875,3034
2026-03-03 20:00:00,5133.39990234375,5141.7001953125,5121.10009765625,5123.7001953125,1903
2026-03-03 20:30:00,5109.2998046875,5136.60009765625,5096.0,5133.5,3291
2026-03-03 21:00:00,5100.89990234375,5115.2001953125,5100.10009765625,5108.60009765625,1206
2026-03-03 21:30:00,5099.5,5107.7998046875,5093.2998046875,5101.0,1232
2026-03-03 23:00:00,5134.89990234375,5137.2001953125,5092.7998046875,5110.0,1273
2026-03-03 23:30:00,5133.39990234375,5139.10009765625,5125.89990234375,5135.7001953125,852
2026-03-04 00:00:00,5134.0,5137.10009765625,5114.2998046875,5134.5,1565
2026-03-04 00:30:00,5147.2998046875,5149.5,5131.5,5134.2001953125,1813
2026-03-04 01:00:00,5153.5,5173.0,5147.89990234375,5148.2001953125,3906
2026-03-04 01:30:00,5183.7001953125,5188.10009765625,5150.7001953125,5153.39990234375,3776
2026-03-04 02:00:00,5187.39990234375,5200.7001953125,5177.5,5183.89990234375,3174
2026-03-04 02:30:00,5165.39990234375,5189.7001953125,5162.60009765625,5187.2998046875,2926
2026-03-04 03:00:00,5171.2001953125,5177.2998046875,5150.0,5164.7998046875,2117
2026-03-04 03:30:00,5183.10009765625,5186.2998046875,5162.2001953125,5171.60009765625,1607
2026-03-04 04:00:00,5177.39990234375,5189.60009765625,5171.5,5183.2998046875,1095
2026-03-04 04:30:00,5166.39990234375,5179.89990234375,5160.10009765625,5176.2998046875,1249
2026-03-04 05:00:00,5165.39990234375,5174.7998046875,5160.5,5165.7001953125,683
2026-03-04 05:30:00,5169.5,5177.2001953125,5162.7998046875,5165.2998046875,1572
2026-03-04 06:00:00,5143.5,5168.89990234375,5130.0,5168.39990234375,3740
2026-03-04 06:30:00,5170.2998046875,5170.2998046875,5141.7001953125,5143.39990234375,2172
2026-03-04 07:00:00,5177.60009765625,5186.0,5168.5,5169.0,4070
2026-03-04 07:30:00,5178.2001953125,5185.7998046875,5173.39990234375,5177.2998046875,1466
2026-03-04 08:00:00,5173.0,5182.10009765625,5157.7998046875,5178.2998046875,2720
2026-03-04 08:30:00,5178.60009765625,5192.7998046875,5172.0,5172.7001953125,2586
2026-03-04 09:00:00,5181.5,5189.5,5170.0,5177.89990234375,2909
2026-03-04 09:30:00,5193.89990234375,5196.39990234375,5180.0,5181.7001953125,2214
2026-03-04 10:00:00,5200.0,5214.7001953125,5193.5,5194.0,5303
2026-03-04 10:30:00,5201.89990234375,5205.60009765625,5191.2001953125,5200.60009765625,3751
2026-03-04 11:00:00,5206.7001953125,5209.89990234375,5199.2998046875,5201.2998046875,1613
2026-03-04 11:30:00,5204.2001953125,5213.2001953125,5199.39990234375,5207.5,1934
2026-03-04 12:00:00,5190.39990234375,5218.2998046875,5186.39990234375,5204.2998046875,3629
2026-03-04 12:30:00,5182.0,5190.5,5167.89990234375,5190.2998046875,3466
2026-03-04 13:00:00,5203.10009765625,5207.5,5182.10009765625,5182.2001953125,4684
2026-03-04 13:30:00,5178.5,5203.7001953125,5177.2998046875,5203.2998046875,3010
2026-03-04 14:00:00,5175.60009765625,5191.2998046875,5169.60009765625,5178.10009765625,4127
2026-03-04 14:30:00,5155.7001953125,5195.2001953125,5148.39990234375,5176.5,9194
2026-03-04 15:00:00,5166.39990234375,5173.0,5140.2001953125,5155.2001953125,9249
2026-03-04 15:30:00,5161.60009765625,5177.2998046875,5143.0,5167.60009765625,5086
2026-03-04 16:00:00,5157.39990234375,5172.60009765625,5148.5,5161.2001953125,3994
2026-03-04 16:30:00,5161.5,5170.2001953125,5154.2998046875,5157.2998046875,3177
2026-03-04 17:00:00,5145.7998046875,5165.0,5131.5,5160.89990234375,3902
2026-03-04 17:30:00,5153.60009765625,5160.0,5140.7998046875,5146.7998046875,2801
2026-03-04 18:00:00,5134.39990234375,5155.5,5121.10009765625,5152.7001953125,6394
2026-03-04 18:30:00,5144.7001953125,5145.60009765625,5119.39990234375,5134.7001953125,3028
2026-03-04 19:00:00,5135.2001953125,5147.7001953125,5135.0,5144.7998046875,1521
2026-03-04 19:30:00,5148.7001953125,5150.5,5133.60009765625,5134.7998046875,1362
2026-03-04 20:00:00,5148.2998046875,5149.7998046875,5134.7998046875,5148.39990234375,991
2026-03-04 20:30:00,5146.7998046875,5159.2001953125,5145.0,5149.0,1719
2026-03-04 21:00:00,5153.60009765625,5156.2998046875,5146.10009765625,5146.89990234375,1000
2026-03-04 21:30:00,5151.60009765625,5154.5,5141.39990234375,5153.60009765625,768
2026-03-04 23:00:00,5164.89990234375,5168.0,5152.0,5155.7001953125,929
2026-03-04 23:30:00,5176.2001953125,5177.7998046875,5159.89990234375,5165.10009765625,979
2026-03-05 00:00:00,5185.39990234375,5191.5,5170.39990234375,5176.5,1688
2026-03-05 00:30:00,5183.89990234375,5188.60009765625,5177.5,5184.7001953125,925
2026-03-05 01:00:00,5187.7998046875,5198.0,5181.0,5184.10009765625,2365
2026-03-05 01:30:00,5181.7001953125,5189.89990234375,5177.10009765625,5187.7998046875,2170
2026-03-05 02:00:00,5193.7001953125,5198.0,5180.89990234375,5181.2001953125,1644
2026-03-05 02:30:00,5201.60009765625,5201.7998046875,5183.2998046875,5193.2001953125,1865
2026-03-05 03:00:00,5194.5,5204.2998046875,5192.89990234375,5201.7001953125,1238
2026-03-05 03:30:00,5189.5,5200.0,5187.2998046875,5193.60009765625,988
2026-03-05 04:00:00,5187.5,5195.89990234375,5184.0,5189.39990234375,1028
2026-03-05 04:30:00,5179.7001953125,5189.10009765625,5175.2001953125,5187.2998046875,879
2026-03-05 05:00:00,5181.7998046875,5185.89990234375,5178.39990234375,5181.0,674
2026-03-05 05:30:00,5157.7001953125,5183.7998046875,5156.89990234375,5181.60009765625,2090
2026-03-05 06:00:00,5151.39990234375,5164.2001953125,5129.0,5157.89990234375,4663
2026-03-05 06:30:00,5176.5,5177.5,5148.5,5150.7998046875,1733
2026-03-05 07:00:00,5175.7001953125,5181.7998046875,5168.60009765625,5175.89990234375,2115
2026-03-05 07:30:00,5171.39990234375,5176.2001953125,5168.0,5175.0,1144
2026-03-05 08:00:00,5153.60009765625,5172.0,5146.2001953125,5171.10009765625,2707
2026-03-05 08:30:00,5176.0,5180.10009765625,5152.60009765625,5153.2001953125,2861
2026-03-05 09:00:00,5180.2998046875,5192.5,5171.2998046875,5175.89990234375,3317
2026-03-05 09:30:00,5171.7998046875,5180.10009765625,5162.7001953125,5179.7998046875,2165
2026-03-05 10:00:00,5166.5,5171.10009765625,5156.89990234375,5171.10009765625,1949
2026-03-05 10:30:00,5175.60009765625,5178.5,5157.7001953125,5166.39990234375,2337
2026-03-05 11:00:00,5173.7001953125,5178.5,5171.39990234375,5175.5,1501
2026-03-05 11:30:00,5174.7998046875,5176.10009765625,5168.0,5173.39990234375,1355
2026-03-05 12:00:00,5172.60009765625,5182.7001953125,5172.60009765625,5175.10009765625,2022
2026-03-05 12:30:00,5173.0,5179.0,5171.5,5172.5,1038
2026-03-05 13:00:00,5131.60009765625,5174.89990234375,5085.5,5173.60009765625,15875
2026-03-05 13:30:00,5126.5,5147.0,5118.60009765625,5130.7001953125,7266
2026-03-05 14:00:00,5128.7998046875,5139.2001953125,5111.2001953125,5126.7998046875,5172
2026-03-05 14:30:00,5110.7998046875,5132.60009765625,5099.2001953125,5128.39990234375,8734
2026-03-05 15:00:00,5095.10009765625,5128.5,5065.5,5110.7001953125,12799
2026-03-05 15:30:00,5111.2998046875,5112.5,5086.2001953125,5095.0,4729
2026-03-05 16:00:00,5072.0,5113.5,5068.0,5111.7998046875,5337
2026-03-05 16:30:00,5086.5,5089.7998046875,5062.39990234375,5072.60009765625,4597
2026-03-05 17:00:00,5083.89990234375,5098.5,5082.2998046875,5086.60009765625,4473
2026-03-05 17:30:00,5071.2001953125,5086.39990234375,5063.5,5084.5,4475
2026-03-05 18:00:00,5080.0,5084.7998046875,5058.89990234375,5071.0,6621
2026-03-05 18:30:00,5077.60009765625,5094.60009765625,5076.0,5080.2001953125,3454
2026-03-05 19:00:00,5075.10009765625,5089.7001953125,5070.2998046875,5077.60009765625,1859
2026-03-05 19:30:00,5074.60009765625,5078.5,5063.5,5074.7998046875,1642
2026-03-05 20:00:00,5089.7998046875,5104.39990234375,5071.2001953125,5074.2998046875,4105
2026-03-05 20:30:00,5086.60009765625,5091.89990234375,5082.2001953125,5090.39990234375,2048
2026-03-05 21:00:00,5091.0,5093.89990234375,5082.0,5086.2998046875,1146
2026-03-05 21:30:00,5093.2998046875,5094.60009765625,5082.2001953125,5090.60009765625,778
2026-03-05 23:00:00,5100.39990234375,5119.2001953125,5092.2001953125,5099.7001953125,941
2026-03-05 23:30:00,5095.60009765625,5111.7001953125,5094.2998046875,5101.5,1209
2026-03-06 00:00:00,5099.7998046875,5101.0,5082.89990234375,5095.5,1358
2026-03-06 00:30:00,5092.5,5100.7998046875,5084.2001953125,5100.10009765625,994
2026-03-06 01:00:00,5093.7998046875,5097.0,5074.0,5092.39990234375,2067
2026-03-06 01:30:00,5142.10009765625,5151.2998046875,5093.7001953125,5093.7001953125,4704
2026-03-06 02:00:00,5136.89990234375,5145.89990234375,5133.5,5142.0,2232
2026-03-06 02:30:00,5133.89990234375,5140.0,5129.7998046875,5137.10009765625,1234
2026-03-06 03:00:00,5144.60009765625,5149.7998046875,5132.10009765625,5134.7998046875,1780
2026-03-06 03:30:00,5139.89990234375,5146.39990234375,5137.60009765625,5144.60009765625,788
2026-03-06 04:00:00,5138.2998046875,5145.2001953125,5136.2001953125,5139.89990234375,547
2026-03-06 04:30:00,5137.2001953125,5144.7001953125,5135.0,5138.5,561
2026-03-06 05:00:00,5138.39990234375,5138.89990234375,5131.2001953125,5136.0,977
2026-03-06 05:30:00,5126.60009765625,5138.60009765625,5122.89990234375,5138.60009765625,1614
2026-03-06 06:00:00,5128.7001953125,5131.89990234375,5118.7001953125,5126.10009765625,1028
2026-03-06 06:30:00,5124.89990234375,5131.7998046875,5123.89990234375,5128.10009765625,1212
2026-03-06 07:00:00,5123.10009765625,5128.10009765625,5114.0,5124.7001953125,2395
2026-03-06 07:30:00,5128.2001953125,5129.39990234375,5116.39990234375,5123.2001953125,1902
2026-03-06 08:00:00,5109.0,5132.2998046875,5107.89990234375,5128.0,2078
2026-03-06 08:30:00,5116.7001953125,5122.10009765625,5104.5,5108.5,1415
2026-03-06 09:00:00,5107.60009765625,5117.7998046875,5100.5,5117.60009765625,2649
2026-03-06 09:30:00,5093.5,5112.60009765625,5091.39990234375,5106.89990234375,3065
2026-03-06 10:00:00,5096.10009765625,5102.0,5084.2001953125,5094.5,2850
2026-03-06 10:30:00,5099.89990234375,5102.0,5089.5,5095.7001953125,1936
2026-03-06 11:00:00,5104.2001953125,5107.39990234375,5089.39990234375,5100.7001953125,2073
2026-03-06 11:30:00,5086.10009765625,5109.60009765625,5071.0,5103.5,3103
2026-03-06 12:00:00,5097.2998046875,5105.5,5085.2998046875,5086.2998046875,2620
2026-03-06 12:30:00,5091.89990234375,5105.7998046875,5090.0,5097.39990234375,2042
2026-03-06 13:00:00,5092.7001953125,5097.0,5073.89990234375,5091.60009765625,4430
2026-03-06 13:30:00,5093.7998046875,5140.0,5082.0,5092.7001953125,12940
2026-03-06 14:00:00,5112.2001953125,5118.0,5089.89990234375,5093.2001953125,6739
2026-03-06 14:30:00,5139.2998046875,5142.39990234375,5092.0,5112.89990234375,8613
2026-03-06 15:00:00,5172.0,5182.0,5137.39990234375,5139.2998046875,15066
2026-03-06 15:30:00,5151.2001953125,5176.7001953125,5144.2998046875,5172.2998046875,7161
2026-03-06 16:00:00,5151.7998046875,5163.0,5145.5,5151.7001953125,3331
2026-03-06 16:30:00,5149.5,5158.39990234375,5136.0,5152.7998046875,5763
2026-03-06 17:00:00,5153.10009765625,5155.5,5138.7001953125,5150.10009765625,3400
2026-03-06 17:30:00,5150.2001953125,5162.7998046875,5141.7001953125,5151.89990234375,2814
2026-03-06 18:00:00,5159.2998046875,5160.2998046875,5147.89990234375,5149.89990234375,10393
2026-03-06 18:30:00,5170.2998046875,5176.5,5157.5,5159.2998046875,5397
2026-03-06 19:00:00,5173.5,5183.7998046875,5169.7998046875,5170.39990234375,2453
2026-03-06 19:30:00,5168.5,5176.2998046875,5165.2001953125,5174.39990234375,1292
2026-03-06 20:00:00,5162.60009765625,5171.2001953125,5161.10009765625,5168.2001953125,2116
2026-03-06 20:30:00,5161.39990234375,5169.60009765625,5157.5,5162.2998046875,2028
2026-03-06 21:00:00,5176.39990234375,5178.89990234375,5159.2001953125,5161.10009765625,1572
2026-03-06 21:30:00,5158.7001953125,5185.0,5158.7001953125,5176.39990234375,588
2026-03-08 22:00:00,5165.39990234375,5180.0,5138.0,5165.5,5268
2026-03-08 22:30:00,5138.5,5175.0,5113.5,5165.89990234375,3518
2026-03-08 23:00:00,5111.89990234375,5145.5,5094.5,5140.2998046875,3561
2026-03-08 23:30:00,5083.39990234375,5113.2001953125,5050.0,5112.7001953125,6597
2026-03-09 00:00:00,5053.89990234375,5088.89990234375,5035.5,5083.10009765625,5548
2026-03-09 00:30:00,5056.89990234375,5067.2001953125,5040.2998046875,5052.39990234375,2763
2026-03-09 01:00:00,5078.7998046875,5094.39990234375,5021.2001953125,5056.7001953125,7192
2026-03-09 01:30:00,5077.60009765625,5092.2998046875,5071.10009765625,5077.7001953125,2471
2026-03-09 02:00:00,5083.7001953125,5102.2998046875,5061.89990234375,5076.39990234375,4443
2026-03-09 02:30:00,5100.89990234375,5105.7998046875,5082.10009765625,5083.89990234375,3149
2026-03-09 03:00:00,5091.10009765625,5109.10009765625,5090.2001953125,5101.2998046875,2323
2026-03-09 03:30:00,5098.0,5100.7001953125,5087.60009765625,5091.89990234375,1044
2026-03-09 04:00:00,5096.2998046875,5103.39990234375,5093.2001953125,5098.0,587
2026-03-09 04:30:00,5096.39990234375,5099.7998046875,5091.2998046875,5096.10009765625,614
2026-03-09 05:00:00,5102.5,5112.0,5087.10009765625,5096.60009765625,2168
2026-03-09 05:30:00,5131.60009765625,5147.60009765625,5099.10009765625,5102.2001953125,3691
2026-03-09 06:00:00,5133.89990234375,5141.7001953125,5126.0,5131.39990234375,2022
2026-03-09 06:30:00,5104.7998046875,5136.5,5103.60009765625,5134.10009765625,2254
2026-03-09 07:00:00,5114.2001953125,5114.2001953125,5095.39990234375,5104.7998046875,2927
2026-03-09 07:30:00,5106.7001953125,5115.2001953125,5101.10009765625,5114.39990234375,2128
2026-03-09 08:00:00,5099.0,5118.7001953125,5098.10009765625,5106.7998046875,2531
2026-03-09 08:30:00,5104.39990234375,5110.39990234375,5094.89990234375,5098.89990234375,2001
2026-03-09 09:00:00,5133.2998046875,5134.89990234375,5102.7998046875,5104.10009765625,2970
2026-03-09 09:30:00,5114.2998046875,5140.5,5105.2998046875,5133.0,4338
2026-03-09 10:00:00,5107.89990234375,5119.7998046875,5106.60009765625,5114.0,2862
2026-03-09 10:30:00,5094.7998046875,5107.7001953125,5090.89990234375,5107.7001953125,3840
2026-03-09 11:00:00,5093.2998046875,5104.7998046875,5086.5,5094.7998046875,3045
2026-03-09 11:30:00,5095.7001953125,5101.7001953125,5089.7998046875,5093.7998046875,2588
2026-03-09 12:00:00,5117.2998046875,5118.10009765625,5096.2001953125,5096.2001953125,3864
2026-03-09 12:30:00,5103.10009765625,5120.5,5101.0,5117.7998046875,3387
2026-03-09 13:00:00,5102.5,5107.2001953125,5092.39990234375,5103.10009765625,3583
2026-03-09 13:30:00,5081.5,5119.5,5075.0,5102.39990234375,9615
2026-03-09 14:00:00,5091.10009765625,5095.89990234375,5066.89990234375,5081.10009765625,6592
2026-03-09 14:30:00,5102.60009765625,5124.7001953125,5088.0,5089.39990234375,7515
2026-03-09 15:00:00,5107.5,5108.2001953125,5087.7998046875,5102.2001953125,7786
2026-03-09 15:30:00,5108.5,5112.0,5101.60009765625,5107.5,3897
2026-03-09 16:00:00,5112.7001953125,5118.39990234375,5103.10009765625,5108.10009765625,3620
2026-03-09 16:30:00,5113.10009765625,5119.7001953125,5110.89990234375,5112.5,4168
2026-03-09 17:00:00,5103.7998046875,5115.5,5099.60009765625,5113.2001953125,7626
2026-03-09 17:30:00,5104.89990234375,5108.60009765625,5097.7001953125,5104.0,3030
2026-03-09 18:00:00,5114.39990234375,5116.5,5101.60009765625,5104.89990234375,1696
2026-03-09 18:30:00,5133.2001953125,5136.7001953125,5113.5,5114.7001953125,5775
2026-03-09 19:00:00,5150.2001953125,5154.7001953125,5128.2998046875,5133.2998046875,3915
2026-03-09 19:30:00,5150.5,5153.7998046875,5136.10009765625,5150.10009765625,3740
2026-03-09 20:00:00,5149.10009765625,5158.0,5143.7001953125,5150.89990234375,1544
2026-03-09 20:30:00,5148.7001953125,5150.10009765625,5143.7001953125,5148.60009765625,934
2026-03-09 22:00:00,5141.2998046875,5161.10009765625,5127.10009765625,5152.39990234375,837
2026-03-09 22:30:00,5162.10009765625,5163.0,5137.0,5140.89990234375,1001
2026-03-09 23:00:00,5155.0,5165.60009765625,5147.39990234375,5161.89990234375,1359
2026-03-09 23:30:00,5149.7998046875,5159.2998046875,5145.60009765625,5154.7001953125,897
2026-03-10 00:00:00,5141.10009765625,5151.10009765625,5138.7001953125,5149.2998046875,1217
2026-03-10 00:30:00,5140.2001953125,5150.0,5134.7998046875,5139.89990234375,1565
2026-03-10 01:00:00,5167.39990234375,5177.60009765625,5134.0,5140.2998046875,4292
2026-03-10 01:30:00,5193.2001953125,5195.2001953125,5162.2998046875,5168.5,3836
2026-03-10 02:00:00,5188.60009765625,5195.7998046875,5179.0,5192.7998046875,2603
2026-03-10 02:30:00,5174.2998046875,5194.2001953125,5172.10009765625,5188.2001953125,2283
2026-03-10 03:00:00,5175.10009765625,5181.89990234375,5170.0,5173.7998046875,1665
2026-03-10 03:30:00,5166.39990234375,5176.2001953125,5163.0,5174.60009765625,1123
2026-03-10 04:00:00,5171.10009765625,5175.2998046875,5162.39990234375,5165.2998046875,1637
2026-03-10 04:30:00,5172.10009765625,5174.10009765625,5170.2998046875,5171.0,294
2026-03-10 05:00:00,5180.10009765625,5183.2001953125,5172.39990234375,5172.5,817
2026-03-10 05:30:00,5186.7001953125,5188.2001953125,5176.0,5180.60009765625,1011
2026-03-10 06:00:00,5185.2001953125,5190.0,5180.7001953125,5187.2998046875,1065
2026-03-10 06:30:00,5183.60009765625,5188.39990234375,5182.39990234375,5185.60009765625,1292
2026-03-10 07:00:00,5178.7998046875,5188.0,5167.2998046875,5184.10009765625,2331
2026-03-10 07:30:00,5190.5,5191.2998046875,5174.5,5179.0,2490
2026-03-10 08:00:00,5193.39990234375,5195.0,5184.5,5190.60009765625,2878
2026-03-10 08:30:00,5192.5,5204.0,5191.89990234375,5193.2998046875,4475
2026-03-10 09:00:00,5196.0,5198.39990234375,5189.7001953125,5192.60009765625,2470
2026-03-10 09:30:00,5191.7998046875,5198.2001953125,5190.5,5195.60009765625,1492
2026-03-10 10:00:00,5183.0,5193.2998046875,5182.10009765625,5191.5,2560
2026-03-10 10:30:00,5186.60009765625,5187.5,5165.60009765625,5183.2998046875,3915
2026-03-10 11:00:00,5192.89990234375,5201.10009765625,5185.7998046875,5186.60009765625,3760
2026-03-10 11:30:00,5184.2001953125,5194.5,5180.89990234375,5192.7998046875,3016
2026-03-10 12:00:00,5188.89990234375,5189.7998046875,5171.39990234375,5184.60009765625,3459
2026-03-10 12:30:00,5196.5,5198.89990234375,5187.7998046875,5189.10009765625,3182
2026-03-10 13:00:00,5230.7998046875,5238.89990234375,5194.89990234375,5196.2001953125,13369
2026-03-10 13:30:00,5214.2001953125,5231.7998046875,5204.60009765625,5231.2998046875,9975
2026-03-10 14:00:00,5218.2998046875,5224.0,5193.60009765625,5215.39990234375,10327
2026-03-10 14:30:00,5215.7998046875,5222.7998046875,5212.0,5217.89990234375,6126
2026-03-10 15:00:00,5235.39990234375,5238.5,5212.0,5216.0,7923
2026-03-10 15:30:00,5238.0,5248.7001953125,5235.0,5235.39990234375,8287
2026-03-10 16:00:00,5242.10009765625,5245.10009765625,5232.2001953125,5238.10009765625,6645
2026-03-10 16:30:00,5236.89990234375,5244.0,5235.10009765625,5242.0,4124
2026-03-10 17:00:00,5242.60009765625,5244.5,5232.60009765625,5236.89990234375,9661
2026-03-10 17:30:00,5237.10009765625,5244.10009765625,5235.5,5242.2998046875,3675
2026-03-10 18:00:00,5211.39990234375,5237.2998046875,5169.0,5237.0,11681
2026-03-10 18:30:00,5200.0,5217.2001953125,5198.7998046875,5211.60009765625,2810
2026-03-10 19:00:00,5209.0,5216.5,5193.0,5200.2998046875,2165
2026-03-10 19:30:00,5207.0,5209.39990234375,5188.7001953125,5209.2001953125,3638
2026-03-10 20:00:00,5203.2998046875,5207.39990234375,5200.2998046875,5206.7001953125,937
2026-03-10 20:30:00,5198.7001953125,5207.7001953125,5198.5,5203.0,685
2026-03-10 22:00:00,5199.60009765625,5206.2001953125,5191.2998046875,5194.0,725
2026-03-10 22:30:00,5196.7001953125,5203.7998046875,5193.60009765625,5198.10009765625,798
2026-03-10 23:00:00,5201.39990234375,5206.0,5195.2001953125,5197.2001953125,779
2026-03-10 23:30:00,5204.89990234375,5205.0,5195.39990234375,5201.2998046875,708
2026-03-11 00:00:00,5219.7998046875,5223.2001953125,5194.0,5205.0,2015
2026-03-11 00:30:00,5223.10009765625,5227.0,5213.5,5220.2001953125,1756
2026-03-11 01:00:00,5222.2998046875,5230.89990234375,5218.2001953125,5223.0,2170
2026-03-11 01:30:00,5215.89990234375,5227.7001953125,5215.89990234375,5223.2001953125,1031
2026-03-11 02:00:00,5212.10009765625,5217.0,5202.0,5215.89990234375,2005
2026-03-11 02:30:00,5225.39990234375,5228.7001953125,5209.89990234375,5212.2001953125,1946
2026-03-11 03:00:00,5212.89990234375,5228.5,5212.89990234375,5225.5,1308
2026-03-11 03:30:00,5211.10009765625,5217.89990234375,5207.5,5212.7998046875,1076
2026-03-11 04:00:00,5215.7001953125,5217.10009765625,5207.89990234375,5211.5,892
2026-03-11 04:30:00,5212.7998046875,5216.7998046875,5210.2001953125,5215.60009765625,521
2026-03-11 05:00:00,5208.89990234375,5216.7998046875,5208.39990234375,5212.5,624
2026-03-11 05:30:00,5207.60009765625,5213.10009765625,5197.7998046875,5208.89990234375,1945
2026-03-11 06:00:00,5214.2001953125,5218.39990234375,5204.2998046875,5207.2001953125,1143
2026-03-11 06:30:00,5205.7998046875,5213.89990234375,5199.60009765625,5213.7001953125,1663
2026-03-11 07:00:00,5205.2001953125,5209.7998046875,5202.7998046875,5205.0,2086
2026-03-11 07:30:00,5203.7001953125,5206.39990234375,5192.10009765625,5206.0,3162
2026-03-11 08:00:00,5193.10009765625,5206.7001953125,5188.5,5203.2998046875,2324
2026-03-11 08:30:00,5195.2001953125,5196.10009765625,5183.2998046875,5192.60009765625,3333
2026-03-11 09:00:00,5195.2998046875,5198.0,5187.10009765625,5194.89990234375,2135
2026-03-11 09:30:00,5195.7001953125,5205.10009765625,5194.39990234375,5194.89990234375,2327
2026-03-11 10:00:00,5199.7998046875,5203.0,5194.2998046875,5195.7998046875,1784
2026-03-11 10:30:00,5194.10009765625,5200.10009765625,5184.7998046875,5199.89990234375,3142
2026-03-11 11:00:00,5188.7998046875,5201.10009765625,5187.2001953125,5194.2998046875,2374
2026-03-11 11:30:00,5189.2001953125,5198.60009765625,5182.2998046875,5188.60009765625,2451
2026-03-11 12:00:00,5199.7001953125,5203.39990234375,5185.5,5188.7001953125,3345
2026-03-11 12:30:00,5175.10009765625,5207.5,5172.0,5200.39990234375,6103
2026-03-11 13:00:00,5189.2998046875,5191.10009765625,5169.10009765625,5174.7001953125,4651
2026-03-11 13:30:00,5184.2998046875,5189.0,5155.89990234375,5189.0,9692
2026-03-11 14:00:00,5201.89990234375,5203.7998046875,5182.2001953125,5184.0,6959
2026-03-11 14:30:00,5190.7998046875,5204.2998046875,5181.7998046875,5201.89990234375,6680
2026-03-11 15:00:00,5180.10009765625,5193.7998046875,5175.5,5190.7001953125,5647
2026-03-11 15:30:00,5173.39990234375,5182.7001953125,5169.89990234375,5179.60009765625,4499
2026-03-11 16:00:00,5174.2998046875,5180.0,5170.7998046875,5173.39990234375,3435
2026-03-11 16:30:00,5183.10009765625,5185.5,5173.2998046875,5174.0,2958
2026-03-11 17:00:00,5179.39990234375,5188.5,5177.0,5183.2998046875,11616
2026-03-11 17:30:00,5176.60009765625,5179.89990234375,5158.39990234375,5179.39990234375,8474
2026-03-11 18:00:00,5185.39990234375,5186.10009765625,5176.2001953125,5176.60009765625,2548
2026-03-11 18:30:00,5180.10009765625,5186.2998046875,5178.10009765625,5185.39990234375,1367
2026-03-11 19:00:00,5184.7001953125,5185.5,5176.89990234375,5180.2001953125,1018
2026-03-11 19:30:00,5191.0,5191.2001953125,5183.60009765625,5185.2998046875,1248
2026-03-11 20:00:00,5185.60009765625,5191.5,5182.89990234375,5190.7998046875,846
2026-03-11 20:30:00,5183.89990234375,5186.2001953125,5183.10009765625,5185.7001953125,450
2026-03-11 22:00:00,5175.2998046875,5189.7998046875,5169.7998046875,5185.39990234375,829
2026-03-11 22:30:00,5144.7998046875,5175.2001953125,5135.0,5175.2001953125,2568
2026-03-11 23:00:00,5161.7001953125,5162.7998046875,5141.0,5144.5,1420
2026-03-11 23:30:00,5140.0,5163.89990234375,5138.7998046875,5161.60009765625,1535
2026-03-12 00:00:00,5159.0,5164.10009765625,5130.0,5139.39990234375,2830
2026-03-12 00:30:00,5158.10009765625,5168.0,5155.60009765625,5158.2998046875,1508
2026-03-12 01:00:00,5161.2998046875,5171.89990234375,5156.2001953125,5158.2001953125,2335
2026-03-12 01:30:00,5174.39990234375,5178.39990234375,5159.10009765625,5162.89990234375,2144
2026-03-12 02:00:00,5173.39990234375,5180.60009765625,5172.2001953125,5173.7001953125,1402
2026-03-12 02:30:00,5156.0,5176.89990234375,5150.5,5173.2998046875,3051
2026-03-12 03:00:00,5156.2001953125,5160.5,5152.0,5155.7001953125,1707
2026-03-12 03:30:00,5158.2001953125,5159.60009765625,5152.7998046875,5156.0,836
2026-03-12 04:00:00,5157.60009765625,5159.2001953125,5155.0,5158.39990234375,592
2026-03-12 04:30:00,5147.39990234375,5157.39990234375,5145.2998046875,5157.10009765625,1183
2026-03-12 05:00:00,5147.2001953125,5153.7998046875,5142.0,5147.60009765625,1160
2026-03-12 05:30:00,5159.7001953125,5162.5,5145.7001953125,5147.89990234375,1309
2026-03-12 06:00:00,5161.7001953125,5163.10009765625,5152.7001953125,5159.60009765625,908
2026-03-12 06:30:00,5172.60009765625,5176.2001953125,5161.10009765625,5162.0,2220
2026-03-12 07:00:00,5174.7998046875,5176.2998046875,5170.2998046875,5171.89990234375,1613
2026-03-12 07:30:00,5188.39990234375,5190.89990234375,5174.0,5174.7001953125,2479
2026-03-12 08:00:00,5183.89990234375,5195.89990234375,5183.2998046875,5188.2001953125,2832
2026-03-12 08:30:00,5184.39990234375,5189.2001953125,5181.39990234375,5183.89990234375,1363
2026-03-12 09:00:00,5186.0,5187.39990234375,5179.7998046875,5184.60009765625,2276
2026-03-12 09:30:00,5194.2001953125,5196.2001953125,5186.2001953125,5186.2001953125,2172
2026-03-12 10:00:00,5186.2001953125,5197.7998046875,5186.0,5194.10009765625,2020
2026-03-12 10:30:00,5188.2001953125,5189.60009765625,5181.7998046875,5186.60009765625,2955
2026-03-12 11:00:00,5182.39990234375,5189.60009765625,5178.60009765625,5187.89990234375,1104
2026-03-12 11:30:00,5184.7998046875,5187.5,5181.2998046875,5182.7001953125,1345
2026-03-12 12:00:00,5179.39990234375,5186.2001953125,5168.5,5185.0,3764
2026-03-12 12:30:00,5187.7001953125,5192.2998046875,5174.39990234375,5179.39990234375,4178
2026-03-12 13:00:00,5177.2998046875,5192.5,5164.7998046875,5187.5,5657
2026-03-12 13:30:00,5157.39990234375,5177.60009765625,5152.10009765625,5177.60009765625,7334
2026-03-12 14:00:00,5159.10009765625,5170.2001953125,5156.0,5157.0,4482
2026-03-12 14:30:00,5148.7998046875,5160.7001953125,5144.2001953125,5158.5,5846
2026-03-12 15:00:00,5134.7001953125,5150.89990234375,5114.60009765625,5148.60009765625,10360
2026-03-12 15:30:00,5138.0,5141.0,5124.39990234375,5134.7001953125,5699
2026-03-12 16:00:00,5137.5,5144.0,5126.7998046875,5138.10009765625,5262
2026-03-12 16:30:00,5130.10009765625,5144.2998046875,5128.2998046875,5137.7998046875,4908
2026-03-12 17:00:00,5126.0,5136.5,5120.10009765625,5129.89990234375,7536
2026-03-12 17:30:00,5112.39990234375,5127.0,5109.0,5126.10009765625,6375
2026-03-12 18:00:00,5111.2001953125,5119.5,5107.60009765625,5111.89990234375,2989
2026-03-12 18:30:00,5100.0,5110.89990234375,5095.2998046875,5110.7998046875,3889
2026-03-12 19:00:00,5099.5,5101.5,5084.5,5100.2001953125,4264
2026-03-12 19:30:00,5091.7001953125,5102.89990234375,5088.39990234375,5099.2998046875,2766
2026-03-12 20:00:00,5077.39990234375,5097.60009765625,5076.7998046875,5092.0,3109
2026-03-12 20:30:00,5084.10009765625,5086.39990234375,5058.2001953125,5077.39990234375,4905
2026-03-12 22:00:00,5096.2001953125,5098.89990234375,5074.60009765625,5084.0,1634
2026-03-12 22:30:00,5099.10009765625,5099.2998046875,5088.89990234375,5095.39990234375,593
2026-03-12 23:00:00,5097.7001953125,5102.7998046875,5092.60009765625,5099.60009765625,1293
2026-03-12 23:30:00,5101.5,5104.39990234375,5095.39990234375,5097.39990234375,1471
2026-03-13 00:00:00,5109.7998046875,5112.0,5100.39990234375,5101.0,1810
2026-03-13 00:30:00,5116.60009765625,5118.10009765625,5109.39990234375,5109.39990234375,1654
2026-03-13 01:00:00,5122.0,5124.60009765625,5116.2998046875,5116.7001953125,3490
2026-03-13 01:30:00,5128.5,5128.5,5111.39990234375,5122.2998046875,3845
2026-03-13 02:00:00,5126.2001953125,5132.39990234375,5118.2998046875,5127.89990234375,2356
2026-03-13 02:30:00,5115.39990234375,5126.0,5113.7001953125,5126.0,1346
2026-03-13 03:00:00,5113.5,5119.5,5111.2998046875,5115.7998046875,1407
2026-03-13 03:30:00,5119.2001953125,5120.0,5109.39990234375,5113.7001953125,922
2026-03-13 04:00:00,5107.7001953125,5121.10009765625,5106.7998046875,5118.89990234375,1091
2026-03-13 04:30:00,5107.10009765625,5110.2998046875,5105.5,5108.89990234375,946
2026-03-13 05:00:00,5108.89990234375,5113.60009765625,5105.7001953125,5107.39990234375,1347
2026-03-13 05:30:00,5106.2001953125,5114.89990234375,5100.60009765625,5109.10009765625,2721
2026-03-13 06:00:00,5099.10009765625,5111.2998046875,5092.0,5106.10009765625,2756
2026-03-13 06:30:00,5092.2001953125,5101.89990234375,5088.60009765625,5099.10009765625,2629
2026-03-13 07:00:00,5089.10009765625,5098.2998046875,5075.5,5092.2001953125,3387
2026-03-13 07:30:00,5089.5,5097.39990234375,5086.60009765625,5089.2001953125,2248
2026-03-13 08:00:00,5075.0,5089.7998046875,5066.0,5089.7998046875,3940
2026-03-13 08:30:00,5092.2001953125,5092.7998046875,5074.89990234375,5074.89990234375,2673
2026-03-13 09:00:00,5096.60009765625,5101.89990234375,5088.7998046875,5092.2998046875,2548
2026-03-13 09:30:00,5094.2998046875,5098.7001953125,5087.89990234375,5096.89990234375,1555
2026-03-13 10:00:00,5094.2001953125,5101.39990234375,5090.39990234375,5094.0,1577
2026-03-13 10:30:00,5099.60009765625,5103.39990234375,5085.0,5093.89990234375,2984
2026-03-13 11:00:00,5100.60009765625,5102.5,5091.10009765625,5099.89990234375,2362
2026-03-13 11:30:00,5112.89990234375,5112.89990234375,5096.89990234375,5100.89990234375,2466
2026-03-13 12:00:00,5119.60009765625,5124.2001953125,5109.7998046875,5113.0,3846
2026-03-13 12:30:00,5124.39990234375,5128.5,5114.39990234375,5121.7998046875,3815
2026-03-13 13:00:00,5114.60009765625,5127.89990234375,5113.2998046875,5124.60009765625,3480
2026-03-13 13:30:00,5107.5,5123.2001953125,5102.10009765625,5114.2998046875,5438
2026-03-13 14:00:00,5094.5,5114.10009765625,5088.39990234375,5107.10009765625,5700
2026-03-13 14:30:00,5045.7998046875,5097.2998046875,5039.2998046875,5094.2998046875,11877
2026-03-13 15:00:00,5067.7001953125,5076.2001953125,5042.2001953125,5045.89990234375,10743
2026-03-13 15:30:00,5039.10009765625,5072.7998046875,5032.2001953125,5067.2998046875,9857
2026-03-13 16:00:00,5044.7998046875,5045.89990234375,5022.7998046875,5038.7998046875,9894
2026-03-13 16:30:00,5050.60009765625,5057.0,5044.2001953125,5045.2001953125,4069
2026-03-13 17:00:00,5060.5,5066.2998046875,5047.7001953125,5050.10009765625,7328
2026-03-13 17:30:00,5050.89990234375,5068.10009765625,5047.5,5060.7998046875,2588
2026-03-13 18:00:00,5046.10009765625,5056.0,5040.7001953125,5050.7998046875,2182
2026-03-13 18:30:00,5050.89990234375,5053.60009765625,5044.7998046875,5045.7001953125,2390
2026-03-13 19:00:00,5040.0,5054.2001953125,5036.89990234375,5050.89990234375,3922
2026-03-13 19:30:00,5022.0,5041.39990234375,5014.10009765625,5040.0,5055
2026-03-13 20:00:00,5018.7998046875,5026.60009765625,5017.0,5022.2998046875,2237
2026-03-13 20:30:00,5061.7001953125,5061.7001953125,5017.7001953125,5018.5,1466
2026-03-15 22:00:00,5016.5,5029.89990234375,5003.0,5027.60009765625,3236
2026-03-15 22:30:00,5028.7998046875,5029.39990234375,5011.10009765625,5015.7001953125,1679
2026-03-15 23:00:00,4992.7998046875,5030.0,4970.10009765625,5028.0,4201
2026-03-15 23:30:00,5000.60009765625,5002.2001953125,4975.2998046875,4993.60009765625,2250
2026-03-16 00:00:00,5019.7998046875,5032.89990234375,5000.0,5001.10009765625,2977
2026-03-16 00:30:00,5030.39990234375,5035.39990234375,5018.7001953125,5021.7998046875,2527
2026-03-16 01:00:00,4992.2998046875,5031.5,4986.0,5031.5,4265
2026-03-16 01:30:00,5020.0,5020.2001953125,4986.10009765625,4992.2998046875,2230
2026-03-16 02:00:00,5016.5,5022.7001953125,5013.5,5019.39990234375,1332
2026-03-16 02:30:00,5006.60009765625,5016.7001953125,5001.39990234375,5016.0,1622
2026-03-16 03:00:00,5014.0,5015.0,5001.39990234375,5007.2001953125,1358
2026-03-16 03:30:00,5022.5,5024.2998046875,5013.7001953125,5014.60009765625,995
2026-03-16 04:00:00,5025.5,5030.10009765625,5022.7998046875,5023.2001953125,1010
2026-03-16 04:30:00,5016.5,5028.7998046875,5016.0,5025.5,546
2026-03-16 05:00:00,5014.89990234375,5020.0,5011.7998046875,5016.39990234375,799
2026-03-16 05:30:00,5021.10009765625,5024.0,5006.89990234375,5014.2998046875,1400
2026-03-16 06:00:00,5031.5,5039.7998046875,5016.7998046875,5021.0,2487
2026-03-16 06:30:00,5016.2001953125,5033.2001953125,5008.5,5031.7998046875,2732
2026-03-16 07:00:00,5006.60009765625,5020.0,5002.5,5016.10009765625,2906
2026-03-16 07:30:00,4998.89990234375,5011.7001953125,4992.89990234375,5007.2998046875,3950
2026-03-16 08:00:00,5001.2001953125,5008.0,4991.60009765625,4998.7001953125,4800
2026-03-16 08:30:00,4995.0,5002.5,4988.2001953125,5001.10009765625,3268
2026-03-16 09:00:00,4992.39990234375,4995.0,4983.5,4994.10009765625,4934
2026-03-16 09:30:00,4979.39990234375,4995.60009765625,4976.5,4992.7001953125,4647
2026-03-16 10:00:00,4990.7001953125,4995.7001953125,4973.5,4979.7001953125,3837
2026-03-16 10:30:00,5004.2001953125,5005.2998046875,4985.0,4991.5,4023
2026-03-16 11:00:00,5024.10009765625,5028.2001953125,5001.0,5004.2998046875,4536
2026-03-16 11:30:00,5001.89990234375,5025.2998046875,4996.7998046875,5024.10009765625,4813
2026-03-16 12:00:00,5028.2998046875,5030.60009765625,4999.5,5001.7001953125,7265
2026-03-16 12:30:00,5024.89990234375,5033.5,5016.2001953125,5028.2001953125,5788
2026-03-16 13:00:00,5027.0,5036.5,5018.7998046875,5025.39990234375,5956
2026-03-16 13:30:00,5035.7001953125,5041.2998046875,5023.39990234375,5027.10009765625,6952
2026-03-16 14:00:00,5020.39990234375,5044.5,5020.39990234375,5035.7998046875,6784
2026-03-16 14:30:00,5000.7998046875,5021.2001953125,4992.10009765625,5020.39990234375,9373
2026-03-16 15:00:00,4997.0,5010.89990234375,4988.5,5000.39990234375,8765
2026-03-16 15:30:00,4991.89990234375,5008.7001953125,4988.60009765625,4996.7001953125,6014
2026-03-16 16:00:00,4984.5,5004.2001953125,4982.7998046875,4991.5,4703
2026-03-16 16:30:00,4995.89990234375,4998.2001953125,4978.60009765625,4985.0,4761
2026-03-16 17:00:00,5001.60009765625,5009.60009765625,4995.89990234375,4996.10009765625,5804
2026-03-16 17:30:00,4996.7001953125,5002.2001953125,4989.5,5001.2998046875,2687
2026-03-16 18:00:00,5012.7001953125,5014.10009765625,4995.7998046875,4997.0,3125
2026-03-16 18:30:00,5018.89990234375,5024.0,5011.39990234375,5012.2001953125,2515
2026-03-16 19:00:00,5016.39990234375,5026.5,5014.7998046875,5018.7001953125,2266
2026-03-16 19:30:00,5019.2998046875,5021.89990234375,5014.0,5016.2998046875,1890
2026-03-16 20:00:00,5020.2001953125,5028.0,5014.2001953125,5018.89990234375,1343
2026-03-16 20:30:00,5011.2998046875,5020.2998046875,5010.7998046875,5020.0,1065
2026-03-16 22:00:00,5006.7998046875,5021.89990234375,5004.2001953125,5012.2001953125,734
2026-03-16 22:30:00,5007.60009765625,5011.5,5003.89990234375,5007.60009765625,422
2026-03-16 23:00:00,5014.5,5015.0,5007.0,5007.2001953125,353
2026-03-16 23:30:00,5018.0,5021.0,5011.5,5014.89990234375,929
2026-03-17 00:00:00,5008.39990234375,5019.2998046875,5004.89990234375,5018.0,1230
2026-03-17 00:30:00,5007.10009765625,5011.5,5002.2998046875,5008.2998046875,645
2026-03-17 01:00:00,5017.5,5018.5,4998.7001953125,5006.2998046875,1752
2026-03-17 01:30:00,5032.10009765625,5032.7001953125,5015.39990234375,5017.0,1941
2026-03-17 02:00:00,5029.7998046875,5034.10009765625,5024.10009765625,5032.2998046875,1043
2026-03-17 02:30:00,5026.2001953125,5033.5,5025.60009765625,5029.60009765625,740
2026-03-17 03:00:00,5036.5,5036.7998046875,5024.2001953125,5026.0,853
2026-03-17 03:30:00,5030.2998046875,5037.5,5029.7001953125,5036.7001953125,845
2026-03-17 04:00:00,5036.89990234375,5037.10009765625,5030.10009765625,5031.10009765625,504
2026-03-17 04:30:00,5042.39990234375,5046.7001953125,5036.2001953125,5036.89990234375,1840
2026-03-17 05:00:00,5040.2998046875,5049.39990234375,5036.7001953125,5043.10009765625,1830
2026-03-17 05:30:00,5024.5,5044.60009765625,5024.2998046875,5040.2001953125,2195
2026-03-17 06:00:00,5015.89990234375,5027.0,5009.0,5025.2998046875,3436
2026-03-17 06:30:00,5013.89990234375,5021.10009765625,5012.2001953125,5015.60009765625,1565
2026-03-17 07:00:00,5020.60009765625,5022.89990234375,5013.0,5013.7001953125,2441
2026-03-17 07:30:00,5025.0,5031.89990234375,5020.2001953125,5020.5,2241
2026-03-17 08:00:00,5025.2001953125,5033.5,5022.5,5025.2001953125,2518
2026-03-17 08:30:00,5029.0,5029.7001953125,5022.2998046875,5025.2998046875,1995
2026-03-17 09:00:00,5022.10009765625,5030.2998046875,5016.39990234375,5029.2001953125,2914
2026-03-17 09:30:00,5014.7001953125,5022.7998046875,5014.39990234375,5021.5,1864
2026-03-17 10:00:00,5008.10009765625,5020.7001953125,5005.39990234375,5014.7001953125,3652
2026-03-17 10:30:00,5004.39990234375,5014.10009765625,4994.7998046875,5007.7998046875,4497
2026-03-17 11:00:00,5011.39990234375,5014.39990234375,5001.0,5004.0,2192
2026-03-17 11:30:00,5007.2998046875,5016.10009765625,5006.2001953125,5011.5,1938
2026-03-17 12:00:00,5024.89990234375,5025.5,5003.2998046875,5007.0,3777
2026-03-17 12:30:00,5016.2998046875,5029.0,5014.7001953125,5025.0,4281
2026-03-17 13:00:00,5017.10009765625,5024.2998046875,5015.0,5016.60009765625,3651
2026-03-17 13:30:00,5021.89990234375,5036.7001953125,5010.60009765625,5017.5,8356
2026-03-17 14:00:00,5013.2001953125,5026.5,5011.39990234375,5021.60009765625,3630
2026-03-17 14:30:00,5012.5,5024.2998046875,5007.2001953125,5012.89990234375,4425
2026-03-17 15:00:00,4999.0,5022.2001953125,4997.7001953125,5011.89990234375,6495
2026-03-17 15:30:00,5002.60009765625,5005.2001953125,4977.0,4999.5,9564
2026-03-17 16:00:00,5008.2001953125,5010.0,4995.60009765625,5002.5,3882
2026-03-17 16:30:00,5006.39990234375,5010.2998046875,5002.0,5008.39990234375,3070
2026-03-17 17:00:00,5007.39990234375,5013.7001953125,5006.10009765625,5006.5,4219
2026-03-17 17:30:00,5007.0,5011.2001953125,5001.0,5007.39990234375,3025
2026-03-17 18:00:00,5008.2001953125,5013.5,5005.5,5007.39990234375,1545
2026-03-17 18:30:00,5007.5,5012.2001953125,5003.89990234375,5008.0,1232
2026-03-17 19:00:00,5004.0,5009.39990234375,5002.2998046875,5007.10009765625,1465
2026-03-17 19:30:00,5005.10009765625,5008.0,5000.39990234375,5004.2001953125,1837
2026-03-17 20:00:00,5008.60009765625,5011.0,5004.7001953125,5004.89990234375,795
2026-03-17 20:30:00,5011.2998046875,5011.60009765625,5006.0,5008.60009765625,898
2026-03-17 22:00:00,5006.2998046875,5011.2001953125,5001.10009765625,5010.60009765625,249
2026-03-17 22:30:00,5003.60009765625,5007.10009765625,4996.89990234375,5005.5,752
2026-03-17 23:00:00,5003.7001953125,5007.10009765625,5002.2001953125,5003.39990234375,387
2026-03-17 23:30:00,5006.60009765625,5007.89990234375,5003.60009765625,5003.7998046875,200
2026-03-18 00:00:00,5007.39990234375,5017.2998046875,5005.0,5006.60009765625,1634
2026-03-18 00:30:00,5008.39990234375,5012.7998046875,5004.7001953125,5006.89990234375,1540
2026-03-18 01:00:00,5012.7998046875,5022.0,5002.0,5008.89990234375,2605
2026-03-18 01:30:00,5002.2001953125,5014.10009765625,4994.2998046875,5012.39990234375,2521
2026-03-18 02:00:00,5005.60009765625,5010.7001953125,4999.7001953125,5002.2001953125,958
2026-03-18 02:30:00,4994.89990234375,5007.39990234375,4993.0,5006.0,1229
2026-03-18 03:00:00,4999.2998046875,5000.0,4988.5,4994.89990234375,1544
2026-03-18 03:30:00,4992.7001953125,5000.89990234375,4991.7998046875,4999.5,544
2026-03-18 04:00:00,4993.39990234375,4997.0,4992.39990234375,4994.5,680
2026-03-18 04:30:00,4989.89990234375,4994.0,4984.89990234375,4994.0,1899
2026-03-18 05:00:00,4994.0,4996.2998046875,4987.7001953125,4990.39990234375,1669
2026-03-18 05:30:00,5001.10009765625,5006.2001953125,4990.5,4994.2998046875,2113
2026-03-18 06:00:00,5012.5,5015.0,4999.60009765625,5000.39990234375,2133
2026-03-18 06:30:00,5013.7998046875,5020.5,5012.2998046875,5012.7998046875,2311
2026-03-18 07:00:00,5013.2998046875,5019.39990234375,5010.2998046875,5014.10009765625,1432
2026-03-18 07:30:00,4999.10009765625,5014.0,4994.7001953125,5013.5,2502
2026-03-18 08:00:00,4993.2001953125,5001.7001953125,4987.5,4999.0,4983
2026-03-18 08:30:00,4990.7001953125,4996.10009765625,4981.10009765625,4992.7998046875,5745
2026-03-18 09:00:00,4996.60009765625,4998.5,4988.7001953125,4991.10009765625,2609
2026-03-18 09:30:00,4996.39990234375,5000.0,4995.0,4996.7998046875,1417
2026-03-18 10:00:00,4986.89990234375,4996.39990234375,4985.10009765625,4996.2998046875,2461
2026-03-18 10:30:00,4971.7001953125,4991.89990234375,4962.60009765625,4986.7998046875,8869
2026-03-18 11:00:00,4952.2998046875,4977.7001953125,4950.0,4971.7001953125,7460
2026-03-18 11:30:00,4933.2998046875,4965.7001953125,4928.0,4952.0,11075
2026-03-18 12:00:00,4903.7001953125,4935.89990234375,4897.2998046875,4933.89990234375,14254
2026-03-18 12:30:00,4884.39990234375,4906.0,4873.0,4905.7001953125,16630
2026-03-18 13:00:00,4864.2001953125,4884.2001953125,4837.10009765625,4884.0,17737
2026-03-18 13:30:00,4881.7998046875,4889.2001953125,4852.89990234375,4864.5,12305
2026-03-18 14:00:00,4863.7998046875,4899.0,4862.10009765625,4881.89990234375,9247
2026-03-18 14:30:00,4873.10009765625,4876.10009765625,4859.39990234375,4864.2998046875,5373
2026-03-18 15:00:00,4875.39990234375,4883.60009765625,4869.10009765625,4872.89990234375,5104
2026-03-18 15:30:00,4866.2998046875,4879.0,4864.5,4875.0,2976
2026-03-18 16:00:00,4886.7001953125,4887.2001953125,4864.7001953125,4866.2001953125,3163
2026-03-18 16:30:00,4891.2001953125,4894.7998046875,4877.2001953125,4886.7001953125,4171
2026-03-18 17:00:00,4895.39990234375,4902.60009765625,4888.10009765625,4891.39990234375,5674
2026-03-18 17:30:00,4895.10009765625,4904.0,4891.5,4895.7001953125,4877
2026-03-18 18:00:00,4890.10009765625,4904.5,4880.7998046875,4895.2001953125,6028
2026-03-18 18:30:00,4857.2998046875,4892.7001953125,4856.2001953125,4890.2001953125,6067
2026-03-18 19:00:00,4852.39990234375,4868.89990234375,4847.0,4856.89990234375,6595
2026-03-18 19:30:00,4846.7998046875,4864.10009765625,4841.39990234375,4852.2001953125,4518
2026-03-18 20:00:00,4814.2998046875,4852.10009765625,4811.60009765625,4846.5,4802
2026-03-18 20:30:00,4823.89990234375,4830.7001953125,4809.2998046875,4813.7001953125,3113
2026-03-18 22:00:00,4818.0,4839.89990234375,4806.0,4828.0,2074
2026-03-18 22:30:00,4837.10009765625,4842.0,4811.60009765625,4818.5,1613
2026-03-18 23:00:00,4839.7998046875,4843.10009765625,4830.5,4836.5,1144
2026-03-18 23:30:00,4839.2001953125,4845.0,4832.0,4839.2001953125,793
2026-03-19 00:00:00,4844.2001953125,4850.7998046875,4837.60009765625,4838.39990234375,1362
2026-03-19 00:30:00,4842.60009765625,4850.60009765625,4839.10009765625,4843.5,1345
2026-03-19 01:00:00,4847.2001953125,4855.0,4833.7001953125,4842.2998046875,2547
2026-03-19 01:30:00,4851.2998046875,4868.7001953125,4844.0,4847.10009765625,3011
2026-03-19 02:00:00,4858.60009765625,4859.2001953125,4842.60009765625,4851.2001953125,1542
2026-03-19 02:30:00,4859.5,4863.39990234375,4854.89990234375,4858.5,1242
2026-03-19 03:00:00,4861.7001953125,4867.39990234375,4856.5,4859.7998046875,1178
2026-03-19 03:30:00,4852.7001953125,4861.7998046875,4852.2998046875,4861.2998046875,860
2026-03-19 04:00:00,4851.2998046875,4855.2001953125,4848.7001953125,4852.39990234375,678
2026-03-19 04:30:00,4851.7998046875,4854.39990234375,4847.0,4851.89990234375,515
2026-03-19 05:00:00,4849.10009765625,4855.7001953125,4848.0,4851.5,1195
2026-03-19 05:30:00,4829.2001953125,4848.2998046875,4828.10009765625,4848.10009765625,3103
2026-03-19 06:00:00,4815.2998046875,4844.2001953125,4813.7998046875,4829.10009765625,2934
2026-03-19 06:30:00,4765.2001953125,4821.5,4749.0,4815.60009765625,11357
2026-03-19 07:00:00,4772.60009765625,4786.0,4759.2001953125,4765.2998046875,4789
2026-03-19 07:30:00,4729.60009765625,4773.39990234375,4727.2998046875,4772.0,6565
2026-03-19 08:00:00,4720.2998046875,4742.2001953125,4703.0,4729.2998046875,8557
2026-03-19 08:30:00,4710.60009765625,4724.0,4688.0,4719.7998046875,7557
2026-03-19 09:00:00,4711.60009765625,4724.89990234375,4690.2998046875,4711.2001953125,6922
2026-03-19 09:30:00,4701.10009765625,4728.10009765625,4698.10009765625,4710.7998046875,5864
2026-03-19 10:00:00,4685.60009765625,4722.0,4672.5,4700.60009765625,6726
2026-03-19 10:30:00,4681.89990234375,4703.2998046875,4669.39990234375,4685.7001953125,9715
2026-03-19 11:00:00,4689.7001953125,4702.7001953125,4679.5,4682.2998046875,7560
2026-03-19 11:30:00,4654.39990234375,4699.5,4652.39990234375,4689.89990234375,9322
2026-03-19 12:00:00,4608.5,4657.0,4605.0,4654.89990234375,16309
2026-03-19 12:30:00,4577.2998046875,4620.7998046875,4533.10009765625,4608.5,23920
2026-03-19 13:00:00,4578.89990234375,4584.0,4505.0,4576.10009765625,23569
2026-03-19 13:30:00,4624.0,4625.0,4540.7001953125,4579.39990234375,18202
2026-03-19 14:00:00,4587.2998046875,4651.7998046875,4586.60009765625,4624.89990234375,19260
2026-03-19 14:30:00,4603.5,4630.39990234375,4583.39990234375,4586.7998046875,10317
2026-03-19 15:00:00,4605.5,4641.7001953125,4595.2001953125,4603.2001953125,9951
2026-03-19 15:30:00,4598.2998046875,4613.7001953125,4566.0,4604.89990234375,10956
2026-03-19 16:00:00,4602.2001953125,4628.0,4594.5,4598.0,7681
2026-03-19 16:30:00,4587.10009765625,4610.60009765625,4579.2001953125,4602.60009765625,5552
2026-03-19 17:00:00,4606.2998046875,4617.0,4576.7001953125,4587.2001953125,7940
2026-03-19 17:30:00,4618.7998046875,4633.2998046875,4602.89990234375,4606.89990234375,6164
2026-03-19 18:00:00,4611.39990234375,4621.7001953125,4603.60009765625,4619.2998046875,3437
2026-03-19 18:30:00,4625.7998046875,4626.2998046875,4598.7001953125,4611.5,3719
2026-03-19 19:00:00,4647.2998046875,4666.89990234375,4625.7998046875,4625.7998046875,9056
2026-03-19 19:30:00,4647.89990234375,4653.7001953125,4635.0,4647.89990234375,5048
2026-03-19 20:00:00,4660.2001953125,4664.2001953125,4646.0,4647.5,1940
2026-03-19 20:30:00,4651.89990234375,4664.7001953125,4650.2001953125,4660.7998046875,1543
2026-03-19 22:00:00,4668.5,4679.5,4652.7998046875,4653.89990234375,1731
2026-03-19 22:30:00,4638.10009765625,4668.10009765625,4638.0,4668.10009765625,1340
2026-03-19 23:00:00,4646.0,4650.0,4638.7001953125,4638.7001953125,1115
2026-03-19 23:30:00,4645.5,4650.0,4635.7998046875,4646.7998046875,978
2026-03-20 00:00:00,4650.0,4666.60009765625,4643.89990234375,4645.5,1781
2026-03-20 00:30:00,4649.5,4661.7001953125,4646.60009765625,4650.39990234375,1258
2026-03-20 01:00:00,4664.2001953125,4681.5,4640.5,4649.60009765625,4247
2026-03-20 01:30:00,4679.10009765625,4701.5,4663.5,4664.5,4429
2026-03-20 02:00:00,4685.0,4691.39990234375,4672.2001953125,4680.0,2302
2026-03-20 02:30:00,4699.2998046875,4704.5,4680.0,4685.39990234375,2808
2026-03-20 03:00:00,4734.60009765625,4737.10009765625,4694.39990234375,4698.89990234375,3717
2026-03-20 03:30:00,4725.2001953125,4738.2001953125,4722.10009765625,4734.7998046875,1993
2026-03-20 04:00:00,4723.60009765625,4728.0,4717.60009765625,4726.2998046875,1395
2026-03-20 04:30:00,4722.0,4727.10009765625,4715.5,4723.7998046875,1233
2026-03-20 05:00:00,4720.39990234375,4724.10009765625,4711.0,4722.0,1543
2026-03-20 05:30:00,4689.89990234375,4720.39990234375,4686.7998046875,4719.89990234375,3952
2026-03-20 06:00:00,4689.2001953125,4702.60009765625,4681.2001953125,4690.0,3112
2026-03-20 06:30:00,4670.2998046875,4690.7001953125,4661.60009765625,4689.39990234375,4019
2026-03-20 07:00:00,4689.0,4689.7998046875,4668.7998046875,4669.89990234375,3471
2026-03-20 07:30:00,4707.2001953125,4709.0,4686.2001953125,4689.0,3297
2026-03-20 08:00:00,4724.10009765625,4736.2998046875,4702.89990234375,4707.7001953125,6207
2026-03-20 08:30:00,4695.10009765625,4724.39990234375,4685.2001953125,4724.2998046875,5336
2026-03-20 09:00:00,4693.0,4701.7998046875,4685.10009765625,4694.5,2754
2026-03-20 09:30:00,4668.39990234375,4693.39990234375,4660.5,4693.39990234375,4429
2026-03-20 10:00:00,4658.2998046875,4670.10009765625,4646.39990234375,4668.2998046875,5255
2026-03-20 10:30:00,4646.39990234375,4670.5,4639.10009765625,4658.2998046875,4831
2026-03-20 11:00:00,4666.7001953125,4670.2998046875,4638.2001953125,4645.7998046875,3759
2026-03-20 11:30:00,4673.39990234375,4676.0,4658.7998046875,4667.2001953125,3287
2026-03-20 12:00:00,4679.5,4696.89990234375,4673.39990234375,4673.39990234375,6195
2026-03-20 12:30:00,4679.0,4683.2001953125,4662.7998046875,4679.7998046875,5260
2026-03-20 13:00:00,4661.10009765625,4680.5,4654.10009765625,4679.39990234375,6392
2026-03-20 13:30:00,4617.0,4666.60009765625,4613.10009765625,4660.89990234375,13473
2026-03-20 14:00:00,4560.60009765625,4623.2001953125,4551.10009765625,4617.10009765625,15607
2026-03-20 14:30:00,4564.89990234375,4585.89990234375,4547.60009765625,4558.2001953125,10600
2026-03-20 15:00:00,4564.7001953125,4582.39990234375,4542.10009765625,4564.5,10543
2026-03-20 15:30:00,4555.2998046875,4577.7998046875,4545.7001953125,4564.39990234375,6120
2026-03-20 16:00:00,4586.89990234375,4616.2998046875,4554.0,4554.89990234375,10246
2026-03-20 16:30:00,4585.2998046875,4594.89990234375,4568.7998046875,4586.60009765625,6526
2026-03-20 17:00:00,4574.2001953125,4602.5,4570.7001953125,4585.60009765625,7487
2026-03-20 17:30:00,4575.89990234375,4579.5,4556.7001953125,4574.60009765625,6069
2026-03-20 18:00:00,4557.0,4580.5,4538.7001953125,4576.10009765625,4835
2026-03-20 18:30:00,4500.7001953125,4559.2998046875,4478.39990234375,4556.39990234375,11414
2026-03-20 19:00:00,4500.0,4517.60009765625,4487.39990234375,4501.2998046875,5572
2026-03-20 19:30:00,4503.7998046875,4518.7001953125,4494.10009765625,4500.7998046875,4490
2026-03-20 20:00:00,4503.0,4516.60009765625,4495.60009765625,4503.5,2271
2026-03-20 20:30:00,4492.0,4507.0,4488.5,4503.2001953125,1732
