Datetime,Close,High,Low,Open,Volume
2026-03-13 04:00:00,5119.0,5119.5,5118.60009765625,5118.89990234375,0
2026-03-13 04:01:00,5119.60009765625,5119.89990234375,5119.2001953125,5119.2001953125,11
2026-03-13 04:02:00,5119.5,5119.5,5119.5,5119.5,2
2026-03-13 04:03:00,5121.10009765625,5121.10009765625,5119.0,5119.2998046875,42
2026-03-13 04:04:00,5119.10009765625,5121.10009765625,5119.0,5121.10009765625,48
2026-03-13 04:05:00,5119.7998046875,5121.10009765625,5119.60009765625,5119.89990234375,24
2026-03-13 04:06:00,5117.7998046875,5119.7001953125,5117.7998046875,5119.7001953125,321
2026-03-13 04:07:00,5117.7001953125,5119.0,5116.60009765625,5118.2998046875,76
2026-03-13 04:08:00,5119.2998046875,5119.2998046875,5117.2001953125,5118.0,22
2026-03-13 04:09:00,5118.89990234375,5119.10009765625,5118.89990234375,5119.10009765625,2
2026-03-13 04:10:00,5119.10009765625,5119.10009765625,5119.10009765625,5119.10009765625,2
2026-03-13 04:11:00,5116.7998046875,5119.2998046875,5115.7001953125,5119.0,70
2026-03-13 04:12:00,5118.2998046875,5118.5,5117.0,5117.0,31
2026-03-13 04:13:00,5117.89990234375,5117.89990234375,5117.89990234375,5117.89990234375,1
2026-03-13 04:14:00,5117.60009765625,5118.10009765625,5117.60009765625,5117.7001953125,26
2026-03-13 04:15:00,5117.7001953125,5117.7001953125,5117.2998046875,5117.39990234375,20
2026-03-13 04:16:00,5116.89990234375,5117.39990234375,5116.7001953125,5117.39990234375,7
2026-03-13 04:17:00,5114.2001953125,5116.39990234375,5114.2001953125,5116.2998046875,38
2026-03-13 04:18:00,5115.2001953125,5115.2998046875,5114.5,5114.5,8
2026-03-13 04:19:00,5114.5,5115.0,5114.5,5114.7001953125,4
2026-03-13 04:20:00,5113.2998046875,5115.0,5113.0,5114.89990234375,25
2026-03-13 04:21:00,5113.5,5113.89990234375,5113.0,5113.39990234375,21
2026-03-13 04:22:00,5111.2998046875,5113.10009765625,5110.60009765625,5113.0,37
2026-03-13 04:23:00,5109.7001953125,5111.60009765625,5109.2998046875,5111.60009765625,40
2026-03-13 04:24:00,5107.7998046875,5110.7001953125,5106.7998046875,5110.2998046875,65
2026-03-13 04:25:00,5110.2998046875,5110.60009765625,5108.2998046875,5108.2998046875,39
2026-03-13 04:26:00,5109.10009765625,5110.5,5109.0,5110.2001953125,32
2026-03-13 04:27:00,5110.60009765625,5110.7001953125,5108.7001953125,5109.10009765625,36
2026-03-13 04:28:00,5109.7998046875,5110.2998046875,5109.7998046875,5110.0,4
2026-03-13 04:29:00,5107.7001953125,5109.5,5107.7001953125,5109.5,9
2026-03-13 04:30:00,5109.7001953125,5109.7001953125,5107.5,5108.89990234375,46
2026-03-13 04:31:00,5109.2998046875,5109.60009765625,5109.2001953125,5109.39990234375,12
2026-03-13 04:32:00,5110.2998046875,5110.2998046875,5109.2001953125,5109.2001953125,7
2026-03-13 04:33:00,5109.7998046875,5110.0,5109.60009765625,5110.0,5
2026-03-13 04:34:00,5109.0,5110.2001953125,5108.2998046875,5110.10009765625,216
2026-03-13 04:35:00,5107.39990234375,5109.2998046875,5107.0,5108.7998046875,109
2026-03-13 04:36:00,5108.0,5108.0,5106.2998046875,5107.2998046875,46
2026-03-13 04:37:00,5107.0,5107.60009765625,5106.5,5107.60009765625,10
2026-03-13 04:38:00,5105.89990234375,5106.60009765625,5105.5,5106.2001953125,44
2026-03-13 04:39:00,5107.39990234375,5107.39990234375,5105.7998046875,5105.89990234375,11
2026-03-13 04:40:00,5106.39990234375,5107.7001953125,5106.39990234375,5107.7001953125,14
2026-03-13 04:41:00,5107.7001953125,5107.7001953125,5106.60009765625,5106.89990234375,25
2026-03-13 04:42:00,5108.0,5108.39990234375,5108.0,5108.0,9
2026-03-13 04:43:00,5108.60009765625,5108.60009765625,5108.60009765625,5108.60009765625,3
2026-03-13 04:44:00,5107.5,5108.39990234375,5107.5,5108.10009765625,17
2026-03-13 04:45:00,5105.7998046875,5107.60009765625,5105.7998046875,5107.60009765625,11
2026-03-13 04:46:00,5106.39990234375,5106.39990234375,5106.2998046875,5106.2998046875,2
2026-03-13 04:47:00,5106.89990234375,5107.2001953125,5106.5,5106.7001953125,23
2026-03-13 04:48:00,5107.89990234375,5108.2001953125,5107.2998046875,5107.60009765625,19
2026-03-13 04:49:00,5108.7001953125,5109.0,5107.0,5107.7998046875,54
2026-03-13 04:50:00,5109.2998046875,5109.60009765625,5108.5,5108.7998046875,35
2026-03-13 04:51:00,5107.89990234375,5109.2001953125,5107.89990234375,5109.2001953125,17
2026-03-13 04:52:00,5107.89990234375,5108.2001953125,5107.2998046875,5108.2001953125,12
2026-03-13 04:53:00,5107.7001953125,5108.2001953125,5107.39990234375,5108.10009765625,19
2026-03-13 04:54:00,5108.39990234375,5108.7001953125,5107.5,5107.5,20
2026-03-13 04:55:00,5107.7001953125,5108.39990234375,5107.60009765625,5108.2998046875,12
2026-03-13 04:56:00,5106.89990234375,5107.7998046875,5106.7998046875,5107.7998046875,7
2026-03-13 04:57:00,5106.60009765625,5106.60009765625,5106.0,5106.2001953125,103
2026-03-13 04:58:00,5106.2998046875,5107.0,5106.0,5106.89990234375,26
2026-03-13 04:59:00,5107.10009765625,5107.39990234375,5106.5,5106.5,12
2026-03-13 05:00:00,5107.7998046875,5108.5,5106.60009765625,5107.39990234375,64
2026-03-13 05:01:00,5107.7001953125,5108.5,5106.7998046875,5108.2998046875,47
2026-03-13 05:02:00,5108.7998046875,5109.5,5108.10009765625,5108.10009765625,40
2026-03-13 05:03:00,5108.0,5109.0,5107.7998046875,5108.60009765625,41
2026-03-13 05:04:00,5107.2998046875,5107.60009765625,5107.2998046875,5107.5,14
2026-03-13 05:05:00,5106.39990234375,5107.5,5105.7001953125,5107.2001953125,57
2026-03-13 05:06:00,5108.39990234375,5108.7998046875,5106.10009765625,5106.39990234375,53
2026-03-13 05:07:00,5109.0,5109.0,5108.0,5108.7001953125,40
2026-03-13 05:08:00,5109.2001953125,5109.7001953125,5108.60009765625,5108.7998046875,298
2026-03-13 05:09:00,5108.60009765625,5109.39990234375,5108.10009765625,5108.60009765625,17
2026-03-13 05:10:00,5108.7998046875,5109.10009765625,5107.7998046875,5108.2001953125,36
2026-03-13 05:11:00,5110.2001953125,5110.7998046875,5108.60009765625,5108.89990234375,52
2026-03-13 05:12:00,5111.10009765625,5111.10009765625,5109.2998046875,5110.0,30
2026-03-13 05:13:00,5111.60009765625,5111.60009765625,5110.7001953125,5111.0,23
2026-03-13 05:14:00,5112.0,5112.2001953125,5110.7001953125,5111.10009765625,30
2026-03-13 05:15:00,5112.7998046875,5113.2001953125,5111.60009765625,5111.60009765625,18
2026-03-13 05:16:00,5111.10009765625,5112.7998046875,5111.0,5112.7998046875,47
2026-03-13 05:17:00,5111.7998046875,5112.0,5111.0,5111.39990234375,16
2026-03-13 05:18:00,5112.10009765625,5112.60009765625,5111.60009765625,5111.60009765625,14
2026-03-13 05:19:00,5111.7001953125,5112.5,5111.7001953125,5111.89990234375,13
2026-03-13 05:20:00,5110.5,5112.10009765625,5110.5,5111.7001953125,24
2026-03-13 05:21:00,5111.60009765625,5111.7998046875,5110.5,5110.5,53
2026-03-13 05:22:00,5112.2001953125,5113.5,5111.89990234375,5112.10009765625,43
2026-03-13 05:23:00,5110.89990234375,5112.60009765625,5110.89990234375,5111.89990234375,53
2026-03-13 05:24:00,5110.60009765625,5112.0,5110.60009765625,5111.2001953125,42
2026-03-13 05:25:00,5111.7001953125,5113.60009765625,5111.39990234375,5111.39990234375,55
2026-03-13 05:26:00,5111.10009765625,5111.7998046875,5110.89990234375,5111.7998046875,20
2026-03-13 05:27:00,5108.89990234375,5110.7001953125,5108.89990234375,5110.5,71
2026-03-13 05:28:00,5108.89990234375,5109.39990234375,5108.7001953125,5108.7998046875,12
2026-03-13 05:29:00,5108.89990234375,5109.5,5107.89990234375,5108.2001953125,24
2026-03-13 05:30:00,5109.60009765625,5110.2001953125,5106.60009765625,5109.10009765625,134
2026-03-13 05:31:00,5111.2001953125,5112.7001953125,5109.2001953125,5109.2998046875,73
2026-03-13 05:32:00,5113.60009765625,5114.0,5110.60009765625,5111.2001953125,71
2026-03-13 05:33:00,5112.7998046875,5114.89990234375,5112.7998046875,5113.89990234375,101
2026-03-13 05:34:00,5111.60009765625,5113.39990234375,5111.5,5113.39990234375,40
2026-03-13 05:35:00,5109.7998046875,5111.2998046875,5109.7001953125,5111.2998046875,66
2026-03-13 05:36:00,5111.0,5112.60009765625,5110.2998046875,5110.5,69
2026-03-13 05:37:00,5109.7998046875,5112.2001953125,5108.89990234375,5111.89990234375,64
2026-03-13 05:38:00,5108.7998046875,5110.2998046875,5108.2001953125,5109.89990234375,62
2026-03-13 05:39:00,5110.7001953125,5111.2001953125,5109.2001953125,5109.2001953125,86
2026-03-13 05:40:00,5110.39990234375,5111.7998046875,5109.89990234375,5110.0,35
2026-03-13 05:41:00,5110.10009765625,5112.39990234375,5110.10009765625,5110.39990234375,158
2026-03-13 05:42:00,5109.60009765625,5110.0,5107.0,5109.89990234375,116
2026-03-13 05:43:00,5105.5,5109.2998046875,5104.0,5109.2001953125,102
2026-03-13 05:44:00,5103.2001953125,5106.10009765625,5102.39990234375,5105.89990234375,168
2026-03-13 05:45:00,5101.39990234375,5105.0,5101.39990234375,5103.7001953125,81
2026-03-13 05:46:00,5102.7001953125,5102.7998046875,5100.60009765625,5101.7998046875,123
2026-03-13 05:47:00,5103.5,5104.0,5102.10009765625,5102.10009765625,77
2026-03-13 05:48:00,5104.7998046875,5105.5,5103.7001953125,5104.0,70
2026-03-13 05:49:00,5106.2998046875,5107.0,5104.89990234375,5104.89990234375,42
2026-03-13 05:50:00,5106.0,5107.7998046875,5105.60009765625,5106.39990234375,66
2026-03-13 05:51:00,5104.0,5106.89990234375,5104.0,5105.7001953125,74
2026-03-13 05:52:00,5104.39990234375,5105.7001953125,5103.60009765625,5104.5,105
2026-03-13 05:53:00,5101.89990234375,5104.39990234375,5101.0,5103.89990234375,99
2026-03-13 05:54:00,5101.89990234375,5103.0,5101.39990234375,5101.89990234375,38
2026-03-13 05:55:00,5101.0,5102.39990234375,5100.7998046875,5102.2998046875,101
2026-03-13 05:56:00,5102.60009765625,5102.7998046875,5100.60009765625,5101.2001953125,115
2026-03-13 05:57:00,5106.2998046875,5106.60009765625,5101.39990234375,5102.5,138
2026-03-13 05:58:00,5108.0,5108.5,5105.7001953125,5106.0,116
2026-03-13 05:59:00,5106.2001953125,5108.60009765625,5105.2998046875,5108.5,131
2026-03-13 06:00:00,5107.5,5107.60009765625,5105.2998046875,5106.10009765625,51
2026-03-13 06:01:00,5105.7001953125,5108.60009765625,5104.89990234375,5108.0,69
2026-03-13 06:02:00,5106.89990234375,5106.89990234375,5105.2001953125,5105.89990234375,55
2026-03-13 06:03:00,5110.0,5110.60009765625,5107.10009765625,5107.10009765625,106
2026-03-13 06:04:00,5109.60009765625,5110.60009765625,5107.60009765625,5110.60009765625,131
2026-03-13 06:05:00,5111.0,5111.0,5108.7001953125,5109.7001953125,90
2026-03-13 06:06:00,5109.7998046875,5110.89990234375,5109.2998046875,5110.89990234375,20
2026-03-13 06:07:00,5110.89990234375,5111.2998046875,5107.7001953125,5109.5,122
2026-03-13 06:08:00,5110.89990234375,5111.0,5109.10009765625,5110.60009765625,18
2026-03-13 06:09:00,5108.7998046875,5111.10009765625,5108.7998046875,5110.7001953125,44
2026-03-13 06:10:00,5107.2998046875,5108.2998046875,5106.7001953125,5108.2998046875,21
2026-03-13 06:11:00,5108.5,5108.5,5106.60009765625,5107.60009765625,28
2026-03-13 06:12:00,5109.7001953125,5109.7998046875,5108.39990234375,5108.39990234375,30
2026-03-13 06:13:00,5109.2001953125,5110.7998046875,5107.7998046875,5109.7998046875,102
2026-03-13 06:14:00,5107.60009765625,5109.0,5106.7998046875,5108.7998046875,46
2026-03-13 06:15:00,5105.0,5107.89990234375,5105.0,5107.2998046875,58
2026-03-13 06:16:00,5103.7001953125,5105.10009765625,5103.0,5105.0,117
2026-03-13 06:17:00,5103.7001953125,5104.7001953125,5103.5,5104.39990234375,44
2026-03-13 06:18:00,5102.7001953125,5104.0,5102.2998046875,5103.2001953125,45
2026-03-13 06:19:00,5103.7998046875,5104.89990234375,5102.2001953125,5102.2998046875,209
2026-03-13 06:20:00,5103.5,5104.2998046875,5102.5,5103.2998046875,71
2026-03-13 06:21:00,5101.0,5103.5,5100.0,5103.5,190
2026-03-13 06:22:00,5100.60009765625,5101.2998046875,5098.89990234375,5100.7001953125,83
2026-03-13 06:23:00,5099.7998046875,5102.10009765625,5099.39990234375,5100.5,118
2026-03-13 06:24:00,5099.7001953125,5100.7998046875,5098.2001953125,5098.7001953125,106
2026-03-13 06:25:00,5096.7998046875,5100.89990234375,5096.7998046875,5099.7001953125,136
2026-03-13 06:26:00,5096.2998046875,5097.7998046875,5094.5,5096.39990234375,144
2026-03-13 06:27:00,5096.2001953125,5098.0,5095.89990234375,5096.39990234375,93
2026-03-13 06:28:00,5094.2001953125,5097.0,5092.0,5096.89990234375,143
2026-03-13 06:29:00,5099.10009765625,5099.2998046875,5094.10009765625,5094.10009765625,266
2026-03-13 06:30:00,5100.60009765625,5101.7998046875,5098.7998046875,5099.10009765625,129
2026-03-13 06:31:00,5100.10009765625,5101.89990234375,5100.10009765625,5100.7001953125,76
2026-03-13 06:32:00,5098.89990234375,5099.7001953125,5098.39990234375,5099.60009765625,78
2026-03-13 06:33:00,5097.39990234375,5101.39990234375,5097.39990234375,5099.10009765625,118
2026-03-13 06:34:00,5096.2998046875,5098.10009765625,5095.2001953125,5097.2001953125,93
2026-03-13 06:35:00,5100.2001953125,5101.2001953125,5096.39990234375,5096.39990234375,44
2026-03-13 06:36:00,5098.5,5100.7998046875,5097.7998046875,5099.7998046875,55
2026-03-13 06:37:00,5093.2998046875,5098.0,5093.2998046875,5098.0,70
2026-03-13 06:38:00,5095.5,5095.7001953125,5091.7001953125,5093.2001953125,263
2026-03-13 06:39:00,5097.7001953125,5098.2001953125,5094.7001953125,5095.10009765625,122
2026-03-13 06:40:00,5095.0,5097.7001953125,5094.10009765625,5097.5,74
2026-03-13 06:41:00,5096.7001953125,5097.39990234375,5095.5,5095.7998046875,93
2026-03-13 06:42:00,5097.89990234375,5098.2001953125,5096.0,5096.10009765625,67
2026-03-13 06:43:00,5093.5,5098.2001953125,5093.39990234375,5098.10009765625,88
2026-03-13 06:44:00,5094.89990234375,5095.0,5093.7998046875,5093.7998046875,58
2026-03-13 06:45:00,5095.2001953125,5095.89990234375,5094.0,5095.60009765625,43
2026-03-13 06:46:00,5096.0,5097.2998046875,5095.0,5095.5,89
2026-03-13 06:47:00,5097.0,5098.7001953125,5095.60009765625,5095.60009765625,74
2026-03-13 06:48:00,5094.2998046875,5096.5,5094.2998046875,5096.5,70
2026-03-13 06:49:00,5095.39990234375,5096.0,5092.7001953125,5094.0,87
2026-03-13 06:50:00,5094.0,5096.39990234375,5092.2998046875,5095.7001953125,158
2026-03-13 06:51:00,5091.10009765625,5094.39990234375,5090.5,5093.89990234375,88
2026-03-13 06:52:00,5089.7998046875,5091.7998046875,5088.60009765625,5091.2998046875,134
2026-03-13 06:53:00,5090.60009765625,5092.5,5089.5,5090.10009765625,90
2026-03-13 06:54:00,5092.2001953125,5092.5,5090.39990234375,5090.5,74
2026-03-13 06:55:00,5091.7001953125,5093.2998046875,5091.5,5092.0,78
2026-03-13 06:56:00,5092.60009765625,5093.10009765625,5091.7998046875,5092.0,38
2026-03-13 06:57:00,5092.7998046875,5094.60009765625,5091.5,5092.7001953125,78
2026-03-13 06:58:00,5091.7998046875,5094.2998046875,5091.7998046875,5093.10009765625,28
2026-03-13 06:59:00,5092.2001953125,5092.89990234375,5090.7998046875,5091.10009765625,72
2026-03-13 07:00:00,5091.0,5092.7998046875,5087.2001953125,5092.2001953125,200
2026-03-13 07:01:00,5089.0,5091.7001953125,5088.10009765625,5090.60009765625,127
2026-03-13 07:02:00,5091.10009765625,5092.7998046875,5089.5,5089.7001953125,52
2026-03-13 07:03:00,5093.0,5093.2001953125,5091.39990234375,5092.2001953125,40
2026-03-13 07:04:00,5094.0,5094.5,5092.2998046875,5092.60009765625,52
2026-03-13 07:05:00,5094.89990234375,5095.7998046875,5093.2998046875,5094.39990234375,67
2026-03-13 07:06:00,5094.2998046875,5096.60009765625,5094.2998046875,5094.7998046875,70
2026-03-13 07:07:00,5093.10009765625,5094.60009765625,5092.60009765625,5094.0,27
2026-03-13 07:08:00,5096.0,5096.7001953125,5094.7001953125,5094.7998046875,24
2026-03-13 07:09:00,5094.7998046875,5097.60009765625,5094.10009765625,5096.2001953125,74
2026-03-13 07:10:00,5094.2998046875,5096.10009765625,5094.10009765625,5095.0,93
2026-03-13 07:11:00,5095.7001953125,5095.7001953125,5094.39990234375,5094.60009765625,21
2026-03-13 07:12:00,5097.10009765625,5097.10009765625,5095.5,5096.0,46
2026-03-13 07:13:00,5096.0,5098.2998046875,5096.0,5096.2998046875,58
2026-03-13 07:14:00,5094.10009765625,5096.5,5094.10009765625,5095.7998046875,110
2026-03-13 07:15:00,5089.89990234375,5094.5,5089.7001953125,5094.10009765625,120
2026-03-13 07:16:00,5087.60009765625,5092.10009765625,5087.2001953125,5089.5,261
2026-03-13 07:17:00,5088.2001953125,5088.7001953125,5085.0,5087.2998046875,200
2026-03-13 07:18:00,5083.2001953125,5089.7998046875,5082.2998046875,5088.0,265
2026-03-13 07:19:00,5081.7001953125,5083.60009765625,5078.89990234375,5082.89990234375,213
2026-03-13 07:20:00,5080.7998046875,5082.60009765625,5077.2998046875,5082.2001953125,225
2026-03-13 07:21:00,5077.89990234375,5081.89990234375,5076.7998046875,5080.2998046875,129
2026-03-13 07:22:00,5077.0,5081.5,5076.10009765625,5077.39990234375,307
2026-03-13 07:23:00,5076.2998046875,5078.10009765625,5075.5,5077.10009765625,88
2026-03-13 07:24:00,5081.39990234375,5082.7998046875,5077.2001953125,5077.5,132
2026-03-13 07:25:00,5082.89990234375,5083.5,5080.5,5081.10009765625,100
2026-03-13 07:26:00,5083.89990234375,5086.0,5083.5,5084.7001953125,76
2026-03-13 07:27:00,5086.10009765625,5087.0,5083.60009765625,5084.10009765625,44
2026-03-13 07:28:00,5086.5,5087.10009765625,5085.2998046875,5086.2001953125,46
2026-03-13 07:29:00,5089.10009765625,5089.7001953125,5086.89990234375,5087.0,120
2026-03-13 07:30:00,5088.5,5091.0,5088.2001953125,5089.2001953125,111
2026-03-13 07:31:00,5090.39990234375,5091.0,5088.0,5088.2998046875,76
2026-03-13 07:32:00,5091.7998046875,5092.10009765625,5090.2001953125,5090.7001953125,102
2026-03-13 07:33:00,5092.7998046875,5093.10009765625,5091.2998046875,5091.5,86
2026-03-13 07:34:00,5095.2998046875,5095.5,5092.89990234375,5092.89990234375,44
2026-03-13 07:35:00,5095.10009765625,5095.7001953125,5093.7998046875,5095.10009765625,72
2026-03-13 07:36:00,5096.39990234375,5097.0,5095.10009765625,5095.2998046875,98
2026-03-13 07:37:00,5095.60009765625,5097.39990234375,5095.39990234375,5095.7001953125,67
2026-03-13 07:38:00,5095.7998046875,5096.5,5095.2001953125,5095.60009765625,48
2026-03-13 07:39:00,5092.2998046875,5096.5,5092.2998046875,5095.5,129
2026-03-13 07:40:00,5094.10009765625,5095.39990234375,5091.5,5092.60009765625,137
2026-03-13 07:41:00,5096.10009765625,5096.2001953125,5094.39990234375,5094.39990234375,60
2026-03-13 07:42:00,5096.0,5097.39990234375,5094.39990234375,5096.0,82
2026-03-13 07:43:00,5094.7001953125,5095.7001953125,5094.7001953125,5095.60009765625,34
2026-03-13 07:44:00,5093.89990234375,5094.7998046875,5093.0,5094.39990234375,41
2026-03-13 07:45:00,5093.7001953125,5094.2001953125,5092.89990234375,5093.39990234375,83
2026-03-13 07:46:00,5096.7998046875,5096.89990234375,5093.2001953125,5093.2001953125,83
2026-03-13 07:47:00,5091.60009765625,5096.0,5091.2998046875,5096.0,80
2026-03-13 07:48:00,5091.39990234375,5093.39990234375,5089.5,5091.7998046875,279
2026-03-13 07:49:00,5089.39990234375,5091.89990234375,5088.7001953125,5091.89990234375,60
2026-03-13 07:50:00,5090.7998046875,5090.7998046875,5088.7998046875,5089.39990234375,29
2026-03-13 07:51:00,5090.2998046875,5090.60009765625,5089.39990234375,5090.5,27
2026-03-13 07:52:00,5088.89990234375,5090.60009765625,5088.60009765625,5090.0,41
2026-03-13 07:53:00,5089.7001953125,5091.0,5088.39990234375,5088.7001953125,71
2026-03-13 07:54:00,5088.2998046875,5089.89990234375,5088.0,5089.5,25
2026-03-13 07:55:00,5087.5,5088.89990234375,5087.2001953125,5088.89990234375,72
2026-03-13 07:56:00,5087.7998046875,5090.0,5087.0,5087.7001953125,78
2026-03-13 07:57:00,5087.2001953125,5088.0,5086.60009765625,5087.7998046875,38
2026-03-13 07:58:00,5088.89990234375,5089.60009765625,5087.5,5087.5,75
2026-03-13 07:59:00,5089.5,5089.60009765625,5088.7001953125,5089.0,20
2026-03-13 08:00:00,5084.2998046875,5089.7998046875,5084.2998046875,5089.7998046875,108
2026-03-13 08:01:00,5082.39990234375,5085.10009765625,5082.2001953125,5084.7001953125,88
2026-03-13 08:02:00,5079.2001953125,5083.0,5078.2001953125,5082.60009765625,157
2026-03-13 08:03:00,5075.0,5080.39990234375,5073.0,5079.2001953125,207
2026-03-13 08:04:00,5072.7998046875,5077.0,5072.60009765625,5074.7001953125,188
2026-03-13 08:05:00,5072.89990234375,5075.10009765625,5071.7998046875,5072.89990234375,116
2026-03-13 08:06:00,5076.0,5076.0,5070.7001953125,5073.10009765625,124
2026-03-13 08:07:00,5077.2998046875,5077.39990234375,5074.60009765625,5075.7998046875,111
2026-03-13 08:08:00,5077.2001953125,5079.5,5076.7001953125,5076.7998046875,159
2026-03-13 08:09:00,5076.89990234375,5077.60009765625,5075.2998046875,5077.60009765625,68
2026-03-13 08:10:00,5075.7998046875,5078.7998046875,5075.5,5076.89990234375,122
2026-03-13 08:11:00,5079.5,5080.10009765625,5076.2001953125,5076.2001953125,267
2026-03-13 08:12:00,5079.2998046875,5079.7001953125,5077.5,5079.60009765625,130
2026-03-13 08:13:00,5081.39990234375,5081.7001953125,5078.5,5078.7998046875,49
2026-03-13 08:14:00,5082.5,5083.2998046875,5080.0,5081.5,92
2026-03-13 08:15:00,5082.7998046875,5083.39990234375,5081.89990234375,5082.2001953125,99
2026-03-13 08:16:00,5080.39990234375,5083.89990234375,5080.2001953125,5083.0,92
2026-03-13 08:17:00,5081.5,5081.7998046875,5080.10009765625,5080.39990234375,179
2026-03-13 08:18:00,5080.5,5081.7001953125,5078.89990234375,5081.60009765625,132
2026-03-13 08:19:00,5078.2001953125,5080.5,5077.10009765625,5080.5,124
2026-03-13 08:20:00,5076.0,5078.60009765625,5075.60009765625,5078.5,96
2026-03-13 08:21:00,5068.5,5075.89990234375,5068.2998046875,5075.89990234375,172
2026-03-13 08:22:00,5071.0,5072.0,5066.0,5068.39990234375,250
2026-03-13 08:23:00,5072.5,5073.5,5072.0,5072.0,169
2026-03-13 08:24:00,5072.10009765625,5072.10009765625,5069.2001953125,5072.0,151
2026-03-13 08:25:00,5073.0,5074.39990234375,5070.0,5071.2001953125,244
2026-03-13 08:26:00,5074.89990234375,5075.2001953125,5072.7998046875,5072.7998046875,55
2026-03-13 08:27:00,5073.5,5075.7001953125,5073.39990234375,5075.39990234375,106
2026-03-13 08:28:00,5073.7001953125,5073.7001953125,5072.2998046875,5072.60009765625,30
2026-03-13 08:29:00,5075.0,5075.60009765625,5073.60009765625,5073.7001953125,55
2026-03-13 08:30:00,5078.7998046875,5078.7998046875,5074.89990234375,5074.89990234375,87
2026-03-13 08:31:00,5077.7001953125,5078.2001953125,5076.7998046875,5078.2001953125,27
2026-03-13 08:32:00,5079.7998046875,5080.5,5077.89990234375,5077.89990234375,74
2026-03-13 08:33:00,5080.2001953125,5081.39990234375,5078.10009765625,5079.2001953125,68
2026-03-13 08:34:00,5081.7001953125,5082.60009765625,5080.0,5080.2998046875,124
2026-03-13 08:35:00,5082.7001953125,5083.89990234375,5080.7998046875,5081.39990234375,114
2026-03-13 08:36:00,5084.5,5084.60009765625,5081.5,5082.60009765625,109
2026-03-13 08:37:00,5085.0,5085.2001953125,5083.39990234375,5084.89990234375,50
2026-03-13 08:38:00,5086.60009765625,5086.7001953125,5084.60009765625,5084.60009765625,169
2026-03-13 08:39:00,5086.10009765625,5087.39990234375,5084.2001953125,5087.0,307
2026-03-13 08:40:00,5088.10009765625,5088.10009765625,5084.7001953125,5086.10009765625,136
2026-03-13 08:41:00,5087.2001953125,5088.89990234375,5086.60009765625,5087.39990234375,110
2026-03-13 08:42:00,5083.10009765625,5087.60009765625,5083.10009765625,5087.60009765625,94
2026-03-13 08:43:00,5081.7998046875,5084.2998046875,5081.39990234375,5083.39990234375,141
2026-03-13 08:44:00,5081.2001953125,5082.5,5080.7001953125,5082.2001953125,53
2026-03-13 08:45:00,5081.7998046875,5083.0,5080.60009765625,5080.60009765625,87
2026-03-13 08:46:00,5081.89990234375,5083.39990234375,5081.5,5081.89990234375,66
2026-03-13 08:47:00,5080.2998046875,5082.2998046875,5080.2998046875,5081.7998046875,29
2026-03-13 08:48:00,5082.5,5082.89990234375,5081.2001953125,5081.2001953125,49
2026-03-13 08:49:00,5088.2001953125,5088.2001953125,5082.89990234375,5083.10009765625,122
2026-03-13 08:50:00,5090.60009765625,5090.7998046875,5087.60009765625,5087.7001953125,120
2026-03-13 08:51:00,5089.7001953125,5091.60009765625,5089.2998046875,5090.7998046875,90
2026-03-13 08:52:00,5089.10009765625,5089.2001953125,5086.89990234375,5089.2001953125,80
2026-03-13 08:53:00,5088.2001953125,5089.10009765625,5088.0,5088.89990234375,28
2026-03-13 08:54:00,5086.7998046875,5088.60009765625,5086.7001953125,5088.10009765625,42
2026-03-13 08:55:00,5087.10009765625,5087.7001953125,5086.5,5086.7001953125,70
2026-03-13 08:56:00,5089.89990234375,5090.10009765625,5087.2998046875,5087.7001953125,54
2026-03-13 08:57:00,5089.7001953125,5090.39990234375,5088.39990234375,5089.2998046875,30
2026-03-13 08:58:00,5091.39990234375,5091.5,5090.0,5090.0,50
2026-03-13 08:59:00,5092.2001953125,5092.7998046875,5091.2998046875,5091.60009765625,93
2026-03-13 09:00:00,5093.2001953125,5094.39990234375,5091.0,5092.2998046875,124
2026-03-13 09:01:00,5094.39990234375,5095.0,5092.89990234375,5093.39990234375,73
2026-03-13 09:02:00,5096.60009765625,5097.2001953125,5093.89990234375,5094.5,218
2026-03-13 09:03:00,5095.5,5097.0,5095.5,5096.5,87
2026-03-13 09:04:00,5098.2998046875,5098.7998046875,5095.7998046875,5095.7998046875,157
2026-03-13 09:05:00,5100.7001953125,5101.7001953125,5098.5,5098.5,190
2026-03-13 09:06:00,5097.89990234375,5101.89990234375,5097.10009765625,5100.7001953125,172
2026-03-13 09:07:00,5099.10009765625,5100.0,5096.60009765625,5097.89990234375,84
2026-03-13 09:08:00,5098.10009765625,5098.7998046875,5097.39990234375,5098.7998046875,29
2026-03-13 09:09:00,5097.0,5098.2001953125,5097.0,5097.39990234375,37
2026-03-13 09:10:00,5095.7001953125,5096.7998046875,5095.39990234375,5096.5,55
2026-03-13 09:11:00,5097.0,5097.2001953125,5095.10009765625,5095.2001953125,46
2026-03-13 09:12:00,5099.0,5099.0,5097.2998046875,5097.2998046875,53
2026-03-13 09:13:00,5099.2001953125,5101.0,5098.89990234375,5099.2001953125,105
2026-03-13 09:14:00,5097.39990234375,5100.0,5097.2998046875,5099.7998046875,42
2026-03-13 09:15:00,5095.2001953125,5098.0,5094.89990234375,5097.39990234375,93
2026-03-13 09:16:00,5094.0,5095.7998046875,5093.0,5095.60009765625,106
2026-03-13 09:17:00,5094.39990234375,5094.5,5092.60009765625,5093.7998046875,56
2026-03-13 09:18:00,5092.10009765625,5094.7998046875,5091.2998046875,5094.7001953125,194
2026-03-13 09:19:00,5094.0,5094.5,5091.60009765625,5092.60009765625,77
2026-03-13 09:20:00,5093.7001953125,5094.10009765625,5093.10009765625,5094.10009765625,42
2026-03-13 09:21:00,5093.5,5094.2998046875,5092.7998046875,5094.10009765625,21
2026-03-13 09:22:00,5092.60009765625,5093.2001953125,5092.10009765625,5093.2001953125,75
2026-03-13 09:23:00,5091.2001953125,5092.89990234375,5091.2001953125,5092.60009765625,70
2026-03-13 09:24:00,5089.89990234375,5091.5,5088.7998046875,5091.5,70
2026-03-13 09:25:00,5091.2001953125,5091.7001953125,5090.10009765625,5090.2001953125,44
2026-03-13 09:26:00,5091.89990234375,5092.5,5091.2998046875,5091.2998046875,27
2026-03-13 09:27:00,5093.5,5093.7998046875,5091.0,5091.89990234375,68
2026-03-13 09:28:00,5093.2001953125,5093.7001953125,5091.2001953125,5093.60009765625,75
2026-03-13 09:29:00,5096.60009765625,5097.0,5092.89990234375,5092.89990234375,58
2026-03-13 09:30:00,5096.2001953125,5097.60009765625,5096.10009765625,5096.89990234375,71
2026-03-13 09:31:00,5096.89990234375,5097.0,5095.7998046875,5096.39990234375,71
2026-03-13 09:32:00,5093.5,5097.10009765625,5093.5,5096.89990234375,44
2026-03-13 09:33:00,5093.7998046875,5094.39990234375,5093.5,5093.5,25
2026-03-13 09:34:00,5094.5,5095.7001953125,5094.0,5094.0,25
2026-03-13 09:35:00,5094.0,5095.0,5092.7998046875,5094.60009765625,34
2026-03-13 09:36:00,5092.7998046875,5096.39990234375,5092.39990234375,5093.7001953125,185
2026-03-13 09:37:00,5092.39990234375,5093.10009765625,5091.39990234375,5092.2001953125,21
2026-03-13 09:38:00,5094.5,5094.5,5092.2001953125,5092.39990234375,33
2026-03-13 09:39:00,5093.39990234375,5094.7001953125,5093.2998046875,5094.39990234375,34
2026-03-13 09:40:00,5091.7001953125,5093.5,5091.39990234375,5093.39990234375,54
2026-03-13 09:41:00,5089.2998046875,5092.0,5089.2998046875,5091.60009765625,57
2026-03-13 09:42:00,5089.7001953125,5090.0,5087.89990234375,5089.2001953125,106
2026-03-13 09:43:00,5089.7001953125,5090.5,5088.5,5089.7998046875,83
2026-03-13 09:44:00,5089.89990234375,5090.2998046875,5088.7998046875,5089.60009765625,45
2026-03-13 09:45:00,5090.89990234375,5092.39990234375,5089.2998046875,5089.89990234375,142
2026-03-13 09:46:00,5092.5,5092.89990234375,5090.5,5090.7998046875,70
2026-03-13 09:47:00,5092.0,5093.39990234375,5092.0,5092.60009765625,18
2026-03-13 09:48:00,5092.7998046875,5093.2998046875,5092.10009765625,5092.10009765625,20
2026-03-13 09:49:00,5093.39990234375,5093.89990234375,5092.5,5092.7001953125,54
2026-03-13 09:50:00,5093.39990234375,5094.10009765625,5093.2998046875,5093.7001953125,16
2026-03-13 09:51:00,5097.89990234375,5097.89990234375,5094.2001953125,5094.2001953125,67
2026-03-13 09:52:00,5097.5,5098.60009765625,5097.5,5097.60009765625,66
2026-03-13 09:53:00,5095.7998046875,5098.7001953125,5095.2998046875,5097.60009765625,44
2026-03-13 09:54:00,5094.60009765625,5096.0,5094.5,5095.2998046875,54
2026-03-13 09:55:00,5094.5,5094.7998046875,5093.89990234375,5094.2998046875,31
2026-03-13 09:56:00,5097.0,5097.2001953125,5094.7001953125,5094.7001953125,21
2026-03-13 09:57:00,5096.39990234375,5098.0,5096.2001953125,5097.5,16
2026-03-13 09:58:00,5094.60009765625,5096.2998046875,5094.60009765625,5096.2998046875,28
2026-03-13 09:59:00,5094.2998046875,5094.60009765625,5093.89990234375,5094.5,20
2026-03-13 10:00:00,5092.2001953125,5094.5,5092.2001953125,5094.0,32
2026-03-13 10:01:00,5091.2001953125,5092.5,5090.39990234375,5092.2001953125,94
2026-03-13 10:02:00,5092.7998046875,5092.7998046875,5091.10009765625,5091.2001953125,54
2026-03-13 10:03:00,5092.60009765625,5094.0,5092.60009765625,5093.2001953125,23
2026-03-13 10:04:00,5092.89990234375,5092.89990234375,5091.7998046875,5092.39990234375,26
2026-03-13 10:05:00,5095.10009765625,5096.2001953125,5093.2998046875,5093.2998046875,97
2026-03-13 10:06:00,5094.5,5095.2998046875,5094.39990234375,5095.2998046875,73
2026-03-13 10:07:00,5093.39990234375,5095.2001953125,5093.39990234375,5095.10009765625,13
2026-03-13 10:08:00,5094.39990234375,5094.7001953125,5092.89990234375,5093.5,28
2026-03-13 10:09:00,5093.60009765625,5094.5,5091.89990234375,5094.10009765625,81
2026-03-13 10:10:00,5094.10009765625,5094.2001953125,5093.5,5093.60009765625,46
2026-03-13 10:11:00,5093.2001953125,5095.10009765625,5092.10009765625,5094.2998046875,77
2026-03-13 10:12:00,5094.5,5095.2998046875,5093.10009765625,5093.60009765625,41
2026-03-13 10:13:00,5097.0,5097.60009765625,5094.7998046875,5094.7998046875,56
2026-03-13 10:14:00,5098.2001953125,5098.2001953125,5096.2998046875,5096.89990234375,41
2026-03-13 10:15:00,5099.5,5099.60009765625,5097.89990234375,5098.2001953125,52
2026-03-13 10:16:00,5101.2001953125,5101.2001953125,5098.89990234375,5099.2001953125,91
2026-03-13 10:17:00,5100.7998046875,5101.39990234375,5100.7998046875,5101.0,33
2026-03-13 10:18:00,5098.7001953125,5101.10009765625,5098.39990234375,5100.7998046875,71
2026-03-13 10:19:00,5097.0,5098.7998046875,5096.7998046875,5098.10009765625,42
2026-03-13 10:20:00,5098.0,5098.7998046875,5097.5,5097.5,19
2026-03-13 10:21:00,5096.10009765625,5097.10009765625,5095.7001953125,5096.60009765625,34
2026-03-13 10:22:00,5097.2998046875,5097.5,5095.2998046875,5095.60009765625,44
2026-03-13 10:23:00,5096.7998046875,5098.39990234375,5096.5,5098.0,22
2026-03-13 10:24:00,5096.7001953125,5097.39990234375,5096.0,5096.7998046875,56
2026-03-13 10:25:00,5096.7998046875,5097.7998046875,5096.5,5097.0,45
2026-03-13 10:26:00,5096.2001953125,5097.0,5096.10009765625,5096.89990234375,36
2026-03-13 10:27:00,5097.5,5097.7001953125,5096.5,5096.7001953125,68
2026-03-13 10:28:00,5096.89990234375,5097.60009765625,5096.7001953125,5097.10009765625,32
2026-03-13 10:29:00,5094.2001953125,5097.60009765625,5093.0,5097.10009765625,150
2026-03-13 10:30:00,5092.10009765625,5094.39990234375,5090.5,5093.89990234375,114
2026-03-13 10:31:00,5091.39990234375,5092.7998046875,5090.7998046875,5091.60009765625,103
2026-03-13 10:32:00,5090.39990234375,5091.60009765625,5089.10009765625,5091.2001953125,189
2026-03-13 10:33:00,5087.60009765625,5091.7001953125,5085.0,5090.60009765625,382
2026-03-13 10:34:00,5087.39990234375,5088.2001953125,5086.0,5088.0,216
2026-03-13 10:35:00,5089.0,5089.0,5087.39990234375,5087.89990234375,114
2026-03-13 10:36:00,5088.7001953125,5089.89990234375,5087.2998046875,5088.7001953125,67
2026-03-13 10:37:00,5090.2001953125,5090.2998046875,5088.39990234375,5088.5,62
2026-03-13 10:38:00,5090.89990234375,5091.2001953125,5090.2001953125,5090.39990234375,25
2026-03-13 10:39:00,5092.60009765625,5092.60009765625,5089.89990234375,5090.7001953125,42
2026-03-13 10:40:00,5093.39990234375,5093.7001953125,5092.7998046875,5092.89990234375,28
2026-03-13 10:41:00,5093.60009765625,5094.2998046875,5092.89990234375,5093.0,57
2026-03-13 10:42:00,5092.60009765625,5093.2998046875,5091.89990234375,5093.2998046875,227
2026-03-13 10:43:00,5092.2001953125,5092.89990234375,5092.2001953125,5092.5,24
2026-03-13 10:44:00,5092.2998046875,5092.39990234375,5091.5,5092.2001953125,18
2026-03-13 10:45:00,5090.5,5092.2998046875,5090.2998046875,5092.2998046875,54
2026-03-13 10:46:00,5089.89990234375,5091.2001953125,5089.2998046875,5090.60009765625,58
2026-03-13 10:47:00,5095.5,5095.7001953125,5090.10009765625,5090.10009765625,93
2026-03-13 10:48:00,5096.89990234375,5097.89990234375,5095.60009765625,5095.60009765625,60
2026-03-13 10:49:00,5099.5,5099.5,5096.7998046875,5096.7998046875,70
2026-03-13 10:50:00,5101.0,5102.39990234375,5099.2001953125,5099.60009765625,110
2026-03-13 10:51:00,5100.7998046875,5101.7998046875,5100.5,5100.5,94
2026-03-13 10:52:00,5101.39990234375,5101.7998046875,5099.2998046875,5100.7998046875,126
2026-03-13 10:53:00,5101.7001953125,5103.39990234375,5101.0,5101.5,74
2026-03-13 10:54:00,5101.2001953125,5101.89990234375,5100.7998046875,5101.39990234375,31
2026-03-13 10:55:00,5099.89990234375,5101.60009765625,5099.89990234375,5100.89990234375,153
2026-03-13 10:56:00,5101.2001953125,5101.39990234375,5098.39990234375,5100.2001953125,184
2026-03-13 10:57:00,5101.5,5102.39990234375,5100.7001953125,5101.0,129
2026-03-13 10:58:00,5099.89990234375,5101.10009765625,5099.7001953125,5101.10009765625,52
2026-03-13 10:59:00,5099.60009765625,5100.5,5099.2998046875,5100.0,28
2026-03-13 11:00:00,5101.0,5101.0,5098.89990234375,5099.89990234375,51
2026-03-13 11:01:00,5101.89990234375,5102.39990234375,5100.7998046875,5101.89990234375,137
2026-03-13 11:02:00,5098.89990234375,5102.2001953125,5098.5,5102.2001953125,177
2026-03-13 11:03:00,5098.10009765625,5099.2001953125,5096.39990234375,5098.7998046875,185
2026-03-13 11:04:00,5100.10009765625,5100.10009765625,5097.39990234375,5099.0,76
2026-03-13 11:05:00,5100.10009765625,5100.39990234375,5098.5,5099.7001953125,71
2026-03-13 11:06:00,5099.7001953125,5100.5,5098.7998046875,5100.0,60
2026-03-13 11:07:00,5095.7998046875,5099.89990234375,5094.60009765625,5099.89990234375,119
2026-03-13 11:08:00,5093.89990234375,5095.7001953125,5093.2998046875,5095.7001953125,49
2026-03-13 11:09:00,5094.0,5094.60009765625,5092.7001953125,5093.2001953125,88
2026-03-13 11:10:00,5091.7001953125,5094.60009765625,5091.7001953125,5094.5,43
2026-03-13 11:11:00,5092.0,5094.0,5091.10009765625,5092.10009765625,111
2026-03-13 11:12:00,5094.10009765625,5094.10009765625,5091.2001953125,5091.60009765625,62
2026-03-13 11:13:00,5095.0,5095.39990234375,5094.0,5094.0,39
2026-03-13 11:14:00,5095.89990234375,5096.0,5094.89990234375,5094.89990234375,20
2026-03-13 11:15:00,5094.2001953125,5095.5,5094.10009765625,5095.39990234375,30
2026-03-13 11:16:00,5095.10009765625,5096.0,5094.7998046875,5095.2998046875,14
2026-03-13 11:17:00,5097.89990234375,5098.5,5095.7001953125,5096.2001953125,60
2026-03-13 11:18:00,5101.0,5101.0,5097.39990234375,5097.7001953125,65
2026-03-13 11:19:00,5099.89990234375,5100.60009765625,5099.7001953125,5100.60009765625,40
2026-03-13 11:20:00,5099.2001953125,5099.7998046875,5098.39990234375,5099.7001953125,39
2026-03-13 11:21:00,5098.60009765625,5099.5,5097.10009765625,5099.2998046875,77
2026-03-13 11:22:00,5098.60009765625,5098.89990234375,5097.7998046875,5098.89990234375,18
2026-03-13 11:23:00,5099.0,5099.2001953125,5098.0,5098.2998046875,103
2026-03-13 11:24:00,5099.7998046875,5099.89990234375,5098.7001953125,5099.10009765625,49
2026-03-13 11:25:00,5100.10009765625,5100.60009765625,5099.5,5099.60009765625,31
2026-03-13 11:26:00,5100.7001953125,5102.5,5100.2998046875,5100.2998046875,419
2026-03-13 11:27:00,5101.10009765625,5102.0,5100.2998046875,5100.60009765625,60
2026-03-13 11:28:00,5101.10009765625,5101.5,5100.2998046875,5101.39990234375,39
2026-03-13 11:29:00,5100.60009765625,5101.2998046875,5099.10009765625,5101.2998046875,30
2026-03-13 11:30:00,5098.2001953125,5100.89990234375,5097.60009765625,5100.89990234375,41
2026-03-13 11:31:00,5099.2001953125,5099.39990234375,5096.89990234375,5097.39990234375,48
2026-03-13 11:32:00,5099.0,5099.2998046875,5098.0,5098.5,56
2026-03-13 11:33:00,5098.89990234375,5099.89990234375,5098.7998046875,5099.5,64
2026-03-13 11:34:00,5099.5,5099.7998046875,5098.39990234375,5098.39990234375,74
2026-03-13 11:35:00,5099.60009765625,5100.7001953125,5099.5,5099.5,83
2026-03-13 11:36:00,5098.5,5099.60009765625,5098.5,5099.60009765625,25
2026-03-13 11:37:00,5098.7998046875,5100.2001953125,5097.5,5097.60009765625,160
2026-03-13 11:38:00,5098.2998046875,5099.60009765625,5098.2998046875,5098.2998046875,52
2026-03-13 11:39:00,5099.89990234375,5100.7001953125,5097.2001953125,5097.89990234375,76
2026-03-13 11:40:00,5099.89990234375,5100.2001953125,5098.2998046875,5099.7001953125,28
2026-03-13 11:41:00,5100.0,5101.10009765625,5099.89990234375,5100.39990234375,32
2026-03-13 11:42:00,5099.2998046875,5099.7001953125,5099.10009765625,5099.2998046875,28
2026-03-13 11:43:00,5098.7001953125,5099.10009765625,5098.2998046875,5099.10009765625,11
2026-03-13 11:44:00,5099.2001953125,5099.89990234375,5098.2998046875,5099.0,60
2026-03-13 11:45:00,5101.7001953125,5102.7998046875,5100.10009765625,5100.10009765625,183
2026-03-13 11:46:00,5100.60009765625,5102.7998046875,5100.2998046875,5101.89990234375,130
2026-03-13 11:47:00,5098.2998046875,5100.0,5097.39990234375,5100.0,97
2026-03-13 11:48:00,5098.89990234375,5098.89990234375,5096.89990234375,5098.2998046875,68
2026-03-13 11:49:00,5099.10009765625,5101.60009765625,5098.7001953125,5098.7001953125,85
2026-03-13 11:50:00,5099.39990234375,5099.7001953125,5098.5,5099.0,45
2026-03-13 11:51:00,5100.89990234375,5101.2001953125,5098.89990234375,5099.5,83
2026-03-13 11:52:00,5099.7001953125,5101.10009765625,5099.60009765625,5100.89990234375,19
2026-03-13 11:53:00,5099.7001953125,5100.39990234375,5099.10009765625,5099.2001953125,13
2026-03-13 11:54:00,5100.39990234375,5100.7001953125,5099.2001953125,5099.2998046875,50
2026-03-13 11:55:00,5101.2998046875,5102.7001953125,5099.89990234375,5100.5,56
2026-03-13 11:56:00,5103.10009765625,5103.2998046875,5101.5,5101.5,37
2026-03-13 11:57:00,5108.5,5109.0,5102.7998046875,5103.5,318
2026-03-13 11:58:00,5111.7001953125,5111.7001953125,5107.60009765625,5108.2001953125,350
2026-03-13 11:59:00,5112.89990234375,5112.89990234375,5111.0,5112.0,94
2026-03-13 12:00:00,5116.2998046875,5116.7001953125,5112.7001953125,5113.0,203
2026-03-13 12:01:00,5121.39990234375,5122.7001953125,5115.2998046875,5116.2998046875,290
2026-03-13 12:02:00,5119.7001953125,5124.2001953125,5119.2998046875,5121.89990234375,223
2026-03-13 12:03:00,5122.0,5123.0,5119.2998046875,5119.39990234375,127
2026-03-13 12:04:00,5119.7001953125,5122.5,5118.89990234375,5122.39990234375,147
2026-03-13 12:05:00,5120.0,5121.0,5118.10009765625,5119.39990234375,145
2026-03-13 12:06:00,5121.7001953125,5122.2998046875,5119.39990234375,5119.7998046875,85
2026-03-13 12:07:00,5119.2001953125,5122.10009765625,5118.10009765625,5122.10009765625,390
2026-03-13 12:08:00,5116.0,5119.2001953125,5115.2998046875,5119.2001953125,120
2026-03-13 12:09:00,5115.60009765625,5117.2001953125,5114.39990234375,5116.0,206
2026-03-13 12:10:00,5116.60009765625,5116.89990234375,5115.0,5115.7001953125,52
2026-03-13 12:11:00,5112.89990234375,5116.10009765625,5112.7001953125,5116.10009765625,95
2026-03-13 12:12:00,5114.89990234375,5115.2001953125,5113.2001953125,5113.2001953125,45
2026-03-13 12:13:00,5113.2998046875,5115.2001953125,5113.0,5114.89990234375,82
2026-03-13 12:14:00,5114.2998046875,5114.7001953125,5113.2001953125,5113.7001953125,25
2026-03-13 12:15:00,5111.7001953125,5114.60009765625,5111.39990234375,5113.89990234375,99
2026-03-13 12:16:00,5111.2998046875,5113.0,5110.7001953125,5111.7001953125,117
2026-03-13 12:17:00,5111.7001953125,5111.7001953125,5110.60009765625,5111.5,46
2026-03-13 12:18:00,5112.7001953125,5113.89990234375,5111.2001953125,5112.0,93
2026-03-13 12:19:00,5112.60009765625,5112.7001953125,5109.7998046875,5112.5,102
2026-03-13 12:20:00,5114.2001953125,5114.2998046875,5111.0,5112.5,208
2026-03-13 12:21:00,5116.60009765625,5116.7001953125,5113.7998046875,5114.2001953125,148
2026-03-13 12:22:00,5118.7001953125,5119.60009765625,5116.7001953125,5116.7001953125,82
2026-03-13 12:23:00,5117.2998046875,5118.89990234375,5116.89990234375,5118.39990234375,76
2026-03-13 12:24:00,5119.10009765625,5119.60009765625,5116.60009765625,5117.7001953125,226
2026-03-13 12:25:00,5120.60009765625,5121.2001953125,5119.0,5119.39990234375,127
2026-03-13 12:26:00,5117.5,5120.7001953125,5117.39990234375,5119.89990234375,114
2026-03-13 12:27:00,5119.0,5119.10009765625,5116.89990234375,5118.10009765625,69
2026-03-13 12:28:00,5120.60009765625,5120.60009765625,5119.0,5119.5,75
2026-03-13 12:29:00,5119.60009765625,5120.7001953125,5119.10009765625,5120.5,29
2026-03-13 12:30:00,5121.7998046875,5122.89990234375,5120.0,5121.7998046875,196
2026-03-13 12:31:00,5119.5,5122.60009765625,5118.39990234375,5122.0,123
2026-03-13 12:32:00,5118.60009765625,5120.2001953125,5118.10009765625,5119.7998046875,121
2026-03-13 12:33:00,5121.39990234375,5121.60009765625,5118.39990234375,5119.2998046875,98
2026-03-13 12:34:00,5120.2001953125,5122.2001953125,5119.89990234375,5121.2998046875,149
2026-03-13 12:35:00,5120.60009765625,5122.39990234375,5120.2001953125,5120.7001953125,198
2026-03-13 12:36:00,5121.0,5121.0,5119.2998046875,5120.7001953125,78
2026-03-13 12:37:00,5118.7998046875,5121.5,5118.2001953125,5121.39990234375,83
2026-03-13 12:38:00,5117.7998046875,5119.10009765625,5117.39990234375,5118.60009765625,68
2026-03-13 12:39:00,5119.2998046875,5120.10009765625,5117.0,5117.2998046875,51
2026-03-13 12:40:00,5120.0,5122.2001953125,5117.7001953125,5119.7001953125,118
2026-03-13 12:41:00,5117.7001953125,5120.2998046875,5117.39990234375,5120.2998046875,60
2026-03-13 12:42:00,5116.2998046875,5117.39990234375,5115.7998046875,5117.39990234375,118
2026-03-13 12:43:00,5115.7001953125,5116.39990234375,5114.7001953125,5116.39990234375,86
2026-03-13 12:44:00,5118.2998046875,5118.2998046875,5114.39990234375,5115.60009765625,123
2026-03-13 12:45:00,5122.60009765625,5123.7998046875,5117.5,5118.60009765625,337
2026-03-13 12:46:00,5125.60009765625,5127.60009765625,5121.7998046875,5123.60009765625,445
2026-03-13 12:47:00,5125.2998046875,5127.10009765625,5124.2998046875,5125.2998046875,83
2026-03-13 12:48:00,5125.7998046875,5127.7998046875,5125.10009765625,5125.60009765625,244
2026-03-13 12:49:00,5127.60009765625,5128.5,5124.60009765625,5125.39990234375,173
2026-03-13 12:50:00,5126.89990234375,5127.39990234375,5125.7001953125,5127.39990234375,81
2026-03-13 12:51:00,5124.7998046875,5127.2001953125,5123.2001953125,5126.89990234375,157
2026-03-13 12:52:00,5124.2998046875,5125.39990234375,5123.7001953125,5124.7998046875,96
2026-03-13 12:53:00,5123.0,5125.10009765625,5122.39990234375,5124.5,107
2026-03-13 12:54:00,5123.60009765625,5124.7001953125,5121.2001953125,5122.5,101
2026-03-13 12:55:00,5125.2001953125,5125.7001953125,5124.0,5124.0,74
2026-03-13 12:56:00,5125.39990234375,5126.7998046875,5125.0,5125.0,71
2026-03-13 12:57:00,5122.7998046875,5125.7001953125,5122.7998046875,5125.7001953125,38
2026-03-13 12:58:00,5122.2998046875,5123.0,5122.10009765625,5122.89990234375,26
2026-03-13 12:59:00,5124.39990234375,5124.39990234375,5122.60009765625,5123.0,112
2026-03-13 13:00:00,5123.7001953125,5125.2998046875,5121.0,5124.60009765625,240
2026-03-13 13:01:00,5125.7998046875,5127.7001953125,5123.89990234375,5123.89990234375,147
2026-03-13 13:02:00,5122.7998046875,5127.0,5122.60009765625,5126.0,159
2026-03-13 13:03:00,5122.7001953125,5126.2001953125,5119.7001953125,5122.7001953125,245
2026-03-13 13:04:00,5126.5,5126.5,5123.0,5123.0,107
2026-03-13 13:05:00,5127.0,5127.89990234375,5126.2001953125,5126.7001953125,122
2026-03-13 13:06:00,5125.39990234375,5127.2001953125,5124.2998046875,5126.89990234375,141
2026-03-13 13:07:00,5124.5,5125.89990234375,5123.60009765625,5125.39990234375,95
2026-03-13 13:08:00,5123.2001953125,5126.2998046875,5122.2998046875,5124.7001953125,79
2026-03-13 13:09:00,5120.10009765625,5123.60009765625,5119.5,5122.7998046875,143
2026-03-13 13:10:00,5117.2998046875,5120.2998046875,5116.89990234375,5120.0,147
2026-03-13 13:11:00,5119.0,5120.7998046875,5116.2998046875,5116.89990234375,404
2026-03-13 13:12:00,5119.10009765625,5119.2998046875,5116.60009765625,5119.10009765625,100
2026-03-13 13:13:00,5117.2001953125,5120.10009765625,5116.5,5118.89990234375,95
2026-03-13 13:14:00,5118.7001953125,5118.7001953125,5116.10009765625,5117.0,71
2026-03-13 13:15:00,5119.39990234375,5120.89990234375,5118.89990234375,5118.89990234375,137
2026-03-13 13:16:00,5118.2001953125,5120.5,5116.89990234375,5119.5,70
2026-03-13 13:17:00,5117.2998046875,5119.10009765625,5116.2998046875,5118.10009765625,68
2026-03-13 13:18:00,5118.5,5119.2998046875,5115.5,5117.39990234375,112
2026-03-13 13:19:00,5117.7001953125,5119.39990234375,5117.10009765625,5118.0,46
2026-03-13 13:20:00,5119.2001953125,5121.10009765625,5118.7001953125,5118.7001953125,87
2026-03-13 13:21:00,5118.39990234375,5119.60009765625,5118.0,5119.60009765625,8
2026-03-13 13:22:00,5118.5,5119.10009765625,5117.60009765625,5118.10009765625,34
2026-03-13 13:23:00,5118.39990234375,5119.7998046875,5118.39990234375,5119.0,164
2026-03-13 13:24:00,5119.10009765625,5119.60009765625,5118.2001953125,5118.60009765625,52
2026-03-13 13:25:00,5114.89990234375,5119.5,5114.10009765625,5119.5,80
2026-03-13 13:26:00,5114.2998046875,5115.5,5113.89990234375,5114.5,76
2026-03-13 13:27:00,5113.7998046875,5115.2998046875,5113.2998046875,5114.7998046875,95
2026-03-13 13:28:00,5115.89990234375,5115.89990234375,5113.7001953125,5113.7998046875,76
2026-03-13 13:29:00,5114.60009765625,5115.5,5113.7001953125,5115.39990234375,80
2026-03-13 13:30:00,5112.5,5115.2001953125,5111.10009765625,5114.2998046875,260
2026-03-13 13:31:00,5111.0,5113.7001953125,5110.2998046875,5112.60009765625,257
2026-03-13 13:32:00,5111.7998046875,5113.2001953125,5110.2001953125,5111.10009765625,134
2026-03-13 13:33:00,5108.7001953125,5112.60009765625,5108.39990234375,5111.7998046875,199
2026-03-13 13:34:00,5108.60009765625,5109.7001953125,5106.2001953125,5109.0,257
2026-03-13 13:35:00,5107.60009765625,5108.60009765625,5106.10009765625,5108.2001953125,193
2026-03-13 13:36:00,5105.0,5107.5,5102.10009765625,5107.10009765625,359
2026-03-13 13:37:00,5110.2001953125,5112.39990234375,5105.60009765625,5105.60009765625,317
2026-03-13 13:38:00,5110.60009765625,5112.10009765625,5108.7001953125,5110.2001953125,152
2026-03-13 13:39:00,5112.7998046875,5114.7001953125,5110.5,5110.60009765625,138
2026-03-13 13:40:00,5113.7001953125,5113.7998046875,5111.7998046875,5112.7001953125,171
2026-03-13 13:41:00,5111.2001953125,5114.10009765625,5109.39990234375,5113.2998046875,108
2026-03-13 13:42:00,5109.5,5111.2001953125,5109.0,5110.5,148
2026-03-13 13:43:00,5113.60009765625,5113.89990234375,5109.60009765625,5109.60009765625,171
2026-03-13 13:44:00,5118.10009765625,5118.5,5112.7998046875,5113.7001953125,219
2026-03-13 13:45:00,5121.7998046875,5123.2001953125,5118.10009765625,5118.10009765625,389
2026-03-13 13:46:00,5121.89990234375,5122.10009765625,5119.7998046875,5121.2001953125,115
2026-03-13 13:47:00,5120.2998046875,5121.60009765625,5119.0,5120.89990234375,129
2026-03-13 13:48:00,5118.7998046875,5120.7001953125,5117.7001953125,5120.2998046875,164
2026-03-13 13:49:00,5117.60009765625,5118.7001953125,5116.0,5118.60009765625,168
2026-03-13 13:50:00,5115.10009765625,5118.0,5115.10009765625,5117.0,88
2026-03-13 13:51:00,5114.60009765625,5115.89990234375,5113.10009765625,5115.0,125
2026-03-13 13:52:00,5114.0,5115.10009765625,5112.5,5114.39990234375,64
2026-03-13 13:53:00,5115.2998046875,5116.60009765625,5113.0,5114.5,165
2026-03-13 13:54:00,5115.0,5116.2998046875,5114.5,5114.89990234375,87
2026-03-13 13:55:00,5110.60009765625,5114.7001953125,5109.7998046875,5114.7001953125,149
2026-03-13 13:56:00,5110.2001953125,5112.2001953125,5109.5,5111.0,165
2026-03-13 13:57:00,5107.5,5110.0,5106.10009765625,5109.5,103
2026-03-13 13:58:00,5106.7001953125,5107.7001953125,5105.2998046875,5107.7001953125,110
2026-03-13 13:59:00,5107.5,5108.2998046875,5106.5,5106.7001953125,334
2026-03-13 14:00:00,5105.2001953125,5108.5,5098.60009765625,5107.10009765625,437
2026-03-13 14:01:00,5107.60009765625,5107.60009765625,5102.10009765625,5105.0,186
2026-03-13 14:02:00,5107.2998046875,5109.2001953125,5106.0,5107.7998046875,91
2026-03-13 14:03:00,5109.7001953125,5110.7998046875,5107.39990234375,5109.2001953125,139
2026-03-13 14:04:00,5111.5,5112.39990234375,5109.2001953125,5109.5,224
2026-03-13 14:05:00,5112.10009765625,5114.0,5111.2001953125,5111.2998046875,140
2026-03-13 14:06:00,5111.89990234375,5112.7998046875,5110.10009765625,5112.0,111
2026-03-13 14:07:00,5109.60009765625,5114.10009765625,5108.7998046875,5111.7001953125,110
2026-03-13 14:08:00,5106.89990234375,5108.39990234375,5105.89990234375,5108.39990234375,187
2026-03-13 14:09:00,5106.10009765625,5107.5,5105.0,5106.10009765625,170
2026-03-13 14:10:00,5104.0,5106.89990234375,5103.89990234375,5106.10009765625,158
2026-03-13 14:11:00,5105.10009765625,5107.0,5103.7001953125,5104.5,248
2026-03-13 14:12:00,5101.2001953125,5105.2998046875,5099.89990234375,5105.2998046875,169
2026-03-13 14:13:00,5099.60009765625,5101.60009765625,5098.7998046875,5101.5,138
2026-03-13 14:14:00,5095.2001953125,5100.2001953125,5095.2001953125,5100.0,433
2026-03-13 14:15:00,5096.60009765625,5098.2998046875,5095.10009765625,5095.5,386
2026-03-13 14:16:00,5093.89990234375,5100.2998046875,5093.0,5097.2001953125,270
2026-03-13 14:17:00,5089.2001953125,5094.10009765625,5088.39990234375,5093.60009765625,588
2026-03-13 14:18:00,5092.7001953125,5093.10009765625,5088.39990234375,5089.10009765625,168
2026-03-13 14:19:00,5095.2001953125,5095.89990234375,5091.10009765625,5092.5,205
2026-03-13 14:20:00,5095.60009765625,5098.0,5094.60009765625,5095.2998046875,180
2026-03-13 14:21:00,5095.2001953125,5095.89990234375,5093.2998046875,5095.5,103
2026-03-13 14:22:00,5093.5,5095.89990234375,5092.89990234375,5095.7001953125,185
2026-03-13 14:23:00,5095.2001953125,5096.60009765625,5093.5,5093.89990234375,117
2026-03-13 14:24:00,5096.39990234375,5097.0,5094.2998046875,5095.0,72
2026-03-13 14:25:00,5094.7998046875,5098.5,5094.7998046875,5096.60009765625,133
2026-03-13 14:26:00,5095.5,5096.7001953125,5093.2998046875,5094.60009765625,80
2026-03-13 14:27:00,5094.7998046875,5097.39990234375,5094.7998046875,5096.0,56
2026-03-13 14:28:00,5094.60009765625,5094.60009765625,5090.7001953125,5093.89990234375,116
2026-03-13 14:29:00,5094.5,5096.7001953125,5094.2001953125,5094.5,100
2026-03-13 14:30:00,5091.60009765625,5094.60009765625,5090.7998046875,5094.2998046875,120
2026-03-13 14:31:00,5090.89990234375,5094.0,5089.89990234375,5091.60009765625,217
2026-03-13 14:32:00,5095.2001953125,5095.7001953125,5089.5,5091.0,158
2026-03-13 14:33:00,5095.60009765625,5097.2998046875,5095.2001953125,5095.5,105
2026-03-13 14:34:00,5095.2001953125,5096.60009765625,5093.60009765625,5096.60009765625,44
2026-03-13 14:35:00,5088.5,5095.2998046875,5088.5,5094.7001953125,113
2026-03-13 14:36:00,5088.10009765625,5090.7998046875,5087.2001953125,5088.39990234375,340
2026-03-13 14:37:00,5092.39990234375,5094.7001953125,5088.7001953125,5088.7001953125,160
2026-03-13 14:38:00,5091.2998046875,5093.39990234375,5089.10009765625,5092.39990234375,170
2026-03-13 14:39:00,5088.7998046875,5091.2001953125,5088.5,5091.2001953125,61
2026-03-13 14:40:00,5083.39990234375,5088.7001953125,5080.0,5088.5,719
2026-03-13 14:41:00,5081.5,5085.0,5080.5,5083.39990234375,167
2026-03-13 14:42:00,5082.0,5083.39990234375,5079.39990234375,5081.10009765625,243
2026-03-13 14:43:00,5083.2001953125,5085.60009765625,5080.89990234375,5081.2998046875,153
2026-03-13 14:44:00,5084.5,5085.2998046875,5082.7998046875,5082.7998046875,281
2026-03-13 14:45:00,5078.89990234375,5084.2001953125,5078.39990234375,5084.2001953125,527
2026-03-13 14:46:00,5081.7001953125,5082.39990234375,5076.60009765625,5078.39990234375,190
2026-03-13 14:47:00,5082.7001953125,5083.7998046875,5081.60009765625,5082.2001953125,161
2026-03-13 14:48:00,5082.0,5084.2998046875,5082.0,5083.7001953125,138
2026-03-13 14:49:00,5082.7001953125,5084.39990234375,5079.60009765625,5080.7001953125,163
2026-03-13 14:50:00,5075.10009765625,5083.5,5073.60009765625,5082.5,441
2026-03-13 14:51:00,5071.0,5076.10009765625,5071.0,5074.60009765625,265
2026-03-13 14:52:00,5064.60009765625,5071.5,5064.10009765625,5070.60009765625,661
2026-03-13 14:53:00,5064.60009765625,5066.0,5062.10009765625,5064.5,472
2026-03-13 14:54:00,5068.7998046875,5069.2998046875,5064.7001953125,5065.0,397
2026-03-13 14:55:00,5052.10009765625,5068.7001953125,5048.7001953125,5068.2998046875,1376
2026-03-13 14:56:00,5041.7998046875,5054.5,5041.2001953125,5052.2001953125,1435
2026-03-13 14:57:00,5047.0,5050.10009765625,5039.2998046875,5041.60009765625,1430
2026-03-13 14:58:00,5047.2001953125,5052.89990234375,5046.60009765625,5046.7001953125,662
2026-03-13 14:59:00,5045.7998046875,5052.10009765625,5045.2001953125,5047.2998046875,508
2026-03-13 15:00:00,5050.0,5051.7001953125,5042.2001953125,5045.89990234375,858
2026-03-13 15:01:00,5048.7998046875,5052.5,5047.2998046875,5050.5,993
2026-03-13 15:02:00,5047.7001953125,5049.60009765625,5045.7998046875,5048.7998046875,443
2026-03-13 15:03:00,5051.5,5054.0,5046.89990234375,5047.7001953125,395
2026-03-13 15:04:00,5054.0,5055.60009765625,5051.7001953125,5051.7001953125,580
2026-03-13 15:05:00,5059.10009765625,5061.60009765625,5053.10009765625,5053.60009765625,627
2026-03-13 15:06:00,5059.0,5061.60009765625,5057.0,5059.2998046875,285
2026-03-13 15:07:00,5062.2998046875,5064.60009765625,5058.7001953125,5059.2001953125,381
2026-03-13 15:08:00,5065.39990234375,5066.2998046875,5061.5,5062.39990234375,487
2026-03-13 15:09:00,5068.89990234375,5069.39990234375,5063.39990234375,5065.89990234375,507
2026-03-13 15:10:00,5068.5,5071.0,5068.39990234375,5069.39990234375,878
2026-03-13 15:11:00,5065.2998046875,5068.7001953125,5064.60009765625,5068.39990234375,380
2026-03-13 15:12:00,5074.39990234375,5074.39990234375,5065.2998046875,5065.60009765625,607
2026-03-13 15:13:00,5074.89990234375,5076.0,5071.60009765625,5074.39990234375,330
2026-03-13 15:14:00,5074.2001953125,5075.89990234375,5073.39990234375,5074.7001953125,195
2026-03-13 15:15:00,5073.2001953125,5074.10009765625,5070.39990234375,5073.7001953125,211
2026-03-13 15:16:00,5071.2001953125,5074.0,5070.7001953125,5073.0,152
2026-03-13 15:17:00,5074.7001953125,5076.2001953125,5070.7001953125,5070.89990234375,153
2026-03-13 15:18:00,5070.2998046875,5074.60009765625,5070.2998046875,5074.39990234375,109
2026-03-13 15:19:00,5067.7001953125,5070.60009765625,5067.0,5070.2998046875,189
2026-03-13 15:20:00,5067.5,5068.60009765625,5064.2998046875,5067.2001953125,320
2026-03-13 15:21:00,5070.89990234375,5071.7998046875,5066.39990234375,5066.7001953125,145
2026-03-13 15:22:00,5072.2998046875,5073.89990234375,5070.2998046875,5071.2001953125,161
2026-03-13 15:23:00,5067.39990234375,5071.89990234375,5067.2001953125,5071.7001953125,115
2026-03-13 15:24:00,5064.0,5067.0,5063.10009765625,5067.0,331
2026-03-13 15:25:00,5062.39990234375,5064.39990234375,5062.2998046875,5063.5,103
2026-03-13 15:26:00,5063.89990234375,5064.5,5061.5,5062.60009765625,179
2026-03-13 15:27:00,5067.0,5068.0,5063.10009765625,5064.2001953125,200
2026-03-13 15:28:00,5070.60009765625,5072.0,5067.2998046875,5067.2998046875,256
2026-03-13 15:29:00,5067.7001953125,5070.7998046875,5067.39990234375,5070.2998046875,173
2026-03-13 15:30:00,5070.5,5072.2998046875,5067.10009765625,5067.2998046875,264
2026-03-13 15:31:00,5067.7001953125,5072.7998046875,5067.0,5070.7001953125,95
2026-03-13 15:32:00,5065.89990234375,5068.7001953125,5065.89990234375,5068.2001953125,83
2026-03-13 15:33:00,5066.2998046875,5068.2998046875,5063.7001953125,5066.0,118
2026-03-13 15:34:00,5069.0,5070.39990234375,5065.7998046875,5066.5,147
2026-03-13 15:35:00,5066.2998046875,5070.5,5066.2001953125,5070.5,148
2026-03-13 15:36:00,5063.0,5066.60009765625,5062.39990234375,5066.60009765625,108
2026-03-13 15:37:00,5065.2998046875,5065.60009765625,5062.0,5062.60009765625,122
2026-03-13 15:38:00,5065.7998046875,5065.7998046875,5062.2001953125,5064.89990234375,518
2026-03-13 15:39:00,5061.39990234375,5065.7001953125,5061.0,5065.5,115
2026-03-13 15:40:00,5056.7001953125,5063.2001953125,5056.2001953125,5061.2998046875,342
2026-03-13 15:41:00,5055.5,5058.10009765625,5054.2001953125,5056.60009765625,250
2026-03-13 15:42:00,5053.0,5056.0,5053.0,5054.89990234375,404
2026-03-13 15:43:00,5047.7998046875,5052.7998046875,5047.2001953125,5052.60009765625,294
2026-03-13 15:44:00,5051.89990234375,5052.5,5046.5,5048.2998046875,215
2026-03-13 15:45:00,5054.5,5055.5,5050.60009765625,5050.89990234375,184
2026-03-13 15:46:00,5049.7001953125,5055.60009765625,5047.39990234375,5055.0,283
2026-03-13 15:47:00,5060.2001953125,5062.10009765625,5048.89990234375,5049.39990234375,1252
2026-03-13 15:48:00,5058.10009765625,5060.89990234375,5056.2998046875,5060.89990234375,198
2026-03-13 15:49:00,5053.39990234375,5059.0,5052.0,5058.0,179
2026-03-13 15:50:00,5056.2998046875,5057.0,5053.10009765625,5054.0,119
2026-03-13 15:51:00,5053.89990234375,5058.2001953125,5053.5,5055.39990234375,109
2026-03-13 15:52:00,5048.89990234375,5054.10009765625,5048.39990234375,5054.10009765625,601
2026-03-13 15:53:00,5044.2998046875,5051.0,5043.60009765625,5048.60009765625,914
2026-03-13 15:54:00,5041.60009765625,5046.60009765625,5040.39990234375,5044.39990234375,497
2026-03-13 15:55:00,5043.10009765625,5044.0,5032.2001953125,5041.10009765625,1009
2026-03-13 15:56:00,5048.10009765625,5048.10009765625,5043.10009765625,5043.2998046875,457
2026-03-13 15:57:00,5044.0,5049.5,5043.7998046875,5048.5,203
2026-03-13 15:58:00,5044.89990234375,5046.0,5043.0,5043.60009765625,115
2026-03-13 15:59:00,5039.10009765625,5046.0,5036.89990234375,5045.2001953125,514
2026-03-13 16:00:00,5036.5,5039.2998046875,5030.89990234375,5038.7998046875,1831
2026-03-13 16:01:00,5039.7998046875,5042.39990234375,5036.0,5036.2998046875,397
2026-03-13 16:02:00,5031.2998046875,5040.2998046875,5028.89990234375,5039.60009765625,471
2026-03-13 16:03:00,5034.89990234375,5036.89990234375,5031.2001953125,5031.2001953125,303
2026-03-13 16:04:00,5031.7998046875,5036.10009765625,5030.5,5035.10009765625,408
2026-03-13 16:05:00,5035.7001953125,5037.60009765625,5029.2998046875,5031.10009765625,642
2026-03-13 16:06:00,5034.2998046875,5036.0,5022.7998046875,5036.0,778
2026-03-13 16:07:00,5037.2998046875,5039.0,5034.2001953125,5034.2998046875,381
2026-03-13 16:08:00,5038.39990234375,5038.7001953125,5034.5,5037.2998046875,190
2026-03-13 16:09:00,5041.2001953125,5041.39990234375,5037.5,5038.39990234375,229
2026-03-13 16:10:00,5043.0,5045.10009765625,5040.5,5041.5,397
2026-03-13 16:11:00,5044.0,5044.60009765625,5040.7998046875,5042.7001953125,332
2026-03-13 16:12:00,5040.60009765625,5044.60009765625,5040.60009765625,5044.2001953125,195
2026-03-13 16:13:00,5030.60009765625,5041.39990234375,5030.10009765625,5041.2001953125,312
2026-03-13 16:14:00,5036.39990234375,5036.89990234375,5028.60009765625,5030.5,258
2026-03-13 16:15:00,5037.7001953125,5039.2001953125,5035.10009765625,5035.7001953125,187
2026-03-13 16:16:00,5035.2001953125,5039.2998046875,5035.10009765625,5037.60009765625,169
2026-03-13 16:17:00,5039.2001953125,5040.60009765625,5035.2998046875,5035.5,150
2026-03-13 16:18:00,5041.0,5041.7001953125,5038.2001953125,5039.2001953125,168
2026-03-13 16:19:00,5035.2998046875,5041.89990234375,5034.2998046875,5041.10009765625,153
2026-03-13 16:20:00,5039.2001953125,5039.7001953125,5034.7001953125,5035.2001953125,181
2026-03-13 16:21:00,5038.2001953125,5039.7001953125,5036.10009765625,5039.60009765625,65
2026-03-13 16:22:00,5040.10009765625,5041.0,5037.7998046875,5039.60009765625,75
2026-03-13 16:23:00,5042.10009765625,5042.2998046875,5038.39990234375,5040.10009765625,188
2026-03-13 16:24:00,5043.5,5043.7998046875,5041.60009765625,5042.2001953125,164
2026-03-13 16:25:00,5044.0,5045.5,5042.5,5043.7001953125,359
2026-03-13 16:26:00,5040.0,5045.60009765625,5039.7001953125,5044.2001953125,213
2026-03-13 16:27:00,5038.2001953125,5040.89990234375,5038.10009765625,5040.2001953125,355
2026-03-13 16:28:00,5042.10009765625,5042.39990234375,5038.2001953125,5038.89990234375,126
2026-03-13 16:29:00,5044.7998046875,5045.89990234375,5041.7998046875,5041.7998046875,217
2026-03-13 16:30:00,5048.2998046875,5049.0,5044.2001953125,5045.2001953125,418
2026-03-13 16:31:00,5049.2001953125,5050.10009765625,5047.10009765625,5048.2001953125,220
2026-03-13 16:32:00,5050.5,5052.10009765625,5047.89990234375,5049.5,183
2026-03-13 16:33:00,5050.7998046875,5053.7001953125,5050.7001953125,5050.89990234375,249
2026-03-13 16:34:00,5049.0,5050.7998046875,5048.2998046875,5050.60009765625,130
2026-03-13 16:35:00,5051.2998046875,5052.2001953125,5048.60009765625,5048.60009765625,163
2026-03-13 16:36:00,5055.2001953125,5057.0,5051.2998046875,5051.2998046875,187
2026-03-13 16:37:00,5053.2998046875,5055.60009765625,5050.60009765625,5055.60009765625,170
2026-03-13 16:38:00,5051.0,5054.7001953125,5051.0,5053.39990234375,86
2026-03-13 16:39:00,5049.89990234375,5051.5,5049.2001953125,5051.0,88
2026-03-13 16:40:00,5050.39990234375,5052.2998046875,5049.60009765625,5049.7998046875,100
2026-03-13 16:41:00,5051.89990234375,5052.7001953125,5049.2998046875,5050.39990234375,96
2026-03-13 16:42:00,5053.2001953125,5053.89990234375,5051.2998046875,5051.5,47
2026-03-13 16:43:00,5049.89990234375,5053.2998046875,5048.60009765625,5053.2998046875,86
2026-03-13 16:44:00,5048.60009765625,5050.0,5047.2998046875,5049.7001953125,241
2026-03-13 16:45:00,5048.7001953125,5049.39990234375,5047.5,5049.39990234375,53
2026-03-13 16:46:00,5047.2998046875,5050.0,5046.7998046875,5048.7998046875,88
2026-03-13 16:47:00,5046.2998046875,5048.7998046875,5046.10009765625,5047.39990234375,232
2026-03-13 16:48:00,5047.39990234375,5048.2998046875,5045.60009765625,5046.60009765625,74
2026-03-13 16:49:00,5047.89990234375,5048.0,5046.39990234375,5047.39990234375,50
2026-03-13 16:50:00,5051.2998046875,5051.60009765625,5046.7001953125,5047.89990234375,141
2026-03-13 16:51:00,5054.0,5054.0,5050.39990234375,5050.39990234375,91
2026-03-13 16:52:00,5055.7998046875,5056.0,5052.89990234375,5053.7998046875,158
2026-03-13 16:53:00,5054.2998046875,5055.7001953125,5053.5,5055.7001953125,120
2026-03-13 16:54:00,5053.2998046875,5055.2001953125,5053.0,5054.7998046875,93
2026-03-13 16:55:00,5053.2998046875,5055.0,5052.7998046875,5053.2998046875,130
2026-03-13 16:56:00,5050.10009765625,5053.7001953125,5050.10009765625,5053.0,81
2026-03-13 16:57:00,5051.60009765625,5052.7998046875,5048.7998046875,5049.39990234375,97
2026-03-13 16:58:00,5050.5,5052.2001953125,5050.39990234375,5051.39990234375,100
2026-03-13 16:59:00,5050.60009765625,5051.10009765625,5049.89990234375,5050.2001953125,97
2026-03-13 17:00:00,5051.7998046875,5053.7998046875,5049.89990234375,5050.10009765625,173
2026-03-13 17:01:00,5054.10009765625,5054.10009765625,5051.7998046875,5051.7998046875,106
2026-03-13 17:02:00,5052.10009765625,5054.7001953125,5052.10009765625,5053.89990234375,105
2026-03-13 17:03:00,5050.7998046875,5053.0,5050.7998046875,5052.7001953125,170
2026-03-13 17:04:00,5049.10009765625,5050.7001953125,5047.7001953125,5050.5,177
2026-03-13 17:05:00,5050.39990234375,5051.0,5048.2001953125,5049.39990234375,119
2026-03-13 17:06:00,5052.60009765625,5053.60009765625,5049.39990234375,5050.0,96
2026-03-13 17:07:00,5053.39990234375,5054.2001953125,5052.39990234375,5052.39990234375,64
2026-03-13 17:08:00,5054.39990234375,5055.0,5052.2001953125,5054.0,53
2026-03-13 17:09:00,5053.39990234375,5054.5,5052.2998046875,5054.2998046875,65
2026-03-13 17:10:00,5054.0,5055.2998046875,5052.10009765625,5053.10009765625,98
2026-03-13 17:11:00,5051.7001953125,5053.7001953125,5051.39990234375,5053.10009765625,62
2026-03-13 17:12:00,5057.39990234375,5057.7001953125,5051.5,5051.5,161
2026-03-13 17:13:00,5056.5,5058.39990234375,5055.89990234375,5057.7001953125,98
2026-03-13 17:14:00,5061.0,5061.39990234375,5056.0,5056.39990234375,365
2026-03-13 17:15:00,5064.10009765625,5064.39990234375,5059.89990234375,5061.5,347
2026-03-13 17:16:00,5065.7998046875,5066.2998046875,5063.7998046875,5064.2001953125,181
2026-03-13 17:17:00,5063.89990234375,5065.89990234375,5062.60009765625,5065.89990234375,174
2026-03-13 17:18:00,5062.89990234375,5064.0,5062.0,5064.0,148
2026-03-13 17:19:00,5065.60009765625,5066.2998046875,5061.89990234375,5063.0,151
2026-03-13 17:20:00,5064.39990234375,5065.89990234375,5063.39990234375,5065.2998046875,175
2026-03-13 17:21:00,5062.7001953125,5064.7998046875,5062.39990234375,5064.5,249
2026-03-13 17:22:00,5060.2998046875,5063.2998046875,5060.10009765625,5062.60009765625,358
2026-03-13 17:23:00,5062.10009765625,5062.10009765625,5059.2001953125,5060.39990234375,172
2026-03-13 17:24:00,5059.2998046875,5062.39990234375,5059.2001953125,5061.2998046875,193
2026-03-13 17:25:00,5059.0,5060.0,5058.10009765625,5059.39990234375,171
2026-03-13 17:26:00,5058.10009765625,5059.60009765625,5057.7001953125,5059.10009765625,210
2026-03-13 17:27:00,5058.10009765625,5058.5,5056.10009765625,5058.2001953125,197
2026-03-13 17:28:00,5062.0,5062.0,5058.0,5058.2998046875,791
2026-03-13 17:29:00,5060.5,5063.7998046875,5060.0,5061.89990234375,1899
2026-03-13 17:30:00,5058.2001953125,5061.39990234375,5058.2001953125,5060.7998046875,181
2026-03-13 17:31:00,5059.10009765625,5060.39990234375,5057.7998046875,5058.60009765625,99
2026-03-13 17:32:00,5061.89990234375,5062.39990234375,5059.5,5059.5,141
2026-03-13 17:33:00,5063.5,5063.5,5060.60009765625,5062.2001953125,47
2026-03-13 17:34:00,5063.39990234375,5063.60009765625,5062.39990234375,5063.5,63
2026-03-13 17:35:00,5063.39990234375,5064.39990234375,5063.2998046875,5063.60009765625,39
2026-03-13 17:36:00,5066.7998046875,5067.2998046875,5063.89990234375,5064.10009765625,118
2026-03-13 17:37:00,5067.5,5068.10009765625,5065.7001953125,5067.0,117
2026-03-13 17:38:00,5063.2001953125,5067.5,5062.7001953125,5067.39990234375,108
2026-03-13 17:39:00,5064.0,5064.89990234375,5062.60009765625,5063.2001953125,52
2026-03-13 17:40:00,5062.10009765625,5064.10009765625,5061.60009765625,5064.10009765625,100
2026-03-13 17:41:00,5057.2998046875,5062.10009765625,5057.10009765625,5062.10009765625,110
2026-03-13 17:42:00,5056.2001953125,5057.89990234375,5055.5,5057.2998046875,243
2026-03-13 17:43:00,5056.5,5057.39990234375,5055.7001953125,5055.89990234375,43
2026-03-13 17:44:00,5057.89990234375,5058.7001953125,5055.89990234375,5055.89990234375,65
2026-03-13 17:45:00,5058.2001953125,5059.7001953125,5057.7001953125,5057.7001953125,47
2026-03-13 17:46:00,5054.7001953125,5057.60009765625,5054.10009765625,5057.60009765625,91
2026-03-13 17:47:00,5052.2001953125,5054.2001953125,5052.0,5054.2001953125,115
2026-03-13 17:48:00,5054.2001953125,5054.60009765625,5052.7001953125,5053.0,76
2026-03-13 17:49:00,5050.89990234375,5054.7001953125,5050.2001953125,5054.7001953125,85
2026-03-13 17:50:00,5051.0,5052.2998046875,5049.7998046875,5050.5,126
2026-03-13 17:51:00,5050.2998046875,5051.7001953125,5048.89990234375,5051.2001953125,141
2026-03-13 17:52:00,5052.89990234375,5053.0,5049.7998046875,5049.7998046875,56
2026-03-13 17:53:00,5050.7001953125,5052.89990234375,5050.7001953125,5052.89990234375,34
2026-03-13 17:54:00,5050.39990234375,5051.2998046875,5050.0,5050.39990234375,31
2026-03-13 17:55:00,5050.60009765625,5051.60009765625,5049.60009765625,5050.0,27
2026-03-13 17:56:00,5049.0,5051.7998046875,5047.5,5050.89990234375,84
2026-03-13 17:57:00,5049.7001953125,5051.0,5048.89990234375,5048.89990234375,59
2026-03-13 17:58:00,5049.7998046875,5050.89990234375,5048.89990234375,5049.0,44
2026-03-13 17:59:00,5050.89990234375,5051.89990234375,5049.7998046875,5050.39990234375,46
2026-03-13 18:00:00,5053.5,5053.89990234375,5050.5,5050.7998046875,75
2026-03-13 18:01:00,5049.89990234375,5053.5,5049.89990234375,5053.2998046875,57
2026-03-13 18:02:00,5050.39990234375,5050.89990234375,5049.2998046875,5050.10009765625,26
2026-03-13 18:03:00,5051.0,5051.0,5050.0,5050.10009765625,247
2026-03-13 18:04:00,5053.39990234375,5053.89990234375,5050.5,5051.2001953125,32
2026-03-13 18:05:00,5055.7998046875,5056.0,5053.10009765625,5053.89990234375,48
2026-03-13 18:06:00,5053.7998046875,5055.89990234375,5053.10009765625,5055.7001953125,42
2026-03-13 18:07:00,5052.60009765625,5054.5,5052.60009765625,5054.0,20
2026-03-13 18:08:00,5054.0,5054.0,5051.5,5052.10009765625,45
2026-03-13 18:09:00,5052.0,5053.7001953125,5051.5,5053.7001953125,59
2026-03-13 18:10:00,5050.10009765625,5053.10009765625,5049.60009765625,5052.7001953125,61
2026-03-13 18:11:00,5051.2001953125,5052.0,5050.39990234375,5050.60009765625,42
2026-03-13 18:12:00,5046.89990234375,5051.2998046875,5046.2998046875,5051.2998046875,90
2026-03-13 18:13:00,5047.7001953125,5048.2001953125,5045.2001953125,5047.10009765625,74
2026-03-13 18:14:00,5046.60009765625,5048.60009765625,5046.0,5047.2998046875,98
2026-03-13 18:15:00,5046.10009765625,5047.2998046875,5045.0,5047.2998046875,56
2026-03-13 18:16:00,5048.2001953125,5048.39990234375,5046.0,5046.0,77
2026-03-13 18:17:00,5048.89990234375,5049.0,5046.2001953125,5047.7001953125,71
2026-03-13 18:18:00,5048.2001953125,5050.5,5048.0,5049.2998046875,26
2026-03-13 18:19:00,5047.89990234375,5048.2001953125,5046.89990234375,5048.2001953125,23
2026-03-13 18:20:00,5048.2998046875,5048.7998046875,5047.10009765625,5048.2001953125,29
2026-03-13 18:21:00,5047.5,5049.39990234375,5046.39990234375,5048.89990234375,65
2026-03-13 18:22:00,5044.60009765625,5048.10009765625,5044.60009765625,5047.2998046875,46
2026-03-13 18:23:00,5042.5,5045.39990234375,5041.60009765625,5044.60009765625,240
2026-03-13 18:24:00,5045.2998046875,5046.10009765625,5043.2998046875,5043.5,135
2026-03-13 18:25:00,5044.39990234375,5046.89990234375,5044.39990234375,5045.10009765625,70
2026-03-13 18:26:00,5043.0,5045.2998046875,5042.60009765625,5044.7001953125,57
2026-03-13 18:27:00,5042.10009765625,5042.60009765625,5040.7001953125,5042.60009765625,73
2026-03-13 18:28:00,5042.5,5043.2001953125,5042.0,5042.39990234375,53
2026-03-13 18:29:00,5046.10009765625,5046.5,5042.7001953125,5042.7001953125,145
2026-03-13 18:30:00,5049.2998046875,5049.2998046875,5044.7998046875,5045.7001953125,68
2026-03-13 18:31:00,5050.60009765625,5050.7998046875,5049.39990234375,5049.7001953125,68
2026-03-13 18:32:00,5052.2998046875,5053.60009765625,5051.0,5051.0,108
2026-03-13 18:33:00,5051.5,5052.60009765625,5050.39990234375,5052.2998046875,63
2026-03-13 18:34:00,5049.60009765625,5052.10009765625,5049.60009765625,5052.10009765625,46
2026-03-13 18:35:00,5050.7001953125,5050.7001953125,5048.2001953125,5049.5,68
2026-03-13 18:36:00,5049.7001953125,5051.5,5049.7001953125,5050.89990234375,48
2026-03-13 18:37:00,5049.0,5049.39990234375,5048.0,5049.39990234375,51
2026-03-13 18:38:00,5049.7998046875,5050.0,5048.60009765625,5049.0,53
2026-03-13 18:39:00,5046.7998046875,5049.7001953125,5046.60009765625,5049.7001953125,74
2026-03-13 18:40:00,5048.39990234375,5048.39990234375,5046.10009765625,5047.10009765625,475
2026-03-13 18:41:00,5048.0,5048.2001953125,5046.7001953125,5048.2001953125,48
2026-03-13 18:42:00,5049.60009765625,5049.7001953125,5048.39990234375,5048.7001953125,30
2026-03-13 18:43:00,5050.10009765625,5051.0,5049.2001953125,5050.0,59
2026-03-13 18:44:00,5048.89990234375,5050.7998046875,5047.7001953125,5050.5,65
2026-03-13 18:45:00,5049.2998046875,5050.2001953125,5048.2998046875,5048.5,61
2026-03-13 18:46:00,5048.2998046875,5049.2001953125,5047.5,5049.0,70
2026-03-13 18:47:00,5047.7001953125,5049.0,5047.39990234375,5048.2998046875,34
2026-03-13 18:48:00,5047.39990234375,5047.7001953125,5046.5,5047.5,57
2026-03-13 18:49:00,5046.7998046875,5047.39990234375,5045.7001953125,5047.39990234375,69
2026-03-13 18:50:00,5046.89990234375,5047.7001953125,5046.2001953125,5046.2998046875,66
2026-03-13 18:51:00,5046.5,5047.7001953125,5046.39990234375,5047.0,107
2026-03-13 18:52:00,5046.89990234375,5048.39990234375,5046.2998046875,5046.2998046875,77
2026-03-13 18:53:00,5048.7998046875,5049.10009765625,5047.39990234375,5047.39990234375,92
2026-03-13 18:54:00,5048.7998046875,5049.5,5048.0,5048.60009765625,50
2026-03-13 18:55:00,5048.7998046875,5048.7998046875,5048.0,5048.5,24
2026-03-13 18:56:00,5050.0,5050.0,5048.39990234375,5049.10009765625,108
2026-03-13 18:57:00,5049.5,5050.89990234375,5049.5,5049.60009765625,67
2026-03-13 18:58:00,5049.39990234375,5049.89990234375,5047.7998046875,5049.39990234375,95
2026-03-13 18:59:00,5050.89990234375,5050.89990234375,5048.7001953125,5048.7001953125,89
2026-03-13 19:00:00,5053.60009765625,5053.89990234375,5050.89990234375,5050.89990234375,120
2026-03-13 19:01:00,5052.2998046875,5054.2001953125,5052.10009765625,5053.60009765625,105
2026-03-13 19:02:00,5051.89990234375,5053.39990234375,5051.2998046875,5052.39990234375,112
2026-03-13 19:03:00,5051.2001953125,5052.7998046875,5051.2001953125,5051.60009765625,46
2026-03-13 19:04:00,5051.89990234375,5052.2001953125,5050.7998046875,5051.10009765625,42
2026-03-13 19:05:00,5050.0,5052.39990234375,5050.0,5051.7998046875,114
2026-03-13 19:06:00,5049.5,5050.60009765625,5048.7998046875,5049.89990234375,69
2026-03-13 19:07:00,5049.7998046875,5050.0,5048.7001953125,5049.39990234375,60
2026-03-13 19:08:00,5046.5,5050.7001953125,5044.7001953125,5050.0,716
2026-03-13 19:09:00,5047.7998046875,5048.0,5046.7001953125,5047.0,41
2026-03-13 19:10:00,5046.0,5048.7001953125,5045.5,5048.7001953125,40
2026-03-13 19:11:00,5042.10009765625,5045.7001953125,5041.10009765625,5045.7001953125,449
2026-03-13 19:12:00,5039.7998046875,5043.39990234375,5038.2998046875,5042.89990234375,218
2026-03-13 19:13:00,5042.10009765625,5042.2998046875,5039.7001953125,5039.89990234375,65
2026-03-13 19:14:00,5044.39990234375,5044.7001953125,5041.39990234375,5041.39990234375,137
2026-03-13 19:15:00,5043.7001953125,5045.0,5042.7998046875,5044.89990234375,58
2026-03-13 19:16:00,5039.5,5042.7998046875,5039.2998046875,5042.7998046875,66
2026-03-13 19:17:00,5040.60009765625,5041.2998046875,5037.0,5039.10009765625,279
2026-03-13 19:18:00,5041.60009765625,5041.60009765625,5040.2998046875,5040.2998046875,127
2026-03-13 19:19:00,5040.89990234375,5042.2001953125,5040.39990234375,5041.60009765625,49
2026-03-13 19:20:00,5041.0,5043.60009765625,5040.5,5040.89990234375,84
2026-03-13 19:21:00,5042.5,5042.7998046875,5040.2001953125,5040.39990234375,49
2026-03-13 19:22:00,5040.7998046875,5042.7001953125,5040.60009765625,5042.7001953125,53
2026-03-13 19:23:00,5042.5,5043.2001953125,5039.60009765625,5040.60009765625,97
2026-03-13 19:24:00,5044.39990234375,5044.39990234375,5042.0,5042.5,345
2026-03-13 19:25:00,5042.2998046875,5044.5,5042.0,5044.5,55
2026-03-13 19:26:00,5039.7001953125,5043.2998046875,5039.60009765625,5042.0,54
2026-03-13 19:27:00,5037.7998046875,5040.2001953125,5037.7001953125,5039.60009765625,131
2026-03-13 19:28:00,5039.39990234375,5039.60009765625,5037.0,5037.7001953125,63
2026-03-13 19:29:00,5040.0,5040.0,5036.89990234375,5039.2998046875,78
2026-03-13 19:30:00,5038.10009765625,5040.0,5036.89990234375,5040.0,146
2026-03-13 19:31:00,5036.2001953125,5039.10009765625,5036.2001953125,5038.39990234375,80
2026-03-13 19:32:00,5039.10009765625,5039.10009765625,5036.0,5036.60009765625,89
2026-03-13 19:33:00,5040.0,5041.39990234375,5038.7998046875,5039.0,83
2026-03-13 19:34:00,5036.5,5040.89990234375,5036.5,5040.2998046875,124
2026-03-13 19:35:00,5034.5,5037.2998046875,5033.10009765625,5036.7998046875,201
2026-03-13 19:36:00,5035.89990234375,5036.60009765625,5033.2001953125,5034.5,121
2026-03-13 19:37:00,5036.39990234375,5037.89990234375,5035.7001953125,5035.7001953125,38
2026-03-13 19:38:00,5038.0,5038.2998046875,5035.39990234375,5036.10009765625,42
2026-03-13 19:39:00,5033.5,5037.7001953125,5033.5,5037.7001953125,44
2026-03-13 19:40:00,5031.5,5033.89990234375,5031.5,5033.60009765625,147
2026-03-13 19:41:00,5027.89990234375,5031.5,5026.7998046875,5031.5,166
2026-03-13 19:42:00,5030.2998046875,5030.2998046875,5027.39990234375,5028.0,72
2026-03-13 19:43:00,5029.7001953125,5031.39990234375,5029.7001953125,5030.2998046875,88
2026-03-13 19:44:00,5029.7001953125,5030.5,5028.7998046875,5029.7998046875,39
2026-03-13 19:45:00,5027.7998046875,5029.7001953125,5027.10009765625,5029.7001953125,83
2026-03-13 19:46:00,5024.5,5029.60009765625,5024.2998046875,5027.7001953125,303
2026-03-13 19:47:00,5021.60009765625,5025.0,5016.60009765625,5024.5,696
2026-03-13 19:48:00,5019.7998046875,5022.7998046875,5019.0,5021.39990234375,364
2026-03-13 19:49:00,5020.2001953125,5021.60009765625,5019.2998046875,5019.7001953125,146
2026-03-13 19:50:00,5015.89990234375,5020.5,5015.0,5019.7998046875,311
2026-03-13 19:51:00,5016.89990234375,5018.2998046875,5015.0,5015.2998046875,306
2026-03-13 19:52:00,5014.7998046875,5017.7001953125,5014.10009765625,5017.2998046875,150
2026-03-13 19:53:00,5021.5,5021.89990234375,5014.2998046875,5014.2998046875,163
2026-03-13 19:54:00,5021.10009765625,5022.0,5019.7001953125,5021.10009765625,137
2026-03-13 19:55:00,5025.89990234375,5025.89990234375,5021.39990234375,5021.39990234375,141
2026-03-13 19:56:00,5027.89990234375,5028.7001953125,5025.7998046875,5025.7998046875,160
2026-03-13 19:57:00,5024.2001953125,5027.60009765625,5023.0,5027.60009765625,122
2026-03-13 19:58:00,5021.0,5024.7001953125,5020.5,5024.10009765625,108
2026-03-13 19:59:00,5022.0,5024.2001953125,5019.10009765625,5020.60009765625,385
2026-03-13 20:00:00,5024.2998046875,5025.10009765625,5021.7998046875,5022.2998046875,114
2026-03-13 20:01:00,5026.10009765625,5026.10009765625,5023.7998046875,5024.5,74
2026-03-13 20:02:00,5023.7001953125,5026.60009765625,5023.7001953125,5026.2001953125,75
2026-03-13 20:03:00,5023.0,5024.2998046875,5022.2001953125,5023.5,84
2026-03-13 20:04:00,5025.2001953125,5025.5,5023.2998046875,5023.2998046875,32
2026-03-13 20:05:00,5024.2001953125,5025.7998046875,5023.39990234375,5025.2001953125,78
2026-03-13 20:06:00,5020.7998046875,5024.2001953125,5020.60009765625,5024.2001953125,159
2026-03-13 20:07:00,5018.2001953125,5021.2998046875,5017.60009765625,5020.7001953125,94
2026-03-13 20:08:00,5019.89990234375,5020.5,5017.2001953125,5018.10009765625,79
2026-03-13 20:09:00,5021.2001953125,5023.2001953125,5020.2001953125,5020.2001953125,60
2026-03-13 20:10:00,5022.0,5024.2001953125,5020.0,5021.7998046875,132
2026-03-13 20:11:00,5020.0,5022.10009765625,5019.7998046875,5021.89990234375,45
2026-03-13 20:12:00,5020.7998046875,5020.7998046875,5019.2001953125,5019.7001953125,57
2026-03-13 20:13:00,5021.10009765625,5021.5,5020.7001953125,5020.7998046875,39
2026-03-13 20:14:00,5021.5,5022.7998046875,5021.2001953125,5021.2001953125,69
2026-03-13 20:15:00,5023.0,5024.2998046875,5021.39990234375,5021.39990234375,67
2026-03-13 20:16:00,5025.89990234375,5026.2998046875,5022.7001953125,5022.7001953125,90
2026-03-13 20:17:00,5023.2998046875,5025.7998046875,5023.2998046875,5025.7998046875,68
2026-03-13 20:18:00,5023.89990234375,5024.10009765625,5023.2998046875,5023.2998046875,24
2026-03-13 20:19:00,5020.10009765625,5025.2998046875,5019.2998046875,5024.2998046875,246
2026-03-13 20:20:00,5019.7998046875,5021.0,5019.2001953125,5020.2001953125,120
2026-03-13 20:21:00,5019.0,5019.10009765625,5017.7001953125,5019.10009765625,77
2026-03-13 20:22:00,5019.2998046875,5020.2998046875,5017.0,5019.0,77
2026-03-13 20:23:00,5019.0,5019.7998046875,5018.89990234375,5019.2998046875,21
2026-03-13 20:24:00,5019.0,5020.2001953125,5019.0,5019.10009765625,30
2026-03-13 20:25:00,5019.39990234375,5020.10009765625,5019.0,5019.10009765625,45
2026-03-13 20:26:00,5018.7001953125,5019.7998046875,5018.7001953125,5019.60009765625,46
2026-03-13 20:27:00,5018.89990234375,5019.7998046875,5018.5,5018.7001953125,39
2026-03-13 20:28:00,5018.60009765625,5019.10009765625,5018.0,5019.10009765625,49
2026-03-13 20:29:00,5018.7998046875,5019.39990234375,5018.0,5019.0,47
2026-03-13 20:30:00,5018.39990234375,5019.5,5017.7998046875,5018.5,110
2026-03-13 20:31:00,5019.10009765625,5019.10009765625,5017.7001953125,5018.60009765625,65
2026-03-13 20:32:00,5023.0,5023.5,5019.2001953125,5019.2001953125,91
2026-03-13 20:33:00,5020.60009765625,5023.2998046875,5020.0,5023.2998046875,36
2026-03-13 20:34:00,5019.89990234375,5020.60009765625,5019.2001953125,5020.60009765625,34
2026-03-13 20:35:00,5019.7998046875,5020.2998046875,5019.60009765625,5019.7001953125,12
2026-03-13 20:36:00,5021.39990234375,5021.5,5019.39990234375,5019.7998046875,37
2026-03-13 20:37:00,5020.89990234375,5021.10009765625,5020.0,5020.2998046875,24
2026-03-13 20:38:00,5023.2998046875,5024.7001953125,5021.2998046875,5021.39990234375,28
2026-03-13 20:39:00,5023.2001953125,5023.60009765625,5023.2001953125,5023.60009765625,11
2026-03-13 20:40:00,5023.2998046875,5023.5,5021.10009765625,5023.10009765625,66
2026-03-13 20:41:00,5023.39990234375,5023.7998046875,5023.39990234375,5023.39990234375,19
2026-03-13 20:42:00,5026.89990234375,5027.39990234375,5023.89990234375,5023.89990234375,75
2026-03-13 20:43:00,5028.5,5029.60009765625,5026.60009765625,5026.60009765625,164
2026-03-13 20:44:00,5029.10009765625,5030.0,5026.89990234375,5028.2998046875,81
2026-03-13 20:45:00,5026.10009765625,5029.2001953125,5025.7998046875,5028.89990234375,95
2026-03-13 20:46:00,5027.5,5028.89990234375,5026.5,5026.60009765625,97
2026-03-13 20:47:00,5026.7998046875,5028.60009765625,5026.7998046875,5027.5,67
2026-03-13 20:48:00,5026.60009765625,5027.60009765625,5025.7001953125,5027.60009765625,47
2026-03-13 20:49:00,5023.0,5026.2998046875,5022.89990234375,5026.2001953125,66
2026-03-13 20:50:00,5023.2001953125,5023.7998046875,5023.0,5023.60009765625,58
2026-03-13 20:51:00,5023.89990234375,5025.2001953125,5023.10009765625,5023.60009765625,54
2026-03-13 20:52:00,5023.7001953125,5023.89990234375,5021.10009765625,5023.7001953125,47
2026-03-13 20:53:00,5023.7998046875,5025.10009765625,5023.10009765625,5023.2001953125,36
2026-03-13 20:54:00,5026.2998046875,5026.39990234375,5023.39990234375,5023.7001953125,46
2026-03-13 20:55:00,5022.2001953125,5025.10009765625,5022.2001953125,5025.10009765625,71
2026-03-13 20:56:00,5023.0,5023.7001953125,5021.5,5022.10009765625,54
2026-03-13 20:57:00,5025.39990234375,5026.0,5022.7998046875,5022.89990234375,70
2026-03-13 20:58:00,5023.89990234375,5025.10009765625,5023.2001953125,5024.7001953125,54
2026-03-13 20:59:00,5061.7001953125,5061.7001953125,5023.10009765625,5023.10009765625,72
2026-03-15 22:10:00,5027.7001953125,5028.2998046875,5022.2001953125,5027.60009765625,0
2026-03-15 22:11:00,5026.89990234375,5029.89990234375,5026.2001953125,5026.7998046875,76
2026-03-15 22:12:00,5027.2001953125,5029.10009765625,5024.39990234375,5027.7001953125,31
2026-03-15 22:13:00,5025.39990234375,5027.10009765625,5022.10009765625,5026.5,56
2026-03-15 22:14:00,5026.89990234375,5029.2998046875,5024.10009765625,5024.7001953125,52
2026-03-15 22:15:00,5025.2998046875,5027.2998046875,5023.0,5027.0,38
2026-03-15 22:16:00,5022.5,5023.89990234375,5019.7001953125,5023.89990234375,32
2026-03-15 22:17:00,5017.2001953125,5022.2001953125,5017.2001953125,5022.2001953125,34
2026-03-15 22:18:00,5011.10009765625,5019.0,5009.7001953125,5018.7998046875,181
2026-03-15 22:19:00,5011.2001953125,5013.10009765625,5009.7001953125,5010.10009765625,91
2026-03-15 22:20:00,5010.0,5013.2001953125,5008.0,5010.7001953125,108
2026-03-15 22:21:00,5006.2001953125,5013.7998046875,5003.0,5010.2001953125,308
2026-03-15 22:22:00,5013.5,5014.89990234375,5004.39990234375,5006.0,113
2026-03-15 22:23:00,5015.7001953125,5017.89990234375,5014.5,5014.7001953125,62
2026-03-15 22:24:00,5012.10009765625,5015.7998046875,5010.39990234375,5015.60009765625,55
2026-03-15 22:25:00,5012.2998046875,5013.89990234375,5010.5,5012.2998046875,25
2026-03-15 22:26:00,5015.7998046875,5016.7001953125,5011.10009765625,5013.2001953125,65
2026-03-15 22:27:00,5016.7998046875,5017.10009765625,5015.0,5015.10009765625,46
2026-03-15 22:28:00,5012.10009765625,5016.10009765625,5012.0,5016.10009765625,36
2026-03-15 22:29:00,5016.5,5016.5,5013.2998046875,5013.89990234375,33
2026-03-15 22:30:00,5017.89990234375,5019.7998046875,5014.5,5015.7001953125,172
2026-03-15 22:31:00,5018.7001953125,5019.5,5013.2998046875,5017.2001953125,124
2026-03-15 22:32:00,5019.2001953125,5021.5,5018.0,5018.2001953125,218
2026-03-15 22:33:00,5020.0,5021.0,5016.5,5019.89990234375,140
2026-03-15 22:34:00,5019.7001953125,5020.2001953125,5018.39990234375,5019.89990234375,147
2026-03-15 22:35:00,5018.89990234375,5020.7001953125,5018.89990234375,5019.60009765625,26
2026-03-15 22:36:00,5016.89990234375,5020.0,5016.89990234375,5019.10009765625,24
2026-03-15 22:37:00,5017.10009765625,5019.2001953125,5017.10009765625,5017.60009765625,23
2026-03-15 22:38:00,5016.2001953125,5017.5,5014.10009765625,5017.5,41
2026-03-15 22:39:00,5016.2001953125,5017.0,5016.10009765625,5016.7001953125,6
2026-03-15 22:40:00,5015.2998046875,5017.2998046875,5014.2998046875,5016.39990234375,52
2026-03-15 22:41:00,5012.60009765625,5016.7001953125,5011.10009765625,5016.0,49
2026-03-15 22:42:00,5015.0,5015.2001953125,5011.5,5012.7998046875,19
2026-03-15 22:43:00,5013.5,5015.2998046875,5013.5,5014.7998046875,22
2026-03-15 22:44:00,5013.7998046875,5014.89990234375,5013.0,5013.2001953125,16
2026-03-15 22:45:00,5015.7001953125,5015.7001953125,5013.5,5013.5,21
2026-03-15 22:46:00,5017.39990234375,5018.2001953125,5016.0,5016.0,15
2026-03-15 22:47:00,5020.7001953125,5021.0,5017.60009765625,5017.89990234375,62
2026-03-15 22:48:00,5023.2001953125,5024.10009765625,5019.39990234375,5019.89990234375,129
2026-03-15 22:49:00,5024.2001953125,5025.0,5020.7998046875,5022.7998046875,37
2026-03-15 22:50:00,5024.60009765625,5025.60009765625,5023.89990234375,5023.89990234375,53
2026-03-15 22:51:00,5027.10009765625,5027.2001953125,5024.0,5024.60009765625,101
2026-03-15 22:52:00,5023.60009765625,5026.2001953125,5023.2998046875,5026.2001953125,18
2026-03-15 22:53:00,5022.10009765625,5023.0,5021.39990234375,5023.0,21
2026-03-15 22:54:00,5025.0,5025.0,5022.10009765625,5022.10009765625,12
2026-03-15 22:55:00,5026.2998046875,5027.39990234375,5025.39990234375,5025.5,35
2026-03-15 22:56:00,5026.7001953125,5027.5,5026.5,5026.7001953125,14
2026-03-15 22:57:00,5027.2001953125,5027.2001953125,5026.39990234375,5027.10009765625,8
2026-03-15 22:58:00,5029.0,5029.2998046875,5027.2998046875,5027.2998046875,50
2026-03-15 22:59:00,5028.7998046875,5029.39990234375,5028.2998046875,5029.2998046875,24
2026-03-15 23:00:00,5028.60009765625,5030.0,5027.89990234375,5028.0,45
2026-03-15 23:01:00,5022.89990234375,5028.39990234375,5022.89990234375,5028.39990234375,59
2026-03-15 23:02:00,5016.39990234375,5024.2001953125,5013.39990234375,5022.7001953125,189
2026-03-15 23:03:00,5016.7001953125,5017.60009765625,5015.39990234375,5017.2001953125,48
2026-03-15 23:04:00,5009.2001953125,5017.2998046875,5009.2001953125,5017.10009765625,90
2026-03-15 23:05:00,5008.10009765625,5013.0,5006.2001953125,5009.0,246
2026-03-15 23:06:00,5008.7998046875,5010.60009765625,5004.5,5008.60009765625,113
2026-03-15 23:07:00,5012.2001953125,5013.2998046875,5008.10009765625,5008.89990234375,90
2026-03-15 23:08:00,5012.5,5015.7998046875,5011.7001953125,5011.7001953125,34
2026-03-15 23:09:00,5010.2001953125,5012.10009765625,5009.2001953125,5012.10009765625,24
2026-03-15 23:10:00,5010.0,5010.10009765625,5007.60009765625,5010.0,26
2026-03-15 23:11:00,5009.60009765625,5009.7001953125,5007.7001953125,5009.10009765625,35
2026-03-15 23:12:00,5012.2998046875,5012.7001953125,5011.39990234375,5011.60009765625,23
2026-03-15 23:13:00,5011.10009765625,5011.39990234375,5008.7001953125,5010.0,10
2026-03-15 23:14:00,5010.10009765625,5010.7998046875,5008.0,5010.5,56
2026-03-15 23:15:00,5009.2001953125,5010.5,5008.39990234375,5010.5,64
2026-03-15 23:16:00,5009.2001953125,5011.2998046875,5008.60009765625,5008.7001953125,27
2026-03-15 23:17:00,5008.7998046875,5010.60009765625,5007.7001953125,5009.7001953125,28
2026-03-15 23:18:00,5006.60009765625,5008.2998046875,5005.0,5008.2998046875,85
2026-03-15 23:19:00,5005.0,5007.2001953125,5004.89990234375,5007.0,42
2026-03-15 23:20:00,4989.39990234375,5005.7998046875,4984.60009765625,5005.39990234375,1172
2026-03-15 23:21:00,4991.60009765625,4995.0,4987.5,4989.7001953125,277
2026-03-15 23:22:00,4981.10009765625,4995.0,4977.0,4992.2001953125,455
2026-03-15 23:23:00,4983.7001953125,4984.7001953125,4970.10009765625,4980.2001953125,406
2026-03-15 23:24:00,4988.7998046875,4990.10009765625,4983.89990234375,4985.0,200
2026-03-15 23:25:00,4987.89990234375,4991.2001953125,4986.2001953125,4988.5,64
2026-03-15 23:26:00,4990.0,4992.89990234375,4986.39990234375,4987.5,75
2026-03-15 23:27:00,4989.89990234375,4990.2998046875,4987.2001953125,4990.2001953125,51
2026-03-15 23:28:00,4992.5,4994.0,4990.5,4990.89990234375,101
2026-03-15 23:29:00,4992.7998046875,4993.2001953125,4990.7998046875,4992.39990234375,66
2026-03-15 23:30:00,4993.5,4994.10009765625,4992.0,4993.60009765625,35
2026-03-15 23:31:00,4992.2998046875,4996.0,4992.2998046875,4993.60009765625,115
2026-03-15 23:32:00,4992.89990234375,4993.7998046875,4990.7998046875,4992.89990234375,53
2026-03-15 23:33:00,4989.10009765625,4994.2998046875,4989.10009765625,4994.10009765625,40
2026-03-15 23:34:00,4985.5,4990.5,4982.10009765625,4988.5,140
2026-03-15 23:35:00,4992.2998046875,4992.2998046875,4985.89990234375,4986.2998046875,53
2026-03-15 23:36:00,4988.10009765625,4992.60009765625,4988.10009765625,4991.39990234375,38
2026-03-15 23:37:00,4985.7001953125,4989.0,4985.7001953125,4988.0,63
2026-03-15 23:38:00,4986.2998046875,4988.0,4985.5,4986.5,75
2026-03-15 23:39:00,4990.0,4991.10009765625,4986.39990234375,4986.39990234375,26
2026-03-15 23:40:00,4986.39990234375,4990.7998046875,4985.7998046875,4990.2998046875,30
2026-03-15 23:41:00,4983.5,4988.2001953125,4983.5,4988.2001953125,67
2026-03-15 23:42:00,4987.10009765625,4988.10009765625,4983.7998046875,4983.7998046875,56
2026-03-15 23:43:00,4985.0,4988.60009765625,4984.89990234375,4986.89990234375,46
2026-03-15 23:44:00,4988.39990234375,4988.60009765625,4986.2998046875,4986.2998046875,20
2026-03-15 23:45:00,4983.5,4988.2001953125,4983.5,4987.89990234375,24
2026-03-15 23:46:00,4986.5,4986.5,4982.39990234375,4983.2998046875,96
2026-03-15 23:47:00,4980.7998046875,4987.10009765625,4980.0,4986.7998046875,105
2026-03-15 23:48:00,4982.0,4984.10009765625,4980.0,4980.60009765625,66
2026-03-15 23:49:00,4978.2998046875,4982.0,4975.2998046875,4982.0,252
2026-03-15 23:50:00,4982.7001953125,4983.0,4978.60009765625,4978.60009765625,65
2026-03-15 23:51:00,4979.7998046875,4983.7998046875,4979.5,4983.0,56
2026-03-15 23:52:00,4980.89990234375,4984.60009765625,4979.60009765625,4980.7001953125,75
2026-03-15 23:53:00,4988.7001953125,4988.7001953125,4979.7998046875,4979.7998046875,71
2026-03-15 23:54:00,4989.5,4990.5,4985.60009765625,4989.0,93
2026-03-15 23:55:00,4992.7001953125,4994.39990234375,4989.2998046875,4989.2998046875,88
2026-03-15 23:56:00,4996.2998046875,4996.2998046875,4991.89990234375,4993.10009765625,95
2026-03-15 23:57:00,5001.0,5001.0,4995.2001953125,4996.2001953125,141
2026-03-15 23:58:00,4997.2998046875,5002.2001953125,4996.2001953125,4999.89990234375,132
2026-03-15 23:59:00,5000.60009765625,5001.7998046875,4996.7001953125,4996.89990234375,34
2026-03-16 00:00:00,5012.5,5018.5,5000.0,5001.10009765625,405
2026-03-16 00:01:00,5019.0,5019.0,5011.7001953125,5013.0,280
2026-03-16 00:02:00,5024.7001953125,5024.89990234375,5017.5,5018.39990234375,221
2026-03-16 00:03:00,5020.2001953125,5024.7001953125,5018.7998046875,5024.2998046875,102
2026-03-16 00:04:00,5026.10009765625,5027.0,5019.5,5020.39990234375,150
2026-03-16 00:05:00,5027.39990234375,5028.7001953125,5024.2001953125,5025.5,282
2026-03-16 00:06:00,5027.2001953125,5029.7001953125,5026.10009765625,5028.10009765625,127
2026-03-16 00:07:00,5030.89990234375,5032.89990234375,5025.10009765625,5026.5,249
2026-03-16 00:08:00,5028.60009765625,5030.7998046875,5027.0,5030.7998046875,101
2026-03-16 00:09:00,5023.0,5028.60009765625,5023.0,5028.2001953125,113
2026-03-16 00:10:00,5023.7001953125,5027.39990234375,5023.7001953125,5024.10009765625,81
2026-03-16 00:11:00,5025.2998046875,5027.10009765625,5023.60009765625,5023.60009765625,66
2026-03-16 00:12:00,5023.5,5024.7001953125,5021.5,5024.60009765625,68
2026-03-16 00:13:00,5029.60009765625,5030.0,5022.7001953125,5022.7001953125,63
2026-03-16 00:14:00,5027.2998046875,5030.39990234375,5026.7001953125,5029.10009765625,46
2026-03-16 00:15:00,5026.0,5027.89990234375,5025.60009765625,5027.2001953125,39
2026-03-16 00:16:00,5021.2001953125,5027.5,5021.2001953125,5025.0,133
2026-03-16 00:17:00,5024.2001953125,5026.5,5021.60009765625,5021.60009765625,42
2026-03-16 00:18:00,5021.10009765625,5023.0,5020.2998046875,5023.0,52
2026-03-16 00:19:00,5023.7001953125,5024.10009765625,5019.10009765625,5020.39990234375,47
2026-03-16 00:20:00,5023.2998046875,5024.7001953125,5022.60009765625,5023.10009765625,50
2026-03-16 00:21:00,5024.0,5024.60009765625,5022.89990234375,5022.89990234375,20
2026-03-16 00:22:00,5022.2998046875,5025.7998046875,5022.2998046875,5024.0,32
2026-03-16 00:23:00,5022.89990234375,5023.7001953125,5020.89990234375,5023.2998046875,29
2026-03-16 00:24:00,5026.0,5026.0,5023.2998046875,5023.2998046875,22
2026-03-16 00:25:00,5024.2998046875,5026.39990234375,5024.2001953125,5025.5,36
2026-03-16 00:26:00,5025.2998046875,5026.39990234375,5023.39990234375,5023.5,38
2026-03-16 00:27:00,5023.5,5025.2998046875,5023.5,5025.2001953125,14
2026-03-16 00:28:00,5020.2998046875,5023.7001953125,5020.2998046875,5023.2998046875,22
2026-03-16 00:29:00,5019.7998046875,5022.89990234375,5018.2998046875,5021.2001953125,47
2026-03-16 00:30:00,5018.7001953125,5021.89990234375,5018.7001953125,5021.7998046875,68
2026-03-16 00:31:00,5022.2001953125,5023.2001953125,5018.89990234375,5019.2001953125,50
2026-03-16 00:32:00,5027.10009765625,5028.89990234375,5022.5,5022.5,132
2026-03-16 00:33:00,5031.60009765625,5033.2001953125,5026.60009765625,5026.60009765625,140
2026-03-16 00:34:00,5035.0,5035.39990234375,5030.60009765625,5031.0,328
2026-03-16 00:35:00,5030.7001953125,5035.39990234375,5030.0,5035.2001953125,150
2026-03-16 00:36:00,5029.2001953125,5030.5,5028.7001953125,5029.7001953125,19
2026-03-16 00:37:00,5028.7998046875,5029.7001953125,5026.7001953125,5029.10009765625,79
2026-03-16 00:38:00,5029.0,5030.10009765625,5027.7998046875,5029.2001953125,172
2026-03-16 00:39:00,5031.2001953125,5031.89990234375,5029.89990234375,5030.10009765625,18
2026-03-16 00:40:00,5031.2001953125,5033.39990234375,5030.5,5030.7001953125,40
2026-03-16 00:41:00,5029.10009765625,5030.89990234375,5029.10009765625,5030.7001953125,36
2026-03-16 00:42:00,5029.39990234375,5030.5,5027.2001953125,5028.60009765625,41
2026-03-16 00:43:00,5031.89990234375,5031.89990234375,5029.10009765625,5029.10009765625,298
2026-03-16 00:44:00,5032.0,5033.0,5031.10009765625,5031.10009765625,86
2026-03-16 00:45:00,5032.2001953125,5033.60009765625,5030.60009765625,5031.89990234375,59
2026-03-16 00:46:00,5030.7998046875,5033.2001953125,5029.89990234375,5031.7998046875,76
2026-03-16 00:47:00,5033.2998046875,5035.0,5030.7001953125,5030.7001953125,48
2026-03-16 00:48:00,5033.89990234375,5034.7998046875,5032.7998046875,5032.7998046875,17
2026-03-16 00:49:00,5031.7998046875,5034.10009765625,5031.2001953125,5033.7001953125,19
2026-03-16 00:50:00,5026.0,5031.60009765625,5026.0,5031.60009765625,55
2026-03-16 00:51:00,5024.7998046875,5026.5,5023.10009765625,5025.7998046875,54
2026-03-16 00:52:00,5024.39990234375,5026.10009765625,5023.2001953125,5024.60009765625,80
2026-03-16 00:53:00,5026.10009765625,5026.2001953125,5021.2998046875,5023.7001953125,80
2026-03-16 00:54:00,5026.5,5027.2998046875,5025.2998046875,5026.2001953125,68
2026-03-16 00:55:00,5030.7998046875,5031.5,5026.0,5026.2998046875,71
2026-03-16 00:56:00,5025.60009765625,5030.2998046875,5025.60009765625,5029.7001953125,65
2026-03-16 00:57:00,5028.5,5029.0,5024.89990234375,5025.2001953125,40
2026-03-16 00:58:00,5031.7001953125,5033.0,5026.7998046875,5027.7001953125,71
2026-03-16 00:59:00,5030.39990234375,5033.10009765625,5030.0,5031.2001953125,67
2026-03-16 01:00:00,5022.89990234375,5031.5,5016.7998046875,5031.5,349
2026-03-16 01:01:00,5029.10009765625,5030.0,5021.89990234375,5022.10009765625,142
2026-03-16 01:02:00,5027.7998046875,5030.60009765625,5026.2001953125,5027.60009765625,120
2026-03-16 01:03:00,5023.0,5030.2001953125,5022.60009765625,5028.39990234375,105
2026-03-16 01:04:00,5021.39990234375,5023.0,5015.2001953125,5022.10009765625,155
2026-03-16 01:05:00,5019.39990234375,5020.89990234375,5016.39990234375,5020.10009765625,113
2026-03-16 01:06:00,5025.5,5026.7001953125,5020.0,5020.0,133
2026-03-16 01:07:00,5021.0,5025.0,5019.39990234375,5025.0,119
2026-03-16 01:08:00,5022.0,5023.0,5020.0,5020.39990234375,61
2026-03-16 01:09:00,5017.2998046875,5022.39990234375,5015.60009765625,5021.2998046875,63
2026-03-16 01:10:00,5013.89990234375,5022.39990234375,5013.89990234375,5017.0,109
2026-03-16 01:11:00,5015.0,5017.10009765625,5013.10009765625,5014.39990234375,57
2026-03-16 01:12:00,5008.89990234375,5016.2998046875,5008.10009765625,5015.2998046875,134
2026-03-16 01:13:00,4998.5,5008.10009765625,4995.7998046875,5008.10009765625,431
2026-03-16 01:14:00,4990.2001953125,5001.0,4990.0,4998.2998046875,239
2026-03-16 01:15:00,4998.2998046875,4999.39990234375,4986.0,4990.0,304
2026-03-16 01:16:00,4999.7998046875,4999.7998046875,4994.5,4998.5,219
2026-03-16 01:17:00,5000.0,5002.2998046875,4996.39990234375,4998.2001953125,197
2026-03-16 01:18:00,5007.39990234375,5009.39990234375,4999.39990234375,5000.7001953125,285
2026-03-16 01:19:00,5005.5,5008.2001953125,5005.5,5008.2001953125,71
2026-03-16 01:20:00,5008.0,5009.89990234375,5005.2998046875,5005.2998046875,53
2026-03-16 01:21:00,5008.10009765625,5009.39990234375,5005.7998046875,5008.39990234375,57
2026-03-16 01:22:00,5006.2001953125,5009.2998046875,5006.10009765625,5008.2998046875,57
2026-03-16 01:23:00,5000.10009765625,5006.2998046875,4997.89990234375,5006.2998046875,107
2026-03-16 01:24:00,4999.2998046875,5000.2001953125,4995.10009765625,4999.7001953125,173
2026-03-16 01:25:00,4998.2998046875,5000.60009765625,4996.2001953125,4999.89990234375,121
2026-03-16 01:26:00,4998.10009765625,5002.0,4997.2998046875,4999.2998046875,54
2026-03-16 01:27:00,4998.10009765625,5000.89990234375,4997.60009765625,4997.60009765625,52
2026-03-16 01:28:00,4993.10009765625,4997.7998046875,4993.10009765625,4997.7998046875,94
2026-03-16 01:29:00,4992.2998046875,4995.7998046875,4990.5,4993.0,91
2026-03-16 01:30:00,4989.89990234375,4996.5,4989.7998046875,4992.2998046875,122
2026-03-16 01:31:00,4994.7998046875,4995.0,4989.2998046875,4989.60009765625,45
2026-03-16 01:32:00,4991.2001953125,4995.0,4986.10009765625,4995.0,137
2026-03-16 01:33:00,4992.2998046875,4994.10009765625,4990.2998046875,4991.10009765625,110
2026-03-16 01:34:00,4993.60009765625,4994.10009765625,4990.2998046875,4991.7001953125,76
2026-03-16 01:35:00,4996.7001953125,5002.7001953125,4994.5,4994.5,180
2026-03-16 01:36:00,4996.7998046875,4997.5,4989.7998046875,4997.5,139
2026-03-16 01:37:00,4998.2998046875,4999.39990234375,4994.60009765625,4997.60009765625,94
2026-03-16 01:38:00,4999.7998046875,5002.0,4998.2998046875,4998.5,69
2026-03-16 01:39:00,5001.0,5001.7998046875,4999.7998046875,5000.2001953125,60
2026-03-16 01:40:00,5002.60009765625,5004.60009765625,5000.2998046875,5000.39990234375,92
2026-03-16 01:41:00,5005.60009765625,5005.7001953125,5001.89990234375,5002.7001953125,68
2026-03-16 01:42:00,5004.2001953125,5007.0,5003.2998046875,5005.7998046875,84
2026-03-16 01:43:00,5003.2998046875,5004.7001953125,5002.60009765625,5003.89990234375,23
2026-03-16 01:44:00,5008.2001953125,5009.2998046875,5003.39990234375,5003.89990234375,69
2026-03-16 01:45:00,5009.39990234375,5009.7001953125,5007.39990234375,5008.7001953125,60
2026-03-16 01:46:00,5011.5,5013.39990234375,5008.2001953125,5008.39990234375,114
2026-03-16 01:47:00,5013.2998046875,5013.39990234375,5010.7998046875,5011.89990234375,41
2026-03-16 01:48:00,5011.2001953125,5013.5,5010.7001953125,5013.5,30
2026-03-16 01:49:00,5008.0,5012.5,5007.39990234375,5011.7001953125,39
2026-03-16 01:50:00,5011.60009765625,5011.60009765625,5007.60009765625,5008.2001953125,35
2026-03-16 01:51:00,5008.2998046875,5012.10009765625,5007.7001953125,5011.5,35
2026-03-16 01:52:00,5007.2998046875,5010.2998046875,5007.10009765625,5008.0,55
2026-03-16 01:53:00,5010.0,5010.7998046875,5007.39990234375,5007.7001953125,45
2026-03-16 01:54:00,5013.39990234375,5014.39990234375,5009.2001953125,5009.39990234375,93
2026-03-16 01:55:00,5017.7998046875,5018.0,5013.39990234375,5013.60009765625,86
2026-03-16 01:56:00,5018.39990234375,5019.60009765625,5016.0,5018.0,115
2026-03-16 01:57:00,5017.5,5019.2998046875,5017.10009765625,5018.5,39
2026-03-16 01:58:00,5016.60009765625,5017.7998046875,5015.7998046875,5017.0,25
2026-03-16 01:59:00,5020.0,5020.2001953125,5016.7998046875,5016.7998046875,50
2026-03-16 02:00:00,5019.7001953125,5022.60009765625,5018.10009765625,5019.39990234375,102
2026-03-16 02:01:00,5020.2001953125,5022.7001953125,5019.89990234375,5020.10009765625,86
2026-03-16 02:02:00,5016.7998046875,5021.10009765625,5016.10009765625,5019.7001953125,61
2026-03-16 02:03:00,5016.7998046875,5016.7998046875,5015.89990234375,5016.7001953125,13
2026-03-16 02:04:00,5018.39990234375,5018.39990234375,5015.60009765625,5016.5,49
2026-03-16 02:05:00,5016.2001953125,5019.0,5016.0,5018.5,28
2026-03-16 02:06:00,5015.60009765625,5016.7998046875,5013.5,5016.0,106
2026-03-16 02:07:00,5019.2998046875,5019.5,5015.10009765625,5015.39990234375,61
2026-03-16 02:08:00,5020.0,5020.0,5015.2001953125,5018.7998046875,41
2026-03-16 02:09:00,5016.89990234375,5019.89990234375,5016.5,5019.89990234375,16
2026-03-16 02:10:00,5017.0,5017.2001953125,5014.2998046875,5017.2001953125,24
2026-03-16 02:11:00,5016.39990234375,5017.2001953125,5016.0,5016.7998046875,26
2026-03-16 02:12:00,5017.2001953125,5017.2001953125,5016.39990234375,5016.7001953125,9
2026-03-16 02:13:00,5015.39990234375,5016.5,5014.7001953125,5016.5,27
2026-03-16 02:14:00,5018.0,5018.0,5014.7998046875,5015.7998046875,8
2026-03-16 02:15:00,5021.60009765625,5021.60009765625,5017.5,5018.0,58
2026-03-16 02:16:00,5016.39990234375,5021.7001953125,5016.2998046875,5021.7001953125,58
2026-03-16 02:17:00,5018.60009765625,5018.60009765625,5016.89990234375,5016.89990234375,8
2026-03-16 02:18:00,5019.39990234375,5021.2001953125,5018.2001953125,5018.2001953125,45
2026-03-16 02:19:00,5021.0,5021.0,5019.7001953125,5019.7001953125,12
2026-03-16 02:20:00,5021.10009765625,5022.0,5020.7998046875,5021.10009765625,27
2026-03-16 02:21:00,5019.89990234375,5020.60009765625,5018.5,5020.2998046875,45
2026-03-16 02:22:00,5020.60009765625,5020.7001953125,5018.10009765625,5019.7001953125,39
2026-03-16 02:23:00,5018.89990234375,5020.89990234375,5017.39990234375,5019.39990234375,89
2026-03-16 02:24:00,5015.89990234375,5019.7998046875,5015.5,5018.5,47
2026-03-16 02:25:00,5016.0,5016.39990234375,5014.89990234375,5015.5,39
2026-03-16 02:26:00,5015.7001953125,5017.5,5014.89990234375,5016.0,26
2026-03-16 02:27:00,5013.89990234375,5016.39990234375,5013.60009765625,5016.2998046875,33
2026-03-16 02:28:00,5016.60009765625,5017.2001953125,5014.0,5014.10009765625,59
2026-03-16 02:29:00,5016.5,5017.7998046875,5014.2001953125,5015.7998046875,90
2026-03-16 02:30:00,5012.7001953125,5016.7001953125,5011.89990234375,5016.0,74
2026-03-16 02:31:00,5009.5,5013.89990234375,5009.2998046875,5012.5,76
2026-03-16 02:32:00,5011.10009765625,5013.39990234375,5009.0,5009.7998046875,60
2026-03-16 02:33:00,5012.10009765625,5013.10009765625,5010.0,5010.39990234375,46
2026-03-16 02:34:00,5012.5,5013.7998046875,5009.7001953125,5012.39990234375,83
2026-03-16 02:35:00,5009.5,5011.7001953125,5007.2001953125,5011.7001953125,92
2026-03-16 02:36:00,5010.39990234375,5010.89990234375,5007.39990234375,5009.5,101
2026-03-16 02:37:00,5011.7998046875,5013.7001953125,5008.7998046875,5010.2998046875,54
2026-03-16 02:38:00,5008.2001953125,5011.0,5008.0,5011.0,31
2026-03-16 02:39:00,5006.39990234375,5008.10009765625,5005.89990234375,5008.10009765625,30
2026-03-16 02:40:00,5010.2001953125,5011.7998046875,5007.2001953125,5007.2001953125,49
2026-03-16 02:41:00,5006.89990234375,5011.39990234375,5006.89990234375,5010.10009765625,48
2026-03-16 02:42:00,5008.2998046875,5009.39990234375,5006.10009765625,5006.5,36
2026-03-16 02:43:00,5007.7001953125,5010.0,5007.7001953125,5008.2001953125,24
2026-03-16 02:44:00,5009.60009765625,5011.60009765625,5008.10009765625,5008.10009765625,74
2026-03-16 02:45:00,5010.0,5010.0,5007.7001953125,5009.10009765625,41
2026-03-16 02:46:00,5008.60009765625,5012.39990234375,5007.5,5010.60009765625,61
2026-03-16 02:47:00,5007.10009765625,5010.60009765625,5006.5,5009.2001953125,42
2026-03-16 02:48:00,5003.10009765625,5006.0,5001.39990234375,5006.0,144
2026-03-16 02:49:00,5004.7001953125,5005.2001953125,5002.89990234375,5002.89990234375,29
2026-03-16 02:50:00,5003.7001953125,5006.39990234375,5003.2001953125,5004.2998046875,44
2026-03-16 02:51:00,5004.89990234375,5004.89990234375,5002.7001953125,5003.5,38
2026-03-16 02:52:00,5004.7001953125,5006.7001953125,5004.10009765625,5004.60009765625,66
2026-03-16 02:53:00,5003.0,5005.10009765625,5002.7001953125,5004.2998046875,31
2026-03-16 02:54:00,5005.7001953125,5006.2998046875,5003.7998046875,5003.7998046875,21
2026-03-16 02:55:00,5006.5,5006.5,5005.2001953125,5006.0,21
2026-03-16 02:56:00,5007.5,5008.39990234375,5005.10009765625,5005.2998046875,45
2026-03-16 02:57:00,5009.0,5009.60009765625,5007.39990234375,5007.89990234375,55
2026-03-16 02:58:00,5007.2001953125,5009.0,5007.2001953125,5009.0,58
2026-03-16 02:59:00,5006.60009765625,5008.0,5006.2001953125,5007.7998046875,48
2026-03-16 03:00:00,5006.60009765625,5007.39990234375,5004.7998046875,5007.2001953125,39
2026-03-16 03:01:00,5005.7998046875,5008.2001953125,5005.60009765625,5007.0,58
2026-03-16 03:02:00,5005.10009765625,5006.10009765625,5003.89990234375,5005.7998046875,98
2026-03-16 03:03:00,5007.2998046875,5007.7998046875,5005.2001953125,5005.2001953125,71
2026-03-16 03:04:00,5006.10009765625,5008.60009765625,5005.2998046875,5007.5,112
2026-03-16 03:05:00,5006.39990234375,5006.89990234375,5004.7001953125,5005.7998046875,39
2026-03-16 03:06:00,5005.7001953125,5007.89990234375,5005.5,5006.2001953125,41
2026-03-16 03:07:00,5007.39990234375,5009.0,5005.7998046875,5005.7998046875,38
2026-03-16 03:08:00,5007.7998046875,5008.2998046875,5005.7998046875,5007.7001953125,71
2026-03-16 03:09:00,5006.39990234375,5007.2998046875,5006.2998046875,5006.89990234375,31
2026-03-16 03:10:00,5009.39990234375,5010.60009765625,5006.39990234375,5006.39990234375,89
2026-03-16 03:11:00,5008.0,5008.89990234375,5006.89990234375,5008.60009765625,75
2026-03-16 03:12:00,5005.7998046875,5007.5,5004.39990234375,5007.5,33
2026-03-16 03:13:00,5005.2998046875,5006.10009765625,5004.7001953125,5005.7998046875,13
2026-03-16 03:14:00,5001.7998046875,5005.89990234375,5001.5,5005.2001953125,72
2026-03-16 03:15:00,5003.2998046875,5004.7001953125,5002.10009765625,5002.2001953125,33
2026-03-16 03:16:00,5004.2001953125,5004.2001953125,5001.39990234375,5002.89990234375,23
2026-03-16 03:17:00,5002.2001953125,5004.2998046875,5002.2001953125,5003.5,38
2026-03-16 03:18:00,5003.5,5004.39990234375,5001.7998046875,5002.0,52
2026-03-16 03:19:00,5004.60009765625,5004.60009765625,5002.60009765625,5003.2998046875,18
2026-03-16 03:20:00,5005.10009765625,5005.60009765625,5003.39990234375,5003.39990234375,25
2026-03-16 03:21:00,5006.0,5006.0,5004.39990234375,5004.5,24
2026-03-16 03:22:00,5005.39990234375,5007.2001953125,5004.5,5006.0,26
2026-03-16 03:23:00,5007.2998046875,5007.60009765625,5005.7001953125,5006.0,23
2026-03-16 03:24:00,5007.2001953125,5007.7001953125,5005.7001953125,5006.7001953125,42
2026-03-16 03:25:00,5008.39990234375,5009.5,5007.2998046875,5007.2998046875,16
2026-03-16 03:26:00,5012.89990234375,5012.89990234375,5008.89990234375,5008.89990234375,58
2026-03-16 03:27:00,5013.10009765625,5013.5,5010.60009765625,5012.7001953125,55
2026-03-16 03:28:00,5013.89990234375,5014.2998046875,5013.10009765625,5013.10009765625,26
2026-03-16 03:29:00,5014.0,5015.0,5013.7998046875,5013.7998046875,19
2026-03-16 03:30:00,5015.2001953125,5015.2001953125,5013.7001953125,5014.60009765625,36
2026-03-16 03:31:00,5015.10009765625,5016.89990234375,5014.2998046875,5016.0,53
2026-03-16 03:32:00,5015.7998046875,5016.7998046875,5014.2998046875,5015.2001953125,37
2026-03-16 03:33:00,5016.0,5016.89990234375,5015.39990234375,5015.7998046875,13
2026-03-16 03:34:00,5017.0,5017.7001953125,5016.60009765625,5016.60009765625,25
2026-03-16 03:35:00,5016.0,5017.39990234375,5015.7001953125,5017.2001953125,38
2026-03-16 03:36:00,5015.2998046875,5016.2001953125,5015.2001953125,5016.2001953125,25
2026-03-16 03:37:00,5017.60009765625,5018.10009765625,5014.89990234375,5015.39990234375,54
2026-03-16 03:38:00,5018.5,5018.60009765625,5017.2001953125,5018.0,40
2026-03-16 03:39:00,5017.39990234375,5019.2998046875,5016.89990234375,5018.7001953125,93
2026-03-16 03:40:00,5016.2001953125,5017.10009765625,5015.7998046875,5017.0,57
2026-03-16 03:41:00,5015.39990234375,5016.39990234375,5014.60009765625,5016.39990234375,50
2026-03-16 03:42:00,5017.89990234375,5018.5,5015.7001953125,5016.2001953125,16
2026-03-16 03:43:00,5017.89990234375,5018.7001953125,5017.7998046875,5017.89990234375,20
2026-03-16 03:44:00,5022.2001953125,5022.60009765625,5018.2998046875,5018.2998046875,77
2026-03-16 03:45:00,5021.7998046875,5023.2001953125,5021.39990234375,5022.60009765625,25
2026-03-16 03:46:00,5020.0,5021.7001953125,5019.39990234375,5021.7001953125,38
2026-03-16 03:47:00,5023.2998046875,5024.0,5020.2998046875,5020.2998046875,76
2026-03-16 03:48:00,5022.0,5023.0,5021.7001953125,5022.60009765625,38
2026-03-16 03:49:00,5022.0,5022.7001953125,5021.89990234375,5022.2998046875,11
2026-03-16 03:50:00,5022.7001953125,5023.60009765625,5022.60009765625,5022.60009765625,23
2026-03-16 03:51:00,5020.39990234375,5023.2998046875,5020.39990234375,5022.7998046875,19
2026-03-16 03:52:00,5022.0,5022.0,5021.2001953125,5021.2001953125,13
2026-03-16 03:53:00,5023.60009765625,5023.60009765625,5022.0,5022.0,15
2026-03-16 03:54:00,5023.7998046875,5024.0,5023.39990234375,5023.7998046875,25
2026-03-16 03:55:00,5022.5,5024.2998046875,5022.5,5023.7998046875,24
2026-03-16 03:56:00,5023.39990234375,5023.39990234375,5021.7001953125,5022.0,22
2026-03-16 03:57:00,5023.60009765625,5023.7001953125,5022.89990234375,5023.5,14
2026-03-16 03:58:00,5022.5,5023.2001953125,5022.10009765625,5023.2001953125,18
2026-03-16 04:00:00,5023.89990234375,5023.89990234375,5022.7998046875,5023.2001953125,12
2026-03-16 04:01:00,5026.7998046875,5027.60009765625,5023.60009765625,5023.60009765625,102
2026-03-16 04:02:00,5027.0,5029.89990234375,5026.7001953125,5027.39990234375,84
2026-03-16 04:03:00,5026.2998046875,5027.7998046875,5026.2001953125,5027.39990234375,26
2026-03-16 04:04:00,5027.2998046875,5027.39990234375,5026.2001953125,5026.7001953125,17
2026-03-16 04:05:00,5025.10009765625,5027.2001953125,5024.89990234375,5027.2001953125,89
2026-03-16 04:06:00,5024.2001953125,5025.39990234375,5023.7998046875,5025.39990234375,55
2026-03-16 04:07:00,5024.0,5024.5,5023.89990234375,5023.89990234375,6
2026-03-16 04:08:00,5024.2001953125,5024.5,5023.2998046875,5023.89990234375,13
2026-03-16 04:09:00,5027.0,5027.39990234375,5024.89990234375,5025.0,81
2026-03-16 04:10:00,5027.89990234375,5028.39990234375,5026.89990234375,5026.89990234375,23
2026-03-16 04:11:00,5028.7001953125,5029.0,5026.39990234375,5028.10009765625,36
2026-03-16 04:12:00,5027.7998046875,5028.5,5027.7001953125,5028.5,33
2026-03-16 04:13:00,5027.10009765625,5027.7998046875,5025.89990234375,5027.5,38
2026-03-16 04:14:00,5027.89990234375,5027.89990234375,5026.7998046875,5027.10009765625,30
2026-03-16 04:15:00,5030.0,5030.0,5028.10009765625,5028.2001953125,55
2026-03-16 04:16:00,5028.7001953125,5030.0,5028.10009765625,5029.39990234375,26
2026-03-16 04:17:00,5028.2001953125,5029.2998046875,5028.2001953125,5028.89990234375,9
2026-03-16 04:18:00,5027.0,5028.39990234375,5027.0,5028.39990234375,35
2026-03-16 04:19:00,5027.39990234375,5027.7998046875,5027.0,5027.2998046875,44
2026-03-16 04:20:00,5028.39990234375,5030.10009765625,5027.89990234375,5027.89990234375,37
2026-03-16 04:21:00,5028.7998046875,5029.0,5028.39990234375,5028.60009765625,15
2026-03-16 04:22:00,5028.10009765625,5028.5,5027.7998046875,5028.39990234375,10
2026-03-16 04:23:00,5027.7998046875,5028.0,5027.60009765625,5027.60009765625,8
2026-03-16 04:24:00,5025.10009765625,5027.2998046875,5025.0,5027.2001953125,47
2026-03-16 04:25:00,5024.7001953125,5025.7998046875,5024.39990234375,5025.10009765625,20
2026-03-16 04:26:00,5027.0,5027.0,5025.2001953125,5025.2001953125,7
2026-03-16 04:27:00,5025.10009765625,5027.2001953125,5024.89990234375,5027.2001953125,26
2026-03-16 04:28:00,5024.89990234375,5025.5,5024.89990234375,5025.2998046875,6
2026-03-16 04:29:00,5025.5,5026.10009765625,5025.2001953125,5025.2001953125,15
2026-03-16 04:30:00,5025.2001953125,5025.5,5024.0,5025.5,29
2026-03-16 04:31:00,5024.10009765625,5025.89990234375,5024.10009765625,5025.89990234375,73
2026-03-16 04:32:00,5025.7001953125,5025.7001953125,5022.89990234375,5024.0,29
2026-03-16 04:33:00,5027.39990234375,5028.7998046875,5025.7998046875,5025.7998046875,33
2026-03-16 04:34:00,5026.2001953125,5028.39990234375,5025.7998046875,5028.2001953125,27
2026-03-16 04:35:00,5023.7001953125,5026.2998046875,5023.5,5026.2998046875,21
2026-03-16 04:36:00,5023.2001953125,5023.7001953125,5022.7001953125,5023.7001953125,12
2026-03-16 04:37:00,5022.7001953125,5023.2001953125,5022.7001953125,5022.89990234375,8
2026-03-16 04:38:00,5022.60009765625,5023.5,5022.39990234375,5023.0,37
2026-03-16 04:39:00,5023.10009765625,5023.60009765625,5022.0,5022.2998046875,18
2026-03-16 04:40:00,5021.39990234375,5023.2998046875,5021.39990234375,5022.89990234375,37
2026-03-16 04:41:00,5020.10009765625,5021.2001953125,5018.5,5021.10009765625,20
2026-03-16 04:42:00,5019.60009765625,5020.60009765625,5019.60009765625,5020.0,18
2026-03-16 04:43:00,5020.0,5020.39990234375,5019.2998046875,5020.0,23
2026-03-16 04:44:00,5020.60009765625,5021.7998046875,5020.39990234375,5020.39990234375,26
2026-03-16 04:45:00,5020.39990234375,5021.0,5020.10009765625,5020.10009765625,6
2026-03-16 04:46:00,5019.7001953125,5020.10009765625,5019.10009765625,5020.10009765625,12
2026-03-16 04:47:00,5019.2998046875,5019.5,5018.7001953125,5019.2998046875,9
2026-03-16 04:48:00,5019.39990234375,5019.39990234375,5018.7998046875,5018.7998046875,4
2026-03-16 04:49:00,5018.7001953125,5019.2001953125,5018.7001953125,5019.2001953125,3
2026-03-16 04:50:00,5018.7998046875,5019.7001953125,5017.5,5018.2998046875,26
2026-03-16 04:51:00,5017.60009765625,5018.60009765625,5017.60009765625,5018.10009765625,7
2026-03-16 04:52:00,5018.60009765625,5018.60009765625,5017.7001953125,5017.7001953125,12
2026-03-16 04:53:00,5019.2998046875,5020.0,5018.5,5018.5,11
2026-03-16 04:54:00,5018.60009765625,5018.89990234375,5018.60009765625,5018.89990234375,4
2026-03-16 04:55:00,5018.2001953125,5018.2001953125,5018.2001953125,5018.2001953125,3
2026-03-16 04:56:00,5017.39990234375,5018.7998046875,5017.39990234375,5018.7998046875,10
2026-03-16 04:57:00,5017.39990234375,5017.39990234375,5016.7998046875,5017.0,10
2026-03-16 04:58:00,5017.2001953125,5017.2001953125,5016.39990234375,5016.89990234375,9
2026-03-16 04:59:00,5016.5,5016.89990234375,5016.0,5016.89990234375,9
2026-03-16 05:00:00,5017.7998046875,5018.60009765625,5016.2998046875,5016.39990234375,30
2026-03-16 05:01:00,5018.0,5019.60009765625,5017.5,5017.60009765625,21
2026-03-16 05:02:00,5019.2998046875,5020.0,5017.5,5018.10009765625,24
2026-03-16 05:03:00,5018.7001953125,5019.5,5018.5,5019.0,16
2026-03-16 05:04:00,5017.89990234375,5017.89990234375,5017.89990234375,5017.89990234375,1
2026-03-16 05:05:00,5017.2998046875,5017.2998046875,5016.5,5017.0,10
2026-03-16 05:06:00,5018.2998046875,5019.39990234375,5018.2998046875,5018.60009765625,15
2026-03-16 05:07:00,5018.2001953125,5019.2001953125,5018.10009765625,5019.0,8
2026-03-16 05:08:00,5015.89990234375,5017.7001953125,5015.89990234375,5017.7001953125,11
2026-03-16 05:09:00,5016.5,5016.5,5014.7998046875,5015.89990234375,41
2026-03-16 05:10:00,5017.5,5017.7998046875,5017.2001953125,5017.2001953125,17
2026-03-16 05:11:00,5019.0,5019.0,5017.5,5017.5,8
2026-03-16 05:12:00,5017.5,5019.0,5017.5,5019.0,12
2026-03-16 05:13:00,5016.7998046875,5018.10009765625,5016.2998046875,5017.7001953125,58
2026-03-16 05:14:00,5016.0,5016.7998046875,5016.0,5016.7998046875,16
2026-03-16 05:15:00,5014.10009765625,5017.2001953125,5013.5,5017.2001953125,83
2026-03-16 05:16:00,5014.2998046875,5014.7001953125,5013.60009765625,5013.60009765625,46
2026-03-16 05:17:00,5013.10009765625,5013.89990234375,5012.7998046875,5013.89990234375,22
2026-03-16 05:18:00,5012.7998046875,5014.0,5011.7998046875,5013.39990234375,37
2026-03-16 05:19:00,5014.2001953125,5014.5,5012.39990234375,5012.89990234375,107
2026-03-16 05:20:00,5012.7998046875,5014.0,5012.5,5014.0,47
2026-03-16 05:21:00,5015.0,5015.2998046875,5013.0,5013.10009765625,28
2026-03-16 05:22:00,5015.2001953125,5015.7001953125,5015.0,5015.2998046875,10
2026-03-16 05:23:00,5015.10009765625,5016.7998046875,5015.10009765625,5015.2001953125,16
2026-03-16 05:24:00,5015.7001953125,5015.7001953125,5015.60009765625,5015.60009765625,7
2026-03-16 05:25:00,5015.39990234375,5016.39990234375,5014.60009765625,5015.89990234375,29
2026-03-16 05:26:00,5016.10009765625,5017.10009765625,5015.10009765625,5015.10009765625,14
2026-03-16 05:27:00,5013.2998046875,5015.39990234375,5013.0,5015.39990234375,30
2026-03-16 05:28:00,5015.0,5015.39990234375,5012.5,5013.2998046875,31
2026-03-16 05:29:00,5014.89990234375,5014.89990234375,5014.60009765625,5014.60009765625,4
2026-03-16 05:30:00,5011.0,5014.2998046875,5010.5,5014.2998046875,97
2026-03-16 05:31:00,5009.0,5011.0,5007.2998046875,5010.7998046875,89
2026-03-16 05:32:00,5009.7998046875,5011.7998046875,5007.89990234375,5008.7998046875,59
2026-03-16 05:33:00,5009.60009765625,5011.0,5009.2001953125,5010.5,27
2026-03-16 05:34:00,5007.89990234375,5010.2998046875,5007.89990234375,5010.2998046875,19
2026-03-16 05:35:00,5009.2001953125,5009.5,5006.89990234375,5008.2998046875,119
2026-03-16 05:36:00,5009.2998046875,5010.39990234375,5009.0,5009.5,43
2026-03-16 05:37:00,5010.10009765625,5010.10009765625,5008.89990234375,5009.2001953125,41
2026-03-16 05:38:00,5012.5,5013.7001953125,5010.39990234375,5010.7001953125,69
2026-03-16 05:39:00,5015.7998046875,5015.7998046875,5013.2001953125,5013.2001953125,40
2026-03-16 05:40:00,5019.2998046875,5020.2001953125,5014.7001953125,5015.2001953125,110
2026-03-16 05:41:00,5019.7001953125,5021.60009765625,5018.7001953125,5018.7001953125,77
2026-03-16 05:42:00,5018.2001953125,5021.2998046875,5018.0,5020.0,25
2026-03-16 05:43:00,5019.2998046875,5020.2998046875,5019.2998046875,5019.7998046875,19
2026-03-16 05:44:00,5020.10009765625,5020.89990234375,5019.2998046875,5019.89990234375,31
2026-03-16 05:45:00,5021.10009765625,5021.5,5019.7998046875,5019.7998046875,49
2026-03-16 05:46:00,5020.7998046875,5021.5,5020.0,5020.89990234375,23
2026-03-16 05:47:00,5021.0,5022.0,5020.0,5020.10009765625,24
2026-03-16 05:48:00,5021.2998046875,5021.2998046875,5020.7998046875,5020.7998046875,5
2026-03-16 05:49:00,5020.10009765625,5021.39990234375,5020.0,5020.60009765625,10
2026-03-16 05:50:00,5020.2001953125,5020.89990234375,5019.39990234375,5020.0,98
2026-03-16 05:51:00,5020.39990234375,5021.10009765625,5019.7998046875,5020.5,21
2026-03-16 05:52:00,5022.0,5022.0,5019.39990234375,5021.0,32
2026-03-16 05:53:00,5022.39990234375,5023.0,5021.2998046875,5021.89990234375,66
2026-03-16 05:54:00,5023.89990234375,5023.89990234375,5022.5,5023.0,25
2026-03-16 05:55:00,5021.0,5024.0,5020.89990234375,5023.7001953125,32
2026-03-16 05:56:00,5021.60009765625,5022.39990234375,5020.2001953125,5021.10009765625,30
2026-03-16 05:57:00,5021.2998046875,5021.60009765625,5021.2998046875,5021.5,9
2026-03-16 05:58:00,5021.10009765625,5021.39990234375,5020.0,5021.10009765625,42
2026-03-16 05:59:00,5021.10009765625,5022.2001953125,5020.39990234375,5021.2001953125,69
2026-03-16 06:00:00,5022.10009765625,5022.2998046875,5021.0,5021.0,47
2026-03-16 06:01:00,5021.39990234375,5022.2998046875,5020.7998046875,5022.2001953125,65
2026-03-16 06:02:00,5020.7001953125,5022.7998046875,5019.7998046875,5021.2998046875,80
2026-03-16 06:03:00,5018.7001953125,5020.0,5016.7998046875,5020.0,75
2026-03-16 06:04:00,5020.5,5020.7998046875,5017.2001953125,5018.10009765625,71
2026-03-16 06:05:00,5022.7998046875,5023.2001953125,5019.7001953125,5020.7001953125,58
2026-03-16 06:06:00,5022.10009765625,5023.5,5021.89990234375,5022.39990234375,40
2026-03-16 06:07:00,5021.7001953125,5022.10009765625,5021.0,5021.2998046875,32
2026-03-16 06:08:00,5022.7001953125,5023.5,5021.60009765625,5021.60009765625,48
2026-03-16 06:09:00,5025.39990234375,5025.89990234375,5022.7001953125,5023.0,112
2026-03-16 06:10:00,5026.39990234375,5026.7998046875,5024.89990234375,5025.7001953125,123
2026-03-16 06:11:00,5025.39990234375,5026.5,5024.39990234375,5026.39990234375,119
2026-03-16 06:12:00,5025.89990234375,5026.0,5024.2001953125,5024.89990234375,46
2026-03-16 06:13:00,5027.39990234375,5029.60009765625,5026.0,5026.0,128
2026-03-16 06:14:00,5030.7998046875,5031.60009765625,5027.2001953125,5027.2001953125,132
2026-03-16 06:15:00,5035.0,5035.0,5029.7001953125,5030.7001953125,160
2026-03-16 06:16:00,5036.7001953125,5038.5,5035.2001953125,5035.39990234375,284
2026-03-16 06:17:00,5037.5,5037.7998046875,5036.10009765625,5036.7001953125,116
2026-03-16 06:18:00,5036.39990234375,5037.7998046875,5036.2998046875,5036.7998046875,41
2026-03-16 06:19:00,5037.39990234375,5039.7998046875,5036.10009765625,5036.10009765625,134
2026-03-16 06:20:00,5037.2998046875,5038.5,5037.10009765625,5037.89990234375,47
2026-03-16 06:21:00,5035.60009765625,5037.60009765625,5035.0,5036.60009765625,43
2026-03-16 06:22:00,5033.10009765625,5036.10009765625,5032.7998046875,5035.7001953125,80
2026-03-16 06:23:00,5033.39990234375,5033.60009765625,5031.5,5033.2998046875,105
2026-03-16 06:24:00,5031.89990234375,5034.39990234375,5031.5,5033.39990234375,51
2026-03-16 06:25:00,5031.10009765625,5032.2998046875,5030.7998046875,5032.0,54
2026-03-16 06:26:00,5030.89990234375,5031.60009765625,5029.39990234375,5030.7998046875,67
2026-03-16 06:27:00,5033.0,5033.0,5031.0,5031.0,55
2026-03-16 06:28:00,5031.39990234375,5033.7998046875,5031.0,5033.7001953125,42
2026-03-16 06:29:00,5031.5,5032.39990234375,5031.2001953125,5031.7001953125,32
2026-03-16 06:30:00,5032.0,5033.2001953125,5031.60009765625,5031.7998046875,24
2026-03-16 06:31:00,5031.10009765625,5031.7001953125,5029.89990234375,5031.7001953125,48
2026-03-16 06:32:00,5032.10009765625,5032.5,5030.7998046875,5031.5,21
2026-03-16 06:33:00,5031.0,5032.7001953125,5030.7998046875,5031.7001953125,32
2026-03-16 06:34:00,5029.0,5031.2998046875,5028.7001953125,5031.2998046875,35
2026-03-16 06:35:00,5029.89990234375,5030.0,5028.10009765625,5028.5,34
2026-03-16 06:36:00,5028.7001953125,5030.0,5027.5,5030.0,58
2026-03-16 06:37:00,5028.39990234375,5029.2001953125,5028.2001953125,5029.10009765625,42
2026-03-16 06:38:00,5029.0,5029.7998046875,5027.5,5028.5,71
2026-03-16 06:39:00,5029.39990234375,5030.60009765625,5028.7998046875,5028.7998046875,29
2026-03-16 06:40:00,5025.89990234375,5028.89990234375,5024.5,5028.7998046875,85
2026-03-16 06:41:00,5027.0,5028.2001953125,5026.2001953125,5026.2001953125,30
2026-03-16 06:42:00,5027.60009765625,5028.2998046875,5026.89990234375,5027.7998046875,138
2026-03-16 06:43:00,5027.0,5027.60009765625,5026.0,5027.5,72
2026-03-16 06:44:00,5026.60009765625,5027.89990234375,5026.10009765625,5027.2998046875,78
2026-03-16 06:45:00,5025.0,5026.7001953125,5023.7998046875,5026.0,97
2026-03-16 06:46:00,5023.89990234375,5026.0,5023.2998046875,5025.0,141
2026-03-16 06:47:00,5018.39990234375,5024.10009765625,5018.39990234375,5023.5,241
2026-03-16 06:48:00,5014.5,5019.2998046875,5012.60009765625,5019.2001953125,402
2026-03-16 06:49:00,5016.0,5016.0,5012.2998046875,5015.10009765625,211
2026-03-16 06:50:00,5013.60009765625,5016.89990234375,5009.0,5016.2001953125,253
2026-03-16 06:51:00,5012.39990234375,5014.7001953125,5011.7998046875,5012.89990234375,70
2026-03-16 06:52:00,5010.39990234375,5013.39990234375,5008.5,5011.60009765625,85
2026-03-16 06:53:00,5012.2998046875,5013.10009765625,5009.60009765625,5009.7998046875,160
2026-03-16 06:54:00,5013.10009765625,5013.5,5011.60009765625,5012.7001953125,31
2026-03-16 06:55:00,5014.39990234375,5014.39990234375,5012.39990234375,5013.2001953125,35
2026-03-16 06:56:00,5014.7998046875,5016.7998046875,5013.7001953125,5014.2001953125,56
2026-03-16 06:57:00,5016.5,5017.10009765625,5014.60009765625,5014.60009765625,21
2026-03-16 06:58:00,5016.89990234375,5018.39990234375,5016.60009765625,5016.60009765625,91
2026-03-16 06:59:00,5016.2001953125,5017.39990234375,5015.60009765625,5017.2001953125,41
2026-03-16 07:00:00,5016.2998046875,5016.2998046875,5013.2998046875,5016.10009765625,70
2026-03-16 07:01:00,5018.10009765625,5018.10009765625,5016.0,5016.7998046875,22
2026-03-16 07:02:00,5018.5,5019.0,5018.10009765625,5018.10009765625,36
2026-03-16 07:03:00,5018.39990234375,5018.7001953125,5017.39990234375,5018.2001953125,52
2026-03-16 07:04:00,5018.89990234375,5019.39990234375,5017.39990234375,5018.0,40
2026-03-16 07:05:00,5015.7001953125,5019.2001953125,5015.7001953125,5019.2001953125,25
2026-03-16 07:06:00,5015.89990234375,5017.0,5014.10009765625,5015.89990234375,56
2026-03-16 07:07:00,5016.10009765625,5016.60009765625,5013.39990234375,5016.39990234375,61
2026-03-16 07:08:00,5018.0,5018.39990234375,5015.89990234375,5016.2998046875,50
2026-03-16 07:09:00,5018.7998046875,5020.0,5018.0,5018.60009765625,62
2026-03-16 07:10:00,5015.60009765625,5019.2001953125,5015.60009765625,5019.2001953125,32
2026-03-16 07:11:00,5016.10009765625,5017.0,5015.7998046875,5015.7998046875,23
2026-03-16 07:12:00,5016.89990234375,5017.2998046875,5015.7001953125,5016.5,43
2026-03-16 07:13:00,5016.0,5017.2998046875,5016.0,5017.10009765625,47
2026-03-16 07:14:00,5013.60009765625,5015.60009765625,5013.39990234375,5015.60009765625,25
2026-03-16 07:15:00,5007.39990234375,5013.2998046875,5005.0,5013.0,199
2026-03-16 07:16:00,5011.60009765625,5013.0,5007.5,5007.5,105
2026-03-16 07:17:00,5010.0,5011.60009765625,5007.2001953125,5011.39990234375,124
2026-03-16 07:18:00,5008.89990234375,5011.39990234375,5008.2998046875,5010.10009765625,140
2026-03-16 07:19:00,5010.39990234375,5012.39990234375,5008.5,5009.0,243
2026-03-16 07:20:00,5011.0,5011.2001953125,5009.2001953125,5010.7001953125,313
2026-03-16 07:21:00,5010.7998046875,5011.5,5009.89990234375,5010.7998046875,228
2026-03-16 07:22:00,5008.39990234375,5011.60009765625,5007.0,5009.89990234375,191
2026-03-16 07:23:00,5006.0,5008.7998046875,5006.0,5008.2998046875,184
2026-03-16 07:24:00,5007.2001953125,5008.0,5005.7998046875,5006.2001953125,137
2026-03-16 07:25:00,5008.0,5010.2001953125,5007.2001953125,5007.89990234375,92
2026-03-16 07:26:00,5006.2001953125,5007.7998046875,5006.2001953125,5007.60009765625,27
2026-03-16 07:27:00,5006.7001953125,5008.7998046875,5005.7998046875,5006.10009765625,73
2026-03-16 07:28:00,5004.0,5006.0,5002.5,5006.0,102
2026-03-16 07:29:00,5006.60009765625,5007.7001953125,5003.7001953125,5004.2001953125,104
2026-03-16 07:30:00,5007.7998046875,5009.39990234375,5007.2001953125,5007.2998046875,61
2026-03-16 07:31:00,5008.60009765625,5010.0,5007.10009765625,5007.10009765625,42
2026-03-16 07:32:00,5008.60009765625,5008.7001953125,5007.2001953125,5008.7001953125,35
2026-03-16 07:33:00,5010.39990234375,5011.7001953125,5009.2998046875,5009.2998046875,84
2026-03-16 07:34:00,5008.7998046875,5011.0,5008.7001953125,5010.60009765625,38
2026-03-16 07:35:00,5007.39990234375,5009.7001953125,5006.5,5008.7998046875,267
2026-03-16 07:36:00,5005.60009765625,5008.60009765625,5003.89990234375,5006.89990234375,507
2026-03-16 07:37:00,4999.7001953125,5006.10009765625,4992.89990234375,5006.10009765625,972
2026-03-16 07:38:00,4999.89990234375,5002.7001953125,4996.7998046875,4999.0,301
2026-03-16 07:39:00,5001.7998046875,5001.89990234375,4998.5,5000.2001953125,128
2026-03-16 07:40:00,4999.5,5001.2001953125,4998.2998046875,5001.10009765625,59
2026-03-16 07:41:00,4997.0,4999.89990234375,4996.0,4999.39990234375,118
2026-03-16 07:42:00,4998.10009765625,4998.89990234375,4996.89990234375,4997.10009765625,91
2026-03-16 07:43:00,4997.89990234375,4998.7998046875,4997.10009765625,4998.2998046875,71
2026-03-16 07:44:00,4995.7001953125,4997.7001953125,4994.7998046875,4997.5,66
2026-03-16 07:45:00,4999.5,5002.7001953125,4996.2001953125,4996.2001953125,217
2026-03-16 07:46:00,5002.89990234375,5003.2001953125,4999.7998046875,4999.89990234375,46
2026-03-16 07:47:00,5002.2001953125,5003.60009765625,5001.5,5003.2001953125,43
2026-03-16 07:48:00,5001.0,5002.7001953125,5000.2998046875,5002.7001953125,33
2026-03-16 07:49:00,4999.39990234375,5000.7998046875,4999.39990234375,5000.7001953125,30
2026-03-16 07:50:00,5002.0,5002.0,4999.7001953125,5000.39990234375,27
2026-03-16 07:51:00,5000.10009765625,5002.2001953125,4999.5,5002.2001953125,186
2026-03-16 07:52:00,4999.89990234375,4999.89990234375,4998.5,4999.89990234375,61
2026-03-16 07:53:00,4997.60009765625,4999.7998046875,4996.5,4999.7998046875,105
2026-03-16 07:54:00,4997.2998046875,4999.10009765625,4997.10009765625,4997.7998046875,76
2026-03-16 07:55:00,5000.60009765625,5000.60009765625,4996.7001953125,4997.0,66
2026-03-16 07:56:00,4998.7998046875,5001.0,4998.7998046875,5000.7998046875,47
2026-03-16 07:57:00,5001.10009765625,5001.10009765625,4997.60009765625,4998.39990234375,50
2026-03-16 07:58:00,4997.60009765625,5001.10009765625,4996.7998046875,5000.60009765625,82
2026-03-16 07:59:00,4998.89990234375,4998.89990234375,4997.10009765625,4998.0,41
2026-03-16 08:00:00,5002.2001953125,5002.7001953125,4998.10009765625,4998.7001953125,98
2026-03-16 08:01:00,5000.39990234375,5003.10009765625,5000.39990234375,5002.2001953125,50
2026-03-16 08:02:00,4998.89990234375,5000.7998046875,4998.7001953125,5000.0,80
2026-03-16 08:03:00,5001.2998046875,5001.2998046875,4995.7001953125,4999.39990234375,68
2026-03-16 08:04:00,5000.39990234375,5000.7998046875,4998.60009765625,5000.7998046875,48
2026-03-16 08:05:00,4998.2998046875,5002.7998046875,4997.2998046875,5001.7001953125,145
2026-03-16 08:06:00,5001.10009765625,5001.2001953125,4997.39990234375,4997.89990234375,114
2026-03-16 08:07:00,4999.39990234375,5001.60009765625,4998.7001953125,5001.0,200
2026-03-16 08:08:00,4998.89990234375,5000.89990234375,4998.7001953125,4999.2998046875,252
2026-03-16 08:09:00,5000.7001953125,5001.2001953125,4998.5,4998.89990234375,173
2026-03-16 08:10:00,5003.89990234375,5004.7001953125,5000.0,5000.5,229
2026-03-16 08:11:00,5002.89990234375,5004.7001953125,5001.2998046875,5004.5,299
2026-03-16 08:12:00,5000.2001953125,5003.7001953125,4999.7001953125,5002.2998046875,123
2026-03-16 08:13:00,4994.2001953125,5000.0,4991.60009765625,5000.0,267
2026-03-16 08:14:00,4993.10009765625,4995.7998046875,4992.89990234375,4993.60009765625,105
2026-03-16 08:15:00,4992.10009765625,4995.89990234375,4991.60009765625,4992.7001953125,184
2026-03-16 08:16:00,4995.89990234375,4996.2998046875,4992.60009765625,4992.7998046875,96
2026-03-16 08:17:00,4995.5,4997.10009765625,4994.7998046875,4996.2998046875,99
2026-03-16 08:18:00,4997.5,4997.5,4994.89990234375,4995.5,95
2026-03-16 08:19:00,4995.0,4998.0,4994.39990234375,4997.39990234375,104
2026-03-16 08:20:00,4996.89990234375,4997.7001953125,4993.60009765625,4994.5,84
2026-03-16 08:21:00,4995.7998046875,4996.60009765625,4994.89990234375,4996.60009765625,159
2026-03-16 08:22:00,5002.7001953125,5003.0,4994.89990234375,4995.5,178
2026-03-16 08:23:00,5005.39990234375,5005.7998046875,5002.7998046875,5002.89990234375,214
2026-03-16 08:24:00,5006.0,5007.5,5003.7998046875,5005.7001953125,147
2026-03-16 08:25:00,5006.0,5008.0,5005.60009765625,5005.7998046875,170
2026-03-16 08:26:00,5001.2998046875,5006.2998046875,5001.2998046875,5006.2998046875,137
2026-03-16 08:27:00,5004.7001953125,5005.7998046875,4999.5,5001.39990234375,254
2026-03-16 08:28:00,5002.2001953125,5005.0,5002.10009765625,5004.2998046875,334
2026-03-16 08:29:00,5001.2001953125,5004.2001953125,5000.60009765625,5002.7001953125,294
2026-03-16 08:30:00,5000.2001953125,5001.2998046875,4998.7998046875,5001.10009765625,168
2026-03-16 08:31:00,5000.0,5002.5,4999.89990234375,4999.89990234375,48
2026-03-16 08:32:00,4999.89990234375,5001.0,4999.39990234375,5000.2001953125,47
2026-03-16 08:33:00,4996.7998046875,4999.89990234375,4995.7001953125,4999.60009765625,147
2026-03-16 08:34:00,4996.7998046875,4998.39990234375,4996.7998046875,4997.39990234375,94
2026-03-16 08:35:00,4996.89990234375,4997.5,4996.2001953125,4996.7998046875,99
2026-03-16 08:36:00,4998.39990234375,4998.39990234375,4996.2001953125,4996.89990234375,71
2026-03-16 08:37:00,4998.0,4998.7998046875,4997.5,4997.7998046875,32
2026-03-16 08:38:00,4992.60009765625,4997.7001953125,4992.0,4997.5,118
2026-03-16 08:39:00,4992.89990234375,4993.60009765625,4989.0,4993.0,222
2026-03-16 08:40:00,4991.10009765625,4993.5,4989.39990234375,4993.2001953125,317
2026-03-16 08:41:00,4993.39990234375,4993.7001953125,4989.89990234375,4991.39990234375,132
2026-03-16 08:42:00,4992.0,4993.89990234375,4991.39990234375,4993.7001953125,84
2026-03-16 08:43:00,4989.5,4991.10009765625,4988.2001953125,4991.0,181
2026-03-16 08:44:00,4990.7998046875,4991.5,4989.5,4989.60009765625,88
2026-03-16 08:45:00,4990.7998046875,4993.0,4990.10009765625,4990.39990234375,111
2026-03-16 08:46:00,4993.10009765625,4993.2998046875,4989.2001953125,4990.2001953125,128
2026-03-16 08:47:00,4992.0,4993.7998046875,4990.0,4992.5,125
2026-03-16 08:48:00,4994.5,4995.2001953125,4992.10009765625,4992.10009765625,105
2026-03-16 08:49:00,4996.0,4997.2001953125,4994.5,4994.5,156
2026-03-16 08:50:00,4995.7998046875,4996.0,4994.7998046875,4995.7998046875,63
2026-03-16 08:51:00,4995.89990234375,4996.60009765625,4994.7998046875,4996.10009765625,101
2026-03-16 08:52:00,4998.10009765625,4998.5,4995.89990234375,4996.0,74
2026-03-16 08:53:00,4999.2001953125,5000.7998046875,4998.2998046875,4998.2998046875,200
2026-03-16 08:54:00,4999.2001953125,5001.5,4999.0,4999.7998046875,76
2026-03-16 08:55:00,4999.10009765625,4999.7001953125,4998.7001953125,4999.10009765625,56
2026-03-16 08:56:00,4995.2998046875,4999.0,4995.10009765625,4999.0,55
2026-03-16 08:57:00,4994.5,4995.2001953125,4993.39990234375,4995.10009765625,95
2026-03-16 08:58:00,4994.10009765625,4995.10009765625,4993.7001953125,4995.0,46
2026-03-16 08:59:00,4995.0,4995.39990234375,4994.10009765625,4994.39990234375,29
2026-03-16 09:00:00,4993.7001953125,4995.0,4993.2998046875,4994.10009765625,69
2026-03-16 09:01:00,4991.60009765625,4994.0,4988.39990234375,4993.10009765625,192
2026-03-16 09:02:00,4988.2998046875,4993.0,4986.89990234375,4991.60009765625,216
2026-03-16 09:03:00,4989.7998046875,4990.7001953125,4987.0,4988.89990234375,302
2026-03-16 09:04:00,4989.2998046875,4990.89990234375,4988.7001953125,4989.89990234375,332
2026-03-16 09:05:00,4985.2998046875,4990.0,4983.5,4989.5,671
2026-03-16 09:06:00,4987.2001953125,4989.0,4984.89990234375,4985.10009765625,226
2026-03-16 09:07:00,4987.5,4988.0,4986.10009765625,4986.60009765625,161
2026-03-16 09:08:00,4989.0,4989.7001953125,4986.60009765625,4987.7998046875,122
2026-03-16 09:09:00,4988.39990234375,4990.10009765625,4987.10009765625,4989.2998046875,55
2026-03-16 09:10:00,4987.7001953125,4989.2998046875,4987.2998046875,4988.5,128
2026-03-16 09:11:00,4988.39990234375,4989.10009765625,4987.0,4987.89990234375,306
2026-03-16 09:12:00,4988.2998046875,4990.5,4987.39990234375,4988.0,242
2026-03-16 09:13:00,4989.5,4989.7001953125,4987.39990234375,4988.39990234375,347
2026-03-16 09:14:00,4988.60009765625,4990.60009765625,4988.0,4989.5,280
2026-03-16 09:15:00,4989.7001953125,4990.89990234375,4987.7998046875,4988.2001953125,252
2026-03-16 09:16:00,4988.5,4989.60009765625,4988.2998046875,4989.60009765625,26
2026-03-16 09:17:00,4990.2998046875,4990.89990234375,4989.2001953125,4989.2001953125,45
2026-03-16 09:18:00,4991.60009765625,4992.2998046875,4990.2998046875,4990.89990234375,60
2026-03-16 09:19:00,4990.7001953125,4992.10009765625,4990.60009765625,4991.60009765625,42
2026-03-16 09:20:00,4989.89990234375,4991.89990234375,4989.60009765625,4991.2001953125,42
2026-03-16 09:21:00,4989.60009765625,4991.7001953125,4989.2998046875,4989.7998046875,86
2026-03-16 09:22:00,4990.7998046875,4991.7998046875,4989.7998046875,4989.7998046875,58
2026-03-16 09:23:00,4991.0,4991.7998046875,4990.60009765625,4991.2001953125,56
2026-03-16 09:24:00,4990.2998046875,4992.0,4990.0,4991.2998046875,62
2026-03-16 09:25:00,4990.60009765625,4990.89990234375,4987.5,4989.39990234375,131
2026-03-16 09:26:00,4993.10009765625,4994.2001953125,4991.2998046875,4991.2998046875,172
2026-03-16 09:27:00,4992.39990234375,4993.5,4991.60009765625,4993.5,67
2026-03-16 09:28:00,4992.0,4992.7001953125,4992.0,4992.39990234375,101
2026-03-16 09:29:00,4992.39990234375,4992.60009765625,4992.0,4992.0,85
2026-03-16 09:30:00,4991.10009765625,4992.7998046875,4990.2998046875,4992.7001953125,184
2026-03-16 09:31:00,4988.5,4991.60009765625,4988.10009765625,4991.5,316
2026-03-16 09:32:00,4991.2001953125,4992.2998046875,4988.2001953125,4988.2998046875,135
2026-03-16 09:33:00,4993.2998046875,4995.60009765625,4991.60009765625,4991.60009765625,155
2026-03-16 09:34:00,4992.60009765625,4993.7998046875,4992.5,4993.2998046875,30
2026-03-16 09:35:00,4993.0,4993.2998046875,4991.7001953125,4992.7998046875,96
2026-03-16 09:36:00,4991.89990234375,4993.39990234375,4990.7998046875,4993.2998046875,122
2026-03-16 09:37:00,4989.5,4991.5,4989.39990234375,4991.2998046875,63
2026-03-16 09:38:00,4989.60009765625,4990.5,4989.10009765625,4989.7998046875,40
2026-03-16 09:39:00,4987.5,4989.5,4986.60009765625,4989.5,255
2026-03-16 09:40:00,4989.39990234375,4990.2001953125,4987.7001953125,4987.89990234375,215
2026-03-16 09:41:00,4989.7998046875,4989.7998046875,4988.60009765625,4989.5,202
2026-03-16 09:42:00,4988.5,4990.39990234375,4987.2998046875,4989.39990234375,245
2026-03-16 09:43:00,4986.89990234375,4988.5,4986.7001953125,4988.2001953125,92
2026-03-16 09:44:00,4985.7001953125,4988.2001953125,4985.10009765625,4987.0,231
2026-03-16 09:45:00,4982.0,4987.5,4982.0,4985.2001953125,368
2026-03-16 09:46:00,4980.7001953125,4982.10009765625,4976.5,4982.0,462
2026-03-16 09:47:00,4981.2001953125,4982.39990234375,4980.10009765625,4980.60009765625,122
2026-03-16 09:48:00,4981.7998046875,4982.5,4980.7001953125,4981.7998046875,62
2026-03-16 09:49:00,4984.2998046875,4985.2001953125,4981.39990234375,4982.10009765625,242
2026-03-16 09:50:00,4989.10009765625,4989.10009765625,4982.7001953125,4984.60009765625,182
2026-03-16 09:51:00,4987.2001953125,4989.2998046875,4987.2001953125,4988.7998046875,102
2026-03-16 09:52:00,4986.2998046875,4987.60009765625,4986.2001953125,4987.10009765625,45
2026-03-16 09:53:00,4983.2998046875,4986.2998046875,4983.2998046875,4985.89990234375,83
2026-03-16 09:54:00,4981.7001953125,4983.89990234375,4980.7001953125,4983.7001953125,117
2026-03-16 09:55:00,4981.39990234375,4982.2998046875,4980.39990234375,4981.10009765625,93
2026-03-16 09:56:00,4981.2001953125,4983.2001953125,4981.10009765625,4982.10009765625,50
2026-03-16 09:57:00,4983.60009765625,4983.7001953125,4979.2998046875,4980.7001953125,128
2026-03-16 09:58:00,4980.2998046875,4983.39990234375,4980.2998046875,4983.39990234375,61
2026-03-16 09:59:00,4979.39990234375,4981.5,4976.7001953125,4980.89990234375,149
2026-03-16 10:00:00,4977.5,4979.7998046875,4976.7001953125,4979.7001953125,127
2026-03-16 10:01:00,4975.2001953125,4977.5,4973.5,4976.7998046875,220
2026-03-16 10:02:00,4978.60009765625,4979.39990234375,4973.5,4974.7001953125,200
2026-03-16 10:03:00,4979.5,4980.0,4976.7001953125,4978.60009765625,119
2026-03-16 10:04:00,4977.7998046875,4979.60009765625,4976.60009765625,4979.39990234375,86
2026-03-16 10:05:00,4977.7998046875,4981.2001953125,4977.10009765625,4978.2001953125,144
2026-03-16 10:06:00,4979.7001953125,4980.10009765625,4976.89990234375,4977.7001953125,84
2026-03-16 10:07:00,4979.5,4979.89990234375,4978.60009765625,4978.60009765625,74
2026-03-16 10:08:00,4979.7001953125,4981.10009765625,4979.2001953125,4979.7001953125,73
2026-03-16 10:09:00,4983.2998046875,4983.7001953125,4979.2998046875,4979.39990234375,95
2026-03-16 10:10:00,4980.5,4983.39990234375,4979.39990234375,4982.89990234375,172
2026-03-16 10:11:00,4979.89990234375,4981.60009765625,4979.7998046875,4981.10009765625,34
2026-03-16 10:12:00,4982.2998046875,4983.60009765625,4979.2998046875,4980.2998046875,170
2026-03-16 10:13:00,4981.89990234375,4983.60009765625,4981.0,4982.7998046875,88
2026-03-16 10:14:00,4980.7001953125,4983.10009765625,4980.60009765625,4982.60009765625,157
2026-03-16 10:15:00,4983.7001953125,4984.5,4980.2001953125,4980.2998046875,141
2026-03-16 10:16:00,4985.0,4985.2001953125,4983.39990234375,4983.39990234375,81
2026-03-16 10:17:00,4983.89990234375,4984.89990234375,4981.7001953125,4984.89990234375,131
2026-03-16 10:18:00,4983.7001953125,4984.10009765625,4982.60009765625,4983.60009765625,76
2026-03-16 10:19:00,4983.2001953125,4985.10009765625,4982.89990234375,4983.5,91
2026-03-16 10:20:00,4983.60009765625,4985.10009765625,4982.89990234375,4983.10009765625,81
2026-03-16 10:21:00,4985.2001953125,4986.2998046875,4982.7001953125,4983.2001953125,114
2026-03-16 10:22:00,4984.10009765625,4986.2001953125,4984.10009765625,4985.39990234375,102
2026-03-16 10:23:00,4987.0,4987.39990234375,4984.7001953125,4984.7998046875,308
2026-03-16 10:24:00,4988.60009765625,4989.89990234375,4987.2001953125,4987.5,240
2026-03-16 10:25:00,4990.89990234375,4991.89990234375,4988.2001953125,4988.60009765625,73
2026-03-16 10:26:00,4992.10009765625,4992.10009765625,4989.7998046875,4990.60009765625,123
2026-03-16 10:27:00,4993.89990234375,4994.39990234375,4991.0,4991.7001953125,150
2026-03-16 10:28:00,4994.7998046875,4995.7001953125,4994.0,4994.0,102
2026-03-16 10:29:00,4990.7001953125,4994.39990234375,4989.7998046875,4994.2998046875,181
2026-03-16 10:30:00,4990.7998046875,4992.5,4988.89990234375,4991.5,227
2026-03-16 10:31:00,4990.2998046875,4992.2001953125,4989.5,4991.0,107
2026-03-16 10:32:00,4991.2998046875,4992.2001953125,4989.60009765625,4991.0,178
2026-03-16 10:33:00,4989.7998046875,4991.39990234375,4989.7001953125,4991.0,77
2026-03-16 10:34:00,4991.0,4994.2998046875,4989.39990234375,4990.5,312
2026-03-16 10:35:00,4992.2998046875,4992.2998046875,4989.7998046875,4991.2998046875,85
2026-03-16 10:36:00,4991.39990234375,4992.10009765625,4990.2998046875,4991.89990234375,98
2026-03-16 10:37:00,4990.7998046875,4991.89990234375,4990.39990234375,4991.5,124
2026-03-16 10:38:00,4988.7998046875,4991.10009765625,4988.7998046875,4991.10009765625,83
2026-03-16 10:39:00,4986.2998046875,4988.5,4985.89990234375,4988.5,137
2026-03-16 10:40:00,4986.39990234375,4987.60009765625,4985.0,4987.0,134
2026-03-16 10:41:00,4985.60009765625,4987.10009765625,4985.2998046875,4986.60009765625,35
2026-03-16 10:42:00,4985.89990234375,4986.60009765625,4985.0,4985.89990234375,146
2026-03-16 10:43:00,4987.7001953125,4989.2001953125,4986.2998046875,4986.2998046875,71
2026-03-16 10:44:00,4990.39990234375,4990.39990234375,4987.7998046875,4987.89990234375,70
2026-03-16 10:45:00,4992.2998046875,4992.7998046875,4988.7001953125,4990.0,83
2026-03-16 10:46:00,4993.0,4993.2998046875,4991.10009765625,4992.10009765625,99
2026-03-16 10:47:00,4994.60009765625,4995.7001953125,4993.10009765625,4993.5,150
2026-03-16 10:48:00,4997.7998046875,4998.0,4994.89990234375,4995.0,69
2026-03-16 10:49:00,4999.7001953125,4999.7001953125,4997.10009765625,4997.7998046875,153
2026-03-16 10:50:00,4998.60009765625,4999.39990234375,4997.2001953125,4999.10009765625,123
2026-03-16 10:51:00,5000.89990234375,5002.10009765625,4997.2001953125,4998.7001953125,266
2026-03-16 10:52:00,5002.2998046875,5003.0,5000.2001953125,5000.89990234375,208
2026-03-16 10:53:00,5002.2998046875,5004.39990234375,5001.89990234375,5002.5,215
2026-03-16 10:54:00,5000.89990234375,5002.5,5000.0,5002.39990234375,181
2026-03-16 10:55:00,5002.2001953125,5002.39990234375,5000.89990234375,5001.2001953125,190
2026-03-16 10:56:00,5002.7001953125,5003.7998046875,5001.7998046875,5002.2001953125,102
2026-03-16 10:57:00,5003.7001953125,5004.2001953125,5003.0,5003.10009765625,73
2026-03-16 10:58:00,5004.10009765625,5005.2998046875,5003.0,5003.7998046875,130
2026-03-16 10:59:00,5004.2001953125,5004.7001953125,5003.7001953125,5004.2001953125,97
2026-03-16 11:00:00,5005.10009765625,5006.7001953125,5004.2998046875,5004.2998046875,217
2026-03-16 11:01:00,5004.2998046875,5005.7998046875,5003.10009765625,5005.2998046875,130
2026-03-16 11:02:00,5004.10009765625,5004.7001953125,5002.7001953125,5004.39990234375,39
2026-03-16 11:03:00,5001.89990234375,5004.0,5001.89990234375,5003.89990234375,93
2026-03-16 11:04:00,5001.89990234375,5002.89990234375,5001.0,5002.2998046875,86
2026-03-16 11:05:00,5003.5,5004.10009765625,5001.7998046875,5001.7998046875,158
2026-03-16 11:06:00,5004.2998046875,5004.2998046875,5002.39990234375,5003.5,82
2026-03-16 11:07:00,5002.2998046875,5004.2998046875,5001.0,5003.7998046875,54
2026-03-16 11:08:00,5002.7001953125,5003.89990234375,5001.7998046875,5002.10009765625,55
2026-03-16 11:09:00,5004.10009765625,5004.89990234375,5002.7001953125,5002.7001953125,110
2026-03-16 11:10:00,5008.7001953125,5010.2998046875,5003.7001953125,5004.0,226
2026-03-16 11:11:00,5011.2998046875,5013.10009765625,5009.10009765625,5009.2001953125,242
2026-03-16 11:12:00,5009.5,5011.7001953125,5009.5,5011.5,126
2026-03-16 11:13:00,5007.7001953125,5010.39990234375,5007.0,5009.39990234375,101
2026-03-16 11:14:00,5007.7001953125,5008.89990234375,5007.0,5008.0,54
2026-03-16 11:15:00,5008.2001953125,5009.0,5007.89990234375,5008.0,42
2026-03-16 11:16:00,5009.2998046875,5010.10009765625,5008.2998046875,5008.5,133
2026-03-16 11:17:00,5010.39990234375,5010.7001953125,5008.7001953125,5009.10009765625,119
2026-03-16 11:18:00,5013.7998046875,5013.7998046875,5009.7001953125,5010.39990234375,246
2026-03-16 11:19:00,5017.7998046875,5019.0,5013.5,5013.60009765625,250
2026-03-16 11:20:00,5017.10009765625,5019.5,5016.89990234375,5017.89990234375,139
2026-03-16 11:21:00,5018.5,5019.2001953125,5016.89990234375,5016.89990234375,73
2026-03-16 11:22:00,5020.7998046875,5020.89990234375,5018.2998046875,5018.60009765625,275
2026-03-16 11:23:00,5021.5,5025.39990234375,5020.7001953125,5020.89990234375,385
2026-03-16 11:24:00,5025.60009765625,5026.0,5021.60009765625,5022.0,265
2026-03-16 11:25:00,5026.0,5026.10009765625,5023.2998046875,5025.39990234375,155
2026-03-16 11:26:00,5027.2001953125,5028.2001953125,5025.89990234375,5026.60009765625,250
2026-03-16 11:27:00,5025.7998046875,5027.39990234375,5024.0,5027.2998046875,138
2026-03-16 11:28:00,5024.7998046875,5026.39990234375,5024.10009765625,5026.10009765625,119
2026-03-16 11:29:00,5024.10009765625,5024.89990234375,5022.39990234375,5024.2998046875,174
2026-03-16 11:30:00,5022.39990234375,5024.10009765625,5021.7998046875,5024.10009765625,126
2026-03-16 11:31:00,5023.60009765625,5023.7001953125,5021.39990234375,5021.89990234375,78
2026-03-16 11:32:00,5022.60009765625,5024.5,5022.2998046875,5023.2998046875,55
2026-03-16 11:33:00,5022.60009765625,5025.2998046875,5022.60009765625,5023.0,109
2026-03-16 11:34:00,5023.2998046875,5023.7001953125,5022.5,5022.60009765625,30
2026-03-16 11:35:00,5022.39990234375,5023.60009765625,5021.89990234375,5023.5,36
2026-03-16 11:36:00,5023.0,5024.7001953125,5022.5,5022.89990234375,54
2026-03-16 11:37:00,5023.2001953125,5024.2001953125,5022.7998046875,5023.2001953125,85
2026-03-16 11:38:00,5023.2001953125,5024.10009765625,5020.60009765625,5023.0,145
2026-03-16 11:39:00,5023.5,5023.60009765625,5022.60009765625,5023.5,42
2026-03-16 11:40:00,5023.10009765625,5023.5,5022.7001953125,5023.5,19
2026-03-16 11:41:00,5023.5,5023.5,5022.60009765625,5023.2998046875,29
2026-03-16 11:42:00,5021.10009765625,5025.0,5020.39990234375,5023.5,223
2026-03-16 11:43:00,5019.89990234375,5021.7001953125,5018.5,5021.7001953125,115
2026-03-16 11:44:00,5020.7998046875,5021.0,5019.7001953125,5020.0,111
2026-03-16 11:45:00,5019.2998046875,5023.5,5019.2001953125,5020.89990234375,207
2026-03-16 11:46:00,5018.39990234375,5019.60009765625,5018.10009765625,5019.39990234375,156
2026-03-16 11:47:00,5018.60009765625,5018.7001953125,5017.7001953125,5018.2998046875,67
2026-03-16 11:48:00,5017.5,5018.5,5017.0,5017.7998046875,59
2026-03-16 11:49:00,5016.89990234375,5017.39990234375,5015.7001953125,5017.39990234375,315
2026-03-16 11:50:00,5015.5,5016.89990234375,5015.2001953125,5016.60009765625,112
2026-03-16 11:51:00,5013.0,5016.0,5012.60009765625,5015.2998046875,408
2026-03-16 11:52:00,5011.5,5013.0,5011.0,5013.0,394
2026-03-16 11:53:00,5005.60009765625,5011.39990234375,5005.0,5011.39990234375,364
2026-03-16 11:54:00,5003.89990234375,5005.7998046875,5000.7998046875,5005.39990234375,578
2026-03-16 11:55:00,5003.39990234375,5004.7001953125,5000.0,5003.60009765625,342
2026-03-16 11:56:00,5002.60009765625,5004.89990234375,5001.5,5003.7998046875,171
2026-03-16 11:57:00,5002.10009765625,5003.0,5000.60009765625,5003.0,92
2026-03-16 11:58:00,5002.0,5003.7998046875,5001.7998046875,5002.0,57
2026-03-16 11:59:00,5001.89990234375,5002.5,4996.7998046875,5002.10009765625,234
2026-03-16 12:00:00,5000.60009765625,5002.10009765625,4999.5,5001.7001953125,213
2026-03-16 12:01:00,5004.5,5005.7998046875,5000.60009765625,5000.60009765625,231
2026-03-16 12:02:00,5003.2998046875,5005.39990234375,5003.2998046875,5004.60009765625,106
2026-03-16 12:03:00,5004.2998046875,5006.60009765625,5003.5,5004.2001953125,102
2026-03-16 12:04:00,5005.39990234375,5007.2001953125,5003.7001953125,5003.7001953125,86
2026-03-16 12:05:00,5007.39990234375,5008.10009765625,5005.5,5005.89990234375,98
2026-03-16 12:06:00,5008.2998046875,5008.60009765625,5006.7998046875,5007.39990234375,115
2026-03-16 12:07:00,5009.39990234375,5009.5,5007.7998046875,5008.60009765625,37
2026-03-16 12:08:00,5006.2998046875,5009.39990234375,5005.60009765625,5009.2001953125,94
2026-03-16 12:09:00,5003.7998046875,5006.5,5003.7998046875,5005.60009765625,108
2026-03-16 12:10:00,5005.89990234375,5006.10009765625,5003.89990234375,5003.89990234375,90
2026-03-16 12:11:00,5005.7998046875,5007.7001953125,5005.39990234375,5006.0,59
2026-03-16 12:12:00,5007.2998046875,5008.0,5004.7001953125,5005.2998046875,65
2026-03-16 12:13:00,5009.10009765625,5009.10009765625,5006.5,5006.7998046875,146
2026-03-16 12:14:00,5010.60009765625,5012.0,5009.0,5009.5,190
2026-03-16 12:15:00,5009.10009765625,5010.7001953125,5007.89990234375,5010.39990234375,117
2026-03-16 12:16:00,5010.89990234375,5010.89990234375,5008.60009765625,5008.89990234375,146
2026-03-16 12:17:00,5014.60009765625,5014.60009765625,5010.2998046875,5010.89990234375,309
2026-03-16 12:18:00,5016.0,5017.10009765625,5013.0,5014.39990234375,467
2026-03-16 12:19:00,5018.5,5019.2001953125,5016.0,5016.0,502
2026-03-16 12:20:00,5021.2001953125,5022.2998046875,5017.5,5018.60009765625,589
2026-03-16 12:21:00,5023.2001953125,5024.10009765625,5020.0,5021.0,403
2026-03-16 12:22:00,5024.0,5024.10009765625,5021.60009765625,5023.39990234375,341
2026-03-16 12:23:00,5021.5,5025.2001953125,5021.2001953125,5024.2001953125,209
2026-03-16 12:24:00,5018.7998046875,5022.10009765625,5018.7001953125,5021.7001953125,180
2026-03-16 12:25:00,5020.7998046875,5021.10009765625,5018.7998046875,5019.2001953125,344
2026-03-16 12:26:00,5023.2998046875,5023.7001953125,5021.2998046875,5021.2998046875,321
2026-03-16 12:27:00,5024.10009765625,5024.2998046875,5021.10009765625,5023.2998046875,367
2026-03-16 12:28:00,5030.10009765625,5030.10009765625,5023.39990234375,5023.7998046875,656
2026-03-16 12:29:00,5028.2998046875,5030.60009765625,5027.2001953125,5029.89990234375,574
2026-03-16 12:30:00,5027.39990234375,5030.2998046875,5025.7001953125,5028.2001953125,396
2026-03-16 12:31:00,5026.5,5033.5,5026.10009765625,5027.39990234375,328
2026-03-16 12:32:00,5028.10009765625,5028.89990234375,5025.2998046875,5025.89990234375,163
2026-03-16 12:33:00,5026.60009765625,5028.2001953125,5024.5,5028.10009765625,149
2026-03-16 12:34:00,5028.0,5028.2998046875,5026.7001953125,5026.7001953125,124
2026-03-16 12:35:00,5029.7998046875,5030.10009765625,5027.7998046875,5028.2001953125,98
2026-03-16 12:36:00,5025.2001953125,5029.60009765625,5025.0,5029.60009765625,108
2026-03-16 12:37:00,5025.7998046875,5027.7001953125,5024.2998046875,5025.2998046875,125
2026-03-16 12:38:00,5026.7001953125,5026.7001953125,5024.0,5025.60009765625,103
2026-03-16 12:39:00,5029.0,5029.7998046875,5026.60009765625,5026.60009765625,115
2026-03-16 12:40:00,5025.10009765625,5030.39990234375,5025.10009765625,5029.2001953125,594
2026-03-16 12:41:00,5025.7998046875,5026.2001953125,5024.60009765625,5025.39990234375,183
2026-03-16 12:42:00,5026.89990234375,5028.5,5026.2998046875,5026.2998046875,104
2026-03-16 12:43:00,5028.2001953125,5028.2001953125,5026.0,5026.60009765625,80
2026-03-16 12:44:00,5027.2998046875,5029.5,5027.2001953125,5028.60009765625,86
2026-03-16 12:45:00,5027.39990234375,5027.60009765625,5026.2001953125,5027.5,69
2026-03-16 12:46:00,5025.7998046875,5027.10009765625,5025.5,5027.10009765625,85
2026-03-16 12:47:00,5025.2001953125,5027.60009765625,5024.2998046875,5025.5,243
2026-03-16 12:48:00,5023.7001953125,5025.7001953125,5022.2001953125,5024.89990234375,292
2026-03-16 12:49:00,5023.0,5024.39990234375,5021.60009765625,5023.39990234375,461
2026-03-16 12:50:00,5020.10009765625,5024.5,5020.0,5023.10009765625,560
2026-03-16 12:51:00,5019.39990234375,5021.89990234375,5016.2001953125,5020.0,557
2026-03-16 12:52:00,5020.39990234375,5022.10009765625,5018.2001953125,5019.7998046875,275
2026-03-16 12:53:00,5022.7998046875,5023.2001953125,5020.2998046875,5020.2998046875,135
2026-03-16 12:54:00,5023.5,5024.10009765625,5022.39990234375,5022.39990234375,55
2026-03-16 12:55:00,5021.2998046875,5023.5,5020.60009765625,5023.5,60
2026-03-16 12:56:00,5022.2001953125,5023.60009765625,5021.2001953125,5021.2001953125,43
2026-03-16 12:57:00,5024.60009765625,5024.60009765625,5022.0,5022.2001953125,71
2026-03-16 12:58:00,5025.39990234375,5025.89990234375,5023.7998046875,5024.7001953125,57
2026-03-16 12:59:00,5024.89990234375,5026.7001953125,5024.39990234375,5025.7998046875,69
2026-03-16 13:00:00,5023.7001953125,5026.2998046875,5021.10009765625,5025.39990234375,226
2026-03-16 13:01:00,5020.39990234375,5024.89990234375,5020.10009765625,5023.7998046875,115
2026-03-16 13:02:00,5021.7001953125,5022.2001953125,5020.2001953125,5020.2998046875,184
2026-03-16 13:03:00,5021.7998046875,5021.7998046875,5018.7998046875,5021.5,206
2026-03-16 13:04:00,5020.10009765625,5021.7998046875,5019.0,5021.7998046875,77
2026-03-16 13:05:00,5021.7001953125,5022.10009765625,5020.2001953125,5020.2001953125,35
2026-03-16 13:06:00,5021.7001953125,5022.7001953125,5020.5,5021.60009765625,53
2026-03-16 13:07:00,5022.39990234375,5022.60009765625,5021.2998046875,5021.7998046875,64
2026-03-16 13:08:00,5024.2001953125,5024.60009765625,5022.2001953125,5022.2001953125,105
2026-03-16 13:09:00,5025.60009765625,5025.89990234375,5023.39990234375,5023.89990234375,80
2026-03-16 13:10:00,5026.39990234375,5026.7998046875,5024.2998046875,5025.7001953125,88
2026-03-16 13:11:00,5026.5,5027.10009765625,5025.7001953125,5026.0,93
2026-03-16 13:12:00,5028.2001953125,5028.7998046875,5025.39990234375,5026.5,119
2026-03-16 13:13:00,5025.39990234375,5028.5,5024.7998046875,5028.0,144
2026-03-16 13:14:00,5027.7001953125,5027.7998046875,5025.0,5025.2998046875,149
2026-03-16 13:15:00,5033.39990234375,5033.89990234375,5027.60009765625,5027.7998046875,526
2026-03-16 13:16:00,5035.2998046875,5035.7998046875,5031.60009765625,5033.5,976
2026-03-16 13:17:00,5034.60009765625,5036.5,5033.10009765625,5035.2001953125,311
2026-03-16 13:18:00,5035.2998046875,5035.60009765625,5033.10009765625,5034.2001953125,367
2026-03-16 13:19:00,5033.0,5035.2998046875,5032.2001953125,5035.0,181
2026-03-16 13:20:00,5031.2998046875,5032.60009765625,5030.39990234375,5032.60009765625,121
2026-03-16 13:21:00,5030.7998046875,5032.5,5030.2998046875,5031.10009765625,129
2026-03-16 13:22:00,5030.39990234375,5032.60009765625,5030.2998046875,5031.2001953125,91
2026-03-16 13:23:00,5031.2998046875,5033.5,5030.60009765625,5030.60009765625,130
2026-03-16 13:24:00,5032.39990234375,5032.39990234375,5029.5,5031.10009765625,114
2026-03-16 13:25:00,5032.7998046875,5034.2001953125,5031.39990234375,5032.60009765625,196
2026-03-16 13:26:00,5033.10009765625,5034.2001953125,5032.5,5033.0,111
2026-03-16 13:27:00,5029.0,5033.2001953125,5029.0,5033.2001953125,155
2026-03-16 13:28:00,5026.2998046875,5029.2998046875,5026.2001953125,5029.0,326
2026-03-16 13:29:00,5027.0,5027.60009765625,5024.2001953125,5026.2001953125,484
2026-03-16 13:30:00,5028.7998046875,5029.7998046875,5024.7998046875,5027.10009765625,265
2026-03-16 13:31:00,5029.0,5031.89990234375,5026.7001953125,5029.2001953125,114
2026-03-16 13:32:00,5025.7998046875,5029.10009765625,5023.39990234375,5028.7998046875,178
2026-03-16 13:33:00,5028.7998046875,5028.7998046875,5025.0,5026.0,105
2026-03-16 13:34:00,5034.2998046875,5035.60009765625,5028.89990234375,5028.89990234375,190
2026-03-16 13:35:00,5038.2998046875,5038.60009765625,5034.10009765625,5034.60009765625,718
2026-03-16 13:36:00,5039.10009765625,5041.2998046875,5038.10009765625,5038.2998046875,476
2026-03-16 13:37:00,5038.7998046875,5040.0,5035.89990234375,5039.10009765625,256
2026-03-16 13:38:00,5033.0,5039.7998046875,5032.2998046875,5039.0,200
2026-03-16 13:39:00,5033.7998046875,5036.60009765625,5032.5,5032.7001953125,139
2026-03-16 13:40:00,5031.60009765625,5035.2998046875,5030.5,5033.2998046875,217
2026-03-16 13:41:00,5030.7001953125,5031.7998046875,5028.7001953125,5031.2998046875,181
2026-03-16 13:42:00,5034.10009765625,5035.89990234375,5030.39990234375,5030.39990234375,144
2026-03-16 13:43:00,5038.89990234375,5039.89990234375,5034.5,5034.5,126
2026-03-16 13:44:00,5038.0,5040.0,5036.2998046875,5038.39990234375,176
2026-03-16 13:45:00,5034.7001953125,5039.89990234375,5034.7001953125,5037.5,177
2026-03-16 13:46:00,5036.10009765625,5037.7998046875,5034.39990234375,5035.2001953125,172
2026-03-16 13:47:00,5038.7001953125,5039.39990234375,5036.39990234375,5036.39990234375,303
2026-03-16 13:48:00,5031.10009765625,5038.7998046875,5030.0,5038.7998046875,237
2026-03-16 13:49:00,5034.7998046875,5034.7998046875,5030.2998046875,5030.7998046875,166
2026-03-16 13:50:00,5032.7001953125,5035.5,5031.2998046875,5035.0,144
2026-03-16 13:51:00,5031.0,5032.60009765625,5030.39990234375,5032.39990234375,102
2026-03-16 13:52:00,5031.89990234375,5031.89990234375,5030.0,5030.2001953125,81
2026-03-16 13:53:00,5034.10009765625,5034.2998046875,5031.0,5031.7998046875,138
2026-03-16 13:54:00,5034.7001953125,5036.10009765625,5033.10009765625,5034.2998046875,172
2026-03-16 13:55:00,5033.39990234375,5035.89990234375,5032.7998046875,5034.7998046875,855
2026-03-16 13:56:00,5031.10009765625,5033.2001953125,5029.5,5033.2001953125,441
2026-03-16 13:57:00,5030.7001953125,5033.2001953125,5029.89990234375,5031.0,84
2026-03-16 13:58:00,5035.5,5036.5,5029.0,5030.60009765625,288
2026-03-16 13:59:00,5035.7001953125,5036.7998046875,5033.60009765625,5035.7001953125,107
2026-03-16 14:00:00,5039.5,5040.0,5033.0,5035.7998046875,383
2026-03-16 14:01:00,5038.39990234375,5041.2998046875,5037.89990234375,5039.39990234375,254
2026-03-16 14:02:00,5040.39990234375,5040.89990234375,5036.2998046875,5038.2998046875,226
2026-03-16 14:03:00,5036.7001953125,5041.2001953125,5036.0,5040.7001953125,192
2026-03-16 14:04:00,5037.2001953125,5039.0,5036.0,5036.2998046875,147
2026-03-16 14:05:00,5038.60009765625,5040.0,5036.2998046875,5037.2998046875,551
2026-03-16 14:06:00,5038.39990234375,5039.0,5037.10009765625,5039.0,129
2026-03-16 14:07:00,5039.60009765625,5040.39990234375,5036.7001953125,5038.10009765625,109
2026-03-16 14:08:00,5043.7998046875,5044.5,5039.2001953125,5040.2001953125,758
2026-03-16 14:09:00,5038.7998046875,5043.39990234375,5038.2998046875,5043.2001953125,177
2026-03-16 14:10:00,5043.2998046875,5044.0,5038.10009765625,5038.7998046875,179
2026-03-16 14:11:00,5041.89990234375,5043.2998046875,5041.2001953125,5043.2998046875,147
2026-03-16 14:12:00,5039.7998046875,5043.89990234375,5037.7998046875,5041.89990234375,153
2026-03-16 14:13:00,5035.2998046875,5040.7001953125,5035.0,5040.39990234375,113
2026-03-16 14:14:00,5034.10009765625,5036.5,5033.7998046875,5035.5,232
2026-03-16 14:15:00,5032.7998046875,5036.0,5030.7001953125,5034.7001953125,272
2026-03-16 14:16:00,5033.7001953125,5036.0,5032.7001953125,5032.7998046875,117
2026-03-16 14:17:00,5033.7001953125,5034.5,5031.5,5033.7001953125,109
2026-03-16 14:18:00,5034.10009765625,5035.5,5033.60009765625,5033.7998046875,88
2026-03-16 14:19:00,5030.2998046875,5034.0,5029.89990234375,5033.89990234375,149
2026-03-16 14:20:00,5031.2998046875,5032.7998046875,5029.7998046875,5029.89990234375,135
2026-03-16 14:21:00,5033.39990234375,5034.10009765625,5031.10009765625,5031.2998046875,436
2026-03-16 14:22:00,5031.5,5033.7998046875,5028.0,5033.7998046875,251
2026-03-16 14:23:00,5028.10009765625,5031.5,5026.7001953125,5031.5,180
2026-03-16 14:24:00,5027.5,5028.7998046875,5025.0,5028.2001953125,305
2026-03-16 14:25:00,5025.2001953125,5027.7001953125,5024.2998046875,5027.7001953125,188
2026-03-16 14:26:00,5026.2998046875,5026.39990234375,5024.2998046875,5025.39990234375,171
2026-03-16 14:27:00,5023.2998046875,5026.7001953125,5022.89990234375,5026.2001953125,250
2026-03-16 14:28:00,5022.2998046875,5024.0,5021.2001953125,5023.5,166
2026-03-16 14:29:00,5020.39990234375,5022.7998046875,5020.39990234375,5022.2998046875,217
2026-03-16 14:30:00,5015.89990234375,5021.2001953125,5015.39990234375,5020.39990234375,958
2026-03-16 14:31:00,5015.89990234375,5017.7001953125,5013.7998046875,5015.7001953125,267
2026-03-16 14:32:00,5019.10009765625,5019.39990234375,5016.2998046875,5016.2998046875,300
2026-03-16 14:33:00,5013.60009765625,5019.2998046875,5012.60009765625,5019.10009765625,227
2026-03-16 14:34:00,5016.7998046875,5017.39990234375,5013.10009765625,5013.2001953125,179
2026-03-16 14:35:00,5018.60009765625,5019.0,5013.89990234375,5016.2001953125,419
2026-03-16 14:36:00,5018.10009765625,5019.2001953125,5016.7001953125,5019.10009765625,223
2026-03-16 14:37:00,5014.39990234375,5018.10009765625,5014.0,5018.10009765625,146
2026-03-16 14:38:00,5012.39990234375,5015.89990234375,5012.2001953125,5014.10009765625,202
2026-03-16 14:39:00,5012.5,5015.5,5011.89990234375,5012.2998046875,138
2026-03-16 14:40:00,5009.60009765625,5015.5,5009.5,5012.0,243
2026-03-16 14:41:00,5009.7998046875,5012.0,5009.5,5009.7001953125,141
2026-03-16 14:42:00,5008.89990234375,5011.5,5007.2001953125,5010.60009765625,221
2026-03-16 14:43:00,5007.2001953125,5009.39990234375,5007.2001953125,5009.10009765625,124
2026-03-16 14:44:00,5006.39990234375,5007.60009765625,5005.5,5006.7001953125,205
2026-03-16 14:45:00,5006.7998046875,5007.60009765625,5005.5,5006.5,185
2026-03-16 14:46:00,5005.2998046875,5007.60009765625,5004.60009765625,5006.2998046875,227
2026-03-16 14:47:00,5000.5,5007.60009765625,4999.7998046875,5005.2001953125,1278
2026-03-16 14:48:00,4997.0,5000.10009765625,4992.10009765625,5000.10009765625,604
2026-03-16 14:49:00,5004.2001953125,5005.0,4997.10009765625,4997.10009765625,475
2026-03-16 14:50:00,5001.2998046875,5004.5,5000.0,5003.7001953125,229
2026-03-16 14:51:00,4999.89990234375,5001.10009765625,4995.89990234375,5001.0,417
2026-03-16 14:52:00,4999.5,5002.7998046875,4997.89990234375,4999.39990234375,365
2026-03-16 14:53:00,5001.60009765625,5002.0,4999.10009765625,4999.7998046875,160
2026-03-16 14:54:00,5000.0,5002.0,4999.2001953125,5001.60009765625,169
2026-03-16 14:55:00,4998.39990234375,5000.2001953125,4996.2001953125,4999.60009765625,208
2026-03-16 14:56:00,5004.2001953125,5004.2001953125,4997.60009765625,4998.5,255
2026-03-16 14:57:00,5003.7998046875,5006.89990234375,5001.89990234375,5004.0,374
2026-03-16 14:58:00,5001.0,5004.7998046875,5000.2998046875,5004.39990234375,174
2026-03-16 14:59:00,5000.7998046875,5002.39990234375,4999.0,5000.0,260
2026-03-16 15:00:00,5001.89990234375,5007.5,5000.2001953125,5000.39990234375,491
2026-03-16 15:01:00,5000.10009765625,5002.39990234375,4998.5,5001.7001953125,397
2026-03-16 15:02:00,5001.7001953125,5002.0,4996.89990234375,4999.7998046875,511
2026-03-16 15:03:00,5004.0,5007.0,5001.5,5002.0,673
2026-03-16 15:04:00,5003.39990234375,5006.7001953125,5002.7001953125,5003.89990234375,153
2026-03-16 15:05:00,5000.39990234375,5003.2998046875,4999.60009765625,5003.2998046875,836
2026-03-16 15:06:00,5001.5,5001.7998046875,4997.7001953125,5000.7001953125,494
2026-03-16 15:07:00,5003.10009765625,5003.2998046875,5000.2998046875,5001.5,142
2026-03-16 15:08:00,5000.2998046875,5004.0,5000.2998046875,5003.39990234375,540
2026-03-16 15:09:00,5001.7001953125,5002.89990234375,4999.60009765625,5000.0,165
2026-03-16 15:10:00,4997.0,5002.0,4994.7001953125,5001.7998046875,194
2026-03-16 15:11:00,4999.0,5000.0,4995.7998046875,4996.7998046875,164
2026-03-16 15:12:00,4998.2998046875,4999.10009765625,4995.60009765625,4998.89990234375,161
2026-03-16 15:13:00,4999.7998046875,5000.0,4997.7001953125,4997.7001953125,148
2026-03-16 15:14:00,5003.60009765625,5003.7001953125,4998.5,4999.60009765625,216
2026-03-16 15:15:00,5004.10009765625,5005.7001953125,5002.7001953125,5003.2001953125,141
2026-03-16 15:16:00,5006.7998046875,5007.2001953125,5003.7998046875,5004.0,199
2026-03-16 15:17:00,5007.5,5008.39990234375,5006.7001953125,5006.7001953125,222
2026-03-16 15:18:00,5007.39990234375,5008.0,5004.89990234375,5007.2001953125,137
2026-03-16 15:19:00,5009.60009765625,5009.60009765625,5007.7001953125,5008.10009765625,175
2026-03-16 15:20:00,5008.0,5009.5,5007.39990234375,5009.5,172
2026-03-16 15:21:00,5009.7998046875,5010.89990234375,5008.2001953125,5008.7998046875,152
2026-03-16 15:22:00,5007.60009765625,5010.0,5006.7998046875,5009.7998046875,129
2026-03-16 15:23:00,5006.89990234375,5007.7001953125,5006.0,5007.39990234375,71
2026-03-16 15:24:00,5006.2001953125,5007.60009765625,5006.2001953125,5007.2001953125,78
2026-03-16 15:25:00,4999.89990234375,5006.39990234375,4999.39990234375,5006.39990234375,220
2026-03-16 15:26:00,4999.7998046875,5001.10009765625,4999.5,5000.10009765625,184
2026-03-16 15:27:00,5000.0,5003.5,4999.7998046875,5000.10009765625,162
2026-03-16 15:28:00,4993.2998046875,5000.7998046875,4992.7998046875,4999.7001953125,517
2026-03-16 15:29:00,4997.0,4998.0,4988.5,4992.89990234375,921
2026-03-16 15:30:00,4999.5,4999.7998046875,4995.2001953125,4996.7001953125,134
2026-03-16 15:31:00,4998.7998046875,5000.2001953125,4998.0,4999.2998046875,406
2026-03-16 15:32:00,4998.5,5000.0,4997.39990234375,4998.39990234375,108
2026-03-16 15:33:00,4998.5,4999.60009765625,4997.39990234375,4998.7998046875,434
2026-03-16 15:34:00,4999.89990234375,5000.7001953125,4998.89990234375,4998.89990234375,70
2026-03-16 15:35:00,5001.2998046875,5003.0,5000.10009765625,5000.10009765625,139
2026-03-16 15:36:00,5003.0,5003.39990234375,5001.10009765625,5001.2001953125,96
2026-03-16 15:37:00,5003.89990234375,5004.39990234375,5003.5,5003.60009765625,108
2026-03-16 15:38:00,5005.2001953125,5005.2998046875,5003.89990234375,5004.0,162
2026-03-16 15:39:00,5005.2001953125,5007.0,5004.60009765625,5004.7001953125,690
2026-03-16 15:40:00,5004.2998046875,5005.7998046875,5003.2001953125,5004.89990234375,80
2026-03-16 15:41:00,5004.7998046875,5005.0,5002.89990234375,5004.2998046875,68
2026-03-16 15:42:00,5006.5,5008.7001953125,5004.7998046875,5005.2001953125,186
2026-03-16 15:43:00,5006.89990234375,5008.2998046875,5005.0,5006.89990234375,99
2026-03-16 15:44:00,5001.89990234375,5007.0,5001.5,5006.60009765625,196
2026-03-16 15:45:00,5001.39990234375,5002.10009765625,4998.0,5001.7001953125,144
2026-03-16 15:46:00,5003.10009765625,5003.2001953125,5000.5,5001.39990234375,114
2026-03-16 15:47:00,5003.5,5004.2001953125,5002.5,5002.89990234375,116
2026-03-16 15:48:00,5001.7001953125,5003.5,5000.2001953125,5003.2001953125,94
2026-03-16 15:49:00,4999.89990234375,5001.7998046875,4999.89990234375,5001.39990234375,65
2026-03-16 15:50:00,4997.5,4999.7998046875,4995.5,4999.7998046875,221
2026-03-16 15:51:00,4996.39990234375,4998.0,4995.7998046875,4997.2001953125,108
2026-03-16 15:52:00,4993.10009765625,4997.0,4993.10009765625,4996.10009765625,85
2026-03-16 15:53:00,4991.5,4994.39990234375,4990.89990234375,4993.2001953125,166
2026-03-16 15:54:00,4993.60009765625,4995.2998046875,4991.39990234375,4991.39990234375,182
2026-03-16 15:55:00,4991.7001953125,4993.7998046875,4991.10009765625,4993.7998046875,84
2026-03-16 15:56:00,4994.7001953125,4995.2998046875,4991.7001953125,4991.89990234375,97
2026-03-16 15:57:00,4990.2001953125,4995.0,4990.2001953125,4994.7998046875,132
2026-03-16 15:58:00,4988.7998046875,4991.5,4988.7998046875,4990.2001953125,862
2026-03-16 15:59:00,4991.89990234375,4992.2998046875,4988.60009765625,4988.89990234375,568
2026-03-16 16:00:00,4993.60009765625,4995.10009765625,4990.60009765625,4991.5,153
2026-03-16 16:01:00,4993.0,4995.0,4992.7998046875,4993.5,114
2026-03-16 16:02:00,4992.89990234375,4992.89990234375,4990.5,4992.60009765625,160
2026-03-16 16:03:00,4997.10009765625,4997.60009765625,4992.89990234375,4993.5,140
2026-03-16 16:04:00,4993.7001953125,4997.0,4993.2998046875,4996.39990234375,77
2026-03-16 16:05:00,4995.2001953125,4995.89990234375,4993.39990234375,4993.39990234375,85
2026-03-16 16:06:00,4998.0,4998.0,4995.5,4995.5,85
2026-03-16 16:07:00,5000.89990234375,5001.2001953125,4996.5,4997.7001953125,188
2026-03-16 16:08:00,4999.10009765625,5002.39990234375,4999.0,5001.7001953125,147
2026-03-16 16:09:00,4998.10009765625,4999.2998046875,4997.89990234375,4998.7001953125,75
2026-03-16 16:10:00,5000.0,5000.89990234375,4998.10009765625,4998.10009765625,72
2026-03-16 16:11:00,5002.0,5002.0,5000.10009765625,5000.39990234375,71
2026-03-16 16:12:00,5002.89990234375,5003.5,5000.7998046875,5001.2998046875,74
2026-03-16 16:13:00,5003.2001953125,5004.2001953125,5002.89990234375,5003.10009765625,88
2026-03-16 16:14:00,5001.7001953125,5002.89990234375,5001.39990234375,5002.5,53
2026-03-16 16:15:00,5003.0,5003.10009765625,5001.10009765625,5001.2998046875,81
2026-03-16 16:16:00,5000.0,5003.39990234375,4999.7998046875,5002.89990234375,74
2026-03-16 16:17:00,5000.89990234375,5001.0,4998.89990234375,5000.10009765625,96
2026-03-16 16:18:00,4999.0,5000.2001953125,4998.2001953125,5000.2001953125,77
2026-03-16 16:19:00,4998.2998046875,4999.60009765625,4998.10009765625,4998.60009765625,111
2026-03-16 16:20:00,4998.39990234375,4999.0,4997.60009765625,4998.60009765625,72
2026-03-16 16:21:00,4994.2001953125,4998.2001953125,4993.60009765625,4998.2001953125,112
2026-03-16 16:22:00,4994.0,4995.89990234375,4993.5,4994.39990234375,101
2026-03-16 16:23:00,4994.39990234375,4996.2998046875,4994.39990234375,4994.39990234375,76
2026-03-16 16:24:00,4992.5,4994.60009765625,4992.2001953125,4994.60009765625,92
2026-03-16 16:25:00,4991.0,4993.39990234375,4990.39990234375,4992.5,146
2026-03-16 16:26:00,4987.7001953125,4992.7998046875,4984.89990234375,4991.2998046875,1176
2026-03-16 16:27:00,4983.5,4990.5,4982.7998046875,4987.60009765625,465
2026-03-16 16:28:00,4984.7998046875,4986.10009765625,4983.5,4983.5,248
2026-03-16 16:29:00,4984.5,4985.2998046875,4983.39990234375,4984.2001953125,194
2026-03-16 16:30:00,4982.7001953125,4985.5,4982.0,4985.0,223
2026-03-16 16:31:00,4983.0,4984.0,4980.2001953125,4982.60009765625,259
2026-03-16 16:32:00,4985.39990234375,4987.0,4983.2001953125,4983.2001953125,196
2026-03-16 16:33:00,4983.89990234375,4986.60009765625,4983.5,4985.10009765625,132
2026-03-16 16:34:00,4981.2001953125,4984.10009765625,4980.2998046875,4983.2998046875,649
2026-03-16 16:35:00,4983.60009765625,4983.89990234375,4978.60009765625,4981.10009765625,383
2026-03-16 16:36:00,4987.7998046875,4988.60009765625,4983.89990234375,4983.89990234375,215
2026-03-16 16:37:00,4987.60009765625,4989.2998046875,4985.7001953125,4987.7001953125,206
2026-03-16 16:38:00,4988.7001953125,4989.10009765625,4986.2001953125,4987.7001953125,120
2026-03-16 16:39:00,4989.2001953125,4989.5,4986.39990234375,4988.7998046875,121
2026-03-16 16:40:00,4990.7998046875,4991.7001953125,4988.5,4989.0,357
2026-03-16 16:41:00,4992.0,4992.0,4990.10009765625,4990.7998046875,114
2026-03-16 16:42:00,4991.5,4992.10009765625,4990.10009765625,4992.10009765625,106
2026-03-16 16:43:00,4994.5,4995.0,4991.60009765625,4991.89990234375,186
2026-03-16 16:44:00,4992.60009765625,4995.10009765625,4992.60009765625,4994.5,94
2026-03-16 16:45:00,4989.7998046875,4993.0,4989.10009765625,4992.2001953125,166
2026-03-16 16:46:00,4991.10009765625,4991.5,4988.2001953125,4989.5,105
2026-03-16 16:47:00,4989.7001953125,4991.2998046875,4989.2998046875,4991.10009765625,66
2026-03-16 16:48:00,4993.10009765625,4993.7998046875,4989.89990234375,4990.2001953125,118
2026-03-16 16:49:00,4995.0,4995.89990234375,4992.60009765625,4992.7998046875,92
2026-03-16 16:50:00,4997.2998046875,4998.0,4994.7001953125,4994.7001953125,104
2026-03-16 16:51:00,4997.2998046875,4997.60009765625,4996.0,4997.0,125
2026-03-16 16:52:00,4995.7001953125,4998.0,4995.5,4997.60009765625,52
2026-03-16 16:53:00,4997.39990234375,4997.7001953125,4995.89990234375,4996.2001953125,40
2026-03-16 16:54:00,4997.39990234375,4998.10009765625,4996.5,4997.0,98
2026-03-16 16:55:00,4995.7001953125,4998.2001953125,4995.60009765625,4997.60009765625,158
2026-03-16 16:56:00,4995.10009765625,4996.2001953125,4994.10009765625,4996.2001953125,89
2026-03-16 16:57:00,4995.60009765625,4996.2001953125,4994.5,4995.60009765625,65
2026-03-16 16:58:00,4995.89990234375,4996.39990234375,4995.10009765625,4995.7001953125,93
2026-03-16 16:59:00,4995.89990234375,4995.89990234375,4995.39990234375,4995.7001953125,29
2026-03-16 17:00:00,5000.39990234375,5001.89990234375,4995.89990234375,4996.10009765625,409
2026-03-16 17:01:00,5000.10009765625,5000.60009765625,4998.2998046875,5000.2998046875,152
2026-03-16 17:02:00,5000.0,5001.5,4999.39990234375,5000.5,125
2026-03-16 17:03:00,5001.2998046875,5003.10009765625,4999.5,5000.39990234375,99
2026-03-16 17:04:00,4999.39990234375,5001.7998046875,4998.89990234375,5001.0,84
2026-03-16 17:05:00,5002.39990234375,5002.60009765625,4999.39990234375,4999.7998046875,71
2026-03-16 17:06:00,5001.39990234375,5002.89990234375,5001.2001953125,5002.0,51
2026-03-16 17:07:00,5001.60009765625,5002.2998046875,5001.0,5001.2998046875,47
2026-03-16 17:08:00,5002.2001953125,5002.2998046875,5000.2001953125,5002.2001953125,62
2026-03-16 17:09:00,5002.10009765625,5002.60009765625,5001.5,5002.0,46
2026-03-16 17:10:00,5003.5,5005.2001953125,5001.5,5002.2998046875,126
2026-03-16 17:11:00,5004.7998046875,5004.7998046875,5002.60009765625,5003.39990234375,106
2026-03-16 17:12:00,5006.10009765625,5006.2001953125,5003.7998046875,5004.2001953125,93
2026-03-16 17:13:00,5008.10009765625,5009.10009765625,5005.7001953125,5006.10009765625,806
2026-03-16 17:14:00,5007.7998046875,5009.60009765625,5006.89990234375,5008.2001953125,207
2026-03-16 17:15:00,5005.89990234375,5008.2001953125,5005.60009765625,5007.5,196
2026-03-16 17:16:00,5007.10009765625,5008.5,5005.39990234375,5005.7998046875,158
2026-03-16 17:17:00,5007.10009765625,5008.39990234375,5006.60009765625,5006.60009765625,119
2026-03-16 17:18:00,5006.60009765625,5007.7001953125,5005.0,5007.7001953125,154
2026-03-16 17:19:00,5006.5,5006.60009765625,5005.0,5006.2001953125,124
2026-03-16 17:20:00,5004.2001953125,5007.0,5003.5,5006.7001953125,161
2026-03-16 17:21:00,5003.7998046875,5004.7998046875,5003.7998046875,5004.39990234375,79
2026-03-16 17:22:00,5003.5,5004.2001953125,5002.60009765625,5003.7001953125,90
2026-03-16 17:23:00,5003.7001953125,5004.10009765625,5003.2001953125,5003.60009765625,80
2026-03-16 17:24:00,5003.0,5003.7998046875,5002.10009765625,5003.7998046875,123
2026-03-16 17:25:00,5003.10009765625,5004.2001953125,5002.10009765625,5003.2998046875,173
2026-03-16 17:26:00,5002.5,5003.39990234375,5001.39990234375,5003.0,101
2026-03-16 17:27:00,5004.39990234375,5004.7998046875,5002.7001953125,5002.7001953125,131
2026-03-16 17:28:00,5007.2998046875,5007.2998046875,5004.10009765625,5004.60009765625,302
2026-03-16 17:29:00,5001.60009765625,5007.60009765625,5000.0,5007.2998046875,1329
2026-03-16 17:30:00,5000.2998046875,5002.2001953125,4998.5,5001.2998046875,292
2026-03-16 17:31:00,5000.89990234375,5001.10009765625,4998.60009765625,5000.5,121
2026-03-16 17:32:00,4997.39990234375,5000.89990234375,4996.39990234375,5000.89990234375,124
2026-03-16 17:33:00,4996.0,4998.2998046875,4995.89990234375,4997.2001953125,99
2026-03-16 17:34:00,4995.2998046875,4995.89990234375,4994.2998046875,4995.7001953125,84
2026-03-16 17:35:00,4993.10009765625,4995.2001953125,4992.5,4995.10009765625,143
2026-03-16 17:36:00,4994.10009765625,4995.7998046875,4992.7998046875,4993.7001953125,160
2026-03-16 17:37:00,4994.7001953125,4995.0,4993.10009765625,4993.7998046875,89
2026-03-16 17:38:00,4995.10009765625,4995.5,4993.5,4994.7001953125,92
2026-03-16 17:39:00,4992.10009765625,4994.7998046875,4991.5,4994.7998046875,103
2026-03-16 17:40:00,4993.2001953125,4993.39990234375,4991.2998046875,4992.10009765625,83
2026-03-16 17:41:00,4993.39990234375,4993.60009765625,4991.39990234375,4993.2998046875,127
2026-03-16 17:42:00,4991.7998046875,4994.60009765625,4991.7998046875,4993.39990234375,62
2026-03-16 17:43:00,4993.5,4993.5,4991.0,4991.89990234375,61
2026-03-16 17:44:00,4993.0,4993.7998046875,4992.7998046875,4993.5,96
2026-03-16 17:45:00,4996.2001953125,4996.5,4993.89990234375,4993.89990234375,65
2026-03-16 17:46:00,4996.2001953125,4998.2001953125,4996.2001953125,4996.2998046875,84
2026-03-16 17:47:00,4994.89990234375,4996.2001953125,4994.89990234375,4996.0,57
2026-03-16 17:48:00,4991.2001953125,4995.5,4990.5,4995.2001953125,67
2026-03-16 17:49:00,4991.89990234375,4992.0,4991.0,4991.10009765625,34
2026-03-16 17:50:00,4989.7998046875,4991.7998046875,4989.7998046875,4991.7998046875,199
2026-03-16 17:51:00,4993.5,4993.5,4989.5,4989.60009765625,60
2026-03-16 17:52:00,4994.60009765625,4994.60009765625,4992.60009765625,4992.60009765625,25
2026-03-16 17:53:00,4994.60009765625,4995.0,4993.60009765625,4993.89990234375,28
2026-03-16 17:54:00,4993.5,4994.5,4992.39990234375,4994.5,74
2026-03-16 17:55:00,4993.7001953125,4994.5,4992.89990234375,4993.5,51
2026-03-16 17:56:00,4996.2998046875,4996.5,4994.0,4994.0,82
2026-03-16 17:57:00,4995.0,4997.0,4995.0,4996.60009765625,60
2026-03-16 17:58:00,4994.89990234375,4995.7001953125,4994.0,4995.7001953125,27
2026-03-16 17:59:00,4996.7001953125,4997.2001953125,4995.0,4995.0,38
2026-03-16 18:00:00,4998.7001953125,4999.60009765625,4997.0,4997.0,87
2026-03-16 18:01:00,5000.89990234375,5001.2998046875,4998.39990234375,4998.89990234375,69
2026-03-16 18:02:00,4999.5,5001.39990234375,4999.5,5001.10009765625,451
2026-03-16 18:03:00,4997.89990234375,4999.2001953125,4997.89990234375,4999.0,64
2026-03-16 18:04:00,4998.60009765625,4998.7001953125,4997.5,4997.7001953125,48
2026-03-16 18:05:00,4996.60009765625,4998.7998046875,4995.7998046875,4998.7998046875,113
2026-03-16 18:06:00,4999.0,5000.0,4996.2998046875,4996.2998046875,63
2026-03-16 18:07:00,5002.7001953125,5002.7001953125,4997.60009765625,4998.5,82
2026-03-16 18:08:00,5003.60009765625,5005.89990234375,5001.39990234375,5002.60009765625,443
2026-03-16 18:09:00,5005.5,5006.10009765625,5003.2998046875,5003.7998046875,62
2026-03-16 18:10:00,5006.7998046875,5007.0,5005.2001953125,5005.60009765625,133
2026-03-16 18:11:00,5005.2001953125,5006.5,5004.7998046875,5006.2001953125,83
2026-03-16 18:12:00,5004.5,5005.89990234375,5003.7001953125,5005.5,68
2026-03-16 18:13:00,5004.10009765625,5005.7001953125,5003.7001953125,5005.10009765625,46
2026-03-16 18:14:00,5004.7998046875,5005.5,5003.7001953125,5004.5,37
2026-03-16 18:15:00,5006.0,5006.5,5005.39990234375,5005.5,46
2026-03-16 18:16:00,5006.10009765625,5006.2001953125,5004.60009765625,5005.89990234375,37
2026-03-16 18:17:00,5006.2001953125,5006.39990234375,5005.0,5005.60009765625,40
2026-03-16 18:18:00,5003.89990234375,5006.10009765625,5003.89990234375,5005.89990234375,38
2026-03-16 18:19:00,5003.5,5004.5,5003.2001953125,5004.39990234375,37
2026-03-16 18:20:00,5004.2001953125,5004.60009765625,5003.5,5003.5,46
2026-03-16 18:21:00,5003.7001953125,5004.60009765625,5003.7001953125,5003.89990234375,34
2026-03-16 18:22:00,5004.10009765625,5004.39990234375,5003.5,5003.5,21
2026-03-16 18:23:00,5005.7001953125,5005.7998046875,5003.5,5004.2998046875,42
2026-03-16 18:24:00,5005.5,5006.7998046875,5005.0,5005.7998046875,70
2026-03-16 18:25:00,5006.39990234375,5007.39990234375,5004.89990234375,5005.10009765625,36
2026-03-16 18:26:00,5009.10009765625,5009.10009765625,5006.10009765625,5006.2001953125,119
2026-03-16 18:27:00,5014.0,5014.10009765625,5008.39990234375,5008.7001953125,383
2026-03-16 18:28:00,5011.60009765625,5014.0,5011.60009765625,5013.89990234375,135
2026-03-16 18:29:00,5012.7001953125,5012.7001953125,5010.5,5011.5,192
2026-03-16 18:30:00,5012.5,5013.0,5011.39990234375,5012.2001953125,95
2026-03-16 18:31:00,5013.60009765625,5013.7001953125,5011.60009765625,5012.60009765625,54
2026-03-16 18:32:00,5013.39990234375,5013.60009765625,5012.0,5013.60009765625,118
2026-03-16 18:33:00,5016.5,5016.60009765625,5013.60009765625,5014.0,123
2026-03-16 18:34:00,5016.7001953125,5017.60009765625,5015.89990234375,5016.89990234375,106
2026-03-16 18:35:00,5017.10009765625,5018.2998046875,5016.5,5016.7998046875,137
2026-03-16 18:36:00,5015.2998046875,5016.39990234375,5014.7001953125,5016.39990234375,69
2026-03-16 18:37:00,5017.2998046875,5017.2998046875,5014.7998046875,5015.39990234375,34
2026-03-16 18:38:00,5019.2998046875,5019.60009765625,5016.89990234375,5017.10009765625,72
2026-03-16 18:39:00,5019.89990234375,5020.5,5018.7998046875,5019.2998046875,364
2026-03-16 18:40:00,5018.7001953125,5021.60009765625,5018.2001953125,5020.0,144
2026-03-16 18:41:00,5018.7998046875,5019.10009765625,5017.7998046875,5018.5,70
2026-03-16 18:42:00,5020.2998046875,5020.2998046875,5018.10009765625,5018.7998046875,41
2026-03-16 18:43:00,5020.89990234375,5021.0,5019.5,5020.10009765625,44
2026-03-16 18:44:00,5020.7998046875,5021.7001953125,5019.7998046875,5020.89990234375,59
2026-03-16 18:45:00,5021.2998046875,5022.0,5020.60009765625,5020.89990234375,66
2026-03-16 18:46:00,5020.7998046875,5022.2998046875,5020.39990234375,5021.7001953125,96
2026-03-16 18:47:00,5021.2001953125,5022.0,5020.10009765625,5020.10009765625,29
2026-03-16 18:48:00,5023.39990234375,5023.39990234375,5020.5,5020.89990234375,115
2026-03-16 18:49:00,5021.7001953125,5023.89990234375,5021.10009765625,5023.39990234375,94
2026-03-16 18:50:00,5023.2001953125,5023.2001953125,5020.2001953125,5021.5,47
2026-03-16 18:51:00,5021.89990234375,5024.0,5021.89990234375,5023.5,141
2026-03-16 18:52:00,5020.5,5022.2001953125,5020.5,5021.89990234375,31
2026-03-16 18:53:00,5020.7001953125,5021.2998046875,5019.89990234375,5020.7001953125,34
2026-03-16 18:54:00,5020.39990234375,5021.7001953125,5020.39990234375,5021.0,43
2026-03-16 18:55:00,5019.10009765625,5020.2998046875,5018.7001953125,5020.10009765625,78
2026-03-16 18:56:00,5018.5,5019.7998046875,5018.39990234375,5019.0,80
2026-03-16 18:57:00,5018.39990234375,5019.5,5018.10009765625,5019.0,69
2026-03-16 18:58:00,5019.2998046875,5019.39990234375,5017.7998046875,5018.10009765625,45
2026-03-16 18:59:00,5018.89990234375,5019.5,5018.39990234375,5019.2001953125,17
2026-03-16 19:00:00,5023.2001953125,5023.2001953125,5018.7001953125,5018.7001953125,55
2026-03-16 19:01:00,5022.0,5023.10009765625,5021.7001953125,5022.10009765625,86
2026-03-16 19:02:00,5021.60009765625,5023.2998046875,5020.60009765625,5022.5,69
2026-03-16 19:03:00,5019.5,5021.60009765625,5019.2998046875,5021.60009765625,20
2026-03-16 19:04:00,5018.0,5019.2001953125,5017.0,5019.2001953125,54
2026-03-16 19:05:00,5016.39990234375,5018.60009765625,5015.39990234375,5017.89990234375,110
2026-03-16 19:06:00,5015.5,5016.5,5015.0,5016.10009765625,33
2026-03-16 19:07:00,5015.2998046875,5015.60009765625,5014.7998046875,5015.2001953125,33
2026-03-16 19:08:00,5017.2001953125,5017.2998046875,5015.2998046875,5015.2998046875,40
2026-03-16 19:09:00,5023.10009765625,5023.10009765625,5017.60009765625,5017.60009765625,132
2026-03-16 19:10:00,5023.89990234375,5026.5,5023.60009765625,5023.60009765625,682
2026-03-16 19:11:00,5023.2998046875,5024.7998046875,5021.7001953125,5024.5,68
2026-03-16 19:12:00,5019.0,5023.10009765625,5018.7001953125,5022.7998046875,103
2026-03-16 19:13:00,5017.7001953125,5018.2998046875,5016.7998046875,5018.2998046875,49
2026-03-16 19:14:00,5017.89990234375,5019.60009765625,5017.5,5017.60009765625,66
2026-03-16 19:15:00,5019.2998046875,5019.5,5017.2998046875,5017.7001953125,41
2026-03-16 19:16:00,5021.2998046875,5021.5,5019.60009765625,5019.60009765625,49
2026-03-16 19:17:00,5020.2001953125,5020.89990234375,5019.89990234375,5020.5,14
2026-03-16 19:18:00,5018.7998046875,5020.10009765625,5018.39990234375,5020.10009765625,23
2026-03-16 19:19:00,5018.60009765625,5019.0,5018.10009765625,5018.89990234375,36
2026-03-16 19:20:00,5018.2001953125,5019.10009765625,5017.10009765625,5018.89990234375,39
2026-03-16 19:21:00,5019.39990234375,5019.89990234375,5018.39990234375,5018.39990234375,27
2026-03-16 19:22:00,5019.89990234375,5020.2001953125,5018.7001953125,5019.7998046875,30
2026-03-16 19:23:00,5017.2001953125,5020.7998046875,5017.2001953125,5020.60009765625,28
2026-03-16 19:24:00,5018.7001953125,5018.7001953125,5017.2998046875,5017.60009765625,21
2026-03-16 19:25:00,5016.7001953125,5018.7998046875,5016.7001953125,5018.60009765625,77
2026-03-16 19:26:00,5017.0,5017.7001953125,5016.2001953125,5016.39990234375,68
2026-03-16 19:27:00,5016.60009765625,5017.39990234375,5015.60009765625,5017.0,81
2026-03-16 19:28:00,5016.2001953125,5017.2001953125,5015.60009765625,5016.60009765625,41
2026-03-16 19:29:00,5016.39990234375,5018.89990234375,5015.89990234375,5015.89990234375,91
2026-03-16 19:30:00,5014.10009765625,5016.7998046875,5014.0,5016.2998046875,101
2026-03-16 19:31:00,5015.39990234375,5015.89990234375,5014.5,5014.7998046875,41
2026-03-16 19:32:00,5016.5,5017.5,5015.60009765625,5015.60009765625,43
2026-03-16 19:33:00,5016.5,5017.10009765625,5016.0,5016.7001953125,28
2026-03-16 19:34:00,5015.2001953125,5016.5,5015.2001953125,5016.2998046875,25
2026-03-16 19:35:00,5015.0,5015.89990234375,5014.7998046875,5015.39990234375,60
2026-03-16 19:36:00,5018.89990234375,5018.89990234375,5014.7998046875,5014.7998046875,38
2026-03-16 19:37:00,5018.89990234375,5020.10009765625,5018.89990234375,5019.7001953125,37
2026-03-16 19:38:00,5019.39990234375,5020.0,5018.60009765625,5018.60009765625,77
2026-03-16 19:39:00,5019.2001953125,5020.39990234375,5018.89990234375,5019.2001953125,56
2026-03-16 19:40:00,5020.2998046875,5020.60009765625,5018.89990234375,5019.10009765625,36
2026-03-16 19:41:00,5019.2998046875,5020.2998046875,5019.2001953125,5020.2001953125,48
2026-03-16 19:42:00,5016.7001953125,5019.0,5016.7001953125,5018.7998046875,62
2026-03-16 19:43:00,5016.7998046875,5017.2998046875,5016.2001953125,5017.10009765625,62
2026-03-16 19:44:00,5016.2998046875,5017.2998046875,5015.7998046875,5017.2998046875,53
2026-03-16 19:45:00,5015.5,5017.10009765625,5015.5,5016.7998046875,57
2026-03-16 19:46:00,5016.10009765625,5017.10009765625,5015.7001953125,5015.7001953125,42
2026-03-16 19:47:00,5015.10009765625,5017.7998046875,5015.10009765625,5016.5,72
2026-03-16 19:48:00,5015.5,5015.7001953125,5014.5,5015.0,32
2026-03-16 19:49:00,5016.89990234375,5017.60009765625,5015.7998046875,5015.7998046875,38
2026-03-16 19:50:00,5018.89990234375,5018.89990234375,5016.10009765625,5016.89990234375,37
2026-03-16 19:51:00,5019.60009765625,5020.2001953125,5018.2998046875,5019.2998046875,29
2026-03-16 19:52:00,5021.5,5021.7998046875,5019.5,5019.7001953125,185
2026-03-16 19:53:00,5021.60009765625,5021.7998046875,5021.10009765625,5021.60009765625,19
2026-03-16 19:54:00,5020.2001953125,5021.60009765625,5019.2001953125,5021.60009765625,35
2026-03-16 19:55:00,5020.89990234375,5021.5,5019.2998046875,5020.39990234375,138
2026-03-16 19:56:00,5020.5,5021.5,5019.5,5020.7001953125,66
2026-03-16 19:57:00,5021.0,5021.89990234375,5020.5,5021.5,88
2026-03-16 19:58:00,5018.60009765625,5021.89990234375,5017.7001953125,5020.7998046875,146
2026-03-16 19:59:00,5019.2998046875,5019.7001953125,5018.10009765625,5018.7001953125,139
2026-03-16 20:00:00,5018.7001953125,5020.39990234375,5018.5,5018.89990234375,66
2026-03-16 20:01:00,5015.89990234375,5018.7998046875,5015.7001953125,5018.7998046875,31
2026-03-16 20:02:00,5014.60009765625,5016.39990234375,5014.39990234375,5016.39990234375,65
2026-03-16 20:03:00,5015.89990234375,5015.89990234375,5014.2001953125,5014.7001953125,20
2026-03-16 20:04:00,5017.2001953125,5017.60009765625,5015.89990234375,5015.89990234375,34
2026-03-16 20:05:00,5019.60009765625,5019.7998046875,5017.39990234375,5017.39990234375,22
2026-03-16 20:06:00,5021.10009765625,5021.2001953125,5019.60009765625,5019.60009765625,22
2026-03-16 20:07:00,5023.7998046875,5023.89990234375,5020.7001953125,5021.2998046875,91
2026-03-16 20:08:00,5026.0,5026.39990234375,5023.7998046875,5023.89990234375,147
2026-03-16 20:09:00,5024.7001953125,5026.7998046875,5024.60009765625,5026.5,162
2026-03-16 20:10:00,5025.7998046875,5025.7998046875,5024.2001953125,5024.89990234375,116
2026-03-16 20:11:00,5025.7998046875,5028.0,5025.7998046875,5026.60009765625,124
2026-03-16 20:12:00,5023.5,5025.5,5023.5,5025.5,23
2026-03-16 20:13:00,5024.5,5024.7001953125,5022.89990234375,5023.5,60
2026-03-16 20:14:00,5022.89990234375,5024.10009765625,5022.7998046875,5024.0,32
2026-03-16 20:15:00,5023.7001953125,5023.7001953125,5021.89990234375,5022.7001953125,21
2026-03-16 20:16:00,5021.7998046875,5023.2998046875,5021.7998046875,5023.2998046875,33
2026-03-16 20:17:00,5021.89990234375,5022.2001953125,5021.2998046875,5021.89990234375,11
2026-03-16 20:18:00,5022.2001953125,5022.2001953125,5022.2001953125,5022.2001953125,2
2026-03-16 20:19:00,5021.2998046875,5022.60009765625,5020.89990234375,5022.60009765625,10
2026-03-16 20:20:00,5021.60009765625,5021.60009765625,5021.2998046875,5021.2998046875,10
2026-03-16 20:21:00,5021.0,5021.0,5021.0,5021.0,1
2026-03-16 20:22:00,5022.2998046875,5022.5,5021.39990234375,5021.39990234375,28
2026-03-16 20:23:00,5022.2001953125,5022.39990234375,5021.89990234375,5022.2998046875,49
2026-03-16 20:24:00,5021.89990234375,5022.2998046875,5021.89990234375,5022.2001953125,5
2026-03-16 20:25:00,5022.0,5022.7998046875,5021.7998046875,5022.2998046875,60
2026-03-16 20:26:00,5022.60009765625,5022.60009765625,5022.10009765625,5022.10009765625,9
2026-03-16 20:27:00,5022.2001953125,5022.2001953125,5022.0,5022.10009765625,8
2026-03-16 20:28:00,5021.89990234375,5023.5,5021.0,5022.60009765625,48
2026-03-16 20:29:00,5020.2001953125,5021.7001953125,5020.10009765625,5021.7001953125,33
2026-03-16 20:30:00,5019.7998046875,5020.2998046875,5019.2998046875,5020.0,19
2026-03-16 20:31:00,5018.7998046875,5020.10009765625,5018.5,5020.10009765625,55
2026-03-16 20:32:00,5016.2998046875,5018.7998046875,5016.2998046875,5018.7998046875,61
2026-03-16 20:33:00,5016.60009765625,5016.7001953125,5015.2998046875,5016.0,39
2026-03-16 20:34:00,5017.10009765625,5017.10009765625,5016.10009765625,5016.5,25
2026-03-16 20:35:00,5014.7001953125,5016.2998046875,5013.60009765625,5016.2998046875,92
2026-03-16 20:36:00,5014.2998046875,5015.7001953125,5013.60009765625,5014.7001953125,33
2026-03-16 20:37:00,5017.10009765625,5017.10009765625,5014.60009765625,5014.60009765625,14
2026-03-16 20:38:00,5015.89990234375,5017.2998046875,5015.89990234375,5017.10009765625,7
2026-03-16 20:39:00,5015.2001953125,5017.0,5015.2001953125,5016.39990234375,9
2026-03-16 20:40:00,5015.7998046875,5016.2998046875,5015.10009765625,5015.10009765625,10
2026-03-16 20:41:00,5016.0,5016.7998046875,5015.5,5016.7998046875,11
2026-03-16 20:42:00,5014.2001953125,5015.89990234375,5014.2001953125,5015.89990234375,17
2026-03-16 20:43:00,5014.2998046875,5014.39990234375,5014.0,5014.39990234375,3
2026-03-16 20:44:00,5015.10009765625,5015.60009765625,5013.89990234375,5013.89990234375,31
2026-03-16 20:45:00,5015.7998046875,5016.10009765625,5014.39990234375,5014.7998046875,32
2026-03-16 20:46:00,5014.89990234375,5016.0,5013.60009765625,5016.0,64
2026-03-16 20:47:00,5014.2001953125,5015.2998046875,5013.2001953125,5015.2998046875,40
2026-03-16 20:48:00,5014.7998046875,5016.7998046875,5014.60009765625,5015.0,23
2026-03-16 20:49:00,5015.39990234375,5015.7998046875,5014.7998046875,5015.10009765625,31
2026-03-16 20:50:00,5015.7998046875,5015.7998046875,5015.0,5015.39990234375,19
2026-03-16 20:51:00,5015.0,5015.89990234375,5015.0,5015.89990234375,9
2026-03-16 20:52:00,5013.7998046875,5015.2001953125,5013.5,5014.7998046875,67
2026-03-16 20:53:00,5012.10009765625,5014.0,5010.7998046875,5014.0,108
2026-03-16 20:54:00,5012.2998046875,5012.7001953125,5011.10009765625,5012.10009765625,41
2026-03-16 20:55:00,5014.5,5014.5,5011.10009765625,5012.2998046875,42
2026-03-16 20:56:00,5013.7001953125,5015.0,5012.39990234375,5014.7998046875,78
2026-03-16 20:57:00,5012.5,5014.0,5011.89990234375,5014.0,28
2026-03-16 20:58:00,5012.7001953125,5012.7998046875,5011.60009765625,5012.7998046875,39
2026-03-16 20:59:00,5011.2998046875,5012.7998046875,5011.2998046875,5012.39990234375,18
2026-03-16 22:00:00,5015.7998046875,5016.7998046875,5011.7001953125,5012.2001953125,0
2026-03-16 22:01:00,5017.2001953125,5017.7001953125,5015.7998046875,5016.0,16
2026-03-16 22:02:00,5017.10009765625,5021.5,5015.7998046875,5016.60009765625,83
2026-03-16 22:03:00,5018.2998046875,5020.2001953125,5018.10009765625,5018.10009765625,8
2026-03-16 22:04:00,5017.2998046875,5019.60009765625,5016.5,5018.2001953125,24
2026-03-16 22:05:00,5017.60009765625,5017.7001953125,5017.2998046875,5017.2998046875,7
2026-03-16 22:06:00,5019.60009765625,5019.7998046875,5018.60009765625,5018.60009765625,8
2026-03-16 22:07:00,5018.7001953125,5019.2998046875,5018.7001953125,5019.2998046875,10
2026-03-16 22:08:00,5019.2998046875,5021.89990234375,5019.2001953125,5020.10009765625,44
2026-03-16 22:09:00,5012.2998046875,5018.60009765625,5011.7998046875,5018.60009765625,34
2026-03-16 22:10:00,5011.0,5014.7001953125,5010.89990234375,5012.10009765625,31
2026-03-16 22:11:00,5011.7998046875,5012.5,5010.2998046875,5010.2998046875,24
2026-03-16 22:12:00,5009.2001953125,5011.2998046875,5006.5,5011.2001953125,104
2026-03-16 22:13:00,5008.60009765625,5011.89990234375,5008.60009765625,5010.60009765625,38
2026-03-16 22:14:00,5009.60009765625,5010.60009765625,5008.2001953125,5008.2001953125,32
2026-03-16 22:15:00,5012.2001953125,5012.7998046875,5009.2998046875,5009.2998046875,40
2026-03-16 22:16:00,5013.60009765625,5013.60009765625,5011.2998046875,5011.7001953125,37
2026-03-16 22:17:00,5012.5,5013.5,5011.2001953125,5013.5,23
2026-03-16 22:18:00,5012.5,5013.10009765625,5012.2001953125,5012.2001953125,18
2026-03-16 22:19:00,5011.60009765625,5012.2001953125,5011.5,5012.2001953125,9
2026-03-16 22:20:00,5010.5,5011.2998046875,5010.5,5011.2998046875,12
2026-03-16 22:21:00,5007.2001953125,5010.10009765625,5006.89990234375,5010.10009765625,26
2026-03-16 22:22:00,5007.2001953125,5007.7998046875,5006.0,5007.39990234375,24
2026-03-16 22:23:00,5005.7001953125,5008.89990234375,5005.7001953125,5007.2001953125,16
2026-03-16 22:24:00,5005.2001953125,5005.60009765625,5004.7001953125,5005.60009765625,36
2026-03-16 22:25:00,5006.10009765625,5007.60009765625,5005.7998046875,5005.7998046875,37
2026-03-16 22:26:00,5005.0,5007.39990234375,5005.0,5006.2001953125,15
2026-03-16 22:27:00,5006.89990234375,5006.89990234375,5005.0,5005.0,13
2026-03-16 22:28:00,5006.2998046875,5006.7001953125,5004.2001953125,5006.60009765625,91
2026-03-16 22:29:00,5006.7998046875,5006.7998046875,5006.7001953125,5006.7001953125,5
2026-03-16 22:30:00,5005.39990234375,5007.60009765625,5003.89990234375,5007.60009765625,17
2026-03-16 22:31:00,5009.5,5009.60009765625,5005.7001953125,5005.89990234375,27
2026-03-16 22:32:00,5008.7001953125,5009.60009765625,5008.7001953125,5009.60009765625,5
2026-03-16 22:33:00,5007.7001953125,5007.7001953125,5007.39990234375,5007.60009765625,5
2026-03-16 22:34:00,5008.89990234375,5009.2998046875,5008.0,5008.2998046875,13
2026-03-16 22:35:00,5009.89990234375,5009.89990234375,5009.39990234375,5009.39990234375,6
2026-03-16 22:36:00,5009.0,5010.0,5009.0,5010.0,5
2026-03-16 22:37:00,5007.0,5010.2001953125,5007.0,5008.89990234375,15
2026-03-16 22:38:00,5008.60009765625,5008.60009765625,5006.89990234375,5007.39990234375,17
2026-03-16 22:39:00,5006.5,5008.10009765625,5006.5,5008.0,11
2026-03-16 22:40:00,5007.0,5008.39990234375,5006.89990234375,5007.39990234375,13
2026-03-16 22:41:00,5006.2001953125,5007.2998046875,5005.39990234375,5006.60009765625,26
2026-03-16 22:42:00,5006.5,5006.5,5006.5,5006.5,1
2026-03-16 22:43:00,5007.39990234375,5007.39990234375,5007.39990234375,5007.39990234375,2
2026-03-16 22:44:00,5006.7998046875,5007.5,5006.10009765625,5007.5,12
2026-03-16 22:45:00,5006.89990234375,5007.7998046875,5006.0,5006.5,36
2026-03-16 22:46:00,5006.60009765625,5007.39990234375,5006.5,5007.2001953125,18
2026-03-16 22:47:00,5009.60009765625,5009.60009765625,5007.0,5007.0,19
2026-03-16 22:48:00,5010.7998046875,5011.2001953125,5009.5,5010.0,33
2026-03-16 22:49:00,5010.60009765625,5011.10009765625,5009.89990234375,5010.89990234375,7
2026-03-16 22:50:00,5010.7001953125,5011.0,5009.5,5010.2998046875,42
2026-03-16 22:51:00,5010.89990234375,5011.5,5010.39990234375,5011.2001953125,13
2026-03-16 22:52:00,5010.10009765625,5011.39990234375,5010.10009765625,5011.10009765625,6
2026-03-16 22:53:00,5009.7998046875,5009.89990234375,5009.7998046875,5009.89990234375,2
2026-03-16 22:56:00,5007.7998046875,5008.60009765625,5007.39990234375,5008.60009765625,20
2026-03-16 22:57:00,5007.60009765625,5008.60009765625,5007.10009765625,5007.89990234375,13
2026-03-16 22:58:00,5006.5,5007.7998046875,5005.7001953125,5007.2001953125,18
2026-03-16 22:59:00,5007.60009765625,5007.60009765625,5006.2001953125,5006.2998046875,20
2026-03-16 23:00:00,5007.39990234375,5007.39990234375,5007.0,5007.2001953125,6
2026-03-16 23:01:00,5010.7001953125,5010.7998046875,5008.39990234375,5008.39990234375,29
2026-03-16 23:02:00,5010.7001953125,5011.39990234375,5010.2001953125,5010.60009765625,13
2026-03-16 23:03:00,5010.60009765625,5010.60009765625,5010.5,5010.5,2
2026-03-16 23:04:00,5010.7001953125,5010.7001953125,5009.7998046875,5009.7998046875,5
2026-03-16 23:05:00,5009.60009765625,5010.10009765625,5009.5,5010.10009765625,16
2026-03-16 23:06:00,5008.10009765625,5009.60009765625,5007.60009765625,5009.5,32
2026-03-16 23:07:00,5008.2998046875,5008.7001953125,5008.10009765625,5008.10009765625,10
2026-03-16 23:08:00,5009.2001953125,5009.7998046875,5008.2001953125,5008.60009765625,17
2026-03-16 23:09:00,5010.7998046875,5011.39990234375,5010.10009765625,5010.10009765625,9
2026-03-16 23:10:00,5010.39990234375,5011.10009765625,5010.39990234375,5011.10009765625,12
2026-03-16 23:11:00,5010.2001953125,5010.2001953125,5010.10009765625,5010.10009765625,4
2026-03-16 23:12:00,5010.0,5010.60009765625,5010.0,5010.60009765625,2
2026-03-16 23:13:00,5010.60009765625,5011.5,5010.10009765625,5010.2001953125,9
2026-03-16 23:14:00,5011.2998046875,5011.2998046875,5010.60009765625,5010.60009765625,2
2026-03-16 23:15:00,5010.89990234375,5011.10009765625,5010.5,5010.89990234375,13
2026-03-16 23:16:00,5010.89990234375,5011.7001953125,5010.39990234375,5011.10009765625,23
2026-03-16 23:17:00,5011.39990234375,5011.39990234375,5011.0,5011.2001953125,7
2026-03-16 23:18:00,5011.10009765625,5011.2001953125,5011.10009765625,5011.2001953125,3
2026-03-16 23:19:00,5010.7001953125,5010.7001953125,5010.7001953125,5010.7001953125,1
2026-03-16 23:21:00,5010.2998046875,5010.2998046875,5010.2998046875,5010.2998046875,1
2026-03-16 23:22:00,5013.7001953125,5014.5,5011.2001953125,5011.2001953125,26
2026-03-16 23:23:00,5012.39990234375,5013.7998046875,5012.39990234375,5013.2998046875,15
2026-03-16 23:25:00,5014.2001953125,5014.39990234375,5013.5,5013.5,16
2026-03-16 23:26:00,5015.0,5015.0,5013.7998046875,5014.2001953125,35
2026-03-16 23:27:00,5013.7998046875,5014.60009765625,5013.5,5014.60009765625,13
2026-03-16 23:28:00,5013.7998046875,5013.7998046875,5013.10009765625,5013.10009765625,4
2026-03-16 23:29:00,5014.5,5014.5,5012.89990234375,5012.89990234375,28
2026-03-16 23:30:00,5014.5,5015.2998046875,5014.5,5014.89990234375,306
2026-03-16 23:31:00,5015.60009765625,5016.2998046875,5014.5,5014.89990234375,35
2026-03-16 23:32:00,5017.0,5018.2001953125,5015.89990234375,5016.2001953125,43
2026-03-16 23:33:00,5017.60009765625,5018.0,5016.60009765625,5016.60009765625,43
2026-03-16 23:34:00,5017.60009765625,5018.2001953125,5017.2998046875,5017.39990234375,10
2026-03-16 23:35:00,5017.7998046875,5017.89990234375,5016.7001953125,5017.89990234375,10
2026-03-16 23:36:00,5018.7998046875,5018.89990234375,5017.89990234375,5018.2001953125,30
2026-03-16 23:37:00,5017.39990234375,5018.10009765625,5017.39990234375,5018.10009765625,2
2026-03-16 23:38:00,5018.5,5018.5,5017.89990234375,5017.89990234375,8
2026-03-16 23:39:00,5016.7001953125,5017.89990234375,5014.89990234375,5017.89990234375,47
2026-03-16 23:40:00,5018.0,5019.2001953125,5017.10009765625,5017.10009765625,43
2026-03-16 23:41:00,5018.89990234375,5018.89990234375,5018.5,5018.5,4
2026-03-16 23:42:00,5017.39990234375,5018.2998046875,5017.39990234375,5018.2998046875,8
2026-03-16 23:43:00,5016.39990234375,5017.7001953125,5016.2998046875,5017.7001953125,9
2026-03-16 23:44:00,5013.60009765625,5016.5,5013.5,5016.5,31
2026-03-16 23:45:00,5013.2001953125,5014.10009765625,5012.60009765625,5013.89990234375,22
2026-03-16 23:46:00,5014.60009765625,5014.89990234375,5013.10009765625,5013.10009765625,12
2026-03-16 23:47:00,5011.5,5014.2998046875,5011.5,5014.2998046875,24
2026-03-16 23:48:00,5014.0,5014.5,5012.0,5012.0,10
2026-03-16 23:49:00,5015.89990234375,5015.89990234375,5014.0,5014.39990234375,19
2026-03-16 23:50:00,5017.2001953125,5017.2001953125,5015.60009765625,5015.60009765625,10
2026-03-16 23:51:00,5017.39990234375,5018.5,5016.89990234375,5016.89990234375,39
2026-03-16 23:52:00,5018.5,5018.7001953125,5017.60009765625,5017.7998046875,13
2026-03-16 23:53:00,5018.5,5019.10009765625,5017.89990234375,5018.7998046875,18
2026-03-16 23:54:00,5018.7001953125,5018.7001953125,5018.7001953125,5018.7001953125,1
2026-03-16 23:55:00,5019.89990234375,5020.2998046875,5019.10009765625,5019.2998046875,26
2026-03-16 23:56:00,5020.2001953125,5021.0,5019.89990234375,5019.89990234375,63
2026-03-16 23:57:00,5020.39990234375,5020.7001953125,5019.7998046875,5020.39990234375,8
2026-03-16 23:58:00,5017.7001953125,5019.60009765625,5017.7001953125,5019.60009765625,17
2026-03-16 23:59:00,5018.0,5018.2998046875,5016.7998046875,5017.2998046875,18
2026-03-17 00:00:00,5017.2001953125,5018.7001953125,5016.5,5018.0,25
2026-03-17 00:01:00,5018.39990234375,5019.2998046875,5017.10009765625,5017.10009765625,22
2026-03-17 00:02:00,5013.2001953125,5018.0,5012.60009765625,5017.60009765625,148
2026-03-17 00:03:00,5012.5,5014.10009765625,5010.2998046875,5013.2001953125,131
2026-03-17 00:04:00,5011.60009765625,5012.10009765625,5010.7998046875,5011.2998046875,38
2026-03-17 00:05:00,5011.2001953125,5012.60009765625,5009.89990234375,5011.0,54
2026-03-17 00:06:00,5013.39990234375,5013.7998046875,5011.7998046875,5011.7998046875,36
2026-03-17 00:07:00,5014.2998046875,5014.7001953125,5013.2001953125,5013.2998046875,19
2026-03-17 00:08:00,5011.0,5016.7998046875,5011.0,5014.7001953125,71
2026-03-17 00:09:00,5010.39990234375,5011.5,5006.89990234375,5010.39990234375,111
2026-03-17 00:10:00,5010.7998046875,5011.2998046875,5009.7001953125,5010.5,33
2026-03-17 00:11:00,5011.39990234375,5012.0,5010.2001953125,5011.0,40
2026-03-17 00:12:00,5010.39990234375,5010.89990234375,5008.5,5010.7001953125,23
2026-03-17 00:13:00,5009.5,5010.10009765625,5008.7001953125,5009.7001953125,11
2026-03-17 00:14:00,5010.89990234375,5011.2998046875,5009.10009765625,5009.10009765625,37
2026-03-17 00:15:00,5011.39990234375,5012.5,5010.60009765625,5010.7001953125,10
2026-03-17 00:16:00,5014.39990234375,5014.39990234375,5011.2998046875,5011.5,36
2026-03-17 00:17:00,5012.0,5015.0,5012.0,5014.39990234375,24
2026-03-17 00:18:00,5012.7998046875,5012.7998046875,5011.60009765625,5012.39990234375,16
2026-03-17 00:19:00,5012.2998046875,5012.7998046875,5012.2998046875,5012.7998046875,2
2026-03-17 00:20:00,5009.7998046875,5012.7001953125,5009.5,5012.5,24
2026-03-17 00:21:00,5011.2998046875,5011.2998046875,5009.10009765625,5009.10009765625,3
2026-03-17 00:22:00,5011.0,5011.0,5010.2001953125,5011.0,12
2026-03-17 00:23:00,5010.5,5010.5,5010.5,5010.5,4
2026-03-17 00:24:00,5009.39990234375,5010.2001953125,5009.0,5010.10009765625,16
2026-03-17 00:25:00,5006.89990234375,5008.7998046875,5006.10009765625,5008.7998046875,49
2026-03-17 00:26:00,5010.10009765625,5010.5,5007.0,5007.2998046875,86
2026-03-17 00:27:00,5006.5,5009.2998046875,5005.2001953125,5009.2998046875,86
2026-03-17 00:28:00,5006.5,5006.60009765625,5004.89990234375,5006.2998046875,39
2026-03-17 00:29:00,5008.39990234375,5008.5,5007.5,5007.5,24
2026-03-17 00:30:00,5008.2998046875,5009.2998046875,5008.2998046875,5008.2998046875,23
2026-03-17 00:31:00,5010.10009765625,5010.10009765625,5006.89990234375,5008.10009765625,29
2026-03-17 00:32:00,5008.39990234375,5010.5,5006.7998046875,5010.5,31
2026-03-17 00:33:00,5007.7001953125,5007.7001953125,5007.60009765625,5007.7001953125,14
2026-03-17 00:34:00,5006.60009765625,5008.2998046875,5006.0,5008.2998046875,10
2026-03-17 00:35:00,5010.10009765625,5010.10009765625,5007.39990234375,5007.39990234375,18
2026-03-17 00:36:00,5010.89990234375,5011.5,5010.5,5011.2001953125,15
2026-03-17 00:37:00,5009.2001953125,5010.89990234375,5009.2001953125,5010.7998046875,10
2026-03-17 00:38:00,5008.7998046875,5010.0,5008.7998046875,5009.0,19
2026-03-17 00:39:00,5008.5,5009.39990234375,5008.5,5009.2998046875,6
2026-03-17 00:40:00,5007.89990234375,5008.0,5007.2998046875,5007.5,16
2026-03-17 00:41:00,5008.2001953125,5008.2998046875,5007.0,5007.10009765625,10
2026-03-17 00:42:00,5006.0,5008.2998046875,5006.0,5008.2998046875,8
2026-03-17 00:43:00,5004.60009765625,5005.7998046875,5002.5,5005.7998046875,76
2026-03-17 00:44:00,5006.39990234375,5006.39990234375,5003.7998046875,5004.60009765625,21
2026-03-17 00:45:00,5006.7998046875,5006.7998046875,5005.0,5005.7001953125,21
2026-03-17 00:46:00,5006.7001953125,5007.7001953125,5006.7001953125,5007.0,9
2026-03-17 00:47:00,5006.2001953125,5008.10009765625,5006.2001953125,5007.10009765625,17
2026-03-17 00:48:00,5004.2998046875,5006.2998046875,5004.2998046875,5006.2001953125,17
2026-03-17 00:49:00,5004.7998046875,5005.89990234375,5004.5,5004.5,11
2026-03-17 00:50:00,5002.60009765625,5004.39990234375,5002.2998046875,5004.2998046875,36
2026-03-17 00:51:00,5004.2001953125,5004.5,5002.39990234375,5002.5,16
2026-03-17 00:52:00,5005.7001953125,5006.5,5003.10009765625,5004.2001953125,51
2026-03-17 00:53:00,5005.39990234375,5005.60009765625,5004.7001953125,5005.2001953125,6
2026-03-17 00:54:00,5008.60009765625,5008.7001953125,5004.7998046875,5004.7998046875,31
2026-03-17 00:55:00,5009.2998046875,5009.7998046875,5008.7001953125,5009.0,40
2026-03-17 00:56:00,5008.7001953125,5009.5,5008.10009765625,5009.2001953125,21
2026-03-17 00:57:00,5009.7998046875,5010.2998046875,5008.89990234375,5009.2998046875,21
2026-03-17 00:58:00,5009.60009765625,5009.89990234375,5009.60009765625,5009.89990234375,4
2026-03-17 00:59:00,5007.10009765625,5009.10009765625,5006.2001953125,5009.10009765625,38
2026-03-17 01:00:00,5006.60009765625,5007.0,5001.5,5006.2998046875,206
2026-03-17 01:01:00,5009.10009765625,5010.39990234375,5006.0,5007.0,98
2026-03-17 01:02:00,5007.0,5011.0,5007.0,5009.2998046875,65
2026-03-17 01:03:00,5000.0,5007.2001953125,4998.7001953125,5007.2001953125,144
2026-03-17 01:04:00,5007.0,5007.0,5000.89990234375,5000.89990234375,114
2026-03-17 01:05:00,5008.0,5009.7998046875,5005.5,5006.7998046875,53
2026-03-17 01:06:00,5007.7001953125,5010.2998046875,5006.7998046875,5008.2998046875,62
2026-03-17 01:07:00,5009.2001953125,5011.2001953125,5008.5,5008.7998046875,48
2026-03-17 01:08:00,5011.0,5011.5,5009.5,5010.89990234375,51
2026-03-17 01:09:00,5013.10009765625,5013.10009765625,5011.0,5011.0,32
2026-03-17 01:10:00,5012.2998046875,5012.89990234375,5011.60009765625,5012.5,54
2026-03-17 01:11:00,5014.0,5015.89990234375,5013.0,5013.2998046875,70
2026-03-17 01:12:00,5014.89990234375,5014.89990234375,5013.39990234375,5014.5,20
2026-03-17 01:13:00,5014.60009765625,5016.0,5014.10009765625,5014.10009765625,15
2026-03-17 01:14:00,5013.7998046875,5016.60009765625,5010.60009765625,5015.10009765625,177
2026-03-17 01:15:00,5015.0,5015.5,5013.5,5014.2998046875,90
2026-03-17 01:16:00,5015.60009765625,5018.0,5014.5,5014.7998046875,94
2026-03-17 01:17:00,5015.39990234375,5016.7998046875,5014.60009765625,5016.39990234375,28
2026-03-17 01:18:00,5015.39990234375,5016.39990234375,5014.2998046875,5015.2001953125,18
2026-03-17 01:19:00,5012.7001953125,5014.2998046875,5012.7001953125,5014.2998046875,17
2026-03-17 01:20:00,5012.60009765625,5013.2001953125,5012.10009765625,5013.10009765625,19
2026-03-17 01:21:00,5013.10009765625,5013.5,5011.89990234375,5012.39990234375,37
2026-03-17 01:22:00,5012.10009765625,5012.7998046875,5012.10009765625,5012.7998046875,7
2026-03-17 01:23:00,5012.39990234375,5012.89990234375,5012.0,5012.89990234375,10
2026-03-17 01:24:00,5012.7998046875,5013.39990234375,5011.7998046875,5011.7998046875,20
2026-03-17 01:25:00,5011.7998046875,5014.89990234375,5011.7998046875,5012.7998046875,74
2026-03-17 01:26:00,5014.60009765625,5015.60009765625,5011.2001953125,5011.39990234375,62
2026-03-17 01:27:00,5016.39990234375,5016.7001953125,5015.2001953125,5015.2001953125,21
2026-03-17 01:28:00,5017.10009765625,5017.39990234375,5016.39990234375,5016.60009765625,24
2026-03-17 01:29:00,5017.5,5018.5,5016.89990234375,5016.89990234375,22
2026-03-17 01:30:00,5019.0,5019.2998046875,5017.0,5017.0,44
2026-03-17 01:31:00,5017.60009765625,5020.7001953125,5017.60009765625,5019.39990234375,51
2026-03-17 01:32:00,5016.5,5019.10009765625,5016.5,5019.10009765625,35
2026-03-17 01:33:00,5016.2998046875,5017.0,5015.39990234375,5016.0,19
2026-03-17 01:34:00,5015.5,5016.0,5015.5,5016.0,4
2026-03-17 01:35:00,5018.7998046875,5020.0,5016.7998046875,5016.7998046875,35
2026-03-17 01:36:00,5021.89990234375,5022.2998046875,5018.7998046875,5018.7998046875,134
2026-03-17 01:37:00,5022.89990234375,5024.2001953125,5021.7998046875,5021.89990234375,120
2026-03-17 01:38:00,5021.2998046875,5022.7001953125,5019.39990234375,5022.7001953125,81
2026-03-17 01:39:00,5019.7998046875,5022.39990234375,5019.60009765625,5020.60009765625,64
2026-03-17 01:40:00,5021.0,5021.89990234375,5021.0,5021.10009765625,25
2026-03-17 01:41:00,5022.5,5023.7998046875,5020.89990234375,5021.0,183
2026-03-17 01:42:00,5022.10009765625,5023.60009765625,5022.10009765625,5022.2998046875,18
2026-03-17 01:43:00,5021.10009765625,5023.2998046875,5021.10009765625,5022.39990234375,45
2026-03-17 01:44:00,5021.7998046875,5023.0,5021.0,5021.10009765625,31
2026-03-17 01:45:00,5021.39990234375,5022.5,5021.0,5021.60009765625,50
2026-03-17 01:46:00,5022.10009765625,5023.0,5021.7001953125,5021.89990234375,21
2026-03-17 01:47:00,5023.10009765625,5023.60009765625,5022.2001953125,5022.60009765625,30
2026-03-17 01:48:00,5023.60009765625,5025.0,5022.2998046875,5022.7998046875,116
2026-03-17 01:49:00,5024.89990234375,5027.2001953125,5023.39990234375,5023.39990234375,146
2026-03-17 01:50:00,5029.5,5029.7998046875,5024.60009765625,5024.60009765625,110
2026-03-17 01:51:00,5029.5,5030.0,5028.7998046875,5028.7998046875,48
2026-03-17 01:52:00,5028.2998046875,5029.60009765625,5028.10009765625,5029.2998046875,29
2026-03-17 01:53:00,5028.39990234375,5029.2998046875,5027.89990234375,5028.39990234375,12
2026-03-17 01:54:00,5029.7001953125,5032.0,5027.7998046875,5028.39990234375,136
2026-03-17 01:55:00,5029.2998046875,5031.39990234375,5029.2001953125,5030.10009765625,57
2026-03-17 01:56:00,5030.7998046875,5031.5,5029.10009765625,5029.2998046875,51
2026-03-17 01:57:00,5029.5,5031.5,5029.5,5031.0,113
2026-03-17 01:58:00,5031.0,5031.7001953125,5029.89990234375,5029.89990234375,56
2026-03-17 01:59:00,5032.10009765625,5032.7001953125,5031.0,5031.0,77
2026-03-17 02:00:00,5030.7998046875,5032.2998046875,5030.39990234375,5032.2998046875,68
2026-03-17 02:01:00,5030.39990234375,5031.2998046875,5029.7998046875,5031.2998046875,27
2026-03-17 02:02:00,5032.89990234375,5034.10009765625,5030.2001953125,5030.7001953125,115
2026-03-17 02:03:00,5029.2998046875,5033.10009765625,5028.7001953125,5033.0,82
2026-03-17 02:04:00,5027.39990234375,5029.2998046875,5027.39990234375,5029.2001953125,66
2026-03-17 02:05:00,5028.89990234375,5030.2001953125,5027.5,5028.0,24
2026-03-17 02:06:00,5028.10009765625,5030.5,5028.0,5029.7998046875,38
2026-03-17 02:07:00,5026.60009765625,5028.39990234375,5026.60009765625,5027.89990234375,37
2026-03-17 02:08:00,5026.7998046875,5027.2001953125,5026.2001953125,5026.5,16
2026-03-17 02:09:00,5026.10009765625,5026.89990234375,5025.5,5026.60009765625,20
2026-03-17 02:10:00,5026.39990234375,5027.60009765625,5025.89990234375,5026.0,40
2026-03-17 02:11:00,5027.7001953125,5028.2001953125,5026.39990234375,5026.7998046875,66
2026-03-17 02:12:00,5025.7001953125,5027.5,5025.39990234375,5027.5,26
2026-03-17 02:13:00,5025.2998046875,5027.10009765625,5024.7001953125,5026.2998046875,45
2026-03-17 02:14:00,5025.2998046875,5025.7998046875,5025.0,5025.7998046875,8
2026-03-17 02:15:00,5025.89990234375,5026.2001953125,5024.7998046875,5026.2001953125,36
2026-03-17 02:16:00,5025.7001953125,5028.2001953125,5025.2001953125,5025.7998046875,92
2026-03-17 02:17:00,5025.7998046875,5026.10009765625,5025.7998046875,5026.0,3
2026-03-17 02:18:00,5025.5,5025.5,5025.2998046875,5025.5,6
2026-03-17 02:19:00,5025.2001953125,5025.7998046875,5025.10009765625,5025.5,13
2026-03-17 02:20:00,5024.7001953125,5025.2001953125,5024.7001953125,5025.2001953125,5
2026-03-17 02:21:00,5024.60009765625,5025.2001953125,5024.10009765625,5024.7998046875,22
2026-03-17 02:22:00,5026.10009765625,5027.0,5025.2001953125,5025.2001953125,21
2026-03-17 02:23:00,5026.7998046875,5027.7001953125,5026.2998046875,5026.5,16
2026-03-17 02:24:00,5025.60009765625,5027.2001953125,5024.7998046875,5026.89990234375,55
2026-03-17 02:25:00,5027.7998046875,5027.7998046875,5026.39990234375,5026.39990234375,18
2026-03-17 02:26:00,5027.2998046875,5027.60009765625,5026.7001953125,5027.39990234375,10
2026-03-17 02:27:00,5027.60009765625,5027.60009765625,5027.2001953125,5027.2001953125,5
2026-03-17 02:28:00,5028.0,5028.7001953125,5027.2001953125,5027.60009765625,10
2026-03-17 02:29:00,5029.7998046875,5029.7998046875,5027.7998046875,5028.0,53
2026-03-17 02:30:00,5031.60009765625,5032.0,5029.39990234375,5029.60009765625,65
2026-03-17 02:31:00,5029.60009765625,5031.0,5028.60009765625,5031.0,40
2026-03-17 02:32:00,5029.10009765625,5029.60009765625,5028.2998046875,5029.60009765625,11
2026-03-17 02:33:00,5028.2001953125,5028.60009765625,5028.0,5028.60009765625,11
2026-03-17 02:34:00,5028.0,5028.5,5027.7998046875,5027.89990234375,11
2026-03-17 02:35:00,5026.0,5027.89990234375,5025.7998046875,5027.60009765625,33
2026-03-17 02:36:00,5026.7998046875,5027.60009765625,5026.5,5026.5,10
2026-03-17 02:37:00,5027.10009765625,5027.5,5027.10009765625,5027.5,2
2026-03-17 02:38:00,5029.7998046875,5029.7998046875,5028.0,5028.0,31
2026-03-17 02:39:00,5028.7998046875,5029.39990234375,5028.7998046875,5029.0,5
2026-03-17 02:40:00,5029.89990234375,5031.10009765625,5028.89990234375,5028.89990234375,38
2026-03-17 02:41:00,5030.10009765625,5032.0,5029.7998046875,5029.7998046875,45
2026-03-17 02:42:00,5031.2998046875,5031.60009765625,5029.7001953125,5030.2998046875,32
2026-03-17 02:43:00,5031.60009765625,5032.39990234375,5031.2998046875,5031.2998046875,46
2026-03-17 02:44:00,5033.0,5033.39990234375,5031.7001953125,5032.10009765625,48
2026-03-17 02:45:00,5032.60009765625,5033.5,5032.0,5033.5,23
2026-03-17 02:46:00,5031.0,5033.2001953125,5031.0,5033.0,18
2026-03-17 02:47:00,5031.7001953125,5032.10009765625,5030.89990234375,5031.7998046875,14
2026-03-17 02:48:00,5029.39990234375,5031.7998046875,5029.10009765625,5031.7998046875,21
2026-03-17 02:49:00,5028.7998046875,5029.2001953125,5028.2998046875,5028.89990234375,14
2026-03-17 02:50:00,5027.89990234375,5028.5,5025.60009765625,5028.2998046875,57
2026-03-17 02:51:00,5027.7998046875,5028.89990234375,5026.89990234375,5027.39990234375,52
2026-03-17 02:52:00,5028.2998046875,5028.89990234375,5028.2998046875,5028.89990234375,15
2026-03-17 02:53:00,5030.10009765625,5030.10009765625,5028.39990234375,5028.39990234375,14
2026-03-17 02:54:00,5030.2001953125,5030.5,5029.7001953125,5030.39990234375,16
2026-03-17 02:55:00,5029.89990234375,5030.60009765625,5029.89990234375,5030.0,13
2026-03-17 02:56:00,5029.7001953125,5030.2001953125,5029.39990234375,5029.7998046875,9
2026-03-17 02:57:00,5029.39990234375,5029.5,5029.10009765625,5029.5,7
2026-03-17 02:58:00,5027.60009765625,5029.0,5027.60009765625,5029.0,20
2026-03-17 02:59:00,5026.2001953125,5027.60009765625,5026.2001953125,5027.60009765625,19
2026-03-17 03:00:00,5027.10009765625,5027.2998046875,5024.2001953125,5026.0,72
2026-03-17 03:01:00,5027.10009765625,5027.5,5026.89990234375,5027.2001953125,10
2026-03-17 03:02:00,5027.2998046875,5027.5,5026.7998046875,5026.7998046875,6
2026-03-17 03:03:00,5027.7998046875,5028.10009765625,5027.2998046875,5027.2998046875,14
2026-03-17 03:04:00,5028.10009765625,5028.89990234375,5028.10009765625,5028.2998046875,32
2026-03-17 03:05:00,5027.60009765625,5029.5,5027.60009765625,5028.10009765625,23
2026-03-17 03:06:00,5026.7001953125,5027.2998046875,5026.7001953125,5027.2998046875,9
2026-03-17 03:07:00,5026.60009765625,5026.89990234375,5026.2001953125,5026.89990234375,5
2026-03-17 03:08:00,5026.60009765625,5027.39990234375,5026.2001953125,5027.0,8
2026-03-17 03:09:00,5026.5,5026.5,5026.10009765625,5026.39990234375,4
2026-03-17 03:10:00,5026.5,5027.0,5025.7001953125,5025.7001953125,49
2026-03-17 03:11:00,5025.7998046875,5026.7998046875,5025.7998046875,5026.39990234375,9
2026-03-17 03:12:00,5026.7001953125,5026.7001953125,5026.10009765625,5026.2001953125,5
2026-03-17 03:13:00,5027.0,5027.2001953125,5026.5,5026.5,4
2026-03-17 03:14:00,5026.39990234375,5026.89990234375,5025.89990234375,5026.5,22
2026-03-17 03:15:00,5029.10009765625,5029.39990234375,5026.0,5026.2998046875,29
2026-03-17 03:16:00,5029.89990234375,5030.5,5028.89990234375,5028.89990234375,23
2026-03-17 03:17:00,5030.2998046875,5030.2998046875,5030.0,5030.0,5
2026-03-17 03:18:00,5030.39990234375,5031.0,5029.5,5029.7001953125,19
2026-03-17 03:19:00,5030.89990234375,5031.10009765625,5030.2001953125,5031.0,8
2026-03-17 03:20:00,5031.7998046875,5032.5,5031.2001953125,5031.2001953125,13
2026-03-17 03:21:00,5032.2998046875,5033.5,5032.0,5032.5,36
2026-03-17 03:22:00,5033.5,5033.5,5032.0,5032.10009765625,23
2026-03-17 03:23:00,5033.5,5033.7001953125,5031.39990234375,5033.5,89
2026-03-17 03:24:00,5034.10009765625,5034.7001953125,5032.7998046875,5033.5,111
2026-03-17 03:25:00,5034.0,5034.60009765625,5033.5,5033.89990234375,23
2026-03-17 03:26:00,5034.39990234375,5034.60009765625,5033.2998046875,5034.39990234375,68
2026-03-17 03:27:00,5035.89990234375,5035.89990234375,5033.89990234375,5034.39990234375,49
2026-03-17 03:28:00,5036.7001953125,5036.7998046875,5035.10009765625,5035.7998046875,47
2026-03-17 03:29:00,5036.5,5036.5,5035.2998046875,5036.2001953125,38
2026-03-17 03:30:00,5034.0,5037.5,5033.39990234375,5036.7001953125,102
2026-03-17 03:31:00,5035.10009765625,5035.89990234375,5033.7998046875,5033.7998046875,33
2026-03-17 03:32:00,5034.2998046875,5034.7001953125,5033.5,5034.7001953125,42
2026-03-17 03:33:00,5033.60009765625,5034.60009765625,5033.60009765625,5034.60009765625,11
2026-03-17 03:34:00,5033.5,5034.7001953125,5033.5,5033.5,14
2026-03-17 03:35:00,5033.60009765625,5035.2998046875,5033.2001953125,5034.0,101
2026-03-17 03:36:00,5032.7998046875,5034.2998046875,5032.7998046875,5034.2001953125,59
2026-03-17 03:37:00,5033.39990234375,5034.10009765625,5033.0,5033.2998046875,13
2026-03-17 03:38:00,5033.2998046875,5034.7001953125,5032.5,5032.7001953125,43
2026-03-17 03:39:00,5031.39990234375,5033.2998046875,5031.2001953125,5033.2998046875,44
2026-03-17 03:40:00,5032.0,5032.0,5031.10009765625,5031.5,7
2026-03-17 03:41:00,5032.10009765625,5032.10009765625,5031.7001953125,5032.10009765625,5
2026-03-17 03:42:00,5032.0,5032.2998046875,5031.60009765625,5031.89990234375,14
2026-03-17 03:43:00,5032.5,5032.5,5032.5,5032.5,3
2026-03-17 03:44:00,5032.2001953125,5032.2001953125,5031.89990234375,5032.2001953125,4
2026-03-17 03:45:00,5031.10009765625,5032.2998046875,5031.10009765625,5032.2998046875,10
2026-03-17 03:46:00,5030.2998046875,5030.89990234375,5029.7001953125,5030.89990234375,85
2026-03-17 03:47:00,5030.0,5030.60009765625,5029.89990234375,5030.0,17
2026-03-17 03:48:00,5030.89990234375,5030.89990234375,5030.0,5030.10009765625,19
2026-03-17 03:49:00,5030.5,5031.2998046875,5030.2998046875,5030.89990234375,10
2026-03-17 03:50:00,5031.2998046875,5031.60009765625,5030.2001953125,5031.2998046875,22
2026-03-17 03:51:00,5031.39990234375,5031.39990234375,5031.0,5031.39990234375,4
2026-03-17 03:52:00,5032.7998046875,5033.5,5031.60009765625,5031.60009765625,28
2026-03-17 03:53:00,5033.0,5034.10009765625,5031.7001953125,5033.7001953125,64
2026-03-17 03:54:00,5032.60009765625,5032.7998046875,5032.39990234375,5032.7998046875,12
2026-03-17 03:55:00,5032.89990234375,5032.89990234375,5032.89990234375,5032.89990234375,1
2026-03-17 03:56:00,5030.7001953125,5032.10009765625,5030.7001953125,5032.10009765625,20
2026-03-17 03:57:00,5030.39990234375,5030.5,5030.10009765625,5030.5,57
2026-03-17 03:58:00,5030.2998046875,5030.2998046875,5030.2998046875,5030.2998046875,1
2026-03-17 04:00:00,5030.60009765625,5031.10009765625,5030.5,5031.10009765625,10
2026-03-17 04:01:00,5031.5,5032.60009765625,5031.5,5031.89990234375,15
2026-03-17 04:02:00,5032.39990234375,5033.0,5031.5,5031.60009765625,29
2026-03-17 04:03:00,5032.2001953125,5032.2001953125,5031.7998046875,5032.10009765625,8
2026-03-17 04:04:00,5032.2001953125,5033.2001953125,5032.0,5032.2001953125,17
2026-03-17 04:05:00,5031.7001953125,5031.7001953125,5031.2998046875,5031.7001953125,10
2026-03-17 04:06:00,5032.2001953125,5032.2001953125,5032.0,5032.0,7
2026-03-17 04:07:00,5031.89990234375,5031.89990234375,5031.89990234375,5031.89990234375,1
2026-03-17 04:09:00,5033.2001953125,5033.39990234375,5032.10009765625,5032.10009765625,18
2026-03-17 04:10:00,5034.0,5034.0,5033.89990234375,5034.0,5
2026-03-17 04:11:00,5033.2998046875,5033.7998046875,5032.89990234375,5033.7998046875,11
2026-03-17 04:12:00,5033.10009765625,5033.60009765625,5032.7998046875,5033.60009765625,4
2026-03-17 04:13:00,5032.60009765625,5033.60009765625,5032.60009765625,5033.2998046875,8
2026-03-17 04:14:00,5033.2001953125,5033.7001953125,5031.7998046875,5032.10009765625,18
2026-03-17 04:15:00,5031.39990234375,5033.39990234375,5031.10009765625,5033.39990234375,15
2026-03-17 04:16:00,5031.0,5031.5,5030.7001953125,5031.5,22
2026-03-17 04:17:00,5031.2998046875,5031.2998046875,5030.60009765625,5031.2998046875,27
2026-03-17 04:18:00,5031.39990234375,5031.39990234375,5030.7998046875,5030.7998046875,2
2026-03-17 04:19:00,5031.7998046875,5031.7998046875,5031.7001953125,5031.7001953125,3
2026-03-17 04:20:00,5031.2998046875,5031.60009765625,5030.5,5031.60009765625,12
2026-03-17 04:21:00,5032.10009765625,5032.10009765625,5031.0,5031.0,13
2026-03-17 04:22:00,5033.5,5033.5,5031.7998046875,5032.0,22
2026-03-17 04:23:00,5033.7998046875,5033.89990234375,5032.39990234375,5033.10009765625,38
2026-03-17 04:24:00,5034.0,5034.0,5033.7998046875,5033.89990234375,4
2026-03-17 04:25:00,5032.60009765625,5033.0,5032.60009765625,5033.0,2
2026-03-17 04:26:00,5030.89990234375,5033.2001953125,5030.10009765625,5032.7998046875,50
2026-03-17 04:27:00,5033.7998046875,5034.10009765625,5030.10009765625,5031.2998046875,52
2026-03-17 04:28:00,5034.10009765625,5034.7001953125,5033.60009765625,5033.60009765625,13
2026-03-17 04:29:00,5036.89990234375,5037.10009765625,5034.10009765625,5034.10009765625,59
2026-03-17 04:30:00,5037.60009765625,5038.10009765625,5036.2001953125,5036.89990234375,50
2026-03-17 04:31:00,5037.2001953125,5042.2998046875,5036.89990234375,5038.10009765625,235
2026-03-17 04:32:00,5038.10009765625,5038.5,5037.5,5037.5,49
2026-03-17 04:33:00,5037.7001953125,5038.7998046875,5037.39990234375,5037.39990234375,29
2026-03-17 04:34:00,5037.7998046875,5037.7998046875,5036.7001953125,5037.7001953125,27
2026-03-17 04:35:00,5038.7001953125,5038.7998046875,5038.0,5038.0,20
2026-03-17 04:36:00,5038.0,5039.10009765625,5037.89990234375,5038.7998046875,21
2026-03-17 04:37:00,5038.60009765625,5039.10009765625,5037.7998046875,5037.7998046875,17
2026-03-17 04:38:00,5038.7001953125,5039.0,5038.10009765625,5039.0,23
2026-03-17 04:39:00,5038.60009765625,5038.89990234375,5038.10009765625,5038.89990234375,31
2026-03-17 04:40:00,5038.7998046875,5039.2998046875,5038.7001953125,5038.7001953125,24
2026-03-17 04:41:00,5039.0,5039.2001953125,5038.5,5039.0,17
2026-03-17 04:42:00,5038.89990234375,5039.2001953125,5038.39990234375,5038.5,26
2026-03-17 04:43:00,5038.60009765625,5039.2998046875,5038.60009765625,5038.89990234375,33
2026-03-17 04:44:00,5044.5,5046.7001953125,5038.60009765625,5038.60009765625,471
2026-03-17 04:45:00,5044.5,5046.7001953125,5043.60009765625,5044.7001953125,116
2026-03-17 04:46:00,5043.7998046875,5044.2998046875,5043.0,5043.89990234375,50
2026-03-17 04:47:00,5043.7001953125,5044.0,5042.5,5043.5,99
2026-03-17 04:48:00,5044.10009765625,5044.2998046875,5043.2001953125,5044.2001953125,36
2026-03-17 04:49:00,5043.39990234375,5044.0,5043.0,5043.39990234375,19
2026-03-17 04:50:00,5044.2998046875,5046.7001953125,5043.5,5043.89990234375,164
2026-03-17 04:51:00,5043.2001953125,5044.89990234375,5043.2001953125,5044.2001953125,46
2026-03-17 04:52:00,5042.7001953125,5043.60009765625,5042.39990234375,5043.60009765625,22
2026-03-17 04:53:00,5043.10009765625,5043.60009765625,5042.7998046875,5042.7998046875,14
2026-03-17 04:54:00,5042.2001953125,5044.7998046875,5042.2001953125,5043.39990234375,35
2026-03-17 04:55:00,5043.2001953125,5044.60009765625,5042.89990234375,5043.10009765625,49
2026-03-17 04:56:00,5043.39990234375,5043.7001953125,5043.0,5043.7001953125,7
2026-03-17 04:57:00,5042.2001953125,5042.89990234375,5042.10009765625,5042.89990234375,16
2026-03-17 04:58:00,5043.10009765625,5043.2001953125,5041.60009765625,5042.2001953125,57
2026-03-17 04:59:00,5042.39990234375,5044.0,5042.39990234375,5042.89990234375,37
2026-03-17 05:00:00,5043.10009765625,5043.2001953125,5042.2001953125,5043.10009765625,16
2026-03-17 05:01:00,5041.7998046875,5043.60009765625,5041.7998046875,5043.2998046875,111
2026-03-17 05:02:00,5042.0,5042.5,5041.2998046875,5041.60009765625,47
2026-03-17 05:03:00,5041.2001953125,5042.7998046875,5041.2001953125,5041.89990234375,30
2026-03-17 05:04:00,5040.5,5041.5,5039.2001953125,5040.89990234375,54
2026-03-17 05:05:00,5039.7001953125,5040.7001953125,5039.0,5040.2998046875,23
2026-03-17 05:06:00,5039.60009765625,5040.60009765625,5039.2001953125,5039.5,38
2026-03-17 05:07:00,5041.7998046875,5041.7998046875,5039.2001953125,5039.39990234375,93
2026-03-17 05:08:00,5039.39990234375,5041.10009765625,5039.2998046875,5041.0,22
2026-03-17 05:09:00,5039.39990234375,5040.0,5038.10009765625,5039.2998046875,88
2026-03-17 05:10:00,5038.89990234375,5039.5,5036.7001953125,5038.89990234375,115
2026-03-17 05:11:00,5040.2998046875,5040.7998046875,5038.2001953125,5039.0,35
2026-03-17 05:12:00,5040.5,5040.5,5039.60009765625,5040.39990234375,6
2026-03-17 05:13:00,5041.39990234375,5041.7001953125,5041.10009765625,5041.60009765625,10
2026-03-17 05:14:00,5044.89990234375,5045.7001953125,5041.5,5041.5,114
2026-03-17 05:15:00,5045.5,5046.5,5043.7001953125,5045.39990234375,105
2026-03-17 05:16:00,5046.60009765625,5047.89990234375,5044.7001953125,5046.7998046875,96
2026-03-17 05:17:00,5046.60009765625,5049.39990234375,5046.60009765625,5047.10009765625,100
2026-03-17 05:18:00,5042.89990234375,5046.89990234375,5042.2998046875,5046.60009765625,123
2026-03-17 05:19:00,5042.2998046875,5043.7001953125,5042.10009765625,5042.7001953125,50
2026-03-17 05:20:00,5042.39990234375,5043.0,5041.7001953125,5042.2001953125,44
2026-03-17 05:21:00,5042.39990234375,5042.7001953125,5042.2998046875,5042.7001953125,3
2026-03-17 05:22:00,5041.89990234375,5042.60009765625,5041.5,5042.60009765625,42
2026-03-17 05:23:00,5041.2998046875,5041.39990234375,5040.7998046875,5041.2998046875,19
2026-03-17 05:24:00,5040.7001953125,5041.39990234375,5040.60009765625,5041.2998046875,30
2026-03-17 05:25:00,5040.89990234375,5041.89990234375,5040.5,5041.39990234375,70
2026-03-17 05:26:00,5039.39990234375,5041.39990234375,5039.39990234375,5040.39990234375,96
2026-03-17 05:27:00,5039.60009765625,5040.5,5039.39990234375,5040.10009765625,33
2026-03-17 05:28:00,5040.60009765625,5040.7998046875,5038.2998046875,5039.39990234375,192
2026-03-17 05:29:00,5040.2998046875,5041.10009765625,5040.0,5040.10009765625,25
2026-03-17 05:30:00,5042.7001953125,5043.0,5039.7001953125,5040.2001953125,167
2026-03-17 05:31:00,5042.60009765625,5043.60009765625,5042.10009765625,5042.89990234375,87
2026-03-17 05:32:00,5044.2001953125,5044.60009765625,5042.0,5043.0,46
2026-03-17 05:33:00,5042.39990234375,5044.2998046875,5040.89990234375,5044.2998046875,76
2026-03-17 05:34:00,5040.2001953125,5042.7998046875,5040.2001953125,5042.2001953125,39
2026-03-17 05:35:00,5040.10009765625,5041.60009765625,5040.10009765625,5040.39990234375,28
2026-03-17 05:36:00,5040.0,5040.2998046875,5038.89990234375,5040.0,38
2026-03-17 05:37:00,5040.10009765625,5041.60009765625,5039.89990234375,5040.2998046875,59
2026-03-17 05:38:00,5039.89990234375,5041.0,5039.2001953125,5040.2001953125,43
2026-03-17 05:39:00,5039.39990234375,5040.0,5039.10009765625,5040.0,17
2026-03-17 05:40:00,5036.89990234375,5039.7998046875,5036.7998046875,5039.2001953125,105
2026-03-17 05:41:00,5038.7001953125,5038.7001953125,5036.60009765625,5036.7998046875,33
2026-03-17 05:42:00,5039.0,5039.7998046875,5038.39990234375,5039.39990234375,27
2026-03-17 05:43:00,5039.60009765625,5040.2998046875,5039.0,5039.5,29
2026-03-17 05:44:00,5036.89990234375,5039.5,5036.0,5039.5,88
2026-03-17 05:45:00,5035.2001953125,5037.60009765625,5034.2998046875,5037.10009765625,153
2026-03-17 05:46:00,5033.60009765625,5036.10009765625,5032.39990234375,5035.89990234375,122
2026-03-17 05:47:00,5031.60009765625,5033.0,5031.60009765625,5033.0,43
2026-03-17 05:48:00,5034.5,5034.60009765625,5032.2998046875,5032.2998046875,46
2026-03-17 05:49:00,5034.7998046875,5035.89990234375,5034.2001953125,5034.2001953125,21
2026-03-17 05:50:00,5032.7998046875,5035.2001953125,5032.7998046875,5035.2001953125,18
2026-03-17 05:51:00,5034.2001953125,5035.2001953125,5032.0,5033.0,62
2026-03-17 05:52:00,5031.0,5034.2001953125,5031.0,5034.2001953125,30
2026-03-17 05:53:00,5031.2998046875,5032.7001953125,5030.39990234375,5030.7001953125,47
2026-03-17 05:54:00,5031.39990234375,5031.39990234375,5027.2001953125,5030.7998046875,255
2026-03-17 05:55:00,5028.0,5032.5,5027.7001953125,5031.10009765625,68
2026-03-17 05:56:00,5027.0,5028.5,5025.2998046875,5028.2001953125,222
2026-03-17 05:57:00,5027.0,5027.7998046875,5026.2001953125,5026.7998046875,98
2026-03-17 05:58:00,5026.5,5028.10009765625,5025.0,5027.2001953125,86
2026-03-17 05:59:00,5024.5,5027.10009765625,5024.2998046875,5026.39990234375,42
2026-03-17 06:00:00,5026.0,5027.0,5023.39990234375,5025.2998046875,155
2026-03-17 06:01:00,5020.7001953125,5026.7998046875,5015.5,5025.89990234375,495
2026-03-17 06:02:00,5016.2001953125,5022.39990234375,5014.0,5021.10009765625,216
2026-03-17 06:03:00,5021.60009765625,5021.60009765625,5016.5,5016.7998046875,208
2026-03-17 06:04:00,5022.2001953125,5024.0,5020.7998046875,5021.39990234375,121
2026-03-17 06:05:00,5021.0,5023.39990234375,5020.7001953125,5022.2998046875,41
2026-03-17 06:06:00,5015.0,5020.2001953125,5013.0,5020.2001953125,130
2026-03-17 06:07:00,5014.7001953125,5016.60009765625,5012.5,5014.7001953125,112
2026-03-17 06:08:00,5013.10009765625,5015.0,5012.0,5014.5,109
2026-03-17 06:09:00,5012.2001953125,5014.5,5011.60009765625,5012.7001953125,163
2026-03-17 06:10:00,5012.7001953125,5014.2998046875,5011.5,5012.10009765625,105
2026-03-17 06:11:00,5014.89990234375,5015.60009765625,5011.0,5011.5,118
2026-03-17 06:12:00,5015.39990234375,5017.5,5015.2001953125,5015.2001953125,52
2026-03-17 06:13:00,5014.60009765625,5015.89990234375,5013.60009765625,5015.89990234375,56
2026-03-17 06:14:00,5016.7001953125,5017.10009765625,5013.2001953125,5013.7998046875,99
2026-03-17 06:15:00,5016.7001953125,5017.7001953125,5015.39990234375,5017.10009765625,62
2026-03-17 06:16:00,5014.89990234375,5017.60009765625,5013.89990234375,5016.5,44
2026-03-17 06:17:00,5014.7001953125,5015.5,5014.2998046875,5015.39990234375,43
2026-03-17 06:18:00,5013.89990234375,5015.0,5011.5,5014.2001953125,52
2026-03-17 06:19:00,5016.0,5016.5,5011.2001953125,5013.10009765625,174
2026-03-17 06:20:00,5017.0,5017.60009765625,5015.0,5016.60009765625,104
2026-03-17 06:21:00,5015.89990234375,5018.60009765625,5015.7001953125,5017.5,175
2026-03-17 06:22:00,5017.7998046875,5017.7998046875,5015.60009765625,5016.2001953125,85
2026-03-17 06:23:00,5014.0,5018.0,5014.0,5017.7001953125,47
2026-03-17 06:24:00,5011.60009765625,5013.60009765625,5009.0,5013.39990234375,205
2026-03-17 06:25:00,5013.10009765625,5014.10009765625,5011.2998046875,5011.7001953125,52
2026-03-17 06:26:00,5015.39990234375,5015.7998046875,5012.60009765625,5012.7001953125,104
2026-03-17 06:27:00,5015.7998046875,5017.0,5015.39990234375,5015.60009765625,75
2026-03-17 06:28:00,5015.0,5016.7001953125,5013.89990234375,5016.0,20
2026-03-17 06:29:00,5015.89990234375,5015.89990234375,5014.89990234375,5015.0,14
2026-03-17 06:30:00,5016.60009765625,5016.60009765625,5014.2001953125,5015.60009765625,16
2026-03-17 06:31:00,5016.5,5018.2001953125,5015.7001953125,5016.60009765625,69
2026-03-17 06:32:00,5016.60009765625,5017.2998046875,5016.60009765625,5017.0,44
2026-03-17 06:33:00,5018.7001953125,5019.0,5016.89990234375,5017.10009765625,58
2026-03-17 06:34:00,5017.7001953125,5019.10009765625,5016.7998046875,5018.60009765625,45
2026-03-17 06:35:00,5017.5,5018.2998046875,5017.2998046875,5017.39990234375,41
2026-03-17 06:36:00,5017.89990234375,5017.89990234375,5017.39990234375,5017.5,9
2026-03-17 06:37:00,5018.10009765625,5018.7001953125,5017.89990234375,5017.89990234375,5
2026-03-17 06:38:00,5017.0,5017.7001953125,5015.60009765625,5017.7001953125,20
2026-03-17 06:39:00,5017.7001953125,5019.89990234375,5016.2001953125,5017.39990234375,69
2026-03-17 06:40:00,5019.0,5019.0,5017.60009765625,5017.7998046875,18
2026-03-17 06:41:00,5018.60009765625,5018.7001953125,5018.10009765625,5018.2998046875,14
2026-03-17 06:42:00,5019.60009765625,5021.10009765625,5018.7001953125,5019.0,75
2026-03-17 06:43:00,5018.5,5019.39990234375,5018.5,5019.39990234375,15
2026-03-17 06:44:00,5018.7998046875,5019.0,5016.7001953125,5018.2001953125,51
2026-03-17 06:45:00,5018.89990234375,5019.7998046875,5018.89990234375,5019.10009765625,30
2026-03-17 06:46:00,5015.2998046875,5019.10009765625,5015.2001953125,5018.60009765625,123
2026-03-17 06:47:00,5017.0,5017.0,5015.0,5015.2001953125,47
2026-03-17 06:48:00,5016.7998046875,5017.60009765625,5016.39990234375,5017.0,11
2026-03-17 06:49:00,5015.2001953125,5017.10009765625,5014.10009765625,5017.10009765625,134
2026-03-17 06:50:00,5014.5,5015.39990234375,5014.2998046875,5014.89990234375,59
2026-03-17 06:51:00,5014.10009765625,5016.2998046875,5013.89990234375,5014.7001953125,52
2026-03-17 06:52:00,5015.39990234375,5016.2998046875,5014.60009765625,5014.60009765625,43
2026-03-17 06:53:00,5014.89990234375,5015.10009765625,5014.0,5015.10009765625,97
2026-03-17 06:54:00,5014.39990234375,5014.7001953125,5014.0,5014.60009765625,29
2026-03-17 06:55:00,5015.7998046875,5015.7998046875,5014.0,5014.39990234375,49
2026-03-17 06:56:00,5015.39990234375,5016.2998046875,5015.0,5015.39990234375,85
2026-03-17 06:57:00,5015.10009765625,5015.89990234375,5014.7998046875,5015.5,54
2026-03-17 06:58:00,5013.7001953125,5014.7998046875,5012.2001953125,5014.7998046875,103
2026-03-17 06:59:00,5013.89990234375,5015.7998046875,5013.2001953125,5013.89990234375,100
2026-03-17 07:00:00,5015.7998046875,5016.2001953125,5013.10009765625,5013.7001953125,102
2026-03-17 07:01:00,5015.89990234375,5016.0,5013.39990234375,5015.39990234375,66
2026-03-17 07:02:00,5018.2001953125,5018.60009765625,5015.10009765625,5015.89990234375,120
2026-03-17 07:03:00,5016.39990234375,5018.5,5016.2001953125,5017.89990234375,75
2026-03-17 07:04:00,5016.7998046875,5018.7001953125,5015.60009765625,5016.2001953125,132
2026-03-17 07:05:00,5017.7001953125,5018.39990234375,5016.7998046875,5017.0,192
2026-03-17 07:06:00,5018.2001953125,5018.5,5017.2998046875,5017.89990234375,60
2026-03-17 07:07:00,5020.7001953125,5020.7998046875,5018.60009765625,5018.7001953125,107
2026-03-17 07:08:00,5016.60009765625,5021.10009765625,5016.39990234375,5020.60009765625,208
2026-03-17 07:09:00,5016.2001953125,5017.2001953125,5016.2001953125,5016.5,23
2026-03-17 07:10:00,5016.2001953125,5017.7998046875,5015.89990234375,5016.10009765625,45
2026-03-17 07:11:00,5017.7998046875,5018.7001953125,5015.2998046875,5016.89990234375,80
2026-03-17 07:12:00,5017.5,5019.0,5017.5,5018.10009765625,94
2026-03-17 07:13:00,5018.39990234375,5018.7998046875,5018.0,5018.0,15
2026-03-17 07:14:00,5018.2998046875,5019.2001953125,5018.2998046875,5018.60009765625,28
2026-03-17 07:15:00,5017.89990234375,5019.10009765625,5017.89990234375,5018.10009765625,37
2026-03-17 07:16:00,5018.10009765625,5018.10009765625,5017.2001953125,5017.89990234375,20
2026-03-17 07:17:00,5017.89990234375,5018.10009765625,5017.60009765625,5018.10009765625,6
2026-03-17 07:18:00,5015.7001953125,5017.5,5015.60009765625,5017.5,60
2026-03-17 07:19:00,5016.0,5016.5,5014.39990234375,5015.7001953125,104
2026-03-17 07:20:00,5014.5,5016.39990234375,5013.39990234375,5016.39990234375,43
2026-03-17 07:21:00,5014.2998046875,5014.7001953125,5013.0,5014.2001953125,124
2026-03-17 07:22:00,5014.5,5016.2001953125,5013.39990234375,5014.0,107
2026-03-17 07:23:00,5015.5,5015.60009765625,5014.39990234375,5015.0,42
2026-03-17 07:24:00,5018.2001953125,5018.39990234375,5014.2001953125,5015.60009765625,204
2026-03-17 07:25:00,5018.0,5019.10009765625,5017.7001953125,5017.7001953125,42
2026-03-17 07:26:00,5020.5,5020.89990234375,5017.2001953125,5017.7998046875,80
2026-03-17 07:27:00,5021.10009765625,5022.89990234375,5020.7001953125,5020.7001953125,84
2026-03-17 07:28:00,5020.2001953125,5021.39990234375,5019.7001953125,5021.10009765625,102
2026-03-17 07:29:00,5020.60009765625,5020.60009765625,5019.89990234375,5020.2001953125,39
2026-03-17 07:30:00,5023.60009765625,5024.0,5020.2001953125,5020.5,139
2026-03-17 07:31:00,5024.2001953125,5025.89990234375,5021.5,5023.7998046875,146
2026-03-17 07:32:00,5026.2001953125,5026.7001953125,5024.0,5024.10009765625,75
2026-03-17 07:33:00,5026.5,5026.7998046875,5025.10009765625,5026.60009765625,57
2026-03-17 07:34:00,5028.10009765625,5028.2001953125,5025.39990234375,5027.0,121
2026-03-17 07:35:00,5028.7998046875,5029.10009765625,5028.0,5028.2998046875,45
2026-03-17 07:36:00,5028.2001953125,5029.39990234375,5028.10009765625,5028.7998046875,24
2026-03-17 07:37:00,5028.5,5028.89990234375,5027.60009765625,5028.0,70
2026-03-17 07:38:00,5030.60009765625,5030.89990234375,5027.2001953125,5028.2001953125,197
2026-03-17 07:39:00,5030.89990234375,5031.39990234375,5029.60009765625,5030.7998046875,51
2026-03-17 07:40:00,5031.10009765625,5031.89990234375,5030.7998046875,5030.7998046875,69
2026-03-17 07:41:00,5029.0,5031.2998046875,5027.39990234375,5030.7998046875,215
2026-03-17 07:42:00,5027.7998046875,5030.0,5027.7998046875,5029.10009765625,44
2026-03-17 07:43:00,5027.7998046875,5028.0,5027.0,5027.7998046875,45
2026-03-17 07:44:00,5026.7998046875,5027.7998046875,5025.7001953125,5027.5,68
2026-03-17 07:45:00,5026.10009765625,5027.10009765625,5025.60009765625,5027.10009765625,31
2026-03-17 07:46:00,5026.7998046875,5027.2001953125,5025.2001953125,5026.2998046875,64
2026-03-17 07:47:00,5026.89990234375,5027.89990234375,5026.39990234375,5026.39990234375,47
2026-03-17 07:48:00,5027.39990234375,5027.7998046875,5027.2001953125,5027.5,25
2026-03-17 07:49:00,5027.10009765625,5029.2998046875,5026.2998046875,5027.7998046875,50
2026-03-17 07:50:00,5026.89990234375,5027.10009765625,5026.39990234375,5026.89990234375,15
2026-03-17 07:51:00,5026.2998046875,5027.10009765625,5025.7998046875,5026.60009765625,59
2026-03-17 07:52:00,5024.7001953125,5026.2998046875,5024.0,5026.2998046875,47
2026-03-17 07:53:00,5023.39990234375,5024.7998046875,5022.7998046875,5024.5,137
2026-03-17 07:54:00,5023.7001953125,5024.10009765625,5021.10009765625,5023.39990234375,87
2026-03-17 07:55:00,5024.7001953125,5025.10009765625,5023.39990234375,5024.0,70
2026-03-17 07:56:00,5025.5,5025.7998046875,5024.2998046875,5025.0,105
2026-03-17 07:57:00,5025.5,5026.89990234375,5025.2998046875,5025.7001953125,58
2026-03-17 07:58:00,5025.60009765625,5025.7998046875,5025.10009765625,5025.39990234375,38
2026-03-17 07:59:00,5025.0,5025.7001953125,5024.7998046875,5025.39990234375,42
2026-03-17 08:00:00,5027.5,5027.5,5023.89990234375,5025.2001953125,164
2026-03-17 08:01:00,5028.2001953125,5029.10009765625,5027.2998046875,5027.39990234375,78
2026-03-17 08:02:00,5027.5,5028.7001953125,5027.0,5027.7001953125,86
2026-03-17 08:03:00,5027.2001953125,5027.7001953125,5026.89990234375,5027.0,38
2026-03-17 08:04:00,5027.5,5028.0,5025.7998046875,5027.39990234375,90
2026-03-17 08:05:00,5027.89990234375,5028.10009765625,5026.5,5027.7998046875,94
2026-03-17 08:06:00,5027.10009765625,5029.7998046875,5025.7998046875,5028.2001953125,168
2026-03-17 08:07:00,5027.2001953125,5027.39990234375,5026.60009765625,5027.39990234375,35
2026-03-17 08:08:00,5026.60009765625,5028.89990234375,5025.60009765625,5027.7001953125,182
2026-03-17 08:09:00,5025.0,5026.7001953125,5022.5,5026.39990234375,83
2026-03-17 08:10:00,5027.5,5027.5,5024.89990234375,5025.0,75
2026-03-17 08:11:00,5025.39990234375,5028.0,5024.89990234375,5027.7001953125,102
2026-03-17 08:12:00,5025.0,5026.89990234375,5024.89990234375,5025.7001953125,52
2026-03-17 08:13:00,5025.2998046875,5025.5,5024.60009765625,5024.60009765625,46
2026-03-17 08:14:00,5025.7001953125,5025.7001953125,5023.60009765625,5024.89990234375,29
2026-03-17 08:15:00,5026.0,5026.60009765625,5024.5,5025.10009765625,43
2026-03-17 08:16:00,5027.5,5027.7998046875,5026.5,5026.60009765625,43
2026-03-17 08:17:00,5028.7001953125,5028.7998046875,5027.7001953125,5027.89990234375,34
2026-03-17 08:18:00,5028.7998046875,5028.89990234375,5027.7998046875,5027.89990234375,54
2026-03-17 08:19:00,5029.7998046875,5030.2001953125,5028.0,5028.5,76
2026-03-17 08:20:00,5030.2998046875,5030.7001953125,5029.39990234375,5030.10009765625,90
2026-03-17 08:21:00,5032.2998046875,5033.5,5030.2001953125,5030.7001953125,143
2026-03-17 08:22:00,5028.89990234375,5032.2001953125,5027.2001953125,5032.2001953125,177
2026-03-17 08:23:00,5027.10009765625,5028.89990234375,5027.10009765625,5028.7998046875,58
2026-03-17 08:24:00,5024.7001953125,5027.60009765625,5024.7001953125,5027.60009765625,78
2026-03-17 08:25:00,5026.89990234375,5027.10009765625,5024.7998046875,5024.7998046875,32
2026-03-17 08:26:00,5027.0,5029.0,5026.60009765625,5026.89990234375,132
2026-03-17 08:27:00,5025.2998046875,5027.2001953125,5024.89990234375,5027.2001953125,49
2026-03-17 08:28:00,5024.2001953125,5025.7998046875,5023.10009765625,5025.10009765625,66
2026-03-17 08:29:00,5025.2001953125,5025.89990234375,5024.0,5024.0,121
2026-03-17 08:30:00,5024.2001953125,5025.2998046875,5023.7998046875,5025.2998046875,47
2026-03-17 08:31:00,5024.2001953125,5024.39990234375,5023.2001953125,5023.89990234375,10
2026-03-17 08:32:00,5025.5,5025.5,5024.10009765625,5024.10009765625,57
2026-03-17 08:33:00,5027.0,5027.10009765625,5025.2001953125,5025.2001953125,78
2026-03-17 08:34:00,5026.39990234375,5026.7998046875,5025.60009765625,5026.60009765625,34
2026-03-17 08:35:00,5023.60009765625,5025.89990234375,5022.89990234375,5025.89990234375,131
2026-03-17 08:36:00,5024.0,5025.10009765625,5023.10009765625,5023.39990234375,125
2026-03-17 08:37:00,5024.60009765625,5025.0,5023.60009765625,5024.0,75
2026-03-17 08:38:00,5024.7001953125,5024.89990234375,5024.0,5024.7998046875,22
2026-03-17 08:39:00,5026.5,5026.7998046875,5024.89990234375,5025.10009765625,52
2026-03-17 08:40:00,5025.60009765625,5026.5,5023.7001953125,5026.5,87
2026-03-17 08:41:00,5026.7998046875,5026.89990234375,5025.2001953125,5026.0,42
2026-03-17 08:42:00,5027.5,5028.10009765625,5026.89990234375,5027.0,43
2026-03-17 08:43:00,5028.10009765625,5029.39990234375,5027.2001953125,5028.10009765625,105
2026-03-17 08:44:00,5026.0,5028.89990234375,5026.0,5028.2001953125,47
2026-03-17 08:45:00,5024.60009765625,5026.39990234375,5022.2998046875,5026.39990234375,96
2026-03-17 08:46:00,5023.2998046875,5025.7998046875,5023.2998046875,5025.0,41
2026-03-17 08:47:00,5026.10009765625,5026.10009765625,5024.10009765625,5024.2001953125,48
2026-03-17 08:48:00,5027.2998046875,5028.10009765625,5026.39990234375,5026.5,84
2026-03-17 08:49:00,5027.5,5027.89990234375,5027.0,5027.5,28
2026-03-17 08:50:00,5028.0,5028.5,5027.0,5027.39990234375,80
2026-03-17 08:51:00,5026.39990234375,5028.2001953125,5026.39990234375,5027.7001953125,66
2026-03-17 08:52:00,5025.60009765625,5026.60009765625,5025.60009765625,5026.5,21
2026-03-17 08:53:00,5026.60009765625,5026.60009765625,5024.89990234375,5025.39990234375,44
2026-03-17 08:54:00,5027.7001953125,5028.2001953125,5026.60009765625,5026.7001953125,45
2026-03-17 08:55:00,5027.39990234375,5029.5,5027.10009765625,5027.5,63
2026-03-17 08:56:00,5026.7001953125,5027.7001953125,5025.39990234375,5027.60009765625,91
2026-03-17 08:57:00,5026.2998046875,5027.39990234375,5025.60009765625,5026.2998046875,136
2026-03-17 08:58:00,5026.0,5027.39990234375,5025.7998046875,5026.39990234375,53
2026-03-17 08:59:00,5029.0,5029.7001953125,5026.0,5026.5,144
2026-03-17 09:00:00,5029.7001953125,5030.2998046875,5028.5,5029.2001953125,169
2026-03-17 09:01:00,5027.7998046875,5029.2998046875,5027.60009765625,5029.2001953125,55
2026-03-17 09:02:00,5026.39990234375,5027.5,5026.10009765625,5027.5,24
2026-03-17 09:03:00,5025.0,5027.2001953125,5025.0,5026.5,68
2026-03-17 09:04:00,5024.39990234375,5025.2001953125,5023.2998046875,5024.7001953125,139
2026-03-17 09:05:00,5025.60009765625,5025.60009765625,5024.10009765625,5024.39990234375,68
2026-03-17 09:06:00,5022.2998046875,5025.5,5022.2998046875,5025.39990234375,71
2026-03-17 09:07:00,5023.2998046875,5023.2998046875,5021.39990234375,5022.0,82
2026-03-17 09:08:00,5021.60009765625,5023.5,5020.2998046875,5023.10009765625,82
2026-03-17 09:09:00,5022.60009765625,5022.60009765625,5020.7998046875,5021.10009765625,35
2026-03-17 09:10:00,5021.2998046875,5023.10009765625,5020.2998046875,5022.39990234375,91
2026-03-17 09:11:00,5021.7001953125,5022.0,5020.7998046875,5021.5,70
2026-03-17 09:12:00,5021.89990234375,5023.39990234375,5019.2998046875,5021.89990234375,175
2026-03-17 09:13:00,5019.7001953125,5022.2998046875,5019.7001953125,5022.0,96
2026-03-17 09:14:00,5018.2001953125,5020.39990234375,5017.7001953125,5019.7001953125,257
2026-03-17 09:15:00,5020.39990234375,5021.7998046875,5016.39990234375,5018.2998046875,355
2026-03-17 09:16:00,5020.39990234375,5020.60009765625,5019.89990234375,5019.89990234375,35
2026-03-17 09:17:00,5018.7001953125,5021.7998046875,5018.0,5020.5,76
2026-03-17 09:18:00,5018.89990234375,5019.60009765625,5017.10009765625,5018.7998046875,133
2026-03-17 09:19:00,5018.60009765625,5019.2001953125,5018.39990234375,5019.2001953125,41
2026-03-17 09:20:00,5018.7001953125,5018.89990234375,5017.7998046875,5018.89990234375,38
2026-03-17 09:21:00,5021.0,5021.39990234375,5019.0,5019.10009765625,101
2026-03-17 09:22:00,5021.7998046875,5022.2998046875,5019.7998046875,5020.60009765625,227
2026-03-17 09:23:00,5021.5,5022.39990234375,5021.10009765625,5021.7998046875,66
2026-03-17 09:24:00,5020.0,5021.89990234375,5019.60009765625,5021.7998046875,95
2026-03-17 09:25:00,5022.60009765625,5022.60009765625,5019.5,5020.2001953125,41
2026-03-17 09:26:00,5021.5,5023.0,5021.5,5022.39990234375,50
2026-03-17 09:27:00,5022.39990234375,5023.10009765625,5021.39990234375,5021.5,52
2026-03-17 09:28:00,5022.2998046875,5023.60009765625,5022.2998046875,5022.7001953125,47
2026-03-17 09:29:00,5022.10009765625,5023.7998046875,5021.7998046875,5022.39990234375,75
2026-03-17 09:30:00,5021.7001953125,5022.7998046875,5021.39990234375,5021.5,62
2026-03-17 09:31:00,5020.2998046875,5022.2998046875,5020.2998046875,5021.5,100
2026-03-17 09:32:00,5019.7001953125,5020.0,5019.0,5019.89990234375,21
2026-03-17 09:33:00,5018.0,5020.7998046875,5018.0,5019.7998046875,32
2026-03-17 09:34:00,5019.2001953125,5019.39990234375,5017.5,5018.2001953125,45
2026-03-17 09:35:00,5017.39990234375,5018.7001953125,5016.89990234375,5018.7001953125,91
2026-03-17 09:36:00,5018.60009765625,5018.7001953125,5017.60009765625,5017.60009765625,83
2026-03-17 09:37:00,5019.0,5019.5,5017.89990234375,5018.5,87
2026-03-17 09:38:00,5019.89990234375,5020.10009765625,5018.39990234375,5018.39990234375,55
2026-03-17 09:39:00,5019.0,5020.7998046875,5018.2001953125,5020.10009765625,91
2026-03-17 09:40:00,5016.2998046875,5019.2998046875,5015.60009765625,5019.2001953125,119
2026-03-17 09:41:00,5016.5,5016.7998046875,5015.2001953125,5016.2998046875,64
2026-03-17 09:42:00,5016.39990234375,5017.7998046875,5016.39990234375,5016.89990234375,36
2026-03-17 09:43:00,5017.2998046875,5017.89990234375,5016.7001953125,5016.7001953125,42
2026-03-17 09:44:00,5018.5,5019.0,5016.7998046875,5016.89990234375,100
2026-03-17 09:45:00,5018.60009765625,5018.60009765625,5017.60009765625,5018.10009765625,45
2026-03-17 09:46:00,5018.2998046875,5019.2998046875,5017.2998046875,5018.7001953125,33
2026-03-17 09:47:00,5018.2998046875,5020.0,5018.0,5019.5,23
2026-03-17 09:48:00,5018.60009765625,5019.0,5018.5,5018.5,31
2026-03-17 09:49:00,5017.89990234375,5018.60009765625,5017.2998046875,5017.7001953125,66
2026-03-17 09:50:00,5017.5,5018.10009765625,5016.89990234375,5018.0,45
2026-03-17 09:51:00,5017.0,5018.39990234375,5017.0,5017.7001953125,50
2026-03-17 09:52:00,5017.60009765625,5017.7001953125,5017.2001953125,5017.2998046875,28
2026-03-17 09:53:00,5017.5,5018.2001953125,5016.7998046875,5017.60009765625,70
2026-03-17 09:54:00,5017.7001953125,5017.89990234375,5016.7998046875,5017.60009765625,43
2026-03-17 09:55:00,5017.2001953125,5018.39990234375,5017.2001953125,5017.5,34
2026-03-17 09:56:00,5016.7998046875,5017.2001953125,5014.7001953125,5017.2001953125,135
2026-03-17 09:57:00,5017.39990234375,5017.7001953125,5016.10009765625,5016.7001953125,81
2026-03-17 09:58:00,5016.89990234375,5017.60009765625,5016.60009765625,5017.39990234375,48
2026-03-17 09:59:00,5014.7001953125,5017.2001953125,5014.39990234375,5017.0,104
2026-03-17 10:00:00,5015.60009765625,5015.89990234375,5013.0,5014.7001953125,162
2026-03-17 10:01:00,5017.5,5018.2001953125,5014.7998046875,5015.2998046875,147
2026-03-17 10:02:00,5019.2001953125,5020.7001953125,5017.89990234375,5017.89990234375,78
2026-03-17 10:03:00,5014.0,5018.60009765625,5013.5,5018.60009765625,375
2026-03-17 10:04:00,5013.7001953125,5014.39990234375,5011.60009765625,5014.10009765625,98
2026-03-17 10:05:00,5013.60009765625,5013.60009765625,5012.2998046875,5013.2001953125,36
2026-03-17 10:06:00,5008.7998046875,5015.2001953125,5008.0,5013.5,238
2026-03-17 10:07:00,5009.0,5010.10009765625,5006.39990234375,5009.10009765625,134
2026-03-17 10:08:00,5006.7001953125,5010.2001953125,5006.7001953125,5009.2998046875,116
2026-03-17 10:09:00,5005.7001953125,5009.60009765625,5005.39990234375,5007.0,96
2026-03-17 10:10:00,5008.0,5008.60009765625,5006.10009765625,5006.10009765625,84
2026-03-17 10:11:00,5009.0,5010.10009765625,5008.2001953125,5008.2001953125,72
2026-03-17 10:12:00,5009.0,5009.0,5007.7998046875,5008.39990234375,31
2026-03-17 10:13:00,5009.2001953125,5009.60009765625,5008.5,5008.60009765625,316
2026-03-17 10:14:00,5008.2998046875,5008.7998046875,5008.0,5008.7998046875,396
2026-03-17 10:15:00,5008.7001953125,5010.60009765625,5007.5,5008.2001953125,225
2026-03-17 10:16:00,5009.60009765625,5011.10009765625,5008.5,5008.5,109
2026-03-17 10:17:00,5009.2001953125,5010.10009765625,5008.39990234375,5009.89990234375,88
2026-03-17 10:18:00,5008.2001953125,5010.2998046875,5008.2001953125,5008.7998046875,77
2026-03-17 10:19:00,5009.7998046875,5010.2001953125,5007.7998046875,5008.10009765625,103
2026-03-17 10:20:00,5008.7001953125,5009.7998046875,5008.60009765625,5009.7001953125,29
2026-03-17 10:21:00,5010.2998046875,5011.0,5008.7998046875,5008.89990234375,96
2026-03-17 10:22:00,5010.7998046875,5010.7998046875,5010.10009765625,5010.5,15
2026-03-17 10:23:00,5011.2998046875,5012.10009765625,5010.60009765625,5011.0,35
2026-03-17 10:24:00,5012.2998046875,5012.2998046875,5010.7001953125,5011.60009765625,31
2026-03-17 10:25:00,5011.39990234375,5012.5,5011.39990234375,5012.39990234375,31
2026-03-17 10:26:00,5012.7998046875,5013.5,5011.7001953125,5012.0,45
2026-03-17 10:27:00,5011.7001953125,5013.2001953125,5011.7001953125,5012.89990234375,48
2026-03-17 10:28:00,5008.10009765625,5011.7998046875,5008.10009765625,5011.7998046875,197
2026-03-17 10:29:00,5008.10009765625,5008.60009765625,5005.7001953125,5008.60009765625,144
2026-03-17 10:30:00,5010.7998046875,5012.0,5006.0,5007.7998046875,395
2026-03-17 10:31:00,5012.0,5014.10009765625,5011.0,5011.0,187
2026-03-17 10:32:00,5011.2998046875,5011.7998046875,5009.2001953125,5011.7001953125,204
2026-03-17 10:33:00,5009.60009765625,5011.7998046875,5008.60009765625,5011.2001953125,187
2026-03-17 10:34:00,5008.39990234375,5010.7998046875,5008.39990234375,5009.89990234375,54
2026-03-17 10:35:00,5007.60009765625,5009.39990234375,5006.10009765625,5008.39990234375,153
2026-03-17 10:36:00,5007.2001953125,5008.7001953125,5006.2998046875,5007.2001953125,382
2026-03-17 10:37:00,5006.5,5007.2998046875,5006.0,5006.7998046875,35
2026-03-17 10:38:00,5005.5,5007.0,5005.0,5006.10009765625,86
2026-03-17 10:39:00,5003.10009765625,5006.89990234375,5002.7001953125,5005.60009765625,141
2026-03-17 10:40:00,5003.60009765625,5004.5,5001.10009765625,5002.89990234375,147
2026-03-17 10:41:00,5001.7998046875,5003.7998046875,5001.0,5003.7998046875,102
2026-03-17 10:42:00,4996.2001953125,5003.60009765625,4994.7998046875,5001.60009765625,349
2026-03-17 10:43:00,4999.7998046875,5000.10009765625,4996.0,4996.0,361
2026-03-17 10:44:00,5003.2001953125,5004.39990234375,4999.2001953125,4999.5,195
2026-03-17 10:45:00,5003.89990234375,5004.7001953125,4999.0,5002.7998046875,262
2026-03-17 10:46:00,5003.0,5005.2998046875,5002.7001953125,5003.89990234375,84
2026-03-17 10:47:00,5004.10009765625,5005.2998046875,5003.2001953125,5003.39990234375,78
2026-03-17 10:48:00,5003.10009765625,5004.0,5002.60009765625,5003.89990234375,71
2026-03-17 10:49:00,5001.89990234375,5004.7001953125,5001.5,5002.7998046875,102
2026-03-17 10:50:00,5003.39990234375,5003.7998046875,5001.60009765625,5002.10009765625,109
2026-03-17 10:51:00,5005.2998046875,5005.2998046875,5003.10009765625,5003.39990234375,41
2026-03-17 10:52:00,5006.60009765625,5007.0,5005.7001953125,5005.7001953125,69
2026-03-17 10:53:00,5007.7998046875,5007.7998046875,5006.2001953125,5006.7001953125,48
2026-03-17 10:54:00,5007.39990234375,5008.89990234375,5006.7998046875,5007.7001953125,65
2026-03-17 10:55:00,5006.7001953125,5007.7998046875,5006.0,5007.2001953125,120
2026-03-17 10:56:00,5006.2001953125,5008.2998046875,5006.0,5007.5,85
2026-03-17 10:57:00,5003.60009765625,5006.2998046875,5003.10009765625,5006.2998046875,107
2026-03-17 10:58:00,5004.60009765625,5004.7001953125,5003.0,5003.5,76
2026-03-17 10:59:00,5004.39990234375,5005.7998046875,5004.10009765625,5004.7001953125,202
2026-03-17 11:00:00,5002.39990234375,5004.7998046875,5001.0,5004.0,195
2026-03-17 11:01:00,5002.2001953125,5003.7001953125,5001.2001953125,5002.0,67
2026-03-17 11:02:00,5004.39990234375,5005.60009765625,5002.10009765625,5002.2001953125,95
2026-03-17 11:03:00,5005.5,5005.5,5003.89990234375,5004.2998046875,119
2026-03-17 11:04:00,5005.7998046875,5006.39990234375,5004.7998046875,5005.2998046875,52
2026-03-17 11:05:00,5004.5,5006.39990234375,5004.2001953125,5005.89990234375,56
2026-03-17 11:06:00,5005.5,5006.10009765625,5003.89990234375,5004.5,92
2026-03-17 11:07:00,5006.2998046875,5006.39990234375,5003.89990234375,5005.39990234375,34
2026-03-17 11:08:00,5008.0,5008.0,5006.0,5006.10009765625,33
2026-03-17 11:09:00,5007.7998046875,5008.39990234375,5007.2998046875,5007.7998046875,69
2026-03-17 11:10:00,5008.7001953125,5008.7001953125,5007.10009765625,5007.7998046875,60
2026-03-17 11:11:00,5008.7998046875,5010.2998046875,5008.2998046875,5008.89990234375,172
2026-03-17 11:12:00,5008.7001953125,5009.7998046875,5008.0,5008.7998046875,75
2026-03-17 11:13:00,5007.0,5008.60009765625,5006.89990234375,5008.39990234375,57
2026-03-17 11:14:00,5009.10009765625,5009.10009765625,5007.0,5007.2001953125,62
2026-03-17 11:15:00,5010.0,5010.89990234375,5009.39990234375,5009.39990234375,70
2026-03-17 11:16:00,5011.7001953125,5011.7001953125,5009.10009765625,5009.89990234375,93
2026-03-17 11:17:00,5011.2001953125,5012.60009765625,5010.7998046875,5011.7001953125,54
2026-03-17 11:18:00,5012.10009765625,5014.39990234375,5011.2001953125,5011.2001953125,117
2026-03-17 11:19:00,5011.7998046875,5013.2001953125,5011.7998046875,5012.7001953125,138
2026-03-17 11:20:00,5011.39990234375,5012.2001953125,5010.7001953125,5011.89990234375,123
2026-03-17 11:21:00,5011.5,5011.7001953125,5011.0,5011.39990234375,50
2026-03-17 11:22:00,5011.2998046875,5011.89990234375,5010.7998046875,5011.7001953125,30
2026-03-17 11:23:00,5012.2998046875,5012.39990234375,5011.2001953125,5011.39990234375,26
2026-03-17 11:24:00,5013.7998046875,5014.0,5012.7001953125,5012.7001953125,45
2026-03-17 11:25:00,5013.7001953125,5014.0,5013.2001953125,5013.89990234375,104
2026-03-17 11:26:00,5012.39990234375,5013.5,5012.39990234375,5013.5,19
2026-03-17 11:27:00,5011.5,5012.39990234375,5011.2001953125,5012.2001953125,31
2026-03-17 11:28:00,5011.10009765625,5011.5,5011.0,5011.2998046875,8
2026-03-17 11:29:00,5011.39990234375,5011.7001953125,5011.0,5011.5,46
2026-03-17 11:30:00,5011.7998046875,5012.60009765625,5011.39990234375,5011.5,32
2026-03-17 11:31:00,5011.2001953125,5012.0,5011.10009765625,5011.89990234375,43
2026-03-17 11:32:00,5010.7001953125,5011.60009765625,5010.60009765625,5011.39990234375,25
2026-03-17 11:33:00,5011.2998046875,5011.7001953125,5010.5,5010.89990234375,30
2026-03-17 11:34:00,5008.60009765625,5010.7001953125,5008.5,5010.60009765625,109
2026-03-17 11:35:00,5009.60009765625,5009.7001953125,5008.2998046875,5008.60009765625,41
2026-03-17 11:36:00,5010.2998046875,5010.5,5009.60009765625,5009.60009765625,62
2026-03-17 11:37:00,5011.0,5011.39990234375,5009.7998046875,5010.10009765625,24
2026-03-17 11:38:00,5012.0,5012.0,5010.7998046875,5011.10009765625,51
2026-03-17 11:39:00,5012.5,5012.89990234375,5011.7001953125,5012.10009765625,21
2026-03-17 11:40:00,5012.7001953125,5013.2998046875,5012.5,5012.5,36
2026-03-17 11:41:00,5012.2001953125,5013.10009765625,5011.7001953125,5013.10009765625,44
2026-03-17 11:42:00,5011.7998046875,5012.0,5011.5,5011.7998046875,108
2026-03-17 11:43:00,5011.7001953125,5011.7998046875,5011.39990234375,5011.7001953125,5
2026-03-17 11:44:00,5013.7998046875,5014.2998046875,5011.89990234375,5011.89990234375,42
2026-03-17 11:45:00,5015.2001953125,5016.10009765625,5013.89990234375,5013.89990234375,121
2026-03-17 11:46:00,5014.2998046875,5015.0,5013.60009765625,5015.0,34
2026-03-17 11:47:00,5014.2998046875,5014.2998046875,5013.2998046875,5013.89990234375,59
2026-03-17 11:48:00,5014.5,5015.0,5013.89990234375,5014.0,105
2026-03-17 11:49:00,5014.0,5014.2998046875,5013.7001953125,5014.2998046875,21
2026-03-17 11:50:00,5013.39990234375,5014.2998046875,5013.2998046875,5014.10009765625,133
2026-03-17 11:51:00,5013.7998046875,5013.7998046875,5012.60009765625,5013.10009765625,18
2026-03-17 11:52:00,5011.89990234375,5013.10009765625,5011.39990234375,5013.10009765625,58
2026-03-17 11:53:00,5011.0,5011.60009765625,5010.2998046875,5011.60009765625,103
2026-03-17 11:54:00,5011.2001953125,5011.7001953125,5010.60009765625,5010.89990234375,26
2026-03-17 11:55:00,5011.10009765625,5011.10009765625,5010.7001953125,5010.7001953125,14
2026-03-17 11:56:00,5010.10009765625,5011.39990234375,5009.60009765625,5011.39990234375,28
2026-03-17 11:57:00,5008.89990234375,5010.0,5007.60009765625,5009.5,180
2026-03-17 11:58:00,5008.7998046875,5009.60009765625,5008.2998046875,5009.10009765625,78
2026-03-17 11:59:00,5007.2998046875,5008.5,5006.2001953125,5008.5,287
2026-03-17 12:00:00,5006.60009765625,5007.2001953125,5004.89990234375,5007.0,424
2026-03-17 12:01:00,5003.5,5006.10009765625,5003.2998046875,5006.0,119
2026-03-17 12:02:00,5004.7998046875,5004.7998046875,5003.2998046875,5003.7998046875,63
2026-03-17 12:03:00,5006.2998046875,5006.60009765625,5004.2001953125,5004.39990234375,81
2026-03-17 12:04:00,5008.60009765625,5009.2001953125,5005.7001953125,5005.89990234375,218
2026-03-17 12:05:00,5006.89990234375,5008.7001953125,5006.5,5008.2998046875,49
2026-03-17 12:06:00,5009.10009765625,5009.10009765625,5005.60009765625,5007.0,103
2026-03-17 12:07:00,5010.10009765625,5010.60009765625,5008.39990234375,5009.10009765625,119
2026-03-17 12:08:00,5011.7998046875,5012.5,5010.39990234375,5010.5,58
2026-03-17 12:09:00,5011.5,5012.2998046875,5011.39990234375,5011.60009765625,40
2026-03-17 12:10:00,5013.0,5014.39990234375,5011.7001953125,5012.0,139
2026-03-17 12:11:00,5012.39990234375,5013.5,5011.7998046875,5013.39990234375,51
2026-03-17 12:12:00,5013.2998046875,5013.7001953125,5011.89990234375,5012.2001953125,48
2026-03-17 12:13:00,5013.2998046875,5014.10009765625,5012.89990234375,5013.60009765625,78
2026-03-17 12:14:00,5013.0,5013.7998046875,5012.2998046875,5013.5,47
2026-03-17 12:15:00,5015.89990234375,5017.2001953125,5013.39990234375,5013.39990234375,199
2026-03-17 12:16:00,5013.5,5015.89990234375,5013.0,5015.39990234375,84
2026-03-17 12:17:00,5015.5,5015.5,5013.2001953125,5013.5,31
2026-03-17 12:18:00,5013.7001953125,5015.7998046875,5013.7001953125,5015.2998046875,71
2026-03-17 12:19:00,5017.7001953125,5018.2001953125,5013.89990234375,5014.2001953125,50
2026-03-17 12:20:00,5020.2001953125,5020.39990234375,5017.0,5017.7998046875,191
2026-03-17 12:21:00,5020.39990234375,5023.39990234375,5019.5,5020.2001953125,364
2026-03-17 12:22:00,5020.2001953125,5020.60009765625,5019.2998046875,5020.10009765625,72
2026-03-17 12:23:00,5019.7001953125,5020.39990234375,5019.7001953125,5020.10009765625,54
2026-03-17 12:24:00,5020.60009765625,5020.7001953125,5019.60009765625,5020.0,75
2026-03-17 12:25:00,5021.39990234375,5022.10009765625,5020.0,5020.39990234375,112
2026-03-17 12:26:00,5021.7998046875,5023.10009765625,5020.2001953125,5021.2001953125,144
2026-03-17 12:27:00,5023.0,5023.39990234375,5021.5,5021.89990234375,234
2026-03-17 12:28:00,5024.7998046875,5025.5,5022.89990234375,5022.89990234375,340
2026-03-17 12:29:00,5024.89990234375,5025.2001953125,5023.2001953125,5025.10009765625,119
2026-03-17 12:30:00,5026.5,5026.60009765625,5023.60009765625,5025.0,181
2026-03-17 12:31:00,5026.2998046875,5026.60009765625,5024.60009765625,5026.5,137
2026-03-17 12:32:00,5025.7001953125,5027.60009765625,5025.39990234375,5026.39990234375,163
2026-03-17 12:33:00,5027.7001953125,5027.7998046875,5024.7998046875,5025.7001953125,186
2026-03-17 12:34:00,5026.2998046875,5027.7001953125,5024.7001953125,5027.5,310
2026-03-17 12:35:00,5027.2998046875,5029.0,5026.0,5026.5,175
2026-03-17 12:36:00,5024.7001953125,5027.39990234375,5024.39990234375,5027.0,186
2026-03-17 12:37:00,5023.10009765625,5025.2001953125,5022.7998046875,5025.2001953125,199
2026-03-17 12:38:00,5023.2998046875,5023.5,5022.39990234375,5023.10009765625,246
2026-03-17 12:39:00,5022.60009765625,5023.60009765625,5021.2001953125,5023.2001953125,161
2026-03-17 12:40:00,5022.7998046875,5022.7998046875,5021.7001953125,5022.5,46
2026-03-17 12:41:00,5021.89990234375,5023.10009765625,5021.7998046875,5022.60009765625,85
2026-03-17 12:42:00,5023.0,5023.60009765625,5022.2001953125,5022.2998046875,75
2026-03-17 12:43:00,5022.60009765625,5023.39990234375,5022.39990234375,5023.2001953125,43
2026-03-17 12:44:00,5022.39990234375,5023.5,5021.60009765625,5022.39990234375,79
2026-03-17 12:45:00,5021.5,5023.0,5021.2998046875,5023.0,101
2026-03-17 12:46:00,5019.0,5021.7001953125,5018.60009765625,5021.39990234375,126
2026-03-17 12:47:00,5017.60009765625,5019.2001953125,5016.60009765625,5019.2001953125,353
2026-03-17 12:48:00,5016.5,5017.39990234375,5014.89990234375,5017.2998046875,159
2026-03-17 12:49:00,5016.89990234375,5018.2001953125,5015.89990234375,5016.60009765625,196
2026-03-17 12:50:00,5016.60009765625,5017.7998046875,5015.89990234375,5016.60009765625,89
2026-03-17 12:51:00,5015.0,5016.7998046875,5014.7001953125,5016.39990234375,96
2026-03-17 12:52:00,5016.2998046875,5018.0,5015.2001953125,5015.2001953125,113
2026-03-17 12:53:00,5017.5,5019.2001953125,5016.39990234375,5016.60009765625,223
2026-03-17 12:54:00,5017.5,5018.2001953125,5016.2001953125,5017.7998046875,65
2026-03-17 12:55:00,5016.39990234375,5018.0,5016.2998046875,5017.60009765625,89
2026-03-17 12:56:00,5017.5,5018.60009765625,5015.89990234375,5016.2998046875,162
2026-03-17 12:57:00,5016.2001953125,5017.60009765625,5015.89990234375,5017.5,103
2026-03-17 12:58:00,5016.7998046875,5016.7998046875,5015.7998046875,5016.10009765625,69
2026-03-17 12:59:00,5016.2998046875,5017.7001953125,5016.10009765625,5017.0,65
2026-03-17 13:00:00,5016.2998046875,5017.2001953125,5015.0,5016.60009765625,268
2026-03-17 13:01:00,5019.7001953125,5019.7998046875,5015.60009765625,5016.10009765625,207
2026-03-17 13:02:00,5020.7998046875,5021.2998046875,5019.7001953125,5020.10009765625,166
2026-03-17 13:03:00,5019.10009765625,5022.0,5018.89990234375,5020.5,140
2026-03-17 13:04:00,5021.5,5021.5,5017.7998046875,5019.5,98
2026-03-17 13:05:00,5021.2998046875,5022.2001953125,5021.10009765625,5021.5,59
2026-03-17 13:06:00,5019.89990234375,5021.39990234375,5018.2998046875,5021.39990234375,97
2026-03-17 13:07:00,5020.0,5020.39990234375,5018.2001953125,5019.7998046875,47
2026-03-17 13:08:00,5018.5,5020.7001953125,5018.2001953125,5020.10009765625,53
2026-03-17 13:09:00,5019.0,5019.60009765625,5018.2998046875,5018.7001953125,79
2026-03-17 13:10:00,5018.2001953125,5019.10009765625,5017.0,5018.7001953125,102
2026-03-17 13:11:00,5022.0,5022.2998046875,5018.10009765625,5018.7998046875,130
2026-03-17 13:12:00,5021.7001953125,5022.89990234375,5021.2001953125,5021.7998046875,102
2026-03-17 13:13:00,5020.7001953125,5022.5,5020.10009765625,5022.5,171
2026-03-17 13:14:00,5021.2001953125,5021.60009765625,5020.0,5020.39990234375,59
2026-03-17 13:15:00,5022.10009765625,5022.2001953125,5020.39990234375,5021.2001953125,76
2026-03-17 13:16:00,5022.2001953125,5022.2001953125,5021.60009765625,5022.10009765625,42
2026-03-17 13:17:00,5023.10009765625,5024.2998046875,5021.89990234375,5022.0,158
2026-03-17 13:18:00,5020.60009765625,5023.2001953125,5019.89990234375,5023.2001953125,328
2026-03-17 13:19:00,5022.60009765625,5023.7001953125,5018.5,5020.2001953125,202
2026-03-17 13:20:00,5023.0,5023.2001953125,5019.5,5022.89990234375,246
2026-03-17 13:21:00,5019.2001953125,5023.10009765625,5018.7001953125,5022.7001953125,142
2026-03-17 13:22:00,5017.7001953125,5019.60009765625,5017.2001953125,5019.2001953125,116
2026-03-17 13:23:00,5019.7001953125,5019.7001953125,5018.10009765625,5018.10009765625,15
2026-03-17 13:24:00,5018.7001953125,5020.5,5017.7001953125,5020.0,192
2026-03-17 13:25:00,5018.39990234375,5019.2998046875,5017.0,5019.0,92
2026-03-17 13:26:00,5018.0,5019.2001953125,5017.0,5018.39990234375,72
2026-03-17 13:27:00,5017.5,5019.89990234375,5017.5,5018.89990234375,46
2026-03-17 13:28:00,5016.39990234375,5017.39990234375,5015.7998046875,5017.39990234375,98
2026-03-17 13:29:00,5017.10009765625,5017.60009765625,5015.2001953125,5016.2998046875,48
2026-03-17 13:30:00,5019.7001953125,5021.5,5015.89990234375,5017.5,177
2026-03-17 13:31:00,5022.5,5022.5,5020.0,5020.0,133
2026-03-17 13:32:00,5031.10009765625,5031.7998046875,5022.0,5022.5,439
2026-03-17 13:33:00,5027.60009765625,5032.10009765625,5027.39990234375,5031.60009765625,892
2026-03-17 13:34:00,5029.89990234375,5030.89990234375,5027.7998046875,5027.89990234375,608
2026-03-17 13:35:00,5023.2998046875,5029.2001953125,5023.2998046875,5028.89990234375,519
2026-03-17 13:36:00,5024.89990234375,5026.10009765625,5023.5,5023.7001953125,113
2026-03-17 13:37:00,5024.39990234375,5026.2998046875,5023.5,5025.0,85
2026-03-17 13:38:00,5027.7001953125,5028.0,5024.0,5024.39990234375,157
2026-03-17 13:39:00,5031.2001953125,5031.2001953125,5026.7001953125,5027.60009765625,145
2026-03-17 13:40:00,5031.0,5035.0,5030.39990234375,5031.39990234375,670
2026-03-17 13:41:00,5034.0,5036.10009765625,5028.2001953125,5030.5,547
2026-03-17 13:42:00,5034.7001953125,5034.89990234375,5033.0,5034.2998046875,64
2026-03-17 13:43:00,5034.7998046875,5036.7001953125,5034.39990234375,5035.0,208
2026-03-17 13:44:00,5032.7001953125,5034.7998046875,5031.5,5034.39990234375,360
2026-03-17 13:45:00,5029.7998046875,5033.2001953125,5029.39990234375,5032.5,179
2026-03-17 13:46:00,5030.89990234375,5031.2998046875,5027.89990234375,5029.2998046875,205
2026-03-17 13:47:00,5028.7998046875,5031.0,5027.7998046875,5030.89990234375,178
2026-03-17 13:48:00,5028.5,5032.2998046875,5028.39990234375,5028.60009765625,131
2026-03-17 13:49:00,5029.60009765625,5030.39990234375,5028.2001953125,5028.5,109
2026-03-17 13:50:00,5025.89990234375,5029.7998046875,5024.0,5029.7998046875,203
2026-03-17 13:51:00,5021.7001953125,5026.39990234375,5021.2001953125,5025.60009765625,400
2026-03-17 13:52:00,5017.39990234375,5022.39990234375,5015.60009765625,5021.5,305
2026-03-17 13:53:00,5014.39990234375,5018.7998046875,5010.60009765625,5017.2001953125,362
2026-03-17 13:54:00,5018.0,5018.5,5013.7998046875,5014.0,239
2026-03-17 13:55:00,5019.89990234375,5020.2998046875,5017.2001953125,5017.89990234375,155
2026-03-17 13:56:00,5019.10009765625,5020.7001953125,5018.7998046875,5019.39990234375,106
2026-03-17 13:57:00,5021.10009765625,5022.89990234375,5018.39990234375,5018.7998046875,444
2026-03-17 13:58:00,5021.2001953125,5022.7001953125,5020.2001953125,5020.7998046875,121
2026-03-17 13:59:00,5021.89990234375,5022.0,5020.5,5021.7001953125,102
2026-03-17 14:00:00,5019.7998046875,5023.10009765625,5017.89990234375,5021.60009765625,240
2026-03-17 14:01:00,5020.7998046875,5022.89990234375,5019.2998046875,5019.7998046875,149
2026-03-17 14:02:00,5016.0,5022.10009765625,5016.0,5021.7998046875,195
2026-03-17 14:03:00,5015.7001953125,5018.2998046875,5014.60009765625,5016.0,169
2026-03-17 14:04:00,5015.7998046875,5017.7001953125,5015.0,5015.7001953125,128
2026-03-17 14:05:00,5017.2001953125,5017.2998046875,5015.7001953125,5016.2001953125,56
2026-03-17 14:06:00,5017.60009765625,5019.2998046875,5017.0,5017.7998046875,107
2026-03-17 14:07:00,5019.0,5019.39990234375,5016.2001953125,5017.5,121
2026-03-17 14:08:00,5023.5,5026.5,5019.39990234375,5019.39990234375,244
2026-03-17 14:09:00,5022.7001953125,5024.0,5021.60009765625,5023.39990234375,95
2026-03-17 14:10:00,5022.5,5024.39990234375,5021.89990234375,5022.7001953125,89
2026-03-17 14:11:00,5021.7998046875,5022.7001953125,5020.39990234375,5022.7001953125,72
2026-03-17 14:12:00,5023.89990234375,5024.10009765625,5021.39990234375,5022.2001953125,66
2026-03-17 14:13:00,5025.10009765625,5025.2998046875,5021.2998046875,5024.2001953125,87
2026-03-17 14:14:00,5023.7001953125,5025.60009765625,5023.0,5025.39990234375,76
2026-03-17 14:15:00,5020.0,5024.10009765625,5019.39990234375,5023.60009765625,115
2026-03-17 14:16:00,5019.60009765625,5021.5,5019.10009765625,5020.2998046875,56
2026-03-17 14:17:00,5017.5,5020.7001953125,5017.2001953125,5020.10009765625,76
2026-03-17 14:18:00,5020.89990234375,5021.39990234375,5016.60009765625,5017.5,82
2026-03-17 14:19:00,5017.7001953125,5022.10009765625,5016.7998046875,5021.2998046875,143
2026-03-17 14:20:00,5019.0,5019.0,5016.7001953125,5017.39990234375,62
2026-03-17 14:21:00,5017.2001953125,5018.7001953125,5016.0,5018.60009765625,77
2026-03-17 14:22:00,5018.0,5019.89990234375,5018.0,5018.5,66
2026-03-17 14:23:00,5014.39990234375,5018.89990234375,5014.2998046875,5017.7998046875,101
2026-03-17 14:24:00,5015.10009765625,5017.2998046875,5014.10009765625,5014.39990234375,153
2026-03-17 14:25:00,5012.60009765625,5014.7001953125,5012.2001953125,5014.7001953125,113
2026-03-17 14:26:00,5015.10009765625,5016.7001953125,5011.5,5012.2998046875,358
2026-03-17 14:27:00,5015.5,5016.0,5014.39990234375,5015.0,70
2026-03-17 14:28:00,5013.5,5015.0,5013.10009765625,5014.2001953125,54
2026-03-17 14:29:00,5013.2001953125,5013.7998046875,5011.39990234375,5013.0,210
2026-03-17 14:30:00,5012.10009765625,5014.5,5012.0,5012.89990234375,105
2026-03-17 14:31:00,5009.2998046875,5012.89990234375,5007.2001953125,5011.2998046875,261
2026-03-17 14:32:00,5013.0,5014.5,5009.39990234375,5009.39990234375,207
2026-03-17 14:33:00,5014.0,5014.5,5012.0,5013.7001953125,134
2026-03-17 14:34:00,5013.2998046875,5014.2001953125,5012.2001953125,5014.10009765625,80
2026-03-17 14:35:00,5015.5,5015.7001953125,5013.0,5014.5,166
2026-03-17 14:36:00,5013.7001953125,5018.0,5013.7001953125,5015.7001953125,142
2026-03-17 14:37:00,5016.2998046875,5016.7998046875,5013.5,5013.7998046875,102
2026-03-17 14:38:00,5012.39990234375,5016.5,5011.7001953125,5016.2998046875,88
2026-03-17 14:39:00,5013.60009765625,5013.89990234375,5011.60009765625,5011.60009765625,46
2026-03-17 14:40:00,5013.7001953125,5015.60009765625,5012.60009765625,5014.60009765625,80
2026-03-17 14:41:00,5013.7001953125,5015.2001953125,5012.7001953125,5014.39990234375,557
2026-03-17 14:42:00,5014.7001953125,5015.2001953125,5013.39990234375,5013.39990234375,62
2026-03-17 14:43:00,5018.39990234375,5018.39990234375,5014.5,5014.60009765625,194
2026-03-17 14:44:00,5018.0,5019.5,5017.10009765625,5018.2001953125,167
2026-03-17 14:45:00,5018.2998046875,5019.7001953125,5017.0,5018.2001953125,111
2026-03-17 14:46:00,5019.5,5019.7998046875,5018.2001953125,5018.2001953125,53
2026-03-17 14:47:00,5021.7001953125,5022.5,5019.60009765625,5019.7998046875,187
2026-03-17 14:48:00,5023.2001953125,5023.39990234375,5021.7998046875,5021.89990234375,165
2026-03-17 14:49:00,5023.39990234375,5023.89990234375,5023.0,5023.39990234375,109
2026-03-17 14:50:00,5021.39990234375,5024.2998046875,5021.39990234375,5022.89990234375,212
2026-03-17 14:51:00,5021.89990234375,5022.2001953125,5021.10009765625,5021.2001953125,75
2026-03-17 14:52:00,5018.7001953125,5021.7001953125,5018.7001953125,5021.39990234375,137
2026-03-17 14:53:00,5015.60009765625,5019.2001953125,5015.2998046875,5018.7001953125,152
2026-03-17 14:54:00,5015.10009765625,5015.7001953125,5012.5,5015.7001953125,182
2026-03-17 14:55:00,5014.89990234375,5015.89990234375,5014.7001953125,5015.2998046875,56
2026-03-17 14:56:00,5013.2998046875,5014.89990234375,5013.0,5014.89990234375,103
2026-03-17 14:57:00,5014.0,5015.39990234375,5012.2998046875,5013.10009765625,340
2026-03-17 14:58:00,5015.2001953125,5015.7998046875,5013.2001953125,5013.7998046875,72
2026-03-17 14:59:00,5012.5,5015.0,5011.7001953125,5015.0,80
2026-03-17 15:00:00,5014.10009765625,5014.7998046875,5010.7001953125,5011.89990234375,346
2026-03-17 15:01:00,5018.7998046875,5020.10009765625,5013.7998046875,5014.5,532
2026-03-17 15:02:00,5019.2001953125,5020.7998046875,5018.10009765625,5018.39990234375,133
2026-03-17 15:03:00,5018.7001953125,5021.7998046875,5018.60009765625,5019.0,137
2026-03-17 15:04:00,5019.7998046875,5020.89990234375,5018.10009765625,5019.2998046875,224
2026-03-17 15:05:00,5018.39990234375,5020.2001953125,5017.0,5019.89990234375,285
2026-03-17 15:06:00,5020.60009765625,5021.89990234375,5018.39990234375,5018.5,200
2026-03-17 15:07:00,5019.7998046875,5022.2001953125,5019.2998046875,5020.7001953125,216
2026-03-17 15:08:00,5014.0,5020.0,5012.7001953125,5019.39990234375,293
2026-03-17 15:09:00,5014.7001953125,5016.10009765625,5013.60009765625,5014.2001953125,168
2026-03-17 15:10:00,5015.5,5015.5,5012.5,5014.60009765625,86
2026-03-17 15:11:00,5012.7001953125,5016.10009765625,5012.5,5015.5,61
2026-03-17 15:12:00,5015.60009765625,5016.2001953125,5012.89990234375,5012.89990234375,200
2026-03-17 15:13:00,5014.7001953125,5016.2998046875,5013.60009765625,5015.89990234375,106
2026-03-17 15:14:00,5012.89990234375,5015.2001953125,5011.89990234375,5014.7001953125,89
2026-03-17 15:15:00,5015.5,5016.0,5013.2998046875,5013.2998046875,56
2026-03-17 15:16:00,5018.5,5018.5,5015.2998046875,5015.60009765625,97
2026-03-17 15:17:00,5019.10009765625,5019.7001953125,5017.7998046875,5018.5,151
2026-03-17 15:18:00,5015.7001953125,5019.0,5013.2998046875,5018.89990234375,87
2026-03-17 15:19:00,5015.89990234375,5016.39990234375,5014.89990234375,5015.39990234375,29
2026-03-17 15:20:00,5016.60009765625,5019.0,5016.2001953125,5016.60009765625,73
2026-03-17 15:21:00,5010.7001953125,5016.0,5009.89990234375,5016.0,127
2026-03-17 15:22:00,5012.2998046875,5012.89990234375,5010.7001953125,5010.7001953125,748
2026-03-17 15:23:00,5012.2998046875,5013.7001953125,5012.0,5013.39990234375,39
2026-03-17 15:24:00,5012.39990234375,5013.2001953125,5011.2998046875,5012.2001953125,85
2026-03-17 15:25:00,5012.2998046875,5014.0,5011.7001953125,5011.89990234375,66
2026-03-17 15:26:00,5009.5,5012.2998046875,5008.2001953125,5012.2998046875,124
2026-03-17 15:27:00,5005.39990234375,5009.7001953125,5005.10009765625,5009.5,308
2026-03-17 15:28:00,5003.2998046875,5005.39990234375,5000.0,5005.0,415
2026-03-17 15:29:00,4999.0,5004.10009765625,4997.7001953125,5003.89990234375,1014
2026-03-17 15:30:00,5004.2998046875,5004.2998046875,4998.89990234375,4999.5,337
2026-03-17 15:31:00,5002.7998046875,5004.7998046875,5002.7001953125,5004.60009765625,116
2026-03-17 15:32:00,5004.60009765625,5005.2001953125,5001.89990234375,5003.2001953125,244
2026-03-17 15:33:00,5001.39990234375,5004.7998046875,5001.39990234375,5003.60009765625,134
2026-03-17 15:34:00,4998.2001953125,5002.7998046875,4996.2998046875,5001.7998046875,777
2026-03-17 15:35:00,4995.2998046875,5000.10009765625,4994.0,4997.7998046875,474
2026-03-17 15:36:00,4987.7001953125,4997.0,4983.7001953125,4995.39990234375,1452
2026-03-17 15:37:00,4993.2998046875,4994.10009765625,4987.7001953125,4987.89990234375,423
2026-03-17 15:38:00,4987.2001953125,4993.2001953125,4987.0,4992.89990234375,312
2026-03-17 15:39:00,4986.2001953125,4988.89990234375,4985.60009765625,4987.2998046875,227
2026-03-17 15:40:00,4982.60009765625,4986.39990234375,4981.7001953125,4986.2001953125,581
2026-03-17 15:41:00,4980.5,4984.7001953125,4977.0,4983.0,629
2026-03-17 15:42:00,4983.39990234375,4985.5,4980.2001953125,4980.89990234375,360
2026-03-17 15:43:00,4985.39990234375,4985.7998046875,4982.0,4983.0,222
2026-03-17 15:44:00,4988.60009765625,4989.2001953125,4985.0,4985.0,396
2026-03-17 15:45:00,4992.89990234375,4992.89990234375,4988.0,4988.5,309
2026-03-17 15:46:00,4996.5,4996.5,4992.2998046875,4993.0,333
2026-03-17 15:47:00,4998.7001953125,4998.7998046875,4994.2998046875,4996.7001953125,292
2026-03-17 15:48:00,4996.10009765625,4998.2001953125,4995.0,4998.2001953125,290
2026-03-17 15:49:00,4995.7001953125,4996.7998046875,4994.7998046875,4996.0,125
2026-03-17 15:50:00,4996.89990234375,4997.10009765625,4995.2998046875,4995.7998046875,100
2026-03-17 15:51:00,4997.60009765625,4998.7998046875,4995.39990234375,4997.2001953125,129
2026-03-17 15:52:00,4999.2998046875,5000.39990234375,4997.7001953125,4997.7001953125,371
2026-03-17 15:53:00,5000.7998046875,5001.7001953125,4998.2001953125,4998.89990234375,153
2026-03-17 15:54:00,4999.39990234375,5001.2998046875,4999.10009765625,5000.7001953125,117
2026-03-17 15:55:00,5000.2001953125,5000.60009765625,4998.5,4999.60009765625,134
2026-03-17 15:56:00,4999.7998046875,5002.89990234375,4999.60009765625,5000.39990234375,116
2026-03-17 15:57:00,5000.0,5001.0,4998.7998046875,4999.7998046875,97
2026-03-17 15:58:00,5003.10009765625,5003.60009765625,4999.7998046875,4999.89990234375,139
2026-03-17 15:59:00,5002.60009765625,5003.0,5000.60009765625,5003.0,175
2026-03-17 16:00:00,5003.0,5003.5,5001.7001953125,5002.5,159
2026-03-17 16:01:00,5000.89990234375,5003.60009765625,5000.2998046875,5003.2001953125,126
2026-03-17 16:02:00,4998.0,5002.7998046875,4997.2001953125,5000.7998046875,160
2026-03-17 16:03:00,4998.60009765625,4999.2998046875,4996.39990234375,4997.60009765625,164
2026-03-17 16:04:00,4998.39990234375,4999.0,4997.7001953125,4998.39990234375,66
2026-03-17 16:05:00,5001.5,5002.10009765625,4997.7001953125,4998.10009765625,152
2026-03-17 16:06:00,4999.2998046875,5002.0,4999.2998046875,5000.7001953125,36
2026-03-17 16:07:00,4998.2001953125,4999.10009765625,4995.60009765625,4998.60009765625,65
2026-03-17 16:08:00,4997.0,4999.2001953125,4996.39990234375,4998.10009765625,60
2026-03-17 16:09:00,4998.2001953125,4998.60009765625,4996.2998046875,4996.89990234375,68
2026-03-17 16:10:00,4999.5,4999.89990234375,4997.60009765625,4998.0,67
2026-03-17 16:11:00,5003.10009765625,5003.10009765625,4999.7001953125,4999.7001953125,124
2026-03-17 16:12:00,5001.2001953125,5002.7998046875,5000.2998046875,5002.5,84
2026-03-17 16:13:00,5000.60009765625,5001.60009765625,5000.2001953125,5001.5,52
2026-03-17 16:14:00,4998.39990234375,5000.39990234375,4998.39990234375,5000.2998046875,113
2026-03-17 16:15:00,4997.7001953125,4999.39990234375,4997.2998046875,4998.89990234375,82
2026-03-17 16:16:00,4999.0,4999.5,4997.10009765625,4997.89990234375,83
2026-03-17 16:17:00,5002.5,5002.5,4999.0,4999.2998046875,85
2026-03-17 16:18:00,5005.2998046875,5007.2001953125,5002.10009765625,5002.5,833
2026-03-17 16:19:00,5005.0,5005.2001953125,5002.2001953125,5005.2001953125,140
2026-03-17 16:20:00,5006.5,5007.10009765625,5004.0,5005.0,145
2026-03-17 16:21:00,5004.39990234375,5006.2998046875,5003.7001953125,5006.2998046875,77
2026-03-17 16:22:00,5003.7001953125,5004.5,5002.89990234375,5004.10009765625,53
2026-03-17 16:23:00,5004.5,5004.60009765625,5003.0,5003.39990234375,89
2026-03-17 16:24:00,5006.2001953125,5006.7998046875,5004.10009765625,5004.10009765625,134
2026-03-17 16:25:00,5008.2001953125,5009.60009765625,5006.39990234375,5006.7998046875,267
2026-03-17 16:26:00,5007.39990234375,5008.60009765625,5006.7998046875,5008.2001953125,46
2026-03-17 16:27:00,5006.7998046875,5008.60009765625,5006.7998046875,5007.89990234375,60
2026-03-17 16:28:00,5006.7998046875,5008.0,5006.5,5006.89990234375,133
2026-03-17 16:29:00,5008.2001953125,5010.0,5007.0,5007.0,159
2026-03-17 16:30:00,5009.89990234375,5010.2998046875,5008.10009765625,5008.39990234375,120
2026-03-17 16:31:00,5006.89990234375,5010.0,5006.2001953125,5009.89990234375,141
2026-03-17 16:32:00,5007.5,5007.7998046875,5006.0,5006.60009765625,111
2026-03-17 16:33:00,5008.7001953125,5010.10009765625,5007.7001953125,5007.89990234375,94
2026-03-17 16:34:00,5007.60009765625,5008.7001953125,5006.5,5008.60009765625,91
2026-03-17 16:35:00,5007.60009765625,5009.2998046875,5006.10009765625,5007.5,861
2026-03-17 16:36:00,5007.0,5008.39990234375,5007.0,5007.39990234375,42
2026-03-17 16:37:00,5005.7998046875,5007.0,5005.39990234375,5007.0,52
2026-03-17 16:38:00,5006.7001953125,5007.2998046875,5004.7998046875,5006.0,78
2026-03-17 16:39:00,5005.39990234375,5006.10009765625,5004.89990234375,5006.10009765625,12
2026-03-17 16:40:00,5004.7001953125,5006.2998046875,5004.2998046875,5005.7001953125,71
2026-03-17 16:41:00,5004.60009765625,5005.2001953125,5004.2998046875,5004.7001953125,24
2026-03-17 16:42:00,5005.7998046875,5006.0,5004.60009765625,5005.39990234375,58
2026-03-17 16:43:00,5005.39990234375,5007.0,5004.7001953125,5006.0,74
2026-03-17 16:44:00,5006.60009765625,5006.7001953125,5005.2001953125,5005.2998046875,36
2026-03-17 16:45:00,5007.5,5007.60009765625,5006.2998046875,5006.7001953125,45
2026-03-17 16:46:00,5004.0,5007.7001953125,5003.2998046875,5007.7001953125,91
2026-03-17 16:47:00,5005.0,5005.0,5003.39990234375,5004.2001953125,72
2026-03-17 16:48:00,5003.5,5004.89990234375,5003.5,5004.7001953125,62
2026-03-17 16:49:00,5003.7998046875,5004.5,5003.10009765625,5003.5,163
2026-03-17 16:50:00,5004.89990234375,5005.0,5004.2001953125,5004.39990234375,34
2026-03-17 16:51:00,5004.2998046875,5006.2998046875,5004.10009765625,5005.2001953125,37
2026-03-17 16:52:00,5003.89990234375,5004.60009765625,5003.7001953125,5004.39990234375,31
2026-03-17 16:53:00,5003.60009765625,5003.89990234375,5002.0,5003.7998046875,77
2026-03-17 16:54:00,5004.7998046875,5005.2998046875,5003.2001953125,5003.2001953125,82
2026-03-17 16:55:00,5006.0,5006.10009765625,5004.60009765625,5004.89990234375,72
2026-03-17 16:56:00,5007.2001953125,5008.2001953125,5006.7001953125,5006.7001953125,61
2026-03-17 16:57:00,5007.2001953125,5007.89990234375,5006.39990234375,5007.39990234375,64
2026-03-17 16:58:00,5007.89990234375,5008.2998046875,5007.10009765625,5007.10009765625,43
2026-03-17 16:59:00,5006.39990234375,5007.7998046875,5006.0,5007.7001953125,271
2026-03-17 17:00:00,5007.2001953125,5007.7001953125,5006.10009765625,5006.5,81
2026-03-17 17:01:00,5008.7001953125,5009.10009765625,5007.10009765625,5007.2998046875,333
2026-03-17 17:02:00,5010.0,5010.89990234375,5007.7998046875,5008.60009765625,242
2026-03-17 17:03:00,5010.7001953125,5011.39990234375,5009.2001953125,5010.2998046875,123
2026-03-17 17:04:00,5009.60009765625,5010.60009765625,5009.10009765625,5010.2001953125,57
2026-03-17 17:05:00,5009.39990234375,5010.0,5008.7001953125,5009.7001953125,684
2026-03-17 17:06:00,5008.2001953125,5009.7001953125,5007.7998046875,5009.7001953125,42
2026-03-17 17:07:00,5007.89990234375,5008.89990234375,5007.7001953125,5008.2998046875,34
2026-03-17 17:08:00,5010.7998046875,5010.7998046875,5008.5,5008.5,72
2026-03-17 17:09:00,5010.39990234375,5011.2001953125,5010.10009765625,5010.39990234375,74
2026-03-17 17:10:00,5009.7001953125,5011.0,5009.7001953125,5010.39990234375,121
2026-03-17 17:11:00,5009.2001953125,5009.89990234375,5008.60009765625,5009.7998046875,58
2026-03-17 17:12:00,5009.2998046875,5010.2001953125,5009.10009765625,5009.5,51
2026-03-17 17:13:00,5008.7001953125,5009.60009765625,5008.0,5009.5,38
2026-03-17 17:14:00,5008.2998046875,5009.10009765625,5007.7001953125,5009.10009765625,45
2026-03-17 17:15:00,5007.7998046875,5008.60009765625,5007.10009765625,5008.5,104
2026-03-17 17:16:00,5008.2998046875,5008.7001953125,5007.7998046875,5007.89990234375,56
2026-03-17 17:17:00,5007.7001953125,5008.7998046875,5007.7001953125,5008.2001953125,53
2026-03-17 17:18:00,5007.5,5008.7001953125,5007.2998046875,5007.7998046875,43
2026-03-17 17:19:00,5009.2001953125,5009.2001953125,5006.7001953125,5007.5,105
2026-03-17 17:20:00,5008.7998046875,5009.89990234375,5008.7001953125,5009.2998046875,88
2026-03-17 17:21:00,5011.10009765625,5011.2001953125,5009.2001953125,5009.39990234375,64
2026-03-17 17:22:00,5011.39990234375,5011.5,5009.7998046875,5011.5,83
2026-03-17 17:23:00,5011.60009765625,5012.2998046875,5010.7998046875,5011.2001953125,93
2026-03-17 17:24:00,5011.2001953125,5013.7001953125,5010.7998046875,5011.2998046875,105
2026-03-17 17:25:00,5011.2998046875,5013.0,5010.7998046875,5011.5,84
2026-03-17 17:26:00,5012.89990234375,5013.2001953125,5011.60009765625,5011.60009765625,76
2026-03-17 17:27:00,5012.60009765625,5013.5,5011.60009765625,5013.0,132
2026-03-17 17:28:00,5011.60009765625,5012.7998046875,5011.60009765625,5012.5,136
2026-03-17 17:29:00,5007.39990234375,5012.39990234375,5006.10009765625,5012.0,942
2026-03-17 17:30:00,5007.2998046875,5008.2001953125,5006.7001953125,5007.39990234375,762
2026-03-17 17:31:00,5009.2001953125,5009.39990234375,5007.39990234375,5007.89990234375,558
2026-03-17 17:32:00,5008.0,5009.89990234375,5007.7998046875,5009.2001953125,140
2026-03-17 17:33:00,5007.7001953125,5008.2001953125,5007.0,5008.10009765625,73
2026-03-17 17:34:00,5008.89990234375,5009.2001953125,5007.39990234375,5007.7001953125,90
2026-03-17 17:35:00,5009.7001953125,5010.10009765625,5008.7998046875,5008.7998046875,37
2026-03-17 17:36:00,5008.7001953125,5009.60009765625,5008.0,5009.39990234375,115
2026-03-17 17:37:00,5009.60009765625,5011.2001953125,5008.39990234375,5008.39990234375,55
2026-03-17 17:38:00,5010.5,5010.89990234375,5009.7001953125,5010.0,41
2026-03-17 17:39:00,5007.7998046875,5009.10009765625,5007.7998046875,5009.10009765625,249
2026-03-17 17:40:00,5006.0,5008.60009765625,5005.2001953125,5007.7001953125,91
2026-03-17 17:41:00,5005.5,5006.39990234375,5004.7001953125,5006.0,38
2026-03-17 17:42:00,5006.39990234375,5006.7001953125,5004.89990234375,5005.2998046875,41
2026-03-17 17:43:00,5002.89990234375,5006.2001953125,5002.5,5006.2001953125,92
2026-03-17 17:44:00,5002.2998046875,5003.7998046875,5002.10009765625,5002.7001953125,44
2026-03-17 17:45:00,5001.2001953125,5002.89990234375,5001.10009765625,5002.5,63
2026-03-17 17:46:00,5002.39990234375,5003.39990234375,5001.0,5001.10009765625,67
2026-03-17 17:47:00,5003.7998046875,5003.89990234375,5001.7001953125,5002.0,33
2026-03-17 17:48:00,5003.39990234375,5004.60009765625,5003.39990234375,5003.7998046875,75
2026-03-17 17:49:00,5004.2001953125,5004.5,5003.2998046875,5003.60009765625,24
2026-03-17 17:50:00,5004.39990234375,5004.7998046875,5004.2998046875,5004.5,10
2026-03-17 17:51:00,5004.7001953125,5005.2001953125,5004.0,5004.0,82
2026-03-17 17:52:00,5006.10009765625,5006.7998046875,5004.7998046875,5005.10009765625,45
2026-03-17 17:53:00,5006.89990234375,5006.89990234375,5006.0,5006.5,24
2026-03-17 17:54:00,5006.2998046875,5007.0,5006.10009765625,5006.7998046875,21
2026-03-17 17:55:00,5006.39990234375,5006.7998046875,5006.10009765625,5006.5,37
2026-03-17 17:56:00,5007.0,5008.2001953125,5005.7998046875,5006.0,57
2026-03-17 17:57:00,5007.10009765625,5007.2001953125,5006.60009765625,5007.0,18
2026-03-17 17:58:00,5006.39990234375,5007.5,5005.7001953125,5007.2001953125,35
2026-03-17 17:59:00,5007.0,5007.10009765625,5006.5,5006.60009765625,8
2026-03-17 18:00:00,5006.5,5008.2001953125,5006.5,5007.39990234375,48
2026-03-17 18:01:00,5006.7998046875,5006.7998046875,5005.5,5006.60009765625,71
2026-03-17 18:02:00,5008.0,5008.0,5006.7001953125,5006.89990234375,38
2026-03-17 18:03:00,5009.10009765625,5009.7998046875,5008.5,5008.5,100
2026-03-17 18:04:00,5010.7001953125,5010.7001953125,5008.7998046875,5009.2998046875,44
2026-03-17 18:05:00,5011.0,5011.7001953125,5009.89990234375,5010.7998046875,98
2026-03-17 18:06:00,5011.0,5011.7998046875,5011.0,5011.10009765625,56
2026-03-17 18:07:00,5011.60009765625,5012.0,5011.0,5011.2001953125,26
2026-03-17 18:08:00,5011.5,5011.89990234375,5011.0,5011.5,92
2026-03-17 18:09:00,5010.2998046875,5011.2001953125,5010.10009765625,5011.0,55
2026-03-17 18:10:00,5011.60009765625,5011.60009765625,5009.39990234375,5010.39990234375,64
2026-03-17 18:11:00,5011.60009765625,5012.39990234375,5011.0,5011.89990234375,21
2026-03-17 18:12:00,5011.89990234375,5012.2998046875,5011.2998046875,5011.2998046875,36
2026-03-17 18:13:00,5011.0,5011.5,5010.60009765625,5011.5,64
2026-03-17 18:14:00,5011.0,5011.10009765625,5010.60009765625,5011.0,14
2026-03-17 18:15:00,5011.7998046875,5012.0,5011.0,5011.10009765625,30
2026-03-17 18:16:00,5011.89990234375,5012.39990234375,5011.7998046875,5011.89990234375,34
2026-03-17 18:17:00,5011.0,5011.89990234375,5010.60009765625,5011.7001953125,26
2026-03-17 18:18:00,5010.7998046875,5011.2998046875,5010.5,5010.89990234375,27
2026-03-17 18:19:00,5012.39990234375,5013.10009765625,5010.89990234375,5011.2001953125,45
2026-03-17 18:20:00,5013.10009765625,5013.10009765625,5011.2998046875,5012.10009765625,55
2026-03-17 18:21:00,5011.7001953125,5013.0,5010.60009765625,5012.7998046875,70
2026-03-17 18:22:00,5013.2998046875,5013.2998046875,5011.39990234375,5011.5,40
2026-03-17 18:23:00,5012.10009765625,5013.5,5011.7998046875,5013.2998046875,37
2026-03-17 18:24:00,5011.0,5012.5,5011.0,5012.2001953125,26
2026-03-17 18:25:00,5010.5,5011.39990234375,5010.5,5010.7998046875,45
2026-03-17 18:26:00,5010.39990234375,5010.7001953125,5009.89990234375,5010.7001953125,30
2026-03-17 18:27:00,5009.10009765625,5010.89990234375,5009.10009765625,5010.2998046875,53
2026-03-17 18:28:00,5009.7001953125,5010.7001953125,5009.0,5009.10009765625,99
2026-03-17 18:29:00,5008.2001953125,5009.89990234375,5008.10009765625,5009.7998046875,101
2026-03-17 18:30:00,5005.39990234375,5008.10009765625,5003.89990234375,5008.0,284
2026-03-17 18:31:00,5004.7001953125,5006.7998046875,5004.7001953125,5005.2998046875,54
2026-03-17 18:32:00,5006.5,5006.5,5003.89990234375,5004.7998046875,31
2026-03-17 18:33:00,5005.89990234375,5006.7001953125,5005.39990234375,5006.39990234375,41
2026-03-17 18:34:00,5007.0,5007.7001953125,5006.2001953125,5006.2001953125,34
2026-03-17 18:35:00,5007.39990234375,5007.89990234375,5006.39990234375,5007.0,37
2026-03-17 18:36:00,5008.0,5008.5,5007.7001953125,5007.7001953125,14
2026-03-17 18:37:00,5006.5,5007.10009765625,5006.2001953125,5007.10009765625,16
2026-03-17 18:38:00,5006.7001953125,5006.7001953125,5006.60009765625,5006.60009765625,4
2026-03-17 18:39:00,5006.39990234375,5007.0,5006.2001953125,5006.7001953125,21
2026-03-17 18:40:00,5006.2998046875,5006.7001953125,5005.89990234375,5006.0,21
2026-03-17 18:41:00,5006.39990234375,5006.7998046875,5005.5,5006.39990234375,34
2026-03-17 18:42:00,5007.7001953125,5007.7001953125,5006.7001953125,5007.0,19
2026-03-17 18:43:00,5007.7998046875,5007.7998046875,5006.89990234375,5007.5,11
2026-03-17 18:44:00,5006.7998046875,5007.5,5006.7998046875,5007.5,11
2026-03-17 18:45:00,5008.2998046875,5008.2998046875,5006.7001953125,5007.2001953125,41
2026-03-17 18:46:00,5009.5,5009.7001953125,5008.0,5008.2998046875,75
2026-03-17 18:47:00,5010.10009765625,5011.7001953125,5009.5,5009.7998046875,105
2026-03-17 18:48:00,5010.89990234375,5011.0,5010.2001953125,5010.2001953125,29
2026-03-17 18:49:00,5010.7001953125,5010.7001953125,5010.39990234375,5010.60009765625,11
2026-03-17 18:50:00,5010.2001953125,5010.7998046875,5009.7998046875,5010.2998046875,27
2026-03-17 18:51:00,5011.0,5011.0,5010.60009765625,5010.7001953125,13
2026-03-17 18:52:00,5011.39990234375,5011.7998046875,5011.0,5011.2998046875,26
2026-03-17 18:53:00,5010.2001953125,5012.2001953125,5009.60009765625,5011.5,46
2026-03-17 18:54:00,5010.89990234375,5011.0,5010.2001953125,5010.2001953125,20
2026-03-17 18:55:00,5008.7998046875,5010.7001953125,5008.7001953125,5010.7001953125,63
2026-03-17 18:56:00,5008.10009765625,5009.39990234375,5007.89990234375,5008.7998046875,52
2026-03-17 18:57:00,5008.2001953125,5008.7998046875,5007.7998046875,5008.2998046875,38
2026-03-17 18:58:00,5007.7998046875,5008.5,5007.7998046875,5008.5,20
2026-03-17 18:59:00,5007.5,5008.0,5007.2001953125,5007.89990234375,34
2026-03-17 19:00:00,5005.10009765625,5007.7998046875,5004.89990234375,5007.10009765625,123
2026-03-17 19:01:00,5005.7001953125,5006.7998046875,5005.2001953125,5005.2001953125,57
2026-03-17 19:02:00,5006.2998046875,5007.10009765625,5005.2001953125,5005.5,69
2026-03-17 19:03:00,5007.60009765625,5008.10009765625,5005.7998046875,5006.5,48
2026-03-17 19:04:00,5009.2998046875,5009.39990234375,5008.0,5008.10009765625,53
2026-03-17 19:05:00,5008.39990234375,5009.2001953125,5007.89990234375,5009.2001953125,39
2026-03-17 19:06:00,5006.39990234375,5008.10009765625,5006.39990234375,5008.10009765625,37
2026-03-17 19:07:00,5006.2001953125,5006.5,5006.10009765625,5006.5,36
2026-03-17 19:08:00,5007.60009765625,5007.60009765625,5006.5,5006.5,49
2026-03-17 19:09:00,5007.39990234375,5008.0,5007.2001953125,5007.60009765625,24
2026-03-17 19:10:00,5007.10009765625,5007.89990234375,5006.89990234375,5007.60009765625,29
2026-03-17 19:11:00,5006.7998046875,5007.39990234375,5006.7998046875,5007.2998046875,12
2026-03-17 19:12:00,5006.2998046875,5007.10009765625,5006.10009765625,5006.7001953125,37
2026-03-17 19:13:00,5005.39990234375,5006.5,5005.39990234375,5006.39990234375,30
2026-03-17 19:14:00,5005.2001953125,5005.2998046875,5004.0,5005.2001953125,45
2026-03-17 19:15:00,5006.0,5006.2998046875,5004.2001953125,5005.2998046875,33
2026-03-17 19:16:00,5006.39990234375,5006.39990234375,5006.0,5006.0,15
2026-03-17 19:17:00,5004.5,5006.0,5004.5,5006.0,20
2026-03-17 19:18:00,5005.2001953125,5005.2001953125,5004.2001953125,5004.2998046875,21
2026-03-17 19:19:00,5004.60009765625,5005.39990234375,5004.60009765625,5005.0,52
2026-03-17 19:20:00,5003.5,5005.10009765625,5003.10009765625,5004.39990234375,56
2026-03-17 19:21:00,5003.7001953125,5004.89990234375,5003.0,5003.60009765625,81
2026-03-17 19:22:00,5003.2001953125,5004.10009765625,5003.0,5004.0,31
2026-03-17 19:23:00,5004.10009765625,5004.10009765625,5002.7001953125,5003.2001953125,55
2026-03-17 19:24:00,5004.39990234375,5004.60009765625,5003.7998046875,5004.2001953125,49
2026-03-17 19:25:00,5002.89990234375,5004.7001953125,5002.89990234375,5004.7001953125,28
2026-03-17 19:26:00,5002.60009765625,5004.2001953125,5002.2998046875,5003.0,103
2026-03-17 19:27:00,5002.60009765625,5002.89990234375,5002.2998046875,5002.5,129
2026-03-17 19:28:00,5004.39990234375,5004.5,5002.7001953125,5002.7001953125,71
2026-03-17 19:29:00,5004.0,5004.10009765625,5003.0,5003.7998046875,33
2026-03-17 19:30:00,5004.5,5004.89990234375,5003.7001953125,5004.2001953125,51
2026-03-17 19:31:00,5003.5,5004.0,5003.39990234375,5003.60009765625,31
2026-03-17 19:32:00,5003.7998046875,5004.2001953125,5002.0,5003.60009765625,114
2026-03-17 19:33:00,5002.60009765625,5003.7998046875,5002.2998046875,5003.7998046875,43
2026-03-17 19:34:00,5003.10009765625,5003.2001953125,5000.39990234375,5002.5,233
2026-03-17 19:35:00,5004.60009765625,5005.60009765625,5003.2998046875,5003.2998046875,107
2026-03-17 19:36:00,5004.39990234375,5006.10009765625,5004.10009765625,5004.39990234375,74
2026-03-17 19:37:00,5004.0,5004.89990234375,5003.89990234375,5004.60009765625,55
2026-03-17 19:38:00,5004.10009765625,5004.60009765625,5003.60009765625,5003.7998046875,41
2026-03-17 19:39:00,5005.0,5005.7001953125,5004.39990234375,5004.39990234375,28
2026-03-17 19:40:00,5006.0,5006.0,5004.39990234375,5004.89990234375,44
2026-03-17 19:41:00,5006.5,5006.89990234375,5006.2998046875,5006.2998046875,38
2026-03-17 19:42:00,5007.7998046875,5007.7998046875,5006.2998046875,5006.89990234375,29
2026-03-17 19:43:00,5006.89990234375,5008.0,5006.7998046875,5007.60009765625,54
2026-03-17 19:44:00,5006.10009765625,5007.0,5006.0,5007.0,23
2026-03-17 19:45:00,5006.7001953125,5007.5,5006.2998046875,5006.5,53
2026-03-17 19:46:00,5005.7001953125,5006.7998046875,5005.2998046875,5006.60009765625,39
2026-03-17 19:47:00,5005.60009765625,5006.2001953125,5005.60009765625,5005.89990234375,23
2026-03-17 19:48:00,5005.0,5005.7001953125,5003.5,5005.7001953125,35
2026-03-17 19:49:00,5005.89990234375,5006.0,5005.2998046875,5005.60009765625,105
2026-03-17 19:50:00,5005.7001953125,5006.2998046875,5005.2001953125,5006.2998046875,15
2026-03-17 19:51:00,5004.60009765625,5005.2998046875,5004.39990234375,5005.10009765625,22
2026-03-17 19:52:00,5005.89990234375,5006.2001953125,5004.0,5004.10009765625,28
2026-03-17 19:53:00,5005.60009765625,5006.60009765625,5005.2998046875,5005.7998046875,34
2026-03-17 19:54:00,5006.2998046875,5006.5,5004.60009765625,5005.60009765625,34
2026-03-17 19:55:00,5005.5,5006.2001953125,5005.39990234375,5006.10009765625,54
2026-03-17 19:56:00,5004.89990234375,5005.7001953125,5004.60009765625,5005.39990234375,52
2026-03-17 19:57:00,5004.60009765625,5005.39990234375,5004.60009765625,5005.10009765625,54
2026-03-17 19:58:00,5004.0,5004.7998046875,5003.5,5004.7001953125,111
2026-03-17 19:59:00,5005.10009765625,5005.2001953125,5002.89990234375,5003.7998046875,213
2026-03-17 20:00:00,5005.60009765625,5006.60009765625,5004.7001953125,5004.89990234375,75
2026-03-17 20:01:00,5005.2998046875,5006.10009765625,5005.2001953125,5006.10009765625,18
2026-03-17 20:02:00,5005.60009765625,5005.60009765625,5005.60009765625,5005.60009765625,3
2026-03-17 20:03:00,5006.2998046875,5006.7001953125,5005.5,5005.7001953125,52
2026-03-17 20:04:00,5008.39990234375,5008.39990234375,5006.2998046875,5006.5,51
2026-03-17 20:05:00,5009.7001953125,5009.7001953125,5007.89990234375,5008.2998046875,48
2026-03-17 20:06:00,5010.39990234375,5010.39990234375,5009.7001953125,5009.89990234375,49
2026-03-17 20:07:00,5010.0,5010.89990234375,5009.60009765625,5010.2998046875,44
2026-03-17 20:08:00,5010.2001953125,5010.2998046875,5010.0,5010.2001953125,26
2026-03-17 20:09:00,5010.2998046875,5011.0,5010.2998046875,5010.60009765625,47
2026-03-17 20:10:00,5009.89990234375,5010.5,5009.89990234375,5010.2001953125,27
2026-03-17 20:11:00,5008.89990234375,5010.10009765625,5008.89990234375,5009.89990234375,37
2026-03-17 20:12:00,5008.7998046875,5008.89990234375,5008.7001953125,5008.7998046875,20
2026-03-17 20:13:00,5008.7001953125,5009.0,5008.60009765625,5008.89990234375,10
2026-03-17 20:14:00,5008.2998046875,5009.39990234375,5008.2001953125,5009.0,31
2026-03-17 20:15:00,5008.5,5008.7998046875,5008.2001953125,5008.2001953125,7
2026-03-17 20:17:00,5007.89990234375,5009.0,5007.60009765625,5008.7001953125,22
2026-03-17 20:18:00,5009.2001953125,5009.2001953125,5007.39990234375,5007.60009765625,21
2026-03-17 20:19:00,5009.10009765625,5009.60009765625,5009.0,5009.2998046875,18
2026-03-17 20:20:00,5008.39990234375,5009.2001953125,5008.2998046875,5009.10009765625,10
2026-03-17 20:21:00,5007.2998046875,5009.5,5007.2998046875,5009.0,44
2026-03-17 20:22:00,5007.60009765625,5007.7998046875,5007.39990234375,5007.60009765625,11
2026-03-17 20:23:00,5006.7998046875,5007.5,5006.60009765625,5007.39990234375,12
2026-03-17 20:24:00,5007.0,5007.0,5006.60009765625,5007.0,8
2026-03-17 20:25:00,5006.7998046875,5007.10009765625,5006.7998046875,5006.89990234375,31
2026-03-17 20:26:00,5007.89990234375,5007.89990234375,5006.60009765625,5007.0,61
2026-03-17 20:27:00,5008.2001953125,5008.2001953125,5007.7998046875,5008.10009765625,6
2026-03-17 20:28:00,5008.39990234375,5008.39990234375,5008.39990234375,5008.39990234375,1
2026-03-17 20:29:00,5008.60009765625,5008.60009765625,5008.2998046875,5008.5,5
2026-03-17 20:30:00,5008.7001953125,5009.0,5008.60009765625,5008.60009765625,7
2026-03-17 20:31:00,5009.2998046875,5009.7001953125,5008.89990234375,5008.89990234375,30
2026-03-17 20:32:00,5009.0,5009.7001953125,5009.0,5009.2001953125,22
2026-03-17 20:33:00,5009.10009765625,5009.2001953125,5008.89990234375,5009.0,6
2026-03-17 20:34:00,5009.0,5009.2998046875,5009.0,5009.2998046875,5
2026-03-17 20:35:00,5007.7001953125,5009.0,5007.60009765625,5009.0,22
2026-03-17 20:36:00,5007.89990234375,5008.0,5007.60009765625,5007.89990234375,41
2026-03-17 20:37:00,5007.89990234375,5007.89990234375,5007.89990234375,5007.89990234375,2
2026-03-17 20:38:00,5008.5,5008.7001953125,5008.10009765625,5008.10009765625,8
2026-03-17 20:39:00,5008.39990234375,5008.7998046875,5008.39990234375,5008.7998046875,4
2026-03-17 20:40:00,5008.10009765625,5008.2998046875,5008.10009765625,5008.2998046875,5
2026-03-17 20:41:00,5007.7998046875,5008.0,5007.7998046875,5008.0,13
2026-03-17 20:42:00,5007.89990234375,5008.39990234375,5007.89990234375,5008.0,20
2026-03-17 20:43:00,5008.39990234375,5008.5,5007.7001953125,5007.89990234375,27
2026-03-17 20:44:00,5008.5,5008.7001953125,5008.2001953125,5008.2001953125,15
2026-03-17 20:45:00,5009.60009765625,5010.2001953125,5008.39990234375,5008.39990234375,31
2026-03-17 20:46:00,5009.2001953125,5010.10009765625,5008.89990234375,5009.60009765625,191
2026-03-17 20:47:00,5008.7998046875,5010.0,5008.39990234375,5009.2998046875,38
2026-03-17 20:48:00,5008.60009765625,5009.0,5008.60009765625,5008.89990234375,7
2026-03-17 20:49:00,5007.60009765625,5008.89990234375,5007.39990234375,5008.89990234375,30
2026-03-17 20:50:00,5008.39990234375,5008.5,5007.89990234375,5007.89990234375,13
2026-03-17 20:51:00,5008.0,5008.39990234375,5007.7001953125,5008.39990234375,20
2026-03-17 20:52:00,5007.60009765625,5008.0,5007.2998046875,5007.7001953125,28
2026-03-17 20:53:00,5006.5,5007.39990234375,5006.0,5007.39990234375,40
2026-03-17 20:54:00,5006.5,5006.7001953125,5006.10009765625,5006.7001953125,10
2026-03-17 20:55:00,5006.2998046875,5006.7998046875,5006.0,5006.5,16
2026-03-17 20:56:00,5006.7998046875,5007.0,5006.2998046875,5006.39990234375,36
2026-03-17 20:57:00,5008.2001953125,5008.7998046875,5006.7001953125,5006.7001953125,93
2026-03-17 20:58:00,5010.5,5010.60009765625,5008.2998046875,5008.2998046875,67
2026-03-17 20:59:00,5011.2998046875,5011.60009765625,5009.89990234375,5010.2001953125,51
2026-03-17 22:00:00,5009.2001953125,5011.2001953125,5009.10009765625,5010.60009765625,0
2026-03-17 22:01:00,5008.0,5009.2001953125,5008.0,5009.0,9
2026-03-17 22:02:00,5008.0,5008.5,5008.0,5008.5,6
2026-03-17 22:03:00,5005.2001953125,5009.7001953125,5004.7998046875,5007.39990234375,38
2026-03-17 22:04:00,5005.39990234375,5006.7001953125,5005.39990234375,5005.7001953125,6
2026-03-17 22:05:00,5005.39990234375,5005.7001953125,5005.0,5005.0,8
2026-03-17 22:06:00,5006.5,5006.5,5005.5,5006.0,9
2026-03-17 22:07:00,5004.2001953125,5005.5,5001.10009765625,5005.5,49
2026-03-17 22:08:00,5003.39990234375,5004.2001953125,5003.10009765625,5003.5,10
2026-03-17 22:09:00,5005.39990234375,5005.60009765625,5003.2998046875,5003.2998046875,7
2026-03-17 22:10:00,5004.89990234375,5005.0,5004.89990234375,5005.0,3
2026-03-17 22:11:00,5005.2998046875,5005.2998046875,5005.2001953125,5005.2001953125,5
2026-03-17 22:12:00,5007.7998046875,5008.10009765625,5006.10009765625,5006.2001953125,21
2026-03-17 22:13:00,5006.39990234375,5007.7998046875,5006.39990234375,5007.7998046875,11
2026-03-17 22:15:00,5008.2001953125,5008.7998046875,5006.7998046875,5007.0,21
2026-03-17 22:16:00,5007.2001953125,5007.7001953125,5007.2001953125,5007.7001953125,2
2026-03-17 22:17:00,5006.10009765625,5006.2998046875,5006.10009765625,5006.2998046875,2
2026-03-17 22:18:00,5004.0,5006.60009765625,5004.0,5006.0,34
2026-03-17 22:19:00,5004.89990234375,5004.89990234375,5004.0,5004.60009765625,8
2026-03-17 22:20:00,5006.0,5006.7001953125,5004.5,5004.5,26
2026-03-17 22:21:00,5006.2998046875,5006.2998046875,5005.10009765625,5005.5,10
2026-03-17 22:22:00,5005.39990234375,5005.5,5005.39990234375,5005.5,3
2026-03-17 22:23:00,5006.0,5006.39990234375,5005.10009765625,5005.39990234375,10
2026-03-17 22:24:00,5005.5,5005.5,5004.7998046875,5004.7998046875,5
2026-03-17 22:26:00,5005.7998046875,5005.7998046875,5005.7001953125,5005.7001953125,2
2026-03-17 22:28:00,5006.2998046875,5006.2998046875,5006.2998046875,5006.2998046875,2
2026-03-17 22:29:00,5006.2998046875,5006.2998046875,5006.2998046875,5006.2998046875,1
2026-03-17 22:30:00,5003.5,5005.5,5003.5,5005.5,37
2026-03-17 22:31:00,5003.60009765625,5004.10009765625,5003.5,5003.7998046875,12
2026-03-17 22:32:00,5002.0,5003.2001953125,5002.0,5003.10009765625,24
2026-03-17 22:33:00,5001.7001953125,5002.2998046875,5001.60009765625,5002.2998046875,8
2026-03-17 22:34:00,5001.5,5002.0,5001.2001953125,5001.7001953125,25
2026-03-17 22:35:00,5002.7998046875,5002.7998046875,5001.10009765625,5001.5,38
2026-03-17 22:36:00,5003.39990234375,5003.5,5003.2001953125,5003.2001953125,8
2026-03-17 22:37:00,5003.2998046875,5004.0,5003.2998046875,5003.39990234375,7
2026-03-17 22:38:00,5003.60009765625,5003.7998046875,5003.0,5003.2998046875,17
2026-03-17 22:39:00,5003.2001953125,5003.5,5003.0,5003.2998046875,14
2026-03-17 22:40:00,5002.60009765625,5003.5,5002.0,5002.7998046875,16
2026-03-17 22:41:00,5003.2001953125,5003.39990234375,5002.89990234375,5002.89990234375,6
2026-03-17 22:42:00,5002.7998046875,5003.10009765625,5002.2001953125,5003.10009765625,8
2026-03-17 22:43:00,5002.0,5002.5,5002.0,5002.2001953125,8
2026-03-17 22:44:00,4999.89990234375,5002.0,4999.10009765625,5001.7998046875,47
2026-03-17 22:45:00,4998.0,5000.2998046875,4997.7001953125,5000.2998046875,33
2026-03-17 22:46:00,5000.2001953125,5000.2001953125,4996.89990234375,4998.0,135
2026-03-17 22:47:00,5003.10009765625,5003.10009765625,5000.10009765625,5001.0,50
2026-03-17 22:48:00,5003.7001953125,5004.5,5002.89990234375,5003.5,41
2026-03-17 22:49:00,5003.5,5004.10009765625,5002.2001953125,5003.2001953125,53
2026-03-17 22:50:00,5007.0,5007.10009765625,5003.89990234375,5003.89990234375,69
2026-03-17 22:51:00,5003.10009765625,5006.2998046875,5003.10009765625,5006.2998046875,19
2026-03-17 22:52:00,5004.7001953125,5005.10009765625,5002.89990234375,5002.89990234375,13
2026-03-17 22:53:00,5003.5,5003.89990234375,5003.5,5003.89990234375,5
2026-03-17 22:54:00,5002.2001953125,5003.2001953125,5002.2001953125,5003.2001953125,5
2026-03-17 22:55:00,5002.7001953125,5002.7998046875,5002.10009765625,5002.2998046875,12
2026-03-17 22:56:00,5003.2001953125,5003.2001953125,5002.0,5002.2998046875,30
2026-03-17 22:57:00,5003.60009765625,5003.60009765625,5002.5,5002.5,6
2026-03-17 22:58:00,5003.89990234375,5003.89990234375,5003.60009765625,5003.60009765625,2
2026-03-17 22:59:00,5003.60009765625,5003.60009765625,5003.60009765625,5003.60009765625,4
2026-03-17 23:00:00,5005.39990234375,5006.10009765625,5003.2998046875,5003.39990234375,34
2026-03-17 23:01:00,5005.2001953125,5005.89990234375,5004.60009765625,5005.7001953125,21
2026-03-17 23:02:00,5004.10009765625,5006.2998046875,5004.10009765625,5005.0,26
2026-03-17 23:03:00,5003.7998046875,5004.7998046875,5003.7998046875,5004.7998046875,2
2026-03-17 23:04:00,5005.5,5005.7998046875,5004.39990234375,5004.39990234375,7
2026-03-17 23:05:00,5006.0,5007.10009765625,5005.5,5005.5,21
2026-03-17 23:06:00,5004.39990234375,5006.0,5004.39990234375,5006.0,27
2026-03-17 23:07:00,5003.89990234375,5003.89990234375,5002.60009765625,5003.7001953125,11
2026-03-17 23:08:00,5003.39990234375,5004.10009765625,5003.2998046875,5003.89990234375,5
2026-03-17 23:09:00,5004.10009765625,5004.10009765625,5004.0,5004.0,2
2026-03-17 23:10:00,5003.7998046875,5004.7998046875,5003.7998046875,5004.2001953125,6
2026-03-17 23:11:00,5002.89990234375,5003.2998046875,5002.2001953125,5003.2998046875,11
2026-03-17 23:12:00,5003.39990234375,5003.39990234375,5003.2001953125,5003.2001953125,2
2026-03-17 23:13:00,5003.10009765625,5003.10009765625,5003.10009765625,5003.10009765625,1
2026-03-17 23:14:00,5002.89990234375,5002.89990234375,5002.89990234375,5002.89990234375,1
2026-03-17 23:15:00,5004.2998046875,5004.5,5003.0,5003.0,44
2026-03-17 23:16:00,5003.39990234375,5003.39990234375,5003.39990234375,5003.39990234375,62
2026-03-17 23:17:00,5003.2998046875,5003.2998046875,5003.0,5003.0,3
2026-03-17 23:19:00,5004.0,5005.5,5004.0,5004.60009765625,10
2026-03-17 23:20:00,5005.2001953125,5005.2001953125,5004.60009765625,5004.60009765625,4
2026-03-17 23:21:00,5004.7001953125,5004.7001953125,5004.7001953125,5004.7001953125,1
2026-03-17 23:23:00,5004.7001953125,5004.7001953125,5004.7001953125,5004.7001953125,1
2026-03-17 23:24:00,5004.2001953125,5004.2001953125,5004.2001953125,5004.2001953125,1
2026-03-17 23:25:00,5004.7001953125,5005.10009765625,5003.5,5003.5,5
2026-03-17 23:27:00,5004.0,5004.5,5002.7998046875,5004.10009765625,32
2026-03-17 23:28:00,5004.7998046875,5004.7998046875,5002.7001953125,5003.39990234375,36
2026-03-17 23:29:00,5003.7001953125,5004.39990234375,5003.60009765625,5004.39990234375,11
2026-03-17 23:30:00,5005.2998046875,5006.0,5003.60009765625,5003.7998046875,45
2026-03-17 23:31:00,5005.89990234375,5006.7998046875,5005.7998046875,5005.7998046875,8
2026-03-17 23:32:00,5006.0,5007.89990234375,5005.5,5005.7001953125,32
2026-03-17 23:33:00,5006.0,5007.10009765625,5006.0,5006.0,18
2026-03-17 23:34:00,5006.39990234375,5006.39990234375,5006.39990234375,5006.39990234375,1
2026-03-17 23:35:00,5006.0,5006.0,5005.7001953125,5006.0,11
2026-03-17 23:36:00,5005.39990234375,5006.0,5005.39990234375,5006.0,2
2026-03-17 23:37:00,5005.7998046875,5005.7998046875,5005.0,5005.2998046875,12
2026-03-17 23:38:00,5005.2001953125,5005.2998046875,5005.2001953125,5005.2998046875,2
2026-03-17 23:39:00,5005.0,5005.5,5005.0,5005.0,10
2026-03-17 23:40:00,5006.2001953125,5006.2001953125,5005.5,5005.5,5
2026-03-17 23:42:00,5006.2001953125,5006.2001953125,5006.2001953125,5006.2001953125,1
2026-03-17 23:43:00,5006.7001953125,5007.0,5006.7001953125,5006.89990234375,4
2026-03-17 23:44:00,5005.7001953125,5006.5,5005.7001953125,5006.2998046875,10
2026-03-17 23:45:00,5005.89990234375,5006.0,5005.89990234375,5006.0,2
2026-03-17 23:46:00,5005.7998046875,5005.7998046875,5005.7998046875,5005.7998046875,1
2026-03-17 23:47:00,5005.0,5005.60009765625,5005.0,5005.60009765625,6
2026-03-17 23:48:00,5005.0,5005.2001953125,5005.0,5005.2001953125,2
2026-03-17 23:49:00,5005.5,5005.5,5005.0,5005.0,3
2026-03-17 23:51:00,5006.0,5006.0,5006.0,5006.0,1
2026-03-17 23:52:00,5006.2998046875,5006.2998046875,5006.2001953125,5006.2001953125,2
2026-03-17 23:53:00,5007.0,5007.0,5006.89990234375,5006.89990234375,2
2026-03-17 23:54:00,5006.2998046875,5006.39990234375,5006.2998046875,5006.39990234375,2
2026-03-17 23:55:00,5006.10009765625,5006.39990234375,5006.10009765625,5006.39990234375,5
2026-03-17 23:56:00,5006.39990234375,5006.5,5006.39990234375,5006.39990234375,5
2026-03-17 23:57:00,5006.2001953125,5006.2001953125,5006.2001953125,5006.2001953125,1
2026-03-17 23:58:00,5006.10009765625,5006.39990234375,5006.10009765625,5006.2998046875,3
2026-03-17 23:59:00,5006.60009765625,5006.7001953125,5006.2998046875,5006.2998046875,4
2026-03-18 00:00:00,5006.60009765625,5006.7001953125,5005.0,5006.60009765625,34
2026-03-18 00:01:00,5006.2001953125,5006.7001953125,5005.7001953125,5006.5,12
2026-03-18 00:02:00,5005.7001953125,5006.2001953125,5005.0,5005.60009765625,60
2026-03-18 00:03:00,5008.7001953125,5009.2001953125,5005.2998046875,5005.2998046875,55
2026-03-18 00:04:00,5009.7998046875,5011.5,5009.10009765625,5009.10009765625,60
2026-03-18 00:05:00,5013.2998046875,5013.39990234375,5010.89990234375,5010.89990234375,72
2026-03-18 00:06:00,5015.7998046875,5016.39990234375,5012.39990234375,5012.39990234375,77
2026-03-18 00:07:00,5015.5,5016.60009765625,5015.10009765625,5015.7998046875,52
2026-03-18 00:08:00,5015.10009765625,5016.7001953125,5015.0,5016.10009765625,37
2026-03-18 00:09:00,5016.0,5016.2998046875,5015.2001953125,5015.7998046875,38
2026-03-18 00:10:00,5015.7001953125,5017.2998046875,5015.7001953125,5016.2998046875,73
2026-03-18 00:11:00,5014.5,5016.2001953125,5014.2998046875,5016.2001953125,50
2026-03-18 00:12:00,5014.7998046875,5016.7001953125,5014.2001953125,5014.2001953125,121
2026-03-18 00:13:00,5015.2998046875,5016.89990234375,5014.60009765625,5015.2998046875,304
2026-03-18 00:14:00,5014.0,5015.2998046875,5013.60009765625,5015.2001953125,23
2026-03-18 00:15:00,5015.10009765625,5016.5,5014.39990234375,5014.7998046875,78
2026-03-18 00:16:00,5014.7998046875,5015.7001953125,5013.60009765625,5015.60009765625,34
2026-03-18 00:17:00,5013.39990234375,5014.2001953125,5013.0,5014.0,22
2026-03-18 00:18:00,5014.7998046875,5016.39990234375,5013.5,5014.0,72
2026-03-18 00:19:00,5010.5,5014.2998046875,5010.2998046875,5014.2998046875,99
2026-03-18 00:20:00,5009.0,5010.89990234375,5009.0,5010.89990234375,42
2026-03-18 00:21:00,5009.7998046875,5010.7001953125,5009.0,5009.0,25
2026-03-18 00:22:00,5010.7001953125,5010.7001953125,5009.2998046875,5009.5,17
2026-03-18 00:23:00,5009.60009765625,5011.89990234375,5009.60009765625,5010.5,33
2026-03-18 00:24:00,5010.0,5010.5,5009.2001953125,5010.2001953125,24
2026-03-18 00:25:00,5008.7998046875,5010.0,5008.60009765625,5009.60009765625,18
2026-03-18 00:26:00,5008.5,5009.7001953125,5008.5,5008.7001953125,19
2026-03-18 00:27:00,5008.60009765625,5008.60009765625,5007.5,5008.2998046875,43
2026-03-18 00:28:00,5007.7001953125,5009.5,5007.7001953125,5008.7998046875,16
2026-03-18 00:29:00,5007.39990234375,5008.2998046875,5007.0,5007.2998046875,24
2026-03-18 00:30:00,5006.5,5007.89990234375,5005.0,5006.89990234375,100
2026-03-18 00:31:00,5007.10009765625,5007.89990234375,5006.0,5006.10009765625,29
2026-03-18 00:32:00,5005.5,5006.89990234375,5005.0,5006.89990234375,35
2026-03-18 00:33:00,5005.0,5006.0,5004.89990234375,5005.2001953125,58
2026-03-18 00:34:00,5005.10009765625,5005.5,5004.89990234375,5004.89990234375,61
2026-03-18 00:35:00,5005.7001953125,5006.60009765625,5004.7998046875,5004.89990234375,173
2026-03-18 00:36:00,5004.89990234375,5005.89990234375,5004.7998046875,5005.89990234375,102
2026-03-18 00:37:00,5005.39990234375,5006.10009765625,5004.89990234375,5005.2001953125,33
2026-03-18 00:38:00,5005.7998046875,5006.10009765625,5004.89990234375,5004.89990234375,51
2026-03-18 00:39:00,5005.60009765625,5005.7998046875,5005.2001953125,5005.7001953125,10
2026-03-18 00:40:00,5005.0,5006.2998046875,5005.0,5005.60009765625,33
2026-03-18 00:41:00,5007.39990234375,5007.39990234375,5004.7001953125,5005.0,161
2026-03-18 00:42:00,5007.2998046875,5007.7001953125,5005.60009765625,5007.60009765625,59
2026-03-18 00:43:00,5007.39990234375,5008.10009765625,5005.7001953125,5007.5,82
2026-03-18 00:44:00,5008.7998046875,5009.39990234375,5006.89990234375,5007.39990234375,31
2026-03-18 00:45:00,5007.10009765625,5010.39990234375,5007.10009765625,5008.7001953125,83
2026-03-18 00:46:00,5007.5,5007.5,5005.60009765625,5007.39990234375,46
2026-03-18 00:47:00,5007.5,5008.2001953125,5007.10009765625,5007.2001953125,19
2026-03-18 00:48:00,5006.89990234375,5007.5,5006.5,5007.5,29
2026-03-18 00:49:00,5009.5,5011.60009765625,5006.2998046875,5007.2001953125,134
2026-03-18 00:50:00,5010.0,5010.2001953125,5009.60009765625,5010.0,12
2026-03-18 00:51:00,5011.89990234375,5012.60009765625,5010.10009765625,5010.10009765625,50
2026-03-18 00:52:00,5011.89990234375,5012.7998046875,5011.5,5012.0,20
2026-03-18 00:53:00,5010.89990234375,5011.7998046875,5010.2998046875,5011.7998046875,18
2026-03-18 00:54:00,5010.0,5010.10009765625,5009.60009765625,5010.0,13
2026-03-18 00:55:00,5007.7998046875,5009.39990234375,5007.7998046875,5009.2998046875,32
2026-03-18 00:56:00,5007.89990234375,5007.89990234375,5007.2001953125,5007.7001953125,8
2026-03-18 00:57:00,5009.10009765625,5009.10009765625,5007.7998046875,5008.0,12
2026-03-18 00:58:00,5009.10009765625,5009.2998046875,5008.60009765625,5009.2001953125,33
2026-03-18 00:59:00,5008.39990234375,5009.60009765625,5008.39990234375,5009.39990234375,13
2026-03-18 01:00:00,5004.39990234375,5009.89990234375,5003.7998046875,5008.89990234375,151
2026-03-18 01:01:00,5002.89990234375,5006.39990234375,5002.10009765625,5004.60009765625,123
2026-03-18 01:02:00,5008.0,5008.0,5002.0,5002.89990234375,102
2026-03-18 01:03:00,5011.10009765625,5012.0,5008.39990234375,5008.39990234375,70
2026-03-18 01:04:00,5012.0,5013.2001953125,5010.7998046875,5012.10009765625,80
2026-03-18 01:05:00,5013.39990234375,5015.10009765625,5012.60009765625,5013.39990234375,86
2026-03-18 01:06:00,5015.60009765625,5015.60009765625,5012.60009765625,5014.2001953125,94
2026-03-18 01:07:00,5017.0,5017.5,5014.7001953125,5016.0,131
2026-03-18 01:08:00,5016.7998046875,5017.7001953125,5015.39990234375,5016.60009765625,184
2026-03-18 01:09:00,5017.10009765625,5017.7998046875,5016.39990234375,5016.60009765625,312
2026-03-18 01:10:00,5018.5,5021.0,5017.10009765625,5017.10009765625,318
2026-03-18 01:11:00,5016.89990234375,5018.2998046875,5016.89990234375,5018.2998046875,39
2026-03-18 01:12:00,5016.7001953125,5018.2001953125,5016.60009765625,5017.5,56
2026-03-18 01:13:00,5016.5,5017.2998046875,5016.2998046875,5016.7001953125,79
2026-03-18 01:14:00,5016.89990234375,5017.0,5016.2998046875,5016.2998046875,51
2026-03-18 01:15:00,5017.60009765625,5018.60009765625,5016.89990234375,5016.89990234375,46
2026-03-18 01:16:00,5018.2998046875,5020.2998046875,5018.10009765625,5018.39990234375,43
2026-03-18 01:17:00,5017.60009765625,5018.39990234375,5017.2998046875,5017.2998046875,12
2026-03-18 01:18:00,5016.60009765625,5017.0,5016.2001953125,5017.0,43
2026-03-18 01:19:00,5018.5,5018.5,5016.7998046875,5017.10009765625,22
2026-03-18 01:20:00,5020.39990234375,5022.0,5018.2001953125,5018.2998046875,94
2026-03-18 01:21:00,5019.39990234375,5021.10009765625,5018.89990234375,5021.10009765625,22
2026-03-18 01:22:00,5018.39990234375,5019.2998046875,5018.39990234375,5018.7998046875,7
2026-03-18 01:23:00,5018.60009765625,5019.2998046875,5017.7001953125,5017.7001953125,30
2026-03-18 01:24:00,5017.10009765625,5018.89990234375,5016.5,5018.7001953125,63
2026-03-18 01:25:00,5016.2001953125,5017.10009765625,5016.2001953125,5016.7001953125,84
2026-03-18 01:26:00,5016.39990234375,5016.39990234375,5014.5,5016.2001953125,120
2026-03-18 01:27:00,5015.7001953125,5015.7998046875,5014.5,5015.7998046875,30
2026-03-18 01:28:00,5014.60009765625,5015.89990234375,5014.60009765625,5015.10009765625,31
2026-03-18 01:29:00,5012.7998046875,5015.2001953125,5012.2998046875,5015.10009765625,82
2026-03-18 01:30:00,5012.60009765625,5012.7001953125,5011.10009765625,5012.39990234375,40
2026-03-18 01:31:00,5012.10009765625,5012.39990234375,5011.2998046875,5012.10009765625,21
2026-03-18 01:32:00,5013.10009765625,5014.0,5011.5,5011.89990234375,67
2026-03-18 01:33:00,5014.10009765625,5014.10009765625,5012.7998046875,5013.5,41
2026-03-18 01:34:00,5010.2001953125,5013.7001953125,5010.2001953125,5013.60009765625,42
2026-03-18 01:35:00,5010.2998046875,5010.7998046875,5008.7001953125,5010.2998046875,74
2026-03-18 01:36:00,5008.10009765625,5010.39990234375,5007.2001953125,5009.60009765625,87
2026-03-18 01:37:00,5007.2998046875,5008.7001953125,5006.0,5007.60009765625,76
2026-03-18 01:38:00,5009.39990234375,5009.60009765625,5007.2998046875,5007.2998046875,95
2026-03-18 01:39:00,5009.7998046875,5009.7998046875,5008.2001953125,5009.10009765625,55
2026-03-18 01:40:00,5009.39990234375,5010.0,5008.60009765625,5010.0,49
2026-03-18 01:41:00,5007.7001953125,5009.2998046875,5006.5,5009.2998046875,72
2026-03-18 01:42:00,5008.5,5008.5,5006.7001953125,5007.60009765625,43
2026-03-18 01:43:00,5006.7001953125,5008.2998046875,5006.7001953125,5008.0,74
2026-03-18 01:44:00,5005.7998046875,5007.60009765625,5005.7998046875,5006.7001953125,27
2026-03-18 01:45:00,5003.0,5005.7998046875,5002.7998046875,5005.7998046875,181
2026-03-18 01:46:00,5001.39990234375,5002.7998046875,5000.39990234375,5002.60009765625,117
2026-03-18 01:47:00,5002.2998046875,5002.5,5000.0,5000.7998046875,168
2026-03-18 01:48:00,5001.7998046875,5003.0,5001.2998046875,5002.39990234375,72
2026-03-18 01:49:00,5002.2998046875,5003.5,5001.5,5002.0,76
2026-03-18 01:50:00,5001.10009765625,5002.89990234375,4999.10009765625,5002.7998046875,125
2026-03-18 01:51:00,4999.60009765625,5000.7998046875,4998.5,5000.7001953125,115
2026-03-18 01:52:00,4999.2001953125,5000.39990234375,4994.2998046875,4999.60009765625,274
2026-03-18 01:53:00,5000.5,5000.5,4997.7998046875,4999.0,100
2026-03-18 01:54:00,5001.7001953125,5001.7998046875,4999.2998046875,5000.7001953125,104
2026-03-18 01:55:00,4998.5,5003.2001953125,4998.2998046875,5002.10009765625,77
2026-03-18 01:56:00,5002.39990234375,5003.2001953125,4998.5,4998.7001953125,98
2026-03-18 01:57:00,5002.0,5003.5,5000.89990234375,5002.0,107
2026-03-18 01:58:00,5001.89990234375,5002.7001953125,5000.7001953125,5001.7998046875,25
2026-03-18 01:59:00,5002.2001953125,5003.5,5001.7001953125,5003.39990234375,19
2026-03-18 02:00:00,5003.7001953125,5005.7998046875,5002.2001953125,5002.2001953125,116
2026-03-18 02:01:00,5003.89990234375,5005.10009765625,5003.2001953125,5004.39990234375,39
2026-03-18 02:02:00,5004.2998046875,5004.5,5003.7998046875,5004.5,24
2026-03-18 02:03:00,5005.60009765625,5005.60009765625,5003.7001953125,5004.10009765625,15
2026-03-18 02:04:00,5001.5,5005.0,5001.39990234375,5005.0,50
2026-03-18 02:05:00,5001.0,5001.5,4999.7001953125,5001.0,30
2026-03-18 02:06:00,5001.2998046875,5004.10009765625,5001.0,5002.0,58
2026-03-18 02:07:00,5000.39990234375,5001.2001953125,5000.39990234375,5001.2001953125,3
2026-03-18 02:08:00,5003.2998046875,5003.2998046875,5000.7001953125,5000.7001953125,14
2026-03-18 02:09:00,5002.7998046875,5004.7998046875,5002.5,5003.10009765625,73
2026-03-18 02:10:00,5003.10009765625,5004.0,5003.10009765625,5004.0,36
2026-03-18 02:11:00,5003.0,5003.10009765625,5003.0,5003.10009765625,2
2026-03-18 02:12:00,5004.2998046875,5004.39990234375,5002.0,5003.10009765625,19
2026-03-18 02:13:00,5003.2001953125,5003.60009765625,5003.2001953125,5003.60009765625,8
2026-03-18 02:14:00,5002.7001953125,5003.39990234375,5002.7001953125,5002.7998046875,12
2026-03-18 02:15:00,5003.0,5003.0,5003.0,5003.0,1
2026-03-18 02:16:00,5003.60009765625,5004.39990234375,5002.2998046875,5003.60009765625,27
2026-03-18 02:17:00,5006.39990234375,5006.39990234375,5003.2998046875,5003.39990234375,33
2026-03-18 02:18:00,5006.5,5006.89990234375,5005.39990234375,5005.5,16
2026-03-18 02:19:00,5006.60009765625,5007.7001953125,5006.60009765625,5006.7001953125,13
2026-03-18 02:20:00,5008.89990234375,5008.89990234375,5006.39990234375,5006.7001953125,81
2026-03-18 02:21:00,5009.7001953125,5009.7001953125,5008.0,5008.7998046875,45
2026-03-18 02:22:00,5009.60009765625,5010.7001953125,5008.89990234375,5009.10009765625,60
2026-03-18 02:23:00,5008.5,5009.2001953125,5008.2998046875,5009.10009765625,24
2026-03-18 02:24:00,5005.5,5009.10009765625,5005.5,5009.0,40
2026-03-18 02:25:00,5006.7998046875,5006.7998046875,5005.2998046875,5005.2998046875,30
2026-03-18 02:26:00,5007.60009765625,5007.89990234375,5006.60009765625,5007.2001953125,31
2026-03-18 02:27:00,5006.0,5007.60009765625,5006.0,5007.2998046875,20
2026-03-18 02:28:00,5006.39990234375,5006.60009765625,5005.7998046875,5006.2998046875,18
2026-03-18 02:29:00,5005.60009765625,5006.10009765625,5005.10009765625,5006.10009765625,20
2026-03-18 02:30:00,5004.7001953125,5006.2998046875,5004.0,5006.0,62
2026-03-18 02:31:00,5005.89990234375,5005.89990234375,5003.7001953125,5004.2001953125,28
2026-03-18 02:32:00,5005.0,5005.7001953125,5004.7998046875,5005.7001953125,32
2026-03-18 02:33:00,5003.7998046875,5004.7998046875,5003.7998046875,5004.60009765625,10
2026-03-18 02:34:00,5006.10009765625,5006.89990234375,5003.2001953125,5003.60009765625,44
2026-03-18 02:35:00,5006.2998046875,5007.0,5006.0,5006.7998046875,15
2026-03-18 02:36:00,5004.39990234375,5006.0,5003.60009765625,5006.0,24
2026-03-18 02:37:00,5003.60009765625,5005.2001953125,5003.60009765625,5004.2001953125,15
2026-03-18 02:38:00,5006.2001953125,5006.2001953125,5003.60009765625,5004.2001953125,15
2026-03-18 02:39:00,5004.7001953125,5005.60009765625,5004.10009765625,5005.60009765625,11
2026-03-18 02:40:00,5004.5,5004.5,5004.10009765625,5004.5,10
2026-03-18 02:41:00,5005.39990234375,5005.39990234375,5004.10009765625,5004.10009765625,13
2026-03-18 02:42:00,5005.2001953125,5005.2001953125,5004.2001953125,5004.2001953125,10
2026-03-18 02:43:00,5004.60009765625,5005.0,5004.5,5004.60009765625,13
2026-03-18 02:44:00,5004.89990234375,5005.39990234375,5004.60009765625,5004.89990234375,26
2026-03-18 02:45:00,5005.7998046875,5006.5,5005.2998046875,5005.39990234375,30
2026-03-18 02:46:00,5006.10009765625,5006.10009765625,5005.60009765625,5005.7998046875,12
2026-03-18 02:47:00,5007.0,5007.0,5006.2998046875,5006.2998046875,14
2026-03-18 02:48:00,5006.39990234375,5007.39990234375,5006.39990234375,5007.0,18
2026-03-18 02:49:00,5005.2001953125,5006.7001953125,5004.2998046875,5006.7001953125,32
2026-03-18 02:50:00,5006.2001953125,5006.2001953125,5003.5,5005.0,23
2026-03-18 02:51:00,5004.5,5006.10009765625,5002.5,5006.10009765625,67
2026-03-18 02:52:00,5005.2001953125,5005.7001953125,5003.7001953125,5004.5,57
2026-03-18 02:53:00,5001.10009765625,5004.60009765625,5000.89990234375,5004.60009765625,58
2026-03-18 02:54:00,4999.2001953125,5001.5,4998.0,5000.89990234375,96
2026-03-18 02:55:00,4997.89990234375,4999.0,4997.10009765625,4998.7001953125,39
2026-03-18 02:56:00,4996.7001953125,4998.60009765625,4995.5,4997.89990234375,119
2026-03-18 02:57:00,4994.39990234375,4997.2001953125,4993.39990234375,4997.10009765625,110
2026-03-18 02:58:00,4993.89990234375,4994.7998046875,4993.2998046875,4994.10009765625,98
2026-03-18 02:59:00,4994.89990234375,4995.7001953125,4993.0,4994.10009765625,128
2026-03-18 03:00:00,4994.89990234375,4995.60009765625,4993.7998046875,4994.89990234375,91
2026-03-18 03:01:00,4995.0,4995.39990234375,4993.2001953125,4995.2001953125,81
2026-03-18 03:02:00,4994.7001953125,4994.7001953125,4993.2001953125,4994.60009765625,58
2026-03-18 03:03:00,4994.5,4994.60009765625,4993.0,4994.60009765625,78
2026-03-18 03:04:00,4992.10009765625,4994.5,4988.5,4993.60009765625,344
2026-03-18 03:05:00,4996.39990234375,4996.39990234375,4989.5,4992.7001953125,155
2026-03-18 03:06:00,4995.2001953125,4997.0,4995.10009765625,4996.39990234375,41
2026-03-18 03:07:00,4994.60009765625,4995.60009765625,4993.0,4995.10009765625,71
2026-03-18 03:08:00,4995.0,4996.39990234375,4994.0,4994.7998046875,42
2026-03-18 03:09:00,4995.0,4995.7001953125,4994.60009765625,4995.2001953125,37
2026-03-18 03:10:00,4996.10009765625,4996.2998046875,4994.89990234375,4994.89990234375,26
2026-03-18 03:11:00,4994.89990234375,4995.89990234375,4994.7001953125,4995.60009765625,9
2026-03-18 03:12:00,4996.5,4996.60009765625,4994.39990234375,4995.2001953125,32
2026-03-18 03:13:00,4997.7998046875,4997.7998046875,4995.39990234375,4996.2001953125,33
2026-03-18 03:14:00,4997.10009765625,4999.7001953125,4996.60009765625,4998.0,108
2026-03-18 03:15:00,4998.0,4998.2001953125,4997.2998046875,4997.60009765625,32
2026-03-18 03:16:00,4998.2998046875,4998.39990234375,4997.7001953125,4998.0,24
2026-03-18 03:17:00,4996.7998046875,4998.5,4996.7998046875,4997.60009765625,16
2026-03-18 03:18:00,4998.0,4998.89990234375,4996.89990234375,4997.10009765625,50
2026-03-18 03:19:00,4998.2001953125,4998.7001953125,4998.10009765625,4998.5,26
2026-03-18 03:20:00,4998.2998046875,4999.5,4998.2998046875,4999.0,17
2026-03-18 03:21:00,4998.7001953125,4998.7001953125,4997.7998046875,4998.2001953125,8
2026-03-18 03:22:00,4998.0,4999.2001953125,4998.0,4999.0,21
2026-03-18 03:23:00,4999.2001953125,4999.2998046875,4998.7001953125,4998.7001953125,14
2026-03-18 03:24:00,4999.10009765625,5000.0,4999.10009765625,4999.39990234375,35
2026-03-18 03:25:00,4998.7998046875,4999.60009765625,4998.5,4999.2001953125,20
2026-03-18 03:26:00,4998.5,4999.5,4998.0,4998.7001953125,27
2026-03-18 03:27:00,4998.0,4999.10009765625,4997.89990234375,4999.10009765625,10
2026-03-18 03:28:00,4997.60009765625,4998.60009765625,4997.60009765625,4998.0,21
2026-03-18 03:29:00,4999.2998046875,4999.7998046875,4998.7998046875,4999.0,17
2026-03-18 03:30:00,4998.7001953125,4999.7998046875,4998.7001953125,4999.5,25
2026-03-18 03:31:00,4998.60009765625,5000.0,4998.60009765625,4999.60009765625,11
2026-03-18 03:32:00,4998.60009765625,4999.10009765625,4998.60009765625,4998.7001953125,11
2026-03-18 03:33:00,4999.39990234375,5000.2998046875,4998.89990234375,4998.89990234375,38
2026-03-18 03:34:00,4998.7998046875,4999.60009765625,4998.7001953125,4999.10009765625,11
2026-03-18 03:35:00,4998.7998046875,4999.0,4998.2998046875,4998.2998046875,8
2026-03-18 03:36:00,4998.60009765625,4999.2001953125,4998.2998046875,4999.0,21
2026-03-18 03:37:00,5000.10009765625,5000.2998046875,4998.39990234375,4999.0,23
2026-03-18 03:38:00,4999.5,4999.89990234375,4999.10009765625,4999.7998046875,14
2026-03-18 03:39:00,4998.60009765625,4999.10009765625,4998.60009765625,4999.10009765625,3
2026-03-18 03:40:00,4998.5,4998.5,4998.10009765625,4998.5,4
2026-03-18 03:41:00,4998.89990234375,4998.89990234375,4998.7001953125,4998.7998046875,3
2026-03-18 03:42:00,5000.39990234375,5000.7998046875,4999.0,4999.0,42
2026-03-18 03:43:00,4997.2001953125,5000.89990234375,4996.89990234375,5000.2001953125,46
2026-03-18 03:44:00,4997.5,4997.7998046875,4997.2001953125,4997.5,11
2026-03-18 03:45:00,4998.0,4998.10009765625,4997.89990234375,4998.10009765625,3
2026-03-18 03:46:00,4998.2998046875,4998.2998046875,4997.39990234375,4997.89990234375,19
2026-03-18 03:47:00,4997.7001953125,4997.7001953125,4997.7001953125,4997.7001953125,2
2026-03-18 03:48:00,4997.7001953125,4997.7001953125,4997.7001953125,4997.7001953125,1
2026-03-18 03:49:00,4997.2001953125,4997.5,4996.7998046875,4996.7998046875,11
2026-03-18 03:50:00,4997.0,4997.0,4996.7001953125,4996.7998046875,4
2026-03-18 03:51:00,4997.2001953125,4997.39990234375,4996.89990234375,4997.0,6
2026-03-18 03:52:00,4997.0,4997.0,4996.60009765625,4996.89990234375,4
2026-03-18 03:53:00,4997.0,4997.2001953125,4996.2998046875,4996.60009765625,19
2026-03-18 03:54:00,4995.0,4996.39990234375,4995.0,4996.39990234375,38
2026-03-18 03:55:00,4994.7001953125,4996.0,4994.5,4995.7001953125,19
2026-03-18 03:56:00,4993.2001953125,4994.89990234375,4991.7998046875,4994.89990234375,124
2026-03-18 03:57:00,4994.0,4994.7998046875,4993.10009765625,4993.60009765625,18
2026-03-18 03:58:00,4992.7001953125,4993.7001953125,4992.7001953125,4993.7001953125,5
2026-03-18 04:00:00,4995.10009765625,4995.7998046875,4994.2001953125,4994.5,46
2026-03-18 04:01:00,4993.7001953125,4995.10009765625,4993.10009765625,4995.10009765625,28
2026-03-18 04:02:00,4992.89990234375,4994.2001953125,4992.39990234375,4994.2001953125,12
2026-03-18 04:03:00,4993.10009765625,4993.2998046875,4993.0,4993.0,6
2026-03-18 04:04:00,4993.89990234375,4995.5,4993.5,4993.5,35
2026-03-18 04:05:00,4994.0,4994.60009765625,4993.60009765625,4993.7998046875,39
2026-03-18 04:06:00,4995.7001953125,4995.7001953125,4994.2998046875,4994.2998046875,14
2026-03-18 04:07:00,4993.89990234375,4994.60009765625,4993.89990234375,4994.60009765625,11
2026-03-18 04:08:00,4995.2001953125,4995.2001953125,4994.0,4994.0,7
2026-03-18 04:09:00,4994.2998046875,4995.10009765625,4994.2998046875,4995.10009765625,7
2026-03-18 04:10:00,4994.7998046875,4995.0,4994.5,4994.7001953125,11
2026-03-18 04:11:00,4994.60009765625,4995.2001953125,4994.60009765625,4994.89990234375,16
2026-03-18 04:12:00,4993.5,4994.0,4993.10009765625,4994.0,14
2026-03-18 04:13:00,4992.89990234375,4993.39990234375,4992.7001953125,4993.39990234375,13
2026-03-18 04:14:00,4994.10009765625,4994.60009765625,4992.60009765625,4992.7998046875,40
2026-03-18 04:15:00,4994.0,4994.0,4993.60009765625,4993.89990234375,77
2026-03-18 04:16:00,4994.2998046875,4994.39990234375,4993.60009765625,4994.0,19
2026-03-18 04:17:00,4994.7001953125,4995.60009765625,4994.2998046875,4994.2998046875,14
2026-03-18 04:18:00,4995.0,4995.2998046875,4994.2998046875,4995.2998046875,17
2026-03-18 04:19:00,4995.10009765625,4995.60009765625,4995.10009765625,4995.2998046875,12
2026-03-18 04:20:00,4995.10009765625,4995.60009765625,4994.89990234375,4995.0,11
2026-03-18 04:21:00,4994.2001953125,4994.60009765625,4994.0,4994.60009765625,18
2026-03-18 04:22:00,4994.39990234375,4995.39990234375,4994.2001953125,4994.2001953125,18
2026-03-18 04:23:00,4995.60009765625,4996.39990234375,4994.10009765625,4994.7998046875,36
2026-03-18 04:24:00,4995.10009765625,4997.0,4995.10009765625,4996.10009765625,20
2026-03-18 04:25:00,4995.39990234375,4995.7998046875,4994.7001953125,4995.39990234375,26
2026-03-18 04:26:00,4994.60009765625,4994.7998046875,4994.2001953125,4994.7001953125,15
2026-03-18 04:27:00,4993.5,4994.89990234375,4993.5,4994.89990234375,15
2026-03-18 04:28:00,4993.7001953125,4994.60009765625,4993.5,4994.2001953125,36
2026-03-18 04:29:00,4993.39990234375,4994.10009765625,4993.39990234375,4994.10009765625,13
2026-03-18 04:30:00,4993.7001953125,4994.0,4992.39990234375,4994.0,44
2026-03-18 04:31:00,4992.7998046875,4993.60009765625,4992.39990234375,4993.2001953125,14
2026-03-18 04:32:00,4991.7001953125,4992.7998046875,4991.5,4992.7998046875,10
2026-03-18 04:33:00,4990.2998046875,4992.2998046875,4989.5,4992.2998046875,74
2026-03-18 04:34:00,4991.2001953125,4991.60009765625,4988.5,4990.0,62
2026-03-18 04:35:00,4989.5,4992.10009765625,4989.2001953125,4991.39990234375,53
2026-03-18 04:36:00,4988.39990234375,4989.10009765625,4986.7001953125,4989.10009765625,127
2026-03-18 04:37:00,4987.7001953125,4988.7998046875,4987.0,4988.10009765625,59
2026-03-18 04:38:00,4986.60009765625,4987.7998046875,4986.5,4987.7998046875,22
2026-03-18 04:39:00,4985.60009765625,4987.10009765625,4985.60009765625,4986.39990234375,46
2026-03-18 04:40:00,4985.89990234375,4987.0,4984.89990234375,4985.89990234375,410
2026-03-18 04:41:00,4985.2001953125,4987.10009765625,4985.10009765625,4985.60009765625,93
2026-03-18 04:42:00,4987.39990234375,4988.60009765625,4985.5,4985.7998046875,169
2026-03-18 04:43:00,4987.2998046875,4987.7998046875,4986.39990234375,4987.2998046875,57
2026-03-18 04:44:00,4987.5,4987.7001953125,4987.2001953125,4987.60009765625,22
2026-03-18 04:45:00,4987.7998046875,4988.5,4987.7001953125,4987.7001953125,114
2026-03-18 04:46:00,4989.5,4989.5,4987.10009765625,4988.0,55
2026-03-18 04:47:00,4988.60009765625,4989.5,4988.10009765625,4989.5,22
2026-03-18 04:48:00,4988.0,4988.89990234375,4988.0,4988.60009765625,24
2026-03-18 04:49:00,4988.2998046875,4989.2998046875,4988.0,4988.0,10
2026-03-18 04:50:00,4988.39990234375,4989.2998046875,4988.0,4988.2001953125,25
2026-03-18 04:51:00,4987.7001953125,4990.0,4987.10009765625,4988.39990234375,76
2026-03-18 04:52:00,4987.5,4987.89990234375,4987.0,4987.60009765625,22
2026-03-18 04:53:00,4987.60009765625,4988.5,4986.89990234375,4987.0,122
2026-03-18 04:54:00,4986.10009765625,4986.89990234375,4986.10009765625,4986.89990234375,17
2026-03-18 04:55:00,4986.7001953125,4986.7001953125,4985.2998046875,4985.60009765625,19
2026-03-18 04:56:00,4987.0,4987.7001953125,4986.2998046875,4986.5,19
2026-03-18 04:57:00,4988.0,4988.0,4986.7001953125,4987.10009765625,29
2026-03-18 04:58:00,4989.10009765625,4989.2001953125,4988.5,4988.5,33
2026-03-18 04:59:00,4989.89990234375,4990.39990234375,4988.2998046875,4988.7001953125,50
2026-03-18 05:00:00,4989.89990234375,4990.7998046875,4989.7001953125,4990.39990234375,40
2026-03-18 05:01:00,4989.39990234375,4990.5,4988.60009765625,4990.5,22
2026-03-18 05:02:00,4989.60009765625,4989.60009765625,4989.2998046875,4989.2998046875,57
2026-03-18 05:03:00,4988.10009765625,4989.2001953125,4988.10009765625,4989.2001953125,37
2026-03-18 05:04:00,4988.0,4988.5,4987.7001953125,4987.89990234375,12
2026-03-18 05:05:00,4991.10009765625,4991.60009765625,4987.7998046875,4988.10009765625,258
2026-03-18 05:06:00,4991.60009765625,4992.0,4991.39990234375,4991.39990234375,161
2026-03-18 05:07:00,4993.5,4994.2001953125,4991.39990234375,4992.2001953125,99
2026-03-18 05:08:00,4993.2998046875,4993.7998046875,4992.7998046875,4993.2998046875,54
2026-03-18 05:09:00,4993.39990234375,4993.60009765625,4992.89990234375,4993.10009765625,29
2026-03-18 05:10:00,4994.10009765625,4994.5,4993.10009765625,4993.89990234375,38
2026-03-18 05:11:00,4994.7998046875,4994.7998046875,4994.0,4994.5,38
2026-03-18 05:12:00,4994.39990234375,4995.0,4993.7001953125,4994.89990234375,41
2026-03-18 05:13:00,4993.10009765625,4994.39990234375,4992.60009765625,4994.2998046875,33
2026-03-18 05:14:00,4993.7001953125,4993.7001953125,4993.2001953125,4993.2001953125,9
2026-03-18 05:15:00,4992.7001953125,4993.39990234375,4992.60009765625,4993.10009765625,12
2026-03-18 05:16:00,4992.89990234375,4993.39990234375,4992.0,4993.0,52
2026-03-18 05:17:00,4992.2001953125,4992.7998046875,4992.0,4992.7998046875,13
2026-03-18 05:18:00,4990.39990234375,4992.39990234375,4989.2998046875,4992.39990234375,59
2026-03-18 05:19:00,4989.60009765625,4990.2998046875,4988.7001953125,4990.2001953125,32
2026-03-18 05:20:00,4991.89990234375,4992.39990234375,4989.7001953125,4990.0,27
2026-03-18 05:21:00,4993.60009765625,4994.0,4992.2998046875,4992.2998046875,87
2026-03-18 05:22:00,4994.5,4995.10009765625,4993.60009765625,4993.89990234375,105
2026-03-18 05:23:00,4994.7998046875,4995.7001953125,4994.2998046875,4994.60009765625,45
2026-03-18 05:24:00,4995.2998046875,4996.2998046875,4993.60009765625,4995.5,82
2026-03-18 05:25:00,4993.0,4995.60009765625,4993.0,4995.60009765625,69
2026-03-18 05:26:00,4993.7001953125,4994.0,4993.10009765625,4993.5,20
2026-03-18 05:27:00,4992.0,4993.60009765625,4992.0,4993.2001953125,20
2026-03-18 05:28:00,4993.60009765625,4994.2001953125,4992.10009765625,4992.10009765625,48
2026-03-18 05:29:00,4994.0,4994.5,4993.2998046875,4993.7998046875,70
2026-03-18 05:30:00,4995.2001953125,4995.39990234375,4992.10009765625,4994.2998046875,128
2026-03-18 05:31:00,4992.39990234375,4995.89990234375,4992.39990234375,4995.39990234375,62
2026-03-18 05:32:00,4991.7998046875,4993.0,4991.5,4992.7998046875,65
2026-03-18 05:33:00,4993.60009765625,4993.60009765625,4990.5,4991.10009765625,33
2026-03-18 05:34:00,4996.60009765625,4996.60009765625,4993.89990234375,4993.89990234375,76
2026-03-18 05:35:00,4996.5,4997.39990234375,4995.7998046875,4996.7001953125,70
2026-03-18 05:36:00,4998.39990234375,4998.5,4996.7998046875,4997.2001953125,105
2026-03-18 05:37:00,5003.10009765625,5003.60009765625,4997.2998046875,4997.89990234375,295
2026-03-18 05:38:00,5001.7998046875,5004.5,5001.5,5002.89990234375,184
2026-03-18 05:39:00,5000.60009765625,5002.7001953125,5000.2001953125,5002.10009765625,47
2026-03-18 05:40:00,4999.39990234375,5001.10009765625,4998.7001953125,5000.2001953125,89
2026-03-18 05:41:00,5001.2001953125,5001.5,4999.5,4999.5,75
2026-03-18 05:42:00,5002.39990234375,5002.7001953125,5001.10009765625,5001.7998046875,39
2026-03-18 05:43:00,5003.10009765625,5003.7001953125,5001.7998046875,5002.60009765625,54
2026-03-18 05:44:00,5002.39990234375,5004.10009765625,5002.39990234375,5003.2998046875,33
2026-03-18 05:45:00,5001.89990234375,5003.10009765625,5001.89990234375,5002.10009765625,28
2026-03-18 05:46:00,5002.89990234375,5002.89990234375,5001.89990234375,5001.89990234375,14
2026-03-18 05:47:00,5005.5,5006.2001953125,5001.5,5002.60009765625,141
2026-03-18 05:48:00,5002.60009765625,5006.0,5001.7998046875,5005.10009765625,163
2026-03-18 05:49:00,5001.39990234375,5002.89990234375,5001.2998046875,5002.5,34
2026-03-18 05:50:00,5002.10009765625,5002.7001953125,5000.10009765625,5001.0,47
2026-03-18 05:51:00,5001.89990234375,5003.0,5001.89990234375,5002.10009765625,26
2026-03-18 05:52:00,5002.89990234375,5003.10009765625,5001.89990234375,5002.0,20
2026-03-18 05:53:00,5004.10009765625,5004.10009765625,5002.7998046875,5002.89990234375,48
2026-03-18 05:54:00,5004.0,5004.5,5003.5,5004.2001953125,24
2026-03-18 05:55:00,5001.7998046875,5004.2001953125,5001.10009765625,5004.2001953125,48
2026-03-18 05:56:00,5000.0,5001.2998046875,5000.0,5001.2998046875,22
2026-03-18 05:57:00,4999.2001953125,5000.2001953125,4999.0,4999.7001953125,33
2026-03-18 05:58:00,4998.7001953125,4999.10009765625,4998.0,4998.89990234375,25
2026-03-18 05:59:00,5001.10009765625,5001.39990234375,4998.2998046875,4998.2998046875,85
2026-03-18 06:00:00,5002.7998046875,5003.10009765625,5000.2001953125,5000.39990234375,78
2026-03-18 06:01:00,5002.10009765625,5004.10009765625,5000.7001953125,5003.0,87
2026-03-18 06:02:00,5001.5,5002.10009765625,5001.39990234375,5002.10009765625,7
2026-03-18 06:03:00,5002.2001953125,5002.2998046875,5001.60009765625,5002.0,14
2026-03-18 06:04:00,5002.5,5003.10009765625,5001.5,5001.89990234375,25
2026-03-18 06:05:00,5000.39990234375,5002.60009765625,5000.10009765625,5002.60009765625,74
2026-03-18 06:06:00,5001.39990234375,5001.39990234375,4999.60009765625,5000.10009765625,24
2026-03-18 06:07:00,5003.2001953125,5003.5,5001.2998046875,5001.2998046875,37
2026-03-18 06:08:00,5003.7998046875,5005.39990234375,5002.7998046875,5003.7001953125,92
2026-03-18 06:09:00,5005.89990234375,5006.39990234375,5003.5,5004.10009765625,66
2026-03-18 06:10:00,5007.0,5007.2001953125,5005.10009765625,5006.10009765625,68
2026-03-18 06:11:00,5007.7998046875,5007.7998046875,5006.2001953125,5007.2001953125,46
2026-03-18 06:12:00,5009.10009765625,5009.60009765625,5007.2001953125,5007.5,107
2026-03-18 06:13:00,5010.5,5012.2001953125,5009.10009765625,5009.10009765625,144
2026-03-18 06:14:00,5012.7998046875,5013.0,5010.0,5010.10009765625,151
2026-03-18 06:15:00,5011.89990234375,5013.2998046875,5010.7001953125,5013.0,206
2026-03-18 06:16:00,5012.7001953125,5013.5,5011.60009765625,5011.7001953125,155
2026-03-18 06:17:00,5014.2001953125,5014.7998046875,5012.39990234375,5012.7998046875,112
2026-03-18 06:18:00,5013.7998046875,5015.0,5013.2001953125,5014.39990234375,130
2026-03-18 06:19:00,5013.10009765625,5013.60009765625,5011.60009765625,5013.60009765625,104
2026-03-18 06:20:00,5013.2001953125,5013.7001953125,5012.60009765625,5013.10009765625,44
2026-03-18 06:21:00,5013.7001953125,5014.10009765625,5012.7998046875,5013.2998046875,71
2026-03-18 06:22:00,5012.7001953125,5014.10009765625,5010.7998046875,5014.10009765625,79
2026-03-18 06:23:00,5013.0,5013.2998046875,5012.2001953125,5012.89990234375,52
2026-03-18 06:24:00,5013.7998046875,5014.0,5012.60009765625,5012.7998046875,20
2026-03-18 06:25:00,5014.0,5014.2998046875,5012.7998046875,5013.7998046875,48
2026-03-18 06:26:00,5013.0,5014.2001953125,5012.7001953125,5014.0,27
2026-03-18 06:27:00,5012.39990234375,5013.10009765625,5012.2998046875,5013.10009765625,14
2026-03-18 06:28:00,5012.60009765625,5012.7001953125,5011.89990234375,5012.60009765625,31
2026-03-18 06:29:00,5012.5,5013.2998046875,5012.5,5012.7998046875,20
2026-03-18 06:30:00,5014.10009765625,5014.7001953125,5012.7998046875,5012.7998046875,45
2026-03-18 06:31:00,5014.2001953125,5014.2998046875,5012.7001953125,5014.2001953125,42
2026-03-18 06:32:00,5014.7001953125,5016.0,5014.0,5014.2998046875,153
2026-03-18 06:33:00,5016.89990234375,5016.89990234375,5014.2001953125,5014.7998046875,199
2026-03-18 06:34:00,5017.5,5017.5,5016.2001953125,5017.0,88
2026-03-18 06:35:00,5017.39990234375,5017.89990234375,5016.5,5017.2001953125,86
2026-03-18 06:36:00,5019.2001953125,5020.5,5017.7998046875,5017.7998046875,247
2026-03-18 06:37:00,5017.7001953125,5019.7998046875,5017.39990234375,5019.5,90
2026-03-18 06:38:00,5017.10009765625,5019.10009765625,5016.89990234375,5017.60009765625,53
2026-03-18 06:39:00,5016.10009765625,5018.10009765625,5016.0,5017.39990234375,36
2026-03-18 06:40:00,5016.7001953125,5017.0,5016.2001953125,5016.5,28
2026-03-18 06:41:00,5017.39990234375,5017.39990234375,5015.60009765625,5016.7998046875,68
2026-03-18 06:42:00,5016.2998046875,5017.7998046875,5015.89990234375,5017.2001953125,59
2026-03-18 06:43:00,5015.2998046875,5016.2998046875,5014.7998046875,5015.89990234375,42
2026-03-18 06:44:00,5015.39990234375,5015.89990234375,5015.0,5015.7998046875,30
2026-03-18 06:45:00,5015.60009765625,5015.7998046875,5014.5,5015.10009765625,31
2026-03-18 06:46:00,5015.89990234375,5016.10009765625,5015.0,5015.5,34
2026-03-18 06:47:00,5016.2001953125,5016.7001953125,5016.10009765625,5016.10009765625,11
2026-03-18 06:48:00,5017.10009765625,5017.5,5015.7998046875,5016.2001953125,53
2026-03-18 06:49:00,5017.39990234375,5018.7001953125,5017.0,5017.39990234375,139
2026-03-18 06:50:00,5015.60009765625,5018.10009765625,5015.60009765625,5017.10009765625,203
2026-03-18 06:51:00,5014.5,5016.0,5013.10009765625,5016.0,204
2026-03-18 06:52:00,5015.10009765625,5015.60009765625,5013.7001953125,5014.7998046875,107
2026-03-18 06:53:00,5013.60009765625,5015.2001953125,5013.0,5015.0,61
2026-03-18 06:54:00,5015.0,5015.2998046875,5013.39990234375,5013.7998046875,68
2026-03-18 06:55:00,5014.7001953125,5015.60009765625,5014.2998046875,5014.60009765625,53
2026-03-18 06:56:00,5013.2001953125,5014.2001953125,5013.2001953125,5014.2001953125,18
2026-03-18 06:57:00,5013.39990234375,5013.39990234375,5012.2998046875,5013.0,30
2026-03-18 06:58:00,5013.0,5013.2998046875,5012.7998046875,5013.2998046875,9
2026-03-18 06:59:00,5013.7998046875,5014.2001953125,5012.89990234375,5013.2998046875,24
2026-03-18 07:00:00,5015.39990234375,5015.60009765625,5014.10009765625,5014.10009765625,53
2026-03-18 07:01:00,5015.2001953125,5015.89990234375,5014.5,5015.60009765625,58
2026-03-18 07:02:00,5015.89990234375,5016.2998046875,5015.10009765625,5015.2001953125,94
2026-03-18 07:03:00,5015.10009765625,5016.89990234375,5014.7998046875,5016.60009765625,27
2026-03-18 07:04:00,5016.5,5016.7998046875,5015.7001953125,5015.7001953125,20
2026-03-18 07:05:00,5017.60009765625,5017.89990234375,5016.60009765625,5017.2998046875,28
2026-03-18 07:06:00,5018.7001953125,5019.39990234375,5016.89990234375,5017.7001953125,93
2026-03-18 07:07:00,5017.7001953125,5019.0,5016.39990234375,5019.0,88
2026-03-18 07:08:00,5016.60009765625,5018.2998046875,5015.89990234375,5017.7001953125,59
2026-03-18 07:09:00,5015.7998046875,5017.2998046875,5015.60009765625,5016.89990234375,42
2026-03-18 07:10:00,5014.2998046875,5016.10009765625,5013.7001953125,5015.2998046875,54
2026-03-18 07:11:00,5015.7001953125,5015.7001953125,5014.60009765625,5014.7001953125,22
2026-03-18 07:12:00,5015.39990234375,5015.39990234375,5014.89990234375,5015.2001953125,8
2026-03-18 07:13:00,5015.10009765625,5015.7001953125,5015.0,5015.0,26
2026-03-18 07:14:00,5014.2998046875,5014.7998046875,5014.2998046875,5014.7998046875,9
2026-03-18 07:15:00,5012.7998046875,5014.39990234375,5012.7998046875,5014.0,56
2026-03-18 07:16:00,5013.5,5013.60009765625,5012.7998046875,5012.7998046875,18
2026-03-18 07:17:00,5012.2998046875,5012.7998046875,5011.2998046875,5012.7998046875,78
2026-03-18 07:18:00,5012.10009765625,5012.7998046875,5012.0,5012.7001953125,29
2026-03-18 07:19:00,5011.10009765625,5012.39990234375,5010.89990234375,5012.0,76
2026-03-18 07:20:00,5011.2998046875,5011.60009765625,5010.5,5010.7998046875,30
2026-03-18 07:21:00,5012.10009765625,5012.60009765625,5010.89990234375,5011.5,65
2026-03-18 07:22:00,5011.7998046875,5012.10009765625,5011.2998046875,5012.0,23
2026-03-18 07:23:00,5012.39990234375,5012.39990234375,5011.2998046875,5011.7001953125,49
2026-03-18 07:24:00,5012.7998046875,5013.0,5012.60009765625,5012.7001953125,30
2026-03-18 07:25:00,5011.7001953125,5013.0,5010.2998046875,5013.0,139
2026-03-18 07:26:00,5012.2998046875,5012.7001953125,5011.2998046875,5012.2001953125,65
2026-03-18 07:27:00,5012.2998046875,5012.7001953125,5012.2998046875,5012.5,13
2026-03-18 07:28:00,5012.60009765625,5012.89990234375,5010.5,5012.0,42
2026-03-18 07:29:00,5013.2998046875,5013.5,5012.2001953125,5012.7001953125,38
2026-03-18 07:30:00,5013.10009765625,5013.5,5012.60009765625,5013.5,24
2026-03-18 07:31:00,5013.0,5013.10009765625,5012.89990234375,5013.10009765625,14
2026-03-18 07:32:00,5013.10009765625,5013.10009765625,5012.60009765625,5013.0,17
2026-03-18 07:33:00,5012.10009765625,5014.0,5012.10009765625,5013.2998046875,60
2026-03-18 07:34:00,5011.7998046875,5012.10009765625,5011.5,5012.10009765625,14
2026-03-18 07:35:00,5010.89990234375,5011.39990234375,5009.2998046875,5011.39990234375,113
2026-03-18 07:36:00,5008.89990234375,5011.2001953125,5008.7001953125,5010.7998046875,101
2026-03-18 07:37:00,5010.2998046875,5010.89990234375,5009.2998046875,5009.2998046875,92
2026-03-18 07:38:00,5010.89990234375,5011.2001953125,5009.39990234375,5010.10009765625,56
2026-03-18 07:39:00,5010.7001953125,5010.7001953125,5009.39990234375,5010.5,26
2026-03-18 07:40:00,5011.39990234375,5011.39990234375,5010.7998046875,5010.7998046875,9
2026-03-18 07:41:00,5009.39990234375,5011.0,5008.7001953125,5010.89990234375,29
2026-03-18 07:42:00,5009.60009765625,5009.7001953125,5009.2998046875,5009.39990234375,11
2026-03-18 07:43:00,5009.2001953125,5010.39990234375,5009.10009765625,5009.89990234375,68
2026-03-18 07:44:00,5006.10009765625,5008.89990234375,5005.2001953125,5008.89990234375,135
2026-03-18 07:45:00,5004.7998046875,5006.0,5004.60009765625,5005.7001953125,104
2026-03-18 07:46:00,5002.7001953125,5006.2998046875,5002.39990234375,5005.0,145
2026-03-18 07:47:00,5002.39990234375,5004.2998046875,5001.5,5002.2998046875,156
2026-03-18 07:48:00,5000.39990234375,5002.89990234375,5000.2998046875,5002.7001953125,134
2026-03-18 07:49:00,5000.0,5001.7001953125,4999.10009765625,5000.39990234375,113
2026-03-18 07:50:00,4997.5,5000.39990234375,4997.0,4999.60009765625,169
2026-03-18 07:51:00,4997.10009765625,4998.2998046875,4996.10009765625,4997.10009765625,95
2026-03-18 07:52:00,4997.39990234375,4999.0,4995.7001953125,4996.7998046875,112
2026-03-18 07:53:00,4997.7998046875,4998.7998046875,4996.60009765625,4997.7998046875,133
2026-03-18 07:54:00,4995.7001953125,4998.89990234375,4994.7001953125,4998.60009765625,133
2026-03-18 07:55:00,4995.7998046875,4996.0,4994.7001953125,4995.2998046875,65
2026-03-18 07:56:00,4996.89990234375,4997.7001953125,4994.7998046875,4995.0,86
2026-03-18 07:57:00,4999.2998046875,4999.2998046875,4996.5,4996.5,109
2026-03-18 07:58:00,4999.2001953125,4999.2001953125,4997.7001953125,4998.89990234375,81
2026-03-18 07:59:00,4999.10009765625,5000.5,4998.60009765625,4999.2001953125,98
2026-03-18 08:00:00,4998.2998046875,5000.2998046875,4997.60009765625,4999.0,80
2026-03-18 08:01:00,4998.0,4999.60009765625,4997.89990234375,4997.89990234375,39
2026-03-18 08:02:00,4998.39990234375,4998.39990234375,4997.0,4997.89990234375,29
2026-03-18 08:03:00,5000.60009765625,5001.7001953125,4998.39990234375,4998.39990234375,94
2026-03-18 08:04:00,4999.0,5000.7001953125,4998.10009765625,5000.10009765625,61
2026-03-18 08:05:00,4999.2998046875,4999.2998046875,4997.89990234375,4999.0,36
2026-03-18 08:06:00,4995.5,4998.60009765625,4995.5,4998.2998046875,66
2026-03-18 08:07:00,4993.89990234375,4996.39990234375,4993.2998046875,4995.5,129
2026-03-18 08:08:00,4992.39990234375,4993.2001953125,4991.5,4993.2001953125,86
2026-03-18 08:09:00,4996.0,4997.0,4992.2001953125,4992.39990234375,284
2026-03-18 08:10:00,4997.7998046875,4998.89990234375,4995.89990234375,4996.0,128
2026-03-18 08:11:00,4996.7001953125,4997.5,4996.2001953125,4997.10009765625,60
2026-03-18 08:12:00,4998.2001953125,4999.2998046875,4997.2001953125,4997.2001953125,95
2026-03-18 08:13:00,4998.2001953125,4999.0,4997.5,4998.2998046875,70
2026-03-18 08:14:00,4996.7001953125,4998.2998046875,4996.39990234375,4998.10009765625,1904
2026-03-18 08:15:00,4999.5,4999.5,4996.89990234375,4997.10009765625,136
2026-03-18 08:16:00,4996.10009765625,4999.60009765625,4995.2001953125,4999.60009765625,74
2026-03-18 08:17:00,4996.0,4996.7998046875,4995.7001953125,4995.7001953125,30
2026-03-18 08:18:00,4995.10009765625,4996.10009765625,4994.60009765625,4995.89990234375,56
2026-03-18 08:19:00,4994.7998046875,4995.0,4994.2001953125,4994.7998046875,37
2026-03-18 08:20:00,4991.5,4995.7001953125,4991.2001953125,4994.7998046875,226
2026-03-18 08:21:00,4988.2998046875,4992.5,4988.2998046875,4991.5,197
2026-03-18 08:22:00,4989.10009765625,4990.0,4987.5,4988.10009765625,205
2026-03-18 08:23:00,4988.7001953125,4990.10009765625,4987.89990234375,4989.0,125
2026-03-18 08:24:00,4989.2998046875,4990.60009765625,4987.5,4988.10009765625,72
2026-03-18 08:25:00,4988.2998046875,4990.0,4988.2998046875,4989.60009765625,92
2026-03-18 08:26:00,4992.0,4992.2998046875,4988.10009765625,4988.7998046875,138
2026-03-18 08:27:00,4990.89990234375,4993.0,4990.7998046875,4992.10009765625,369
2026-03-18 08:28:00,4992.0,4992.7998046875,4991.2998046875,4991.2998046875,39
2026-03-18 08:29:00,4993.2001953125,4993.2001953125,4991.60009765625,4992.2001953125,26
2026-03-18 08:30:00,4993.60009765625,4994.0,4992.5,4992.7998046875,63
2026-03-18 08:31:00,4994.89990234375,4995.2001953125,4993.5,4993.5,95
2026-03-18 08:32:00,4994.89990234375,4995.0,4994.2998046875,4994.60009765625,28
2026-03-18 08:33:00,4994.89990234375,4995.2001953125,4994.2998046875,4995.0,20
2026-03-18 08:34:00,4995.5,4995.5,4993.7998046875,4993.7998046875,18
2026-03-18 08:35:00,4995.10009765625,4996.10009765625,4994.89990234375,4995.60009765625,54
2026-03-18 08:36:00,4993.5,4995.10009765625,4993.5,4994.7998046875,72
2026-03-18 08:37:00,4991.89990234375,4994.0,4991.2001953125,4993.2998046875,203
2026-03-18 08:38:00,4992.7998046875,4992.89990234375,4990.89990234375,4992.0,113
2026-03-18 08:39:00,4991.5,4994.2001953125,4991.0,4992.7998046875,236
2026-03-18 08:40:00,4992.5,4993.7001953125,4991.7998046875,4991.7998046875,106
2026-03-18 08:41:00,4990.0,4992.10009765625,4990.0,4991.7998046875,97
2026-03-18 08:42:00,4990.2001953125,4990.7001953125,4988.10009765625,4990.0,202
2026-03-18 08:43:00,4990.2001953125,4991.7998046875,4989.2001953125,4989.7001953125,116
2026-03-18 08:44:00,4989.10009765625,4990.60009765625,4988.89990234375,4990.0,198
2026-03-18 08:45:00,4986.7998046875,4989.7998046875,4981.10009765625,4989.0,423
2026-03-18 08:46:00,4988.2998046875,4988.7998046875,4986.0,4986.89990234375,2370
2026-03-18 08:47:00,4992.7998046875,4993.2998046875,4987.7001953125,4988.2001953125,258
2026-03-18 08:48:00,4993.2998046875,4994.0,4991.89990234375,4992.60009765625,139
2026-03-18 08:49:00,4991.7998046875,4992.2001953125,4990.2001953125,4992.2001953125,80
2026-03-18 08:50:00,4991.5,4993.5,4991.2998046875,4992.2001953125,118
2026-03-18 08:51:00,4992.10009765625,4992.60009765625,4991.60009765625,4991.7001953125,48
2026-03-18 08:52:00,4991.5,4992.2001953125,4991.10009765625,4992.0,72
2026-03-18 08:53:00,4991.2998046875,4992.5,4991.10009765625,4991.7998046875,71
2026-03-18 08:54:00,4990.7998046875,4991.60009765625,4990.10009765625,4991.2998046875,90
2026-03-18 08:55:00,4991.60009765625,4992.60009765625,4990.2001953125,4990.60009765625,113
2026-03-18 08:56:00,4991.5,4992.10009765625,4991.39990234375,4991.7998046875,61
2026-03-18 08:57:00,4991.60009765625,4992.0,4990.7998046875,4991.89990234375,53
2026-03-18 08:58:00,4991.89990234375,4992.10009765625,4989.7998046875,4991.60009765625,168
2026-03-18 08:59:00,4990.7001953125,4992.10009765625,4990.10009765625,4992.10009765625,60
2026-03-18 09:00:00,4991.2001953125,4991.7998046875,4989.7001953125,4991.10009765625,112
2026-03-18 09:01:00,4993.0,4993.10009765625,4991.10009765625,4991.5,107
2026-03-18 09:02:00,4992.7998046875,4993.2998046875,4992.10009765625,4992.7001953125,65
2026-03-18 09:03:00,4992.10009765625,4993.2001953125,4991.60009765625,4993.0,64
2026-03-18 09:04:00,4993.60009765625,4994.5,4993.0,4993.0,106
2026-03-18 09:05:00,4994.10009765625,4994.7001953125,4993.10009765625,4994.10009765625,76
2026-03-18 09:06:00,4993.7001953125,4994.2998046875,4992.7998046875,4994.2998046875,115
2026-03-18 09:07:00,4994.39990234375,4994.60009765625,4993.89990234375,4994.10009765625,22
2026-03-18 09:08:00,4993.7001953125,4994.2001953125,4993.39990234375,4994.10009765625,31
2026-03-18 09:09:00,4993.7001953125,4993.7998046875,4993.2998046875,4993.7998046875,20
2026-03-18 09:10:00,4993.39990234375,4994.0,4993.0,4993.5,43
2026-03-18 09:11:00,4993.0,4993.2998046875,4992.60009765625,4993.2998046875,41
2026-03-18 09:12:00,4992.5,4993.0,4992.2998046875,4992.89990234375,29
2026-03-18 09:13:00,4991.2998046875,4992.60009765625,4991.0,4992.2001953125,80
2026-03-18 09:14:00,4990.2998046875,4992.2001953125,4990.10009765625,4991.0,126
2026-03-18 09:15:00,4990.2998046875,4990.7998046875,4990.10009765625,4990.2998046875,69
2026-03-18 09:16:00,4988.89990234375,4990.39990234375,4988.89990234375,4990.10009765625,66
2026-03-18 09:17:00,4990.0,4990.0,4988.7001953125,4989.39990234375,32
2026-03-18 09:18:00,4991.2998046875,4991.2998046875,4989.7998046875,4989.89990234375,28
2026-03-18 09:19:00,4992.2001953125,4993.10009765625,4991.39990234375,4991.5,56
2026-03-18 09:20:00,4997.60009765625,4997.60009765625,4992.2001953125,4992.2001953125,227
2026-03-18 09:21:00,4997.10009765625,4998.5,4996.39990234375,4997.60009765625,165
2026-03-18 09:22:00,4995.7001953125,4997.39990234375,4995.7001953125,4997.2998046875,56
2026-03-18 09:23:00,4995.7998046875,4996.60009765625,4995.2001953125,4995.5,243
2026-03-18 09:24:00,4995.89990234375,4997.10009765625,4995.7998046875,4995.7998046875,122
2026-03-18 09:25:00,4997.60009765625,4998.0,4995.89990234375,4996.10009765625,180
2026-03-18 09:26:00,4997.0,4998.5,4997.0,4997.60009765625,56
2026-03-18 09:27:00,4995.7001953125,4997.0,4995.60009765625,4997.0,44
2026-03-18 09:28:00,4995.0,4996.0,4994.7998046875,4995.39990234375,112
2026-03-18 09:29:00,4996.60009765625,4996.7998046875,4994.5,4994.7998046875,116
2026-03-18 09:30:00,4996.2998046875,4996.89990234375,4996.0,4996.7998046875,57
2026-03-18 09:31:00,4998.2998046875,4998.7001953125,4996.7001953125,4996.7001953125,52
2026-03-18 09:32:00,4997.5,4998.39990234375,4997.2001953125,4998.2001953125,67
2026-03-18 09:33:00,4998.0,4998.2998046875,4997.2001953125,4997.39990234375,66
2026-03-18 09:34:00,4997.0,4998.60009765625,4997.0,4998.0,29
2026-03-18 09:35:00,4999.0,4999.2998046875,4997.2998046875,4997.2998046875,86
2026-03-18 09:36:00,4998.7998046875,4999.2998046875,4997.7998046875,4999.0,90
2026-03-18 09:37:00,4999.5,5000.0,4998.7001953125,4998.89990234375,52
2026-03-18 09:38:00,4999.60009765625,4999.89990234375,4999.2001953125,4999.7001953125,34
2026-03-18 09:39:00,4998.10009765625,4999.39990234375,4997.2001953125,4999.39990234375,81
2026-03-18 09:40:00,4997.5,4998.0,4997.0,4997.89990234375,36
2026-03-18 09:41:00,4997.2001953125,4997.2001953125,4996.60009765625,4997.0,24
2026-03-18 09:42:00,4997.89990234375,4998.0,4996.89990234375,4996.89990234375,40
2026-03-18 09:43:00,4997.7001953125,4998.2998046875,4996.5,4998.0,58
2026-03-18 09:44:00,4998.10009765625,4998.2001953125,4997.5,4997.60009765625,43
2026-03-18 09:45:00,4997.10009765625,4998.2001953125,4997.10009765625,4998.0,68
2026-03-18 09:46:00,4996.5,4997.7001953125,4996.39990234375,4997.5,32
2026-03-18 09:47:00,4996.10009765625,4997.2001953125,4995.7998046875,4996.7001953125,67
2026-03-18 09:48:00,4996.7998046875,4997.2998046875,4996.39990234375,4996.5,30
2026-03-18 09:49:00,4996.2001953125,4997.2998046875,4995.89990234375,4996.60009765625,45
2026-03-18 09:50:00,4999.2998046875,4999.5,4996.2001953125,4996.2001953125,47
2026-03-18 09:51:00,4998.7001953125,4999.60009765625,4998.39990234375,4999.60009765625,29
2026-03-18 09:52:00,4997.7998046875,4999.5,4997.60009765625,4998.5,50
2026-03-18 09:53:00,4997.89990234375,4998.2001953125,4997.2998046875,4997.5,20
2026-03-18 09:54:00,4997.2001953125,4998.39990234375,4997.2001953125,4997.7998046875,27
2026-03-18 09:55:00,4997.7998046875,4998.0,4997.10009765625,4997.10009765625,28
2026-03-18 09:56:00,4996.89990234375,4997.5,4996.39990234375,4997.5,27
2026-03-18 09:57:00,4995.7998046875,4997.0,4995.7998046875,4997.0,27
2026-03-18 09:58:00,4996.89990234375,4997.5,4995.0,4995.2001953125,81
2026-03-18 09:59:00,4996.39990234375,4997.2001953125,4996.39990234375,4996.7001953125,24
2026-03-18 10:00:00,4995.39990234375,4996.39990234375,4995.39990234375,4996.2998046875,21
2026-03-18 10:01:00,4995.5,4995.5,4995.5,4995.5,1
2026-03-18 10:02:00,4993.60009765625,4995.39990234375,4993.60009765625,4995.39990234375,332
2026-03-18 10:03:00,4994.10009765625,4995.60009765625,4993.7001953125,4994.10009765625,300
2026-03-18 10:04:00,4994.0,4994.7998046875,4993.5,4994.0,31
2026-03-18 10:05:00,4992.7001953125,4993.39990234375,4991.89990234375,4993.39990234375,57
2026-03-18 10:06:00,4992.89990234375,4993.7998046875,4992.89990234375,4993.10009765625,49
2026-03-18 10:07:00,4994.7998046875,4994.7998046875,4993.2001953125,4993.2001953125,27
2026-03-18 10:08:00,4995.2001953125,4995.2001953125,4993.89990234375,4994.5,25
2026-03-18 10:09:00,4994.2998046875,4995.7001953125,4994.2998046875,4995.5,19
2026-03-18 10:10:00,4994.2998046875,4994.89990234375,4993.7998046875,4994.7998046875,282
2026-03-18 10:11:00,4993.2001953125,4994.89990234375,4992.7001953125,4994.2998046875,43
2026-03-18 10:12:00,4994.10009765625,4994.7001953125,4992.60009765625,4993.60009765625,58
2026-03-18 10:13:00,4995.10009765625,4996.0,4994.0,4994.0,62
2026-03-18 10:14:00,4993.60009765625,4995.10009765625,4992.7001953125,4995.10009765625,115
2026-03-18 10:15:00,4992.2998046875,4993.89990234375,4991.7998046875,4993.7001953125,85
2026-03-18 10:16:00,4991.7001953125,4992.60009765625,4991.2998046875,4992.0,30
2026-03-18 10:17:00,4992.39990234375,4992.7001953125,4991.10009765625,4991.2998046875,47
2026-03-18 10:18:00,4993.2998046875,4993.5,4992.2998046875,4992.2998046875,9
2026-03-18 10:19:00,4994.10009765625,4994.39990234375,4993.5,4993.5,31
2026-03-18 10:20:00,4993.89990234375,4994.39990234375,4993.7998046875,4993.89990234375,12
2026-03-18 10:21:00,4992.7998046875,4994.10009765625,4992.60009765625,4994.10009765625,30
2026-03-18 10:22:00,4993.0,4993.7998046875,4992.60009765625,4993.2001953125,62
2026-03-18 10:23:00,4995.0,4995.2998046875,4992.7001953125,4992.7001953125,46
2026-03-18 10:24:00,4993.60009765625,4995.2001953125,4993.10009765625,4995.2001953125,39
2026-03-18 10:25:00,4991.60009765625,4993.10009765625,4991.2998046875,4993.10009765625,50
2026-03-18 10:26:00,4990.2998046875,4991.60009765625,4990.2001953125,4991.60009765625,113
2026-03-18 10:27:00,4991.0,4991.2998046875,4989.7001953125,4990.7998046875,229
2026-03-18 10:28:00,4988.10009765625,4991.2001953125,4988.10009765625,4991.2001953125,83
2026-03-18 10:29:00,4986.89990234375,4989.2998046875,4985.10009765625,4987.89990234375,173
2026-03-18 10:30:00,4988.39990234375,4991.89990234375,4986.2001953125,4986.7998046875,575
2026-03-18 10:31:00,4988.2001953125,4988.39990234375,4985.39990234375,4988.2001953125,213
2026-03-18 10:32:00,4986.2998046875,4988.5,4986.2998046875,4988.2001953125,181
2026-03-18 10:33:00,4986.0,4987.0,4983.2001953125,4986.2001953125,198
2026-03-18 10:34:00,4984.10009765625,4986.7001953125,4984.10009765625,4986.60009765625,127
2026-03-18 10:35:00,4970.60009765625,4984.60009765625,4963.5,4984.39990234375,1597
2026-03-18 10:36:00,4974.0,4975.10009765625,4968.10009765625,4971.10009765625,589
2026-03-18 10:37:00,4975.0,4975.2001953125,4971.60009765625,4973.5,279
2026-03-18 10:38:00,4979.10009765625,4979.60009765625,4974.0,4974.60009765625,506
2026-03-18 10:39:00,4980.60009765625,4981.5,4977.60009765625,4979.10009765625,393
2026-03-18 10:40:00,4983.0,4983.2998046875,4980.60009765625,4980.60009765625,181
2026-03-18 10:41:00,4981.0,4982.5,4980.39990234375,4982.2998046875,205
2026-03-18 10:42:00,4982.0,4982.0,4979.7001953125,4981.39990234375,224
2026-03-18 10:43:00,4978.89990234375,4982.39990234375,4977.0,4982.2001953125,414
2026-03-18 10:44:00,4981.7998046875,4983.5,4977.2001953125,4978.7998046875,266
2026-03-18 10:45:00,4979.89990234375,4981.60009765625,4979.2998046875,4981.39990234375,107
2026-03-18 10:46:00,4983.7001953125,4983.7998046875,4979.60009765625,4980.2998046875,106
2026-03-18 10:47:00,4983.5,4984.10009765625,4982.7998046875,4983.0,37
2026-03-18 10:48:00,4982.2998046875,4984.39990234375,4981.60009765625,4983.60009765625,124
2026-03-18 10:49:00,4980.7998046875,4983.0,4980.7998046875,4982.0,79
2026-03-18 10:50:00,4976.89990234375,4980.5,4976.10009765625,4980.39990234375,200
2026-03-18 10:51:00,4979.60009765625,4980.2001953125,4976.7001953125,4976.89990234375,98
2026-03-18 10:52:00,4977.2998046875,4980.10009765625,4976.7998046875,4979.89990234375,137
2026-03-18 10:53:00,4977.2998046875,4978.39990234375,4976.39990234375,4976.7001953125,74
2026-03-18 10:54:00,4976.10009765625,4978.10009765625,4975.7998046875,4977.2998046875,168
2026-03-18 10:55:00,4975.89990234375,4976.89990234375,4975.0,4976.39990234375,163
2026-03-18 10:56:00,4972.5,4976.0,4970.60009765625,4975.7998046875,182
2026-03-18 10:57:00,4966.60009765625,4973.2998046875,4962.60009765625,4971.89990234375,698
2026-03-18 10:58:00,4969.5,4971.5,4966.0,4966.2001953125,621
2026-03-18 10:59:00,4971.7001953125,4973.0,4969.39990234375,4969.7998046875,127
2026-03-18 11:00:00,4970.39990234375,4973.39990234375,4969.89990234375,4971.7001953125,211
2026-03-18 11:01:00,4969.2001953125,4970.2001953125,4967.60009765625,4970.10009765625,124
2026-03-18 11:02:00,4969.89990234375,4971.7998046875,4969.39990234375,4969.39990234375,133
2026-03-18 11:03:00,4963.2998046875,4969.7998046875,4962.60009765625,4969.60009765625,332
2026-03-18 11:04:00,4962.0,4965.10009765625,4960.7001953125,4963.2001953125,457
2026-03-18 11:05:00,4959.2998046875,4962.60009765625,4956.7998046875,4962.5,494
2026-03-18 11:06:00,4955.89990234375,4961.2998046875,4955.7001953125,4959.0,509
2026-03-18 11:07:00,4959.7998046875,4961.39990234375,4956.0,4956.7001953125,455
2026-03-18 11:08:00,4956.2001953125,4960.60009765625,4953.60009765625,4959.7998046875,498
2026-03-18 11:09:00,4961.2998046875,4961.2998046875,4954.2001953125,4955.89990234375,147
2026-03-18 11:10:00,4963.7001953125,4964.39990234375,4959.10009765625,4961.2001953125,181
2026-03-18 11:11:00,4961.2001953125,4964.7998046875,4960.60009765625,4964.0,200
2026-03-18 11:12:00,4963.2001953125,4964.7998046875,4960.2998046875,4960.7998046875,213
2026-03-18 11:13:00,4965.60009765625,4965.89990234375,4961.60009765625,4963.7998046875,147
2026-03-18 11:14:00,4973.39990234375,4974.39990234375,4965.60009765625,4965.89990234375,445
2026-03-18 11:15:00,4975.39990234375,4975.7001953125,4972.0,4973.39990234375,281
2026-03-18 11:16:00,4975.39990234375,4975.7998046875,4973.7001953125,4975.7998046875,172
2026-03-18 11:17:00,4972.89990234375,4975.89990234375,4972.2001953125,4974.7998046875,89
2026-03-18 11:18:00,4973.7998046875,4974.60009765625,4972.7001953125,4973.2001953125,94
2026-03-18 11:19:00,4976.0,4976.5,4972.39990234375,4973.2001953125,56
2026-03-18 11:20:00,4976.7998046875,4977.0,4975.10009765625,4975.5,61
2026-03-18 11:21:00,4975.2001953125,4977.7001953125,4975.10009765625,4976.39990234375,110
2026-03-18 11:22:00,4974.39990234375,4976.5,4974.39990234375,4975.60009765625,90
2026-03-18 11:23:00,4971.60009765625,4974.89990234375,4970.7998046875,4974.7001953125,161
2026-03-18 11:24:00,4969.7998046875,4972.5,4968.2998046875,4972.10009765625,156
2026-03-18 11:25:00,4967.89990234375,4969.7998046875,4967.0,4969.10009765625,253
2026-03-18 11:26:00,4957.2998046875,4968.5,4957.2998046875,4967.60009765625,189
2026-03-18 11:27:00,4952.2998046875,4958.89990234375,4950.0,4958.0,600
2026-03-18 11:28:00,4950.39990234375,4955.5,4950.10009765625,4952.2001953125,314
2026-03-18 11:29:00,4952.2998046875,4955.7001953125,4950.0,4950.7001953125,288
2026-03-18 11:30:00,4958.60009765625,4959.2998046875,4950.0,4952.0,627
2026-03-18 11:31:00,4960.7998046875,4961.7998046875,4958.39990234375,4959.10009765625,133
2026-03-18 11:32:00,4964.60009765625,4965.0,4960.7998046875,4960.89990234375,152
2026-03-18 11:33:00,4964.39990234375,4965.7001953125,4963.7998046875,4964.89990234375,120
2026-03-18 11:34:00,4960.2001953125,4964.7998046875,4958.7001953125,4964.60009765625,188
2026-03-18 11:35:00,4956.60009765625,4961.0,4955.2001953125,4960.60009765625,138
2026-03-18 11:36:00,4951.7998046875,4957.0,4950.0,4956.2998046875,303
2026-03-18 11:37:00,4950.10009765625,4953.7998046875,4950.0,4951.60009765625,448
2026-03-18 11:38:00,4952.60009765625,4956.39990234375,4950.0,4950.0,461
2026-03-18 11:39:00,4951.0,4953.0,4950.0,4952.60009765625,374
2026-03-18 11:40:00,4946.60009765625,4951.0,4942.2998046875,4950.7998046875,1026
2026-03-18 11:41:00,4946.60009765625,4947.7001953125,4944.2001953125,4946.60009765625,491
2026-03-18 11:42:00,4945.89990234375,4947.10009765625,4944.10009765625,4946.39990234375,449
2026-03-18 11:43:00,4942.60009765625,4946.2998046875,4941.7998046875,4945.7001953125,645
2026-03-18 11:44:00,4942.7001953125,4944.39990234375,4935.39990234375,4942.0,622
2026-03-18 11:45:00,4943.7998046875,4943.89990234375,4938.60009765625,4942.10009765625,327
2026-03-18 11:46:00,4939.7001953125,4948.7998046875,4939.39990234375,4943.7001953125,602
2026-03-18 11:47:00,4937.39990234375,4941.10009765625,4935.5,4940.10009765625,277
2026-03-18 11:48:00,4938.39990234375,4941.10009765625,4933.10009765625,4937.5,317
2026-03-18 11:49:00,4942.60009765625,4942.89990234375,4936.7998046875,4938.7998046875,262
2026-03-18 11:50:00,4938.0,4942.7001953125,4935.0,4942.10009765625,260
2026-03-18 11:51:00,4942.2998046875,4943.7001953125,4937.5,4937.7998046875,338
2026-03-18 11:52:00,4942.2001953125,4944.0,4941.60009765625,4941.89990234375,164
2026-03-18 11:53:00,4935.60009765625,4942.5,4935.60009765625,4941.89990234375,390
2026-03-18 11:54:00,4935.89990234375,4938.89990234375,4934.7001953125,4935.2001953125,227
2026-03-18 11:55:00,4935.60009765625,4938.0,4933.5,4935.5,269
2026-03-18 11:56:00,4937.2998046875,4939.2998046875,4932.2998046875,4935.0,430
2026-03-18 11:57:00,4936.7998046875,4938.5,4935.39990234375,4937.5,257
2026-03-18 11:58:00,4929.89990234375,4937.7998046875,4928.0,4936.89990234375,541
2026-03-18 11:59:00,4933.2998046875,4935.2998046875,4930.0,4930.0,237
2026-03-18 12:00:00,4932.10009765625,4935.2001953125,4929.2998046875,4933.89990234375,357
2026-03-18 12:01:00,4925.89990234375,4932.10009765625,4925.0,4932.10009765625,470
2026-03-18 12:02:00,4929.89990234375,4930.7001953125,4924.5,4925.60009765625,438
2026-03-18 12:03:00,4926.7998046875,4930.7001953125,4924.7001953125,4929.89990234375,271
2026-03-18 12:04:00,4933.5,4934.39990234375,4926.7998046875,4926.7998046875,320
2026-03-18 12:05:00,4931.7001953125,4935.89990234375,4931.2001953125,4933.0,499
2026-03-18 12:06:00,4926.7001953125,4931.2998046875,4926.0,4930.7001953125,247
2026-03-18 12:07:00,4921.10009765625,4927.10009765625,4918.2998046875,4927.10009765625,701
2026-03-18 12:08:00,4920.0,4925.10009765625,4919.7001953125,4921.10009765625,396
2026-03-18 12:09:00,4916.5,4920.2001953125,4915.2001953125,4920.0,678
2026-03-18 12:10:00,4915.60009765625,4918.7998046875,4912.39990234375,4916.60009765625,644
2026-03-18 12:11:00,4919.7001953125,4922.7001953125,4915.2998046875,4915.39990234375,659
2026-03-18 12:12:00,4914.0,4921.2998046875,4911.5,4920.2998046875,434
2026-03-18 12:13:00,4910.0,4915.0,4908.39990234375,4914.0,561
2026-03-18 12:14:00,4911.2998046875,4913.7001953125,4908.10009765625,4910.0,595
2026-03-18 12:15:00,4911.2001953125,4915.7998046875,4910.7001953125,4910.89990234375,737
2026-03-18 12:16:00,4906.10009765625,4910.5,4905.0,4910.10009765625,502
2026-03-18 12:17:00,4905.7998046875,4908.0,4903.10009765625,4906.39990234375,393
2026-03-18 12:18:00,4902.39990234375,4906.10009765625,4901.10009765625,4905.60009765625,600
2026-03-18 12:19:00,4908.2001953125,4910.39990234375,4901.5,4902.10009765625,591
2026-03-18 12:20:00,4906.7998046875,4910.39990234375,4904.5,4908.60009765625,716
2026-03-18 12:21:00,4903.2001953125,4911.39990234375,4902.39990234375,4907.0,531
2026-03-18 12:22:00,4904.2001953125,4906.10009765625,4900.0,4903.10009765625,383
2026-03-18 12:23:00,4907.5,4910.0,4904.5,4904.60009765625,365
2026-03-18 12:24:00,4902.39990234375,4911.60009765625,4902.0,4907.7001953125,404
2026-03-18 12:25:00,4904.89990234375,4907.2001953125,4901.60009765625,4902.0,276
2026-03-18 12:26:00,4898.60009765625,4904.89990234375,4897.2998046875,4904.89990234375,707
2026-03-18 12:27:00,4903.5,4907.7998046875,4898.39990234375,4898.60009765625,400
2026-03-18 12:28:00,4902.89990234375,4905.0,4900.7998046875,4903.60009765625,188
2026-03-18 12:29:00,4903.7001953125,4905.60009765625,4900.7001953125,4903.10009765625,191
2026-03-18 12:30:00,4895.2001953125,4906.0,4894.0,4905.7001953125,1367
2026-03-18 12:31:00,4896.7998046875,4901.7001953125,4895.5,4895.89990234375,498
2026-03-18 12:32:00,4892.10009765625,4900.2998046875,4887.60009765625,4897.2001953125,1108
2026-03-18 12:33:00,4890.2998046875,4894.0,4889.39990234375,4892.0,1004
2026-03-18 12:34:00,4890.7998046875,4893.60009765625,4887.10009765625,4890.2998046875,1137
2026-03-18 12:35:00,4890.89990234375,4892.2998046875,4888.5,4890.5,508
2026-03-18 12:36:00,4890.89990234375,4891.7001953125,4888.5,4891.0,422
2026-03-18 12:37:00,4884.7001953125,4891.89990234375,4884.2998046875,4891.10009765625,446
2026-03-18 12:38:00,4887.0,4887.2998046875,4881.5,4885.2001953125,1116
2026-03-18 12:39:00,4887.2998046875,4892.89990234375,4884.7001953125,4886.89990234375,650
2026-03-18 12:40:00,4891.7998046875,4893.10009765625,4887.10009765625,4887.10009765625,404
2026-03-18 12:41:00,4891.5,4892.7001953125,4888.0,4891.89990234375,401
2026-03-18 12:42:00,4883.2001953125,4893.5,4883.0,4891.60009765625,564
2026-03-18 12:43:00,4877.7998046875,4885.2998046875,4877.7998046875,4883.2001953125,696
2026-03-18 12:44:00,4880.7998046875,4881.7998046875,4877.0,4878.7998046875,351
2026-03-18 12:45:00,4881.0,4882.7998046875,4876.5,4881.2998046875,351
2026-03-18 12:46:00,4877.7998046875,4882.60009765625,4877.7001953125,4882.0,345
2026-03-18 12:47:00,4878.7998046875,4882.10009765625,4876.2001953125,4877.5,282
2026-03-18 12:48:00,4878.0,4881.0,4875.89990234375,4878.7998046875,309
2026-03-18 12:49:00,4877.2001953125,4879.0,4875.7001953125,4877.2998046875,239
2026-03-18 12:50:00,4875.5,4877.2001953125,4873.0,4876.89990234375,772
2026-03-18 12:51:00,4884.89990234375,4885.7998046875,4876.5,4876.5,507
2026-03-18 12:52:00,4888.7998046875,4890.60009765625,4884.10009765625,4885.10009765625,621
2026-03-18 12:53:00,4892.39990234375,4894.7998046875,4887.89990234375,4888.7001953125,654
2026-03-18 12:54:00,4890.10009765625,4892.7998046875,4887.39990234375,4892.7998046875,428
2026-03-18 12:55:00,4888.0,4892.39990234375,4884.10009765625,4890.5,470
2026-03-18 12:56:00,4887.2998046875,4889.60009765625,4886.39990234375,4888.10009765625,253
2026-03-18 12:57:00,4882.5,4888.5,4882.5,4886.7998046875,209
2026-03-18 12:58:00,4884.39990234375,4885.7998046875,4880.39990234375,4883.0,291
2026-03-18 12:59:00,4884.39990234375,4885.0,4880.39990234375,4883.5,227
2026-03-18 13:00:00,4864.5,4884.2001953125,4856.60009765625,4884.0,2467
2026-03-18 13:01:00,4861.10009765625,4864.39990234375,4855.0,4864.39990234375,1749
2026-03-18 13:02:00,4865.39990234375,4866.10009765625,4858.2998046875,4861.7998046875,820
2026-03-18 13:03:00,4863.7001953125,4866.7001953125,4858.60009765625,4864.89990234375,621
2026-03-18 13:04:00,4863.7001953125,4868.2998046875,4862.60009765625,4863.0,630
2026-03-18 13:05:00,4866.5,4868.7998046875,4861.89990234375,4863.60009765625,503
2026-03-18 13:06:00,4863.7998046875,4866.7998046875,4858.2001953125,4866.60009765625,284
2026-03-18 13:07:00,4867.2998046875,4868.0,4863.5,4863.5,249
2026-03-18 13:08:00,4867.10009765625,4869.60009765625,4863.89990234375,4868.0,436
2026-03-18 13:09:00,4864.89990234375,4870.7001953125,4864.7998046875,4867.0,302
2026-03-18 13:10:00,4863.2001953125,4867.39990234375,4862.60009765625,4865.10009765625,256
2026-03-18 13:11:00,4855.7998046875,4863.7998046875,4851.2001953125,4863.7998046875,1518
2026-03-18 13:12:00,4860.7001953125,4864.60009765625,4855.7001953125,4855.7001953125,359
2026-03-18 13:13:00,4866.5,4868.60009765625,4860.7001953125,4861.2001953125,399
2026-03-18 13:14:00,4861.60009765625,4867.5,4861.60009765625,4866.2001953125,254
2026-03-18 13:15:00,4848.89990234375,4861.2998046875,4846.60009765625,4861.2001953125,1067
2026-03-18 13:16:00,4847.39990234375,4851.2001953125,4842.5,4848.2001953125,951
2026-03-18 13:17:00,4843.7998046875,4849.7001953125,4843.7001953125,4847.60009765625,560
2026-03-18 13:18:00,4846.7001953125,4848.0,4837.10009765625,4843.2998046875,808
2026-03-18 13:19:00,4853.60009765625,4854.5,4846.7001953125,4846.7001953125,650
2026-03-18 13:20:00,4857.89990234375,4858.7001953125,4852.5,4854.10009765625,295
2026-03-18 13:21:00,4861.7001953125,4862.0,4856.2001953125,4858.2001953125,299
2026-03-18 13:22:00,4865.2998046875,4866.2001953125,4861.2001953125,4861.5,458
2026-03-18 13:23:00,4863.7001953125,4865.7998046875,4863.2998046875,4865.0,357
2026-03-18 13:24:00,4860.89990234375,4864.7998046875,4857.7001953125,4864.10009765625,336
2026-03-18 13:25:00,4867.7998046875,4868.39990234375,4860.7001953125,4861.2001953125,259
2026-03-18 13:26:00,4863.89990234375,4868.89990234375,4863.89990234375,4867.7998046875,251
2026-03-18 13:27:00,4861.5,4865.2001953125,4860.0,4863.89990234375,182
2026-03-18 13:28:00,4861.10009765625,4865.7001953125,4860.0,4861.39990234375,253
2026-03-18 13:29:00,4864.2001953125,4866.0,4861.2001953125,4861.2001953125,164
2026-03-18 13:30:00,4858.0,4865.10009765625,4855.7001953125,4864.5,800
2026-03-18 13:31:00,4860.7998046875,4863.60009765625,4856.2998046875,4858.0,700
2026-03-18 13:32:00,4861.89990234375,4866.0,4854.7001953125,4860.7001953125,313
2026-03-18 13:33:00,4855.0,4862.0,4852.89990234375,4862.0,506
2026-03-18 13:34:00,4860.2998046875,4863.2998046875,4854.0,4854.89990234375,376
2026-03-18 13:35:00,4865.0,4865.7001953125,4859.0,4859.5,269
2026-03-18 13:36:00,4863.2001953125,4866.5,4856.89990234375,4864.7998046875,219
2026-03-18 13:37:00,4863.0,4866.7001953125,4861.2998046875,4862.2001953125,267
2026-03-18 13:38:00,4865.7998046875,4866.39990234375,4860.89990234375,4862.5,235
2026-03-18 13:39:00,4870.7998046875,4872.89990234375,4862.7998046875,4865.10009765625,432
2026-03-18 13:40:00,4876.0,4876.2998046875,4868.7998046875,4871.39990234375,740
2026-03-18 13:41:00,4881.7998046875,4884.0,4876.0,4876.39990234375,798
2026-03-18 13:42:00,4885.5,4889.2001953125,4881.7001953125,4881.7998046875,955
2026-03-18 13:43:00,4875.89990234375,4885.2001953125,4873.89990234375,4885.10009765625,453
2026-03-18 13:44:00,4876.7998046875,4878.2998046875,4872.10009765625,4876.2001953125,773
2026-03-18 13:45:00,4872.89990234375,4879.7001953125,4872.60009765625,4876.5,687
2026-03-18 13:46:00,4876.60009765625,4878.0,4870.2998046875,4872.60009765625,508
2026-03-18 13:47:00,4882.2001953125,4883.2998046875,4876.2998046875,4877.2001953125,308
2026-03-18 13:48:00,4873.5,4881.7998046875,4873.2998046875,4881.5,182
2026-03-18 13:49:00,4874.39990234375,4875.0,4870.7001953125,4873.39990234375,199
2026-03-18 13:50:00,4869.10009765625,4874.60009765625,4869.10009765625,4874.39990234375,220
2026-03-18 13:51:00,4866.10009765625,4871.2998046875,4865.60009765625,4869.10009765625,297
2026-03-18 13:52:00,4868.7998046875,4869.7001953125,4863.60009765625,4866.5,307
2026-03-18 13:53:00,4870.7001953125,4875.5,4868.2998046875,4868.7998046875,560
2026-03-18 13:54:00,4875.0,4875.5,4869.2998046875,4871.2998046875,261
2026-03-18 13:55:00,4877.0,4879.2001953125,4875.2998046875,4875.39990234375,348
2026-03-18 13:56:00,4873.0,4878.2001953125,4870.89990234375,4877.39990234375,139
2026-03-18 13:57:00,4877.0,4877.0,4872.2001953125,4872.7001953125,96
2026-03-18 13:58:00,4879.39990234375,4881.0,4875.89990234375,4877.39990234375,166
2026-03-18 13:59:00,4881.7998046875,4884.0,4877.60009765625,4879.2998046875,191
2026-03-18 14:00:00,4880.7998046875,4884.39990234375,4880.39990234375,4881.89990234375,231
2026-03-18 14:01:00,4877.5,4881.5,4875.7001953125,4880.39990234375,296
2026-03-18 14:02:00,4880.2998046875,4883.0,4877.39990234375,4878.2998046875,148
2026-03-18 14:03:00,4888.10009765625,4888.60009765625,4881.0,4881.0,352
2026-03-18 14:04:00,4887.5,4891.2001953125,4885.89990234375,4888.0,610
2026-03-18 14:05:00,4895.89990234375,4896.2998046875,4887.2998046875,4887.7998046875,516
2026-03-18 14:06:00,4896.0,4897.2001953125,4892.39990234375,4895.7001953125,692
2026-03-18 14:07:00,4894.7998046875,4896.2998046875,4890.89990234375,4896.2998046875,449
2026-03-18 14:08:00,4896.5,4898.39990234375,4892.5,4894.5,403
2026-03-18 14:09:00,4896.7998046875,4899.0,4895.2001953125,4896.7998046875,536
2026-03-18 14:10:00,4888.89990234375,4897.2001953125,4888.39990234375,4897.2001953125,429
2026-03-18 14:11:00,4885.7998046875,4890.7001953125,4884.0,4889.39990234375,217
2026-03-18 14:12:00,4888.5,4891.2998046875,4885.10009765625,4885.39990234375,271
2026-03-18 14:13:00,4885.7001953125,4890.60009765625,4885.39990234375,4889.7998046875,259
2026-03-18 14:14:00,4884.5,4887.5,4883.2001953125,4885.89990234375,146
2026-03-18 14:15:00,4883.60009765625,4887.2998046875,4883.5,4884.7001953125,129
2026-03-18 14:16:00,4881.89990234375,4884.2998046875,4881.2001953125,4884.2998046875,173
2026-03-18 14:17:00,4879.7001953125,4882.0,4877.2001953125,4882.0,381
2026-03-18 14:18:00,4877.2001953125,4880.10009765625,4876.10009765625,4879.60009765625,189
2026-03-18 14:19:00,4876.2998046875,4879.0,4875.7998046875,4876.7998046875,285
2026-03-18 14:20:00,4871.2001953125,4876.60009765625,4870.39990234375,4875.89990234375,286
2026-03-18 14:21:00,4870.60009765625,4873.0,4869.89990234375,4871.0,281
2026-03-18 14:22:00,4870.7001953125,4874.2998046875,4868.2001953125,4870.2001953125,323
2026-03-18 14:23:00,4870.89990234375,4873.2998046875,4870.0,4870.89990234375,196
2026-03-18 14:24:00,4870.2998046875,4872.0,4866.60009765625,4870.2001953125,237
2026-03-18 14:25:00,4865.7001953125,4870.2998046875,4865.39990234375,4870.10009765625,349
2026-03-18 14:26:00,4863.89990234375,4866.7998046875,4862.10009765625,4866.60009765625,248
2026-03-18 14:27:00,4868.5,4868.89990234375,4864.2001953125,4864.39990234375,286
2026-03-18 14:28:00,4867.2001953125,4868.2998046875,4865.10009765625,4868.2998046875,128
2026-03-18 14:29:00,4863.7998046875,4867.2998046875,4863.5,4867.2998046875,201
2026-03-18 14:30:00,4864.10009765625,4867.89990234375,4862.60009765625,4864.2998046875,377
2026-03-18 14:31:00,4860.39990234375,4865.89990234375,4860.39990234375,4863.89990234375,254
2026-03-18 14:32:00,4862.2998046875,4864.60009765625,4859.5,4860.5,172
2026-03-18 14:33:00,4868.2998046875,4868.39990234375,4860.7998046875,4862.0,462
2026-03-18 14:34:00,4865.39990234375,4868.39990234375,4864.7998046875,4868.39990234375,257
2026-03-18 14:35:00,4860.89990234375,4866.89990234375,4860.7998046875,4864.7998046875,149
2026-03-18 14:36:00,4862.0,4864.39990234375,4860.39990234375,4860.7001953125,139
2026-03-18 14:37:00,4861.89990234375,4863.0,4859.39990234375,4862.0,324
2026-03-18 14:38:00,4867.5,4868.39990234375,4861.89990234375,4862.0,223
2026-03-18 14:39:00,4863.2998046875,4868.39990234375,4863.2998046875,4867.5,110
2026-03-18 14:40:00,4865.89990234375,4865.89990234375,4860.89990234375,4863.10009765625,188
2026-03-18 14:41:00,4864.0,4866.39990234375,4863.0,4865.89990234375,130
2026-03-18 14:42:00,4866.10009765625,4867.10009765625,4863.60009765625,4864.2001953125,136
2026-03-18 14:43:00,4864.10009765625,4866.5,4862.10009765625,4866.5,197
2026-03-18 14:44:00,4864.7998046875,4866.39990234375,4863.7998046875,4863.7998046875,102
2026-03-18 14:45:00,4869.5,4870.7001953125,4863.60009765625,4864.10009765625,314
2026-03-18 14:46:00,4869.39990234375,4870.5,4868.10009765625,4869.89990234375,117
2026-03-18 14:47:00,4874.2998046875,4874.2998046875,4869.60009765625,4869.60009765625,234
2026-03-18 14:48:00,4871.5,4874.0,4869.2998046875,4873.7998046875,159
2026-03-18 14:49:00,4869.0,4872.0,4868.0,4870.5,150
2026-03-18 14:50:00,4868.60009765625,4870.0,4865.39990234375,4869.2998046875,152
2026-03-18 14:51:00,4870.2998046875,4872.89990234375,4868.0,4868.5,173
2026-03-18 14:52:00,4868.39990234375,4871.7998046875,4867.7998046875,4870.7998046875,104
2026-03-18 14:53:00,4864.39990234375,4868.0,4863.7998046875,4867.39990234375,125
2026-03-18 14:54:00,4867.10009765625,4868.2001953125,4864.39990234375,4864.39990234375,85
2026-03-18 14:55:00,4869.7001953125,4869.7001953125,4866.7998046875,4867.2998046875,68
2026-03-18 14:56:00,4871.0,4871.39990234375,4869.2001953125,4870.39990234375,103
2026-03-18 14:57:00,4872.89990234375,4875.10009765625,4871.0,4871.10009765625,125
2026-03-18 14:58:00,4875.10009765625,4875.2998046875,4871.2001953125,4873.39990234375,109
2026-03-18 14:59:00,4873.10009765625,4876.10009765625,4872.60009765625,4875.10009765625,135
2026-03-18 15:00:00,4878.2998046875,4878.89990234375,4869.2001953125,4872.89990234375,610
2026-03-18 15:01:00,4871.89990234375,4878.7001953125,4870.7001953125,4878.60009765625,333
2026-03-18 15:02:00,4872.0,4872.89990234375,4869.10009765625,4871.89990234375,176
2026-03-18 15:03:00,4872.5,4873.2998046875,4871.10009765625,4871.7998046875,107
2026-03-18 15:04:00,4873.0,4874.10009765625,4871.2001953125,4872.2998046875,216
2026-03-18 15:05:00,4875.7998046875,4875.7998046875,4872.7001953125,4873.0,124
2026-03-18 15:06:00,4879.0,4879.0,4874.0,4875.89990234375,155
2026-03-18 15:07:00,4880.39990234375,4880.5,4877.2001953125,4879.10009765625,164
2026-03-18 15:08:00,4880.89990234375,4881.60009765625,4879.10009765625,4880.5,123
2026-03-18 15:09:00,4881.2001953125,4881.7998046875,4880.2998046875,4880.60009765625,166
2026-03-18 15:10:00,4875.0,4881.5,4874.2001953125,4881.2001953125,253
2026-03-18 15:11:00,4877.5,4877.60009765625,4873.10009765625,4874.39990234375,132
2026-03-18 15:12:00,4878.10009765625,4878.39990234375,4875.10009765625,4877.39990234375,71
2026-03-18 15:13:00,4877.2001953125,4878.2998046875,4875.7001953125,4877.7001953125,64
2026-03-18 15:14:00,4879.0,4879.0,4877.2001953125,4877.39990234375,48
2026-03-18 15:15:00,4879.89990234375,4880.0,4877.39990234375,4879.2001953125,89
2026-03-18 15:16:00,4878.39990234375,4880.89990234375,4878.0,4880.2998046875,108
2026-03-18 15:17:00,4883.60009765625,4883.60009765625,4878.10009765625,4878.7001953125,235
2026-03-18 15:18:00,4878.39990234375,4883.5,4878.39990234375,4883.10009765625,131
2026-03-18 15:19:00,4879.5,4879.5,4877.7998046875,4878.5,105
2026-03-18 15:20:00,4875.0,4880.5,4871.7998046875,4879.7998046875,333
2026-03-18 15:21:00,4872.7001953125,4875.10009765625,4870.60009765625,4875.10009765625,173
2026-03-18 15:22:00,4872.10009765625,4873.7001953125,4871.39990234375,4873.0,57
2026-03-18 15:23:00,4874.10009765625,4874.39990234375,4871.10009765625,4872.2001953125,59
2026-03-18 15:24:00,4878.0,4878.0,4873.7998046875,4874.10009765625,70
2026-03-18 15:25:00,4875.2001953125,4877.89990234375,4874.5,4877.39990234375,95
2026-03-18 15:26:00,4872.7998046875,4875.0,4872.7998046875,4874.5,75
2026-03-18 15:27:00,4873.7001953125,4873.7001953125,4872.0,4872.5,203
2026-03-18 15:28:00,4876.7001953125,4877.2998046875,4874.10009765625,4874.2998046875,561
2026-03-18 15:29:00,4875.39990234375,4877.2001953125,4875.10009765625,4876.39990234375,68
2026-03-18 15:30:00,4875.7998046875,4876.7001953125,4874.2998046875,4875.0,55
2026-03-18 15:31:00,4874.2998046875,4876.5,4874.2998046875,4875.5,44
2026-03-18 15:32:00,4876.39990234375,4876.7001953125,4874.2001953125,4874.7001953125,54
2026-03-18 15:33:00,4877.7001953125,4877.7001953125,4876.0,4877.0,50
2026-03-18 15:34:00,4876.60009765625,4878.2998046875,4876.60009765625,4877.89990234375,76
2026-03-18 15:35:00,4877.10009765625,4877.60009765625,4876.10009765625,4877.2998046875,151
2026-03-18 15:36:00,4877.5,4878.60009765625,4876.89990234375,4877.2998046875,49
2026-03-18 15:37:00,4876.7001953125,4879.0,4875.89990234375,4877.60009765625,68
2026-03-18 15:38:00,4877.39990234375,4878.2001953125,4876.5,4876.60009765625,43
2026-03-18 15:39:00,4876.89990234375,4878.10009765625,4875.7998046875,4877.2001953125,84
2026-03-18 15:40:00,4875.5,4878.2001953125,4875.5,4876.7998046875,63
2026-03-18 15:41:00,4871.2001953125,4878.2998046875,4870.89990234375,4875.89990234375,151
2026-03-18 15:42:00,4871.10009765625,4873.10009765625,4870.5,4871.0,107
2026-03-18 15:43:00,4872.39990234375,4873.7001953125,4871.0,4871.7998046875,143
2026-03-18 15:44:00,4868.2001953125,4872.5,4867.89990234375,4872.2001953125,214
2026-03-18 15:45:00,4868.2998046875,4869.7998046875,4867.5,4867.7998046875,81
2026-03-18 15:46:00,4864.89990234375,4870.39990234375,4864.5,4868.2001953125,172
2026-03-18 15:47:00,4866.5,4867.7001953125,4865.39990234375,4865.39990234375,89
2026-03-18 15:48:00,4866.60009765625,4868.5,4865.7001953125,4866.39990234375,71
2026-03-18 15:49:00,4866.7998046875,4867.2998046875,4865.2998046875,4867.0,94
2026-03-18 15:50:00,4867.2001953125,4867.89990234375,4865.7998046875,4866.60009765625,281
2026-03-18 15:51:00,4867.10009765625,4868.7998046875,4867.10009765625,4868.60009765625,76
2026-03-18 15:52:00,4869.5,4869.7001953125,4866.7998046875,4867.60009765625,90
2026-03-18 15:53:00,4867.0,4869.60009765625,4867.0,4869.5,57
2026-03-18 15:54:00,4868.60009765625,4868.7001953125,4866.7001953125,4866.7001953125,50
2026-03-18 15:55:00,4869.2001953125,4869.5,4867.7001953125,4868.5,87
2026-03-18 15:56:00,4868.7998046875,4870.5,4868.10009765625,4869.0,87
2026-03-18 15:57:00,4869.2998046875,4870.10009765625,4868.39990234375,4868.89990234375,93
2026-03-18 15:58:00,4868.0,4868.89990234375,4866.10009765625,4868.7001953125,94
2026-03-18 15:59:00,4866.2998046875,4868.39990234375,4865.7001953125,4867.5,202
2026-03-18 16:00:00,4865.5,4866.7001953125,4864.7001953125,4866.2001953125,279
2026-03-18 16:01:00,4865.39990234375,4866.39990234375,4864.7998046875,4865.89990234375,61
2026-03-18 16:02:00,4869.10009765625,4869.10009765625,4865.2998046875,4865.2998046875,97
2026-03-18 16:03:00,4873.10009765625,4873.39990234375,4869.5,4869.5,144
2026-03-18 16:04:00,4869.7001953125,4873.7001953125,4868.7001953125,4873.2998046875,91
2026-03-18 16:05:00,4871.60009765625,4871.89990234375,4870.0,4870.0,54
2026-03-18 16:06:00,4873.2001953125,4873.2001953125,4870.39990234375,4871.7998046875,71
2026-03-18 16:07:00,4873.5,4875.0,4872.7001953125,4873.0,176
2026-03-18 16:08:00,4874.2001953125,4874.5,4872.0,4873.2001953125,74
2026-03-18 16:09:00,4873.2998046875,4874.60009765625,4873.0,4874.5,57
2026-03-18 16:10:00,4875.39990234375,4875.7998046875,4873.2001953125,4873.2998046875,93
2026-03-18 16:11:00,4877.2998046875,4877.39990234375,4875.39990234375,4876.0,61
2026-03-18 16:12:00,4878.2998046875,4878.2998046875,4876.39990234375,4877.5,85
2026-03-18 16:13:00,4883.0,4883.0,4878.2001953125,4878.39990234375,337
2026-03-18 16:14:00,4881.7001953125,4883.2998046875,4879.7001953125,4883.2001953125,183
2026-03-18 16:15:00,4880.10009765625,4882.0,4879.60009765625,4881.7001953125,102
2026-03-18 16:16:00,4881.89990234375,4881.89990234375,4877.89990234375,4879.2998046875,110
2026-03-18 16:17:00,4879.89990234375,4882.39990234375,4879.7998046875,4881.7998046875,65
2026-03-18 16:18:00,4879.0,4880.5,4877.7998046875,4879.7998046875,88
2026-03-18 16:19:00,4880.60009765625,4880.60009765625,4878.7001953125,4879.2001953125,41
2026-03-18 16:20:00,4880.2001953125,4881.5,4878.7998046875,4880.7001953125,73
2026-03-18 16:21:00,4880.5,4880.7001953125,4879.7998046875,4880.0,26
2026-03-18 16:22:00,4881.7998046875,4881.89990234375,4879.89990234375,4880.60009765625,56
2026-03-18 16:23:00,4881.2001953125,4883.2998046875,4881.10009765625,4881.60009765625,110
2026-03-18 16:24:00,4881.5,4881.60009765625,4880.7001953125,4881.0,20
2026-03-18 16:25:00,4882.2998046875,4882.7998046875,4880.5,4882.2001953125,93
2026-03-18 16:26:00,4883.5,4884.89990234375,4881.7998046875,4881.7998046875,133
2026-03-18 16:27:00,4885.7001953125,4887.2001953125,4884.2998046875,4884.2998046875,248
2026-03-18 16:28:00,4884.2001953125,4886.0,4883.2001953125,4885.5,68
2026-03-18 16:29:00,4886.7001953125,4886.89990234375,4884.5,4884.5,67
2026-03-18 16:30:00,4886.7001953125,4886.7001953125,4884.0,4886.7001953125,106
2026-03-18 16:31:00,4886.7001953125,4887.0,4885.7001953125,4886.60009765625,77
2026-03-18 16:32:00,4884.10009765625,4886.60009765625,4882.89990234375,4886.39990234375,96
2026-03-18 16:33:00,4884.5,4884.60009765625,4879.7998046875,4884.10009765625,302
2026-03-18 16:34:00,4882.2001953125,4884.7001953125,4881.2001953125,4884.7001953125,113
2026-03-18 16:35:00,4877.2998046875,4881.7998046875,4877.2001953125,4881.7998046875,225
2026-03-18 16:36:00,4879.0,4879.7001953125,4877.2001953125,4877.5,218
2026-03-18 16:37:00,4882.2998046875,4882.39990234375,4879.0,4879.10009765625,62
2026-03-18 16:38:00,4882.39990234375,4883.60009765625,4880.2001953125,4881.7998046875,115
2026-03-18 16:39:00,4883.7001953125,4883.89990234375,4881.7998046875,4882.2001953125,79
2026-03-18 16:40:00,4880.89990234375,4884.2998046875,4880.89990234375,4883.39990234375,88
2026-03-18 16:41:00,4882.89990234375,4883.0,4880.89990234375,4881.39990234375,147
2026-03-18 16:42:00,4884.39990234375,4885.0,4882.89990234375,4883.60009765625,120
2026-03-18 16:43:00,4885.10009765625,4886.39990234375,4884.5,4884.5,94
2026-03-18 16:44:00,4886.60009765625,4886.60009765625,4884.0,4885.2998046875,81
2026-03-18 16:45:00,4888.39990234375,4889.2998046875,4886.39990234375,4886.60009765625,180
2026-03-18 16:46:00,4887.10009765625,4888.0,4886.7998046875,4888.0,61
2026-03-18 16:47:00,4885.5,4887.60009765625,4885.10009765625,4887.2001953125,73
2026-03-18 16:48:00,4886.39990234375,4886.7998046875,4884.7001953125,4885.39990234375,78
2026-03-18 16:49:00,4886.60009765625,4887.10009765625,4885.89990234375,4886.7001953125,59
2026-03-18 16:50:00,4885.7998046875,4887.0,4884.0,4886.2001953125,97
2026-03-18 16:51:00,4886.0,4886.39990234375,4884.89990234375,4885.7998046875,169
2026-03-18 16:52:00,4888.60009765625,4889.10009765625,4885.0,4886.2001953125,172
2026-03-18 16:53:00,4891.2001953125,4892.2001953125,4888.7001953125,4888.7001953125,205
2026-03-18 16:54:00,4891.7001953125,4893.2001953125,4890.2998046875,4891.2001953125,419
2026-03-18 16:55:00,4893.10009765625,4893.7001953125,4890.2001953125,4892.10009765625,124
2026-03-18 16:56:00,4892.7998046875,4894.7001953125,4892.2998046875,4893.5,153
2026-03-18 16:57:00,4894.60009765625,4894.60009765625,4892.10009765625,4893.0,106
2026-03-18 16:58:00,4893.7998046875,4894.7998046875,4893.39990234375,4894.7998046875,138
2026-03-18 16:59:00,4891.2001953125,4894.60009765625,4891.2001953125,4893.89990234375,214
2026-03-18 17:00:00,4891.0,4893.0,4890.10009765625,4891.39990234375,183
2026-03-18 17:01:00,4890.10009765625,4891.5,4888.7998046875,4890.89990234375,117
2026-03-18 17:02:00,4892.89990234375,4893.2001953125,4889.2001953125,4890.39990234375,102
2026-03-18 17:03:00,4893.5,4894.2998046875,4892.60009765625,4893.39990234375,95
2026-03-18 17:04:00,4893.60009765625,4893.89990234375,4892.2998046875,4893.60009765625,105
2026-03-18 17:05:00,4892.2998046875,4894.5,4891.7998046875,4893.39990234375,140
2026-03-18 17:06:00,4892.2998046875,4893.10009765625,4890.39990234375,4891.7998046875,110
2026-03-18 17:07:00,4893.39990234375,4893.7998046875,4892.2001953125,4892.7998046875,53
2026-03-18 17:08:00,4891.89990234375,4894.0,4891.7998046875,4893.7001953125,70
2026-03-18 17:09:00,4891.89990234375,4892.7001953125,4891.39990234375,4891.39990234375,38
2026-03-18 17:10:00,4889.60009765625,4892.39990234375,4889.39990234375,4891.89990234375,72
2026-03-18 17:11:00,4888.2001953125,4890.7998046875,4888.10009765625,4889.60009765625,113
2026-03-18 17:12:00,4888.60009765625,4889.39990234375,4888.10009765625,4888.7998046875,42
2026-03-18 17:13:00,4890.0,4891.0,4889.2001953125,4889.2001953125,118
2026-03-18 17:14:00,4891.2001953125,4891.60009765625,4889.60009765625,4890.7001953125,78
2026-03-18 17:15:00,4889.7001953125,4892.60009765625,4889.7001953125,4891.5,95
2026-03-18 17:16:00,4892.2001953125,4892.2001953125,4889.60009765625,4889.89990234375,136
2026-03-18 17:17:00,4891.89990234375,4893.0,4891.10009765625,4892.5,99
2026-03-18 17:18:00,4891.89990234375,4892.2998046875,4890.89990234375,4892.2001953125,56
2026-03-18 17:19:00,4894.0,4894.2998046875,4891.60009765625,4891.7001953125,96
2026-03-18 17:20:00,4892.2998046875,4894.2001953125,4892.10009765625,4893.89990234375,98
2026-03-18 17:21:00,4893.7001953125,4894.89990234375,4892.2001953125,4892.2001953125,123
2026-03-18 17:22:00,4895.39990234375,4895.5,4893.89990234375,4894.10009765625,311
2026-03-18 17:23:00,4896.7998046875,4898.10009765625,4895.0,4895.2998046875,148
2026-03-18 17:24:00,4900.7998046875,4901.5,4896.5,4896.7998046875,311
2026-03-18 17:25:00,4900.10009765625,4902.60009765625,4899.7001953125,4900.7998046875,364
2026-03-18 17:26:00,4898.2001953125,4900.5,4898.0,4900.2998046875,147
2026-03-18 17:27:00,4899.2001953125,4900.0,4897.89990234375,4898.10009765625,149
2026-03-18 17:28:00,4896.7998046875,4899.10009765625,4896.0,4899.0,308
2026-03-18 17:29:00,4895.39990234375,4897.2001953125,4895.10009765625,4896.89990234375,1797
2026-03-18 17:30:00,4894.7001953125,4896.10009765625,4892.7998046875,4895.7001953125,386
2026-03-18 17:31:00,4892.0,4894.89990234375,4891.5,4894.2998046875,201
2026-03-18 17:32:00,4894.2998046875,4894.7001953125,4891.60009765625,4892.10009765625,935
2026-03-18 17:33:00,4897.7001953125,4897.7001953125,4894.2001953125,4894.60009765625,136
2026-03-18 17:34:00,4899.2001953125,4899.2001953125,4897.5,4897.89990234375,210
2026-03-18 17:35:00,4902.7998046875,4903.5,4899.10009765625,4899.2998046875,233
2026-03-18 17:36:00,4900.7998046875,4903.0,4900.2998046875,4902.89990234375,145
2026-03-18 17:37:00,4901.2998046875,4902.10009765625,4900.60009765625,4900.7001953125,107
2026-03-18 17:38:00,4903.7001953125,4903.7001953125,4901.0,4901.10009765625,59
2026-03-18 17:39:00,4903.2998046875,4904.0,4902.7001953125,4903.5,93
2026-03-18 17:40:00,4902.39990234375,4903.2001953125,4901.7001953125,4903.0,63
2026-03-18 17:41:00,4900.0,4902.39990234375,4900.0,4902.2001953125,83
2026-03-18 17:42:00,4897.10009765625,4899.7998046875,4896.10009765625,4899.60009765625,161
2026-03-18 17:43:00,4897.7998046875,4898.2001953125,4894.2998046875,4897.2998046875,180
2026-03-18 17:44:00,4899.39990234375,4900.0,4897.60009765625,4897.7001953125,65
2026-03-18 17:45:00,4899.39990234375,4900.2001953125,4898.89990234375,4899.0,388
2026-03-18 17:46:00,4899.7998046875,4900.39990234375,4899.0,4899.0,367
2026-03-18 17:47:00,4897.2998046875,4899.7998046875,4896.5,4899.7998046875,101
2026-03-18 17:48:00,4896.2998046875,4898.10009765625,4894.89990234375,4898.0,86
2026-03-18 17:49:00,4896.2001953125,4896.2001953125,4895.10009765625,4895.7001953125,52
2026-03-18 17:50:00,4894.60009765625,4896.10009765625,4894.2998046875,4896.10009765625,117
2026-03-18 17:51:00,4897.7001953125,4897.7001953125,4894.5,4894.5,120
2026-03-18 17:52:00,4895.39990234375,4898.2001953125,4895.39990234375,4898.10009765625,98
2026-03-18 17:53:00,4894.60009765625,4895.7998046875,4893.5,4895.2001953125,132
2026-03-18 17:54:00,4895.0,4895.60009765625,4894.39990234375,4894.39990234375,64
2026-03-18 17:55:00,4895.89990234375,4896.2001953125,4895.2001953125,4895.2998046875,35
2026-03-18 17:56:00,4897.10009765625,4897.39990234375,4895.7001953125,4895.7001953125,47
2026-03-18 17:57:00,4896.60009765625,4897.2001953125,4896.0,4897.2001953125,83
2026-03-18 17:58:00,4895.7998046875,4897.0,4895.39990234375,4896.7001953125,70
2026-03-18 17:59:00,4895.10009765625,4895.60009765625,4894.39990234375,4895.60009765625,60
2026-03-18 18:00:00,4901.0,4904.5,4892.60009765625,4895.2001953125,532
2026-03-18 18:01:00,4896.7001953125,4901.7998046875,4896.2001953125,4901.7998046875,209
2026-03-18 18:02:00,4893.39990234375,4897.5,4893.39990234375,4896.10009765625,388
2026-03-18 18:03:00,4889.60009765625,4898.7001953125,4887.2001953125,4895.0,565
2026-03-18 18:04:00,4893.7001953125,4894.60009765625,4886.2001953125,4889.0,276
2026-03-18 18:05:00,4886.5,4894.0,4885.10009765625,4894.0,305
2026-03-18 18:06:00,4886.2001953125,4890.0,4885.2998046875,4885.60009765625,302
2026-03-18 18:07:00,4888.60009765625,4888.60009765625,4885.10009765625,4885.89990234375,132
2026-03-18 18:08:00,4889.7998046875,4889.7998046875,4886.7001953125,4887.89990234375,139
2026-03-18 18:09:00,4888.2001953125,4889.89990234375,4887.0,4889.89990234375,139
2026-03-18 18:10:00,4886.10009765625,4890.5,4885.39990234375,4887.39990234375,122
2026-03-18 18:11:00,4887.89990234375,4888.60009765625,4885.5,4887.2001953125,162
2026-03-18 18:12:00,4892.89990234375,4893.2001953125,4888.2001953125,4888.2001953125,131
2026-03-18 18:13:00,4893.7998046875,4894.2001953125,4892.2998046875,4893.10009765625,155
2026-03-18 18:14:00,4891.7998046875,4893.60009765625,4890.39990234375,4893.60009765625,94
2026-03-18 18:15:00,4883.7001953125,4892.2001953125,4883.2001953125,4891.7998046875,271
2026-03-18 18:16:00,4889.10009765625,4889.10009765625,4884.39990234375,4884.39990234375,346
2026-03-18 18:17:00,4891.5,4894.39990234375,4889.5,4889.5,188
2026-03-18 18:18:00,4889.10009765625,4890.7001953125,4887.89990234375,4890.7001953125,72
2026-03-18 18:19:00,4889.0,4890.7998046875,4888.39990234375,4890.2998046875,50
2026-03-18 18:20:00,4889.7998046875,4891.39990234375,4888.10009765625,4888.7998046875,580
2026-03-18 18:21:00,4888.0,4889.7001953125,4886.7998046875,4889.60009765625,79
2026-03-18 18:22:00,4888.89990234375,4888.89990234375,4887.7001953125,4888.10009765625,66
2026-03-18 18:23:00,4887.2001953125,4888.89990234375,4887.2001953125,4888.10009765625,63
2026-03-18 18:24:00,4885.5,4888.2001953125,4884.10009765625,4886.7001953125,117
2026-03-18 18:25:00,4885.2001953125,4886.7998046875,4880.7998046875,4885.10009765625,222
2026-03-18 18:26:00,4888.7998046875,4888.7998046875,4884.5,4884.7998046875,50
2026-03-18 18:27:00,4887.7998046875,4888.7998046875,4886.7998046875,4888.39990234375,26
2026-03-18 18:28:00,4888.89990234375,4890.60009765625,4888.7001953125,4889.0,181
2026-03-18 18:29:00,4890.10009765625,4891.2998046875,4888.89990234375,4889.0,66
2026-03-18 18:30:00,4891.39990234375,4892.7001953125,4889.7998046875,4890.2001953125,84
2026-03-18 18:31:00,4886.2001953125,4891.39990234375,4886.2001953125,4891.0,120
2026-03-18 18:32:00,4883.10009765625,4886.7998046875,4883.10009765625,4886.7998046875,89
2026-03-18 18:33:00,4878.7998046875,4884.2001953125,4877.2001953125,4883.2998046875,721
2026-03-18 18:34:00,4881.5,4881.60009765625,4876.60009765625,4879.2998046875,228
2026-03-18 18:35:00,4883.5,4884.89990234375,4880.89990234375,4881.10009765625,145
2026-03-18 18:36:00,4887.10009765625,4887.7001953125,4884.5,4885.2998046875,369
2026-03-18 18:37:00,4885.2998046875,4891.7998046875,4885.2998046875,4889.5,214
2026-03-18 18:38:00,4882.7998046875,4886.89990234375,4882.10009765625,4884.2001953125,153
2026-03-18 18:39:00,4880.0,4884.2001953125,4878.89990234375,4881.7998046875,183
2026-03-18 18:40:00,4882.89990234375,4883.60009765625,4879.89990234375,4880.5,310
2026-03-18 18:41:00,4882.89990234375,4885.7001953125,4880.60009765625,4882.0,86
2026-03-18 18:42:00,4883.60009765625,4886.60009765625,4882.39990234375,4882.39990234375,41
2026-03-18 18:43:00,4884.7001953125,4887.10009765625,4882.7998046875,4884.2001953125,57
2026-03-18 18:44:00,4882.89990234375,4886.2001953125,4882.39990234375,4885.39990234375,103
2026-03-18 18:45:00,4879.5,4882.7001953125,4878.2998046875,4882.0,143
2026-03-18 18:46:00,4877.0,4880.2998046875,4876.2001953125,4879.2998046875,121
2026-03-18 18:47:00,4877.10009765625,4880.0,4877.10009765625,4877.2998046875,71
2026-03-18 18:48:00,4875.5,4878.60009765625,4874.7998046875,4877.89990234375,219
2026-03-18 18:49:00,4872.10009765625,4876.0,4871.5,4876.0,334
2026-03-18 18:50:00,4870.2998046875,4873.7998046875,4868.60009765625,4872.60009765625,224
2026-03-18 18:51:00,4874.60009765625,4874.60009765625,4869.89990234375,4870.5,218
2026-03-18 18:52:00,4868.89990234375,4873.60009765625,4868.7998046875,4873.60009765625,105
2026-03-18 18:53:00,4868.89990234375,4871.60009765625,4868.5,4869.2998046875,183
2026-03-18 18:54:00,4868.89990234375,4870.0,4866.7001953125,4868.89990234375,86
2026-03-18 18:55:00,4867.2998046875,4870.10009765625,4866.2998046875,4869.2001953125,177
2026-03-18 18:56:00,4866.2998046875,4869.0,4865.60009765625,4867.2998046875,138
2026-03-18 18:57:00,4864.7001953125,4867.10009765625,4858.10009765625,4866.7001953125,386
2026-03-18 18:58:00,4862.10009765625,4865.7001953125,4860.7001953125,4865.39990234375,279
2026-03-18 18:59:00,4857.2998046875,4862.2998046875,4856.2001953125,4862.2001953125,480
2026-03-18 19:00:00,4854.89990234375,4856.89990234375,4847.0,4856.89990234375,755
2026-03-18 19:01:00,4855.10009765625,4859.60009765625,4853.10009765625,4853.89990234375,777
2026-03-18 19:02:00,4854.2998046875,4855.39990234375,4852.2001953125,4854.7001953125,292
2026-03-18 19:03:00,4854.10009765625,4856.10009765625,4852.0,4854.2001953125,221
2026-03-18 19:04:00,4860.2001953125,4861.10009765625,4853.60009765625,4854.2998046875,396
2026-03-18 19:05:00,4857.89990234375,4860.7001953125,4857.10009765625,4860.60009765625,150
2026-03-18 19:06:00,4861.39990234375,4862.5,4857.10009765625,4857.10009765625,294
2026-03-18 19:07:00,4858.89990234375,4862.10009765625,4856.0,4861.60009765625,276
2026-03-18 19:08:00,4858.7001953125,4860.10009765625,4856.5,4858.60009765625,116
2026-03-18 19:09:00,4861.10009765625,4861.10009765625,4856.7998046875,4857.2001953125,118
2026-03-18 19:10:00,4855.39990234375,4860.10009765625,4853.60009765625,4860.10009765625,136
2026-03-18 19:11:00,4859.7998046875,4860.7001953125,4855.5,4855.5,220
2026-03-18 19:12:00,4863.7998046875,4864.7998046875,4860.0,4860.0,162
2026-03-18 19:13:00,4862.0,4865.0,4861.60009765625,4864.2998046875,89
2026-03-18 19:14:00,4860.60009765625,4862.39990234375,4859.89990234375,4861.7998046875,95
2026-03-18 19:15:00,4867.5,4867.5,4860.60009765625,4861.10009765625,188
2026-03-18 19:16:00,4865.10009765625,4868.89990234375,4864.0,4866.89990234375,172
2026-03-18 19:17:00,4864.7998046875,4867.89990234375,4864.39990234375,4865.7001953125,164
2026-03-18 19:18:00,4865.7998046875,4865.7998046875,4863.7001953125,4864.60009765625,43
2026-03-18 19:19:00,4865.39990234375,4868.10009765625,4864.7998046875,4865.89990234375,172
2026-03-18 19:20:00,4863.7998046875,4866.60009765625,4863.7998046875,4865.2001953125,61
2026-03-18 19:21:00,4859.10009765625,4863.7998046875,4857.7998046875,4863.7998046875,217
2026-03-18 19:22:00,4857.10009765625,4860.0,4856.5,4859.0,147
2026-03-18 19:23:00,4850.2001953125,4856.2998046875,4848.0,4856.2998046875,603
2026-03-18 19:24:00,4850.7998046875,4852.10009765625,4849.2998046875,4850.2998046875,131
2026-03-18 19:25:00,4851.39990234375,4851.60009765625,4848.7998046875,4850.5,132
2026-03-18 19:26:00,4850.89990234375,4852.0,4850.2998046875,4851.39990234375,106
2026-03-18 19:27:00,4850.0,4852.2998046875,4847.0,4850.5,126
2026-03-18 19:28:00,4852.2998046875,4854.2001953125,4848.89990234375,4849.60009765625,129
2026-03-18 19:29:00,4852.39990234375,4853.5,4851.10009765625,4853.10009765625,107
2026-03-18 19:30:00,4852.2998046875,4855.39990234375,4852.2001953125,4852.2001953125,94
2026-03-18 19:31:00,4854.60009765625,4854.60009765625,4852.2998046875,4852.5,257
2026-03-18 19:32:00,4856.5,4857.39990234375,4854.2998046875,4854.7998046875,57
2026-03-18 19:33:00,4856.39990234375,4858.10009765625,4856.10009765625,4857.10009765625,58
2026-03-18 19:34:00,4860.7998046875,4860.89990234375,4854.89990234375,4855.89990234375,113
2026-03-18 19:35:00,4861.0,4862.0,4858.60009765625,4860.5,78
2026-03-18 19:36:00,4861.7001953125,4864.10009765625,4860.89990234375,4861.2998046875,216
2026-03-18 19:37:00,4863.39990234375,4863.60009765625,4862.0,4862.0,59
2026-03-18 19:38:00,4861.60009765625,4863.0,4860.5,4863.0,66
2026-03-18 19:39:00,4860.2998046875,4861.7001953125,4859.2998046875,4861.7001953125,48
2026-03-18 19:40:00,4858.5,4862.0,4857.7998046875,4860.10009765625,89
2026-03-18 19:41:00,4850.7001953125,4858.2001953125,4849.7998046875,4858.2001953125,191
2026-03-18 19:42:00,4854.0,4854.2001953125,4851.2998046875,4851.2998046875,57
2026-03-18 19:43:00,4853.89990234375,4855.60009765625,4852.60009765625,4854.2001953125,157
2026-03-18 19:44:00,4854.39990234375,4855.5,4852.89990234375,4853.89990234375,70
2026-03-18 19:45:00,4854.5,4855.0,4854.0,4854.5,59
2026-03-18 19:46:00,4849.0,4854.7998046875,4848.60009765625,4854.7001953125,157
2026-03-18 19:47:00,4852.10009765625,4852.5,4846.60009765625,4848.2001953125,176
2026-03-18 19:48:00,4847.2998046875,4852.10009765625,4846.39990234375,4852.10009765625,335
2026-03-18 19:49:00,4847.7998046875,4850.7998046875,4847.2998046875,4847.5,104
2026-03-18 19:50:00,4846.89990234375,4849.60009765625,4845.39990234375,4848.5,259
2026-03-18 19:51:00,4847.60009765625,4847.60009765625,4841.39990234375,4847.10009765625,281
2026-03-18 19:52:00,4847.5,4848.7998046875,4846.39990234375,4847.7998046875,179
2026-03-18 19:53:00,4848.89990234375,4848.89990234375,4843.89990234375,4847.89990234375,225
2026-03-18 19:54:00,4847.0,4849.2001953125,4845.60009765625,4848.5,106
2026-03-18 19:55:00,4845.10009765625,4850.0,4844.60009765625,4847.0,317
2026-03-18 19:56:00,4844.7001953125,4846.10009765625,4843.7001953125,4845.5,189
2026-03-18 19:57:00,4845.7001953125,4847.5,4844.39990234375,4845.10009765625,144
2026-03-18 19:58:00,4844.7001953125,4846.10009765625,4843.60009765625,4845.2001953125,154
2026-03-18 19:59:00,4846.7998046875,4848.2998046875,4844.0,4844.2998046875,223
2026-03-18 20:00:00,4850.89990234375,4852.10009765625,4845.10009765625,4846.5,146
2026-03-18 20:01:00,4847.7998046875,4851.5,4847.10009765625,4850.2998046875,192
2026-03-18 20:02:00,4848.39990234375,4850.60009765625,4847.60009765625,4849.2001953125,72
2026-03-18 20:03:00,4851.39990234375,4852.0,4848.0,4848.2998046875,52
2026-03-18 20:04:00,4849.7998046875,4850.89990234375,4849.2001953125,4850.89990234375,39
2026-03-18 20:05:00,4848.2001953125,4850.7998046875,4848.0,4849.39990234375,55
2026-03-18 20:06:00,4845.0,4847.0,4845.0,4846.39990234375,32
2026-03-18 20:07:00,4846.0,4848.10009765625,4844.60009765625,4844.7998046875,67
2026-03-18 20:08:00,4844.0,4845.60009765625,4843.10009765625,4845.60009765625,62
2026-03-18 20:09:00,4840.89990234375,4843.60009765625,4839.7001953125,4843.60009765625,187
2026-03-18 20:10:00,4844.2001953125,4846.0,4841.2998046875,4841.2998046875,47
2026-03-18 20:11:00,4836.60009765625,4844.60009765625,4835.10009765625,4844.39990234375,394
2026-03-18 20:12:00,4840.39990234375,4840.7998046875,4835.39990234375,4836.89990234375,249
2026-03-18 20:13:00,4836.60009765625,4839.7998046875,4836.10009765625,4839.5,58
2026-03-18 20:14:00,4829.5,4836.10009765625,4827.60009765625,4836.10009765625,422
2026-03-18 20:15:00,4827.5,4829.5,4825.5,4829.2001953125,180
2026-03-18 20:16:00,4825.7001953125,4827.7001953125,4822.7001953125,4827.2001953125,242
2026-03-18 20:17:00,4826.0,4827.39990234375,4824.2001953125,4825.7998046875,117
2026-03-18 20:18:00,4825.39990234375,4827.7998046875,4824.2001953125,4825.0,112
2026-03-18 20:19:00,4826.2001953125,4828.5,4824.89990234375,4825.39990234375,80
2026-03-18 20:20:00,4828.89990234375,4829.10009765625,4823.5,4825.7001953125,93
2026-03-18 20:21:00,4830.7998046875,4830.89990234375,4828.39990234375,4829.5,94
2026-03-18 20:22:00,4830.7998046875,4831.89990234375,4828.7001953125,4830.7998046875,104
2026-03-18 20:23:00,4827.2998046875,4830.7998046875,4826.60009765625,4830.7998046875,139
2026-03-18 20:24:00,4825.39990234375,4828.7001953125,4824.2998046875,4828.0,103
2026-03-18 20:25:00,4827.5,4828.7998046875,4824.89990234375,4825.0,106
2026-03-18 20:26:00,4823.2998046875,4827.2998046875,4822.2998046875,4827.10009765625,93
2026-03-18 20:27:00,4822.7998046875,4824.2998046875,4821.2001953125,4822.7998046875,97
2026-03-18 20:28:00,4814.2001953125,4823.2998046875,4813.2001953125,4822.10009765625,634
2026-03-18 20:29:00,4814.2998046875,4815.5,4811.60009765625,4814.2001953125,534
2026-03-18 20:30:00,4812.2001953125,4814.0,4811.10009765625,4813.7001953125,186
2026-03-18 20:31:00,4812.5,4815.5,4809.2998046875,4812.2998046875,303
2026-03-18 20:32:00,4817.39990234375,4818.2001953125,4812.0,4812.0,94
2026-03-18 20:33:00,4813.2998046875,4817.60009765625,4811.10009765625,4817.39990234375,140
2026-03-18 20:34:00,4815.0,4815.60009765625,4811.60009765625,4812.39990234375,135
2026-03-18 20:35:00,4817.0,4817.89990234375,4815.2998046875,4815.39990234375,219
2026-03-18 20:36:00,4819.7001953125,4820.39990234375,4815.0,4816.89990234375,244
2026-03-18 20:37:00,4820.5,4821.89990234375,4818.2001953125,4819.7001953125,105
2026-03-18 20:38:00,4821.0,4823.5,4819.7998046875,4819.7998046875,247
2026-03-18 20:39:00,4819.39990234375,4820.7001953125,4817.7001953125,4820.39990234375,78
2026-03-18 20:40:00,4822.39990234375,4822.7001953125,4819.39990234375,4819.39990234375,31
2026-03-18 20:41:00,4823.39990234375,4824.60009765625,4821.7001953125,4822.7998046875,60
2026-03-18 20:42:00,4822.60009765625,4824.2998046875,4821.2998046875,4823.60009765625,110
2026-03-18 20:43:00,4824.0,4824.2998046875,4822.7001953125,4823.39990234375,97
2026-03-18 20:44:00,4824.2998046875,4825.0,4821.7998046875,4824.0,69
2026-03-18 20:45:00,4823.7998046875,4824.7001953125,4822.10009765625,4824.7001953125,53
2026-03-18 20:46:00,4822.5,4825.7001953125,4822.5,4824.0,53
2026-03-18 20:47:00,4824.10009765625,4824.60009765625,4821.60009765625,4822.2001953125,50
2026-03-18 20:48:00,4828.7001953125,4828.89990234375,4823.2001953125,4824.2998046875,56
2026-03-18 20:49:00,4829.2001953125,4830.7001953125,4827.89990234375,4828.39990234375,172
2026-03-18 20:50:00,4828.10009765625,4830.5,4827.0,4829.7001953125,64
2026-03-18 20:51:00,4826.7001953125,4829.10009765625,4826.7001953125,4828.2001953125,114
2026-03-18 20:52:00,4826.2998046875,4828.10009765625,4826.10009765625,4827.5,36
2026-03-18 20:53:00,4825.0,4826.7001953125,4824.7001953125,4826.5,26
2026-03-18 20:54:00,4821.39990234375,4825.10009765625,4820.60009765625,4825.10009765625,71
2026-03-18 20:55:00,4822.7998046875,4824.0,4821.10009765625,4821.2998046875,126
2026-03-18 20:56:00,4821.39990234375,4823.39990234375,4820.7001953125,4823.0,47
2026-03-18 20:57:00,4822.5,4823.0,4820.2998046875,4821.89990234375,45
2026-03-18 20:58:00,4822.39990234375,4823.2998046875,4822.10009765625,4823.10009765625,21
2026-03-18 20:59:00,4823.89990234375,4823.89990234375,4821.5,4822.7001953125,61
2026-03-18 22:00:00,4832.0,4839.5,4820.0,4828.0,0
2026-03-18 22:01:00,4833.2001953125,4839.39990234375,4830.7001953125,4832.0,80
2026-03-18 22:02:00,4838.5,4839.89990234375,4832.2001953125,4832.89990234375,88
2026-03-18 22:03:00,4834.7001953125,4838.5,4833.0,4837.0,35
2026-03-18 22:04:00,4828.2001953125,4834.60009765625,4826.7001953125,4833.10009765625,63
2026-03-18 22:05:00,4829.2998046875,4829.2998046875,4827.7001953125,4828.2001953125,8
2026-03-18 22:06:00,4830.60009765625,4832.7001953125,4824.2998046875,4827.0,49
2026-03-18 22:07:00,4830.39990234375,4834.39990234375,4830.39990234375,4832.0,20
2026-03-18 22:08:00,4827.0,4832.60009765625,4827.0,4832.60009765625,25
2026-03-18 22:09:00,4830.10009765625,4832.89990234375,4824.0,4826.10009765625,369
2026-03-18 22:10:00,4826.89990234375,4829.89990234375,4825.89990234375,4829.7998046875,33
2026-03-18 22:11:00,4827.89990234375,4829.2998046875,4826.89990234375,4827.0,28
2026-03-18 22:12:00,4823.0,4827.60009765625,4823.0,4827.60009765625,13
2026-03-18 22:13:00,4821.5,4824.5,4821.5,4823.2001953125,57
2026-03-18 22:14:00,4821.10009765625,4823.7998046875,4817.7001953125,4823.7998046875,99
2026-03-18 22:15:00,4816.39990234375,4821.10009765625,4811.10009765625,4820.39990234375,232
2026-03-18 22:16:00,4814.5,4816.2001953125,4811.39990234375,4815.89990234375,117
2026-03-18 22:17:00,4817.5,4817.60009765625,4811.2998046875,4814.7998046875,62
2026-03-18 22:18:00,4818.39990234375,4819.2001953125,4814.89990234375,4817.39990234375,44
2026-03-18 22:19:00,4823.7998046875,4823.7998046875,4817.7001953125,4819.10009765625,39
2026-03-18 22:20:00,4815.2998046875,4823.7001953125,4814.0,4822.60009765625,105
2026-03-18 22:21:00,4808.60009765625,4816.5,4806.0,4815.39990234375,241
2026-03-18 22:22:00,4811.39990234375,4814.2001953125,4808.7001953125,4809.0,147
2026-03-18 22:23:00,4812.5,4813.2001953125,4810.0,4811.39990234375,39
2026-03-18 22:24:00,4823.5,4823.89990234375,4813.2998046875,4813.2998046875,113
2026-03-18 22:25:00,4823.39990234375,4825.2998046875,4822.0,4823.7998046875,48
2026-03-18 22:26:00,4821.7001953125,4824.10009765625,4821.10009765625,4822.0,56
2026-03-18 22:27:00,4822.7998046875,4827.5,4822.10009765625,4822.10009765625,72
2026-03-18 22:28:00,4822.2001953125,4824.7998046875,4822.2001953125,4823.89990234375,30
2026-03-18 22:29:00,4818.0,4822.2001953125,4817.89990234375,4822.2001953125,28
2026-03-18 22:30:00,4817.89990234375,4818.60009765625,4814.5,4818.5,58
2026-03-18 22:31:00,4814.7001953125,4818.2998046875,4814.2001953125,4817.89990234375,57
2026-03-18 22:32:00,4813.7998046875,4815.0,4811.60009765625,4814.2001953125,75
2026-03-18 22:33:00,4815.5,4816.5,4814.2001953125,4814.2001953125,18
2026-03-18 22:34:00,4820.2998046875,4821.0,4813.89990234375,4815.2001953125,74
2026-03-18 22:35:00,4826.0,4826.7998046875,4820.39990234375,4820.39990234375,102
2026-03-18 22:36:00,4829.7001953125,4830.0,4825.5,4826.2001953125,85
2026-03-18 22:37:00,4824.39990234375,4832.0,4824.39990234375,4830.39990234375,53
2026-03-18 22:38:00,4827.5,4827.60009765625,4824.0,4824.0,46
2026-03-18 22:39:00,4825.60009765625,4827.10009765625,4825.0,4827.10009765625,21
2026-03-18 22:40:00,4828.60009765625,4830.7998046875,4826.39990234375,4826.39990234375,45
2026-03-18 22:41:00,4828.7001953125,4829.89990234375,4828.0,4828.39990234375,26
2026-03-18 22:42:00,4831.10009765625,4831.60009765625,4828.2998046875,4828.2998046875,50
2026-03-18 22:43:00,4829.7001953125,4831.60009765625,4827.89990234375,4831.39990234375,29
2026-03-18 22:44:00,4830.2998046875,4830.7001953125,4828.2998046875,4828.2998046875,26
2026-03-18 22:45:00,4828.39990234375,4829.2001953125,4828.39990234375,4828.7001953125,4
2026-03-18 22:46:00,4831.39990234375,4831.39990234375,4828.2998046875,4828.2998046875,37
2026-03-18 22:47:00,4834.5,4834.5,4830.7001953125,4830.89990234375,80
2026-03-18 22:48:00,4838.89990234375,4841.39990234375,4833.2998046875,4833.7001953125,235
2026-03-18 22:49:00,4835.7001953125,4839.2001953125,4834.2001953125,4838.0,96
2026-03-18 22:50:00,4836.2998046875,4836.2998046875,4832.2998046875,4835.2001953125,59
2026-03-18 22:51:00,4835.2998046875,4842.0,4834.7998046875,4837.10009765625,99
2026-03-18 22:52:00,4837.2001953125,4839.2001953125,4835.89990234375,4835.89990234375,25
2026-03-18 22:53:00,4838.0,4839.7998046875,4836.7001953125,4838.89990234375,55
2026-03-18 22:54:00,4835.10009765625,4837.39990234375,4834.5,4837.39990234375,34
2026-03-18 22:55:00,4833.10009765625,4835.89990234375,4833.10009765625,4835.60009765625,18
2026-03-18 22:56:00,4835.0,4835.10009765625,4832.2998046875,4833.0,48
2026-03-18 22:57:00,4831.7998046875,4835.7001953125,4831.7998046875,4835.7001953125,18
2026-03-18 22:58:00,4832.7998046875,4832.89990234375,4831.2001953125,4831.89990234375,13
2026-03-18 22:59:00,4837.10009765625,4837.10009765625,4831.7998046875,4832.2998046875,27
2026-03-18 23:00:00,4834.60009765625,4836.89990234375,4833.2001953125,4836.5,76
2026-03-18 23:01:00,4832.7001953125,4834.0,4831.5,4833.39990234375,31
2026-03-18 23:02:00,4836.10009765625,4836.5,4832.60009765625,4832.60009765625,17
2026-03-18 23:03:00,4839.60009765625,4839.60009765625,4835.0,4835.89990234375,53
2026-03-18 23:04:00,4835.89990234375,4838.89990234375,4835.89990234375,4838.89990234375,18
2026-03-18 23:05:00,4837.2001953125,4839.0,4834.2998046875,4835.10009765625,82
2026-03-18 23:06:00,4838.39990234375,4838.39990234375,4836.39990234375,4836.39990234375,11
2026-03-18 23:07:00,4837.2001953125,4839.0,4836.10009765625,4838.7998046875,18
2026-03-18 23:08:00,4836.5,4836.89990234375,4836.0,4836.0,5
2026-03-18 23:09:00,4836.89990234375,4837.5,4836.5,4836.5,21
2026-03-18 23:10:00,4835.10009765625,4837.5,4834.60009765625,4836.0,76
2026-03-18 23:11:00,4838.5,4838.5,4836.10009765625,4836.39990234375,27
2026-03-18 23:12:00,4836.2998046875,4838.0,4835.7001953125,4837.10009765625,14
2026-03-18 23:13:00,4837.60009765625,4838.10009765625,4834.7998046875,4836.0,34
2026-03-18 23:14:00,4836.7001953125,4839.0,4836.7001953125,4838.0,18
2026-03-18 23:15:00,4836.10009765625,4838.7998046875,4833.60009765625,4836.10009765625,85
2026-03-18 23:16:00,4833.7998046875,4835.39990234375,4833.2998046875,4835.39990234375,11
2026-03-18 23:17:00,4832.10009765625,4834.5,4832.0,4834.5,12
2026-03-18 23:18:00,4830.7998046875,4833.0,4830.5,4832.7998046875,19
2026-03-18 23:19:00,4832.60009765625,4832.60009765625,4830.7001953125,4831.2001953125,38
2026-03-18 23:20:00,4834.5,4836.2001953125,4832.7001953125,4833.0,26
2026-03-18 23:21:00,4835.7001953125,4835.7001953125,4834.10009765625,4834.10009765625,8
2026-03-18 23:22:00,4835.0,4835.0,4834.2001953125,4835.0,16
2026-03-18 23:23:00,4835.2998046875,4838.0,4834.60009765625,4835.2001953125,76
2026-03-18 23:24:00,4837.10009765625,4837.10009765625,4834.5,4835.2998046875,42
2026-03-18 23:25:00,4838.7998046875,4840.60009765625,4838.2998046875,4838.5,62
2026-03-18 23:26:00,4839.39990234375,4840.7001953125,4838.10009765625,4838.7001953125,23
2026-03-18 23:27:00,4839.2998046875,4840.2001953125,4838.5,4839.39990234375,24
2026-03-18 23:28:00,4841.39990234375,4842.39990234375,4837.0,4839.10009765625,91
2026-03-18 23:29:00,4839.7998046875,4843.10009765625,4838.7998046875,4841.39990234375,110
2026-03-18 23:30:00,4838.2998046875,4839.2001953125,4837.5,4839.2001953125,27
2026-03-18 23:31:00,4841.0,4841.10009765625,4838.2998046875,4838.60009765625,47
2026-03-18 23:32:00,4840.2998046875,4843.0,4840.2998046875,4841.0,76
2026-03-18 23:33:00,4839.0,4840.2001953125,4838.5,4839.7998046875,33
2026-03-18 23:34:00,4837.60009765625,4838.2001953125,4836.7001953125,4838.2001953125,18
2026-03-18 23:35:00,4839.2998046875,4839.2998046875,4836.7998046875,4837.7998046875,28
2026-03-18 23:36:00,4840.0,4840.39990234375,4838.0,4839.7001953125,29
2026-03-18 23:37:00,4839.7998046875,4840.2998046875,4839.60009765625,4840.0,9
2026-03-18 23:38:00,4841.0,4841.0,4839.10009765625,4839.10009765625,5
2026-03-18 23:39:00,4840.7001953125,4840.7001953125,4839.7998046875,4840.2998046875,7
2026-03-18 23:40:00,4842.0,4842.0,4840.7998046875,4840.7998046875,9
2026-03-18 23:41:00,4843.89990234375,4845.0,4841.7998046875,4841.89990234375,53
2026-03-18 23:42:00,4842.60009765625,4844.0,4842.39990234375,4844.0,14
2026-03-18 23:43:00,4840.39990234375,4841.89990234375,4839.39990234375,4841.89990234375,22
2026-03-18 23:44:00,4836.7001953125,4839.60009765625,4836.10009765625,4839.60009765625,34
2026-03-18 23:45:00,4835.2998046875,4836.2001953125,4832.10009765625,4836.2001953125,71
2026-03-18 23:46:00,4836.0,4837.89990234375,4834.7998046875,4835.7001953125,23
2026-03-18 23:47:00,4839.39990234375,4840.10009765625,4836.10009765625,4836.10009765625,16
2026-03-18 23:48:00,4837.7998046875,4839.0,4836.5,4837.39990234375,20
2026-03-18 23:49:00,4838.89990234375,4838.89990234375,4837.2998046875,4838.5,16
2026-03-18 23:50:00,4836.2001953125,4838.39990234375,4835.2001953125,4838.39990234375,15
2026-03-18 23:51:00,4832.7001953125,4835.7998046875,4832.0,4835.7998046875,71
2026-03-18 23:52:00,4835.7998046875,4836.0,4834.2001953125,4834.2001953125,17
2026-03-18 23:53:00,4836.5,4837.60009765625,4836.5,4836.7001953125,19
2026-03-18 23:54:00,4837.2998046875,4837.2998046875,4836.2998046875,4836.2998046875,10
2026-03-18 23:55:00,4837.10009765625,4838.39990234375,4836.5,4838.0,30
2026-03-18 23:56:00,4836.7998046875,4837.5,4835.7001953125,4836.2998046875,15
2026-03-18 23:57:00,4837.60009765625,4838.5,4835.89990234375,4835.89990234375,15
2026-03-18 23:58:00,4840.5,4840.5,4838.0,4838.0,37
2026-03-18 23:59:00,4839.2001953125,4839.89990234375,4837.7001953125,4839.89990234375,7
2026-03-19 00:00:00,4843.2998046875,4843.60009765625,4837.60009765625,4838.39990234375,56
2026-03-19 00:01:00,4845.5,4848.39990234375,4842.5,4842.5,137
2026-03-19 00:02:00,4846.60009765625,4846.7001953125,4843.60009765625,4846.0,42
2026-03-19 00:03:00,4847.0,4847.60009765625,4845.60009765625,4846.2998046875,26
2026-03-19 00:04:00,4847.60009765625,4848.7998046875,4845.60009765625,4847.5,126
2026-03-19 00:05:00,4847.7001953125,4848.89990234375,4846.7998046875,4847.89990234375,31
2026-03-19 00:06:00,4849.7001953125,4850.7998046875,4847.39990234375,4848.0,73
2026-03-19 00:07:00,4848.10009765625,4849.7998046875,4847.39990234375,4849.39990234375,26
2026-03-19 00:08:00,4845.89990234375,4847.5,4845.89990234375,4847.39990234375,19
2026-03-19 00:09:00,4844.5,4845.7998046875,4844.39990234375,4845.7998046875,26
2026-03-19 00:10:00,4839.7001953125,4845.10009765625,4839.7001953125,4844.7001953125,53
2026-03-19 00:11:00,4846.2998046875,4847.10009765625,4838.7998046875,4839.0,123
2026-03-19 00:12:00,4847.2001953125,4847.60009765625,4845.89990234375,4846.60009765625,32
2026-03-19 00:13:00,4843.89990234375,4847.7998046875,4843.89990234375,4847.10009765625,46
2026-03-19 00:14:00,4845.60009765625,4845.60009765625,4843.89990234375,4844.60009765625,25
2026-03-19 00:15:00,4845.10009765625,4845.7998046875,4844.7001953125,4845.7998046875,56
2026-03-19 00:16:00,4843.0,4846.0,4843.0,4846.0,15
2026-03-19 00:17:00,4842.39990234375,4843.7001953125,4841.39990234375,4843.60009765625,9
2026-03-19 00:18:00,4841.60009765625,4843.2998046875,4841.39990234375,4842.39990234375,22
2026-03-19 00:19:00,4841.7998046875,4843.39990234375,4840.39990234375,4841.2001953125,30
2026-03-19 00:20:00,4842.2998046875,4843.60009765625,4842.2001953125,4842.39990234375,13
2026-03-19 00:21:00,4842.7001953125,4843.5,4841.0,4842.89990234375,40
2026-03-19 00:22:00,4843.2001953125,4843.2001953125,4842.0,4842.2998046875,22
2026-03-19 00:23:00,4844.39990234375,4844.89990234375,4843.0,4843.0,22
2026-03-19 00:24:00,4845.10009765625,4845.10009765625,4842.0,4843.7998046875,31
2026-03-19 00:25:00,4843.0,4844.10009765625,4842.7001953125,4844.10009765625,29
2026-03-19 00:26:00,4842.39990234375,4844.10009765625,4842.0,4842.39990234375,111
2026-03-19 00:27:00,4839.2001953125,4842.7998046875,4838.39990234375,4842.5,69
2026-03-19 00:28:00,4842.2998046875,4843.10009765625,4840.0,4840.10009765625,32
2026-03-19 00:29:00,4844.2001953125,4844.39990234375,4843.2001953125,4843.2001953125,20
2026-03-19 00:30:00,4847.89990234375,4848.89990234375,4843.5,4843.5,78
2026-03-19 00:31:00,4844.2001953125,4848.2001953125,4844.2001953125,4847.89990234375,68
2026-03-19 00:32:00,4845.2998046875,4845.2998046875,4841.2998046875,4844.2998046875,45
2026-03-19 00:33:00,4845.10009765625,4847.60009765625,4845.0,4845.2001953125,66
2026-03-19 00:34:00,4846.7001953125,4846.7998046875,4844.89990234375,4844.89990234375,15
2026-03-19 00:35:00,4848.10009765625,4849.2998046875,4845.60009765625,4846.7998046875,48
2026-03-19 00:36:00,4849.10009765625,4850.0,4847.2998046875,4847.39990234375,22
2026-03-19 00:37:00,4849.7001953125,4850.60009765625,4847.89990234375,4849.10009765625,40
2026-03-19 00:38:00,4845.0,4849.10009765625,4844.5,4849.10009765625,49
2026-03-19 00:39:00,4845.2998046875,4846.2001953125,4845.2998046875,4845.60009765625,19
2026-03-19 00:40:00,4846.2001953125,4846.39990234375,4844.7998046875,4845.0,178
2026-03-19 00:41:00,4843.60009765625,4847.5,4843.0,4846.2001953125,44
2026-03-19 00:42:00,4842.2998046875,4843.7998046875,4842.2998046875,4843.0,20
2026-03-19 00:43:00,4841.60009765625,4843.2998046875,4840.60009765625,4843.10009765625,59
2026-03-19 00:44:00,4842.89990234375,4843.2998046875,4839.7001953125,4841.2998046875,47
2026-03-19 00:45:00,4839.10009765625,4843.2001953125,4839.10009765625,4842.60009765625,37
2026-03-19 00:46:00,4843.39990234375,4844.2001953125,4839.7001953125,4839.7001953125,56
2026-03-19 00:47:00,4844.2001953125,4844.7998046875,4841.5,4843.10009765625,34
2026-03-19 00:48:00,4845.7001953125,4847.7001953125,4844.0,4844.10009765625,97
2026-03-19 00:49:00,4845.5,4845.5,4843.60009765625,4845.39990234375,17
2026-03-19 00:50:00,4843.60009765625,4845.60009765625,4843.60009765625,4844.7998046875,25
2026-03-19 00:51:00,4843.2998046875,4845.0,4842.89990234375,4843.89990234375,20
2026-03-19 00:52:00,4842.0,4846.0,4841.5,4842.7001953125,79
2026-03-19 00:53:00,4841.60009765625,4843.2001953125,4839.7998046875,4841.39990234375,40
2026-03-19 00:54:00,4842.0,4843.10009765625,4842.0,4842.2001953125,10
2026-03-19 00:55:00,4842.0,4843.5,4841.2001953125,4841.89990234375,31
2026-03-19 00:56:00,4840.7998046875,4842.39990234375,4840.7998046875,4842.10009765625,29
2026-03-19 00:57:00,4842.2998046875,4843.39990234375,4840.7001953125,4841.60009765625,28
2026-03-19 00:58:00,4842.60009765625,4844.39990234375,4842.60009765625,4844.2998046875,28
2026-03-19 00:59:00,4842.60009765625,4844.60009765625,4842.2998046875,4842.2998046875,16
2026-03-19 01:00:00,4848.2998046875,4849.10009765625,4841.7001953125,4842.2998046875,111
2026-03-19 01:01:00,4850.89990234375,4852.2998046875,4847.0,4847.60009765625,110
2026-03-19 01:02:00,4853.0,4855.0,4850.0,4850.0,228
2026-03-19 01:03:00,4848.89990234375,4853.7998046875,4848.2001953125,4853.2001953125,68
2026-03-19 01:04:00,4844.10009765625,4850.7001953125,4844.10009765625,4848.2998046875,127
2026-03-19 01:05:00,4838.7001953125,4843.60009765625,4835.7998046875,4843.39990234375,195
2026-03-19 01:06:00,4838.39990234375,4841.2998046875,4835.89990234375,4839.5,153
2026-03-19 01:07:00,4835.60009765625,4837.2998046875,4833.7001953125,4837.2998046875,110
2026-03-19 01:08:00,4839.60009765625,4840.5,4836.2998046875,4836.2998046875,37
2026-03-19 01:09:00,4841.2001953125,4843.39990234375,4838.5,4839.2998046875,105
2026-03-19 01:10:00,4840.5,4843.2998046875,4840.5,4842.0,63
2026-03-19 01:11:00,4837.89990234375,4840.0,4836.2998046875,4839.7001953125,37
2026-03-19 01:12:00,4837.2001953125,4840.0,4837.2001953125,4838.39990234375,54
2026-03-19 01:13:00,4840.10009765625,4840.5,4837.10009765625,4837.10009765625,32
2026-03-19 01:14:00,4840.2001953125,4844.39990234375,4837.7001953125,4840.7998046875,81
2026-03-19 01:15:00,4840.5,4841.2998046875,4837.89990234375,4838.7998046875,24
2026-03-19 01:16:00,4840.60009765625,4841.39990234375,4839.2998046875,4839.2998046875,49
2026-03-19 01:17:00,4840.7001953125,4842.2001953125,4838.7998046875,4840.2001953125,50
2026-03-19 01:18:00,4838.5,4840.7001953125,4837.10009765625,4840.39990234375,213
2026-03-19 01:19:00,4838.5,4842.2998046875,4837.7001953125,4838.7998046875,71
2026-03-19 01:20:00,4836.39990234375,4839.2998046875,4834.5,4839.2998046875,84
2026-03-19 01:21:00,4839.89990234375,4839.89990234375,4836.7998046875,4837.2001953125,132
2026-03-19 01:22:00,4840.2001953125,4840.89990234375,4838.7001953125,4839.2998046875,29
2026-03-19 01:23:00,4836.10009765625,4838.5,4836.10009765625,4838.5,18
2026-03-19 01:24:00,4838.39990234375,4839.2001953125,4835.89990234375,4836.7001953125,37
2026-03-19 01:25:00,4836.60009765625,4840.10009765625,4836.2001953125,4838.89990234375,54
2026-03-19 01:26:00,4840.0,4840.0,4836.60009765625,4836.60009765625,83
2026-03-19 01:27:00,4842.0,4843.39990234375,4839.2998046875,4839.39990234375,91
2026-03-19 01:28:00,4843.7998046875,4845.0,4842.2001953125,4842.2001953125,36
2026-03-19 01:29:00,4847.2001953125,4847.2001953125,4845.10009765625,4845.5,65
2026-03-19 01:30:00,4849.2001953125,4851.60009765625,4846.89990234375,4847.10009765625,162
2026-03-19 01:31:00,4845.7998046875,4850.5,4844.7001953125,4848.7998046875,93
2026-03-19 01:32:00,4846.10009765625,4846.7998046875,4844.60009765625,4844.89990234375,42
2026-03-19 01:33:00,4848.7998046875,4848.7998046875,4844.0,4845.39990234375,41
2026-03-19 01:34:00,4849.0,4850.0,4845.39990234375,4847.60009765625,95
2026-03-19 01:35:00,4854.89990234375,4855.89990234375,4849.10009765625,4849.7998046875,205
2026-03-19 01:36:00,4857.89990234375,4857.89990234375,4853.10009765625,4855.60009765625,139
2026-03-19 01:37:00,4858.89990234375,4861.0,4857.10009765625,4857.89990234375,149
2026-03-19 01:38:00,4860.7001953125,4861.5,4858.7001953125,4860.7001953125,103
2026-03-19 01:39:00,4863.60009765625,4863.7998046875,4860.7001953125,4861.2998046875,190
2026-03-19 01:40:00,4865.2998046875,4866.5,4862.2001953125,4862.89990234375,180
2026-03-19 01:41:00,4865.89990234375,4868.7001953125,4865.10009765625,4866.0,217
2026-03-19 01:42:00,4864.2001953125,4866.2998046875,4864.2001953125,4866.2998046875,66
2026-03-19 01:43:00,4864.2998046875,4865.10009765625,4863.5,4864.0,52
2026-03-19 01:44:00,4866.89990234375,4868.0,4862.7998046875,4864.0,64
2026-03-19 01:45:00,4862.5,4867.2001953125,4861.60009765625,4866.7001953125,70
2026-03-19 01:46:00,4859.5,4862.2998046875,4859.5,4862.2998046875,86
2026-03-19 01:47:00,4858.39990234375,4859.7998046875,4857.7001953125,4859.7998046875,55
2026-03-19 01:48:00,4857.0,4859.0,4855.0,4858.7998046875,205
2026-03-19 01:49:00,4859.39990234375,4859.60009765625,4857.7001953125,4858.2998046875,83
2026-03-19 01:50:00,4854.89990234375,4858.89990234375,4854.10009765625,4858.89990234375,34
2026-03-19 01:51:00,4855.60009765625,4856.7001953125,4853.2001953125,4855.10009765625,73
2026-03-19 01:52:00,4857.5,4857.89990234375,4854.7998046875,4855.5,91
2026-03-19 01:53:00,4858.2001953125,4859.39990234375,4856.89990234375,4857.2001953125,47
2026-03-19 01:54:00,4858.7001953125,4859.7998046875,4857.10009765625,4858.0,95
2026-03-19 01:55:00,4858.89990234375,4859.7001953125,4858.10009765625,4858.39990234375,22
2026-03-19 01:56:00,4859.0,4859.7998046875,4857.7001953125,4858.60009765625,55
2026-03-19 01:57:00,4860.0,4860.39990234375,4859.0,4859.2998046875,16
2026-03-19 01:58:00,4855.5,4859.7001953125,4855.5,4859.7001953125,70
2026-03-19 01:59:00,4851.2998046875,4856.60009765625,4850.39990234375,4856.10009765625,211
2026-03-19 02:00:00,4849.89990234375,4853.5,4849.5,4851.2001953125,82
2026-03-19 02:01:00,4849.10009765625,4852.10009765625,4847.89990234375,4849.7001953125,107
2026-03-19 02:02:00,4847.5,4851.2998046875,4846.89990234375,4849.60009765625,75
2026-03-19 02:03:00,4848.2998046875,4848.39990234375,4846.89990234375,4847.2998046875,47
2026-03-19 02:04:00,4847.39990234375,4849.7998046875,4847.0,4848.5,54
2026-03-19 02:05:00,4846.10009765625,4848.7998046875,4845.7998046875,4847.39990234375,73
2026-03-19 02:06:00,4845.2001953125,4845.2998046875,4842.60009765625,4845.2998046875,97
2026-03-19 02:07:00,4848.2001953125,4849.10009765625,4843.7001953125,4844.39990234375,88
2026-03-19 02:08:00,4849.39990234375,4850.2998046875,4848.0,4848.60009765625,44
2026-03-19 02:09:00,4849.0,4849.60009765625,4848.0,4849.60009765625,13
2026-03-19 02:10:00,4849.60009765625,4850.10009765625,4848.39990234375,4848.7998046875,54
2026-03-19 02:11:00,4850.7998046875,4851.7001953125,4849.5,4850.0,68
2026-03-19 02:12:00,4849.2998046875,4851.5,4848.5,4851.0,32
2026-03-19 02:13:00,4849.7998046875,4850.10009765625,4848.7001953125,4849.89990234375,28
2026-03-19 02:14:00,4850.2998046875,4851.2998046875,4847.39990234375,4849.7001953125,46
2026-03-19 02:15:00,4850.2998046875,4851.7998046875,4850.2998046875,4850.7998046875,33
2026-03-19 02:16:00,4851.5,4852.7001953125,4849.39990234375,4850.0,58
2026-03-19 02:17:00,4853.89990234375,4854.10009765625,4852.10009765625,4852.2001953125,69
2026-03-19 02:18:00,4853.89990234375,4854.7001953125,4853.2001953125,4854.39990234375,52
2026-03-19 02:19:00,4851.60009765625,4854.60009765625,4850.60009765625,4853.2998046875,126
2026-03-19 02:20:00,4853.39990234375,4853.5,4851.60009765625,4852.0,20
2026-03-19 02:21:00,4855.39990234375,4855.5,4853.0,4853.2001953125,35
2026-03-19 02:22:00,4857.7998046875,4858.39990234375,4854.39990234375,4855.0,61
2026-03-19 02:23:00,4857.2998046875,4857.2998046875,4856.2998046875,4856.39990234375,15
2026-03-19 02:24:00,4858.2998046875,4858.2998046875,4856.7001953125,4857.2998046875,47
2026-03-19 02:25:00,4858.2998046875,4858.7998046875,4856.7998046875,4858.5,20
2026-03-19 02:26:00,4857.60009765625,4859.0,4857.60009765625,4857.7998046875,28
2026-03-19 02:27:00,4857.7001953125,4859.10009765625,4857.2001953125,4857.7998046875,41
2026-03-19 02:28:00,4858.0,4858.2001953125,4857.2998046875,4857.2998046875,10
2026-03-19 02:29:00,4858.60009765625,4859.2001953125,4857.39990234375,4859.2001953125,19
2026-03-19 02:30:00,4856.60009765625,4859.5,4855.39990234375,4858.5,68
2026-03-19 02:31:00,4857.5,4857.60009765625,4855.39990234375,4857.60009765625,34
2026-03-19 02:32:00,4855.5,4858.2001953125,4855.0,4857.60009765625,84
2026-03-19 02:33:00,4855.10009765625,4856.2001953125,4855.0,4856.10009765625,42
2026-03-19 02:34:00,4857.5,4858.39990234375,4856.10009765625,4856.10009765625,23
2026-03-19 02:35:00,4858.60009765625,4860.5,4858.10009765625,4858.7001953125,41
2026-03-19 02:36:00,4860.5,4861.89990234375,4859.0,4859.0,31
2026-03-19 02:37:00,4859.10009765625,4861.60009765625,4858.60009765625,4860.7001953125,40
2026-03-19 02:38:00,4858.2001953125,4859.2998046875,4856.7001953125,4858.7998046875,29
2026-03-19 02:39:00,4858.0,4859.10009765625,4856.2001953125,4858.2001953125,43
2026-03-19 02:40:00,4858.2001953125,4858.7998046875,4857.2998046875,4858.5,23
2026-03-19 02:41:00,4859.2998046875,4860.2998046875,4859.2998046875,4859.39990234375,33
2026-03-19 02:42:00,4861.39990234375,4862.0,4860.0,4861.0,42
2026-03-19 02:43:00,4861.7998046875,4863.10009765625,4861.60009765625,4861.7998046875,31
2026-03-19 02:44:00,4863.39990234375,4863.39990234375,4861.7998046875,4862.5,16
2026-03-19 02:45:00,4863.10009765625,4863.2001953125,4862.2001953125,4863.0,15
2026-03-19 02:46:00,4861.0,4862.5,4859.2998046875,4862.0,42
2026-03-19 02:47:00,4859.7001953125,4860.39990234375,4859.60009765625,4859.7001953125,11
2026-03-19 02:48:00,4859.60009765625,4860.2001953125,4857.2001953125,4860.2001953125,50
2026-03-19 02:49:00,4858.7998046875,4859.5,4858.2998046875,4858.7998046875,23
2026-03-19 02:50:00,4857.2001953125,4858.89990234375,4856.10009765625,4858.7998046875,49
2026-03-19 02:51:00,4855.7001953125,4856.60009765625,4854.89990234375,4856.60009765625,20
2026-03-19 02:52:00,4857.10009765625,4857.7998046875,4855.89990234375,4855.89990234375,19
2026-03-19 02:53:00,4860.2998046875,4860.60009765625,4857.7998046875,4857.7998046875,38
2026-03-19 02:54:00,4862.89990234375,4863.0,4859.60009765625,4859.60009765625,50
2026-03-19 02:55:00,4861.7001953125,4863.2998046875,4861.5,4862.5,53
2026-03-19 02:56:00,4860.0,4862.89990234375,4860.0,4862.2998046875,104
2026-03-19 02:57:00,4860.2001953125,4860.7001953125,4859.39990234375,4860.0,64
2026-03-19 02:58:00,4857.10009765625,4859.89990234375,4855.5,4859.2998046875,53
2026-03-19 02:59:00,4859.5,4860.2001953125,4857.2998046875,4857.2998046875,71
2026-03-19 03:00:00,4861.5,4861.5,4859.5,4859.7998046875,93
2026-03-19 03:01:00,4861.39990234375,4862.89990234375,4861.10009765625,4861.7001953125,42
2026-03-19 03:02:00,4858.5,4860.89990234375,4857.89990234375,4860.89990234375,29
2026-03-19 03:03:00,4858.2998046875,4858.2998046875,4856.5,4857.7001953125,71
2026-03-19 03:04:00,4861.0,4862.2998046875,4858.2998046875,4858.5,65
2026-03-19 03:05:00,4859.89990234375,4861.10009765625,4859.7001953125,4861.10009765625,59
2026-03-19 03:06:00,4858.39990234375,4859.7998046875,4857.89990234375,4859.5,8
2026-03-19 03:07:00,4858.5,4858.60009765625,4856.89990234375,4857.0,39
2026-03-19 03:08:00,4858.39990234375,4858.39990234375,4857.7998046875,4858.39990234375,4
2026-03-19 03:09:00,4864.89990234375,4865.0,4859.0,4859.0,110
2026-03-19 03:10:00,4864.0,4866.10009765625,4863.89990234375,4865.0,49
2026-03-19 03:11:00,4865.0,4866.10009765625,4863.7998046875,4864.7001953125,44
2026-03-19 03:12:00,4863.89990234375,4864.7001953125,4862.89990234375,4864.7001953125,32
2026-03-19 03:13:00,4863.2001953125,4863.39990234375,4863.0,4863.2001953125,9
2026-03-19 03:14:00,4865.7001953125,4866.60009765625,4863.0,4863.0,30
2026-03-19 03:15:00,4865.2998046875,4866.0,4865.2998046875,4865.60009765625,36
2026-03-19 03:16:00,4866.0,4866.5,4864.60009765625,4865.7001953125,33
2026-03-19 03:17:00,4865.7001953125,4866.2001953125,4865.7001953125,4866.2001953125,8
2026-03-19 03:18:00,4865.7998046875,4866.5,4865.60009765625,4865.89990234375,64
2026-03-19 03:19:00,4865.7001953125,4867.39990234375,4865.60009765625,4865.7998046875,30
2026-03-19 03:20:00,4865.10009765625,4866.0,4864.5,4866.0,15
2026-03-19 03:21:00,4863.2001953125,4864.7001953125,4861.5,4864.7001953125,81
2026-03-19 03:22:00,4862.10009765625,4863.7998046875,4861.89990234375,4863.60009765625,25
2026-03-19 03:23:00,4860.89990234375,4861.7001953125,4860.0,4861.7001953125,38
2026-03-19 03:24:00,4859.2998046875,4861.0,4859.0,4860.7001953125,38
2026-03-19 03:25:00,4859.10009765625,4859.60009765625,4858.10009765625,4858.7001953125,40
2026-03-19 03:26:00,4860.89990234375,4861.2998046875,4859.39990234375,4859.5,29
2026-03-19 03:27:00,4860.60009765625,4861.2998046875,4860.60009765625,4860.7998046875,29
2026-03-19 03:28:00,4860.2998046875,4860.2998046875,4860.2998046875,4860.2998046875,1
2026-03-19 03:29:00,4861.7001953125,4862.10009765625,4861.10009765625,4861.5,27
2026-03-19 03:30:00,4858.7998046875,4861.7998046875,4858.7998046875,4861.2998046875,18
2026-03-19 03:31:00,4856.60009765625,4858.60009765625,4856.2001953125,4858.60009765625,32
2026-03-19 03:32:00,4856.2001953125,4857.2998046875,4855.60009765625,4856.7001953125,40
2026-03-19 03:33:00,4856.60009765625,4857.10009765625,4855.7998046875,4855.7998046875,23
2026-03-19 03:34:00,4856.7001953125,4856.7998046875,4856.2001953125,4856.7998046875,5
2026-03-19 03:35:00,4854.89990234375,4857.2001953125,4854.89990234375,4857.2001953125,21
2026-03-19 03:36:00,4853.89990234375,4855.60009765625,4853.89990234375,4855.0,27
2026-03-19 03:37:00,4853.7001953125,4855.2998046875,4853.7001953125,4854.7001953125,16
2026-03-19 03:38:00,4854.5,4854.7998046875,4853.7001953125,4853.7001953125,11
2026-03-19 03:39:00,4856.2001953125,4856.2998046875,4854.7998046875,4854.89990234375,39
2026-03-19 03:40:00,4858.0,4858.7001953125,4855.89990234375,4856.0,69
2026-03-19 03:41:00,4857.39990234375,4858.7001953125,4857.39990234375,4858.7001953125,16
2026-03-19 03:42:00,4856.7001953125,4857.60009765625,4855.60009765625,4857.39990234375,16
2026-03-19 03:43:00,4857.2001953125,4857.2001953125,4856.7998046875,4856.7998046875,5
2026-03-19 03:44:00,4857.2998046875,4857.7998046875,4856.7001953125,4856.7001953125,8
2026-03-19 03:45:00,4858.0,4858.0,4857.2001953125,4857.2001953125,7
2026-03-19 03:46:00,4857.5,4858.2998046875,4857.5,4858.2998046875,5
2026-03-19 03:47:00,4856.2001953125,4857.39990234375,4856.2001953125,4857.2001953125,13
2026-03-19 03:48:00,4856.39990234375,4856.39990234375,4855.89990234375,4856.0,6
2026-03-19 03:49:00,4856.60009765625,4856.7998046875,4856.2001953125,4856.7001953125,6
2026-03-19 03:50:00,4856.0,4856.2998046875,4855.39990234375,4856.2998046875,40
2026-03-19 03:51:00,4855.7998046875,4856.0,4855.0,4855.39990234375,42
2026-03-19 03:52:00,4854.0,4856.39990234375,4854.0,4855.5,89
2026-03-19 03:53:00,4853.5,4854.5,4852.60009765625,4853.89990234375,105
2026-03-19 03:54:00,4854.7001953125,4855.60009765625,4854.7001953125,4854.7998046875,26
2026-03-19 03:55:00,4852.7998046875,4854.10009765625,4852.60009765625,4854.0,61
2026-03-19 03:56:00,4852.60009765625,4853.89990234375,4852.60009765625,4853.2998046875,46
2026-03-19 03:57:00,4853.10009765625,4853.39990234375,4852.2998046875,4852.7001953125,37
2026-03-19 03:58:00,4852.7001953125,4854.2998046875,4852.60009765625,4853.60009765625,31
2026-03-19 04:00:00,4850.7001953125,4853.2001953125,4850.5,4852.39990234375,49
2026-03-19 04:01:00,4850.7998046875,4851.7001953125,4850.39990234375,4850.89990234375,46
2026-03-19 04:02:00,4852.2001953125,4852.2001953125,4851.2001953125,4851.2001953125,11
2026-03-19 04:03:00,4852.2998046875,4853.10009765625,4852.0,4852.2001953125,32
2026-03-19 04:04:00,4850.7998046875,4852.7998046875,4849.7001953125,4852.7998046875,78
2026-03-19 04:05:00,4850.2001953125,4851.2001953125,4850.2001953125,4851.10009765625,17
2026-03-19 04:06:00,4849.5,4850.2998046875,4848.7001953125,4849.7998046875,41
2026-03-19 04:07:00,4849.7001953125,4849.7001953125,4849.10009765625,4849.2001953125,18
2026-03-19 04:08:00,4851.0,4851.2001953125,4849.60009765625,4849.89990234375,31
2026-03-19 04:09:00,4851.60009765625,4851.89990234375,4850.60009765625,4850.89990234375,18
2026-03-19 04:10:00,4851.0,4851.0,4849.5,4850.60009765625,15
2026-03-19 04:11:00,4851.10009765625,4851.10009765625,4850.89990234375,4850.89990234375,3
2026-03-19 04:12:00,4851.39990234375,4852.5,4851.10009765625,4851.10009765625,21
2026-03-19 04:13:00,4851.60009765625,4851.60009765625,4851.5,4851.5,2
2026-03-19 04:14:00,4852.39990234375,4853.2998046875,4851.5,4851.60009765625,18
2026-03-19 04:15:00,4851.89990234375,4852.5,4851.89990234375,4852.2001953125,11
2026-03-19 04:16:00,4852.0,4852.2001953125,4852.0,4852.2001953125,4
2026-03-19 04:17:00,4852.2998046875,4853.0,4852.2998046875,4852.39990234375,17
2026-03-19 04:18:00,4852.0,4852.7001953125,4852.0,4852.2998046875,15
2026-03-19 04:19:00,4852.2001953125,4852.2001953125,4852.0,4852.0,2
2026-03-19 04:20:00,4852.60009765625,4852.7001953125,4851.5,4852.7001953125,13
2026-03-19 04:21:00,4853.39990234375,4853.7001953125,4852.5,4852.7001953125,26
2026-03-19 04:22:00,4851.2998046875,4854.2001953125,4851.10009765625,4853.5,39
2026-03-19 04:23:00,4853.2998046875,4853.7998046875,4851.2998046875,4851.7998046875,34
2026-03-19 04:24:00,4853.89990234375,4854.39990234375,4853.60009765625,4853.60009765625,10
2026-03-19 04:25:00,4853.2998046875,4854.7001953125,4852.7998046875,4854.10009765625,35
2026-03-19 04:26:00,4855.2001953125,4855.2001953125,4853.2001953125,4853.2001953125,22
2026-03-19 04:27:00,4854.39990234375,4854.7998046875,4854.39990234375,4854.7001953125,9
2026-03-19 04:28:00,4854.60009765625,4854.60009765625,4854.10009765625,4854.5,16
2026-03-19 04:29:00,4851.2998046875,4854.2001953125,4851.2998046875,4854.2001953125,15
2026-03-19 04:30:00,4850.2998046875,4851.89990234375,4850.2998046875,4851.89990234375,15
2026-03-19 04:31:00,4850.39990234375,4851.0,4849.60009765625,4850.10009765625,21
2026-03-19 04:32:00,4852.2001953125,4852.2001953125,4850.10009765625,4850.10009765625,7
2026-03-19 04:33:00,4852.2001953125,4853.2998046875,4851.89990234375,4853.0,31
2026-03-19 04:34:00,4852.60009765625,4852.60009765625,4851.7998046875,4852.0,5
2026-03-19 04:35:00,4852.7001953125,4853.60009765625,4852.5,4852.5,30
2026-03-19 04:36:00,4852.7998046875,4854.39990234375,4852.60009765625,4853.5,40
2026-03-19 04:37:00,4852.2001953125,4853.39990234375,4852.2001953125,4853.0,32
2026-03-19 04:38:00,4852.10009765625,4852.10009765625,4850.89990234375,4851.7001953125,15
2026-03-19 04:39:00,4851.2001953125,4851.7001953125,4850.89990234375,4851.7001953125,4
2026-03-19 04:40:00,4851.2998046875,4851.7001953125,4851.2998046875,4851.5,13
2026-03-19 04:41:00,4850.7001953125,4851.39990234375,4850.7001953125,4851.0,10
2026-03-19 04:42:00,4851.7001953125,4851.7001953125,4851.0,4851.0,13
2026-03-19 04:43:00,4851.60009765625,4852.5,4851.60009765625,4852.10009765625,17
2026-03-19 04:44:00,4850.7998046875,4852.10009765625,4850.7998046875,4851.7998046875,10
2026-03-19 04:45:00,4850.39990234375,4850.7001953125,4849.39990234375,4850.7001953125,17
2026-03-19 04:46:00,4850.10009765625,4850.60009765625,4850.0,4850.60009765625,13
2026-03-19 04:47:00,4847.89990234375,4849.2998046875,4847.2998046875,4849.2998046875,46
2026-03-19 04:48:00,4847.7001953125,4848.5,4847.0,4847.7001953125,16
2026-03-19 04:49:00,4847.7001953125,4848.10009765625,4847.2001953125,4847.5,5
2026-03-19 04:50:00,4848.2998046875,4849.10009765625,4847.7001953125,4847.7001953125,21
2026-03-19 04:51:00,4848.10009765625,4848.89990234375,4847.7998046875,4848.10009765625,10
2026-03-19 04:52:00,4849.0,4850.10009765625,4848.7001953125,4848.7001953125,17
2026-03-19 04:53:00,4850.5,4850.5,4848.7998046875,4849.2998046875,40
2026-03-19 04:54:00,4851.39990234375,4851.7001953125,4850.39990234375,4850.60009765625,18
2026-03-19 04:55:00,4850.60009765625,4850.89990234375,4850.0,4850.7998046875,15
2026-03-19 04:56:00,4851.10009765625,4851.39990234375,4850.7001953125,4850.7001953125,8
2026-03-19 04:57:00,4851.10009765625,4851.2001953125,4851.10009765625,4851.10009765625,7
2026-03-19 04:58:00,4851.10009765625,4851.10009765625,4850.5,4850.7001953125,6
2026-03-19 04:59:00,4851.7998046875,4852.10009765625,4851.5,4851.5,13
2026-03-19 05:00:00,4852.2001953125,4853.2001953125,4851.5,4851.5,38
2026-03-19 05:01:00,4849.5,4851.5,4849.5,4851.5,27
2026-03-19 05:02:00,4849.7998046875,4849.7998046875,4848.7998046875,4848.89990234375,27
2026-03-19 05:03:00,4849.7998046875,4850.2001953125,4849.7998046875,4849.89990234375,26
2026-03-19 05:04:00,4854.5,4854.5,4850.10009765625,4850.10009765625,80
2026-03-19 05:05:00,4853.0,4855.39990234375,4853.0,4854.5,94
2026-03-19 05:06:00,4853.5,4855.39990234375,4852.5,4853.5,49
2026-03-19 05:07:00,4854.5,4854.5,4853.2001953125,4853.39990234375,24
2026-03-19 05:08:00,4853.0,4854.2998046875,4852.2998046875,4854.2998046875,24
2026-03-19 05:09:00,4850.60009765625,4853.5,4850.60009765625,4852.7001953125,88
2026-03-19 05:10:00,4850.2998046875,4850.5,4849.60009765625,4850.39990234375,39
2026-03-19 05:11:00,4848.7998046875,4850.7998046875,4848.10009765625,4850.60009765625,38
2026-03-19 05:12:00,4849.2998046875,4850.10009765625,4848.7001953125,4849.0,45
2026-03-19 05:13:00,4852.10009765625,4852.10009765625,4849.0,4849.2001953125,42
2026-03-19 05:14:00,4852.10009765625,4853.10009765625,4851.2998046875,4852.10009765625,26
2026-03-19 05:15:00,4854.5,4855.10009765625,4852.5,4852.5,25
2026-03-19 05:16:00,4854.2001953125,4855.5,4854.2001953125,4854.7998046875,52
2026-03-19 05:17:00,4854.7001953125,4854.7001953125,4853.0,4853.7001953125,21
2026-03-19 05:18:00,4853.7001953125,4854.39990234375,4853.39990234375,4854.39990234375,24
2026-03-19 05:19:00,4854.7998046875,4855.60009765625,4853.89990234375,4854.2998046875,77
2026-03-19 05:20:00,4854.89990234375,4855.7001953125,4854.5,4855.10009765625,50
2026-03-19 05:21:00,4853.0,4855.2001953125,4853.0,4855.0,61
2026-03-19 05:22:00,4852.10009765625,4852.89990234375,4851.7998046875,4852.7001953125,20
2026-03-19 05:23:00,4851.10009765625,4852.10009765625,4851.10009765625,4852.10009765625,14
2026-03-19 05:24:00,4852.5,4852.5,4850.7998046875,4851.39990234375,28
2026-03-19 05:25:00,4850.89990234375,4852.7998046875,4850.89990234375,4852.7998046875,27
2026-03-19 05:26:00,4849.60009765625,4851.10009765625,4849.39990234375,4850.89990234375,45
2026-03-19 05:27:00,4849.39990234375,4850.7001953125,4849.39990234375,4849.60009765625,22
2026-03-19 05:28:00,4848.7998046875,4849.7998046875,4848.7001953125,4849.7998046875,13
2026-03-19 05:29:00,4849.10009765625,4849.5,4848.0,4848.5,49
2026-03-19 05:30:00,4843.60009765625,4848.2998046875,4842.0,4848.10009765625,295
2026-03-19 05:31:00,4842.10009765625,4844.89990234375,4841.7998046875,4843.7001953125,142
2026-03-19 05:32:00,4842.7998046875,4842.7998046875,4840.7001953125,4842.39990234375,134
2026-03-19 05:33:00,4842.2998046875,4843.89990234375,4841.60009765625,4843.10009765625,86
2026-03-19 05:34:00,4841.60009765625,4843.2998046875,4840.2998046875,4841.89990234375,142
2026-03-19 05:35:00,4842.2998046875,4843.2998046875,4840.7001953125,4842.2998046875,62
2026-03-19 05:36:00,4841.0,4842.7998046875,4840.7998046875,4841.89990234375,37
2026-03-19 05:37:00,4839.89990234375,4841.89990234375,4839.0,4841.10009765625,138
2026-03-19 05:38:00,4837.39990234375,4840.2001953125,4837.2998046875,4839.89990234375,180
2026-03-19 05:39:00,4834.10009765625,4837.60009765625,4833.7001953125,4837.2998046875,133
2026-03-19 05:40:00,4837.2998046875,4837.7001953125,4834.10009765625,4834.10009765625,112
2026-03-19 05:41:00,4836.7001953125,4837.60009765625,4834.89990234375,4837.60009765625,76
2026-03-19 05:42:00,4835.89990234375,4836.7001953125,4834.5,4836.39990234375,116
2026-03-19 05:43:00,4836.5,4837.5,4834.60009765625,4836.10009765625,85
2026-03-19 05:44:00,4835.0,4837.10009765625,4834.7001953125,4836.7998046875,69
2026-03-19 05:45:00,4834.2001953125,4835.2998046875,4830.7998046875,4835.2001953125,103
2026-03-19 05:46:00,4834.0,4836.39990234375,4833.60009765625,4834.5,69
2026-03-19 05:47:00,4838.2001953125,4838.2001953125,4832.39990234375,4833.5,146
2026-03-19 05:48:00,4839.60009765625,4840.10009765625,4837.5,4837.5,88
2026-03-19 05:49:00,4839.2001953125,4840.10009765625,4838.7001953125,4839.7001953125,54
2026-03-19 05:50:00,4839.10009765625,4841.7001953125,4838.5,4839.2998046875,123
2026-03-19 05:51:00,4839.60009765625,4840.2998046875,4837.39990234375,4839.0,107
2026-03-19 05:52:00,4840.0,4840.2998046875,4839.0,4839.2998046875,28
2026-03-19 05:53:00,4838.7001953125,4840.5,4838.7001953125,4840.39990234375,98
2026-03-19 05:54:00,4836.2998046875,4839.5,4836.2998046875,4839.5,55
2026-03-19 05:55:00,4833.7998046875,4837.0,4833.7998046875,4836.89990234375,32
2026-03-19 05:56:00,4830.60009765625,4834.2001953125,4828.10009765625,4833.7001953125,177
2026-03-19 05:57:00,4832.10009765625,4833.5,4831.0,4831.0,69
2026-03-19 05:58:00,4831.7998046875,4832.60009765625,4831.2998046875,4832.5,61
2026-03-19 05:59:00,4829.2001953125,4831.39990234375,4829.2001953125,4831.0,86
2026-03-19 06:00:00,4834.60009765625,4835.10009765625,4828.89990234375,4829.10009765625,167
2026-03-19 06:01:00,4842.60009765625,4843.60009765625,4833.7001953125,4835.0,155
2026-03-19 06:02:00,4838.89990234375,4844.2001953125,4837.89990234375,4843.0,208
2026-03-19 06:03:00,4838.60009765625,4840.2998046875,4837.89990234375,4839.0,89
2026-03-19 06:04:00,4838.2998046875,4839.60009765625,4835.5,4838.39990234375,107
2026-03-19 06:05:00,4840.2998046875,4841.39990234375,4839.2998046875,4839.39990234375,34
2026-03-19 06:06:00,4835.0,4840.39990234375,4834.2001953125,4839.7998046875,92
2026-03-19 06:07:00,4833.2001953125,4835.2998046875,4833.2001953125,4834.7998046875,45
2026-03-19 06:08:00,4834.0,4834.60009765625,4832.7998046875,4833.5,36
2026-03-19 06:09:00,4835.0,4836.39990234375,4833.7998046875,4833.7998046875,67
2026-03-19 06:10:00,4835.89990234375,4836.10009765625,4834.39990234375,4834.39990234375,15
2026-03-19 06:11:00,4834.5,4836.10009765625,4833.39990234375,4836.0,45
2026-03-19 06:12:00,4836.2998046875,4837.5,4835.39990234375,4835.39990234375,40
2026-03-19 06:13:00,4836.10009765625,4837.2998046875,4835.2998046875,4836.7001953125,24
2026-03-19 06:14:00,4834.2998046875,4836.2001953125,4834.2998046875,4835.7001953125,21
2026-03-19 06:15:00,4831.89990234375,4835.5,4831.89990234375,4834.89990234375,61
2026-03-19 06:16:00,4830.0,4832.39990234375,4829.2998046875,4832.39990234375,86
2026-03-19 06:17:00,4829.2001953125,4830.2998046875,4826.2998046875,4830.10009765625,111
2026-03-19 06:18:00,4826.7998046875,4830.89990234375,4826.5,4829.2001953125,83
2026-03-19 06:19:00,4824.2001953125,4827.5,4823.2001953125,4826.39990234375,159
2026-03-19 06:20:00,4821.2001953125,4824.2001953125,4820.60009765625,4824.2001953125,258
2026-03-19 06:21:00,4826.10009765625,4828.2001953125,4821.2001953125,4821.2001953125,158
2026-03-19 06:22:00,4824.60009765625,4827.7001953125,4823.60009765625,4826.10009765625,70
2026-03-19 06:23:00,4818.60009765625,4824.7998046875,4817.60009765625,4824.7998046875,174
2026-03-19 06:24:00,4820.7001953125,4821.10009765625,4818.60009765625,4818.89990234375,75
2026-03-19 06:25:00,4820.7998046875,4821.7001953125,4817.39990234375,4820.89990234375,83
2026-03-19 06:26:00,4823.2001953125,4823.39990234375,4820.7998046875,4821.39990234375,98
2026-03-19 06:27:00,4824.60009765625,4825.2001953125,4821.89990234375,4822.7001953125,130
2026-03-19 06:28:00,4821.60009765625,4824.2001953125,4819.60009765625,4824.2001953125,103
2026-03-19 06:29:00,4815.2998046875,4821.2001953125,4813.7998046875,4821.2001953125,140
2026-03-19 06:30:00,4815.0,4816.2998046875,4814.7001953125,4815.60009765625,144
2026-03-19 06:31:00,4819.89990234375,4821.5,4815.2998046875,4815.2998046875,463
2026-03-19 06:32:00,4815.10009765625,4818.7998046875,4814.2001953125,4818.7998046875,115
2026-03-19 06:33:00,4815.5,4815.5,4812.39990234375,4815.10009765625,101
2026-03-19 06:34:00,4809.7001953125,4815.0,4808.7998046875,4815.0,390
2026-03-19 06:35:00,4805.0,4810.39990234375,4800.5,4809.89990234375,473
2026-03-19 06:36:00,4806.10009765625,4809.5,4804.7001953125,4804.89990234375,175
2026-03-19 06:37:00,4797.7998046875,4806.5,4796.2001953125,4805.89990234375,529
2026-03-19 06:38:00,4799.0,4799.39990234375,4793.2998046875,4797.7001953125,452
2026-03-19 06:39:00,4798.60009765625,4804.7001953125,4797.89990234375,4799.10009765625,382
2026-03-19 06:40:00,4795.2998046875,4798.7998046875,4794.89990234375,4798.0,233
2026-03-19 06:41:00,4791.7001953125,4795.10009765625,4788.0,4795.10009765625,588
2026-03-19 06:42:00,4783.2001953125,4797.7001953125,4782.39990234375,4792.2001953125,403
2026-03-19 06:43:00,4791.0,4791.5,4783.7001953125,4784.0,153
2026-03-19 06:44:00,4788.7998046875,4791.0,4786.0,4790.89990234375,151
2026-03-19 06:45:00,4780.7998046875,4791.0,4780.10009765625,4788.7998046875,289
2026-03-19 06:46:00,4776.60009765625,4781.89990234375,4773.2001953125,4780.89990234375,640
2026-03-19 06:47:00,4768.39990234375,4779.10009765625,4764.5,4776.60009765625,587
2026-03-19 06:48:00,4764.7998046875,4773.60009765625,4763.5,4767.10009765625,459
2026-03-19 06:49:00,4768.89990234375,4771.7998046875,4761.2998046875,4765.5,431
2026-03-19 06:50:00,4754.5,4770.0,4753.5,4769.7001953125,464
2026-03-19 06:51:00,4755.89990234375,4761.2001953125,4751.7998046875,4754.5,520
2026-03-19 06:52:00,4756.2001953125,4760.39990234375,4752.0,4756.5,599
2026-03-19 06:53:00,4756.2998046875,4759.39990234375,4749.0,4757.7001953125,661
2026-03-19 06:54:00,4755.5,4761.7998046875,4752.10009765625,4757.0,485
2026-03-19 06:55:00,4757.7998046875,4760.0,4749.10009765625,4757.39990234375,391
2026-03-19 06:56:00,4759.7998046875,4761.0,4755.2001953125,4757.89990234375,200
2026-03-19 06:57:00,4766.0,4766.7001953125,4758.7001953125,4759.7001953125,230
2026-03-19 06:58:00,4768.60009765625,4770.0,4765.5,4765.89990234375,204
2026-03-19 06:59:00,4765.2001953125,4771.60009765625,4765.0,4768.5,445
2026-03-19 07:00:00,4767.5,4769.39990234375,4765.2998046875,4765.2998046875,130
2026-03-19 07:01:00,4772.10009765625,4773.5,4765.89990234375,4767.5,212
2026-03-19 07:02:00,4774.39990234375,4774.7001953125,4770.7001953125,4773.7998046875,157
2026-03-19 07:03:00,4769.5,4775.0,4768.7001953125,4774.5,168
2026-03-19 07:04:00,4770.0,4770.0,4765.10009765625,4769.0,243
2026-03-19 07:05:00,4771.39990234375,4771.7001953125,4765.2998046875,4769.7001953125,132
2026-03-19 07:06:00,4775.5,4777.10009765625,4770.7001953125,4771.5,110
2026-03-19 07:07:00,4776.89990234375,4778.60009765625,4774.0,4775.10009765625,155
2026-03-19 07:08:00,4781.89990234375,4782.89990234375,4778.10009765625,4778.10009765625,210
2026-03-19 07:09:00,4782.2001953125,4784.89990234375,4781.5,4781.7001953125,105
2026-03-19 07:10:00,4781.5,4782.7998046875,4778.10009765625,4780.7998046875,118
2026-03-19 07:11:00,4780.7998046875,4781.60009765625,4778.7001953125,4780.0,108
2026-03-19 07:12:00,4784.2998046875,4785.0,4779.89990234375,4780.10009765625,127
2026-03-19 07:13:00,4781.5,4786.0,4780.5,4784.7001953125,165
2026-03-19 07:14:00,4779.2998046875,4782.0,4779.2998046875,4781.60009765625,68
2026-03-19 07:15:00,4781.2998046875,4783.5,4780.5,4781.0,69
2026-03-19 07:16:00,4779.2001953125,4782.60009765625,4778.10009765625,4781.2001953125,186
2026-03-19 07:17:00,4778.2998046875,4781.10009765625,4777.2998046875,4779.2998046875,184
2026-03-19 07:18:00,4779.5,4779.5,4775.2998046875,4778.10009765625,198
2026-03-19 07:19:00,4776.7001953125,4780.5,4776.39990234375,4779.2998046875,145
2026-03-19 07:20:00,4775.89990234375,4778.39990234375,4774.7001953125,4777.2001953125,147
2026-03-19 07:21:00,4774.39990234375,4775.39990234375,4773.2998046875,4774.60009765625,80
2026-03-19 07:22:00,4770.7998046875,4774.7001953125,4769.0,4774.7001953125,197
2026-03-19 07:23:00,4768.89990234375,4771.7001953125,4768.10009765625,4770.5,134
2026-03-19 07:24:00,4769.0,4770.7001953125,4765.10009765625,4769.5,149
2026-03-19 07:25:00,4764.39990234375,4772.2998046875,4761.5,4768.60009765625,472
2026-03-19 07:26:00,4761.0,4766.2001953125,4760.0,4765.60009765625,204
2026-03-19 07:27:00,4763.89990234375,4764.2998046875,4759.2001953125,4761.2001953125,102
2026-03-19 07:28:00,4768.5,4769.89990234375,4762.5,4763.2998046875,200
2026-03-19 07:29:00,4772.60009765625,4772.89990234375,4768.60009765625,4768.60009765625,114
2026-03-19 07:30:00,4762.7998046875,4772.7001953125,4762.7998046875,4772.0,279
2026-03-19 07:31:00,4761.5,4764.39990234375,4761.39990234375,4762.7998046875,141
2026-03-19 07:32:00,4759.2001953125,4763.10009765625,4758.60009765625,4761.89990234375,257
2026-03-19 07:33:00,4766.2998046875,4766.2998046875,4759.5,4759.5,120
2026-03-19 07:34:00,4766.2998046875,4768.89990234375,4766.2998046875,4766.39990234375,107
2026-03-19 07:35:00,4767.2001953125,4767.89990234375,4765.60009765625,4767.0,48
2026-03-19 07:36:00,4766.2998046875,4767.7001953125,4765.0,4766.2998046875,83
2026-03-19 07:37:00,4768.0,4768.5,4765.10009765625,4766.0,94
2026-03-19 07:38:00,4771.2998046875,4771.89990234375,4768.10009765625,4768.2001953125,155
2026-03-19 07:39:00,4769.2001953125,4773.39990234375,4768.7998046875,4771.7001953125,188
2026-03-19 07:40:00,4763.60009765625,4770.5,4762.2998046875,4768.7001953125,203
2026-03-19 07:41:00,4760.89990234375,4764.39990234375,4760.7998046875,4764.0,121
2026-03-19 07:42:00,4755.7001953125,4762.10009765625,4753.5,4761.0,354
2026-03-19 07:43:00,4751.0,4757.10009765625,4751.0,4755.2001953125,242
2026-03-19 07:44:00,4741.10009765625,4752.2998046875,4736.2001953125,4751.7998046875,858
2026-03-19 07:45:00,4743.10009765625,4743.10009765625,4740.10009765625,4740.7998046875,189
2026-03-19 07:46:00,4748.2001953125,4749.39990234375,4744.10009765625,4744.10009765625,180
2026-03-19 07:47:00,4750.7998046875,4750.7998046875,4746.5,4748.10009765625,172
2026-03-19 07:48:00,4751.5,4754.2001953125,4750.2998046875,4751.0,180
2026-03-19 07:49:00,4751.7001953125,4754.0,4750.39990234375,4751.7001953125,102
2026-03-19 07:50:00,4749.7998046875,4752.7998046875,4749.10009765625,4751.2998046875,199
2026-03-19 07:51:00,4748.60009765625,4753.39990234375,4748.5,4749.7998046875,135
2026-03-19 07:52:00,4749.0,4751.89990234375,4747.0,4748.39990234375,227
2026-03-19 07:53:00,4751.5,4752.5,4748.60009765625,4748.89990234375,112
2026-03-19 07:54:00,4754.89990234375,4756.2001953125,4751.7998046875,4751.7998046875,225
2026-03-19 07:55:00,4749.7001953125,4755.39990234375,4749.7001953125,4754.89990234375,164
2026-03-19 07:56:00,4744.10009765625,4749.39990234375,4743.7001953125,4748.89990234375,213
2026-03-19 07:57:00,4738.2998046875,4744.7998046875,4736.89990234375,4744.7998046875,389
2026-03-19 07:58:00,4735.0,4739.39990234375,4733.89990234375,4738.5,383
2026-03-19 07:59:00,4729.60009765625,4738.39990234375,4727.2998046875,4735.2998046875,445
2026-03-19 08:00:00,4732.60009765625,4735.89990234375,4728.2998046875,4729.2998046875,381
2026-03-19 08:01:00,4733.0,4736.0,4731.2998046875,4733.89990234375,218
2026-03-19 08:02:00,4741.0,4741.7998046875,4730.2998046875,4734.2001953125,243
2026-03-19 08:03:00,4738.89990234375,4742.2001953125,4738.7001953125,4741.60009765625,260
2026-03-19 08:04:00,4738.7998046875,4741.2001953125,4738.0,4738.7998046875,167
2026-03-19 08:05:00,4726.7998046875,4739.39990234375,4717.10009765625,4739.0,595
2026-03-19 08:06:00,4722.5,4728.2998046875,4721.2998046875,4727.5,282
2026-03-19 08:07:00,4722.89990234375,4726.7998046875,4720.60009765625,4721.7998046875,337
2026-03-19 08:08:00,4716.7998046875,4723.7998046875,4715.2001953125,4723.7998046875,292
2026-03-19 08:09:00,4715.89990234375,4721.0,4715.7998046875,4717.10009765625,303
2026-03-19 08:10:00,4721.39990234375,4722.89990234375,4716.89990234375,4716.89990234375,231
2026-03-19 08:11:00,4716.7001953125,4721.39990234375,4713.0,4720.89990234375,256
2026-03-19 08:12:00,4716.10009765625,4718.10009765625,4710.10009765625,4717.89990234375,397
2026-03-19 08:13:00,4709.2001953125,4716.7998046875,4708.10009765625,4715.10009765625,405
2026-03-19 08:14:00,4715.89990234375,4717.5,4703.0,4709.2998046875,571
2026-03-19 08:15:00,4727.2998046875,4728.39990234375,4715.2001953125,4717.0,419
2026-03-19 08:16:00,4728.7001953125,4729.7998046875,4722.7001953125,4727.2001953125,280
2026-03-19 08:17:00,4734.0,4734.7001953125,4728.89990234375,4729.2998046875,251
2026-03-19 08:18:00,4730.0,4735.2998046875,4728.7998046875,4735.0,237
2026-03-19 08:19:00,4730.60009765625,4732.39990234375,4728.89990234375,4730.0,137
2026-03-19 08:20:00,4736.7001953125,4738.60009765625,4730.10009765625,4731.7998046875,320
2026-03-19 08:21:00,4733.0,4738.60009765625,4732.7998046875,4736.5,365
2026-03-19 08:22:00,4735.89990234375,4736.0,4729.5,4733.10009765625,137
2026-03-19 08:23:00,4731.7001953125,4736.0,4731.7001953125,4735.5,136
2026-03-19 08:24:00,4732.60009765625,4733.0,4729.60009765625,4731.2998046875,226
2026-03-19 08:25:00,4728.5,4733.60009765625,4727.89990234375,4733.0,254
2026-03-19 08:26:00,4727.2001953125,4729.60009765625,4725.60009765625,4728.7001953125,216
2026-03-19 08:27:00,4725.10009765625,4729.10009765625,4723.2998046875,4727.5,204
2026-03-19 08:28:00,4726.10009765625,4727.60009765625,4723.0,4724.10009765625,108
2026-03-19 08:29:00,4720.2998046875,4726.0,4714.7998046875,4726.0,329
2026-03-19 08:30:00,4721.5,4723.0,4716.5,4719.7998046875,191
2026-03-19 08:31:00,4714.89990234375,4724.0,4713.2998046875,4721.60009765625,232
2026-03-19 08:32:00,4715.2998046875,4718.39990234375,4714.2001953125,4714.5,142
2026-03-19 08:33:00,4705.7998046875,4715.0,4703.7001953125,4714.60009765625,526
2026-03-19 08:34:00,4704.7001953125,4706.10009765625,4698.2001953125,4705.89990234375,724
2026-03-19 08:35:00,4718.10009765625,4718.10009765625,4704.10009765625,4704.10009765625,443
2026-03-19 08:36:00,4714.39990234375,4719.60009765625,4713.7001953125,4717.7001953125,205
2026-03-19 08:37:00,4711.89990234375,4719.89990234375,4711.89990234375,4714.39990234375,173
2026-03-19 08:38:00,4715.2001953125,4721.7998046875,4712.2001953125,4712.2001953125,211
2026-03-19 08:39:00,4712.89990234375,4717.7998046875,4712.89990234375,4716.60009765625,61
2026-03-19 08:40:00,4697.10009765625,4712.5,4696.7001953125,4712.5,428
2026-03-19 08:41:00,4705.39990234375,4708.60009765625,4696.2998046875,4697.60009765625,202
2026-03-19 08:42:00,4693.2001953125,4705.10009765625,4688.0,4704.2001953125,586
2026-03-19 08:43:00,4693.39990234375,4699.60009765625,4692.0,4692.39990234375,355
2026-03-19 08:44:00,4690.2998046875,4695.10009765625,4688.0,4694.2998046875,212
2026-03-19 08:45:00,4698.2001953125,4698.89990234375,4688.39990234375,4689.39990234375,218
2026-03-19 08:46:00,4702.60009765625,4703.7001953125,4695.7001953125,4697.89990234375,181
2026-03-19 08:47:00,4713.2998046875,4713.2998046875,4702.39990234375,4703.60009765625,214
2026-03-19 08:48:00,4717.60009765625,4721.10009765625,4713.0,4713.2998046875,331
2026-03-19 08:49:00,4712.5,4718.2001953125,4712.5,4718.2001953125,194
2026-03-19 08:50:00,4713.0,4716.10009765625,4710.7998046875,4712.39990234375,211
2026-03-19 08:51:00,4714.7998046875,4716.7001953125,4710.89990234375,4713.0,171
2026-03-19 08:52:00,4715.89990234375,4717.2998046875,4713.89990234375,4714.7001953125,177
2026-03-19 08:53:00,4718.2998046875,4719.7001953125,4714.7998046875,4716.60009765625,132
2026-03-19 08:54:00,4708.7001953125,4720.10009765625,4707.7998046875,4718.2998046875,280
2026-03-19 08:55:00,4707.5,4711.10009765625,4706.7998046875,4708.5,139
2026-03-19 08:56:00,4710.5,4711.2001953125,4706.7001953125,4708.0,104
2026-03-19 08:57:00,4705.7998046875,4710.2998046875,4704.60009765625,4710.2998046875,242
2026-03-19 08:58:00,4706.7998046875,4708.7001953125,4705.5,4706.60009765625,147
2026-03-19 08:59:00,4710.60009765625,4712.89990234375,4706.2001953125,4706.7998046875,125
2026-03-19 09:00:00,4715.10009765625,4717.0,4709.7998046875,4711.2001953125,229
2026-03-19 09:01:00,4722.2998046875,4722.7001953125,4715.0,4715.0,319
2026-03-19 09:02:00,4717.2001953125,4721.7001953125,4715.2001953125,4721.7001953125,159
2026-03-19 09:03:00,4721.5,4723.0,4716.2998046875,4716.2998046875,203
2026-03-19 09:04:00,4715.2001953125,4721.5,4713.2001953125,4721.0,247
2026-03-19 09:05:00,4714.2001953125,4720.2998046875,4714.0,4715.7998046875,97
2026-03-19 09:06:00,4712.2998046875,4716.7001953125,4710.7001953125,4714.10009765625,191
2026-03-19 09:07:00,4709.10009765625,4713.60009765625,4708.7001953125,4713.60009765625,163
2026-03-19 09:08:00,4698.7998046875,4709.60009765625,4697.5,4709.2998046875,354
2026-03-19 09:09:00,4704.7998046875,4707.10009765625,4698.7998046875,4698.7998046875,191
2026-03-19 09:10:00,4700.39990234375,4705.7001953125,4696.7001953125,4705.2001953125,157
2026-03-19 09:11:00,4700.89990234375,4707.39990234375,4699.2001953125,4700.2998046875,123
2026-03-19 09:12:00,4701.0,4702.10009765625,4698.5,4700.39990234375,168
2026-03-19 09:13:00,4691.10009765625,4700.7998046875,4691.10009765625,4700.7998046875,222
2026-03-19 09:14:00,4697.2001953125,4698.2001953125,4690.2998046875,4690.89990234375,235
2026-03-19 09:15:00,4697.2998046875,4702.7001953125,4695.7998046875,4697.60009765625,295
2026-03-19 09:16:00,4706.2998046875,4706.2998046875,4697.2001953125,4697.5,288
2026-03-19 09:17:00,4711.5,4711.7001953125,4705.7001953125,4706.39990234375,237
2026-03-19 09:18:00,4712.7001953125,4712.89990234375,4710.2998046875,4711.60009765625,123
2026-03-19 09:19:00,4715.2998046875,4718.0,4711.0,4712.7998046875,248
2026-03-19 09:20:00,4714.7998046875,4716.0,4712.5,4715.7998046875,114
2026-03-19 09:21:00,4719.60009765625,4719.60009765625,4712.10009765625,4714.10009765625,307
2026-03-19 09:22:00,4722.60009765625,4722.89990234375,4719.0,4720.0,238
2026-03-19 09:23:00,4720.89990234375,4724.89990234375,4719.10009765625,4722.39990234375,476
2026-03-19 09:24:00,4713.2001953125,4722.7001953125,4712.60009765625,4720.89990234375,328
2026-03-19 09:25:00,4714.5,4719.2001953125,4713.0,4713.10009765625,263
2026-03-19 09:26:00,4710.89990234375,4716.39990234375,4705.0,4714.89990234375,458
2026-03-19 09:27:00,4714.0,4716.10009765625,4710.7001953125,4710.7001953125,141
2026-03-19 09:28:00,4710.89990234375,4714.2001953125,4710.2998046875,4714.2001953125,222
2026-03-19 09:29:00,4711.60009765625,4715.10009765625,4711.0,4711.39990234375,126
2026-03-19 09:30:00,4713.7998046875,4715.39990234375,4710.2998046875,4710.7998046875,176
2026-03-19 09:31:00,4716.89990234375,4719.2998046875,4713.5,4713.89990234375,116
2026-03-19 09:32:00,4725.2998046875,4727.5,4717.2998046875,4717.2998046875,228
2026-03-19 09:33:00,4726.5,4728.10009765625,4723.60009765625,4725.39990234375,214
2026-03-19 09:34:00,4721.7998046875,4727.2998046875,4721.10009765625,4726.7998046875,201
2026-03-19 09:35:00,4718.60009765625,4721.7001953125,4717.0,4721.7001953125,252
2026-03-19 09:36:00,4722.0,4722.7998046875,4717.7998046875,4718.2998046875,103
2026-03-19 09:37:00,4717.60009765625,4724.0,4714.89990234375,4721.0,184
2026-03-19 09:38:00,4717.39990234375,4718.39990234375,4712.0,4717.7001953125,304
2026-03-19 09:39:00,4714.89990234375,4720.0,4714.89990234375,4718.2998046875,132
2026-03-19 09:40:00,4719.60009765625,4719.60009765625,4712.89990234375,4714.5,105
2026-03-19 09:41:00,4715.10009765625,4720.2001953125,4715.0,4719.0,98
2026-03-19 09:42:00,4711.2998046875,4715.7001953125,4710.7998046875,4715.0,128
2026-03-19 09:43:00,4708.7998046875,4711.2001953125,4705.60009765625,4711.2001953125,282
2026-03-19 09:44:00,4707.2001953125,4711.39990234375,4707.2001953125,4708.60009765625,135
2026-03-19 09:45:00,4708.39990234375,4711.39990234375,4706.7998046875,4707.10009765625,104
2026-03-19 09:46:00,4712.7001953125,4713.60009765625,4708.0,4708.5,178
2026-03-19 09:47:00,4714.5,4716.2998046875,4710.60009765625,4712.60009765625,336
2026-03-19 09:48:00,4717.7998046875,4719.2001953125,4711.5,4714.2998046875,205
2026-03-19 09:49:00,4717.10009765625,4718.39990234375,4713.39990234375,4717.39990234375,263
2026-03-19 09:50:00,4711.5,4719.60009765625,4710.7998046875,4716.5,403
2026-03-19 09:51:00,4700.7998046875,4711.7998046875,4700.2001953125,4711.10009765625,330
2026-03-19 09:52:00,4703.89990234375,4706.7001953125,4700.5,4700.5,188
2026-03-19 09:53:00,4706.2998046875,4707.60009765625,4702.39990234375,4702.60009765625,124
2026-03-19 09:54:00,4708.0,4708.0,4704.89990234375,4706.0,110
2026-03-19 09:55:00,4711.2998046875,4712.0,4705.7998046875,4708.39990234375,85
2026-03-19 09:56:00,4711.2001953125,4711.89990234375,4708.2998046875,4711.0,57
2026-03-19 09:57:00,4711.0,4711.7998046875,4706.7998046875,4711.7998046875,125
2026-03-19 09:58:00,4702.0,4712.0,4700.39990234375,4711.5,428
2026-03-19 09:59:00,4701.10009765625,4702.7001953125,4698.10009765625,4702.2001953125,270
2026-03-19 10:00:00,4706.10009765625,4706.39990234375,4699.60009765625,4700.60009765625,268
2026-03-19 10:01:00,4706.0,4710.5,4704.7001953125,4706.39990234375,221
2026-03-19 10:02:00,4710.10009765625,4710.2001953125,4705.0,4706.0,73
2026-03-19 10:03:00,4709.39990234375,4712.39990234375,4708.89990234375,4709.7998046875,61
2026-03-19 10:04:00,4713.10009765625,4713.2998046875,4707.2998046875,4708.89990234375,180
2026-03-19 10:05:00,4713.10009765625,4713.60009765625,4710.0,4713.2998046875,139
2026-03-19 10:06:00,4715.7001953125,4717.10009765625,4713.39990234375,4713.39990234375,165
2026-03-19 10:07:00,4715.10009765625,4717.10009765625,4713.7001953125,4715.2998046875,130
2026-03-19 10:08:00,4721.2998046875,4722.0,4714.7998046875,4714.89990234375,184
2026-03-19 10:09:00,4715.5,4720.7998046875,4714.7998046875,4720.7998046875,288
2026-03-19 10:10:00,4709.10009765625,4715.0,4709.10009765625,4714.89990234375,293
2026-03-19 10:11:00,4707.2998046875,4709.7998046875,4702.2001953125,4709.60009765625,337
2026-03-19 10:12:00,4708.2001953125,4708.7998046875,4705.89990234375,4706.89990234375,84
2026-03-19 10:13:00,4707.7001953125,4708.5,4702.5,4708.2998046875,216
2026-03-19 10:14:00,4707.7998046875,4707.7998046875,4706.5,4707.2001953125,67
2026-03-19 10:15:00,4701.89990234375,4708.10009765625,4701.0,4707.0,217
2026-03-19 10:16:00,4702.60009765625,4703.60009765625,4699.2998046875,4702.0,448
2026-03-19 10:17:00,4692.10009765625,4702.89990234375,4690.7001953125,4702.10009765625,472
2026-03-19 10:18:00,4693.10009765625,4696.10009765625,4690.7998046875,4692.7001953125,441
2026-03-19 10:19:00,4696.0,4696.2998046875,4693.0,4694.60009765625,107
2026-03-19 10:20:00,4680.60009765625,4696.89990234375,4672.5,4696.2001953125,920
2026-03-19 10:21:00,4684.89990234375,4686.2998046875,4680.5,4680.7001953125,343
2026-03-19 10:22:00,4685.7001953125,4688.0,4683.0,4685.0,159
2026-03-19 10:23:00,4687.5,4688.7001953125,4682.89990234375,4685.0,190
2026-03-19 10:24:00,4681.10009765625,4688.7998046875,4681.10009765625,4687.39990234375,142
2026-03-19 10:25:00,4683.7998046875,4685.7001953125,4681.60009765625,4681.60009765625,105
2026-03-19 10:26:00,4690.60009765625,4692.2998046875,4684.7998046875,4685.0,160
2026-03-19 10:27:00,4690.60009765625,4691.2001953125,4688.39990234375,4690.7001953125,80
2026-03-19 10:28:00,4687.2001953125,4689.2998046875,4685.2001953125,4689.2998046875,72
2026-03-19 10:29:00,4685.60009765625,4688.2001953125,4682.7998046875,4687.60009765625,164
2026-03-19 10:30:00,4687.5,4689.60009765625,4683.39990234375,4685.7001953125,281
2026-03-19 10:31:00,4686.2001953125,4686.89990234375,4676.2998046875,4686.89990234375,819
2026-03-19 10:32:00,4690.2998046875,4690.2998046875,4682.2998046875,4686.2001953125,377
2026-03-19 10:33:00,4699.0,4703.2001953125,4689.89990234375,4690.2001953125,690
2026-03-19 10:34:00,4701.5,4703.2998046875,4695.2001953125,4699.10009765625,272
2026-03-19 10:35:00,4698.7998046875,4701.7998046875,4697.89990234375,4701.7998046875,214
2026-03-19 10:36:00,4693.7998046875,4699.7998046875,4692.10009765625,4698.7998046875,214
2026-03-19 10:37:00,4692.7001953125,4694.2998046875,4690.39990234375,4693.2001953125,127
2026-03-19 10:38:00,4693.7998046875,4695.0,4690.7001953125,4692.0,107
2026-03-19 10:39:00,4693.2001953125,4694.5,4692.39990234375,4693.7998046875,91
2026-03-19 10:40:00,4688.89990234375,4695.60009765625,4688.0,4693.10009765625,199
2026-03-19 10:41:00,4690.5,4693.0,4687.5,4688.60009765625,70
2026-03-19 10:42:00,4694.0,4694.0,4688.10009765625,4689.7998046875,135
2026-03-19 10:43:00,4692.10009765625,4694.0,4691.0,4693.2998046875,71
2026-03-19 10:44:00,4686.7998046875,4691.5,4684.89990234375,4691.5,92
2026-03-19 10:45:00,4682.2001953125,4686.39990234375,4681.2998046875,4686.2998046875,144
2026-03-19 10:46:00,4680.7998046875,4686.60009765625,4679.0,4681.7001953125,430
2026-03-19 10:47:00,4683.5,4685.60009765625,4680.2998046875,4680.2998046875,347
2026-03-19 10:48:00,4685.0,4685.5,4683.39990234375,4684.39990234375,104
2026-03-19 10:49:00,4684.7001953125,4688.2998046875,4684.10009765625,4684.60009765625,117
2026-03-19 10:50:00,4690.2001953125,4691.2998046875,4685.0,4685.7001953125,242
2026-03-19 10:51:00,4690.2998046875,4692.39990234375,4687.7998046875,4690.7001953125,605
2026-03-19 10:52:00,4680.5,4690.2001953125,4678.10009765625,4689.0,678
2026-03-19 10:53:00,4671.7001953125,4680.5,4671.7001953125,4679.89990234375,707
2026-03-19 10:54:00,4681.10009765625,4681.60009765625,4672.2998046875,4672.60009765625,508
2026-03-19 10:55:00,4681.7998046875,4683.39990234375,4676.89990234375,4681.2998046875,297
2026-03-19 10:56:00,4679.0,4682.2998046875,4679.0,4681.2998046875,280
2026-03-19 10:57:00,4670.2001953125,4679.2998046875,4669.39990234375,4679.10009765625,836
2026-03-19 10:58:00,4677.2001953125,4678.2998046875,4669.60009765625,4670.39990234375,297
2026-03-19 10:59:00,4681.89990234375,4684.10009765625,4675.7001953125,4676.60009765625,364
2026-03-19 11:00:00,4684.39990234375,4685.0,4681.7001953125,4682.2998046875,174
2026-03-19 11:01:00,4694.7998046875,4697.7001953125,4683.89990234375,4684.5,945
2026-03-19 11:02:00,4700.0,4702.7001953125,4695.60009765625,4695.7001953125,308
2026-03-19 11:03:00,4695.39990234375,4700.60009765625,4694.89990234375,4700.60009765625,364
2026-03-19 11:04:00,4691.89990234375,4696.2001953125,4691.0,4695.89990234375,203
2026-03-19 11:05:00,4691.2001953125,4693.10009765625,4689.39990234375,4692.10009765625,451
2026-03-19 11:06:00,4693.89990234375,4695.0,4691.2001953125,4692.2998046875,117
2026-03-19 11:07:00,4689.7998046875,4693.7998046875,4689.5,4693.10009765625,131
2026-03-19 11:08:00,4688.89990234375,4691.2001953125,4687.0,4689.7998046875,112
2026-03-19 11:09:00,4690.7998046875,4692.7001953125,4688.7001953125,4689.39990234375,81
2026-03-19 11:10:00,4694.5,4694.5,4688.89990234375,4690.60009765625,55
2026-03-19 11:11:00,4696.2001953125,4696.5,4692.7998046875,4694.2998046875,323
2026-03-19 11:12:00,4695.7998046875,4697.0,4694.2998046875,4696.10009765625,272
2026-03-19 11:13:00,4697.7001953125,4698.39990234375,4695.7001953125,4696.39990234375,923
2026-03-19 11:14:00,4689.60009765625,4699.0,4688.60009765625,4698.0,492
2026-03-19 11:15:00,4685.7998046875,4690.10009765625,4681.39990234375,4689.2001953125,500
2026-03-19 11:16:00,4685.0,4687.0,4679.5,4685.60009765625,336
2026-03-19 11:17:00,4683.2998046875,4687.7998046875,4683.2998046875,4685.2998046875,100
2026-03-19 11:18:00,4685.89990234375,4686.39990234375,4681.5,4683.89990234375,251
2026-03-19 11:19:00,4690.10009765625,4691.5,4685.60009765625,4685.89990234375,137
2026-03-19 11:20:00,4690.7998046875,4691.5,4688.7998046875,4689.7998046875,60
2026-03-19 11:21:00,4691.89990234375,4694.7001953125,4690.7001953125,4691.2001953125,118
2026-03-19 11:22:00,4692.7998046875,4695.2001953125,4690.89990234375,4692.0,98
2026-03-19 11:23:00,4695.10009765625,4696.0,4692.2001953125,4692.7998046875,99
2026-03-19 11:24:00,4691.10009765625,4695.89990234375,4691.10009765625,4694.7998046875,120
2026-03-19 11:25:00,4688.7001953125,4693.2998046875,4688.2001953125,4691.7998046875,167
2026-03-19 11:26:00,4686.60009765625,4689.0,4682.39990234375,4688.89990234375,171
2026-03-19 11:27:00,4687.10009765625,4689.2998046875,4685.7001953125,4687.0,98
2026-03-19 11:28:00,4683.5,4688.5,4683.5,4686.7001953125,132
2026-03-19 11:29:00,4689.7001953125,4690.60009765625,4682.89990234375,4683.7998046875,222
2026-03-19 11:30:00,4692.39990234375,4693.2001953125,4689.2001953125,4689.89990234375,609
2026-03-19 11:31:00,4698.0,4698.7001953125,4692.60009765625,4693.0,327
2026-03-19 11:32:00,4692.89990234375,4699.5,4692.7998046875,4698.7001953125,152
2026-03-19 11:33:00,4691.5,4693.7998046875,4691.5,4693.2001953125,240
2026-03-19 11:34:00,4686.7001953125,4691.5,4684.5,4691.5,349
2026-03-19 11:35:00,4678.2998046875,4686.7001953125,4677.5,4686.60009765625,223
2026-03-19 11:36:00,4677.2998046875,4680.10009765625,4674.60009765625,4677.7998046875,442
2026-03-19 11:37:00,4679.89990234375,4681.89990234375,4676.60009765625,4677.60009765625,258
2026-03-19 11:38:00,4685.89990234375,4687.0,4678.5,4680.2001953125,199
2026-03-19 11:39:00,4683.60009765625,4687.39990234375,4683.60009765625,4685.7001953125,123
2026-03-19 11:40:00,4681.2998046875,4684.2998046875,4680.89990234375,4683.10009765625,137
2026-03-19 11:41:00,4673.89990234375,4681.7001953125,4671.7001953125,4681.2001953125,221
2026-03-19 11:42:00,4664.10009765625,4675.10009765625,4660.7001953125,4674.60009765625,1009
2026-03-19 11:43:00,4665.2998046875,4668.7998046875,4663.7001953125,4663.7998046875,332
2026-03-19 11:44:00,4667.5,4667.7001953125,4663.10009765625,4664.2998046875,161
2026-03-19 11:45:00,4666.5,4670.89990234375,4666.10009765625,4667.10009765625,209
2026-03-19 11:46:00,4659.89990234375,4667.7001953125,4659.10009765625,4667.0,395
2026-03-19 11:47:00,4663.89990234375,4664.7001953125,4659.2998046875,4660.0,423
2026-03-19 11:48:00,4670.7998046875,4671.0,4663.7001953125,4664.2001953125,250
2026-03-19 11:49:00,4663.60009765625,4670.2001953125,4660.5,4670.2001953125,171
2026-03-19 11:50:00,4657.7998046875,4665.60009765625,4656.7998046875,4663.60009765625,434
2026-03-19 11:51:00,4659.89990234375,4662.7001953125,4655.0,4658.60009765625,772
2026-03-19 11:52:00,4658.7001953125,4661.2001953125,4656.2001953125,4660.2001953125,402
2026-03-19 11:53:00,4656.2001953125,4658.7998046875,4652.39990234375,4658.2001953125,257
2026-03-19 11:54:00,4655.60009765625,4657.5,4654.10009765625,4656.2998046875,165
2026-03-19 11:55:00,4658.60009765625,4660.0,4654.0,4655.2998046875,123
2026-03-19 11:56:00,4662.39990234375,4662.5,4657.5,4658.39990234375,317
2026-03-19 11:57:00,4659.60009765625,4662.89990234375,4658.0,4662.2998046875,292
2026-03-19 11:58:00,4657.10009765625,4661.2001953125,4656.2998046875,4660.5,181
2026-03-19 11:59:00,4654.39990234375,4657.7001953125,4652.7998046875,4656.39990234375,149
2026-03-19 12:00:00,4653.7998046875,4657.0,4653.10009765625,4654.89990234375,324
2026-03-19 12:01:00,4644.89990234375,4655.89990234375,4639.5,4653.7001953125,1201
2026-03-19 12:02:00,4642.5,4648.0,4640.60009765625,4645.7998046875,500
2026-03-19 12:03:00,4630.10009765625,4644.10009765625,4628.7998046875,4642.89990234375,991
2026-03-19 12:04:00,4632.60009765625,4634.0,4628.0,4630.60009765625,663
2026-03-19 12:05:00,4637.7998046875,4637.89990234375,4629.2001953125,4632.2001953125,418
2026-03-19 12:06:00,4636.7001953125,4642.2001953125,4634.39990234375,4637.2001953125,523
2026-03-19 12:07:00,4636.2001953125,4639.60009765625,4635.2998046875,4636.60009765625,218
2026-03-19 12:08:00,4634.7998046875,4635.39990234375,4628.7001953125,4635.2001953125,480
2026-03-19 12:09:00,4630.7001953125,4636.10009765625,4625.0,4635.5,546
2026-03-19 12:10:00,4624.2998046875,4631.7001953125,4619.2998046875,4631.2998046875,585
2026-03-19 12:11:00,4618.10009765625,4626.10009765625,4615.7998046875,4624.5,549
2026-03-19 12:12:00,4623.10009765625,4624.89990234375,4615.7998046875,4617.39990234375,473
2026-03-19 12:13:00,4620.60009765625,4629.0,4620.0,4623.7001953125,485
2026-03-19 12:14:00,4621.10009765625,4622.0,4611.2998046875,4620.39990234375,578
2026-03-19 12:15:00,4616.2998046875,4621.39990234375,4613.7001953125,4621.39990234375,265
2026-03-19 12:16:00,4627.7001953125,4628.60009765625,4615.39990234375,4616.10009765625,493
2026-03-19 12:17:00,4629.2998046875,4633.5,4626.39990234375,4628.0,638
2026-03-19 12:18:00,4622.7001953125,4628.60009765625,4621.7998046875,4628.2998046875,426
2026-03-19 12:19:00,4618.60009765625,4627.0,4618.39990234375,4622.7998046875,500
2026-03-19 12:20:00,4620.10009765625,4622.2998046875,4616.5,4619.5,503
2026-03-19 12:21:00,4614.89990234375,4623.5,4613.5,4621.2001953125,391
2026-03-19 12:22:00,4616.0,4618.39990234375,4613.5,4615.89990234375,268
2026-03-19 12:23:00,4614.39990234375,4618.89990234375,4613.39990234375,4616.89990234375,323
2026-03-19 12:24:00,4607.7001953125,4616.7001953125,4605.60009765625,4614.5,1081
2026-03-19 12:25:00,4605.7001953125,4609.10009765625,4605.0,4607.5,1078
2026-03-19 12:26:00,4609.39990234375,4611.5,4605.0,4605.7998046875,513
2026-03-19 12:27:00,4606.2998046875,4611.10009765625,4605.2998046875,4610.0,369
2026-03-19 12:28:00,4607.60009765625,4608.2001953125,4605.0,4606.2998046875,636
2026-03-19 12:29:00,4608.5,4611.39990234375,4606.2998046875,4607.0,291
2026-03-19 12:30:00,4608.7001953125,4610.39990234375,4602.2001953125,4608.5,1266
2026-03-19 12:31:00,4614.39990234375,4616.2001953125,4609.10009765625,4610.10009765625,708
2026-03-19 12:32:00,4618.2001953125,4620.7998046875,4611.5,4613.60009765625,604
2026-03-19 12:33:00,4603.0,4618.10009765625,4602.5,4618.10009765625,433
2026-03-19 12:34:00,4606.2001953125,4609.39990234375,4601.2001953125,4602.5,399
2026-03-19 12:35:00,4610.89990234375,4613.7001953125,4605.7998046875,4606.10009765625,264
2026-03-19 12:36:00,4613.60009765625,4615.0,4610.10009765625,4610.39990234375,1073
2026-03-19 12:37:00,4612.60009765625,4615.5,4611.39990234375,4613.7001953125,595
2026-03-19 12:38:00,4607.7998046875,4620.7998046875,4607.7001953125,4612.89990234375,995
2026-03-19 12:39:00,4608.60009765625,4610.2998046875,4605.39990234375,4607.5,410
2026-03-19 12:40:00,4603.2001953125,4608.2998046875,4600.0,4607.2998046875,858
2026-03-19 12:41:00,4602.0,4608.2998046875,4601.5,4603.2001953125,232
2026-03-19 12:42:00,4593.89990234375,4602.39990234375,4592.0,4601.89990234375,1233
2026-03-19 12:43:00,4577.7001953125,4593.7001953125,4575.5,4593.60009765625,1628
2026-03-19 12:44:00,4565.2001953125,4578.2998046875,4561.7998046875,4577.7998046875,1392
2026-03-19 12:45:00,4553.2001953125,4566.89990234375,4551.0,4565.2998046875,1572
2026-03-19 12:46:00,4559.7998046875,4563.0,4547.39990234375,4553.2001953125,1244
2026-03-19 12:47:00,4538.60009765625,4560.7998046875,4535.2001953125,4559.7001953125,1222
2026-03-19 12:48:00,4538.39990234375,4545.5,4533.10009765625,4539.0,1234
2026-03-19 12:49:00,4559.5,4561.5,4538.2001953125,4539.10009765625,1135
2026-03-19 12:50:00,4565.0,4565.2998046875,4554.7998046875,4560.2998046875,1007
2026-03-19 12:51:00,4567.0,4567.89990234375,4559.39990234375,4564.7998046875,623
2026-03-19 12:52:00,4565.39990234375,4575.0,4561.5,4567.7001953125,655
2026-03-19 12:53:00,4568.39990234375,4570.2001953125,4563.39990234375,4565.39990234375,396
2026-03-19 12:54:00,4575.60009765625,4578.2001953125,4567.0,4567.5,670
2026-03-19 12:55:00,4579.7998046875,4581.2998046875,4575.60009765625,4576.2998046875,473
2026-03-19 12:56:00,4576.7001953125,4580.5,4574.0,4579.2001953125,365
2026-03-19 12:57:00,4586.2998046875,4588.5,4576.7001953125,4577.2001953125,418
2026-03-19 12:58:00,4587.5,4588.10009765625,4578.7001953125,4585.7998046875,330
2026-03-19 12:59:00,4577.2998046875,4587.39990234375,4574.0,4587.39990234375,486
2026-03-19 13:00:00,4554.10009765625,4576.10009765625,4553.7998046875,4576.10009765625,1682
2026-03-19 13:01:00,4526.2998046875,4557.7001953125,4525.2998046875,4554.7001953125,1161
2026-03-19 13:02:00,4507.89990234375,4528.2001953125,4505.0,4527.2001953125,3212
2026-03-19 13:03:00,4540.5,4541.7001953125,4506.89990234375,4506.89990234375,1496
2026-03-19 13:04:00,4552.7998046875,4553.5,4537.5,4540.0,1175
2026-03-19 13:05:00,4561.7001953125,4567.2001953125,4552.0,4552.7998046875,990
2026-03-19 13:06:00,4550.39990234375,4564.7998046875,4545.10009765625,4563.0,837
2026-03-19 13:07:00,4565.60009765625,4566.5,4550.10009765625,4550.10009765625,558
2026-03-19 13:08:00,4555.5,4567.89990234375,4550.39990234375,4564.10009765625,448
2026-03-19 13:09:00,4538.2001953125,4554.2001953125,4529.7998046875,4554.2001953125,852
2026-03-19 13:10:00,4534.39990234375,4545.89990234375,4533.89990234375,4539.10009765625,411
2026-03-19 13:11:00,4533.39990234375,4540.2001953125,4526.7998046875,4533.39990234375,1016
2026-03-19 13:12:00,4537.2998046875,4538.7998046875,4528.2001953125,4532.7001953125,521
2026-03-19 13:13:00,4544.60009765625,4548.5,4535.7001953125,4537.2998046875,476
2026-03-19 13:14:00,4541.10009765625,4548.2998046875,4540.60009765625,4544.7998046875,390
2026-03-19 13:15:00,4534.0,4546.0,4525.7001953125,4540.89990234375,747
2026-03-19 13:16:00,4552.2998046875,4552.7001953125,4533.2998046875,4533.2998046875,522
2026-03-19 13:17:00,4561.39990234375,4564.10009765625,4550.2998046875,4551.60009765625,738
2026-03-19 13:18:00,4563.60009765625,4565.2001953125,4555.5,4561.89990234375,535
2026-03-19 13:19:00,4564.7001953125,4571.7998046875,4563.89990234375,4564.7001953125,654
2026-03-19 13:20:00,4578.7998046875,4580.0,4563.89990234375,4565.39990234375,679
2026-03-19 13:21:00,4574.10009765625,4578.7998046875,4570.2998046875,4578.5,576
2026-03-19 13:22:00,4570.0,4575.39990234375,4566.2001953125,4574.5,530
2026-03-19 13:23:00,4565.7001953125,4576.89990234375,4562.7001953125,4571.2001953125,610
2026-03-19 13:24:00,4565.2998046875,4570.89990234375,4564.60009765625,4564.60009765625,261
2026-03-19 13:25:00,4559.7998046875,4566.2998046875,4555.39990234375,4564.89990234375,384
2026-03-19 13:26:00,4560.39990234375,4563.39990234375,4557.0,4557.89990234375,454
2026-03-19 13:27:00,4568.10009765625,4570.2998046875,4560.0,4560.2998046875,471
2026-03-19 13:28:00,4572.7001953125,4577.0,4566.5,4567.10009765625,485
2026-03-19 13:29:00,4578.89990234375,4584.0,4573.7998046875,4574.2001953125,698
2026-03-19 13:30:00,4571.2001953125,4579.5,4559.89990234375,4579.39990234375,822
2026-03-19 13:31:00,4583.2998046875,4584.0,4567.60009765625,4572.5,483
2026-03-19 13:32:00,4572.2998046875,4584.2998046875,4571.5,4582.5,431
2026-03-19 13:33:00,4565.5,4574.39990234375,4563.60009765625,4571.60009765625,580
2026-03-19 13:34:00,4583.7998046875,4585.60009765625,4565.89990234375,4566.0,466
2026-03-19 13:35:00,4566.89990234375,4584.2001953125,4566.5,4583.7001953125,393
2026-03-19 13:36:00,4564.39990234375,4569.0,4556.2001953125,4566.2998046875,578
2026-03-19 13:37:00,4566.0,4568.89990234375,4555.0,4565.2998046875,557
2026-03-19 13:38:00,4573.10009765625,4577.39990234375,4563.7001953125,4565.2998046875,436
2026-03-19 13:39:00,4565.2998046875,4572.7998046875,4564.60009765625,4571.7998046875,292
2026-03-19 13:40:00,4552.7001953125,4573.7001953125,4548.5,4565.2998046875,701
2026-03-19 13:41:00,4565.2998046875,4569.60009765625,4552.39990234375,4552.89990234375,435
2026-03-19 13:42:00,4565.2998046875,4569.39990234375,4560.0,4562.60009765625,290
2026-03-19 13:43:00,4566.0,4568.60009765625,4559.2998046875,4565.39990234375,295
2026-03-19 13:44:00,4561.60009765625,4572.7998046875,4560.60009765625,4567.10009765625,233
2026-03-19 13:45:00,4563.39990234375,4571.39990234375,4558.2001953125,4561.0,291
2026-03-19 13:46:00,4557.10009765625,4565.7001953125,4552.5,4562.60009765625,458
2026-03-19 13:47:00,4544.7001953125,4558.39990234375,4540.7001953125,4555.2998046875,549
2026-03-19 13:48:00,4543.7998046875,4549.10009765625,4542.39990234375,4544.0,307
2026-03-19 13:49:00,4563.2001953125,4563.2001953125,4542.10009765625,4542.89990234375,614
2026-03-19 13:50:00,4573.0,4573.10009765625,4561.7998046875,4563.2001953125,525
2026-03-19 13:51:00,4576.7001953125,4579.2001953125,4571.2998046875,4572.60009765625,412
2026-03-19 13:52:00,4581.7998046875,4582.60009765625,4571.89990234375,4576.7998046875,337
2026-03-19 13:53:00,4594.39990234375,4594.39990234375,4581.2998046875,4581.89990234375,714
2026-03-19 13:54:00,4600.2998046875,4601.7998046875,4592.10009765625,4594.39990234375,807
2026-03-19 13:55:00,4601.89990234375,4604.10009765625,4599.0,4600.39990234375,1163
2026-03-19 13:56:00,4618.0,4618.39990234375,4601.10009765625,4601.60009765625,1492
2026-03-19 13:57:00,4618.5,4619.2001953125,4612.0,4617.7001953125,1171
2026-03-19 13:58:00,4619.7998046875,4622.39990234375,4614.7001953125,4618.60009765625,1048
2026-03-19 13:59:00,4624.0,4625.0,4610.7001953125,4619.7998046875,1322
2026-03-19 14:00:00,4640.10009765625,4641.10009765625,4623.7998046875,4624.89990234375,1360
2026-03-19 14:01:00,4637.7001953125,4645.2998046875,4635.89990234375,4639.2998046875,1091
2026-03-19 14:02:00,4640.7001953125,4647.0,4636.39990234375,4638.0,1180
2026-03-19 14:03:00,4638.7998046875,4643.2001953125,4631.60009765625,4640.7001953125,1118
2026-03-19 14:04:00,4629.2001953125,4639.2998046875,4627.0,4639.10009765625,646
2026-03-19 14:05:00,4633.7998046875,4638.0,4628.60009765625,4629.7001953125,443
2026-03-19 14:06:00,4628.0,4642.89990234375,4626.89990234375,4633.60009765625,781
2026-03-19 14:07:00,4629.60009765625,4637.60009765625,4625.7001953125,4628.0,488
2026-03-19 14:08:00,4625.5,4631.0,4622.2001953125,4628.7998046875,568
2026-03-19 14:09:00,4628.2001953125,4630.0,4620.2001953125,4627.2001953125,410
2026-03-19 14:10:00,4633.10009765625,4634.39990234375,4626.39990234375,4628.60009765625,428
2026-03-19 14:11:00,4650.2998046875,4651.0,4632.7001953125,4633.2001953125,885
2026-03-19 14:12:00,4637.39990234375,4651.7998046875,4637.2998046875,4650.0,662
2026-03-19 14:13:00,4629.2001953125,4638.10009765625,4628.10009765625,4638.0,760
2026-03-19 14:14:00,4634.0,4635.2001953125,4623.7998046875,4629.7001953125,400
2026-03-19 14:15:00,4620.60009765625,4638.2998046875,4615.89990234375,4633.7998046875,1377
2026-03-19 14:16:00,4618.10009765625,4627.2001953125,4617.5,4621.0,454
2026-03-19 14:17:00,4620.39990234375,4621.7001953125,4612.60009765625,4618.0,788
2026-03-19 14:18:00,4615.7001953125,4622.10009765625,4613.7998046875,4621.2001953125,357
2026-03-19 14:19:00,4617.2001953125,4618.0,4606.2998046875,4616.0,509
2026-03-19 14:20:00,4612.39990234375,4617.39990234375,4609.2001953125,4617.39990234375,204
2026-03-19 14:21:00,4606.5,4612.2998046875,4605.39990234375,4611.5,263
2026-03-19 14:22:00,4611.7998046875,4614.2998046875,4605.10009765625,4606.5,398
2026-03-19 14:23:00,4610.7001953125,4611.39990234375,4602.60009765625,4611.39990234375,275
2026-03-19 14:24:00,4614.7001953125,4618.39990234375,4608.39990234375,4608.89990234375,293
2026-03-19 14:25:00,4611.10009765625,4619.0,4611.0,4615.5,221
2026-03-19 14:26:00,4601.10009765625,4611.7998046875,4601.0,4611.10009765625,322
2026-03-19 14:27:00,4594.39990234375,4601.7998046875,4593.2998046875,4601.7001953125,1232
2026-03-19 14:28:00,4591.7998046875,4595.0,4587.5,4595.0,833
2026-03-19 14:29:00,4587.2998046875,4595.2998046875,4586.60009765625,4591.7998046875,514
2026-03-19 14:30:00,4588.10009765625,4595.2001953125,4586.60009765625,4586.7998046875,529
2026-03-19 14:31:00,4596.0,4597.10009765625,4583.39990234375,4587.5,490
2026-03-19 14:32:00,4600.39990234375,4604.2001953125,4594.2998046875,4596.39990234375,510
2026-03-19 14:33:00,4598.0,4601.10009765625,4595.7998046875,4599.5,732
2026-03-19 14:34:00,4607.89990234375,4608.60009765625,4596.39990234375,4597.5,501
2026-03-19 14:35:00,4614.89990234375,4615.60009765625,4607.2001953125,4607.7001953125,401
2026-03-19 14:36:00,4619.7998046875,4619.7998046875,4613.2998046875,4614.7001953125,345
2026-03-19 14:37:00,4618.7001953125,4622.2998046875,4616.7001953125,4619.7998046875,316
2026-03-19 14:38:00,4614.10009765625,4619.0,4611.0,4619.0,521
2026-03-19 14:39:00,4620.2001953125,4623.2998046875,4610.0,4613.5,413
2026-03-19 14:40:00,4620.7998046875,4623.2998046875,4614.7998046875,4620.7001953125,207
2026-03-19 14:41:00,4619.0,4623.39990234375,4616.89990234375,4620.0,185
2026-03-19 14:42:00,4613.60009765625,4620.39990234375,4613.0,4619.89990234375,184
2026-03-19 14:43:00,4615.7998046875,4616.89990234375,4611.2998046875,4613.89990234375,216
2026-03-19 14:44:00,4615.2998046875,4625.0,4613.7998046875,4615.10009765625,502
2026-03-19 14:45:00,4608.7998046875,4615.60009765625,4607.7001953125,4614.5,570
2026-03-19 14:46:00,4610.2001953125,4613.60009765625,4606.0,4609.2998046875,278
2026-03-19 14:47:00,4608.60009765625,4610.39990234375,4604.89990234375,4609.0,144
2026-03-19 14:48:00,4611.2001953125,4613.60009765625,4608.2001953125,4608.5,268
2026-03-19 14:49:00,4616.5,4619.39990234375,4611.7001953125,4611.7998046875,188
2026-03-19 14:50:00,4620.7001953125,4621.39990234375,4613.60009765625,4616.5,171
2026-03-19 14:51:00,4629.2001953125,4629.2001953125,4619.60009765625,4621.60009765625,255
2026-03-19 14:52:00,4628.89990234375,4630.39990234375,4626.39990234375,4629.89990234375,474
2026-03-19 14:53:00,4627.39990234375,4630.0,4625.2998046875,4628.10009765625,190
2026-03-19 14:54:00,4625.89990234375,4627.89990234375,4623.0,4627.2001953125,170
2026-03-19 14:55:00,4621.0,4626.10009765625,4619.5,4626.10009765625,280
2026-03-19 14:56:00,4616.2998046875,4622.10009765625,4613.89990234375,4621.7001953125,218
2026-03-19 14:57:00,4611.5,4616.2998046875,4606.39990234375,4615.89990234375,422
2026-03-19 14:58:00,4608.60009765625,4614.5,4606.7998046875,4610.7998046875,295
2026-03-19 14:59:00,4603.5,4608.60009765625,4600.0,4607.89990234375,342
2026-03-19 15:00:00,4603.7998046875,4610.10009765625,4598.89990234375,4603.2001953125,711
2026-03-19 15:01:00,4599.2998046875,4610.2998046875,4599.2998046875,4603.7998046875,451
2026-03-19 15:02:00,4605.89990234375,4605.89990234375,4595.2001953125,4599.2998046875,359
2026-03-19 15:03:00,4607.5,4608.89990234375,4603.39990234375,4605.7001953125,285
2026-03-19 15:04:00,4618.2001953125,4618.2001953125,4605.89990234375,4607.39990234375,645
2026-03-19 15:05:00,4633.2001953125,4633.2001953125,4617.5,4617.5,586
2026-03-19 15:06:00,4635.2998046875,4641.7001953125,4632.5,4632.5,985
2026-03-19 15:07:00,4623.39990234375,4635.7001953125,4622.0,4635.60009765625,537
2026-03-19 15:08:00,4618.39990234375,4623.5,4618.0,4623.39990234375,165
2026-03-19 15:09:00,4619.39990234375,4622.60009765625,4617.2001953125,4618.7001953125,310
2026-03-19 15:10:00,4617.89990234375,4619.89990234375,4615.7001953125,4619.0,177
2026-03-19 15:11:00,4615.7998046875,4619.5,4612.7998046875,4617.39990234375,178
2026-03-19 15:12:00,4619.10009765625,4620.0,4614.60009765625,4615.89990234375,146
2026-03-19 15:13:00,4623.39990234375,4625.39990234375,4619.0,4619.7998046875,200
2026-03-19 15:14:00,4630.5,4631.60009765625,4623.7998046875,4623.7998046875,167
2026-03-19 15:15:00,4622.10009765625,4632.0,4621.2001953125,4630.60009765625,329
2026-03-19 15:16:00,4615.7998046875,4621.10009765625,4613.39990234375,4621.10009765625,470
2026-03-19 15:17:00,4607.0,4616.39990234375,4606.60009765625,4615.89990234375,472
2026-03-19 15:18:00,4610.2001953125,4614.10009765625,4605.89990234375,4607.10009765625,262
2026-03-19 15:19:00,4612.2998046875,4613.5,4609.0,4609.0,234
2026-03-19 15:20:00,4611.89990234375,4617.2001953125,4611.7001953125,4612.2001953125,171
2026-03-19 15:21:00,4608.39990234375,4614.0,4606.7001953125,4612.7001953125,177
2026-03-19 15:22:00,4612.10009765625,4615.5,4608.39990234375,4608.7998046875,376
2026-03-19 15:23:00,4612.60009765625,4612.7998046875,4607.89990234375,4612.2001953125,86
2026-03-19 15:24:00,4610.2998046875,4614.10009765625,4606.0,4612.2001953125,199
2026-03-19 15:25:00,4612.39990234375,4613.0,4606.89990234375,4610.2998046875,167
2026-03-19 15:26:00,4600.60009765625,4613.2001953125,4600.10009765625,4612.2998046875,423
2026-03-19 15:27:00,4606.60009765625,4606.89990234375,4598.39990234375,4600.60009765625,334
2026-03-19 15:28:00,4605.7001953125,4608.10009765625,4604.10009765625,4606.89990234375,115
2026-03-19 15:29:00,4605.5,4606.10009765625,4600.7998046875,4604.7998046875,234
2026-03-19 15:30:00,4598.39990234375,4604.89990234375,4597.39990234375,4604.89990234375,312
2026-03-19 15:31:00,4591.60009765625,4599.39990234375,4589.39990234375,4598.5,435
2026-03-19 15:32:00,4586.7001953125,4591.89990234375,4581.7001953125,4591.89990234375,635
2026-03-19 15:33:00,4577.2998046875,4586.7001953125,4575.89990234375,4586.7001953125,582
2026-03-19 15:34:00,4580.7998046875,4583.2998046875,4576.5,4577.0,381
2026-03-19 15:35:00,4581.60009765625,4585.7998046875,4571.7001953125,4580.7998046875,635
2026-03-19 15:36:00,4583.0,4586.2001953125,4579.89990234375,4582.5,198
2026-03-19 15:37:00,4577.60009765625,4583.60009765625,4574.89990234375,4581.7998046875,398
2026-03-19 15:38:00,4574.89990234375,4579.2998046875,4574.7998046875,4578.2998046875,196
2026-03-19 15:39:00,4579.0,4579.89990234375,4572.0,4575.39990234375,191
2026-03-19 15:40:00,4581.10009765625,4583.89990234375,4573.60009765625,4579.2998046875,268
2026-03-19 15:41:00,4575.89990234375,4582.2998046875,4575.0,4581.5,185
2026-03-19 15:42:00,4574.0,4576.0,4571.2998046875,4575.2001953125,458
2026-03-19 15:43:00,4577.5,4579.60009765625,4573.2001953125,4574.5,366
2026-03-19 15:44:00,4573.10009765625,4580.89990234375,4572.60009765625,4577.7001953125,215
2026-03-19 15:45:00,4574.5,4575.5,4566.0,4572.7998046875,632
2026-03-19 15:46:00,4570.39990234375,4575.0,4568.5,4575.0,339
2026-03-19 15:47:00,4573.2001953125,4574.2998046875,4567.39990234375,4570.7001953125,235
2026-03-19 15:48:00,4581.60009765625,4582.10009765625,4570.39990234375,4573.2998046875,323
2026-03-19 15:49:00,4585.5,4587.2998046875,4580.39990234375,4582.2001953125,229
2026-03-19 15:50:00,4589.0,4590.39990234375,4584.39990234375,4585.2001953125,280
2026-03-19 15:51:00,4588.7998046875,4592.2998046875,4588.5,4589.39990234375,470
2026-03-19 15:52:00,4589.5,4590.89990234375,4583.10009765625,4588.7998046875,259
2026-03-19 15:53:00,4595.5,4596.60009765625,4588.60009765625,4589.60009765625,565
2026-03-19 15:54:00,4593.2998046875,4596.39990234375,4592.7001953125,4596.10009765625,127
2026-03-19 15:55:00,4592.10009765625,4595.7998046875,4588.2001953125,4593.7998046875,195
2026-03-19 15:56:00,4610.2998046875,4612.0,4592.10009765625,4592.10009765625,785
2026-03-19 15:57:00,4602.0,4613.7001953125,4601.0,4609.89990234375,445
2026-03-19 15:58:00,4601.0,4602.7001953125,4597.2001953125,4601.89990234375,465
2026-03-19 15:59:00,4598.2998046875,4603.7001953125,4597.10009765625,4600.89990234375,152
2026-03-19 16:00:00,4604.60009765625,4605.2001953125,4594.5,4598.0,267
2026-03-19 16:01:00,4613.39990234375,4614.5,4601.89990234375,4604.2001953125,622
2026-03-19 16:02:00,4615.7001953125,4617.0,4610.0,4613.10009765625,262
2026-03-19 16:03:00,4619.10009765625,4620.2998046875,4616.0,4616.2998046875,218
2026-03-19 16:04:00,4615.60009765625,4621.2001953125,4613.89990234375,4618.7998046875,350
2026-03-19 16:05:00,4621.89990234375,4622.39990234375,4612.7998046875,4615.7998046875,225
2026-03-19 16:06:00,4616.7001953125,4623.2001953125,4616.39990234375,4621.39990234375,268
2026-03-19 16:07:00,4627.0,4627.0,4616.0,4616.2001953125,341
2026-03-19 16:08:00,4624.0,4628.0,4622.7001953125,4627.60009765625,310
2026-03-19 16:09:00,4618.2001953125,4624.10009765625,4617.5,4623.89990234375,418
2026-03-19 16:10:00,4607.2001953125,4620.0,4607.0,4619.0,358
2026-03-19 16:11:00,4613.2001953125,4616.2001953125,4604.89990234375,4606.7998046875,435
2026-03-19 16:12:00,4615.10009765625,4617.2001953125,4610.5,4613.2998046875,100
2026-03-19 16:13:00,4608.7998046875,4615.89990234375,4608.10009765625,4615.10009765625,88
2026-03-19 16:14:00,4606.2998046875,4611.2001953125,4604.10009765625,4608.5,114
2026-03-19 16:15:00,4607.0,4609.7998046875,4604.60009765625,4606.2998046875,83
2026-03-19 16:16:00,4598.0,4607.7001953125,4598.0,4607.7001953125,272
2026-03-19 16:17:00,4603.89990234375,4604.5,4594.89990234375,4598.5,422
2026-03-19 16:18:00,4602.5,4606.60009765625,4602.5,4604.60009765625,142
2026-03-19 16:19:00,4610.0,4611.0,4602.39990234375,4602.39990234375,441
2026-03-19 16:20:00,4613.7001953125,4615.5,4608.39990234375,4610.39990234375,194
2026-03-19 16:21:00,4615.60009765625,4616.7001953125,4612.7001953125,4613.2998046875,238
2026-03-19 16:22:00,4612.39990234375,4619.2001953125,4611.2998046875,4615.89990234375,219
2026-03-19 16:23:00,4609.39990234375,4613.39990234375,4609.39990234375,4612.2001953125,157
2026-03-19 16:24:00,4610.5,4615.2001953125,4607.7001953125,4609.39990234375,155
2026-03-19 16:25:00,4609.2001953125,4614.5,4609.2001953125,4612.0,115
2026-03-19 16:26:00,4609.2998046875,4611.2998046875,4607.89990234375,4610.60009765625,214
2026-03-19 16:27:00,4604.89990234375,4610.0,4601.7998046875,4609.2001953125,281
2026-03-19 16:28:00,4602.89990234375,4606.2998046875,4602.60009765625,4603.5,129
2026-03-19 16:29:00,4602.2001953125,4606.7001953125,4602.0,4604.10009765625,243
2026-03-19 16:30:00,4599.2001953125,4604.89990234375,4596.39990234375,4602.60009765625,273
2026-03-19 16:31:00,4597.0,4601.10009765625,4593.89990234375,4599.0,182
2026-03-19 16:32:00,4593.89990234375,4600.89990234375,4593.89990234375,4597.39990234375,108
2026-03-19 16:33:00,4598.2001953125,4598.2001953125,4590.7001953125,4594.2001953125,209
2026-03-19 16:34:00,4596.2001953125,4600.2001953125,4596.2001953125,4598.2001953125,171
2026-03-19 16:35:00,4588.0,4596.39990234375,4587.2998046875,4596.39990234375,313
2026-03-19 16:36:00,4591.5,4591.7998046875,4586.60009765625,4588.0,146
2026-03-19 16:37:00,4590.7001953125,4593.5,4589.5,4590.89990234375,91
2026-03-19 16:38:00,4593.7998046875,4594.2998046875,4589.10009765625,4590.60009765625,73
2026-03-19 16:39:00,4597.0,4597.5,4593.60009765625,4593.60009765625,264
2026-03-19 16:40:00,4604.7998046875,4604.7998046875,4596.7001953125,4597.0,232
2026-03-19 16:41:00,4608.89990234375,4609.2998046875,4601.2998046875,4605.10009765625,215
2026-03-19 16:42:00,4603.7998046875,4610.60009765625,4603.0,4609.2001953125,170
2026-03-19 16:43:00,4595.39990234375,4603.7998046875,4595.39990234375,4603.7998046875,295
2026-03-19 16:44:00,4595.89990234375,4597.89990234375,4595.2001953125,4595.39990234375,88
2026-03-19 16:45:00,4596.2998046875,4601.10009765625,4596.0,4596.10009765625,169
2026-03-19 16:46:00,4598.7001953125,4600.39990234375,4595.10009765625,4596.0,73
2026-03-19 16:47:00,4597.39990234375,4599.7998046875,4595.2001953125,4598.39990234375,131
2026-03-19 16:48:00,4597.7001953125,4599.89990234375,4595.39990234375,4597.2998046875,65
2026-03-19 16:49:00,4594.5,4597.7998046875,4593.5,4597.39990234375,82
2026-03-19 16:50:00,4594.60009765625,4599.2998046875,4594.60009765625,4594.7001953125,92
2026-03-19 16:51:00,4588.7998046875,4594.60009765625,4588.10009765625,4594.0,181
2026-03-19 16:52:00,4580.7998046875,4588.2998046875,4579.2001953125,4588.2998046875,549
2026-03-19 16:53:00,4580.39990234375,4585.5,4579.2998046875,4581.7001953125,142
2026-03-19 16:54:00,4589.7998046875,4589.7998046875,4579.7001953125,4579.7001953125,138
2026-03-19 16:55:00,4590.2998046875,4591.89990234375,4588.7998046875,4589.0,106
2026-03-19 16:56:00,4592.0,4592.7998046875,4589.60009765625,4590.7998046875,182
2026-03-19 16:57:00,4593.10009765625,4594.60009765625,4592.5,4592.60009765625,318
2026-03-19 16:58:00,4591.5,4592.7998046875,4588.2001953125,4592.7001953125,170
2026-03-19 16:59:00,4587.10009765625,4592.2001953125,4585.0,4591.39990234375,324
2026-03-19 17:00:00,4590.10009765625,4590.39990234375,4586.60009765625,4587.2001953125,157
2026-03-19 17:01:00,4586.39990234375,4590.0,4584.10009765625,4590.0,382
2026-03-19 17:02:00,4593.7001953125,4593.7998046875,4586.89990234375,4586.89990234375,264
2026-03-19 17:03:00,4594.0,4596.7998046875,4591.2001953125,4593.7001953125,129
2026-03-19 17:04:00,4593.39990234375,4596.5,4592.7998046875,4594.39990234375,106
2026-03-19 17:05:00,4597.39990234375,4599.2001953125,4593.39990234375,4593.39990234375,82
2026-03-19 17:06:00,4594.2001953125,4597.89990234375,4592.7998046875,4597.10009765625,115
2026-03-19 17:07:00,4591.2001953125,4594.2998046875,4590.2998046875,4594.2998046875,464
2026-03-19 17:08:00,4585.89990234375,4591.89990234375,4583.7001953125,4591.2001953125,154
2026-03-19 17:09:00,4580.2998046875,4585.89990234375,4579.10009765625,4585.39990234375,152
2026-03-19 17:10:00,4580.2998046875,4582.60009765625,4576.7001953125,4580.39990234375,193
2026-03-19 17:11:00,4585.89990234375,4586.10009765625,4580.2998046875,4580.2998046875,114
2026-03-19 17:12:00,4584.2998046875,4587.7998046875,4583.39990234375,4585.5,84
2026-03-19 17:13:00,4580.7001953125,4587.0,4580.7001953125,4583.7998046875,249
2026-03-19 17:14:00,4582.10009765625,4584.2001953125,4581.2001953125,4581.2001953125,108
2026-03-19 17:15:00,4578.2001953125,4582.7998046875,4577.0,4582.39990234375,193
2026-03-19 17:16:00,4583.7001953125,4585.89990234375,4578.10009765625,4578.7998046875,203
2026-03-19 17:17:00,4587.0,4587.0,4583.5,4583.5,74
2026-03-19 17:18:00,4595.39990234375,4595.39990234375,4586.7998046875,4587.10009765625,140
2026-03-19 17:19:00,4599.7998046875,4601.60009765625,4594.5,4595.5,338
2026-03-19 17:20:00,4608.10009765625,4608.5,4599.2998046875,4599.7998046875,414
2026-03-19 17:21:00,4606.60009765625,4609.2001953125,4603.60009765625,4608.2001953125,203
2026-03-19 17:22:00,4608.39990234375,4614.60009765625,4606.7998046875,4606.7998046875,437
2026-03-19 17:23:00,4610.0,4610.0,4605.5,4608.7998046875,213
2026-03-19 17:24:00,4613.7998046875,4614.5,4609.7001953125,4609.7001953125,245
2026-03-19 17:25:00,4612.39990234375,4616.2001953125,4609.7001953125,4614.0,706
2026-03-19 17:26:00,4616.2001953125,4616.2998046875,4608.2001953125,4611.89990234375,387
2026-03-19 17:27:00,4609.39990234375,4617.0,4608.10009765625,4615.7001953125,212
2026-03-19 17:28:00,4605.10009765625,4609.60009765625,4602.0,4609.2001953125,365
2026-03-19 17:29:00,4606.2998046875,4607.5,4602.39990234375,4605.2001953125,1057
2026-03-19 17:30:00,4616.2998046875,4616.7998046875,4605.89990234375,4606.89990234375,637
2026-03-19 17:31:00,4619.10009765625,4621.39990234375,4615.2998046875,4615.89990234375,426
2026-03-19 17:32:00,4616.7998046875,4622.10009765625,4616.2001953125,4619.10009765625,248
2026-03-19 17:33:00,4611.39990234375,4617.2998046875,4609.2998046875,4616.39990234375,345
2026-03-19 17:34:00,4610.39990234375,4612.0,4607.10009765625,4610.7998046875,99
2026-03-19 17:35:00,4604.0,4609.2998046875,4604.0,4609.0,203
2026-03-19 17:36:00,4604.0,4606.60009765625,4602.89990234375,4603.7001953125,140
2026-03-19 17:37:00,4606.0,4609.5,4604.10009765625,4604.10009765625,198
2026-03-19 17:38:00,4609.2998046875,4611.10009765625,4606.60009765625,4606.60009765625,124
2026-03-19 17:39:00,4609.60009765625,4609.7998046875,4607.7998046875,4609.7998046875,94
2026-03-19 17:40:00,4607.10009765625,4612.10009765625,4606.89990234375,4609.2998046875,194
2026-03-19 17:41:00,4612.10009765625,4613.0,4607.5,4608.2001953125,104
2026-03-19 17:42:00,4608.2998046875,4611.7998046875,4606.0,4611.0,136
2026-03-19 17:43:00,4608.89990234375,4608.89990234375,4605.89990234375,4607.5,53
2026-03-19 17:44:00,4607.39990234375,4613.5,4607.10009765625,4609.10009765625,88
2026-03-19 17:45:00,4615.0,4615.2001953125,4608.2001953125,4608.2001953125,185
2026-03-19 17:46:00,4614.2001953125,4616.2001953125,4612.7998046875,4615.39990234375,105
2026-03-19 17:47:00,4612.39990234375,4615.2001953125,4612.0,4614.2001953125,452
2026-03-19 17:48:00,4615.10009765625,4615.7001953125,4611.7001953125,4613.39990234375,124
2026-03-19 17:49:00,4613.7998046875,4615.7001953125,4612.89990234375,4614.2998046875,89
2026-03-19 17:50:00,4619.2001953125,4621.2998046875,4612.60009765625,4613.60009765625,126
2026-03-19 17:51:00,4623.60009765625,4623.60009765625,4619.0,4619.5,356
2026-03-19 17:52:00,4630.7998046875,4633.10009765625,4621.10009765625,4623.60009765625,570
2026-03-19 17:53:00,4631.5,4633.2998046875,4629.5,4630.7998046875,195
2026-03-19 17:54:00,4628.10009765625,4632.7998046875,4627.60009765625,4632.0,90
2026-03-19 17:55:00,4621.5,4628.7001953125,4620.60009765625,4627.7001953125,196
2026-03-19 17:56:00,4621.10009765625,4622.0,4619.2001953125,4621.89990234375,191
2026-03-19 17:57:00,4623.7001953125,4624.10009765625,4620.60009765625,4621.7001953125,150
2026-03-19 17:58:00,4618.60009765625,4623.60009765625,4617.2998046875,4623.0,177
2026-03-19 17:59:00,4618.7998046875,4621.2998046875,4617.60009765625,4618.7001953125,69
2026-03-19 18:00:00,4618.39990234375,4621.2001953125,4616.7001953125,4619.2998046875,158
2026-03-19 18:01:00,4620.10009765625,4620.10009765625,4616.0,4618.39990234375,132
2026-03-19 18:02:00,4609.5,4621.7001953125,4607.2001953125,4620.39990234375,805
2026-03-19 18:03:00,4608.2998046875,4611.7001953125,4606.10009765625,4609.0,348
2026-03-19 18:04:00,4613.39990234375,4613.89990234375,4608.5,4609.2001953125,128
2026-03-19 18:05:00,4610.2001953125,4613.7001953125,4608.0,4613.7001953125,183
2026-03-19 18:06:00,4608.7001953125,4612.0,4608.2001953125,4609.89990234375,132
2026-03-19 18:07:00,4609.0,4609.0,4603.60009765625,4608.10009765625,101
2026-03-19 18:08:00,4611.89990234375,4613.60009765625,4608.10009765625,4609.89990234375,158
2026-03-19 18:09:00,4613.60009765625,4615.7001953125,4611.39990234375,4611.7998046875,44
2026-03-19 18:10:00,4616.89990234375,4618.10009765625,4613.60009765625,4613.60009765625,85
2026-03-19 18:11:00,4614.2998046875,4619.0,4614.2998046875,4616.7998046875,54
2026-03-19 18:12:00,4616.5,4617.2998046875,4612.2998046875,4614.2998046875,96
2026-03-19 18:13:00,4618.60009765625,4619.0,4615.7998046875,4616.0,36
2026-03-19 18:14:00,4616.89990234375,4619.89990234375,4615.39990234375,4618.39990234375,115
2026-03-19 18:15:00,4617.7998046875,4618.60009765625,4616.89990234375,4616.89990234375,65
2026-03-19 18:16:00,4619.39990234375,4619.39990234375,4615.39990234375,4616.7001953125,75
2026-03-19 18:17:00,4616.2998046875,4620.39990234375,4614.10009765625,4619.60009765625,62
2026-03-19 18:18:00,4610.2998046875,4615.5,4610.10009765625,4615.39990234375,45
2026-03-19 18:19:00,4612.2998046875,4613.7998046875,4611.10009765625,4611.2001953125,63
2026-03-19 18:20:00,4610.39990234375,4613.0,4610.10009765625,4611.89990234375,62
2026-03-19 18:21:00,4613.2001953125,4614.2998046875,4609.2998046875,4610.39990234375,97
2026-03-19 18:22:00,4612.39990234375,4614.2998046875,4612.39990234375,4614.2001953125,21
2026-03-19 18:23:00,4607.0,4612.39990234375,4607.0,4611.89990234375,36
2026-03-19 18:24:00,4611.0,4611.2001953125,4607.39990234375,4607.60009765625,44
2026-03-19 18:25:00,4611.7998046875,4612.10009765625,4610.10009765625,4610.5,29
2026-03-19 18:26:00,4614.0,4614.10009765625,4611.2001953125,4611.7001953125,57
2026-03-19 18:27:00,4616.0,4616.7998046875,4613.0,4613.89990234375,86
2026-03-19 18:28:00,4613.60009765625,4617.7998046875,4613.2001953125,4616.7998046875,81
2026-03-19 18:29:00,4611.39990234375,4614.60009765625,4611.39990234375,4614.0,39
2026-03-19 18:30:00,4608.7001953125,4613.0,4608.7001953125,4611.5,98
2026-03-19 18:31:00,4611.0,4612.60009765625,4608.7001953125,4608.89990234375,46
2026-03-19 18:32:00,4612.0,4614.0,4611.39990234375,4611.39990234375,24
2026-03-19 18:33:00,4606.60009765625,4612.7998046875,4606.39990234375,4611.7001953125,91
2026-03-19 18:34:00,4605.89990234375,4607.7998046875,4603.89990234375,4606.39990234375,112
2026-03-19 18:35:00,4603.7998046875,4607.5,4601.60009765625,4606.0,196
2026-03-19 18:36:00,4599.10009765625,4604.10009765625,4598.89990234375,4603.2998046875,484
2026-03-19 18:37:00,4603.7998046875,4604.5,4598.7001953125,4599.2998046875,129
2026-03-19 18:38:00,4608.2001953125,4608.60009765625,4604.0,4604.0,101
2026-03-19 18:39:00,4608.7998046875,4610.0,4607.2998046875,4607.7998046875,73
2026-03-19 18:40:00,4608.7001953125,4610.10009765625,4607.7998046875,4608.2001953125,77
2026-03-19 18:41:00,4610.7001953125,4610.89990234375,4608.0,4609.0,53
2026-03-19 18:42:00,4611.2001953125,4612.60009765625,4609.7001953125,4610.10009765625,65
2026-03-19 18:43:00,4610.0,4611.89990234375,4609.60009765625,4610.60009765625,63
2026-03-19 18:44:00,4612.0,4613.60009765625,4610.7998046875,4610.7998046875,67
2026-03-19 18:45:00,4612.60009765625,4613.2998046875,4611.5,4611.5,33
2026-03-19 18:46:00,4616.89990234375,4617.39990234375,4612.89990234375,4613.5,219
2026-03-19 18:47:00,4614.60009765625,4617.2998046875,4614.0,4616.60009765625,57
2026-03-19 18:48:00,4612.2001953125,4614.7001953125,4610.39990234375,4614.60009765625,175
2026-03-19 18:49:00,4610.5,4611.89990234375,4610.2998046875,4611.60009765625,40
2026-03-19 18:50:00,4609.10009765625,4611.7998046875,4608.60009765625,4610.89990234375,70
2026-03-19 18:51:00,4609.2998046875,4611.7001953125,4607.7001953125,4608.60009765625,99
2026-03-19 18:52:00,4608.60009765625,4611.39990234375,4608.60009765625,4610.0,58
2026-03-19 18:53:00,4609.39990234375,4611.0,4607.7001953125,4608.39990234375,106
2026-03-19 18:54:00,4610.7998046875,4611.10009765625,4609.39990234375,4609.7998046875,34
2026-03-19 18:55:00,4609.7998046875,4610.5,4609.2001953125,4610.39990234375,35
2026-03-19 18:56:00,4609.10009765625,4611.60009765625,4607.60009765625,4610.5,218
2026-03-19 18:57:00,4615.39990234375,4616.60009765625,4609.39990234375,4609.39990234375,280
2026-03-19 18:58:00,4623.0,4623.10009765625,4614.2998046875,4615.89990234375,277
2026-03-19 18:59:00,4625.7998046875,4626.2998046875,4622.60009765625,4623.2998046875,339
2026-03-19 19:00:00,4639.39990234375,4639.39990234375,4625.7998046875,4625.7998046875,355
2026-03-19 19:01:00,4648.2998046875,4648.7001953125,4639.2001953125,4639.39990234375,786
2026-03-19 19:02:00,4649.0,4652.0,4645.89990234375,4648.7001953125,564
2026-03-19 19:03:00,4634.0,4649.10009765625,4633.7001953125,4649.10009765625,262
2026-03-19 19:04:00,4638.10009765625,4641.0,4633.7001953125,4633.7001953125,274
2026-03-19 19:05:00,4637.7998046875,4643.60009765625,4637.39990234375,4638.7998046875,163
2026-03-19 19:06:00,4654.0,4657.2001953125,4636.7998046875,4636.7998046875,559
2026-03-19 19:07:00,4654.10009765625,4661.10009765625,4653.7998046875,4653.7998046875,519
2026-03-19 19:08:00,4659.7001953125,4660.7998046875,4650.39990234375,4653.7998046875,256
2026-03-19 19:09:00,4653.7001953125,4661.60009765625,4651.5,4658.7998046875,233
2026-03-19 19:10:00,4657.5,4657.89990234375,4645.10009765625,4652.60009765625,243
2026-03-19 19:11:00,4664.0,4664.5,4654.60009765625,4657.89990234375,305
2026-03-19 19:12:00,4654.5,4666.89990234375,4653.7001953125,4663.7998046875,279
2026-03-19 19:13:00,4653.2998046875,4656.2001953125,4648.5,4654.10009765625,205
2026-03-19 19:14:00,4660.2998046875,4662.10009765625,4652.7001953125,4653.5,303
2026-03-19 19:15:00,4657.5,4661.7001953125,4653.60009765625,4660.2001953125,166
2026-03-19 19:16:00,4655.2998046875,4658.2998046875,4651.39990234375,4657.5,195
2026-03-19 19:17:00,4662.0,4665.39990234375,4653.89990234375,4654.39990234375,285
2026-03-19 19:18:00,4655.5,4663.2001953125,4654.39990234375,4662.0,343
2026-03-19 19:19:00,4662.39990234375,4662.39990234375,4650.39990234375,4656.2001953125,327
2026-03-19 19:20:00,4650.7001953125,4661.60009765625,4650.5,4661.60009765625,145
2026-03-19 19:21:00,4652.39990234375,4652.39990234375,4646.2998046875,4650.0,421
2026-03-19 19:22:00,4656.0,4657.0,4649.7001953125,4653.5,248
2026-03-19 19:23:00,4654.7998046875,4661.2998046875,4654.0,4656.7998046875,350
2026-03-19 19:24:00,4647.7998046875,4654.89990234375,4646.10009765625,4654.5,151
2026-03-19 19:25:00,4642.0,4650.0,4641.89990234375,4647.7001953125,257
2026-03-19 19:26:00,4640.10009765625,4643.10009765625,4636.7998046875,4642.5,341
2026-03-19 19:27:00,4646.2998046875,4648.89990234375,4640.10009765625,4641.10009765625,178
2026-03-19 19:28:00,4641.60009765625,4647.7001953125,4639.89990234375,4645.89990234375,229
2026-03-19 19:29:00,4647.2998046875,4647.60009765625,4640.7001953125,4641.7001953125,114
2026-03-19 19:30:00,4644.2998046875,4650.7998046875,4641.2998046875,4647.89990234375,155
2026-03-19 19:31:00,4643.7001953125,4644.60009765625,4640.60009765625,4644.10009765625,153
2026-03-19 19:32:00,4645.2998046875,4645.2998046875,4641.39990234375,4644.10009765625,90
2026-03-19 19:33:00,4648.7001953125,4649.89990234375,4646.0,4646.0,98
2026-03-19 19:34:00,4649.89990234375,4652.7998046875,4647.7001953125,4649.10009765625,100
2026-03-19 19:35:00,4637.5,4650.7001953125,4637.10009765625,4650.10009765625,244
2026-03-19 19:36:00,4643.2001953125,4643.2998046875,4636.10009765625,4637.10009765625,532
2026-03-19 19:37:00,4648.60009765625,4649.60009765625,4642.89990234375,4643.7998046875,179
2026-03-19 19:38:00,4644.7001953125,4650.7998046875,4642.5,4649.2001953125,134
2026-03-19 19:39:00,4644.39990234375,4645.5,4642.60009765625,4644.7001953125,77
2026-03-19 19:40:00,4643.89990234375,4644.39990234375,4642.10009765625,4644.0,228
2026-03-19 19:41:00,4645.10009765625,4647.2998046875,4643.60009765625,4643.7998046875,577
2026-03-19 19:42:00,4645.10009765625,4645.10009765625,4640.5,4644.60009765625,255
2026-03-19 19:43:00,4643.2001953125,4646.0,4642.5,4646.0,52
2026-03-19 19:44:00,4642.10009765625,4645.60009765625,4642.10009765625,4643.89990234375,70
2026-03-19 19:45:00,4640.2001953125,4642.7998046875,4637.60009765625,4641.7998046875,101
2026-03-19 19:46:00,4639.2001953125,4642.10009765625,4638.2998046875,4640.39990234375,82
2026-03-19 19:47:00,4641.89990234375,4643.2001953125,4638.0,4638.5,153
2026-03-19 19:48:00,4642.89990234375,4643.0,4639.2001953125,4641.89990234375,237
2026-03-19 19:49:00,4639.0,4643.5,4637.7001953125,4642.89990234375,85
2026-03-19 19:50:00,4636.2998046875,4639.39990234375,4635.0,4638.7001953125,114
2026-03-19 19:51:00,4639.89990234375,4640.5,4636.0,4637.10009765625,80
2026-03-19 19:52:00,4641.10009765625,4644.10009765625,4638.10009765625,4640.39990234375,84
2026-03-19 19:53:00,4641.10009765625,4643.0,4639.60009765625,4640.39990234375,133
2026-03-19 19:54:00,4643.60009765625,4645.2998046875,4640.60009765625,4640.60009765625,75
2026-03-19 19:55:00,4648.7001953125,4648.7001953125,4642.7998046875,4644.2998046875,68
2026-03-19 19:56:00,4650.60009765625,4653.7001953125,4644.5,4648.0,385
2026-03-19 19:57:00,4652.7998046875,4653.60009765625,4648.89990234375,4651.10009765625,201
2026-03-19 19:58:00,4648.60009765625,4653.0,4646.60009765625,4652.89990234375,108
2026-03-19 19:59:00,4647.89990234375,4649.2001953125,4646.60009765625,4648.2001953125,198
2026-03-19 20:00:00,4650.39990234375,4651.60009765625,4646.0,4647.5,95
2026-03-19 20:01:00,4653.10009765625,4653.2998046875,4648.5,4650.2001953125,121
2026-03-19 20:02:00,4657.60009765625,4657.60009765625,4652.2001953125,4652.39990234375,178
2026-03-19 20:03:00,4656.7001953125,4658.2001953125,4656.2001953125,4657.60009765625,96
2026-03-19 20:04:00,4653.60009765625,4656.39990234375,4653.10009765625,4656.39990234375,32
2026-03-19 20:05:00,4656.7001953125,4657.5,4653.0,4654.2001953125,85
2026-03-19 20:06:00,4657.89990234375,4657.89990234375,4656.0,4657.10009765625,61
2026-03-19 20:07:00,4655.2001953125,4658.0,4655.2001953125,4658.0,35
2026-03-19 20:08:00,4659.2001953125,4659.2001953125,4654.89990234375,4655.7998046875,60
2026-03-19 20:09:00,4658.7998046875,4660.39990234375,4658.39990234375,4658.39990234375,129
2026-03-19 20:10:00,4655.7998046875,4659.60009765625,4655.7998046875,4659.60009765625,64
2026-03-19 20:11:00,4656.89990234375,4657.60009765625,4655.7998046875,4655.7998046875,20
2026-03-19 20:12:00,4660.2001953125,4660.2001953125,4657.39990234375,4657.39990234375,54
2026-03-19 20:13:00,4659.39990234375,4661.10009765625,4659.39990234375,4660.2001953125,44
2026-03-19 20:14:00,4657.2998046875,4659.7001953125,4655.7001953125,4659.5,55
2026-03-19 20:15:00,4657.5,4659.7998046875,4657.39990234375,4657.39990234375,32
2026-03-19 20:16:00,4653.2001953125,4657.0,4653.2001953125,4657.0,55
2026-03-19 20:17:00,4654.39990234375,4655.2001953125,4653.7998046875,4653.7998046875,82
2026-03-19 20:18:00,4661.60009765625,4662.0,4654.39990234375,4654.39990234375,76
2026-03-19 20:19:00,4658.60009765625,4661.2001953125,4656.2001953125,4661.2001953125,111
2026-03-19 20:20:00,4658.39990234375,4659.89990234375,4658.39990234375,4658.7998046875,17
2026-03-19 20:21:00,4661.5,4661.5,4658.10009765625,4659.2001953125,31
2026-03-19 20:22:00,4662.10009765625,4664.0,4660.7001953125,4661.0,106
2026-03-19 20:23:00,4661.7998046875,4662.39990234375,4660.39990234375,4662.2001953125,20
2026-03-19 20:24:00,4662.2998046875,4663.7001953125,4661.2998046875,4661.7001953125,36
2026-03-19 20:25:00,4661.7001953125,4663.0,4661.2998046875,4661.89990234375,45
2026-03-19 20:26:00,4661.39990234375,4663.5,4661.39990234375,4662.10009765625,26
2026-03-19 20:27:00,4660.0,4661.0,4659.0,4661.0,50
2026-03-19 20:28:00,4662.2998046875,4664.2001953125,4659.7998046875,4659.7998046875,76
2026-03-19 20:29:00,4660.2001953125,4662.10009765625,4659.2001953125,4662.10009765625,48
2026-03-19 20:30:00,4661.2001953125,4662.60009765625,4660.60009765625,4660.7998046875,32
2026-03-19 20:31:00,4660.7001953125,4661.39990234375,4659.89990234375,4660.7998046875,47
2026-03-19 20:32:00,4657.89990234375,4661.2001953125,4657.2998046875,4660.5,88
2026-03-19 20:33:00,4659.2998046875,4660.89990234375,4658.5,4658.5,26
2026-03-19 20:34:00,4659.5,4660.39990234375,4658.2998046875,4659.60009765625,28
2026-03-19 20:35:00,4659.89990234375,4660.39990234375,4659.2998046875,4659.89990234375,32
2026-03-19 20:36:00,4658.7001953125,4659.7998046875,4657.2001953125,4659.7998046875,99
2026-03-19 20:37:00,4659.0,4660.0,4658.5,4659.5,26
2026-03-19 20:38:00,4660.7001953125,4662.10009765625,4659.89990234375,4659.89990234375,20
2026-03-19 20:39:00,4659.89990234375,4661.5,4659.89990234375,4661.5,23
2026-03-19 20:40:00,4657.60009765625,4660.60009765625,4657.60009765625,4660.0,31
2026-03-19 20:41:00,4657.7998046875,4659.7001953125,4657.10009765625,4658.0,28
2026-03-19 20:42:00,4661.2001953125,4661.5,4657.60009765625,4657.60009765625,42
2026-03-19 20:43:00,4658.39990234375,4660.2001953125,4657.89990234375,4660.2001953125,21
2026-03-19 20:44:00,4657.5,4658.7001953125,4656.2998046875,4658.7001953125,31
2026-03-19 20:45:00,4655.0,4658.2998046875,4654.2998046875,4657.5,85
2026-03-19 20:46:00,4657.5,4657.89990234375,4654.0,4655.2001953125,104
2026-03-19 20:47:00,4656.2001953125,4657.2998046875,4656.2001953125,4657.10009765625,15
2026-03-19 20:48:00,4658.39990234375,4658.39990234375,4655.39990234375,4655.39990234375,31
2026-03-19 20:49:00,4660.0,4660.2001953125,4657.60009765625,4659.2001953125,43
2026-03-19 20:50:00,4659.10009765625,4660.2001953125,4656.5,4659.89990234375,83
2026-03-19 20:51:00,4663.89990234375,4664.7001953125,4659.39990234375,4659.39990234375,60
2026-03-19 20:52:00,4662.2998046875,4663.7001953125,4661.10009765625,4663.7001953125,86
2026-03-19 20:53:00,4659.89990234375,4661.10009765625,4658.7001953125,4660.7998046875,90
2026-03-19 20:54:00,4660.2998046875,4661.10009765625,4659.5,4659.5,21
2026-03-19 20:55:00,4660.39990234375,4661.39990234375,4658.7998046875,4660.10009765625,41
2026-03-19 20:56:00,4659.0,4661.2998046875,4659.0,4660.39990234375,19
2026-03-19 20:57:00,4660.5,4661.10009765625,4658.7001953125,4659.2001953125,37
2026-03-19 20:58:00,4653.60009765625,4659.7998046875,4653.60009765625,4659.7998046875,156
2026-03-19 20:59:00,4651.89990234375,4653.60009765625,4650.2001953125,4653.60009765625,98
2026-03-19 22:00:00,4660.89990234375,4660.89990234375,4653.89990234375,4653.89990234375,0
2026-03-19 22:01:00,4659.7998046875,4663.5,4659.2998046875,4660.7001953125,35
2026-03-19 22:02:00,4657.5,4662.0,4652.7998046875,4660.7998046875,62
2026-03-19 22:03:00,4662.7998046875,4664.89990234375,4659.2001953125,4659.39990234375,69
2026-03-19 22:04:00,4661.5,4666.0,4661.5,4663.0,78
2026-03-19 22:05:00,4660.5,4661.10009765625,4659.0,4661.10009765625,53
2026-03-19 22:06:00,4665.10009765625,4666.39990234375,4660.5,4660.5,99
2026-03-19 22:07:00,4667.0,4667.60009765625,4665.2998046875,4666.10009765625,41
2026-03-19 22:08:00,4668.0,4669.10009765625,4665.7998046875,4667.39990234375,87
2026-03-19 22:09:00,4668.0,4668.89990234375,4667.39990234375,4667.7001953125,24
2026-03-19 22:10:00,4666.5,4667.2998046875,4666.0,4667.2998046875,31
2026-03-19 22:11:00,4667.5,4667.7001953125,4665.7001953125,4665.7998046875,15
2026-03-19 22:12:00,4669.0,4670.0,4666.5,4667.10009765625,136
2026-03-19 22:13:00,4671.0,4671.7001953125,4669.0,4669.0,226
2026-03-19 22:14:00,4673.7001953125,4674.60009765625,4670.60009765625,4670.7998046875,56
2026-03-19 22:15:00,4679.2001953125,4679.5,4673.10009765625,4673.7001953125,134
2026-03-19 22:16:00,4676.2001953125,4678.7001953125,4675.2001953125,4678.7001953125,50
2026-03-19 22:17:00,4674.39990234375,4678.10009765625,4672.0,4676.7001953125,85
2026-03-19 22:18:00,4670.89990234375,4674.60009765625,4669.89990234375,4674.10009765625,46
2026-03-19 22:19:00,4673.39990234375,4674.2001953125,4669.7998046875,4669.89990234375,43
2026-03-19 22:20:00,4671.10009765625,4673.5,4670.5,4673.2998046875,28
2026-03-19 22:21:00,4671.39990234375,4672.2001953125,4669.60009765625,4671.39990234375,30
2026-03-19 22:22:00,4668.89990234375,4673.0,4665.60009765625,4672.10009765625,136
2026-03-19 22:23:00,4667.7001953125,4669.89990234375,4666.10009765625,4669.7001953125,47
2026-03-19 22:24:00,4664.0,4666.7001953125,4662.89990234375,4666.7001953125,40
2026-03-19 22:25:00,4666.5,4666.60009765625,4663.2998046875,4664.2001953125,34
2026-03-19 22:26:00,4669.5,4669.5,4666.39990234375,4666.7001953125,53
2026-03-19 22:27:00,4669.0,4670.0,4667.89990234375,4670.0,27
2026-03-19 22:28:00,4668.60009765625,4673.2998046875,4667.10009765625,4668.2998046875,157
2026-03-19 22:29:00,4668.5,4668.89990234375,4666.5,4668.7001953125,53
2026-03-19 22:30:00,4666.2998046875,4668.10009765625,4666.2001953125,4668.10009765625,28
2026-03-19 22:31:00,4665.5,4666.5,4665.0,4666.0,23
2026-03-19 22:32:00,4662.0,4665.2998046875,4661.7998046875,4665.2998046875,50
2026-03-19 22:33:00,4661.2998046875,4663.7998046875,4659.5,4661.60009765625,85
2026-03-19 22:34:00,4652.7998046875,4659.10009765625,4651.60009765625,4659.10009765625,188
2026-03-19 22:35:00,4656.5,4657.5,4652.89990234375,4653.7998046875,30
2026-03-19 22:36:00,4657.2001953125,4658.2998046875,4657.0,4657.89990234375,26
2026-03-19 22:37:00,4658.10009765625,4658.89990234375,4657.2001953125,4657.2001953125,21
2026-03-19 22:38:00,4660.2998046875,4660.7001953125,4658.0,4658.0,40
2026-03-19 22:39:00,4658.5,4660.2998046875,4658.0,4660.2998046875,16
2026-03-19 22:40:00,4656.10009765625,4658.5,4655.39990234375,4658.5,18
2026-03-19 22:41:00,4655.2001953125,4657.60009765625,4654.60009765625,4656.10009765625,29
2026-03-19 22:42:00,4654.2001953125,4655.0,4651.7001953125,4654.60009765625,32
2026-03-19 22:43:00,4651.89990234375,4654.10009765625,4651.7001953125,4653.7998046875,14
2026-03-19 22:44:00,4647.89990234375,4653.0,4647.89990234375,4651.2001953125,56
2026-03-19 22:45:00,4648.5,4650.7001953125,4646.5,4648.39990234375,50
2026-03-19 22:46:00,4650.60009765625,4650.60009765625,4648.0,4648.0,19
2026-03-19 22:47:00,4651.7998046875,4652.39990234375,4649.89990234375,4650.60009765625,48
2026-03-19 22:48:00,4650.5,4651.7001953125,4648.60009765625,4651.2998046875,23
2026-03-19 22:49:00,4648.2998046875,4650.60009765625,4648.2998046875,4650.60009765625,25
2026-03-19 22:50:00,4648.5,4649.0,4646.2001953125,4648.5,47
2026-03-19 22:51:00,4646.39990234375,4649.7998046875,4646.0,4648.0,64
2026-03-19 22:52:00,4645.0,4646.39990234375,4642.60009765625,4646.39990234375,44
2026-03-19 22:53:00,4646.2998046875,4648.2001953125,4645.7998046875,4645.7998046875,23
2026-03-19 22:54:00,4650.2998046875,4650.2998046875,4647.5,4647.5,54
2026-03-19 22:55:00,4649.0,4651.5,4649.0,4650.60009765625,43
2026-03-19 22:56:00,4648.7998046875,4650.89990234375,4648.7998046875,4649.7001953125,11
2026-03-19 22:57:00,4646.7001953125,4648.2998046875,4643.7001953125,4648.2998046875,33
2026-03-19 22:58:00,4641.0,4646.60009765625,4641.0,4646.2001953125,68
2026-03-19 22:59:00,4638.10009765625,4642.5,4638.0,4641.7001953125,132
2026-03-19 23:00:00,4649.0,4649.7001953125,4638.7001953125,4638.7001953125,109
2026-03-19 23:01:00,4646.60009765625,4650.0,4646.60009765625,4648.60009765625,48
2026-03-19 23:02:00,4645.7998046875,4647.7001953125,4645.7998046875,4647.39990234375,83
2026-03-19 23:03:00,4644.7998046875,4647.0,4644.2998046875,4647.0,49
2026-03-19 23:04:00,4645.7998046875,4645.7998046875,4644.2001953125,4644.89990234375,14
2026-03-19 23:05:00,4646.0,4647.0,4645.7998046875,4646.39990234375,27
2026-03-19 23:06:00,4646.5,4646.5,4645.0,4645.39990234375,9
2026-03-19 23:07:00,4646.2998046875,4646.7998046875,4645.7001953125,4646.7998046875,10
2026-03-19 23:08:00,4645.89990234375,4647.0,4645.89990234375,4646.2001953125,14
2026-03-19 23:09:00,4645.60009765625,4645.60009765625,4643.60009765625,4645.0,25
2026-03-19 23:10:00,4645.60009765625,4646.5,4645.39990234375,4645.7001953125,12
2026-03-19 23:11:00,4644.2001953125,4645.5,4642.89990234375,4645.5,25
2026-03-19 23:12:00,4642.7998046875,4643.2001953125,4641.5,4643.2001953125,18
2026-03-19 23:13:00,4642.39990234375,4643.2001953125,4641.60009765625,4643.2001953125,8
2026-03-19 23:14:00,4641.0,4643.5,4640.5,4643.0,61
2026-03-19 23:15:00,4644.2001953125,4645.10009765625,4640.2001953125,4641.39990234375,39
2026-03-19 23:16:00,4643.5,4645.5,4642.39990234375,4643.39990234375,49
2026-03-19 23:17:00,4645.60009765625,4646.2998046875,4641.89990234375,4643.39990234375,67
2026-03-19 23:18:00,4646.7998046875,4647.7998046875,4645.39990234375,4646.2998046875,28
2026-03-19 23:19:00,4647.60009765625,4648.7001953125,4646.39990234375,4647.2001953125,80
2026-03-19 23:20:00,4648.7998046875,4649.10009765625,4647.7001953125,4648.10009765625,21
2026-03-19 23:21:00,4647.2998046875,4649.0,4647.2998046875,4649.0,14
2026-03-19 23:22:00,4646.2998046875,4647.0,4646.10009765625,4647.0,8
2026-03-19 23:23:00,4643.39990234375,4646.60009765625,4643.39990234375,4646.2001953125,31
2026-03-19 23:24:00,4642.7998046875,4644.7001953125,4642.5,4644.2998046875,8
2026-03-19 23:25:00,4644.7998046875,4645.5,4642.2998046875,4643.10009765625,56
2026-03-19 23:26:00,4646.7998046875,4646.7998046875,4644.89990234375,4644.89990234375,83
2026-03-19 23:27:00,4646.39990234375,4647.2998046875,4645.7998046875,4646.10009765625,100
2026-03-19 23:28:00,4646.10009765625,4647.10009765625,4645.89990234375,4646.5,8
2026-03-19 23:29:00,4646.0,4646.7998046875,4646.0,4646.60009765625,11
2026-03-19 23:30:00,4648.7001953125,4648.7001953125,4646.7998046875,4646.7998046875,9
2026-03-19 23:31:00,4646.7001953125,4648.10009765625,4646.39990234375,4648.10009765625,13
2026-03-19 23:32:00,4646.7998046875,4648.7001953125,4646.39990234375,4647.39990234375,58
2026-03-19 23:33:00,4643.5,4650.0,4643.10009765625,4647.60009765625,59
2026-03-19 23:34:00,4640.0,4643.7001953125,4640.0,4643.7001953125,47
2026-03-19 23:35:00,4640.7998046875,4641.7001953125,4638.7998046875,4640.10009765625,46
2026-03-19 23:36:00,4641.39990234375,4641.39990234375,4640.2001953125,4640.2998046875,5
2026-03-19 23:37:00,4640.60009765625,4641.39990234375,4640.60009765625,4641.39990234375,5
2026-03-19 23:38:00,4642.0,4642.0,4640.5,4640.5,11
2026-03-19 23:39:00,4640.7998046875,4643.2001953125,4640.7998046875,4642.7998046875,14
2026-03-19 23:40:00,4636.5,4641.10009765625,4636.10009765625,4641.10009765625,64
2026-03-19 23:41:00,4638.2998046875,4639.2001953125,4635.7998046875,4636.39990234375,42
2026-03-19 23:42:00,4639.39990234375,4641.2998046875,4638.5,4638.7001953125,77
2026-03-19 23:43:00,4638.89990234375,4640.2001953125,4638.5,4639.2998046875,14
2026-03-19 23:44:00,4638.10009765625,4639.7001953125,4637.60009765625,4639.10009765625,49
2026-03-19 23:45:00,4640.7998046875,4640.7998046875,4637.7001953125,4637.7001953125,24
2026-03-19 23:46:00,4642.2998046875,4643.2998046875,4640.7998046875,4641.0,27
2026-03-19 23:47:00,4643.10009765625,4643.10009765625,4641.2998046875,4641.60009765625,7
2026-03-19 23:48:00,4646.60009765625,4646.7998046875,4642.7998046875,4642.89990234375,61
2026-03-19 23:49:00,4646.89990234375,4646.89990234375,4645.39990234375,4646.7001953125,9
2026-03-19 23:50:00,4645.10009765625,4648.10009765625,4645.0,4646.10009765625,130
2026-03-19 23:51:00,4648.0,4648.0,4645.0,4645.0,35
2026-03-19 23:52:00,4646.0,4648.60009765625,4646.0,4648.0,45
2026-03-19 23:53:00,4647.39990234375,4647.39990234375,4645.7998046875,4645.7998046875,7
2026-03-19 23:54:00,4648.0,4648.5,4647.39990234375,4647.39990234375,7
2026-03-19 23:55:00,4647.7001953125,4649.0,4647.5,4648.7001953125,14
2026-03-19 23:56:00,4648.2998046875,4648.2998046875,4648.2001953125,4648.2001953125,6
2026-03-19 23:57:00,4646.2998046875,4648.60009765625,4646.2998046875,4648.60009765625,9
2026-03-19 23:58:00,4644.5,4646.2998046875,4643.39990234375,4646.2998046875,20
2026-03-19 23:59:00,4645.5,4645.60009765625,4644.2998046875,4644.60009765625,64
2026-03-20 00:00:00,4647.2998046875,4647.2998046875,4645.10009765625,4645.5,49
2026-03-20 00:01:00,4652.2998046875,4652.2998046875,4647.7001953125,4647.7001953125,113
2026-03-20 00:02:00,4653.5,4654.60009765625,4652.10009765625,4652.5,61
2026-03-20 00:03:00,4654.2998046875,4654.7998046875,4653.0,4653.7998046875,51
2026-03-20 00:04:00,4653.5,4655.0,4652.10009765625,4654.7998046875,48
2026-03-20 00:05:00,4652.5,4654.2998046875,4652.0,4653.7001953125,25
2026-03-20 00:06:00,4653.0,4653.0,4651.7001953125,4652.2998046875,14
2026-03-20 00:07:00,4654.89990234375,4655.7998046875,4652.7001953125,4653.2001953125,176
2026-03-20 00:08:00,4659.2998046875,4659.5,4655.2001953125,4655.2001953125,63
2026-03-20 00:09:00,4658.7998046875,4659.89990234375,4657.5,4659.39990234375,66
2026-03-20 00:10:00,4660.0,4660.0,4658.39990234375,4658.5,102
2026-03-20 00:11:00,4661.89990234375,4662.0,4659.5,4660.0,60
2026-03-20 00:12:00,4659.5,4662.7998046875,4659.2998046875,4662.2001953125,65
2026-03-20 00:13:00,4658.7998046875,4659.2001953125,4656.0,4658.89990234375,89
2026-03-20 00:14:00,4663.60009765625,4664.60009765625,4658.7998046875,4659.2998046875,86
2026-03-20 00:15:00,4663.60009765625,4664.5,4662.89990234375,4662.89990234375,27
2026-03-20 00:16:00,4663.7001953125,4664.7001953125,4662.10009765625,4663.2998046875,41
2026-03-20 00:17:00,4666.0,4666.0,4664.0,4664.0,43
2026-03-20 00:18:00,4664.0,4666.60009765625,4663.39990234375,4665.2001953125,27
2026-03-20 00:19:00,4662.2001953125,4664.2001953125,4661.7001953125,4663.5,51
2026-03-20 00:20:00,4658.89990234375,4661.7998046875,4658.0,4661.7998046875,55
2026-03-20 00:21:00,4656.7001953125,4658.7998046875,4656.7001953125,4658.7001953125,57
2026-03-20 00:22:00,4655.2001953125,4659.0,4654.7001953125,4657.5,40
2026-03-20 00:23:00,4646.39990234375,4654.89990234375,4645.7001953125,4654.2001953125,104
2026-03-20 00:24:00,4648.89990234375,4649.5,4643.89990234375,4646.2998046875,77
2026-03-20 00:25:00,4646.10009765625,4650.5,4646.10009765625,4648.5,44
2026-03-20 00:26:00,4650.5,4651.10009765625,4646.60009765625,4647.2001953125,38
2026-03-20 00:27:00,4650.0,4651.5,4650.0,4650.0,31
2026-03-20 00:28:00,4647.10009765625,4650.39990234375,4646.2001953125,4650.10009765625,35
2026-03-20 00:29:00,4650.0,4651.7001953125,4647.10009765625,4647.39990234375,43
2026-03-20 00:30:00,4649.7001953125,4653.39990234375,4649.2001953125,4650.39990234375,122
2026-03-20 00:31:00,4651.2998046875,4652.39990234375,4646.60009765625,4649.60009765625,35
2026-03-20 00:32:00,4652.0,4652.7998046875,4651.2998046875,4651.2998046875,17
2026-03-20 00:33:00,4649.89990234375,4651.89990234375,4649.2998046875,4651.7998046875,19
2026-03-20 00:34:00,4650.0,4650.39990234375,4647.39990234375,4649.5,101
2026-03-20 00:35:00,4650.60009765625,4650.7001953125,4650.60009765625,4650.7001953125,2
2026-03-20 00:36:00,4649.10009765625,4650.7998046875,4648.89990234375,4650.5,28
2026-03-20 00:37:00,4650.0,4650.0,4647.5,4649.2001953125,69
2026-03-20 00:38:00,4653.39990234375,4653.39990234375,4649.5,4650.7998046875,26
2026-03-20 00:39:00,4653.89990234375,4654.39990234375,4653.10009765625,4653.10009765625,20
2026-03-20 00:40:00,4657.2998046875,4657.7998046875,4654.89990234375,4654.89990234375,71
2026-03-20 00:41:00,4657.7998046875,4657.89990234375,4656.2998046875,4656.7998046875,44
2026-03-20 00:42:00,4657.39990234375,4657.7001953125,4657.2998046875,4657.39990234375,10
2026-03-20 00:43:00,4656.2998046875,4657.10009765625,4655.5,4657.10009765625,22
2026-03-20 00:44:00,4656.5,4657.0,4655.7998046875,4656.5,20
2026-03-20 00:45:00,4657.89990234375,4659.5,4656.60009765625,4657.39990234375,37
2026-03-20 00:46:00,4657.7001953125,4658.2998046875,4657.0,4657.0,30
2026-03-20 00:47:00,4658.10009765625,4658.89990234375,4656.0,4658.39990234375,18
2026-03-20 00:48:00,4659.0,4660.5,4658.7001953125,4658.7001953125,19
2026-03-20 00:49:00,4659.0,4659.5,4658.0,4658.0,18
2026-03-20 00:50:00,4658.60009765625,4658.7001953125,4657.7001953125,4658.7001953125,6
2026-03-20 00:51:00,4658.2998046875,4659.89990234375,4657.2998046875,4657.60009765625,26
2026-03-20 00:52:00,4657.10009765625,4657.7001953125,4656.7998046875,4657.7001953125,18
2026-03-20 00:53:00,4658.0,4658.0,4655.2998046875,4657.0,121
2026-03-20 00:54:00,4658.0,4661.7001953125,4658.0,4658.7998046875,89
2026-03-20 00:55:00,4653.7001953125,4657.7001953125,4653.10009765625,4657.39990234375,98
2026-03-20 00:56:00,4654.10009765625,4655.39990234375,4653.2998046875,4653.2998046875,20
2026-03-20 00:57:00,4653.0,4654.2001953125,4651.60009765625,4653.7998046875,36
2026-03-20 00:58:00,4651.89990234375,4652.7998046875,4650.5,4652.7001953125,42
2026-03-20 00:59:00,4649.5,4651.7998046875,4648.7998046875,4651.2001953125,74
2026-03-20 01:00:00,4664.60009765625,4664.60009765625,4640.5,4649.60009765625,351
2026-03-20 01:01:00,4657.7998046875,4664.7998046875,4657.2998046875,4663.89990234375,174
2026-03-20 01:02:00,4659.7001953125,4660.5,4653.60009765625,4656.2001953125,113
2026-03-20 01:03:00,4665.7998046875,4668.7998046875,4659.2998046875,4659.2998046875,235
2026-03-20 01:04:00,4669.89990234375,4671.0,4665.2001953125,4665.39990234375,125
2026-03-20 01:05:00,4671.7998046875,4673.39990234375,4669.7001953125,4669.89990234375,237
2026-03-20 01:06:00,4675.2001953125,4678.2001953125,4672.0,4672.0,194
2026-03-20 01:07:00,4678.5,4681.5,4671.39990234375,4674.0,177
2026-03-20 01:08:00,4679.2998046875,4679.2998046875,4675.39990234375,4678.60009765625,118
2026-03-20 01:09:00,4667.7001953125,4678.10009765625,4667.60009765625,4678.10009765625,179
2026-03-20 01:10:00,4666.89990234375,4670.39990234375,4663.5,4668.7001953125,229
2026-03-20 01:11:00,4660.0,4667.60009765625,4658.89990234375,4667.2998046875,138
2026-03-20 01:12:00,4656.39990234375,4659.5,4654.60009765625,4659.39990234375,304
2026-03-20 01:13:00,4657.39990234375,4660.7998046875,4655.60009765625,4657.0,134
2026-03-20 01:14:00,4653.60009765625,4662.5,4652.7001953125,4657.2001953125,306
2026-03-20 01:15:00,4654.7998046875,4659.39990234375,4652.7998046875,4652.89990234375,175
2026-03-20 01:16:00,4656.39990234375,4658.89990234375,4652.0,4654.39990234375,143
2026-03-20 01:17:00,4658.39990234375,4661.5,4656.60009765625,4656.60009765625,66
2026-03-20 01:18:00,4653.10009765625,4659.2001953125,4652.10009765625,4658.5,58
2026-03-20 01:19:00,4654.60009765625,4657.39990234375,4650.7998046875,4652.39990234375,132
2026-03-20 01:20:00,4650.2001953125,4654.10009765625,4650.0,4653.7001953125,55
2026-03-20 01:21:00,4653.5,4655.2001953125,4651.10009765625,4651.10009765625,89
2026-03-20 01:22:00,4656.7001953125,4658.0,4651.60009765625,4653.7001953125,75
2026-03-20 01:23:00,4653.0,4657.39990234375,4652.5,4657.0,57
2026-03-20 01:24:00,4655.39990234375,4655.39990234375,4650.60009765625,4652.7001953125,87
2026-03-20 01:25:00,4654.60009765625,4657.2001953125,4653.10009765625,4655.7998046875,96
2026-03-20 01:26:00,4657.5,4658.2001953125,4653.2001953125,4654.7998046875,65
2026-03-20 01:27:00,4656.39990234375,4659.2998046875,4656.39990234375,4658.2001953125,15
2026-03-20 01:28:00,4661.2001953125,4661.89990234375,4656.7001953125,4656.7001953125,80
2026-03-20 01:29:00,4664.2001953125,4664.2001953125,4661.5,4661.7998046875,40
2026-03-20 01:30:00,4669.7001953125,4669.7998046875,4663.5,4664.5,85
2026-03-20 01:31:00,4670.0,4670.0,4665.7001953125,4669.10009765625,93
2026-03-20 01:32:00,4672.7998046875,4672.89990234375,4669.7001953125,4669.7001953125,90
2026-03-20 01:33:00,4674.0,4674.2001953125,4671.89990234375,4672.2998046875,82
2026-03-20 01:34:00,4678.5,4678.60009765625,4672.7998046875,4674.0,220
2026-03-20 01:35:00,4677.7001953125,4679.89990234375,4676.7001953125,4678.2998046875,104
2026-03-20 01:36:00,4679.5,4680.10009765625,4676.89990234375,4677.5,86
2026-03-20 01:37:00,4675.10009765625,4679.5,4674.7001953125,4679.0,103
2026-03-20 01:38:00,4675.89990234375,4678.2998046875,4673.60009765625,4676.0,178
2026-03-20 01:39:00,4677.89990234375,4678.7998046875,4676.2998046875,4676.2998046875,115
2026-03-20 01:40:00,4685.7998046875,4689.5,4676.10009765625,4677.0,580
2026-03-20 01:41:00,4686.2998046875,4686.89990234375,4683.39990234375,4685.7998046875,212
2026-03-20 01:42:00,4685.2998046875,4688.60009765625,4684.89990234375,4686.39990234375,333
2026-03-20 01:43:00,4685.89990234375,4686.10009765625,4683.89990234375,4684.7001953125,73
2026-03-20 01:44:00,4689.0,4691.0,4684.89990234375,4685.2001953125,108
2026-03-20 01:45:00,4698.2998046875,4698.2998046875,4688.2001953125,4688.7998046875,220
2026-03-20 01:46:00,4694.7998046875,4701.5,4692.7001953125,4697.5,306
2026-03-20 01:47:00,4688.60009765625,4696.10009765625,4688.60009765625,4696.10009765625,194
2026-03-20 01:48:00,4688.5,4689.7998046875,4684.7001953125,4688.7001953125,168
2026-03-20 01:49:00,4687.2998046875,4688.2998046875,4685.10009765625,4687.7001953125,89
2026-03-20 01:50:00,4681.2001953125,4688.7998046875,4681.2001953125,4688.0,206
2026-03-20 01:51:00,4682.10009765625,4685.7998046875,4681.0,4681.0,123
2026-03-20 01:52:00,4683.89990234375,4684.2998046875,4680.5,4681.7998046875,43
2026-03-20 01:53:00,4685.39990234375,4686.0,4683.5,4683.7001953125,62
2026-03-20 01:54:00,4682.0,4684.7001953125,4680.60009765625,4684.7001953125,77
2026-03-20 01:55:00,4679.60009765625,4682.2998046875,4679.60009765625,4682.10009765625,104
2026-03-20 01:56:00,4676.10009765625,4680.7001953125,4676.10009765625,4679.7998046875,138
2026-03-20 01:57:00,4675.2998046875,4677.7998046875,4675.0,4675.7998046875,71
2026-03-20 01:58:00,4679.5,4680.0,4674.7001953125,4675.2998046875,73
2026-03-20 01:59:00,4679.10009765625,4682.0,4678.7998046875,4679.89990234375,93
2026-03-20 02:00:00,4682.5,4683.5,4678.7001953125,4680.0,140
2026-03-20 02:01:00,4681.89990234375,4685.60009765625,4681.39990234375,4682.2001953125,194
2026-03-20 02:02:00,4681.7001953125,4683.60009765625,4681.10009765625,4681.7998046875,97
2026-03-20 02:03:00,4680.7001953125,4683.39990234375,4680.7001953125,4681.5,111
2026-03-20 02:04:00,4674.5,4681.2001953125,4674.10009765625,4681.2001953125,111
2026-03-20 02:05:00,4677.10009765625,4677.10009765625,4672.2001953125,4674.5,82
2026-03-20 02:06:00,4680.2998046875,4681.89990234375,4677.0,4677.60009765625,99
2026-03-20 02:07:00,4681.7001953125,4682.7001953125,4679.2001953125,4680.10009765625,72
2026-03-20 02:08:00,4683.60009765625,4684.89990234375,4680.7001953125,4680.7001953125,70
2026-03-20 02:09:00,4686.0,4686.60009765625,4683.7998046875,4683.89990234375,91
2026-03-20 02:10:00,4688.60009765625,4690.0,4686.39990234375,4686.60009765625,151
2026-03-20 02:11:00,4687.5,4688.2998046875,4686.2998046875,4688.0,32
2026-03-20 02:12:00,4688.0,4689.2001953125,4687.2998046875,4688.10009765625,51
2026-03-20 02:13:00,4689.10009765625,4689.39990234375,4688.2001953125,4688.2001953125,18
2026-03-20 02:14:00,4686.89990234375,4691.0,4686.7998046875,4689.60009765625,44
2026-03-20 02:15:00,4685.7001953125,4687.5,4685.7001953125,4686.89990234375,48
2026-03-20 02:16:00,4686.89990234375,4689.5,4685.60009765625,4685.60009765625,389
2026-03-20 02:17:00,4688.7001953125,4689.60009765625,4686.39990234375,4686.5,60
2026-03-20 02:18:00,4691.39990234375,4691.39990234375,4689.39990234375,4690.0,42
2026-03-20 02:19:00,4689.89990234375,4691.2001953125,4689.89990234375,4691.2001953125,24
2026-03-20 02:20:00,4690.2998046875,4690.7998046875,4688.2001953125,4689.89990234375,35
2026-03-20 02:21:00,4690.7001953125,4690.7001953125,4688.0,4690.7001953125,45
2026-03-20 02:22:00,4688.39990234375,4690.39990234375,4688.39990234375,4690.39990234375,22
2026-03-20 02:23:00,4684.5,4689.60009765625,4684.2001953125,4689.39990234375,57
2026-03-20 02:24:00,4686.10009765625,4686.7998046875,4683.7998046875,4684.0,32
2026-03-20 02:25:00,4684.0,4687.0,4683.39990234375,4686.2001953125,41
2026-03-20 02:26:00,4685.2998046875,4685.7001953125,4682.10009765625,4684.10009765625,74
2026-03-20 02:27:00,4686.10009765625,4686.10009765625,4684.39990234375,4685.5,21
2026-03-20 02:28:00,4683.7001953125,4687.0,4683.39990234375,4686.7001953125,28
2026-03-20 02:29:00,4685.0,4685.0,4683.0,4684.2001953125,21
2026-03-20 02:30:00,4681.2998046875,4685.89990234375,4681.0,4685.39990234375,85
2026-03-20 02:31:00,4684.7001953125,4684.7001953125,4680.60009765625,4681.7998046875,126
2026-03-20 02:32:00,4687.7998046875,4689.2998046875,4684.39990234375,4684.7001953125,88
2026-03-20 02:33:00,4689.5,4690.7001953125,4688.60009765625,4688.60009765625,64
2026-03-20 02:34:00,4691.0,4691.0,4689.60009765625,4689.60009765625,44
2026-03-20 02:35:00,4689.2001953125,4692.39990234375,4687.89990234375,4691.2998046875,118
2026-03-20 02:36:00,4682.60009765625,4688.7001953125,4681.60009765625,4688.7001953125,96
2026-03-20 02:37:00,4680.7998046875,4684.2001953125,4680.7998046875,4683.2001953125,63
2026-03-20 02:38:00,4681.7001953125,4683.2001953125,4680.0,4681.10009765625,68
2026-03-20 02:39:00,4684.89990234375,4685.0,4681.0,4681.10009765625,115
2026-03-20 02:40:00,4684.0,4685.60009765625,4682.10009765625,4685.2001953125,62
2026-03-20 02:41:00,4683.60009765625,4684.39990234375,4682.2998046875,4684.0,77
2026-03-20 02:42:00,4686.0,4686.2001953125,4682.2998046875,4683.7001953125,33
2026-03-20 02:43:00,4686.89990234375,4687.39990234375,4685.39990234375,4685.89990234375,58
2026-03-20 02:44:00,4686.5,4687.10009765625,4684.89990234375,4687.10009765625,56
2026-03-20 02:45:00,4685.0,4686.39990234375,4683.5,4686.39990234375,42
2026-03-20 02:46:00,4686.0,4687.0,4684.0,4685.5,92
2026-03-20 02:47:00,4689.10009765625,4689.7998046875,4686.2001953125,4686.7998046875,167
2026-03-20 02:48:00,4693.5,4693.5,4688.10009765625,4688.7998046875,74
2026-03-20 02:49:00,4700.7998046875,4702.10009765625,4693.10009765625,4693.89990234375,314
2026-03-20 02:50:00,4701.60009765625,4704.5,4700.5,4700.89990234375,266
2026-03-20 02:51:00,4699.89990234375,4703.7001953125,4699.7998046875,4701.39990234375,116
2026-03-20 02:52:00,4696.60009765625,4699.7001953125,4696.60009765625,4699.7001953125,101
2026-03-20 02:53:00,4695.5,4697.7001953125,4695.5,4697.7001953125,53
2026-03-20 02:54:00,4699.0,4699.39990234375,4695.10009765625,4695.5,71
2026-03-20 02:55:00,4698.39990234375,4699.7998046875,4697.60009765625,4698.89990234375,60
2026-03-20 02:56:00,4698.2001953125,4698.60009765625,4696.7001953125,4697.7001953125,44
2026-03-20 02:57:00,4700.7001953125,4702.7001953125,4696.2001953125,4698.39990234375,129
2026-03-20 02:58:00,4700.2998046875,4702.0,4699.89990234375,4700.10009765625,52
2026-03-20 02:59:00,4699.2998046875,4700.10009765625,4697.7998046875,4700.0,74
2026-03-20 03:00:00,4699.2998046875,4699.5,4695.89990234375,4698.89990234375,82
2026-03-20 03:01:00,4699.5,4701.2001953125,4698.2998046875,4699.39990234375,80
2026-03-20 03:02:00,4698.2001953125,4698.7998046875,4694.39990234375,4697.7998046875,93
2026-03-20 03:03:00,4701.0,4702.60009765625,4698.7998046875,4698.7998046875,83
2026-03-20 03:04:00,4708.10009765625,4708.10009765625,4700.39990234375,4700.39990234375,108
2026-03-20 03:05:00,4714.5,4715.5,4706.2001953125,4708.2001953125,261
2026-03-20 03:06:00,4715.5,4717.5,4713.10009765625,4714.7998046875,223
2026-03-20 03:07:00,4718.7001953125,4719.0,4715.0,4715.0,111
2026-03-20 03:08:00,4716.60009765625,4719.2001953125,4715.39990234375,4718.7001953125,49
2026-03-20 03:09:00,4716.7998046875,4717.39990234375,4713.7001953125,4715.39990234375,138
2026-03-20 03:10:00,4718.89990234375,4722.2001953125,4716.7998046875,4716.89990234375,109
2026-03-20 03:11:00,4721.7998046875,4725.0,4718.39990234375,4719.0,158
2026-03-20 03:12:00,4720.0,4723.2001953125,4719.39990234375,4721.0,104
2026-03-20 03:13:00,4718.39990234375,4719.39990234375,4716.89990234375,4718.89990234375,47
2026-03-20 03:14:00,4717.7998046875,4719.7998046875,4715.39990234375,4718.2001953125,68
2026-03-20 03:15:00,4719.0,4719.5,4717.10009765625,4717.7998046875,82
2026-03-20 03:16:00,4720.0,4720.0,4717.89990234375,4718.7001953125,48
2026-03-20 03:17:00,4730.5,4731.60009765625,4720.60009765625,4720.60009765625,227
2026-03-20 03:18:00,4735.0,4735.7998046875,4730.7001953125,4730.7998046875,327
2026-03-20 03:19:00,4733.0,4736.60009765625,4732.89990234375,4735.39990234375,159
2026-03-20 03:20:00,4730.89990234375,4736.39990234375,4729.0,4733.7998046875,165
2026-03-20 03:21:00,4732.7001953125,4732.7998046875,4729.5,4730.10009765625,62
2026-03-20 03:22:00,4733.7001953125,4734.39990234375,4728.7998046875,4732.10009765625,170
2026-03-20 03:23:00,4733.7001953125,4734.5,4732.0,4733.89990234375,72
2026-03-20 03:24:00,4732.2001953125,4735.2998046875,4731.2998046875,4734.0,109
2026-03-20 03:25:00,4733.2001953125,4733.89990234375,4731.39990234375,4732.10009765625,74
2026-03-20 03:26:00,4735.39990234375,4736.7001953125,4732.7998046875,4733.60009765625,81
2026-03-20 03:27:00,4733.5,4737.10009765625,4731.0,4735.5,227
2026-03-20 03:28:00,4734.5,4736.60009765625,4732.2001953125,4732.89990234375,107
2026-03-20 03:29:00,4734.60009765625,4736.0,4734.2001953125,4735.0,93
2026-03-20 03:30:00,4734.2998046875,4738.2001953125,4733.89990234375,4734.7998046875,151
2026-03-20 03:31:00,4732.0,4735.10009765625,4732.0,4733.89990234375,64
2026-03-20 03:32:00,4729.0,4732.2001953125,4728.60009765625,4732.0,119
2026-03-20 03:33:00,4731.7001953125,4732.0,4729.10009765625,4729.39990234375,72
2026-03-20 03:34:00,4734.39990234375,4735.89990234375,4731.89990234375,4732.60009765625,105
2026-03-20 03:35:00,4732.60009765625,4734.2001953125,4731.7001953125,4734.2001953125,54
2026-03-20 03:36:00,4731.7998046875,4734.2998046875,4731.7998046875,4732.2998046875,34
2026-03-20 03:37:00,4732.7001953125,4733.5,4732.0,4732.0,16
2026-03-20 03:38:00,4729.2998046875,4733.5,4729.10009765625,4732.7998046875,61
2026-03-20 03:39:00,4732.5,4732.60009765625,4728.5,4729.2001953125,42
2026-03-20 03:40:00,4734.2001953125,4734.89990234375,4730.39990234375,4732.2001953125,58
2026-03-20 03:41:00,4732.2998046875,4735.5,4732.2998046875,4734.7998046875,80
2026-03-20 03:42:00,4733.7998046875,4733.7998046875,4730.7998046875,4731.5,37
2026-03-20 03:43:00,4732.2998046875,4733.5,4732.0,4733.10009765625,25
2026-03-20 03:44:00,4731.2001953125,4732.7998046875,4731.10009765625,4732.7001953125,38
2026-03-20 03:45:00,4729.60009765625,4730.89990234375,4728.7998046875,4730.7998046875,80
2026-03-20 03:46:00,4726.5,4729.89990234375,4726.39990234375,4728.89990234375,105
2026-03-20 03:47:00,4726.10009765625,4727.7998046875,4725.10009765625,4727.10009765625,244
2026-03-20 03:48:00,4727.10009765625,4727.7001953125,4725.2998046875,4725.89990234375,80
2026-03-20 03:49:00,4725.2001953125,4727.2998046875,4724.60009765625,4727.2998046875,42
2026-03-20 03:50:00,4723.2998046875,4726.0,4722.7998046875,4725.5,129
2026-03-20 03:51:00,4725.2001953125,4725.5,4722.10009765625,4722.89990234375,90
2026-03-20 03:52:00,4728.2998046875,4728.39990234375,4723.89990234375,4725.5,80
2026-03-20 03:53:00,4725.39990234375,4727.89990234375,4724.39990234375,4727.89990234375,57
2026-03-20 03:54:00,4725.10009765625,4725.10009765625,4724.39990234375,4724.39990234375,14
2026-03-20 03:55:00,4727.89990234375,4728.7001953125,4725.10009765625,4725.10009765625,39
2026-03-20 03:56:00,4726.2998046875,4728.60009765625,4725.7998046875,4728.5,33
2026-03-20 03:57:00,4726.39990234375,4726.7001953125,4726.0,4726.39990234375,14
2026-03-20 03:58:00,4725.2001953125,4727.5,4724.89990234375,4726.7001953125,30
2026-03-20 04:00:00,4724.7998046875,4727.2998046875,4724.7998046875,4726.2998046875,40
2026-03-20 04:01:00,4727.60009765625,4727.7998046875,4724.2998046875,4724.7998046875,55
2026-03-20 04:02:00,4727.2001953125,4728.0,4726.60009765625,4727.2998046875,31
2026-03-20 04:03:00,4724.2998046875,4727.5,4723.60009765625,4727.5,47
2026-03-20 04:04:00,4723.5,4724.39990234375,4723.5,4724.2001953125,26
2026-03-20 04:05:00,4723.7998046875,4725.0,4723.60009765625,4724.39990234375,26
2026-03-20 04:06:00,4721.2001953125,4724.7001953125,4721.2001953125,4723.89990234375,50
2026-03-20 04:07:00,4720.0,4721.10009765625,4718.10009765625,4721.0,212
2026-03-20 04:08:00,4720.7998046875,4721.7001953125,4720.2001953125,4721.2001953125,30
2026-03-20 04:09:00,4718.60009765625,4721.0,4718.0,4720.7998046875,103
2026-03-20 04:10:00,4720.0,4720.0,4718.5,4719.39990234375,65
2026-03-20 04:11:00,4720.10009765625,4721.10009765625,4719.0,4720.39990234375,61
2026-03-20 04:12:00,4718.7998046875,4721.2001953125,4718.2998046875,4721.0,55
2026-03-20 04:13:00,4719.10009765625,4719.5,4718.7001953125,4719.5,15
2026-03-20 04:14:00,4719.39990234375,4719.39990234375,4717.60009765625,4718.2998046875,23
2026-03-20 04:15:00,4722.0,4722.0,4719.7001953125,4719.7998046875,35
2026-03-20 04:16:00,4721.39990234375,4722.7001953125,4721.2001953125,4722.39990234375,26
2026-03-20 04:17:00,4719.5,4721.7001953125,4719.10009765625,4721.39990234375,28
2026-03-20 04:18:00,4720.89990234375,4721.2001953125,4719.89990234375,4719.89990234375,7
2026-03-20 04:19:00,4719.89990234375,4721.39990234375,4719.89990234375,4720.7998046875,24
2026-03-20 04:20:00,4720.39990234375,4721.7001953125,4719.0,4719.2001953125,45
2026-03-20 04:21:00,4720.10009765625,4721.10009765625,4720.0,4720.39990234375,39
2026-03-20 04:22:00,4721.2001953125,4722.7001953125,4720.10009765625,4720.2998046875,71
2026-03-20 04:23:00,4721.10009765625,4721.7998046875,4720.5,4721.2001953125,31
2026-03-20 04:24:00,4721.10009765625,4721.39990234375,4720.39990234375,4720.89990234375,13
2026-03-20 04:25:00,4723.0,4723.39990234375,4721.10009765625,4721.10009765625,35
2026-03-20 04:26:00,4723.5,4724.10009765625,4722.0,4723.2001953125,95
2026-03-20 04:27:00,4723.7998046875,4724.60009765625,4723.39990234375,4723.39990234375,57
2026-03-20 04:28:00,4722.5,4723.7998046875,4720.7001953125,4723.7998046875,48
2026-03-20 04:29:00,4723.60009765625,4723.60009765625,4721.10009765625,4722.2001953125,42
2026-03-20 04:30:00,4724.5,4725.2001953125,4723.7998046875,4723.7998046875,33
2026-03-20 04:31:00,4725.39990234375,4726.5,4724.39990234375,4724.89990234375,39
2026-03-20 04:32:00,4724.10009765625,4725.2001953125,4722.7998046875,4725.10009765625,45
2026-03-20 04:33:00,4723.7998046875,4725.89990234375,4723.7001953125,4723.7001953125,67
2026-03-20 04:34:00,4724.89990234375,4725.0,4724.0,4724.2998046875,18
2026-03-20 04:35:00,4724.2998046875,4725.2001953125,4724.2998046875,4725.2001953125,6
2026-03-20 04:36:00,4726.0,4726.60009765625,4724.89990234375,4724.89990234375,37
2026-03-20 04:37:00,4724.60009765625,4726.10009765625,4724.60009765625,4725.60009765625,27
2026-03-20 04:38:00,4725.60009765625,4725.89990234375,4725.5,4725.7998046875,9
2026-03-20 04:39:00,4726.60009765625,4726.7998046875,4726.0,4726.0,33
2026-03-20 04:40:00,4726.10009765625,4727.10009765625,4725.2001953125,4726.0,77
2026-03-20 04:41:00,4725.39990234375,4725.89990234375,4724.2998046875,4725.2998046875,76
2026-03-20 04:42:00,4720.0,4725.5,4720.0,4725.5,119
2026-03-20 04:43:00,4719.10009765625,4720.7001953125,4718.39990234375,4719.89990234375,73
2026-03-20 04:44:00,4720.5,4722.7001953125,4719.89990234375,4719.89990234375,83
2026-03-20 04:45:00,4719.0,4719.89990234375,4718.0,4719.89990234375,37
2026-03-20 04:46:00,4719.0,4719.89990234375,4719.0,4719.39990234375,26
2026-03-20 04:47:00,4715.7998046875,4719.7001953125,4715.60009765625,4719.5,71
2026-03-20 04:48:00,4718.7998046875,4719.39990234375,4715.5,4715.89990234375,48
2026-03-20 04:49:00,4718.2001953125,4719.2001953125,4717.7001953125,4718.60009765625,38
2026-03-20 04:50:00,4720.0,4720.0,4718.7001953125,4718.7001953125,31
2026-03-20 04:51:00,4718.5,4719.60009765625,4718.2001953125,4719.39990234375,13
2026-03-20 04:52:00,4719.0,4719.2001953125,4718.2001953125,4718.7998046875,50
2026-03-20 04:53:00,4722.2998046875,4722.7998046875,4719.7998046875,4719.7998046875,42
2026-03-20 04:54:00,4722.7998046875,4723.0,4722.2001953125,4722.5,18
2026-03-20 04:55:00,4722.10009765625,4722.89990234375,4721.89990234375,4722.89990234375,11
2026-03-20 04:56:00,4721.5,4722.2998046875,4721.39990234375,4722.2998046875,12
2026-03-20 04:57:00,4721.7998046875,4721.89990234375,4720.89990234375,4721.39990234375,9
2026-03-20 04:58:00,4721.60009765625,4721.60009765625,4721.0,4721.0,20
2026-03-20 04:59:00,4722.0,4722.2001953125,4720.2001953125,4720.5,65
2026-03-20 05:00:00,4721.2001953125,4722.2998046875,4719.89990234375,4722.0,76
2026-03-20 05:01:00,4716.39990234375,4720.89990234375,4715.89990234375,4720.89990234375,129
2026-03-20 05:02:00,4714.0,4718.2001953125,4713.0,4716.7001953125,137
2026-03-20 05:03:00,4712.10009765625,4716.39990234375,4711.89990234375,4714.2001953125,88
2026-03-20 05:04:00,4713.2001953125,4714.0,4711.0,4712.5,93
2026-03-20 05:05:00,4712.60009765625,4714.0,4711.2001953125,4712.60009765625,62
2026-03-20 05:06:00,4712.39990234375,4712.60009765625,4711.0,4712.60009765625,47
2026-03-20 05:07:00,4712.7001953125,4713.0,4711.0,4712.7998046875,46
2026-03-20 05:08:00,4713.2001953125,4713.5,4711.89990234375,4712.7001953125,52
2026-03-20 05:09:00,4714.10009765625,4714.7001953125,4713.2001953125,4713.2998046875,35
2026-03-20 05:10:00,4712.89990234375,4714.7001953125,4712.7001953125,4713.10009765625,25
2026-03-20 05:11:00,4714.2001953125,4714.2001953125,4713.0,4713.39990234375,17
2026-03-20 05:12:00,4714.89990234375,4715.10009765625,4714.2998046875,4714.2998046875,44
2026-03-20 05:13:00,4717.0,4717.5,4713.89990234375,4714.10009765625,69
2026-03-20 05:14:00,4718.2001953125,4718.60009765625,4716.89990234375,4717.0,15
2026-03-20 05:15:00,4721.89990234375,4721.89990234375,4718.2998046875,4719.0,48
2026-03-20 05:16:00,4721.0,4723.5,4720.39990234375,4722.2001953125,49
2026-03-20 05:17:00,4719.39990234375,4720.89990234375,4719.0,4720.89990234375,47
2026-03-20 05:18:00,4718.2001953125,4719.7001953125,4717.7001953125,4719.7001953125,35
2026-03-20 05:19:00,4721.2001953125,4721.2001953125,4717.7998046875,4717.7998046875,39
2026-03-20 05:20:00,4720.89990234375,4721.7001953125,4720.89990234375,4721.10009765625,24
2026-03-20 05:21:00,4719.7998046875,4722.2998046875,4719.7998046875,4721.0,37
2026-03-20 05:22:00,4721.0,4721.0,4720.10009765625,4720.2001953125,53
2026-03-20 05:23:00,4723.60009765625,4724.10009765625,4720.2998046875,4720.60009765625,73
2026-03-20 05:24:00,4722.5,4724.0,4722.5,4722.7001953125,15
2026-03-20 05:25:00,4721.0,4722.2998046875,4720.2998046875,4722.2998046875,51
2026-03-20 05:26:00,4721.2998046875,4721.5,4721.0,4721.2001953125,16
2026-03-20 05:27:00,4721.39990234375,4722.7998046875,4720.89990234375,4720.89990234375,49
2026-03-20 05:28:00,4719.7998046875,4720.89990234375,4719.5,4720.89990234375,59
2026-03-20 05:29:00,4720.39990234375,4720.39990234375,4719.7998046875,4720.2998046875,13
2026-03-20 05:30:00,4713.0,4720.39990234375,4711.39990234375,4719.89990234375,203
2026-03-20 05:31:00,4708.60009765625,4713.10009765625,4706.5,4713.10009765625,162
2026-03-20 05:32:00,4707.60009765625,4709.39990234375,4705.2998046875,4708.89990234375,126
2026-03-20 05:33:00,4705.7001953125,4707.60009765625,4703.2998046875,4707.60009765625,136
2026-03-20 05:34:00,4703.2001953125,4705.89990234375,4702.5,4705.5,149
2026-03-20 05:35:00,4706.89990234375,4708.60009765625,4702.39990234375,4703.2998046875,142
2026-03-20 05:36:00,4705.39990234375,4706.7001953125,4704.39990234375,4706.7001953125,44
2026-03-20 05:37:00,4707.7001953125,4708.39990234375,4704.60009765625,4705.39990234375,44
2026-03-20 05:38:00,4713.60009765625,4713.7001953125,4708.39990234375,4708.39990234375,146
2026-03-20 05:39:00,4713.89990234375,4715.2001953125,4713.5,4713.89990234375,55
2026-03-20 05:40:00,4715.89990234375,4718.7998046875,4713.39990234375,4714.10009765625,79
2026-03-20 05:41:00,4712.7998046875,4716.10009765625,4711.5,4715.7998046875,104
2026-03-20 05:42:00,4710.39990234375,4713.5,4709.2001953125,4712.10009765625,108
2026-03-20 05:43:00,4707.60009765625,4711.2001953125,4707.10009765625,4711.10009765625,117
2026-03-20 05:44:00,4710.39990234375,4710.5,4706.2998046875,4707.89990234375,193
2026-03-20 05:45:00,4708.89990234375,4711.7998046875,4708.7998046875,4711.5,106
2026-03-20 05:46:00,4707.60009765625,4710.0,4706.2001953125,4708.89990234375,82
2026-03-20 05:47:00,4702.2998046875,4708.0,4701.0,4707.60009765625,223
2026-03-20 05:48:00,4700.5,4703.2998046875,4699.89990234375,4702.39990234375,93
2026-03-20 05:49:00,4702.0,4702.10009765625,4698.7001953125,4700.10009765625,89
2026-03-20 05:50:00,4705.5,4707.2998046875,4700.39990234375,4702.0,211
2026-03-20 05:51:00,4703.2998046875,4705.2001953125,4701.2001953125,4705.10009765625,156
2026-03-20 05:52:00,4699.0,4703.7998046875,4699.0,4703.2001953125,40
2026-03-20 05:53:00,4697.5,4700.7001953125,4697.2001953125,4698.2998046875,110
2026-03-20 05:54:00,4695.39990234375,4698.60009765625,4694.89990234375,4698.0,168
2026-03-20 05:55:00,4695.7998046875,4696.5,4692.60009765625,4694.7001953125,194
2026-03-20 05:56:00,4696.89990234375,4699.7001953125,4695.89990234375,4695.89990234375,76
2026-03-20 05:57:00,4690.7001953125,4696.39990234375,4688.7998046875,4696.39990234375,225
2026-03-20 05:58:00,4688.7001953125,4691.2001953125,4687.89990234375,4690.7998046875,123
2026-03-20 05:59:00,4689.89990234375,4690.39990234375,4686.7998046875,4688.89990234375,248
2026-03-20 06:00:00,4692.5,4693.2998046875,4688.10009765625,4690.0,229
2026-03-20 06:01:00,4693.7998046875,4694.60009765625,4690.7001953125,4691.7998046875,99
2026-03-20 06:02:00,4696.7998046875,4697.7001953125,4693.10009765625,4693.39990234375,110
2026-03-20 06:03:00,4701.7998046875,4701.7998046875,4698.0,4698.0,76
2026-03-20 06:04:00,4696.2001953125,4702.60009765625,4695.60009765625,4701.7998046875,53
2026-03-20 06:05:00,4697.0,4698.39990234375,4695.60009765625,4696.10009765625,54
2026-03-20 06:06:00,4695.39990234375,4697.7001953125,4695.39990234375,4696.39990234375,47
2026-03-20 06:07:00,4697.89990234375,4697.89990234375,4694.5,4696.2001953125,47
2026-03-20 06:08:00,4694.2001953125,4697.5,4693.2001953125,4697.5,45
2026-03-20 06:09:00,4690.5,4696.2001953125,4690.5,4695.39990234375,76
2026-03-20 06:10:00,4687.7998046875,4691.10009765625,4687.10009765625,4690.2001953125,160
2026-03-20 06:11:00,4687.89990234375,4689.5,4686.0,4687.89990234375,78
2026-03-20 06:12:00,4694.2001953125,4694.2001953125,4686.7998046875,4687.89990234375,243
2026-03-20 06:13:00,4691.5,4695.7001953125,4691.2001953125,4694.39990234375,84
2026-03-20 06:14:00,4692.60009765625,4693.10009765625,4690.2998046875,4691.89990234375,67
2026-03-20 06:15:00,4696.2998046875,4696.2998046875,4692.0,4692.0,45
2026-03-20 06:16:00,4693.2998046875,4697.10009765625,4692.2001953125,4696.10009765625,89
2026-03-20 06:17:00,4687.89990234375,4693.89990234375,4687.89990234375,4693.89990234375,89
2026-03-20 06:18:00,4689.7001953125,4692.39990234375,4687.89990234375,4688.0,121
2026-03-20 06:19:00,4690.10009765625,4690.7998046875,4688.10009765625,4690.10009765625,123
2026-03-20 06:20:00,4690.0,4690.10009765625,4688.5,4690.0,112
2026-03-20 06:21:00,4688.7001953125,4689.7998046875,4685.10009765625,4689.10009765625,168
2026-03-20 06:22:00,4692.5,4694.39990234375,4689.0,4690.0,169
2026-03-20 06:23:00,4689.0,4693.60009765625,4688.89990234375,4692.5,39
2026-03-20 06:24:00,4691.7001953125,4692.60009765625,4687.89990234375,4688.60009765625,50
2026-03-20 06:25:00,4690.0,4692.5,4688.5,4691.0,94
2026-03-20 06:26:00,4688.89990234375,4691.5,4688.5,4691.0,52
2026-03-20 06:27:00,4684.7998046875,4689.5,4681.89990234375,4689.0,179
2026-03-20 06:28:00,4682.7998046875,4683.60009765625,4681.2001953125,4683.60009765625,130
2026-03-20 06:29:00,4689.2001953125,4689.5,4682.7001953125,4682.7998046875,184
2026-03-20 06:30:00,4685.60009765625,4690.7001953125,4685.0,4689.39990234375,108
2026-03-20 06:31:00,4681.7001953125,4685.7001953125,4681.10009765625,4685.7001953125,68
2026-03-20 06:32:00,4682.0,4684.2998046875,4679.7001953125,4681.2998046875,79
2026-03-20 06:33:00,4683.7998046875,4684.2001953125,4678.2998046875,4681.5,124
2026-03-20 06:34:00,4686.60009765625,4687.60009765625,4682.89990234375,4683.7998046875,204
2026-03-20 06:35:00,4683.10009765625,4686.7001953125,4681.89990234375,4686.39990234375,84
2026-03-20 06:36:00,4678.7001953125,4681.60009765625,4677.60009765625,4681.5,114
2026-03-20 06:37:00,4678.5,4681.2001953125,4677.2998046875,4679.10009765625,113
2026-03-20 06:38:00,4672.7998046875,4678.2998046875,4670.2998046875,4678.2998046875,316
2026-03-20 06:39:00,4669.0,4672.7998046875,4668.10009765625,4671.89990234375,220
2026-03-20 06:40:00,4667.5,4669.7001953125,4666.10009765625,4668.7998046875,195
2026-03-20 06:41:00,4666.2001953125,4669.0,4665.2001953125,4666.89990234375,126
2026-03-20 06:42:00,4665.0,4665.89990234375,4661.60009765625,4665.89990234375,242
2026-03-20 06:43:00,4667.60009765625,4671.0,4664.39990234375,4665.39990234375,171
2026-03-20 06:44:00,4666.39990234375,4668.2998046875,4666.10009765625,4667.7001953125,69
2026-03-20 06:45:00,4671.7998046875,4671.7998046875,4665.89990234375,4666.2998046875,98
2026-03-20 06:46:00,4675.7998046875,4676.5,4672.10009765625,4672.2998046875,292
2026-03-20 06:47:00,4671.10009765625,4675.5,4670.7998046875,4675.2001953125,186
2026-03-20 06:48:00,4665.7998046875,4671.2001953125,4663.10009765625,4671.0,192
2026-03-20 06:49:00,4668.60009765625,4668.60009765625,4663.2998046875,4665.5,93
2026-03-20 06:50:00,4672.2998046875,4672.2998046875,4669.10009765625,4669.10009765625,53
2026-03-20 06:51:00,4669.0,4673.0,4668.7001953125,4673.0,52
2026-03-20 06:52:00,4670.2998046875,4671.60009765625,4668.2998046875,4669.2001953125,65
2026-03-20 06:53:00,4669.2001953125,4673.0,4667.2998046875,4670.2001953125,204
2026-03-20 06:54:00,4668.5,4670.0,4668.2001953125,4668.7998046875,80
2026-03-20 06:55:00,4669.89990234375,4670.10009765625,4666.2998046875,4668.39990234375,123
2026-03-20 06:56:00,4668.7998046875,4670.2998046875,4668.2001953125,4670.2001953125,79
2026-03-20 06:57:00,4667.5,4670.2001953125,4666.5,4669.0,128
2026-03-20 06:58:00,4669.5,4670.2998046875,4667.39990234375,4667.39990234375,66
2026-03-20 06:59:00,4670.2998046875,4670.7998046875,4669.10009765625,4669.10009765625,75
2026-03-20 07:00:00,4675.7001953125,4676.2001953125,4668.7998046875,4669.89990234375,429
2026-03-20 07:01:00,4676.0,4677.60009765625,4675.0,4675.39990234375,152
2026-03-20 07:02:00,4677.5,4677.5,4673.39990234375,4676.2001953125,165
2026-03-20 07:03:00,4676.2001953125,4679.0,4674.60009765625,4677.10009765625,170
2026-03-20 07:04:00,4676.2001953125,4678.2001953125,4674.39990234375,4676.0,88
2026-03-20 07:05:00,4674.0,4675.5,4671.60009765625,4674.7998046875,176
2026-03-20 07:06:00,4673.2998046875,4674.89990234375,4672.60009765625,4674.0,171
2026-03-20 07:07:00,4679.39990234375,4679.7001953125,4672.0,4673.10009765625,118
2026-03-20 07:08:00,4684.7001953125,4685.2998046875,4679.2998046875,4679.39990234375,137
2026-03-20 07:09:00,4682.89990234375,4685.0,4682.0,4684.2998046875,222
2026-03-20 07:10:00,4678.5,4682.7998046875,4678.5,4682.7998046875,144
2026-03-20 07:11:00,4682.10009765625,4682.2001953125,4678.0,4678.5,63
2026-03-20 07:12:00,4677.2998046875,4682.39990234375,4676.2998046875,4682.2001953125,121
2026-03-20 07:13:00,4677.89990234375,4678.5,4676.7001953125,4676.7998046875,77
2026-03-20 07:14:00,4680.2998046875,4680.2998046875,4677.60009765625,4677.60009765625,43
2026-03-20 07:15:00,4679.5,4682.7001953125,4679.10009765625,4679.89990234375,111
2026-03-20 07:16:00,4679.39990234375,4680.39990234375,4678.7001953125,4680.39990234375,23
2026-03-20 07:17:00,4682.89990234375,4682.89990234375,4677.10009765625,4679.0,81
2026-03-20 07:18:00,4681.0,4683.10009765625,4680.0,4682.2001953125,81
2026-03-20 07:19:00,4681.0,4681.7001953125,4680.5,4681.2998046875,52
2026-03-20 07:20:00,4682.60009765625,4682.60009765625,4680.7001953125,4681.2998046875,34
2026-03-20 07:21:00,4685.7001953125,4685.7998046875,4682.7998046875,4682.7998046875,95
2026-03-20 07:22:00,4684.0,4687.89990234375,4684.0,4685.5,129
2026-03-20 07:23:00,4685.2001953125,4686.7998046875,4681.89990234375,4683.7998046875,125
2026-03-20 07:24:00,4685.60009765625,4687.5,4684.7998046875,4685.2001953125,99
2026-03-20 07:25:00,4687.89990234375,4687.89990234375,4685.0,4685.60009765625,78
2026-03-20 07:26:00,4686.39990234375,4688.39990234375,4685.5,4688.0,98
2026-03-20 07:27:00,4686.89990234375,4688.2001953125,4686.39990234375,4686.5,49
2026-03-20 07:28:00,4688.2998046875,4689.7998046875,4687.2001953125,4687.39990234375,63
2026-03-20 07:29:00,4689.0,4689.2998046875,4687.2001953125,4688.2001953125,77
2026-03-20 07:30:00,4687.89990234375,4690.2998046875,4687.89990234375,4689.0,54
2026-03-20 07:31:00,4688.2998046875,4689.7001953125,4687.39990234375,4687.7998046875,96
2026-03-20 07:32:00,4687.2998046875,4688.2001953125,4686.2001953125,4688.10009765625,159
2026-03-20 07:33:00,4688.7001953125,4689.10009765625,4686.89990234375,4686.89990234375,36
2026-03-20 07:34:00,4687.2001953125,4689.0,4686.5,4688.89990234375,58
2026-03-20 07:35:00,4690.39990234375,4690.39990234375,4687.0,4687.7998046875,78
2026-03-20 07:36:00,4691.2998046875,4691.2998046875,4689.39990234375,4690.5,110
2026-03-20 07:37:00,4693.2001953125,4693.2998046875,4690.5,4691.60009765625,143
2026-03-20 07:38:00,4694.0,4694.39990234375,4692.7998046875,4692.89990234375,102
2026-03-20 07:39:00,4694.0,4696.2001953125,4693.60009765625,4694.0,154
2026-03-20 07:40:00,4695.10009765625,4696.0,4694.2001953125,4694.39990234375,74
2026-03-20 07:41:00,4697.60009765625,4698.10009765625,4694.0,4695.10009765625,98
2026-03-20 07:42:00,4698.0,4699.10009765625,4697.10009765625,4697.2998046875,87
2026-03-20 07:43:00,4697.0,4699.10009765625,4696.10009765625,4698.2998046875,87
2026-03-20 07:44:00,4695.2001953125,4697.2998046875,4694.7001953125,4696.60009765625,79
2026-03-20 07:45:00,4699.0,4699.0,4695.39990234375,4695.39990234375,143
2026-03-20 07:46:00,4697.7001953125,4701.0,4696.7998046875,4699.2001953125,181
2026-03-20 07:47:00,4698.89990234375,4699.2998046875,4697.0,4697.39990234375,64
2026-03-20 07:48:00,4698.7998046875,4699.10009765625,4697.7001953125,4698.60009765625,78
2026-03-20 07:49:00,4699.0,4699.2001953125,4697.39990234375,4699.0,63
2026-03-20 07:50:00,4699.5,4699.5,4697.2001953125,4698.60009765625,88
2026-03-20 07:51:00,4698.7001953125,4699.89990234375,4697.89990234375,4699.7001953125,61
2026-03-20 07:52:00,4698.89990234375,4699.2998046875,4697.39990234375,4698.2001953125,30
2026-03-20 07:53:00,4700.7998046875,4700.7998046875,4697.39990234375,4698.2998046875,73
2026-03-20 07:54:00,4698.5,4701.7998046875,4698.10009765625,4700.5,140
2026-03-20 07:55:00,4702.10009765625,4702.5,4698.7001953125,4698.7001953125,88
2026-03-20 07:56:00,4704.7998046875,4704.89990234375,4702.2001953125,4702.39990234375,124
2026-03-20 07:57:00,4706.89990234375,4707.60009765625,4704.2001953125,4704.89990234375,277
2026-03-20 07:58:00,4708.0,4709.0,4706.60009765625,4706.60009765625,325
2026-03-20 07:59:00,4707.2001953125,4708.60009765625,4705.89990234375,4708.2001953125,147
2026-03-20 08:00:00,4705.7001953125,4707.7998046875,4704.2001953125,4707.7001953125,252
2026-03-20 08:01:00,4704.2001953125,4706.5,4702.89990234375,4705.7998046875,106
2026-03-20 08:02:00,4705.5,4706.2998046875,4703.89990234375,4704.39990234375,104
2026-03-20 08:03:00,4706.7001953125,4707.10009765625,4703.7998046875,4705.60009765625,219
2026-03-20 08:04:00,4705.89990234375,4707.7001953125,4705.7998046875,4706.5,78
2026-03-20 08:05:00,4707.7001953125,4708.39990234375,4705.0,4705.5,192
2026-03-20 08:06:00,4707.60009765625,4709.2001953125,4706.5,4708.0,159
2026-03-20 08:07:00,4709.10009765625,4711.89990234375,4707.2001953125,4707.2001953125,324
2026-03-20 08:08:00,4708.2001953125,4709.89990234375,4707.89990234375,4708.89990234375,99
2026-03-20 08:09:00,4709.2001953125,4709.2998046875,4707.5,4708.2001953125,254
2026-03-20 08:10:00,4712.10009765625,4712.5,4709.10009765625,4709.10009765625,119
2026-03-20 08:11:00,4717.5,4717.89990234375,4712.0,4712.5,146
2026-03-20 08:12:00,4715.89990234375,4717.2998046875,4715.2001953125,4717.2001953125,132
2026-03-20 08:13:00,4717.10009765625,4717.10009765625,4715.2998046875,4716.10009765625,99
2026-03-20 08:14:00,4717.0,4718.5,4716.60009765625,4716.7001953125,151
2026-03-20 08:15:00,4719.0,4719.39990234375,4716.7998046875,4716.7998046875,97
2026-03-20 08:16:00,4720.5,4720.89990234375,4718.7001953125,4719.39990234375,130
2026-03-20 08:17:00,4721.10009765625,4721.89990234375,4719.2998046875,4720.39990234375,122
2026-03-20 08:18:00,4723.7998046875,4723.7998046875,4721.0,4721.0,151
2026-03-20 08:19:00,4725.7998046875,4727.89990234375,4723.5,4723.7001953125,313
2026-03-20 08:20:00,4729.7001953125,4732.0,4724.10009765625,4725.89990234375,444
2026-03-20 08:21:00,4730.2998046875,4734.0,4729.0,4729.7998046875,333
2026-03-20 08:22:00,4727.7001953125,4730.7001953125,4725.7998046875,4730.2001953125,220
2026-03-20 08:23:00,4727.7001953125,4728.7998046875,4726.0,4727.2998046875,121
2026-03-20 08:24:00,4731.5,4732.2001953125,4727.2998046875,4727.60009765625,261
2026-03-20 08:25:00,4732.39990234375,4732.39990234375,4729.2001953125,4731.2998046875,285
2026-03-20 08:26:00,4735.60009765625,4736.2998046875,4731.39990234375,4731.7998046875,282
2026-03-20 08:27:00,4735.2998046875,4735.89990234375,4733.2998046875,4735.7998046875,217
2026-03-20 08:28:00,4726.5,4735.2998046875,4725.60009765625,4735.2998046875,249
2026-03-20 08:29:00,4724.10009765625,4726.5,4720.5,4726.5,548
2026-03-20 08:30:00,4717.10009765625,4724.39990234375,4716.89990234375,4724.2998046875,430
2026-03-20 08:31:00,4713.2998046875,4717.60009765625,4713.0,4716.7998046875,193
2026-03-20 08:32:00,4709.7001953125,4713.5,4708.2998046875,4713.2001953125,264
2026-03-20 08:33:00,4707.60009765625,4711.89990234375,4702.2998046875,4709.60009765625,776
2026-03-20 08:34:00,4709.7001953125,4709.89990234375,4706.39990234375,4707.5,84
2026-03-20 08:35:00,4707.89990234375,4710.7001953125,4706.5,4710.0,107
2026-03-20 08:36:00,4706.89990234375,4708.89990234375,4705.7001953125,4708.0,183
2026-03-20 08:37:00,4707.39990234375,4707.5,4704.60009765625,4705.89990234375,97
2026-03-20 08:38:00,4702.10009765625,4708.0,4700.7001953125,4708.0,103
2026-03-20 08:39:00,4705.89990234375,4706.2998046875,4701.2001953125,4703.2998046875,95
2026-03-20 08:40:00,4708.60009765625,4710.0,4705.89990234375,4705.89990234375,80
2026-03-20 08:41:00,4706.7998046875,4710.2998046875,4706.7001953125,4708.10009765625,117
2026-03-20 08:42:00,4705.7998046875,4708.2001953125,4705.2001953125,4707.2001953125,64
2026-03-20 08:43:00,4708.7001953125,4708.7998046875,4704.2998046875,4705.5,184
2026-03-20 08:44:00,4709.2001953125,4711.39990234375,4708.60009765625,4708.89990234375,258
2026-03-20 08:45:00,4694.7001953125,4710.0,4694.0,4709.2001953125,593
2026-03-20 08:46:00,4696.39990234375,4699.60009765625,4694.7001953125,4694.7001953125,99
2026-03-20 08:47:00,4696.89990234375,4698.5,4693.7998046875,4697.10009765625,94
2026-03-20 08:48:00,4697.10009765625,4698.2998046875,4696.10009765625,4697.2998046875,49
2026-03-20 08:49:00,4696.89990234375,4698.39990234375,4695.89990234375,4697.10009765625,52
2026-03-20 08:50:00,4699.89990234375,4699.89990234375,4696.60009765625,4697.89990234375,75
2026-03-20 08:51:00,4693.10009765625,4701.2001953125,4692.2998046875,4699.2001953125,209
2026-03-20 08:52:00,4695.7001953125,4697.60009765625,4693.0,4693.7001953125,171
2026-03-20 08:53:00,4695.2001953125,4697.2001953125,4693.7998046875,4696.2998046875,56
2026-03-20 08:54:00,4693.89990234375,4695.7998046875,4689.0,4695.10009765625,105
2026-03-20 08:55:00,4690.89990234375,4693.89990234375,4688.60009765625,4693.2998046875,87
2026-03-20 08:56:00,4691.7001953125,4692.0,4685.2001953125,4690.7998046875,309
2026-03-20 08:57:00,4696.60009765625,4696.7998046875,4692.2998046875,4692.2998046875,191
2026-03-20 08:58:00,4691.60009765625,4696.10009765625,4691.60009765625,4696.0,111
2026-03-20 08:59:00,4695.10009765625,4695.2001953125,4691.2998046875,4693.10009765625,100
2026-03-20 09:00:00,4694.39990234375,4697.7998046875,4693.0,4694.5,146
2026-03-20 09:01:00,4694.39990234375,4696.10009765625,4691.5,4695.60009765625,74
2026-03-20 09:02:00,4691.39990234375,4694.39990234375,4691.10009765625,4694.39990234375,36
2026-03-20 09:03:00,4687.2998046875,4692.39990234375,4687.10009765625,4691.7998046875,135
2026-03-20 09:04:00,4688.7001953125,4690.7998046875,4687.2001953125,4687.5,91
2026-03-20 09:05:00,4689.60009765625,4691.2001953125,4685.5,4688.39990234375,204
2026-03-20 09:06:00,4688.89990234375,4691.2001953125,4687.60009765625,4689.89990234375,196
2026-03-20 09:07:00,4694.10009765625,4694.10009765625,4688.7001953125,4688.7001953125,59
2026-03-20 09:08:00,4692.7998046875,4695.60009765625,4692.7998046875,4693.7998046875,69
2026-03-20 09:09:00,4695.0,4696.60009765625,4693.60009765625,4693.60009765625,76
2026-03-20 09:10:00,4698.2998046875,4699.0,4695.2001953125,4695.2001953125,88
2026-03-20 09:11:00,4699.0,4699.7001953125,4697.39990234375,4698.0,68
2026-03-20 09:12:00,4699.2998046875,4701.7998046875,4698.7998046875,4698.7998046875,106
2026-03-20 09:13:00,4698.2998046875,4701.2998046875,4698.2998046875,4699.5,87
2026-03-20 09:14:00,4695.10009765625,4698.0,4695.10009765625,4698.0,79
2026-03-20 09:15:00,4696.2998046875,4696.5,4695.10009765625,4695.10009765625,55
2026-03-20 09:16:00,4693.10009765625,4698.39990234375,4692.7998046875,4696.7001953125,184
2026-03-20 09:17:00,4695.39990234375,4695.89990234375,4694.10009765625,4694.10009765625,70
2026-03-20 09:18:00,4692.39990234375,4694.89990234375,4691.7998046875,4694.89990234375,82
2026-03-20 09:19:00,4689.2001953125,4693.2001953125,4689.0,4692.10009765625,101
2026-03-20 09:20:00,4690.0,4690.0,4688.2001953125,4689.2998046875,72
2026-03-20 09:21:00,4686.10009765625,4690.0,4686.10009765625,4689.39990234375,79
2026-03-20 09:22:00,4686.89990234375,4688.7001953125,4685.10009765625,4686.60009765625,163
2026-03-20 09:23:00,4690.10009765625,4691.10009765625,4686.2001953125,4687.2998046875,100
2026-03-20 09:24:00,4688.0,4689.7001953125,4687.0,4689.7001953125,51
2026-03-20 09:25:00,4692.7001953125,4693.0,4688.7001953125,4688.7001953125,50
2026-03-20 09:26:00,4693.60009765625,4694.0,4693.0,4693.39990234375,46
2026-03-20 09:27:00,4691.60009765625,4692.7001953125,4688.7998046875,4692.60009765625,122
2026-03-20 09:28:00,4691.89990234375,4692.60009765625,4691.10009765625,4692.10009765625,10
2026-03-20 09:29:00,4693.0,4694.5,4691.39990234375,4692.0,55
2026-03-20 09:30:00,4691.2001953125,4693.39990234375,4688.89990234375,4693.39990234375,249
2026-03-20 09:31:00,4688.10009765625,4692.2001953125,4687.5,4691.2998046875,105
2026-03-20 09:32:00,4687.89990234375,4689.2001953125,4686.39990234375,4688.2001953125,151
2026-03-20 09:33:00,4682.7001953125,4688.89990234375,4682.39990234375,4687.7998046875,86
2026-03-20 09:34:00,4679.5,4682.7001953125,4679.0,4682.0,211
2026-03-20 09:35:00,4680.89990234375,4681.10009765625,4678.10009765625,4679.5,86
2026-03-20 09:36:00,4679.60009765625,4681.2998046875,4678.5,4681.10009765625,62
2026-03-20 09:37:00,4684.2001953125,4684.5,4680.0,4680.0,96
2026-03-20 09:38:00,4683.89990234375,4684.60009765625,4683.5,4683.89990234375,44
2026-03-20 09:39:00,4682.10009765625,4684.5,4681.5,4684.2001953125,65
2026-03-20 09:40:00,4676.0,4681.7998046875,4674.7998046875,4681.7998046875,193
2026-03-20 09:41:00,4675.2001953125,4677.2998046875,4674.60009765625,4676.2001953125,86
2026-03-20 09:42:00,4677.0,4677.0,4674.7001953125,4675.0,75
2026-03-20 09:43:00,4676.5,4677.0,4674.60009765625,4676.7998046875,88
2026-03-20 09:44:00,4674.2001953125,4677.0,4671.7998046875,4676.39990234375,166
2026-03-20 09:45:00,4674.89990234375,4675.7998046875,4672.7998046875,4674.2998046875,170
2026-03-20 09:46:00,4671.7001953125,4674.39990234375,4669.2001953125,4674.39990234375,234
2026-03-20 09:47:00,4667.7001953125,4673.5,4666.7001953125,4672.2001953125,323
2026-03-20 09:48:00,4670.10009765625,4672.2998046875,4667.2001953125,4668.10009765625,185
2026-03-20 09:49:00,4673.60009765625,4675.2001953125,4670.2001953125,4670.2001953125,184
2026-03-20 09:50:00,4674.2001953125,4678.7001953125,4673.5,4673.7998046875,99
2026-03-20 09:51:00,4673.2001953125,4674.5,4671.10009765625,4674.0,108
2026-03-20 09:52:00,4672.39990234375,4673.7001953125,4668.5,4672.39990234375,241
2026-03-20 09:53:00,4667.60009765625,4673.10009765625,4664.5,4672.0,252
2026-03-20 09:54:00,4663.89990234375,4666.7001953125,4663.5,4666.7001953125,232
2026-03-20 09:55:00,4669.7001953125,4669.7001953125,4663.60009765625,4663.89990234375,144
2026-03-20 09:56:00,4667.7998046875,4670.0,4666.2001953125,4669.60009765625,101
2026-03-20 09:57:00,4665.89990234375,4669.10009765625,4665.39990234375,4667.7998046875,77
2026-03-20 09:58:00,4664.2001953125,4665.89990234375,4660.5,4665.7001953125,199
2026-03-20 09:59:00,4668.39990234375,4669.10009765625,4663.89990234375,4664.7998046875,117
2026-03-20 10:00:00,4665.7001953125,4670.10009765625,4665.0,4668.2998046875,89
2026-03-20 10:01:00,4656.10009765625,4665.60009765625,4653.60009765625,4665.60009765625,327
2026-03-20 10:02:00,4659.89990234375,4660.5,4655.2001953125,4656.39990234375,196
2026-03-20 10:03:00,4656.5,4662.39990234375,4656.39990234375,4660.2001953125,105
2026-03-20 10:04:00,4654.0,4657.89990234375,4652.7998046875,4656.0,224
2026-03-20 10:05:00,4664.0,4664.5,4653.89990234375,4654.0,525
2026-03-20 10:06:00,4668.2998046875,4669.39990234375,4662.2998046875,4662.60009765625,453
2026-03-20 10:07:00,4661.7998046875,4668.10009765625,4661.2001953125,4668.10009765625,127
2026-03-20 10:08:00,4661.2001953125,4663.7001953125,4659.89990234375,4661.7001953125,109
2026-03-20 10:09:00,4656.0,4661.2998046875,4655.89990234375,4661.2998046875,265
2026-03-20 10:10:00,4651.39990234375,4656.60009765625,4650.89990234375,4655.2001953125,226
2026-03-20 10:11:00,4657.39990234375,4658.10009765625,4650.39990234375,4650.7998046875,122
2026-03-20 10:12:00,4663.7998046875,4664.7998046875,4657.39990234375,4657.39990234375,194
2026-03-20 10:13:00,4662.39990234375,4664.89990234375,4661.60009765625,4663.7001953125,141
2026-03-20 10:14:00,4663.60009765625,4664.89990234375,4661.89990234375,4662.0,66
2026-03-20 10:15:00,4664.7001953125,4667.39990234375,4662.2001953125,4663.2998046875,145
2026-03-20 10:16:00,4663.7998046875,4666.60009765625,4661.89990234375,4664.5,233
2026-03-20 10:17:00,4661.2998046875,4664.0,4661.0,4663.7998046875,224
2026-03-20 10:18:00,4658.10009765625,4663.2001953125,4657.10009765625,4661.39990234375,155
2026-03-20 10:19:00,4657.2998046875,4658.60009765625,4656.2998046875,4658.60009765625,41
2026-03-20 10:20:00,4649.89990234375,4656.5,4648.0,4656.5,226
2026-03-20 10:21:00,4648.10009765625,4653.2001953125,4646.39990234375,4649.7001953125,113
2026-03-20 10:22:00,4648.60009765625,4650.39990234375,4647.2998046875,4648.10009765625,122
2026-03-20 10:23:00,4652.89990234375,4653.39990234375,4648.2001953125,4649.10009765625,296
2026-03-20 10:24:00,4654.60009765625,4655.2998046875,4652.89990234375,4653.2998046875,116
2026-03-20 10:25:00,4659.2001953125,4661.2001953125,4654.7001953125,4654.7001953125,149
2026-03-20 10:26:00,4660.5,4661.2001953125,4657.5,4659.5,91
2026-03-20 10:27:00,4659.7998046875,4660.60009765625,4657.39990234375,4660.60009765625,84
2026-03-20 10:28:00,4657.0,4659.2001953125,4656.5,4659.2001953125,38
2026-03-20 10:29:00,4658.2998046875,4659.7998046875,4657.10009765625,4657.7001953125,53
2026-03-20 10:30:00,4656.2001953125,4662.7998046875,4653.2998046875,4658.2998046875,211
2026-03-20 10:31:00,4656.7001953125,4658.7001953125,4655.89990234375,4655.89990234375,166
2026-03-20 10:32:00,4652.2998046875,4656.5,4649.89990234375,4656.5,199
2026-03-20 10:33:00,4654.39990234375,4655.60009765625,4650.0,4652.7998046875,176
2026-03-20 10:34:00,4651.2998046875,4655.60009765625,4650.2001953125,4654.2998046875,402
2026-03-20 10:35:00,4658.10009765625,4658.10009765625,4650.7998046875,4651.5,264
2026-03-20 10:36:00,4659.5,4659.89990234375,4657.5,4658.2001953125,83
2026-03-20 10:37:00,4663.10009765625,4664.0,4659.7998046875,4659.7998046875,167
2026-03-20 10:38:00,4664.60009765625,4665.89990234375,4662.89990234375,4662.89990234375,87
2026-03-20 10:39:00,4669.39990234375,4670.39990234375,4665.5,4665.60009765625,148
2026-03-20 10:40:00,4669.10009765625,4670.5,4667.2998046875,4669.5,131
2026-03-20 10:41:00,4662.0,4668.7998046875,4661.7998046875,4668.7998046875,268
2026-03-20 10:42:00,4662.7998046875,4665.2998046875,4661.89990234375,4662.39990234375,76
2026-03-20 10:43:00,4658.10009765625,4662.89990234375,4657.10009765625,4662.7998046875,193
2026-03-20 10:44:00,4660.60009765625,4664.5,4658.2998046875,4658.2998046875,184
2026-03-20 10:45:00,4657.7001953125,4661.2001953125,4656.7001953125,4660.10009765625,89
2026-03-20 10:46:00,4660.2001953125,4660.2001953125,4657.7001953125,4657.7001953125,64
2026-03-20 10:47:00,4656.39990234375,4659.60009765625,4656.0,4659.60009765625,50
2026-03-20 10:48:00,4654.89990234375,4656.7998046875,4653.2998046875,4656.39990234375,108
2026-03-20 10:49:00,4655.39990234375,4656.2001953125,4653.7998046875,4655.10009765625,83
2026-03-20 10:50:00,4653.0,4655.2998046875,4652.39990234375,4654.7998046875,119
2026-03-20 10:51:00,4647.60009765625,4653.39990234375,4645.60009765625,4652.7998046875,197
2026-03-20 10:52:00,4651.89990234375,4652.89990234375,4647.5,4648.10009765625,244
2026-03-20 10:53:00,4653.39990234375,4656.7998046875,4651.60009765625,4651.89990234375,104
2026-03-20 10:54:00,4650.5,4654.10009765625,4648.0,4653.7001953125,62
2026-03-20 10:55:00,4644.7001953125,4651.60009765625,4644.7001953125,4650.10009765625,214
2026-03-20 10:56:00,4640.7998046875,4645.2001953125,4639.10009765625,4644.60009765625,369
2026-03-20 10:57:00,4644.2998046875,4645.89990234375,4639.89990234375,4641.0,151
2026-03-20 10:58:00,4646.2001953125,4647.2001953125,4645.7001953125,4645.7998046875,65
2026-03-20 10:59:00,4646.39990234375,4646.60009765625,4643.2001953125,4645.7998046875,157
2026-03-20 11:00:00,4642.89990234375,4648.5,4642.2998046875,4645.7998046875,121
2026-03-20 11:01:00,4641.5,4643.39990234375,4638.2001953125,4643.0,189
2026-03-20 11:02:00,4654.10009765625,4655.89990234375,4641.89990234375,4641.89990234375,227
2026-03-20 11:03:00,4658.7001953125,4660.89990234375,4655.7001953125,4655.89990234375,238
2026-03-20 11:04:00,4656.0,4660.60009765625,4653.7998046875,4658.89990234375,193
2026-03-20 11:05:00,4660.2998046875,4660.5,4654.7998046875,4655.7998046875,118
2026-03-20 11:06:00,4658.10009765625,4663.7998046875,4658.10009765625,4659.7001953125,210
2026-03-20 11:07:00,4659.7998046875,4660.60009765625,4657.0,4658.60009765625,102
2026-03-20 11:08:00,4663.89990234375,4663.89990234375,4658.89990234375,4659.2001953125,132
2026-03-20 11:09:00,4665.39990234375,4666.89990234375,4663.0,4664.5,159
2026-03-20 11:10:00,4660.10009765625,4666.0,4658.7998046875,4665.89990234375,179
2026-03-20 11:11:00,4663.0,4663.10009765625,4657.0,4660.2001953125,129
2026-03-20 11:12:00,4660.60009765625,4662.10009765625,4660.10009765625,4662.10009765625,55
2026-03-20 11:13:00,4665.7001953125,4665.89990234375,4661.39990234375,4661.5,168
2026-03-20 11:14:00,4664.2998046875,4668.5,4664.2998046875,4665.89990234375,149
2026-03-20 11:15:00,4664.10009765625,4665.5,4662.39990234375,4664.2001953125,79
2026-03-20 11:16:00,4662.5,4664.0,4660.7001953125,4664.0,120
2026-03-20 11:17:00,4662.89990234375,4664.0,4661.7001953125,4661.7001953125,56
2026-03-20 11:18:00,4665.39990234375,4667.2998046875,4661.7998046875,4662.89990234375,107
2026-03-20 11:19:00,4667.2001953125,4668.39990234375,4665.89990234375,4665.89990234375,134
2026-03-20 11:20:00,4669.60009765625,4670.2998046875,4667.2001953125,4667.2001953125,101
2026-03-20 11:21:00,4666.0,4670.10009765625,4662.5,4669.5,126
2026-03-20 11:22:00,4661.7998046875,4666.39990234375,4661.7998046875,4666.2001953125,89
2026-03-20 11:23:00,4661.89990234375,4665.5,4661.7001953125,4661.7001953125,73
2026-03-20 11:24:00,4663.7001953125,4665.2998046875,4662.0,4662.2001953125,72
2026-03-20 11:25:00,4663.0,4664.2001953125,4660.39990234375,4663.7998046875,97
2026-03-20 11:26:00,4662.39990234375,4664.0,4661.39990234375,4663.89990234375,134
2026-03-20 11:27:00,4662.7998046875,4664.2998046875,4662.60009765625,4662.89990234375,52
2026-03-20 11:28:00,4661.89990234375,4662.39990234375,4661.0,4661.89990234375,37
2026-03-20 11:29:00,4666.7001953125,4667.0,4661.10009765625,4661.2001953125,113
2026-03-20 11:30:00,4665.60009765625,4667.7001953125,4665.2998046875,4667.2001953125,82
2026-03-20 11:31:00,4670.10009765625,4672.7998046875,4667.10009765625,4667.10009765625,449
2026-03-20 11:32:00,4671.0,4672.10009765625,4670.0,4671.10009765625,77
2026-03-20 11:33:00,4667.2001953125,4671.7001953125,4667.2001953125,4670.5,68
2026-03-20 11:34:00,4668.60009765625,4670.2998046875,4667.60009765625,4667.89990234375,131
2026-03-20 11:35:00,4668.7001953125,4669.60009765625,4667.2998046875,4668.89990234375,45
2026-03-20 11:36:00,4667.89990234375,4669.2998046875,4667.2998046875,4669.2998046875,46
2026-03-20 11:37:00,4666.10009765625,4668.0,4665.89990234375,4668.0,99
2026-03-20 11:38:00,4663.2998046875,4666.7001953125,4663.0,4666.2998046875,82
2026-03-20 11:39:00,4668.60009765625,4669.2998046875,4663.60009765625,4663.60009765625,87
2026-03-20 11:40:00,4674.10009765625,4674.7998046875,4668.39990234375,4669.10009765625,121
2026-03-20 11:41:00,4672.89990234375,4675.7998046875,4672.2001953125,4673.7998046875,298
2026-03-20 11:42:00,4674.0,4676.0,4672.7998046875,4673.2998046875,124
2026-03-20 11:43:00,4673.5,4675.89990234375,4673.5,4674.2998046875,59
2026-03-20 11:44:00,4671.10009765625,4673.10009765625,4670.7998046875,4673.10009765625,124
2026-03-20 11:45:00,4671.7001953125,4672.0,4669.10009765625,4671.2001953125,96
2026-03-20 11:46:00,4673.0,4674.0,4670.89990234375,4671.2001953125,114
2026-03-20 11:47:00,4669.7001953125,4673.2001953125,4668.5,4673.2001953125,58
2026-03-20 11:48:00,4669.2998046875,4671.60009765625,4668.39990234375,4669.10009765625,43
2026-03-20 11:49:00,4666.39990234375,4669.39990234375,4666.2998046875,4669.2998046875,75
2026-03-20 11:50:00,4665.2998046875,4667.5,4664.7001953125,4667.0,105
2026-03-20 11:51:00,4661.0,4666.7001953125,4660.7001953125,4665.10009765625,152
2026-03-20 11:52:00,4664.10009765625,4665.0,4658.7998046875,4661.10009765625,120
2026-03-20 11:53:00,4666.60009765625,4666.89990234375,4663.7998046875,4664.2001953125,92
2026-03-20 11:54:00,4664.2001953125,4666.5,4664.0,4666.2998046875,33
2026-03-20 11:55:00,4665.60009765625,4666.2001953125,4663.5,4663.7998046875,77
2026-03-20 11:56:00,4669.5,4669.5,4666.10009765625,4666.10009765625,100
2026-03-20 11:57:00,4671.2998046875,4671.89990234375,4668.2998046875,4669.2001953125,118
2026-03-20 11:58:00,4673.0,4673.39990234375,4670.5,4671.7001953125,138
2026-03-20 11:59:00,4673.39990234375,4673.7001953125,4671.7001953125,4673.0,74
2026-03-20 12:00:00,4679.5,4679.89990234375,4673.39990234375,4673.39990234375,437
2026-03-20 12:01:00,4684.2001953125,4684.39990234375,4678.89990234375,4679.39990234375,538
2026-03-20 12:02:00,4679.5,4683.7001953125,4678.2998046875,4683.0,307
2026-03-20 12:03:00,4682.60009765625,4683.60009765625,4680.0,4680.10009765625,93
2026-03-20 12:04:00,4680.10009765625,4683.7998046875,4679.10009765625,4681.5,226
2026-03-20 12:05:00,4683.10009765625,4684.7001953125,4680.2001953125,4680.2001953125,103
2026-03-20 12:06:00,4682.5,4684.5,4681.60009765625,4683.5,59
2026-03-20 12:07:00,4684.2998046875,4687.5,4683.0,4683.0,181
2026-03-20 12:08:00,4685.39990234375,4687.10009765625,4680.89990234375,4684.10009765625,123
2026-03-20 12:09:00,4689.2998046875,4689.2998046875,4684.89990234375,4684.89990234375,126
2026-03-20 12:10:00,4693.89990234375,4694.2998046875,4687.7001953125,4688.89990234375,235
2026-03-20 12:11:00,4694.7998046875,4696.89990234375,4692.7998046875,4694.5,481
2026-03-20 12:12:00,4687.60009765625,4695.39990234375,4687.60009765625,4695.39990234375,149
2026-03-20 12:13:00,4685.89990234375,4689.5,4685.89990234375,4687.5,151
2026-03-20 12:14:00,4686.7001953125,4687.10009765625,4684.39990234375,4686.0,179
2026-03-20 12:15:00,4687.5,4689.10009765625,4686.60009765625,4686.89990234375,205
2026-03-20 12:16:00,4687.89990234375,4689.7998046875,4686.0,4687.5,196
2026-03-20 12:17:00,4681.5,4690.7998046875,4679.2998046875,4687.60009765625,315
2026-03-20 12:18:00,4688.7998046875,4689.2001953125,4681.10009765625,4681.2001953125,83
2026-03-20 12:19:00,4692.5,4692.7001953125,4688.10009765625,4688.7998046875,91
2026-03-20 12:20:00,4687.0,4693.5,4685.2001953125,4692.2998046875,169
2026-03-20 12:21:00,4685.2001953125,4688.39990234375,4683.7001953125,4686.7001953125,114
2026-03-20 12:22:00,4684.60009765625,4687.89990234375,4683.0,4684.7998046875,263
2026-03-20 12:23:00,4682.10009765625,4686.0,4682.10009765625,4685.2998046875,117
2026-03-20 12:24:00,4682.39990234375,4682.7998046875,4681.0,4682.10009765625,76
2026-03-20 12:25:00,4683.5,4683.89990234375,4680.7001953125,4682.7998046875,191
2026-03-20 12:26:00,4681.10009765625,4684.0,4680.10009765625,4683.2998046875,72
2026-03-20 12:27:00,4679.7001953125,4682.39990234375,4679.10009765625,4681.89990234375,97
2026-03-20 12:28:00,4682.7998046875,4684.10009765625,4679.2998046875,4680.0,615
2026-03-20 12:29:00,4679.5,4684.10009765625,4678.89990234375,4683.5,203
2026-03-20 12:30:00,4678.2998046875,4683.2001953125,4676.5,4679.7998046875,377
2026-03-20 12:31:00,4677.2001953125,4677.89990234375,4674.0,4677.89990234375,353
2026-03-20 12:32:00,4672.7001953125,4677.7001953125,4672.7001953125,4677.60009765625,140
2026-03-20 12:33:00,4671.60009765625,4674.0,4670.7998046875,4673.60009765625,299
2026-03-20 12:34:00,4674.39990234375,4675.0,4672.10009765625,4672.10009765625,171
2026-03-20 12:35:00,4673.0,4674.5,4671.2998046875,4674.10009765625,121
2026-03-20 12:36:00,4672.89990234375,4673.60009765625,4670.7998046875,4672.2001953125,72
2026-03-20 12:37:00,4671.0,4675.7998046875,4669.7998046875,4672.0,158
2026-03-20 12:38:00,4672.10009765625,4678.7001953125,4671.0,4671.39990234375,203
2026-03-20 12:39:00,4666.7001953125,4672.10009765625,4664.2998046875,4672.0,566
2026-03-20 12:40:00,4664.0,4667.7001953125,4663.10009765625,4666.39990234375,279
2026-03-20 12:41:00,4668.39990234375,4668.89990234375,4663.2001953125,4663.5,92
2026-03-20 12:42:00,4663.7998046875,4669.60009765625,4663.39990234375,4669.39990234375,129
2026-03-20 12:43:00,4666.39990234375,4666.7998046875,4662.7998046875,4663.7001953125,126
2026-03-20 12:44:00,4671.0,4671.2001953125,4665.5,4666.2001953125,297
2026-03-20 12:45:00,4668.5,4671.2998046875,4668.5,4670.7001953125,68
2026-03-20 12:46:00,4675.5,4676.2998046875,4668.39990234375,4668.5,445
2026-03-20 12:47:00,4672.39990234375,4675.60009765625,4671.89990234375,4674.7998046875,85
2026-03-20 12:48:00,4668.39990234375,4672.2001953125,4667.39990234375,4671.7998046875,131
2026-03-20 12:49:00,4671.89990234375,4671.89990234375,4666.5,4668.2998046875,121
2026-03-20 12:50:00,4676.0,4676.60009765625,4671.7998046875,4672.2998046875,122
2026-03-20 12:51:00,4679.39990234375,4679.7001953125,4674.2998046875,4676.60009765625,139
2026-03-20 12:52:00,4680.89990234375,4682.2001953125,4679.2001953125,4679.2001953125,143
2026-03-20 12:53:00,4680.2001953125,4681.89990234375,4679.2001953125,4680.60009765625,133
2026-03-20 12:54:00,4678.2998046875,4681.0,4678.0,4680.89990234375,119
2026-03-20 12:55:00,4679.39990234375,4680.2998046875,4677.5,4677.7998046875,74
2026-03-20 12:56:00,4678.89990234375,4681.2001953125,4678.89990234375,4679.10009765625,87
2026-03-20 12:57:00,4680.39990234375,4680.60009765625,4678.39990234375,4678.5,52
2026-03-20 12:58:00,4679.89990234375,4680.2001953125,4678.7001953125,4679.89990234375,67
2026-03-20 12:59:00,4679.0,4681.7001953125,4678.7001953125,4679.5,91
2026-03-20 13:00:00,4673.39990234375,4680.5,4672.0,4679.39990234375,392
2026-03-20 13:01:00,4676.39990234375,4678.0,4672.7998046875,4672.89990234375,149
2026-03-20 13:02:00,4671.5,4678.7998046875,4671.5,4676.2001953125,243
2026-03-20 13:03:00,4676.39990234375,4677.60009765625,4670.39990234375,4672.2998046875,192
2026-03-20 13:04:00,4671.2001953125,4676.7998046875,4667.7998046875,4676.2998046875,602
2026-03-20 13:05:00,4668.39990234375,4673.10009765625,4667.10009765625,4671.2001953125,267
2026-03-20 13:06:00,4661.2001953125,4669.7998046875,4660.89990234375,4668.60009765625,515
2026-03-20 13:07:00,4663.2998046875,4668.10009765625,4660.7001953125,4660.7998046875,145
2026-03-20 13:08:00,4665.10009765625,4665.89990234375,4659.10009765625,4663.2998046875,246
2026-03-20 13:09:00,4665.39990234375,4666.7998046875,4663.2998046875,4664.5,212
2026-03-20 13:10:00,4657.2998046875,4666.39990234375,4655.5,4665.39990234375,308
2026-03-20 13:11:00,4664.7001953125,4666.89990234375,4654.10009765625,4657.5,446
2026-03-20 13:12:00,4657.7001953125,4664.60009765625,4656.5,4664.60009765625,151
2026-03-20 13:13:00,4661.2998046875,4662.5,4657.60009765625,4657.7001953125,439
2026-03-20 13:14:00,4662.39990234375,4663.0,4660.60009765625,4661.39990234375,54
2026-03-20 13:15:00,4661.39990234375,4663.10009765625,4659.2001953125,4662.7998046875,140
2026-03-20 13:16:00,4659.2998046875,4662.2001953125,4658.7001953125,4661.2001953125,97
2026-03-20 13:17:00,4656.7001953125,4660.5,4655.89990234375,4658.60009765625,116
2026-03-20 13:18:00,4663.2998046875,4664.2998046875,4656.7001953125,4656.7001953125,142
2026-03-20 13:19:00,4665.0,4665.7001953125,4661.89990234375,4663.2998046875,192
2026-03-20 13:20:00,4669.89990234375,4670.2998046875,4665.60009765625,4665.60009765625,269
2026-03-20 13:21:00,4668.60009765625,4670.5,4667.7998046875,4669.89990234375,140
2026-03-20 13:22:00,4664.60009765625,4668.7998046875,4663.89990234375,4668.7001953125,103
2026-03-20 13:23:00,4663.2998046875,4667.0,4663.2001953125,4664.60009765625,76
2026-03-20 13:24:00,4662.7998046875,4664.0,4661.89990234375,4663.2001953125,271
2026-03-20 13:25:00,4663.2001953125,4665.39990234375,4660.39990234375,4663.0,114
2026-03-20 13:26:00,4661.7998046875,4664.89990234375,4661.5,4664.0,84
2026-03-20 13:27:00,4660.10009765625,4664.7001953125,4660.0,4662.2001953125,87
2026-03-20 13:28:00,4661.7998046875,4662.5,4659.7001953125,4660.7001953125,115
2026-03-20 13:29:00,4661.10009765625,4664.7998046875,4661.10009765625,4661.7001953125,85
2026-03-20 13:30:00,4656.10009765625,4666.60009765625,4653.2001953125,4660.89990234375,640
2026-03-20 13:31:00,4651.60009765625,4657.7998046875,4644.89990234375,4656.2001953125,1057
2026-03-20 13:32:00,4650.89990234375,4663.7001953125,4650.5,4652.2001953125,557
2026-03-20 13:33:00,4643.7001953125,4654.10009765625,4643.7001953125,4650.7998046875,325
2026-03-20 13:34:00,4645.89990234375,4646.39990234375,4642.2001953125,4644.5,604
2026-03-20 13:35:00,4648.7998046875,4649.7001953125,4637.2001953125,4645.0,845
2026-03-20 13:36:00,4657.10009765625,4660.10009765625,4648.2998046875,4648.7998046875,360
2026-03-20 13:37:00,4655.39990234375,4660.5,4653.39990234375,4657.60009765625,293
2026-03-20 13:38:00,4653.10009765625,4659.60009765625,4650.0,4655.7001953125,272
2026-03-20 13:39:00,4655.0,4655.60009765625,4650.7001953125,4652.10009765625,128
2026-03-20 13:40:00,4656.0,4658.39990234375,4650.0,4654.7001953125,284
2026-03-20 13:41:00,4657.39990234375,4658.0,4647.2001953125,4656.60009765625,273
2026-03-20 13:42:00,4659.7001953125,4664.60009765625,4653.39990234375,4657.7998046875,335
2026-03-20 13:43:00,4663.7998046875,4665.89990234375,4657.5,4660.2998046875,372
2026-03-20 13:44:00,4662.89990234375,4663.60009765625,4658.89990234375,4663.5,104
2026-03-20 13:45:00,4660.89990234375,4665.89990234375,4660.10009765625,4663.60009765625,289
2026-03-20 13:46:00,4654.10009765625,4663.0,4652.2998046875,4660.60009765625,187
2026-03-20 13:47:00,4654.7001953125,4656.2998046875,4651.2998046875,4654.2001953125,152
2026-03-20 13:48:00,4655.89990234375,4657.5,4651.60009765625,4654.10009765625,217
2026-03-20 13:49:00,4652.2001953125,4655.7001953125,4651.89990234375,4655.39990234375,140
2026-03-20 13:50:00,4644.7998046875,4653.2998046875,4643.89990234375,4651.10009765625,725
2026-03-20 13:51:00,4631.2001953125,4645.2001953125,4630.0,4644.10009765625,795
2026-03-20 13:52:00,4628.0,4637.60009765625,4626.7001953125,4631.2001953125,478
2026-03-20 13:53:00,4624.60009765625,4628.2998046875,4620.5,4627.89990234375,849
2026-03-20 13:54:00,4621.60009765625,4627.7001953125,4620.2001953125,4624.2998046875,577
2026-03-20 13:55:00,4621.60009765625,4627.89990234375,4614.2001953125,4622.7001953125,863
2026-03-20 13:56:00,4624.7998046875,4626.2998046875,4620.89990234375,4621.7001953125,346
2026-03-20 13:57:00,4622.89990234375,4627.7001953125,4622.7998046875,4624.7998046875,459
2026-03-20 13:58:00,4614.2001953125,4623.7001953125,4613.10009765625,4622.7001953125,657
2026-03-20 13:59:00,4617.0,4618.10009765625,4613.39990234375,4615.0,290
2026-03-20 14:00:00,4620.0,4620.0,4607.2001953125,4617.10009765625,604
2026-03-20 14:01:00,4611.2998046875,4622.2998046875,4610.39990234375,4620.10009765625,475
2026-03-20 14:02:00,4619.7998046875,4619.7998046875,4609.0,4610.7998046875,371
2026-03-20 14:03:00,4616.2001953125,4622.39990234375,4614.0,4619.5,307
2026-03-20 14:04:00,4616.0,4620.10009765625,4614.39990234375,4616.2998046875,199
2026-03-20 14:05:00,4619.60009765625,4623.2001953125,4615.5,4615.89990234375,540
2026-03-20 14:06:00,4618.7998046875,4622.7001953125,4617.39990234375,4619.7998046875,238
2026-03-20 14:07:00,4612.7001953125,4623.2001953125,4612.60009765625,4618.2001953125,350
2026-03-20 14:08:00,4602.10009765625,4616.7001953125,4600.2001953125,4613.60009765625,696
2026-03-20 14:09:00,4609.5,4610.2998046875,4601.10009765625,4601.60009765625,538
2026-03-20 14:10:00,4614.5,4618.89990234375,4608.2001953125,4609.7001953125,405
2026-03-20 14:11:00,4600.0,4613.5,4598.5,4613.5,673
2026-03-20 14:12:00,4594.7001953125,4603.60009765625,4593.39990234375,4600.2001953125,554
2026-03-20 14:13:00,4592.89990234375,4595.39990234375,4589.2998046875,4594.7998046875,694
2026-03-20 14:14:00,4587.7001953125,4593.5,4585.7001953125,4593.10009765625,486
2026-03-20 14:15:00,4579.2001953125,4588.89990234375,4573.7998046875,4587.0,1095
2026-03-20 14:16:00,4579.5,4581.7998046875,4574.0,4578.5,557
2026-03-20 14:17:00,4572.0,4586.7001953125,4571.39990234375,4579.89990234375,650
2026-03-20 14:18:00,4562.89990234375,4575.5,4562.7998046875,4571.7998046875,662
2026-03-20 14:19:00,4575.5,4576.89990234375,4562.5,4563.5,535
2026-03-20 14:20:00,4570.89990234375,4577.7998046875,4569.5,4575.2998046875,656
2026-03-20 14:21:00,4573.10009765625,4580.39990234375,4567.60009765625,4570.0,634
2026-03-20 14:22:00,4568.5,4575.5,4568.5,4572.89990234375,353
2026-03-20 14:23:00,4573.7001953125,4577.2001953125,4565.2998046875,4568.39990234375,479
2026-03-20 14:24:00,4569.39990234375,4575.2001953125,4560.7998046875,4573.60009765625,786
2026-03-20 14:25:00,4559.39990234375,4569.89990234375,4554.60009765625,4568.7001953125,514
2026-03-20 14:26:00,4560.2998046875,4562.39990234375,4555.2001953125,4559.2001953125,434
2026-03-20 14:27:00,4556.0,4566.0,4553.2001953125,4559.89990234375,489
2026-03-20 14:28:00,4554.39990234375,4561.60009765625,4551.10009765625,4556.10009765625,358
2026-03-20 14:29:00,4560.60009765625,4561.5,4554.0,4554.0,275
2026-03-20 14:30:00,4572.39990234375,4573.7001953125,4557.5,4558.2001953125,906
2026-03-20 14:31:00,4569.7001953125,4572.0,4567.60009765625,4571.39990234375,248
2026-03-20 14:32:00,4571.10009765625,4576.0,4567.39990234375,4569.7001953125,575
2026-03-20 14:33:00,4577.89990234375,4577.89990234375,4569.7001953125,4570.0,372
2026-03-20 14:34:00,4580.5,4581.39990234375,4572.10009765625,4577.5,601
2026-03-20 14:35:00,4580.0,4583.89990234375,4577.7001953125,4580.0,347
2026-03-20 14:36:00,4581.7001953125,4585.89990234375,4577.2998046875,4579.2001953125,752
2026-03-20 14:37:00,4577.89990234375,4583.60009765625,4573.39990234375,4582.5,410
2026-03-20 14:38:00,4577.60009765625,4579.2998046875,4574.60009765625,4578.0,252
2026-03-20 14:39:00,4576.10009765625,4579.39990234375,4575.60009765625,4577.2998046875,161
2026-03-20 14:40:00,4576.5,4580.2998046875,4572.89990234375,4575.2001953125,398
2026-03-20 14:41:00,4573.89990234375,4579.7001953125,4572.7001953125,4576.5,152
2026-03-20 14:42:00,4574.2998046875,4579.2998046875,4572.60009765625,4573.10009765625,177
2026-03-20 14:43:00,4572.2998046875,4577.0,4571.2001953125,4573.5,402
2026-03-20 14:44:00,4577.10009765625,4579.7998046875,4572.7998046875,4572.7998046875,163
2026-03-20 14:45:00,4578.7001953125,4579.10009765625,4571.7001953125,4576.5,427
2026-03-20 14:46:00,4573.39990234375,4583.89990234375,4573.2998046875,4579.2001953125,361
2026-03-20 14:47:00,4564.2001953125,4575.60009765625,4564.0,4573.0,363
2026-03-20 14:48:00,4573.0,4576.89990234375,4563.7998046875,4564.2001953125,248
2026-03-20 14:49:00,4566.39990234375,4575.2998046875,4566.39990234375,4574.7001953125,137
2026-03-20 14:50:00,4569.60009765625,4572.10009765625,4565.5,4565.5,204
2026-03-20 14:51:00,4571.5,4572.2001953125,4568.60009765625,4570.0,163
2026-03-20 14:52:00,4569.39990234375,4571.2998046875,4568.5,4570.7998046875,139
2026-03-20 14:53:00,4572.2998046875,4573.0,4568.60009765625,4570.0,155
2026-03-20 14:54:00,4555.7001953125,4572.10009765625,4553.5,4572.10009765625,807
2026-03-20 14:55:00,4561.39990234375,4562.2998046875,4547.60009765625,4555.39990234375,734
2026-03-20 14:56:00,4559.7998046875,4564.89990234375,4558.2001953125,4561.2998046875,325
2026-03-20 14:57:00,4569.7998046875,4570.7001953125,4559.2998046875,4559.2998046875,234
2026-03-20 14:58:00,4565.0,4571.0,4563.7001953125,4570.2001953125,212
2026-03-20 14:59:00,4564.89990234375,4565.5,4561.60009765625,4565.5,175
2026-03-20 15:00:00,4570.0,4574.2001953125,4564.2998046875,4564.5,1036
2026-03-20 15:01:00,4576.7001953125,4577.10009765625,4567.39990234375,4569.2998046875,376
2026-03-20 15:02:00,4573.2998046875,4582.39990234375,4572.7001953125,4576.5,612
2026-03-20 15:03:00,4570.39990234375,4574.7998046875,4569.60009765625,4573.39990234375,258
2026-03-20 15:04:00,4573.10009765625,4574.7001953125,4566.5,4570.7998046875,290
2026-03-20 15:05:00,4571.5,4577.39990234375,4571.0,4573.2001953125,216
2026-03-20 15:06:00,4571.0,4573.89990234375,4567.7998046875,4571.10009765625,189
2026-03-20 15:07:00,4570.2998046875,4571.89990234375,4568.0,4570.10009765625,196
2026-03-20 15:08:00,4563.39990234375,4569.5,4561.60009765625,4569.5,392
2026-03-20 15:09:00,4565.39990234375,4567.7001953125,4562.2998046875,4564.60009765625,140
2026-03-20 15:10:00,4567.10009765625,4568.0,4564.60009765625,4566.0,168
2026-03-20 15:11:00,4571.39990234375,4574.10009765625,4564.60009765625,4567.2998046875,274
2026-03-20 15:12:00,4579.60009765625,4579.7998046875,4569.10009765625,4570.7001953125,318
2026-03-20 15:13:00,4578.2001953125,4580.2998046875,4575.0,4579.7998046875,182
2026-03-20 15:14:00,4578.39990234375,4579.2998046875,4576.10009765625,4577.89990234375,169
2026-03-20 15:15:00,4575.10009765625,4578.60009765625,4574.7001953125,4578.60009765625,170
2026-03-20 15:16:00,4564.7998046875,4575.2998046875,4560.0,4574.60009765625,471
2026-03-20 15:17:00,4570.7998046875,4572.2001953125,4562.7998046875,4563.60009765625,241
2026-03-20 15:18:00,4568.7998046875,4571.89990234375,4567.7001953125,4571.10009765625,131
2026-03-20 15:19:00,4563.7998046875,4569.10009765625,4563.7998046875,4569.0,151
2026-03-20 15:20:00,4560.10009765625,4565.7001953125,4559.10009765625,4563.60009765625,1006
2026-03-20 15:21:00,4565.89990234375,4567.2001953125,4561.0,4561.0,154
2026-03-20 15:22:00,4566.7001953125,4566.7001953125,4564.7001953125,4566.2998046875,44
2026-03-20 15:23:00,4575.60009765625,4577.0,4563.39990234375,4565.89990234375,720
2026-03-20 15:24:00,4563.10009765625,4577.0,4563.0,4576.39990234375,454
2026-03-20 15:25:00,4545.39990234375,4565.7998046875,4545.39990234375,4562.89990234375,730
2026-03-20 15:26:00,4542.89990234375,4552.10009765625,4542.10009765625,4545.39990234375,490
2026-03-20 15:27:00,4551.39990234375,4552.10009765625,4542.60009765625,4542.89990234375,325
2026-03-20 15:28:00,4556.5,4558.0,4550.0,4550.60009765625,400
2026-03-20 15:29:00,4564.7001953125,4565.10009765625,4556.7001953125,4556.89990234375,240
2026-03-20 15:30:00,4564.10009765625,4567.7998046875,4559.39990234375,4564.39990234375,283
2026-03-20 15:31:00,4570.7001953125,4570.7998046875,4563.2998046875,4564.2998046875,575
2026-03-20 15:32:00,4569.7998046875,4571.5,4568.2998046875,4570.10009765625,193
2026-03-20 15:33:00,4575.7998046875,4577.7998046875,4567.0,4569.2998046875,221
2026-03-20 15:34:00,4569.2001953125,4577.10009765625,4569.2001953125,4575.7998046875,179
2026-03-20 15:35:00,4565.2998046875,4570.2001953125,4563.2001953125,4570.10009765625,285
2026-03-20 15:36:00,4566.2998046875,4568.7998046875,4561.60009765625,4565.89990234375,116
2026-03-20 15:37:00,4564.7998046875,4567.7998046875,4564.5,4565.2998046875,64
2026-03-20 15:38:00,4566.2001953125,4567.39990234375,4562.2001953125,4565.5,117
2026-03-20 15:39:00,4562.89990234375,4569.2001953125,4562.7998046875,4566.2001953125,187
2026-03-20 15:40:00,4560.89990234375,4565.0,4559.89990234375,4563.2998046875,397
2026-03-20 15:41:00,4559.5,4563.2998046875,4558.39990234375,4561.5,180
2026-03-20 15:42:00,4563.89990234375,4565.10009765625,4560.10009765625,4560.10009765625,123
2026-03-20 15:43:00,4567.2998046875,4568.10009765625,4563.7998046875,4563.89990234375,220
2026-03-20 15:44:00,4564.7001953125,4567.89990234375,4563.5,4567.10009765625,132
2026-03-20 15:45:00,4560.39990234375,4564.7998046875,4557.89990234375,4564.2998046875,154
2026-03-20 15:46:00,4554.89990234375,4561.2001953125,4553.7998046875,4560.0,203
2026-03-20 15:47:00,4556.5,4557.39990234375,4553.7998046875,4554.0,167
2026-03-20 15:48:00,4550.89990234375,4557.7001953125,4550.0,4556.2998046875,567
2026-03-20 15:49:00,4550.7998046875,4554.10009765625,4545.7001953125,4551.0,278
2026-03-20 15:50:00,4548.2001953125,4552.39990234375,4547.0,4550.7998046875,218
2026-03-20 15:51:00,4557.7998046875,4558.5,4547.7998046875,4548.5,227
2026-03-20 15:52:00,4559.89990234375,4561.89990234375,4557.2001953125,4557.2001953125,184
2026-03-20 15:53:00,4560.2998046875,4561.2998046875,4558.2001953125,4559.89990234375,103
2026-03-20 15:54:00,4559.2001953125,4561.7998046875,4557.7001953125,4560.0,212
2026-03-20 15:55:00,4557.2001953125,4559.60009765625,4556.39990234375,4559.2998046875,118
2026-03-20 15:56:00,4554.5,4557.39990234375,4553.60009765625,4557.39990234375,80
2026-03-20 15:57:00,4556.5,4557.7001953125,4554.2998046875,4554.2998046875,103
2026-03-20 15:58:00,4554.39990234375,4557.0,4553.2998046875,4556.7998046875,102
2026-03-20 15:59:00,4555.2998046875,4559.0,4554.39990234375,4554.5,132
2026-03-20 16:00:00,4563.7001953125,4564.2998046875,4554.0,4554.89990234375,301
2026-03-20 16:01:00,4564.2001953125,4565.10009765625,4560.2998046875,4563.39990234375,275
2026-03-20 16:02:00,4562.0,4563.7001953125,4560.5,4563.5,149
2026-03-20 16:03:00,4573.2998046875,4573.2998046875,4561.39990234375,4561.7998046875,536
2026-03-20 16:04:00,4576.5,4578.7998046875,4573.0,4573.2998046875,365
2026-03-20 16:05:00,4582.2998046875,4583.2998046875,4571.89990234375,4576.0,556
2026-03-20 16:06:00,4578.2998046875,4583.60009765625,4578.0,4581.7998046875,285
2026-03-20 16:07:00,4576.10009765625,4581.0,4574.0,4578.0,369
2026-03-20 16:08:00,4574.7001953125,4577.0,4573.5,4576.7001953125,112
2026-03-20 16:09:00,4574.2001953125,4575.39990234375,4572.2998046875,4574.10009765625,74
2026-03-20 16:10:00,4575.7001953125,4575.89990234375,4571.10009765625,4574.10009765625,160
2026-03-20 16:11:00,4582.2001953125,4582.7001953125,4575.2998046875,4575.60009765625,503
2026-03-20 16:12:00,4585.7001953125,4587.2998046875,4581.39990234375,4582.10009765625,386
2026-03-20 16:13:00,4586.60009765625,4588.0,4582.60009765625,4585.5,238
2026-03-20 16:14:00,4590.39990234375,4590.7998046875,4584.89990234375,4586.7998046875,196
2026-03-20 16:15:00,4589.89990234375,4593.7001953125,4587.89990234375,4590.7001953125,411
2026-03-20 16:16:00,4588.39990234375,4590.2001953125,4585.60009765625,4590.2001953125,187
2026-03-20 16:17:00,4595.2001953125,4595.2001953125,4587.39990234375,4588.39990234375,350
2026-03-20 16:18:00,4598.7001953125,4598.89990234375,4594.60009765625,4595.0,531
2026-03-20 16:19:00,4603.89990234375,4604.2998046875,4598.0,4598.39990234375,715
2026-03-20 16:20:00,4612.2998046875,4613.39990234375,4603.10009765625,4604.2001953125,766
2026-03-20 16:21:00,4609.7001953125,4616.2998046875,4606.39990234375,4612.5,620
2026-03-20 16:22:00,4604.89990234375,4609.7001953125,4601.60009765625,4609.7001953125,390
2026-03-20 16:23:00,4602.7001953125,4606.0,4600.2998046875,4604.7001953125,193
2026-03-20 16:24:00,4598.10009765625,4602.60009765625,4597.0,4602.5,251
2026-03-20 16:25:00,4593.2998046875,4598.2998046875,4592.10009765625,4598.2998046875,286
2026-03-20 16:26:00,4589.10009765625,4594.10009765625,4588.2001953125,4593.60009765625,448
2026-03-20 16:27:00,4590.0,4591.2998046875,4588.10009765625,4589.0,172
2026-03-20 16:28:00,4589.60009765625,4591.2998046875,4585.7001953125,4589.7001953125,300
2026-03-20 16:29:00,4586.89990234375,4590.0,4585.5,4589.7998046875,121
2026-03-20 16:30:00,4581.7001953125,4587.60009765625,4581.0,4586.60009765625,376
2026-03-20 16:31:00,4577.10009765625,4582.0,4572.2001953125,4582.0,716
2026-03-20 16:32:00,4578.2998046875,4578.2998046875,4575.0,4576.39990234375,191
2026-03-20 16:33:00,4584.2001953125,4584.7998046875,4578.39990234375,4578.5,351
2026-03-20 16:34:00,4583.0,4584.60009765625,4580.7998046875,4584.2998046875,156
2026-03-20 16:35:00,4586.60009765625,4589.5,4583.2998046875,4583.7998046875,264
2026-03-20 16:36:00,4591.10009765625,4592.10009765625,4585.89990234375,4586.5,179
2026-03-20 16:37:00,4589.39990234375,4594.0,4589.39990234375,4591.2001953125,139
2026-03-20 16:38:00,4590.2998046875,4590.89990234375,4585.7001953125,4589.60009765625,165
2026-03-20 16:39:00,4591.7998046875,4594.89990234375,4590.2998046875,4590.39990234375,120
2026-03-20 16:40:00,4590.5,4594.2998046875,4589.7998046875,4591.7998046875,149
2026-03-20 16:41:00,4590.60009765625,4592.7998046875,4588.89990234375,4590.39990234375,197
2026-03-20 16:42:00,4587.5,4590.60009765625,4586.2998046875,4590.60009765625,116
2026-03-20 16:43:00,4585.7998046875,4589.2001953125,4584.2001953125,4587.2998046875,146
2026-03-20 16:44:00,4583.5,4585.89990234375,4581.0,4585.89990234375,249
2026-03-20 16:45:00,4580.60009765625,4583.89990234375,4579.10009765625,4583.10009765625,425
2026-03-20 16:46:00,4582.2998046875,4582.60009765625,4578.60009765625,4579.89990234375,100
2026-03-20 16:47:00,4574.2001953125,4582.7998046875,4572.0,4582.39990234375,367
2026-03-20 16:48:00,4571.5,4576.2001953125,4568.7998046875,4574.5,230
2026-03-20 16:49:00,4578.89990234375,4579.2001953125,4571.60009765625,4571.7001953125,289
2026-03-20 16:50:00,4577.2998046875,4580.89990234375,4577.2998046875,4579.0,148
2026-03-20 16:51:00,4575.2001953125,4577.7998046875,4573.7998046875,4577.2998046875,188
2026-03-20 16:52:00,4577.89990234375,4578.60009765625,4574.2001953125,4574.89990234375,128
2026-03-20 16:53:00,4581.39990234375,4583.10009765625,4578.5,4579.0,184
2026-03-20 16:54:00,4583.60009765625,4583.89990234375,4580.2001953125,4580.7998046875,106
2026-03-20 16:55:00,4587.2998046875,4588.39990234375,4583.10009765625,4583.39990234375,303
2026-03-20 16:56:00,4587.5,4590.2998046875,4586.39990234375,4586.89990234375,184
2026-03-20 16:57:00,4585.0,4587.7998046875,4583.2998046875,4587.5,127
2026-03-20 16:58:00,4586.60009765625,4588.60009765625,4584.39990234375,4584.39990234375,88
2026-03-20 16:59:00,4585.2998046875,4587.0,4584.39990234375,4587.0,145
2026-03-20 17:00:00,4587.89990234375,4590.0,4584.89990234375,4585.60009765625,134
2026-03-20 17:01:00,4588.0,4588.0,4582.7001953125,4587.2998046875,121
2026-03-20 17:02:00,4592.60009765625,4593.10009765625,4588.0,4588.7998046875,172
2026-03-20 17:03:00,4587.7001953125,4594.2998046875,4586.7001953125,4592.89990234375,212
2026-03-20 17:04:00,4591.60009765625,4592.39990234375,4587.60009765625,4588.0,168
2026-03-20 17:05:00,4577.2001953125,4591.89990234375,4575.2001953125,4591.89990234375,904
2026-03-20 17:06:00,4591.7998046875,4591.7998046875,4576.7998046875,4576.7998046875,317
2026-03-20 17:07:00,4597.2998046875,4600.0,4589.39990234375,4591.2998046875,387
2026-03-20 17:08:00,4599.10009765625,4602.5,4595.0,4598.2998046875,551
2026-03-20 17:09:00,4593.2998046875,4599.5,4592.5,4599.10009765625,297
2026-03-20 17:10:00,4591.7001953125,4595.2998046875,4591.2998046875,4593.39990234375,160
2026-03-20 17:11:00,4590.89990234375,4592.10009765625,4586.2001953125,4592.10009765625,238
2026-03-20 17:12:00,4588.0,4590.39990234375,4584.7001953125,4590.39990234375,116
2026-03-20 17:13:00,4585.39990234375,4589.0,4584.0,4587.5,126
2026-03-20 17:14:00,4584.0,4587.0,4583.60009765625,4585.2998046875,142
2026-03-20 17:15:00,4578.2998046875,4584.7998046875,4577.7998046875,4584.39990234375,159
2026-03-20 17:16:00,4577.7998046875,4580.39990234375,4576.7998046875,4578.10009765625,200
2026-03-20 17:17:00,4576.2001953125,4578.7001953125,4575.2998046875,4578.2001953125,380
2026-03-20 17:18:00,4578.0,4580.7001953125,4575.7001953125,4576.7001953125,177
2026-03-20 17:19:00,4576.60009765625,4580.0,4576.60009765625,4578.39990234375,93
2026-03-20 17:20:00,4578.60009765625,4579.89990234375,4576.60009765625,4577.2998046875,86
2026-03-20 17:21:00,4577.39990234375,4580.7001953125,4576.10009765625,4579.0,146
2026-03-20 17:22:00,4580.2998046875,4580.7001953125,4577.89990234375,4578.2001953125,150
2026-03-20 17:23:00,4575.7998046875,4581.89990234375,4575.7998046875,4580.2998046875,203
2026-03-20 17:24:00,4572.89990234375,4578.7998046875,4570.7001953125,4576.0,239
2026-03-20 17:25:00,4578.60009765625,4578.89990234375,4571.5,4572.7001953125,193
2026-03-20 17:26:00,4575.2001953125,4578.2998046875,4573.10009765625,4578.2998046875,292
2026-03-20 17:27:00,4572.10009765625,4575.7998046875,4572.10009765625,4575.10009765625,236
2026-03-20 17:28:00,4577.10009765625,4578.0,4571.89990234375,4572.39990234375,252
2026-03-20 17:29:00,4574.2001953125,4577.39990234375,4573.89990234375,4577.39990234375,636
2026-03-20 17:30:00,4575.39990234375,4576.7998046875,4572.2001953125,4574.60009765625,226
2026-03-20 17:31:00,4569.60009765625,4576.2001953125,4565.39990234375,4575.5,735
2026-03-20 17:32:00,4564.0,4569.39990234375,4563.89990234375,4569.39990234375,233
2026-03-20 17:33:00,4563.10009765625,4566.2001953125,4562.5,4564.10009765625,479
2026-03-20 17:34:00,4564.10009765625,4565.10009765625,4561.2998046875,4563.39990234375,208
2026-03-20 17:35:00,4561.5,4568.0,4560.7001953125,4564.10009765625,128
2026-03-20 17:36:00,4559.7001953125,4561.7998046875,4556.7001953125,4560.60009765625,404
2026-03-20 17:37:00,4563.39990234375,4563.7001953125,4558.5,4559.39990234375,375
2026-03-20 17:38:00,4565.0,4567.2998046875,4562.2001953125,4562.7001953125,171
2026-03-20 17:39:00,4564.2998046875,4567.7001953125,4564.2998046875,4565.0,315
2026-03-20 17:40:00,4564.7998046875,4565.39990234375,4561.39990234375,4564.10009765625,128
2026-03-20 17:41:00,4565.0,4565.5,4561.2998046875,4565.2001953125,87
2026-03-20 17:42:00,4565.2001953125,4568.39990234375,4565.0,4565.39990234375,90
2026-03-20 17:43:00,4566.2001953125,4567.0,4563.5,4564.39990234375,84
2026-03-20 17:44:00,4568.2001953125,4568.60009765625,4565.60009765625,4566.89990234375,86
2026-03-20 17:45:00,4566.39990234375,4571.39990234375,4566.0,4568.0,426
2026-03-20 17:46:00,4569.2998046875,4569.2998046875,4564.7998046875,4565.7998046875,338
2026-03-20 17:47:00,4567.7001953125,4570.0,4567.39990234375,4569.5,78
2026-03-20 17:48:00,4568.5,4568.7998046875,4566.2001953125,4568.2998046875,54
2026-03-20 17:49:00,4566.0,4568.7001953125,4565.10009765625,4568.0,66
2026-03-20 17:50:00,4571.0,4571.2998046875,4565.39990234375,4565.7001953125,170
2026-03-20 17:51:00,4573.7001953125,4574.5,4570.7998046875,4571.0,169
2026-03-20 17:52:00,4573.60009765625,4573.7001953125,4571.89990234375,4573.2998046875,100
2026-03-20 17:53:00,4577.7001953125,4578.10009765625,4572.7998046875,4573.7998046875,199
2026-03-20 17:54:00,4578.7998046875,4579.0,4576.7001953125,4577.7998046875,181
2026-03-20 17:55:00,4576.60009765625,4579.2998046875,4575.7001953125,4579.0,135
2026-03-20 17:56:00,4576.10009765625,4577.89990234375,4575.2998046875,4576.0,113
2026-03-20 17:57:00,4577.10009765625,4577.7001953125,4575.5,4575.5,67
2026-03-20 17:58:00,4574.89990234375,4579.5,4574.89990234375,4577.7001953125,136
2026-03-20 17:59:00,4575.89990234375,4575.89990234375,4573.7001953125,4575.39990234375,88
2026-03-20 18:00:00,4576.39990234375,4580.5,4576.10009765625,4576.10009765625,158
2026-03-20 18:01:00,4575.60009765625,4576.7998046875,4574.89990234375,4576.60009765625,91
2026-03-20 18:02:00,4579.0,4579.39990234375,4576.0,4576.2998046875,64
2026-03-20 18:03:00,4574.5,4579.2998046875,4573.2998046875,4579.2998046875,130
2026-03-20 18:04:00,4572.7001953125,4574.2001953125,4572.5,4573.10009765625,110
2026-03-20 18:05:00,4573.39990234375,4574.5,4572.60009765625,4573.60009765625,76
2026-03-20 18:06:00,4576.2001953125,4578.7998046875,4573.10009765625,4573.10009765625,79
2026-03-20 18:07:00,4577.89990234375,4578.2001953125,4575.0,4576.7001953125,69
2026-03-20 18:08:00,4573.89990234375,4578.2998046875,4573.89990234375,4577.2998046875,51
2026-03-20 18:09:00,4569.7998046875,4574.2001953125,4569.60009765625,4574.2001953125,145
2026-03-20 18:10:00,4563.89990234375,4570.60009765625,4563.7998046875,4569.7001953125,162
2026-03-20 18:11:00,4567.2001953125,4568.39990234375,4563.89990234375,4563.89990234375,90
2026-03-20 18:12:00,4573.7998046875,4574.39990234375,4567.2001953125,4567.7001953125,113
2026-03-20 18:13:00,4571.2001953125,4578.0,4570.7998046875,4574.0,208
2026-03-20 18:14:00,4565.89990234375,4571.10009765625,4565.39990234375,4571.0,149
2026-03-20 18:15:00,4564.0,4568.39990234375,4562.7998046875,4566.89990234375,95
2026-03-20 18:16:00,4563.60009765625,4565.7001953125,4562.39990234375,4563.10009765625,136
2026-03-20 18:17:00,4562.2998046875,4565.2001953125,4561.7998046875,4563.39990234375,111
2026-03-20 18:18:00,4564.39990234375,4564.7998046875,4562.7998046875,4562.7998046875,44
2026-03-20 18:19:00,4568.2998046875,4568.39990234375,4564.5,4564.5,163
2026-03-20 18:20:00,4563.89990234375,4570.39990234375,4562.2001953125,4568.0,116
2026-03-20 18:21:00,4560.5,4565.5,4560.2998046875,4562.89990234375,86
2026-03-20 18:22:00,4541.39990234375,4561.0,4538.7001953125,4560.7998046875,754
2026-03-20 18:23:00,4546.5,4547.10009765625,4538.7998046875,4542.7001953125,681
2026-03-20 18:24:00,4549.39990234375,4549.39990234375,4545.39990234375,4547.7001953125,150
2026-03-20 18:25:00,4554.60009765625,4555.0,4549.2998046875,4549.2998046875,183
2026-03-20 18:26:00,4557.89990234375,4558.5,4554.2001953125,4554.2001953125,102
2026-03-20 18:27:00,4559.39990234375,4560.7001953125,4556.2001953125,4558.39990234375,278
2026-03-20 18:28:00,4556.60009765625,4560.7001953125,4555.39990234375,4560.7001953125,156
2026-03-20 18:29:00,4557.0,4557.7998046875,4554.10009765625,4555.89990234375,85
2026-03-20 18:30:00,4554.2001953125,4559.2998046875,4553.60009765625,4556.39990234375,58
2026-03-20 18:31:00,4550.7001953125,4555.5,4550.60009765625,4553.60009765625,123
2026-03-20 18:32:00,4550.39990234375,4550.7001953125,4546.7001953125,4550.2998046875,98
2026-03-20 18:33:00,4551.5,4551.7998046875,4549.0,4549.39990234375,44
2026-03-20 18:34:00,4548.2998046875,4551.89990234375,4548.2998046875,4551.7001953125,73
2026-03-20 18:35:00,4549.10009765625,4550.2001953125,4547.0,4548.2001953125,48
2026-03-20 18:36:00,4545.89990234375,4549.5,4545.0,4548.5,193
2026-03-20 18:37:00,4543.60009765625,4547.89990234375,4543.60009765625,4546.2001953125,120
2026-03-20 18:38:00,4542.2001953125,4546.2001953125,4540.2998046875,4544.60009765625,165
2026-03-20 18:39:00,4545.89990234375,4547.2998046875,4542.0,4542.10009765625,134
2026-03-20 18:40:00,4546.0,4548.2001953125,4544.2998046875,4545.89990234375,67
2026-03-20 18:41:00,4542.2001953125,4547.60009765625,4541.7001953125,4546.60009765625,91
2026-03-20 18:42:00,4535.2998046875,4544.2001953125,4534.2001953125,4542.7998046875,436
2026-03-20 18:43:00,4529.60009765625,4536.2998046875,4528.7998046875,4535.2998046875,475
2026-03-20 18:44:00,4528.39990234375,4530.5,4526.0,4529.7998046875,249
2026-03-20 18:45:00,4529.39990234375,4531.39990234375,4526.10009765625,4528.60009765625,412
2026-03-20 18:46:00,4525.5,4530.7001953125,4524.60009765625,4528.39990234375,258
2026-03-20 18:47:00,4519.2998046875,4525.10009765625,4515.60009765625,4525.10009765625,720
2026-03-20 18:48:00,4514.7001953125,4522.0,4512.39990234375,4519.2998046875,420
2026-03-20 18:49:00,4512.89990234375,4516.0,4512.0,4514.10009765625,416
2026-03-20 18:50:00,4512.10009765625,4513.10009765625,4502.60009765625,4512.5,1310
2026-03-20 18:51:00,4516.7998046875,4520.5,4512.5,4512.5,452
2026-03-20 18:52:00,4514.7998046875,4517.2998046875,4513.5,4516.7001953125,161
2026-03-20 18:53:00,4505.7001953125,4516.5,4505.5,4514.0,384
2026-03-20 18:54:00,4504.60009765625,4508.2998046875,4503.0,4505.89990234375,613
2026-03-20 18:55:00,4487.2998046875,4505.0,4481.39990234375,4504.0,2080
2026-03-20 18:56:00,4486.89990234375,4491.7001953125,4482.10009765625,4487.7001953125,564
2026-03-20 18:57:00,4491.89990234375,4492.89990234375,4478.39990234375,4486.7998046875,395
2026-03-20 18:58:00,4495.10009765625,4497.60009765625,4490.7998046875,4492.39990234375,402
2026-03-20 18:59:00,4500.7001953125,4502.0,4494.10009765625,4495.0,453
2026-03-20 19:00:00,4508.2001953125,4512.5,4500.7998046875,4501.2998046875,661
2026-03-20 19:01:00,4513.5,4514.7998046875,4506.39990234375,4509.0,332
2026-03-20 19:02:00,4513.7998046875,4517.60009765625,4510.2998046875,4513.5,277
2026-03-20 19:03:00,4510.60009765625,4514.2998046875,4507.39990234375,4514.0,230
2026-03-20 19:04:00,4501.60009765625,4512.5,4500.2001953125,4509.89990234375,240
2026-03-20 19:05:00,4500.10009765625,4504.0,4498.2001953125,4501.0,201
2026-03-20 19:06:00,4490.2001953125,4499.0,4487.5,4499.0,361
2026-03-20 19:07:00,4498.5,4502.0,4488.89990234375,4489.39990234375,349
2026-03-20 19:08:00,4503.2998046875,4504.7998046875,4498.5,4500.2998046875,147
2026-03-20 19:09:00,4504.89990234375,4505.60009765625,4498.7998046875,4502.10009765625,104
2026-03-20 19:10:00,4501.39990234375,4505.5,4500.5,4503.7001953125,98
2026-03-20 19:11:00,4495.60009765625,4502.2998046875,4492.7001953125,4501.5,135
2026-03-20 19:12:00,4498.7998046875,4499.2998046875,4489.10009765625,4495.60009765625,154
2026-03-20 19:13:00,4502.7998046875,4503.0,4497.7001953125,4499.2998046875,168
2026-03-20 19:14:00,4501.5,4506.89990234375,4500.0,4503.2001953125,240
2026-03-20 19:15:00,4508.2001953125,4509.60009765625,4501.39990234375,4501.60009765625,99
2026-03-20 19:16:00,4503.5,4508.7001953125,4502.0,4508.10009765625,103
2026-03-20 19:17:00,4501.39990234375,4504.89990234375,4495.0,4503.0,242
2026-03-20 19:18:00,4501.2001953125,4503.7001953125,4498.2001953125,4501.0,64
2026-03-20 19:19:00,4503.60009765625,4503.7998046875,4498.10009765625,4498.7998046875,60
2026-03-20 19:20:00,4496.2001953125,4501.7998046875,4495.60009765625,4501.7998046875,135
2026-03-20 19:21:00,4492.39990234375,4499.39990234375,4491.60009765625,4496.5,109
2026-03-20 19:22:00,4494.2001953125,4498.60009765625,4490.7998046875,4491.7001953125,114
2026-03-20 19:23:00,4494.2998046875,4497.10009765625,4493.39990234375,4495.0,77
2026-03-20 19:24:00,4489.2001953125,4495.60009765625,4487.5,4493.2998046875,189
2026-03-20 19:25:00,4489.10009765625,4493.39990234375,4487.39990234375,4489.7001953125,110
2026-03-20 19:26:00,4493.7001953125,4494.7998046875,4488.0,4489.10009765625,126
2026-03-20 19:27:00,4498.2998046875,4500.2001953125,4494.5,4494.5,241
2026-03-20 19:28:00,4497.7998046875,4500.0,4496.5,4498.2001953125,94
2026-03-20 19:29:00,4500.0,4500.7001953125,4496.5,4499.5,112
2026-03-20 19:30:00,4508.5,4508.5,4500.2998046875,4500.7998046875,237
2026-03-20 19:31:00,4503.60009765625,4509.2998046875,4503.2998046875,4508.7998046875,128
2026-03-20 19:32:00,4504.60009765625,4504.60009765625,4499.2998046875,4503.5,108
2026-03-20 19:33:00,4507.5,4511.5,4503.7998046875,4505.10009765625,122
2026-03-20 19:34:00,4499.2001953125,4506.89990234375,4498.0,4506.89990234375,139
2026-03-20 19:35:00,4496.2998046875,4501.60009765625,4494.10009765625,4499.2998046875,114
2026-03-20 19:36:00,4497.7998046875,4499.0,4496.2998046875,4496.2998046875,58
2026-03-20 19:37:00,4504.60009765625,4504.7001953125,4495.2001953125,4497.7001953125,132
2026-03-20 19:38:00,4506.2998046875,4507.7001953125,4501.89990234375,4504.5,159
2026-03-20 19:39:00,4510.7001953125,4511.60009765625,4506.60009765625,4506.60009765625,141
2026-03-20 19:40:00,4510.10009765625,4512.39990234375,4508.0,4510.5,162
2026-03-20 19:41:00,4507.7001953125,4511.5,4505.5,4510.2001953125,141
2026-03-20 19:42:00,4506.2001953125,4509.60009765625,4506.2001953125,4507.60009765625,79
2026-03-20 19:43:00,4509.7001953125,4512.39990234375,4506.0,4506.10009765625,129
2026-03-20 19:44:00,4515.7998046875,4518.7001953125,4509.2998046875,4509.89990234375,234
2026-03-20 19:45:00,4511.60009765625,4516.0,4510.5,4515.7001953125,166
2026-03-20 19:46:00,4512.2998046875,4513.60009765625,4509.60009765625,4510.60009765625,88
2026-03-20 19:47:00,4516.39990234375,4516.7998046875,4510.39990234375,4511.89990234375,71
2026-03-20 19:48:00,4512.2998046875,4516.0,4511.5,4516.0,205
2026-03-20 19:49:00,4509.39990234375,4512.7998046875,4509.2998046875,4511.10009765625,87
2026-03-20 19:50:00,4511.39990234375,4512.89990234375,4507.89990234375,4510.60009765625,161
2026-03-20 19:51:00,4511.2001953125,4514.60009765625,4510.10009765625,4512.0,104
2026-03-20 19:52:00,4514.0,4514.5,4510.39990234375,4511.60009765625,96
2026-03-20 19:53:00,4514.10009765625,4516.7998046875,4510.5,4513.5,114
2026-03-20 19:54:00,4517.7998046875,4518.5,4510.7001953125,4514.7001953125,193
2026-03-20 19:55:00,4513.39990234375,4517.60009765625,4511.2001953125,4517.60009765625,193
2026-03-20 19:56:00,4503.7001953125,4515.0,4503.7001953125,4514.2001953125,259
2026-03-20 19:57:00,4507.0,4509.0,4500.10009765625,4503.0,215
2026-03-20 19:58:00,4505.89990234375,4509.10009765625,4503.0,4507.60009765625,151
2026-03-20 19:59:00,4503.7998046875,4505.89990234375,4498.89990234375,4505.89990234375,304
2026-03-20 20:00:00,4502.5,4504.60009765625,4499.60009765625,4503.5,219
2026-03-20 20:01:00,4504.60009765625,4506.10009765625,4500.0,4502.2001953125,92
2026-03-20 20:02:00,4506.0,4506.89990234375,4502.89990234375,4505.10009765625,65
2026-03-20 20:03:00,4507.2998046875,4509.2001953125,4502.2998046875,4505.89990234375,69
2026-03-20 20:04:00,4505.39990234375,4507.10009765625,4505.39990234375,4507.10009765625,104
2026-03-20 20:05:00,4499.0,4505.2001953125,4498.5,4505.0,88
2026-03-20 20:06:00,4499.60009765625,4500.0,4495.60009765625,4498.7001953125,144
2026-03-20 20:07:00,4498.7998046875,4500.7001953125,4498.2001953125,4499.89990234375,50
2026-03-20 20:08:00,4498.10009765625,4499.89990234375,4496.7001953125,4498.2998046875,71
2026-03-20 20:09:00,4504.0,4504.2998046875,4498.2998046875,4498.89990234375,111
2026-03-20 20:10:00,4505.0,4506.10009765625,4502.7001953125,4503.2998046875,62
2026-03-20 20:11:00,4506.7001953125,4507.60009765625,4504.10009765625,4505.39990234375,143
2026-03-20 20:12:00,4507.0,4507.89990234375,4506.5,4506.60009765625,75
2026-03-20 20:13:00,4505.2001953125,4507.7998046875,4504.7998046875,4506.60009765625,69
2026-03-20 20:14:00,4507.2001953125,4509.5,4504.89990234375,4504.89990234375,59
2026-03-20 20:15:00,4506.2001953125,4508.0,4506.2001953125,4507.5,19
2026-03-20 20:16:00,4507.2001953125,4507.2001953125,4503.10009765625,4505.89990234375,48
2026-03-20 20:17:00,4512.2998046875,4512.39990234375,4506.7001953125,4506.89990234375,96
2026-03-20 20:18:00,4514.2998046875,4515.7001953125,4510.0,4511.60009765625,89
2026-03-20 20:19:00,4512.2998046875,4514.10009765625,4510.2001953125,4514.10009765625,58
2026-03-20 20:20:00,4513.89990234375,4514.0,4511.7001953125,4512.2001953125,33
2026-03-20 20:21:00,4514.60009765625,4516.60009765625,4513.2001953125,4514.0,47
2026-03-20 20:22:00,4511.0,4515.7998046875,4511.0,4514.2998046875,66
2026-03-20 20:23:00,4513.2001953125,4513.2001953125,4510.0,4510.0,31
2026-03-20 20:24:00,4512.7001953125,4514.60009765625,4512.7001953125,4513.89990234375,31
2026-03-20 20:25:00,4511.7001953125,4512.2998046875,4510.2998046875,4512.2998046875,14
2026-03-20 20:26:00,4512.0,4513.0,4510.7998046875,4512.2998046875,38
2026-03-20 20:27:00,4510.7001953125,4512.10009765625,4509.89990234375,4512.0,106
2026-03-20 20:28:00,4506.89990234375,4512.2998046875,4506.89990234375,4510.39990234375,90
2026-03-20 20:29:00,4503.0,4507.0,4503.0,4507.0,84
2026-03-20 20:30:00,4503.89990234375,4506.5,4503.0,4503.2001953125,45
2026-03-20 20:31:00,4504.10009765625,4505.2001953125,4502.5,4504.60009765625,39
2026-03-20 20:32:00,4506.5,4506.60009765625,4502.7001953125,4504.0,31
2026-03-20 20:33:00,4505.0,4506.7001953125,4504.2998046875,4506.2998046875,31
2026-03-20 20:34:00,4502.7998046875,4505.7001953125,4502.2998046875,4504.60009765625,28
2026-03-20 20:35:00,4503.7998046875,4504.5,4501.7998046875,4501.7998046875,26
2026-03-20 20:36:00,4502.10009765625,4503.39990234375,4500.0,4503.39990234375,77
2026-03-20 20:37:00,4503.89990234375,4505.2998046875,4501.0,4501.7998046875,41
2026-03-20 20:38:00,4503.39990234375,4505.0,4502.60009765625,4503.5,34
2026-03-20 20:39:00,4505.10009765625,4507.0,4503.10009765625,4503.5,52
2026-03-20 20:40:00,4501.5,4506.10009765625,4501.5,4505.2001953125,49
2026-03-20 20:41:00,4501.2998046875,4504.10009765625,4499.39990234375,4503.10009765625,87
2026-03-20 20:42:00,4502.10009765625,4502.39990234375,4498.89990234375,4500.89990234375,30
2026-03-20 20:43:00,4500.89990234375,4503.2001953125,4500.2998046875,4501.60009765625,45
2026-03-20 20:44:00,4505.2998046875,4505.2998046875,4502.2001953125,4502.2001953125,63
2026-03-20 20:45:00,4501.10009765625,4506.10009765625,4500.2998046875,4505.7001953125,60
2026-03-20 20:46:00,4499.89990234375,4501.60009765625,4499.0,4500.7998046875,30
2026-03-20 20:47:00,4499.2998046875,4500.7998046875,4498.7998046875,4500.2998046875,46
2026-03-20 20:48:00,4500.10009765625,4502.0,4498.2001953125,4498.7998046875,82
2026-03-20 20:49:00,4499.89990234375,4500.10009765625,4495.2001953125,4499.0,92
2026-03-20 20:50:00,4501.2001953125,4501.7001953125,4499.5,4500.0,48
2026-03-20 20:51:00,4504.5,4505.39990234375,4501.2001953125,4501.5,73
2026-03-20 20:52:00,4503.89990234375,4506.5,4503.2998046875,4504.60009765625,60
2026-03-20 20:53:00,4503.89990234375,4504.60009765625,4501.7001953125,4503.7998046875,31
2026-03-20 20:54:00,4499.0,4503.39990234375,4498.2001953125,4502.5,69
2026-03-20 20:55:00,4500.2998046875,4502.0,4499.0,4499.0,62
2026-03-20 20:56:00,4499.2998046875,4500.7998046875,4499.2998046875,4500.7998046875,35
2026-03-20 20:57:00,4500.0,4500.7998046875,4499.0,4499.5,32
2026-03-20 20:58:00,4496.2998046875,4500.7998046875,4492.0,4499.5,179
2026-03-20 20:59:00,4492.0,4497.10009765625,4488.5,4496.60009765625,155
